solid AssimpScene
 facet normal 0 0.96590817 0.258885324
  outer loop
  vertex -0.145936891 0.0290148985 0.00449980516
  vertex -0.145936891 0.0292478781 0.00363054988
  vertex -0.146765634 0.0290148985 0.00449980516
  endloop
 endfacet

 facet normal 0 0 1
  outer loop
  vertex -0.145936891 0.0290148985 0.00449980516
  vertex -0.146765634 0.0290148985 0.00449980516
  vertex -0.15036127 0.0254163053 0.00449980516
  endloop
 endfacet

 facet normal 0 0 1
  outer loop
  vertex -0.145936891 0.0290148985 0.00449980516
  vertex -0.15036127 0.0254163053 0.00449980516
  vertex -0.15068303 0.023571359 0.00449980516
  endloop
 endfacet

 facet normal 0 0 1
  outer loop
  vertex -0.145936891 0.0290148985 0.00449980516
  vertex -0.15068303 0.023571359 0.00449980516
  vertex -0.15070571 0.0233950503 0.00449980516
  endloop
 endfacet

 facet normal 0 0 1
  outer loop
  vertex -0.145936891 0.0290148985 0.00449980516
  vertex -0.15070571 0.0233950503 0.00449980516
  vertex -0.150713742 0.0232155919 0.00449980516
  endloop
 endfacet

 facet normal 0 0 1
  outer loop
  vertex -0.145936891 0.0290148985 0.00449980516
  vertex -0.150713742 0.0232155919 0.00449980516
  vertex -0.150713742 0.00251817727 0.00449980516
  endloop
 endfacet

 facet normal 0 0 1
  outer loop
  vertex -0.145936891 0.0290148985 0.00449980516
  vertex -0.150713742 0.00251817727 0.00449980516
  vertex -0.15070571 0.00234816479 0.00449980516
  endloop
 endfacet

 facet normal 0 0 1
  outer loop
  vertex -0.145936891 0.0290148985 0.00449980516
  vertex -0.15070571 0.00234816479 0.00449980516
  vertex -0.15068303 0.00216555921 0.00449980516
  endloop
 endfacet

 facet normal 0 0 1
  outer loop
  vertex -0.145936891 0.0290148985 0.00449980516
  vertex -0.15068303 0.00216555921 0.00449980516
  vertex -0.15036127 -7.608335e-05 0.00449980516
  endloop
 endfacet

 facet normal 0 0 1
  outer loop
  vertex -0.145936891 0.0290148985 0.00449980516
  vertex -0.15036127 -7.608335e-05 0.00449980516
  vertex -0.147777706 -7.608335e-05 0.00449980516
  endloop
 endfacet

 facet normal 0 0 1
  outer loop
  vertex -0.145936891 0.0290148985 0.00449980516
  vertex -0.147777706 -7.608335e-05 0.00449980516
  vertex -0.145936891 0.0021970435 0.00449980516
  endloop
 endfacet

 facet normal 1 0 0
  outer loop
  vertex -0.145936891 0.0290148985 0.00449980516
  vertex -0.145936891 0.0021970435 0.00449980516
  vertex -0.145936891 -0.00274590566 0.00299496599
  endloop
 endfacet

 facet normal 1 0 0
  outer loop
  vertex -0.145936891 0.0290148985 0.00449980516
  vertex -0.145936891 -0.00274590566 0.00299496599
  vertex -0.145936891 -0.00274590566 -0.0257963743
  endloop
 endfacet

 facet normal 1 0 0
  outer loop
  vertex -0.145936891 0.0290148985 0.00449980516
  vertex -0.145936891 -0.00274590566 -0.0257963743
  vertex -0.145936891 0.00164607726 -0.025830647
  endloop
 endfacet

 facet normal 1 0 0
  outer loop
  vertex -0.145936891 0.0290148985 0.00449980516
  vertex -0.145936891 0.00164607726 -0.025830647
  vertex -0.145936891 0.0294084456 -0.025830647
  endloop
 endfacet

 facet normal 1 0 0
  outer loop
  vertex -0.145936891 0.0290148985 0.00449980516
  vertex -0.145936891 0.0294084456 -0.025830647
  vertex -0.145936891 0.0294178911 -0.0257963743
  endloop
 endfacet

 facet normal 1 0 0
  outer loop
  vertex -0.145936891 0.0290148985 0.00449980516
  vertex -0.145936891 0.0294178911 -0.0257963743
  vertex -0.145936891 0.0294178911 0.00299496599
  endloop
 endfacet

 facet normal 1 0 0
  outer loop
  vertex -0.145936891 0.0290148985 0.00449980516
  vertex -0.145936891 0.0294178911 0.00299496599
  vertex -0.145936891 0.0292478781 0.00363054988
  endloop
 endfacet

 facet normal 0 0.96603632 0.258406252
  outer loop
  vertex -0.145936891 0.0292478781 0.00363054988
  vertex -0.145936891 0.0294178911 0.00299496599
  vertex -0.148763791 0.0294178911 0.00299496599
  endloop
 endfacet

 facet normal -9.5053023e-05 0.96593082 0.258800775
  outer loop
  vertex -0.145936891 0.0292478781 0.00363054988
  vertex -0.148763791 0.0294178911 0.00299496599
  vertex -0.146765634 0.0290148985 0.00449980516
  endloop
 endfacet

 facet normal -0.0827057287 0.832833171 0.547310591
  outer loop
  vertex -0.146765634 0.0290148985 0.00449980516
  vertex -0.148759529 0.0290810149 0.00409789151
  vertex -0.148756221 0.0290526785 0.00414151046
  endloop
 endfacet

 facet normal -0.0957182869 0.78319025 0.614370465
  outer loop
  vertex -0.146765634 0.0290148985 0.00449980516
  vertex -0.148756221 0.0290526785 0.00414151046
  vertex -0.148753867 0.0290211942 0.00418201322
  endloop
 endfacet

 facet normal -0.102026686 0.750291944 0.65318644
  outer loop
  vertex -0.146765634 0.0290148985 0.00449980516
  vertex -0.148753867 0.0290211942 0.00418201322
  vertex -0.148892775 0.0290023051 0.00418201322
  endloop
 endfacet

 facet normal -0.102244616 0.74894309 0.65469861
  outer loop
  vertex -0.146765634 0.0290148985 0.00449980516
  vertex -0.148892775 0.0290023051 0.00418201322
  vertex -0.148887098 0.028967673 0.00422251597
  endloop
 endfacet

 facet normal -0.112085477 0.65680927 0.745679855
  outer loop
  vertex -0.146765634 0.0290148985 0.00449980516
  vertex -0.148887098 0.028967673 0.00422251597
  vertex -0.148880482 0.0289298929 0.00425678818
  endloop
 endfacet

 facet normal -0.115586445 0.588891089 0.799904406
  outer loop
  vertex -0.146765634 0.0290148985 0.00449980516
  vertex -0.148880482 0.0289298929 0.00425678818
  vertex -0.148873404 0.0288889632 0.00428794418
  endloop
 endfacet

 facet normal -0.116129264 0.518971682 0.84686625
  outer loop
  vertex -0.146765634 0.0290148985 0.00449980516
  vertex -0.148873404 0.0288889632 0.00428794418
  vertex -0.149000034 0.0288606286 0.00428794418
  endloop
 endfacet

 facet normal -0.116109714 0.517182589 0.847962797
  outer loop
  vertex -0.146765634 0.0290148985 0.00449980516
  vertex -0.149000034 0.0288606286 0.00428794418
  vertex -0.148865372 0.0288448855 0.00431598444
  endloop
 endfacet

 facet normal -0.115728937 0.503673971 0.856107116
  outer loop
  vertex -0.146765634 0.0290148985 0.00449980516
  vertex -0.148865372 0.0288448855 0.00431598444
  vertex -0.148988694 0.028816551 0.00431598444
  endloop
 endfacet

 facet normal -0.114071362 0.464745522 0.878065705
  outer loop
  vertex -0.146765634 0.0290148985 0.00449980516
  vertex -0.148988694 0.028816551 0.00431598444
  vertex -0.1489764 0.0287724733 0.00434090989
  endloop
 endfacet

 facet normal -0.108744562 0.393298745 0.912957191
  outer loop
  vertex -0.146765634 0.0290148985 0.00449980516
  vertex -0.1489764 0.0287724733 0.00434090989
  vertex -0.148964122 0.0287252478 0.00436271774
  endloop
 endfacet

 facet normal -0.102429919 0.333993733 0.936993241
  outer loop
  vertex -0.146765634 0.0290148985 0.00449980516
  vertex -0.148964122 0.0287252478 0.00436271774
  vertex -0.149077043 0.0286906157 0.00436271774
  endloop
 endfacet

 facet normal -0.0889946073 0.224063963 0.970502615
  outer loop
  vertex -0.146765634 0.0290148985 0.00449980516
  vertex -0.149077043 0.0286906157 0.00436271774
  vertex -0.149060041 0.0286433902 0.0043751807
  endloop
 endfacet

 facet normal -0.0887575001 0.22246924 0.970891178
  outer loop
  vertex -0.146765634 0.0290148985 0.00449980516
  vertex -0.149060041 0.0286433902 0.0043751807
  vertex -0.149042085 0.0285961647 0.00438764319
  endloop
 endfacet

 facet normal -0.0836197287 0.192717835 0.977684855
  outer loop
  vertex -0.146765634 0.0290148985 0.00449980516
  vertex -0.149042085 0.0285961647 0.00438764319
  vertex -0.149143666 0.028552087 0.00438764319
  endloop
 endfacet

 facet normal -0.0745888352 0.144119069 0.986745298
  outer loop
  vertex -0.146765634 0.0290148985 0.00449980516
  vertex -0.149143666 0.028552087 0.00438764319
  vertex -0.149241 0.0285017136 0.00438764319
  endloop
 endfacet

 facet normal -0.0676052123 0.109350018 0.991701603
  outer loop
  vertex -0.146765634 0.0290148985 0.00449980516
  vertex -0.149241 0.0285017136 0.00438764319
  vertex -0.149332657 0.0284450427 0.00438764319
  endloop
 endfacet

 facet normal -0.0649723858 0.0972065628 0.993141294
  outer loop
  vertex -0.146765634 0.0290148985 0.00449980516
  vertex -0.149332657 0.0284450427 0.00438764319
  vertex -0.149303362 0.028400965 0.0043938742
  endloop
 endfacet

 facet normal -0.0610261336 0.080594942 0.99487704
  outer loop
  vertex -0.146765634 0.0290148985 0.00449980516
  vertex -0.149303362 0.028400965 0.0043938742
  vertex -0.149386525 0.0283379983 0.0043938742
  endloop
 endfacet

 facet normal -0.0555413477 0.0590719059 0.996707439
  outer loop
  vertex -0.146765634 0.0290148985 0.00449980516
  vertex -0.149386525 0.0283379983 0.0043938742
  vertex -0.149463534 0.0282655861 0.0043938742
  endloop
 endfacet

 facet normal -0.0541858897 0.0541414246 0.997061968
  outer loop
  vertex -0.146765634 0.0290148985 0.00449980516
  vertex -0.149463534 0.0282655861 0.0043938742
  vertex -0.15036127 0.0254163053 0.00449980516
  endloop
 endfacet

 facet normal -0.0125493463 0.961597323 0.274177313
  outer loop
  vertex -0.146765634 0.0290148985 0.00449980516
  vertex -0.148763791 0.0294178911 0.00299496599
  vertex -0.148613527 0.0291471295 0.00395145779
  endloop
 endfacet

 facet normal -0.0211192686 0.953367352 0.301072925
  outer loop
  vertex -0.146765634 0.0290148985 0.00449980516
  vertex -0.148613527 0.0291471295 0.00395145779
  vertex -0.148613527 0.0291313883 0.0040013073
  endloop
 endfacet

 facet normal -0.0392618403 0.930929184 0.363083035
  outer loop
  vertex -0.146765634 0.0290148985 0.00449980516
  vertex -0.148613527 0.0291313883 0.0040013073
  vertex -0.148762837 0.0291250907 0.0040013073
  endloop
 endfacet

 facet normal -0.0537707023 0.907734632 0.416084945
  outer loop
  vertex -0.146765634 0.0290148985 0.00449980516
  vertex -0.148762837 0.0291250907 0.0040013073
  vertex -0.148759529 0.0290810149 0.00409789151
  endloop
 endfacet

 facet normal 0.338420898 -0.274058819 0.900201738
  outer loop
  vertex -0.145936891 0.0021970435 0.00449980516
  vertex -0.147777706 -7.608335e-05 0.00449980516
  vertex -0.145936891 -0.00274590566 0.00299496599
  endloop
 endfacet

 facet normal 0 1 0
  outer loop
  vertex -0.145936891 0.0294178911 0.00299496599
  vertex -0.145936891 0.0294178911 -0.0257963743
  vertex -0.148763791 0.0294178911 -0.0257963743
  endloop
 endfacet

 facet normal 0 1 0
  outer loop
  vertex -0.145936891 0.0294178911 0.00299496599
  vertex -0.148763791 0.0294178911 -0.0257963743
  vertex -0.148763791 0.0294178911 0.00299496599
  endloop
 endfacet

 facet normal -0.0533754639 0.998574495 0
  outer loop
  vertex -0.148763791 0.0294178911 0.00299496599
  vertex -0.148763791 0.0294178911 -0.0257963743
  vertex -0.148940489 0.0294084456 0.00249023759
  endloop
 endfacet

 facet normal -0.0540965796 0.998535633 0.000253199076
  outer loop
  vertex -0.148763791 0.0294178911 0.00299496599
  vertex -0.148940489 0.0294084456 0.00249023759
  vertex -0.148938134 0.0294084456 0.00299496599
  endloop
 endfacet

 facet normal -0.0519672893 0.959232271 0.277800202
  outer loop
  vertex -0.148763791 0.0294178911 0.00299496599
  vertex -0.148938134 0.0294084456 0.00299496599
  vertex -0.148764729 0.0291408338 0.00395145779
  endloop
 endfacet

 facet normal -0.0399717204 0.959759355 0.277964711
  outer loop
  vertex -0.148763791 0.0294178911 0.00299496599
  vertex -0.148764729 0.0291408338 0.00395145779
  vertex -0.148613527 0.0291471295 0.00395145779
  endloop
 endfacet

 facet normal -0.117580965 0.894022107 0.432318538
  outer loop
  vertex -0.148759529 0.0290810149 0.00409789151
  vertex -0.148907423 0.0290841628 0.0040511582
  vertex -0.148903161 0.029062124 0.00409789151
  endloop
 endfacet

 facet normal -0.109131038 0.829773426 0.547326684
  outer loop
  vertex -0.148759529 0.0290810149 0.00409789151
  vertex -0.148903161 0.029062124 0.00409789151
  vertex -0.148756221 0.0290526785 0.00414151046
  endloop
 endfacet

 facet normal -0.112153843 0.902551591 0.415718973
  outer loop
  vertex -0.148759529 0.0290810149 0.00409789151
  vertex -0.148762837 0.0291250907 0.0040013073
  vertex -0.148907423 0.0290841628 0.0040511582
  endloop
 endfacet

 facet normal -0.109978251 0.828023374 0.549801767
  outer loop
  vertex -0.148756221 0.0290526785 0.00414151046
  vertex -0.148903161 0.029062124 0.00409789151
  vertex -0.148898438 0.0290337894 0.00414151046
  endloop
 endfacet

 facet normal -0.103906475 0.782308996 0.614163101
  outer loop
  vertex -0.148756221 0.0290526785 0.00414151046
  vertex -0.148898438 0.0290337894 0.00414151046
  vertex -0.148753867 0.0290211942 0.00418201322
  endloop
 endfacet

 facet normal -0.105776817 0.77786988 0.619459271
  outer loop
  vertex -0.148753867 0.0290211942 0.00418201322
  vertex -0.148898438 0.0290337894 0.00414151046
  vertex -0.148892775 0.0290023051 0.00418201322
  endloop
 endfacet

 facet normal -0.174249619 0.758362889 0.628110588
  outer loop
  vertex -0.148892775 0.0290023051 0.00418201322
  vertex -0.149038777 0.0290023051 0.00414151046
  vertex -0.149029791 0.0289708208 0.00418201322
  endloop
 endfacet

 facet normal -0.169391602 0.737219989 0.654074371
  outer loop
  vertex -0.148892775 0.0290023051 0.00418201322
  vertex -0.149029791 0.0289708208 0.00418201322
  vertex -0.148887098 0.028967673 0.00422251597
  endloop
 endfacet

 facet normal -0.171851844 0.765981078 0.619467497
  outer loop
  vertex -0.148892775 0.0290023051 0.00418201322
  vertex -0.148898438 0.0290337894 0.00414151046
  vertex -0.149038777 0.0290023051 0.00414151046
  endloop
 endfacet

 facet normal -0.152849942 0.649170518 0.745127201
  outer loop
  vertex -0.148887098 0.028967673 0.00422251597
  vertex -0.149020821 0.0289361905 0.00422251597
  vertex -0.148880482 0.0289298929 0.00425678818
  endloop
 endfacet

 facet normal -0.171790108 0.729611516 0.661932945
  outer loop
  vertex -0.148887098 0.028967673 0.00422251597
  vertex -0.149029791 0.0289708208 0.00418201322
  vertex -0.149020821 0.0289361905 0.00422251597
  endloop
 endfacet

 facet normal -0.154515296 0.642331839 0.750689626
  outer loop
  vertex -0.148880482 0.0289298929 0.00425678818
  vertex -0.149020821 0.0289361905 0.00422251597
  vertex -0.149011374 0.0288984086 0.00425678818
  endloop
 endfacet

 facet normal -0.145103782 0.603207469 0.784273982
  outer loop
  vertex -0.148880482 0.0289298929 0.00425678818
  vertex -0.149011374 0.0288984086 0.00425678818
  vertex -0.149000034 0.0288606286 0.00428794418
  endloop
 endfacet

 facet normal -0.13112691 0.585994899 0.799634814
  outer loop
  vertex -0.148880482 0.0289298929 0.00425678818
  vertex -0.149000034 0.0288606286 0.00428794418
  vertex -0.148873404 0.0288889632 0.00428794418
  endloop
 endfacet

 facet normal -0.176006481 0.594314098 0.784737229
  outer loop
  vertex -0.149000034 0.0288606286 0.00428794418
  vertex -0.149011374 0.0288984086 0.00425678818
  vertex -0.149138942 0.0288606286 0.00425678818
  endloop
 endfacet

 facet normal -0.182068318 0.554878116 0.811764419
  outer loop
  vertex -0.149000034 0.0288606286 0.00428794418
  vertex -0.149138942 0.0288606286 0.00425678818
  vertex -0.149124771 0.0288196988 0.00428794418
  endloop
 endfacet

 facet normal -0.16863279 0.513931394 0.841093063
  outer loop
  vertex -0.149000034 0.0288606286 0.00428794418
  vertex -0.149124771 0.0288196988 0.00428794418
  vertex -0.149109647 0.0287787709 0.00431598444
  endloop
 endfacet

 facet normal -0.156532675 0.501150608 0.851084948
  outer loop
  vertex -0.149000034 0.0288606286 0.00428794418
  vertex -0.149109647 0.0287787709 0.00431598444
  vertex -0.148988694 0.028816551 0.00431598444
  endloop
 endfacet

 facet normal -0.117489986 0.511338353 0.851310253
  outer loop
  vertex -0.149000034 0.0288606286 0.00428794418
  vertex -0.148988694 0.028816551 0.00431598444
  vertex -0.148865372 0.0288448855 0.00431598444
  endloop
 endfacet

 facet normal -0.142672062 0.45677492 0.878066897
  outer loop
  vertex -0.148988694 0.028816551 0.00431598444
  vertex -0.149109647 0.0287787709 0.00431598444
  vertex -0.1489764 0.0287724733 0.00434090989
  endloop
 endfacet

 facet normal -0.144232541 0.445536107 0.883569241
  outer loop
  vertex -0.1489764 0.0287724733 0.00434090989
  vertex -0.149109647 0.0287787709 0.00431598444
  vertex -0.149093106 0.0287346933 0.00434090989
  endloop
 endfacet

 facet normal -0.129900247 0.401263535 0.906704783
  outer loop
  vertex -0.1489764 0.0287724733 0.00434090989
  vertex -0.149093106 0.0287346933 0.00434090989
  vertex -0.149077043 0.0286906157 0.00436271774
  endloop
 endfacet

 facet normal -0.119724274 0.390385509 0.912833631
  outer loop
  vertex -0.1489764 0.0287724733 0.00434090989
  vertex -0.149077043 0.0286906157 0.00436271774
  vertex -0.148964122 0.0287252478 0.00436271774
  endloop
 endfacet

 facet normal -0.162209138 0.37651825 0.912097692
  outer loop
  vertex -0.149077043 0.0286906157 0.00436271774
  vertex -0.149206981 0.0286874678 0.00434090989
  vertex -0.149186656 0.0286433902 0.00436271774
  endloop
 endfacet

 facet normal -0.0977271125 0.226843223 0.969015777
  outer loop
  vertex -0.149077043 0.0286906157 0.00436271774
  vertex -0.149186656 0.0286433902 0.00436271774
  vertex -0.149165407 0.0285993125 0.0043751807
  endloop
 endfacet

 facet normal -0.0931086168 0.222570941 0.970460176
  outer loop
  vertex -0.149077043 0.0286906157 0.00436271774
  vertex -0.149165407 0.0285993125 0.0043751807
  vertex -0.149060041 0.0286433902 0.0043751807
  endloop
 endfacet

 facet normal -0.161615118 0.389681637 0.906658053
  outer loop
  vertex -0.149077043 0.0286906157 0.00436271774
  vertex -0.149093106 0.0287346933 0.00434090989
  vertex -0.149206981 0.0286874678 0.00434090989
  endloop
 endfacet

 facet normal -0.0924726725 0.221050784 0.970868349
  outer loop
  vertex -0.149060041 0.0286433902 0.0043751807
  vertex -0.149165407 0.0285993125 0.0043751807
  vertex -0.149042085 0.0285961647 0.00438764319
  endloop
 endfacet

 facet normal -0.0928134024 0.213906467 0.972435057
  outer loop
  vertex -0.149042085 0.0285961647 0.00438764319
  vertex -0.149165407 0.0285993125 0.0043751807
  vertex -0.149143666 0.028552087 0.00438764319
  endloop
 endfacet

 facet normal -0.10726025 0.207246125 0.972391009
  outer loop
  vertex -0.149143666 0.028552087 0.00438764319
  vertex -0.149165407 0.0285993125 0.0043751807
  vertex -0.149241 0.0285017136 0.00438764319
  endloop
 endfacet

 facet normal -0.111276343 0.210217699 0.971301258
  outer loop
  vertex -0.149241 0.0285017136 0.00438764319
  vertex -0.149165407 0.0285993125 0.0043751807
  vertex -0.149266511 0.0285457913 0.0043751807
  endloop
 endfacet

 facet normal -0.125042483 0.202253655 0.97131753
  outer loop
  vertex -0.149241 0.0285017136 0.00438764319
  vertex -0.149266511 0.0285457913 0.0043751807
  vertex -0.149332657 0.0284450427 0.00438764319
  endloop
 endfacet

 facet normal -0.143607944 0.180251926 0.973080635
  outer loop
  vertex -0.149332657 0.0284450427 0.00438764319
  vertex -0.149452671 0.0284167081 0.0043751807
  vertex -0.149419606 0.0283757783 0.00438764319
  endloop
 endfacet

 facet normal -0.0768143013 0.0964147598 0.992372751
  outer loop
  vertex -0.149332657 0.0284450427 0.00438764319
  vertex -0.149419606 0.0283757783 0.00438764319
  vertex -0.149386525 0.0283379983 0.0043938742
  endloop
 endfacet

 facet normal -0.0707128197 0.0933877826 0.993115544
  outer loop
  vertex -0.149332657 0.0284450427 0.00438764319
  vertex -0.149386525 0.0283379983 0.0043938742
  vertex -0.149303362 0.028400965 0.0043938742
  endloop
 endfacet

 facet normal -0.126102179 0.2029154 0.971042573
  outer loop
  vertex -0.149332657 0.0284450427 0.00438764319
  vertex -0.149266511 0.0285457913 0.0043751807
  vertex -0.14929156 0.0285898671 0.00436271774
  endloop
 endfacet

 facet normal -0.128550842 0.20353286 0.970592141
  outer loop
  vertex -0.149332657 0.0284450427 0.00438764319
  vertex -0.14929156 0.0285898671 0.00436271774
  vertex -0.149391249 0.0285269003 0.00436271774
  endloop
 endfacet

 facet normal -0.145922452 0.191119879 0.970659435
  outer loop
  vertex -0.149332657 0.0284450427 0.00438764319
  vertex -0.149391249 0.0285269003 0.00436271774
  vertex -0.149452671 0.0284167081 0.0043751807
  endloop
 endfacet

 facet normal -0.0824633986 0.0914718211 0.992387414
  outer loop
  vertex -0.149386525 0.0283379983 0.0043938742
  vertex -0.149419606 0.0283757783 0.00438764319
  vertex -0.149499923 0.0283033662 0.00438764319
  endloop
 endfacet

 facet normal -0.0808109045 0.0859477445 0.993017018
  outer loop
  vertex -0.149386525 0.0283379983 0.0043938742
  vertex -0.149499923 0.0283033662 0.00438764319
  vertex -0.149463534 0.0282655861 0.0043938742
  endloop
 endfacet

 facet normal -0.085866861 0.0810765773 0.993002295
  outer loop
  vertex -0.149463534 0.0282655861 0.0043938742
  vertex -0.149499923 0.0283033662 0.00438764319
  vertex -0.149534881 0.0281900242 0.0043938742
  endloop
 endfacet

 facet normal -0.0588994212 0.0556135736 0.996713698
  outer loop
  vertex -0.149463534 0.0282655861 0.0043938742
  vertex -0.149534881 0.0281900242 0.0043938742
  vertex -0.15036127 0.0254163053 0.00449980516
  endloop
 endfacet

 facet normal -0.0849814117 0.0632947609 0.994370162
  outer loop
  vertex -0.15036127 0.0254163053 0.00449980516
  vertex -0.149534881 0.0281900242 0.0043938742
  vertex -0.149598196 0.0281050187 0.0043938742
  endloop
 endfacet

 facet normal -0.0954427049 0.0662188008 0.993229985
  outer loop
  vertex -0.15036127 0.0254163053 0.00449980516
  vertex -0.149598196 0.0281050187 0.0043938742
  vertex -0.149641201 0.0281365011 0.00438764319
  endloop
 endfacet

 facet normal -0.114889704 0.0712672621 0.990818501
  outer loop
  vertex -0.15036127 0.0254163053 0.00449980516
  vertex -0.149641201 0.0281365011 0.00438764319
  vertex -0.149699777 0.0280420501 0.00438764319
  endloop
 endfacet

 facet normal -0.148603171 0.079541482 0.985692739
  outer loop
  vertex -0.15036127 0.0254163053 0.00449980516
  vertex -0.149699777 0.0280420501 0.00438764319
  vertex -0.149750337 0.0279475991 0.00438764319
  endloop
 endfacet

 facet normal -0.221880585 0.0965441689 0.970282555
  outer loop
  vertex -0.15036127 0.0254163053 0.00449980516
  vertex -0.149750337 0.0279475991 0.00438764319
  vertex -0.149841532 0.027988527 0.00436271774
  endloop
 endfacet

 facet normal -0.245201439 0.100932352 0.964203775
  outer loop
  vertex -0.15036127 0.0254163053 0.00449980516
  vertex -0.149841532 0.027988527 0.00436271774
  vertex -0.149886891 0.0278783347 0.00436271774
  endloop
 endfacet

 facet normal -0.386973917 0.12542671 0.913520336
  outer loop
  vertex -0.15036127 0.0254163053 0.00449980516
  vertex -0.149886891 0.0278783347 0.00436271774
  vertex -0.14993225 0.0278972257 0.00434090989
  endloop
 endfacet

 facet normal -0.395073146 0.126594469 0.909885168
  outer loop
  vertex -0.15036127 0.0254163053 0.00449980516
  vertex -0.14993225 0.0278972257 0.00434090989
  vertex -0.149969578 0.0277807359 0.00434090989
  endloop
 endfacet

 facet normal -0.462817967 0.135541931 0.876029611
  outer loop
  vertex -0.15036127 0.0254163053 0.00449980516
  vertex -0.149969578 0.0277807359 0.00434090989
  vertex -0.150013983 0.0277901813 0.00431598444
  endloop
 endfacet

 facet normal -0.515586436 0.140872568 0.845177889
  outer loop
  vertex -0.15036127 0.0254163053 0.00449980516
  vertex -0.150013983 0.0277901813 0.00431598444
  vertex -0.150056511 0.0278027728 0.00428794418
  endloop
 endfacet

 facet normal -0.584830046 0.145526379 0.797994971
  outer loop
  vertex -0.15036127 0.0254163053 0.00449980516
  vertex -0.150056511 0.0278027728 0.00428794418
  vertex -0.15009667 0.0278122183 0.00425678818
  endloop
 endfacet

 facet normal -0.637042522 0.147100151 0.756662726
  outer loop
  vertex -0.15036127 0.0254163053 0.00449980516
  vertex -0.15009667 0.0278122183 0.00425678818
  vertex -0.150134474 0.0278248135 0.00422251597
  endloop
 endfacet

 facet normal -0.678248763 0.14676252 0.720027387
  outer loop
  vertex -0.15036127 0.0254163053 0.00449980516
  vertex -0.150134474 0.0278248135 0.00422251597
  vertex -0.15016377 0.0276894327 0.00422251597
  endloop
 endfacet

 facet normal -0.737798095 0.144536585 0.659365773
  outer loop
  vertex -0.15036127 0.0254163053 0.00449980516
  vertex -0.15016377 0.0276894327 0.00422251597
  vertex -0.150198728 0.0276957285 0.00418201322
  endloop
 endfacet

 facet normal -0.769129276 0.141725808 0.623180509
  outer loop
  vertex -0.15036127 0.0254163053 0.00449980516
  vertex -0.150198728 0.0276957285 0.00418201322
  vertex -0.150230393 0.0277020261 0.00414151046
  endloop
 endfacet

 facet normal -0.793329239 0.13835898 0.592862129
  outer loop
  vertex -0.15036127 0.0254163053 0.00449980516
  vertex -0.150230393 0.0277020261 0.00414151046
  vertex -0.15068303 0.023571359 0.00449980516
  endloop
 endfacet

 facet normal -0.0396830849 0.952828944 0.300902873
  outer loop
  vertex -0.148613527 0.0291471295 0.00395145779
  vertex -0.148764729 0.0291408338 0.00395145779
  vertex -0.148613527 0.0291313883 0.0040013073
  endloop
 endfacet

 facet normal -0.0401661955 0.952372074 0.302281588
  outer loop
  vertex -0.148613527 0.0291313883 0.0040013073
  vertex -0.148764729 0.0291408338 0.00395145779
  vertex -0.148762837 0.0291250907 0.0040013073
  endloop
 endfacet

 facet normal -0.140290946 0.941438437 0.306613982
  outer loop
  vertex -0.148762837 0.0291250907 0.0040013073
  vertex -0.148914039 0.0291187949 0.00395145779
  vertex -0.148910731 0.0291030537 0.0040013073
  endloop
 endfacet

 facet normal -0.137568384 0.92316848 0.358936071
  outer loop
  vertex -0.148762837 0.0291250907 0.0040013073
  vertex -0.148910731 0.0291030537 0.0040013073
  vertex -0.148907423 0.0290841628 0.0040511582
  endloop
 endfacet

 facet normal -0.139156431 0.942774653 0.303004205
  outer loop
  vertex -0.148762837 0.0291250907 0.0040013073
  vertex -0.148764729 0.0291408338 0.00395145779
  vertex -0.148914039 0.0291187949 0.00395145779
  endloop
 endfacet

 facet normal 0 -0.49102059 0.87114805
  outer loop
  vertex -0.147777706 -7.608335e-05 0.00449980516
  vertex -0.15036127 -7.608335e-05 0.00449980516
  vertex -0.150763825 -0.00274590566 0.00299496599
  endloop
 endfacet

 facet normal 0 -0.49102059 0.87114805
  outer loop
  vertex -0.147777706 -7.608335e-05 0.00449980516
  vertex -0.150763825 -0.00274590566 0.00299496599
  vertex -0.145936891 -0.00274590566 0.00299496599
  endloop
 endfacet

 facet normal 0 -1 0
  outer loop
  vertex -0.145936891 -0.00274590566 0.00299496599
  vertex -0.150763825 -0.00274590566 0.00299496599
  vertex -0.150763825 -0.00274590566 -0.0257963743
  endloop
 endfacet

 facet normal 0 -1 0
  outer loop
  vertex -0.145936891 -0.00274590566 0.00299496599
  vertex -0.150763825 -0.00274590566 -0.0257963743
  vertex -0.145936891 -0.00274590566 -0.0257963743
  endloop
 endfacet

 facet normal 0.998933911 0.0445051789 -0.0122657185
  outer loop
  vertex -0.145936891 0.0294178911 -0.0257963743
  vertex -0.145936891 0.0294084456 -0.025830647
  vertex -0.145937353 0.0290369373 -0.027217092
  endloop
 endfacet

 facet normal 0.0358919129 0.965254009 -0.258836925
  outer loop
  vertex -0.145936891 0.0294178911 -0.0257963743
  vertex -0.145937353 0.0290369373 -0.027217092
  vertex -0.148468956 0.0291093495 -0.0272980966
  endloop
 endfacet

 facet normal 0.0336242542 0.966296196 -0.255227536
  outer loop
  vertex -0.145936891 0.0294178911 -0.0257963743
  vertex -0.148468956 0.0291093495 -0.0272980966
  vertex -0.148649916 0.0291156471 -0.0272980966
  endloop
 endfacet

 facet normal 0 0.980341434 -0.197308391
  outer loop
  vertex -0.145936891 0.0294178911 -0.0257963743
  vertex -0.148649916 0.0291156471 -0.0272980966
  vertex -0.148763791 0.0294178911 -0.0257963743
  endloop
 endfacet

 facet normal -0.0540965907 0.998535752 -4.51792675e-06
  outer loop
  vertex -0.148763791 0.0294178911 -0.0257963743
  vertex -0.148938134 0.0294084456 -0.0257963743
  vertex -0.148940489 0.0294084456 0.00249023759
  endloop
 endfacet

 facet normal -0.0529937446 0.978179097 -0.200891495
  outer loop
  vertex -0.148763791 0.0294178911 -0.0257963743
  vertex -0.148649916 0.0291156471 -0.0272980966
  vertex -0.148938134 0.0294084456 -0.0257963743
  endloop
 endfacet

 facet normal -0.12642388 0.991976261 -1.05584086e-05
  outer loop
  vertex -0.148940489 0.0294084456 0.00249023759
  vertex -0.148938134 0.0294084456 -0.0257963743
  vertex -0.149111062 0.0293864068 -0.0257963743
  endloop
 endfacet

 facet normal -0.12642388 0.991976261 -1.05584086e-05
  outer loop
  vertex -0.148940489 0.0294084456 0.00249023759
  vertex -0.149111062 0.0293864068 -0.0257963743
  vertex -0.149113432 0.0293864068 0.00249023759
  endloop
 endfacet

 facet normal -0.126423895 0.991976202 0.000591727148
  outer loop
  vertex -0.148940489 0.0294084456 0.00249023759
  vertex -0.149113432 0.0293864068 0.00249023759
  vertex -0.149111062 0.0293864068 0.00299496599
  endloop
 endfacet

 facet normal -0.126423895 0.991976202 0.000591727148
  outer loop
  vertex -0.148940489 0.0294084456 0.00249023759
  vertex -0.149111062 0.0293864068 0.00299496599
  vertex -0.148938134 0.0294084456 0.00299496599
  endloop
 endfacet

 facet normal -0.121076815 0.95002073 0.287751883
  outer loop
  vertex -0.148938134 0.0294084456 0.00299496599
  vertex -0.149111062 0.0293864068 0.00299496599
  vertex -0.148764729 0.0291408338 0.00395145779
  endloop
 endfacet

 facet normal -0.139596283 0.945754588 0.29336223
  outer loop
  vertex -0.148764729 0.0291408338 0.00395145779
  vertex -0.149111062 0.0293864068 0.00299496599
  vertex -0.148914039 0.0291187949 0.00395145779
  endloop
 endfacet

 facet normal -0.198207006 0.910185039 0.363699436
  outer loop
  vertex -0.148907423 0.0290841628 0.0040511582
  vertex -0.149056733 0.0290715694 0.0040013073
  vertex -0.149052009 0.0290526785 0.0040511582
  endloop
 endfacet

 facet normal -0.191813037 0.880823314 0.432848871
  outer loop
  vertex -0.148907423 0.0290841628 0.0040511582
  vertex -0.149052009 0.0290526785 0.0040511582
  vertex -0.148903161 0.029062124 0.00409789151
  endloop
 endfacet

 facet normal -0.196760982 0.912441134 0.358798504
  outer loop
  vertex -0.148907423 0.0290841628 0.0040511582
  vertex -0.148910731 0.0291030537 0.0040013073
  vertex -0.149056733 0.0290715694 0.0040013073
  endloop
 endfacet

 facet normal -0.206685588 0.848770738 0.486692309
  outer loop
  vertex -0.148903161 0.029062124 0.00409789151
  vertex -0.149052009 0.0290526785 0.0040511582
  vertex -0.149045393 0.0290274918 0.00409789151
  endloop
 endfacet

 facet normal -0.20315735 0.834281683 0.512543857
  outer loop
  vertex -0.148903161 0.029062124 0.00409789151
  vertex -0.149045393 0.0290274918 0.00409789151
  vertex -0.149038777 0.0290023051 0.00414151046
  endloop
 endfacet

 facet normal -0.182911873 0.815278053 0.549422503
  outer loop
  vertex -0.148903161 0.029062124 0.00409789151
  vertex -0.149038777 0.0290023051 0.00414151046
  vertex -0.148898438 0.0290337894 0.00414151046
  endloop
 endfacet

 facet normal -0.253854096 0.786424041 0.563112259
  outer loop
  vertex -0.149038777 0.0290023051 0.00414151046
  vertex -0.149184301 0.028986562 0.00409789151
  vertex -0.149175316 0.0289582275 0.00414151046
  endloop
 endfacet

 facet normal -0.245542616 0.760675609 0.60090059
  outer loop
  vertex -0.149038777 0.0290023051 0.00414151046
  vertex -0.149175316 0.0289582275 0.00414151046
  vertex -0.149163976 0.0289298929 0.00418201322
  endloop
 endfacet

 facet normal -0.226908326 0.743925512 0.628559828
  outer loop
  vertex -0.149038777 0.0290023051 0.00414151046
  vertex -0.149163976 0.0289298929 0.00418201322
  vertex -0.149029791 0.0289708208 0.00418201322
  endloop
 endfacet

 facet normal -0.242699355 0.823713541 0.512438297
  outer loop
  vertex -0.149038777 0.0290023051 0.00414151046
  vertex -0.149045393 0.0290274918 0.00409789151
  vertex -0.149184301 0.028986562 0.00409789151
  endloop
 endfacet

 facet normal -0.218743801 0.717157841 0.661691606
  outer loop
  vertex -0.149029791 0.0289708208 0.00418201322
  vertex -0.149163976 0.0289298929 0.00418201322
  vertex -0.149020821 0.0289361905 0.00422251597
  endloop
 endfacet

 facet normal -0.221122265 0.707086921 0.671664417
  outer loop
  vertex -0.149020821 0.0289361905 0.00422251597
  vertex -0.149163976 0.0289298929 0.00418201322
  vertex -0.149151698 0.0288952608 0.00422251597
  endloop
 endfacet

 facet normal -0.20323354 0.649883747 0.732357383
  outer loop
  vertex -0.149020821 0.0289361905 0.00422251597
  vertex -0.149151698 0.0288952608 0.00422251597
  vertex -0.149138942 0.0288606286 0.00425678818
  endloop
 endfacet

 facet normal -0.187692255 0.633773029 0.750402153
  outer loop
  vertex -0.149020821 0.0289361905 0.00422251597
  vertex -0.149138942 0.0288606286 0.00425678818
  vertex -0.149011374 0.0288984086 0.00425678818
  endloop
 endfacet

 facet normal -0.263398051 0.627809286 0.732445896
  outer loop
  vertex -0.149138942 0.0288606286 0.00425678818
  vertex -0.149151698 0.0288952608 0.00422251597
  vertex -0.149279267 0.0288417377 0.00422251597
  endloop
 endfacet

 facet normal -0.264565766 0.609572053 0.747279644
  outer loop
  vertex -0.149138942 0.0288606286 0.00425678818
  vertex -0.149279267 0.0288417377 0.00422251597
  vertex -0.149262264 0.0288071055 0.00425678818
  endloop
 endfacet

 facet normal -0.239295885 0.551349044 0.799219489
  outer loop
  vertex -0.149138942 0.0288606286 0.00425678818
  vertex -0.149262264 0.0288071055 0.00425678818
  vertex -0.149245247 0.0287693255 0.00428794418
  endloop
 endfacet

 facet normal -0.225537866 0.539437771 0.811258078
  outer loop
  vertex -0.149138942 0.0288606286 0.00425678818
  vertex -0.149245247 0.0287693255 0.00428794418
  vertex -0.149124771 0.0288196988 0.00428794418
  endloop
 endfacet

 facet normal -0.21366474 0.511039853 0.832577705
  outer loop
  vertex -0.149124771 0.0288196988 0.00428794418
  vertex -0.149245247 0.0287693255 0.00428794418
  vertex -0.149226353 0.0287315454 0.00431598444
  endloop
 endfacet

 facet normal -0.202865824 0.501320481 0.841144025
  outer loop
  vertex -0.149124771 0.0288196988 0.00428794418
  vertex -0.149226353 0.0287315454 0.00431598444
  vertex -0.149109647 0.0287787709 0.00431598444
  endloop
 endfacet

 facet normal -0.175566763 0.433859229 0.88370955
  outer loop
  vertex -0.149109647 0.0287787709 0.00431598444
  vertex -0.149226353 0.0287315454 0.00431598444
  vertex -0.149093106 0.0287346933 0.00434090989
  endloop
 endfacet

 facet normal -0.176155984 0.424742103 0.888010919
  outer loop
  vertex -0.149093106 0.0287346933 0.00434090989
  vertex -0.149226353 0.0287315454 0.00431598444
  vertex -0.149206981 0.0286874678 0.00434090989
  endloop
 endfacet

 facet normal -0.193151802 0.370393634 0.908570886
  outer loop
  vertex -0.149206981 0.0286874678 0.00434090989
  vertex -0.149315655 0.0286307968 0.00434090989
  vertex -0.14929156 0.0285898671 0.00436271774
  endloop
 endfacet

 facet normal -0.186412483 0.365325183 0.912024021
  outer loop
  vertex -0.149206981 0.0286874678 0.00434090989
  vertex -0.14929156 0.0285898671 0.00436271774
  vertex -0.149186656 0.0286433902 0.00436271774
  endloop
 endfacet

 facet normal -0.212949723 0.408358693 0.887634873
  outer loop
  vertex -0.149206981 0.0286874678 0.00434090989
  vertex -0.149226353 0.0287315454 0.00431598444
  vertex -0.149315655 0.0286307968 0.00434090989
  endloop
 endfacet

 facet normal -0.11219462 0.219875425 0.969054818
  outer loop
  vertex -0.149186656 0.0286433902 0.00436271774
  vertex -0.14929156 0.0285898671 0.00436271774
  vertex -0.149165407 0.0285993125 0.0043751807
  endloop
 endfacet

 facet normal -0.111734509 0.211083263 0.971060932
  outer loop
  vertex -0.149165407 0.0285993125 0.0043751807
  vertex -0.14929156 0.0285898671 0.00436271774
  vertex -0.149266511 0.0285457913 0.0043751807
  endloop
 endfacet

 facet normal -0.150610283 0.193596393 0.969451845
  outer loop
  vertex -0.149452671 0.0284167081 0.0043751807
  vertex -0.149391249 0.0285269003 0.00436271774
  vertex -0.149484336 0.0284544881 0.00436271774
  endloop
 endfacet

 facet normal -0.163624048 0.182694241 0.96945858
  outer loop
  vertex -0.149452671 0.0284167081 0.0043751807
  vertex -0.149484336 0.0284544881 0.00436271774
  vertex -0.149572209 0.0283757783 0.00436271774
  endloop
 endfacet

 facet normal -0.160820708 0.173870414 0.9715482
  outer loop
  vertex -0.149452671 0.0284167081 0.0043751807
  vertex -0.149572209 0.0283757783 0.00436271774
  vertex -0.149499923 0.0283033662 0.00438764319
  endloop
 endfacet

 facet normal -0.154525995 0.171406671 0.973006427
  outer loop
  vertex -0.149452671 0.0284167081 0.0043751807
  vertex -0.149499923 0.0283033662 0.00438764319
  vertex -0.149419606 0.0283757783 0.00438764319
  endloop
 endfacet

 facet normal -0.22291635 0.35294047 0.908703208
  outer loop
  vertex -0.14929156 0.0285898671 0.00436271774
  vertex -0.149315655 0.0286307968 0.00434090989
  vertex -0.149391249 0.0285269003 0.00436271774
  endloop
 endfacet

 facet normal -0.22897315 0.356720626 0.905716121
  outer loop
  vertex -0.149391249 0.0285269003 0.00436271774
  vertex -0.149315655 0.0286307968 0.00434090989
  vertex -0.149418652 0.0285646822 0.00434090989
  endloop
 endfacet

 facet normal -0.25349319 0.339077175 0.905962408
  outer loop
  vertex -0.149391249 0.0285269003 0.00436271774
  vertex -0.149418652 0.0285646822 0.00434090989
  vertex -0.14951551 0.0284922682 0.00434090989
  endloop
 endfacet

 facet normal -0.249808058 0.321106434 0.913502395
  outer loop
  vertex -0.149391249 0.0285269003 0.00436271774
  vertex -0.14951551 0.0284922682 0.00434090989
  vertex -0.149484336 0.0284544881 0.00436271774
  endloop
 endfacet

 facet normal -0.171233386 0.156162009 0.972775698
  outer loop
  vertex -0.149499923 0.0283033662 0.00438764319
  vertex -0.149613798 0.0282561406 0.0043751807
  vertex -0.149574578 0.0282215085 0.00438764319
  endloop
 endfacet

 facet normal -0.090405494 0.0824483186 0.992486358
  outer loop
  vertex -0.149499923 0.0283033662 0.00438764319
  vertex -0.149574578 0.0282215085 0.00438764319
  vertex -0.149534881 0.0281900242 0.0043938742
  endloop
 endfacet

 facet normal -0.173284024 0.161429375 0.971552014
  outer loop
  vertex -0.149499923 0.0283033662 0.00438764319
  vertex -0.149572209 0.0283757783 0.00436271774
  vertex -0.149613798 0.0282561406 0.0043751807
  endloop
 endfacet

 facet normal -0.093136698 0.0693688765 0.993233979
  outer loop
  vertex -0.149534881 0.0281900242 0.0043938742
  vertex -0.149641201 0.0281365011 0.00438764319
  vertex -0.149598196 0.0281050187 0.0043938742
  endloop
 endfacet

 facet normal -0.0960811824 0.0753003284 0.992521226
  outer loop
  vertex -0.149534881 0.0281900242 0.0043938742
  vertex -0.149574578 0.0282215085 0.00438764319
  vertex -0.149641201 0.0281365011 0.00438764319
  endloop
 endfacet

 facet normal -0.182680458 0.143169522 0.97269237
  outer loop
  vertex -0.149641201 0.0281365011 0.00438764319
  vertex -0.149574578 0.0282215085 0.00438764319
  vertex -0.149613798 0.0282561406 0.0043751807
  endloop
 endfacet

 facet normal -0.192039758 0.145095587 0.970601916
  outer loop
  vertex -0.149641201 0.0281365011 0.00438764319
  vertex -0.149613798 0.0282561406 0.0043751807
  vertex -0.149682775 0.0281648375 0.0043751807
  endloop
 endfacet

 facet normal -0.201594442 0.131099343 0.970655859
  outer loop
  vertex -0.149641201 0.0281365011 0.00438764319
  vertex -0.149682775 0.0281648375 0.0043751807
  vertex -0.149744198 0.0280703865 0.0043751807
  endloop
 endfacet

 facet normal -0.195642546 0.12135908 0.97313714
  outer loop
  vertex -0.149641201 0.0281365011 0.00438764319
  vertex -0.149744198 0.0280703865 0.0043751807
  vertex -0.149699777 0.0280420501 0.00438764319
  endloop
 endfacet

 facet normal -0.203525037 0.108939014 0.972990155
  outer loop
  vertex -0.149699777 0.0280420501 0.00438764319
  vertex -0.149744198 0.0280703865 0.0043751807
  vertex -0.149750337 0.0279475991 0.00438764319
  endloop
 endfacet

 facet normal -0.216144308 0.109289706 0.970225453
  outer loop
  vertex -0.149750337 0.0279475991 0.00438764319
  vertex -0.149744198 0.0280703865 0.0043751807
  vertex -0.149841532 0.027988527 0.00436271774
  endloop
 endfacet

 facet normal -0.221335992 0.115755484 0.968303204
  outer loop
  vertex -0.149841532 0.027988527 0.00436271774
  vertex -0.149744198 0.0280703865 0.0043751807
  vertex -0.149787188 0.0280924235 0.00436271774
  endloop
 endfacet

 facet normal -0.356836885 0.186620459 0.915336132
  outer loop
  vertex -0.149841532 0.027988527 0.00436271774
  vertex -0.149787188 0.0280924235 0.00436271774
  vertex -0.149885952 0.0280105677 0.00434090989
  endloop
 endfacet

 facet normal -0.373074651 0.153568849 0.915003777
  outer loop
  vertex -0.149841532 0.027988527 0.00436271774
  vertex -0.149885952 0.0280105677 0.00434090989
  vertex -0.149886891 0.0278783347 0.00436271774
  endloop
 endfacet

 facet normal -0.375551462 0.153423369 0.914014459
  outer loop
  vertex -0.149886891 0.0278783347 0.00436271774
  vertex -0.149885952 0.0280105677 0.00434090989
  vertex -0.14993225 0.0278972257 0.00434090989
  endloop
 endfacet

 facet normal -0.436389774 0.178277537 0.881919026
  outer loop
  vertex -0.14993225 0.0278972257 0.00434090989
  vertex -0.149885952 0.0280105677 0.00434090989
  vertex -0.149976194 0.0279129669 0.00431598444
  endloop
 endfacet

 facet normal -0.448781908 0.14380452 0.881994963
  outer loop
  vertex -0.14993225 0.0278972257 0.00434090989
  vertex -0.149976194 0.0279129669 0.00431598444
  vertex -0.149969578 0.0277807359 0.00434090989
  endloop
 endfacet

 facet normal -0.46131295 0.142009705 0.875798881
  outer loop
  vertex -0.149969578 0.0277807359 0.00434090989
  vertex -0.149976194 0.0279129669 0.00431598444
  vertex -0.150013983 0.0277901813 0.00431598444
  endloop
 endfacet

 facet normal -0.510580182 0.157176048 0.845342338
  outer loop
  vertex -0.150013983 0.0277901813 0.00431598444
  vertex -0.149976194 0.0279129669 0.00431598444
  vertex -0.150017768 0.02792871 0.00428794418
  endloop
 endfacet

 facet normal -0.51079452 0.157145187 0.845218599
  outer loop
  vertex -0.150013983 0.0277901813 0.00431598444
  vertex -0.150017768 0.02792871 0.00428794418
  vertex -0.150056511 0.0278027728 0.00428794418
  endloop
 endfacet

 facet normal -0.576825857 0.177459598 0.797358215
  outer loop
  vertex -0.150056511 0.0278027728 0.00428794418
  vertex -0.150017768 0.02792871 0.00428794418
  vertex -0.15009667 0.0278122183 0.00425678818
  endloop
 endfacet

 facet normal -0.583527684 0.183687299 0.791046381
  outer loop
  vertex -0.15009667 0.0278122183 0.00425678818
  vertex -0.150017768 0.02792871 0.00428794418
  vertex -0.150056034 0.0279413033 0.00425678818
  endloop
 endfacet

 facet normal -0.622082591 0.195823893 0.758067489
  outer loop
  vertex -0.15009667 0.0278122183 0.00425678818
  vertex -0.150056034 0.0279413033 0.00425678818
  vertex -0.150134474 0.0278248135 0.00422251597
  endloop
 endfacet

 facet normal -0.736966193 0.160867855 0.656507671
  outer loop
  vertex -0.150134474 0.0278248135 0.00422251597
  vertex -0.150168493 0.027834259 0.00418201322
  vertex -0.150198728 0.0276957285 0.00418201322
  endloop
 endfacet

 facet normal -0.734973729 0.159036905 0.659181952
  outer loop
  vertex -0.150134474 0.0278248135 0.00422251597
  vertex -0.150198728 0.0276957285 0.00418201322
  vertex -0.15016377 0.0276894327 0.00422251597
  endloop
 endfacet

 facet normal -0.632269025 0.205978006 0.746866107
  outer loop
  vertex -0.150134474 0.0278248135 0.00422251597
  vertex -0.150056034 0.0279413033 0.00425678818
  vertex -0.150092423 0.0279538967 0.00422251597
  endloop
 endfacet

 facet normal -0.712432861 0.232093483 0.662247777
  outer loop
  vertex -0.150134474 0.0278248135 0.00422251597
  vertex -0.150092423 0.0279538967 0.00422251597
  vertex -0.150125965 0.02796649 0.00418201322
  endloop
 endfacet

 facet normal -0.717867136 0.230858967 0.656788349
  outer loop
  vertex -0.150134474 0.0278248135 0.00422251597
  vertex -0.150125965 0.02796649 0.00418201322
  vertex -0.150168493 0.027834259 0.00418201322
  endloop
 endfacet

 facet normal -0.764107823 0.166792437 0.623152852
  outer loop
  vertex -0.150198728 0.0276957285 0.00418201322
  vertex -0.150168493 0.027834259 0.00418201322
  vertex -0.150230393 0.0277020261 0.00414151046
  endloop
 endfacet

 facet normal -0.775237918 0.177158952 0.606317461
  outer loop
  vertex -0.150230393 0.0277020261 0.00414151046
  vertex -0.150168493 0.027834259 0.00418201322
  vertex -0.150198728 0.0278405547 0.00414151046
  endloop
 endfacet

 facet normal -0.817311406 0.186773643 0.545085013
  outer loop
  vertex -0.150230393 0.0277020261 0.00414151046
  vertex -0.150198728 0.0278405547 0.00414151046
  vertex -0.150225669 0.0278500002 0.00409789151
  endloop
 endfacet

 facet normal -0.830814838 0.18160443 0.526086092
  outer loop
  vertex -0.150230393 0.0277020261 0.00414151046
  vertex -0.150225669 0.0278500002 0.00409789151
  vertex -0.150257319 0.0277051739 0.00409789151
  endloop
 endfacet

 facet normal -0.838309646 0.13762185 0.527538896
  outer loop
  vertex -0.150230393 0.0277020261 0.00414151046
  vertex -0.150257319 0.0277051739 0.00409789151
  vertex -0.15068303 0.023571359 0.00449980516
  endloop
 endfacet

 facet normal -0.924408853 0.11891105 0.362392813
  outer loop
  vertex -0.15068303 0.023571359 0.00449980516
  vertex -0.150755793 0.0275918338 0.00299496599
  vertex -0.15070571 0.0233950503 0.00449980516
  endloop
 endfacet

 facet normal -0.869287133 0.135733649 0.4753066
  outer loop
  vertex -0.15068303 0.023571359 0.00449980516
  vertex -0.150257319 0.0277051739 0.00409789151
  vertex -0.150281891 0.0277114715 0.0040511582
  endloop
 endfacet

 facet normal -0.909418285 0.130892187 0.394747585
  outer loop
  vertex -0.15068303 0.023571359 0.00449980516
  vertex -0.150281891 0.0277114715 0.0040511582
  vertex -0.150732651 0.0277649928 0.00299496599
  endloop
 endfacet

 facet normal -0.91964972 0.122964881 0.37299332
  outer loop
  vertex -0.15068303 0.023571359 0.00449980516
  vertex -0.150732651 0.0277649928 0.00299496599
  vertex -0.150755793 0.0275918338 0.00299496599
  endloop
 endfacet

 facet normal -0.199124023 0.932323098 0.301866412
  outer loop
  vertex -0.148914039 0.0291187949 0.00395145779
  vertex -0.149111062 0.0293864068 0.00299496599
  vertex -0.149061456 0.0290873107 0.00395145779
  endloop
 endfacet

 facet normal -0.198774666 0.930687368 0.307099104
  outer loop
  vertex -0.148914039 0.0291187949 0.00395145779
  vertex -0.149061456 0.0290873107 0.00395145779
  vertex -0.148910731 0.0291030537 0.0040013073
  endloop
 endfacet

 facet normal -0.200258702 0.928661048 0.312226117
  outer loop
  vertex -0.148910731 0.0291030537 0.0040013073
  vertex -0.149061456 0.0290873107 0.00395145779
  vertex -0.149056733 0.0290715694 0.0040013073
  endloop
 endfacet

 facet normal -0.879337966 -0.126219779 0.45916599
  outer loop
  vertex -0.15036127 -7.608335e-05 0.00449980516
  vertex -0.15068303 0.00216555921 0.00449980516
  vertex -0.150763825 -0.00274590566 0.00299496599
  endloop
 endfacet

 facet normal -0.903083801 -0.112161964 0.414559335
  outer loop
  vertex -0.150763825 -0.00274590566 0.00299496599
  vertex -0.15068303 0.00216555921 0.00449980516
  vertex -0.15070571 0.00234816479 0.00449980516
  endloop
 endfacet

 facet normal -0.979799032 -0.0462945066 0.194552362
  outer loop
  vertex -0.150763825 -0.00274590566 0.00299496599
  vertex -0.15070571 0.00234816479 0.00449980516
  vertex -0.150713742 0.00251817727 0.00449980516
  endloop
 endfacet

 facet normal -0.99944663 0 0.0332632773
  outer loop
  vertex -0.150763825 -0.00274590566 0.00299496599
  vertex -0.150713742 0.00251817727 0.00449980516
  vertex -0.150713742 0.0232155919 0.00449980516
  endloop
 endfacet

 facet normal -0.99944663 0 0.0332632773
  outer loop
  vertex -0.150763825 -0.00274590566 0.00299496599
  vertex -0.150713742 0.0232155919 0.00449980516
  vertex -0.150763825 0.0274155252 0.00299496599
  endloop
 endfacet

 facet normal -1 0 0
  outer loop
  vertex -0.150763825 -0.00274590566 0.00299496599
  vertex -0.150763825 0.0274155252 0.00299496599
  vertex -0.150763825 0.0274155252 -0.0257963743
  endloop
 endfacet

 facet normal -1 0 0
  outer loop
  vertex -0.150763825 -0.00274590566 0.00299496599
  vertex -0.150763825 0.0274155252 -0.0257963743
  vertex -0.150763825 -0.00274590566 -0.0257963743
  endloop
 endfacet

 facet normal 0 -0.55227983 -0.833658874
  outer loop
  vertex -0.145936891 -0.00274590566 -0.0257963743
  vertex -0.150763825 -0.00274590566 -0.0257963743
  vertex -0.150362208 -0.000479075214 -0.0272980966
  endloop
 endfacet

 facet normal 0 -0.55227983 -0.833658874
  outer loop
  vertex -0.145936891 -0.00274590566 -0.0257963743
  vertex -0.150362208 -0.000479075214 -0.0272980966
  vertex -0.148009688 -0.000479075214 -0.0272980966
  endloop
 endfacet

 facet normal 0.351587802 -0.271943092 -0.895786285
  outer loop
  vertex -0.145936891 -0.00274590566 -0.0257963743
  vertex -0.148009688 -0.000479075214 -0.0272980966
  vertex -0.145937353 0.00220019114 -0.0272980966
  endloop
 endfacet

 facet normal 0.99999994 -2.51843039e-06 -0.000322737469
  outer loop
  vertex -0.145936891 -0.00274590566 -0.0257963743
  vertex -0.145937353 0.00220019114 -0.0272980966
  vertex -0.145936891 0.00164607726 -0.025830647
  endloop
 endfacet

 facet normal 0.999996603 0.00240456732 -0.000971810368
  outer loop
  vertex -0.145936891 0.0294084456 -0.025830647
  vertex -0.145937353 0.0290117506 -0.0272980966
  vertex -0.145937353 0.0290180463 -0.0272825193
  endloop
 endfacet

 facet normal 0.999854445 0.0163955521 -0.00473384839
  outer loop
  vertex -0.145936891 0.0294084456 -0.025830647
  vertex -0.145937353 0.0290180463 -0.0272825193
  vertex -0.145937353 0.0290369373 -0.027217092
  endloop
 endfacet

 facet normal 0.99999994 0 -0.000315096549
  outer loop
  vertex -0.145936891 0.0294084456 -0.025830647
  vertex -0.145936891 0.00164607726 -0.025830647
  vertex -0.145937353 0.00727222301 -0.027329253
  endloop
 endfacet

 facet normal 0.99999994 0 -0.000315096549
  outer loop
  vertex -0.145936891 0.0294084456 -0.025830647
  vertex -0.145937353 0.00727222301 -0.027329253
  vertex -0.145937353 0.0241160281 -0.027329253
  endloop
 endfacet

 facet normal 0.99999994 2.05136121e-06 -0.000322341046
  outer loop
  vertex -0.145936891 0.0294084456 -0.025830647
  vertex -0.145937353 0.0241160281 -0.027329253
  vertex -0.145937353 0.0290117506 -0.0272980966
  endloop
 endfacet

 facet normal 0.0363331065 0.960121155 -0.277213454
  outer loop
  vertex -0.145937353 0.0290369373 -0.027217092
  vertex -0.145937353 0.0290180463 -0.0272825193
  vertex -0.148468956 0.0291093495 -0.0272980966
  endloop
 endfacet

 facet normal 0.0357208289 0.926551759 -0.374467582
  outer loop
  vertex -0.148468956 0.0291093495 -0.0272980966
  vertex -0.145937353 0.0290180463 -0.0272825193
  vertex -0.145937353 0.0290117506 -0.0272980966
  endloop
 endfacet

 facet normal 0.000245340663 0.00636381749 -0.999979675
  outer loop
  vertex -0.148468956 0.0291093495 -0.0272980966
  vertex -0.145937353 0.0290117506 -0.0272980966
  vertex -0.145937353 0.0241160281 -0.027329253
  endloop
 endfacet

 facet normal 0.000221012859 0.00635148492 -0.999979854
  outer loop
  vertex -0.148468956 0.0291093495 -0.0272980966
  vertex -0.145937353 0.0241160281 -0.027329253
  vertex -0.148649916 0.0291156471 -0.0272980966
  endloop
 endfacet

 facet normal 0 0.00623157807 -0.999980628
  outer loop
  vertex -0.148649916 0.0291156471 -0.0272980966
  vertex -0.145937353 0.0241160281 -0.027329253
  vertex -0.147565082 0.0241160281 -0.027329253
  endloop
 endfacet

 facet normal -0.000427229679 0.00613887934 -0.999981105
  outer loop
  vertex -0.148649916 0.0291156471 -0.0272980966
  vertex -0.147565082 0.0241160281 -0.027329253
  vertex -0.148830876 0.0291030537 -0.0272980966
  endloop
 endfacet

 facet normal -0.0679736882 0.976716459 -0.203481376
  outer loop
  vertex -0.148649916 0.0291156471 -0.0272980966
  vertex -0.148830876 0.0291030537 -0.0272980966
  vertex -0.148938134 0.0294084456 -0.0257963743
  endloop
 endfacet

 facet normal -0.123706274 0.97065258 -0.206228703
  outer loop
  vertex -0.148938134 0.0294084456 -0.0257963743
  vertex -0.148830876 0.0291030537 -0.0272980966
  vertex -0.149111062 0.0293864068 -0.0257963743
  endloop
 endfacet

 facet normal -0.21625635 0.976336658 -1.80608477e-05
  outer loop
  vertex -0.149113432 0.0293864068 0.00249023759
  vertex -0.149111062 0.0293864068 -0.0257963743
  vertex -0.14928399 0.0293486249 0.00249023759
  endloop
 endfacet

 facet normal -0.216256201 0.976336122 0.00101218733
  outer loop
  vertex -0.149113432 0.0293864068 0.00249023759
  vertex -0.14928399 0.0293486249 0.00249023759
  vertex -0.149111062 0.0293864068 0.00299496599
  endloop
 endfacet

 facet normal -0.217404246 0.976080716 0.00142464333
  outer loop
  vertex -0.149111062 0.0293864068 0.00299496599
  vertex -0.14928399 0.0293486249 0.00249023759
  vertex -0.149280682 0.0293486249 0.00299496599
  endloop
 endfacet

 facet normal -0.207270905 0.930585027 0.301745474
  outer loop
  vertex -0.149111062 0.0293864068 0.00299496599
  vertex -0.149280682 0.0293486249 0.00299496599
  vertex -0.149061456 0.0290873107 0.00395145779
  endloop
 endfacet

 facet normal -0.280300677 0.907412887 0.313102931
  outer loop
  vertex -0.149056733 0.0290715694 0.0040013073
  vertex -0.149061456 0.0290873107 0.00395145779
  vertex -0.149199426 0.0290274918 0.0040013073
  endloop
 endfacet

 facet normal -0.274965197 0.890140474 0.363378584
  outer loop
  vertex -0.149056733 0.0290715694 0.0040013073
  vertex -0.149199426 0.0290274918 0.0040013073
  vertex -0.149052009 0.0290526785 0.0040511582
  endloop
 endfacet

 facet normal -0.276680171 0.886822879 0.370126069
  outer loop
  vertex -0.149052009 0.0290526785 0.0040511582
  vertex -0.149199426 0.0290274918 0.0040013073
  vertex -0.149193272 0.0290086027 0.0040511582
  endloop
 endfacet

 facet normal -0.265597045 0.851298988 0.452491224
  outer loop
  vertex -0.149052009 0.0290526785 0.0040511582
  vertex -0.149193272 0.0290086027 0.0040511582
  vertex -0.149184301 0.028986562 0.00409789151
  endloop
 endfacet

 facet normal -0.246912539 0.838013053 0.486588567
  outer loop
  vertex -0.149052009 0.0290526785 0.0040511582
  vertex -0.149184301 0.028986562 0.00409789151
  vertex -0.149045393 0.0290274918 0.00409789151
  endloop
 endfacet

 facet normal -0.342599839 0.822632253 0.453763932
  outer loop
  vertex -0.149184301 0.028986562 0.00409789151
  vertex -0.149193272 0.0290086027 0.0040511582
  vertex -0.149329349 0.0289519299 0.0040511582
  endloop
 endfacet

 facet normal -0.344013542 0.817442954 0.461997509
  outer loop
  vertex -0.149184301 0.028986562 0.00409789151
  vertex -0.149329349 0.0289519299 0.0040511582
  vertex -0.149318963 0.0289298929 0.00409789151
  endloop
 endfacet

 facet normal -0.327734888 0.778761625 0.534902036
  outer loop
  vertex -0.149184301 0.028986562 0.00409789151
  vertex -0.149318963 0.0289298929 0.00409789151
  vertex -0.149307624 0.0289047044 0.00414151046
  endloop
 endfacet

 facet normal -0.310218364 0.766790211 0.561958492
  outer loop
  vertex -0.149184301 0.028986562 0.00409789151
  vertex -0.149307624 0.0289047044 0.00414151046
  vertex -0.149175316 0.0289582275 0.00414151046
  endloop
 endfacet

 facet normal -0.299523443 0.740354776 0.60179776
  outer loop
  vertex -0.149175316 0.0289582275 0.00414151046
  vertex -0.149307624 0.0289047044 0.00414151046
  vertex -0.149163976 0.0289298929 0.00418201322
  endloop
 endfacet

 facet normal -0.300946951 0.730590224 0.612918317
  outer loop
  vertex -0.149163976 0.0289298929 0.00418201322
  vertex -0.149307624 0.0289047044 0.00414151046
  vertex -0.149293914 0.0288763698 0.00418201322
  endloop
 endfacet

 facet normal -0.282240748 0.685178399 0.671469152
  outer loop
  vertex -0.149163976 0.0289298929 0.00418201322
  vertex -0.149293914 0.0288763698 0.00418201322
  vertex -0.149151698 0.0288952608 0.00422251597
  endloop
 endfacet

 facet normal -0.283530802 0.675795734 0.680375218
  outer loop
  vertex -0.149151698 0.0288952608 0.00422251597
  vertex -0.149293914 0.0288763698 0.00418201322
  vertex -0.149279267 0.0288417377 0.00422251597
  endloop
 endfacet

 facet normal -0.338901222 0.651014686 0.679209828
  outer loop
  vertex -0.149279267 0.0288417377 0.00422251597
  vertex -0.149293914 0.0288763698 0.00418201322
  vertex -0.149400219 0.0287787709 0.00422251597
  endloop
 endfacet

 facet normal -0.315369904 0.605812132 0.730433762
  outer loop
  vertex -0.149279267 0.0288417377 0.00422251597
  vertex -0.149400219 0.0287787709 0.00422251597
  vertex -0.149381325 0.0287472866 0.00425678818
  endloop
 endfacet

 facet normal -0.298137039 0.593431771 0.747631609
  outer loop
  vertex -0.149279267 0.0288417377 0.00422251597
  vertex -0.149381325 0.0287472866 0.00425678818
  vertex -0.149262264 0.0288071055 0.00425678818
  endloop
 endfacet

 facet normal -0.269961476 0.537349164 0.798984766
  outer loop
  vertex -0.149262264 0.0288071055 0.00425678818
  vertex -0.149381325 0.0287472866 0.00425678818
  vertex -0.149245247 0.0287693255 0.00428794418
  endloop
 endfacet

 facet normal -0.269804448 0.522118688 0.809072137
  outer loop
  vertex -0.149245247 0.0287693255 0.00428794418
  vertex -0.149381325 0.0287472866 0.00425678818
  vertex -0.149361014 0.0287095066 0.00428794418
  endloop
 endfacet

 facet normal -0.253896296 0.491333693 0.833143353
  outer loop
  vertex -0.149245247 0.0287693255 0.00428794418
  vertex -0.149361014 0.0287095066 0.00428794418
  vertex -0.149226353 0.0287315454 0.00431598444
  endloop
 endfacet

 facet normal -0.253180653 0.473951399 0.843367994
  outer loop
  vertex -0.149226353 0.0287315454 0.00431598444
  vertex -0.149361014 0.0287095066 0.00428794418
  vertex -0.149338335 0.0286717266 0.00431598444
  endloop
 endfacet

 facet normal -0.221539259 0.414719075 0.882569313
  outer loop
  vertex -0.149226353 0.0287315454 0.00431598444
  vertex -0.149338335 0.0286717266 0.00431598444
  vertex -0.149315655 0.0286307968 0.00434090989
  endloop
 endfacet

 facet normal -0.244945407 0.381604046 0.891280055
  outer loop
  vertex -0.149315655 0.0286307968 0.00434090989
  vertex -0.149445578 0.0286056101 0.00431598444
  vertex -0.149418652 0.0285646822 0.00434090989
  endloop
 endfacet

 facet normal -0.246910304 0.400546432 0.882381916
  outer loop
  vertex -0.149315655 0.0286307968 0.00434090989
  vertex -0.149338335 0.0286717266 0.00431598444
  vertex -0.149445578 0.0286056101 0.00431598444
  endloop
 endfacet

 facet normal -0.271512359 0.303156823 0.913442373
  outer loop
  vertex -0.149484336 0.0284544881 0.00436271774
  vertex -0.14951551 0.0284922682 0.00434090989
  vertex -0.149572209 0.0283757783 0.00436271774
  endloop
 endfacet

 facet normal -0.291698426 0.311296046 0.904437304
  outer loop
  vertex -0.149572209 0.0283757783 0.00436271774
  vertex -0.14951551 0.0284922682 0.00434090989
  vertex -0.149606228 0.0284072626 0.00434090989
  endloop
 endfacet

 facet normal -0.310515493 0.291249484 0.904850185
  outer loop
  vertex -0.149572209 0.0283757783 0.00436271774
  vertex -0.149606228 0.0284072626 0.00434090989
  vertex -0.149688914 0.0283191074 0.00434090989
  endloop
 endfacet

 facet normal -0.303168684 0.272983938 0.912999749
  outer loop
  vertex -0.149572209 0.0283757783 0.00436271774
  vertex -0.149688914 0.0283191074 0.00434090989
  vertex -0.149651587 0.0282876231 0.00436271774
  endloop
 endfacet

 facet normal -0.182629257 0.164445922 0.969331741
  outer loop
  vertex -0.149572209 0.0283757783 0.00436271774
  vertex -0.149651587 0.0282876231 0.00436271774
  vertex -0.149613798 0.0282561406 0.0043751807
  endloop
 endfacet

 facet normal -0.271887511 0.363681763 0.890961647
  outer loop
  vertex -0.149418652 0.0285646822 0.00434090989
  vertex -0.149445578 0.0286056101 0.00431598444
  vertex -0.14951551 0.0284922682 0.00434090989
  endloop
 endfacet

 facet normal -0.297074705 0.376280338 0.877587438
  outer loop
  vertex -0.14951551 0.0284922682 0.00434090989
  vertex -0.149445578 0.0286056101 0.00431598444
  vertex -0.149545282 0.0285269003 0.00431598444
  endloop
 endfacet

 facet normal -0.32228294 0.354684591 0.877685964
  outer loop
  vertex -0.14951551 0.0284922682 0.00434090989
  vertex -0.149545282 0.0285269003 0.00431598444
  vertex -0.149638832 0.0284418948 0.00431598444
  endloop
 endfacet

 facet normal -0.317385882 0.338709295 0.885743976
  outer loop
  vertex -0.14951551 0.0284922682 0.00434090989
  vertex -0.149638832 0.0284418948 0.00431598444
  vertex -0.149606228 0.0284072626 0.00434090989
  endloop
 endfacet

 facet normal -0.195173904 0.149382532 0.969325542
  outer loop
  vertex -0.149613798 0.0282561406 0.0043751807
  vertex -0.149651587 0.0282876231 0.00436271774
  vertex -0.149723887 0.0281931721 0.00436271774
  endloop
 endfacet

 facet normal -0.193410307 0.146131098 0.970174313
  outer loop
  vertex -0.149613798 0.0282561406 0.0043751807
  vertex -0.149723887 0.0281931721 0.00436271774
  vertex -0.149682775 0.0281648375 0.0043751807
  endloop
 endfacet

 facet normal -0.203104898 0.132081598 0.970207632
  outer loop
  vertex -0.149682775 0.0281648375 0.0043751807
  vertex -0.149723887 0.0281931721 0.00436271774
  vertex -0.149744198 0.0280703865 0.0043751807
  endloop
 endfacet

 facet normal -0.212237805 0.133376151 0.968073308
  outer loop
  vertex -0.149744198 0.0280703865 0.0043751807
  vertex -0.149723887 0.0281931721 0.00436271774
  vertex -0.149787188 0.0280924235 0.00436271774
  endloop
 endfacet

 facet normal -0.344231009 0.216324374 0.913624048
  outer loop
  vertex -0.149787188 0.0280924235 0.00436271774
  vertex -0.149723887 0.0281931721 0.00436271774
  vertex -0.149829254 0.028117612 0.00434090989
  endloop
 endfacet

 facet normal -0.359620154 0.190480724 0.913449705
  outer loop
  vertex -0.149787188 0.0280924235 0.00436271774
  vertex -0.149829254 0.028117612 0.00434090989
  vertex -0.149885952 0.0280105677 0.00434090989
  endloop
 endfacet

 facet normal -0.442215174 0.184747696 0.877675414
  outer loop
  vertex -0.149885952 0.0280105677 0.00434090989
  vertex -0.149927527 0.0280294567 0.00431598444
  vertex -0.149976194 0.0279129669 0.00431598444
  endloop
 endfacet

 facet normal -0.414983571 0.219805166 0.882878423
  outer loop
  vertex -0.149885952 0.0280105677 0.00434090989
  vertex -0.149829254 0.028117612 0.00434090989
  vertex -0.149868935 0.0281427987 0.00431598444
  endloop
 endfacet

 facet normal -0.426005423 0.220211357 0.877511442
  outer loop
  vertex -0.149885952 0.0280105677 0.00434090989
  vertex -0.149868935 0.0281427987 0.00431598444
  vertex -0.149927527 0.0280294567 0.00431598444
  endloop
 endfacet

 facet normal -0.492431015 0.205726773 0.845687985
  outer loop
  vertex -0.149976194 0.0279129669 0.00431598444
  vertex -0.149927527 0.0280294567 0.00431598444
  vertex -0.150017768 0.02792871 0.00428794418
  endloop
 endfacet

 facet normal -0.493012846 0.206387073 0.845188022
  outer loop
  vertex -0.150017768 0.02792871 0.00428794418
  vertex -0.149927527 0.0280294567 0.00431598444
  vertex -0.149967685 0.0280483477 0.00428794418
  endloop
 endfacet

 facet normal -0.558571756 0.233831614 0.795814276
  outer loop
  vertex -0.150017768 0.02792871 0.00428794418
  vertex -0.149967685 0.0280483477 0.00428794418
  vertex -0.15000549 0.0280640889 0.00425678818
  endloop
 endfacet

 facet normal -0.566588402 0.233287141 0.790287733
  outer loop
  vertex -0.150017768 0.02792871 0.00428794418
  vertex -0.15000549 0.0280640889 0.00425678818
  vertex -0.150056034 0.0279413033 0.00425678818
  endloop
 endfacet

 facet normal -0.605798721 0.24943161 0.755507648
  outer loop
  vertex -0.150056034 0.0279413033 0.00425678818
  vertex -0.15000549 0.0280640889 0.00425678818
  vertex -0.150040448 0.0280829798 0.00422251597
  endloop
 endfacet

 facet normal -0.617216289 0.248512954 0.746515512
  outer loop
  vertex -0.150056034 0.0279413033 0.00425678818
  vertex -0.150040448 0.0280829798 0.00422251597
  vertex -0.150092423 0.0279538967 0.00422251597
  endloop
 endfacet

 facet normal -0.745249748 0.239664957 0.622224689
  outer loop
  vertex -0.150168493 0.027834259 0.00418201322
  vertex -0.150125965 0.02796649 0.00418201322
  vertex -0.150155738 0.0279790834 0.00414151046
  endloop
 endfacet

 facet normal -0.760706782 0.236106262 0.604631305
  outer loop
  vertex -0.150168493 0.027834259 0.00418201322
  vertex -0.150155738 0.0279790834 0.00414151046
  vertex -0.150198728 0.0278405547 0.00414151046
  endloop
 endfacet

 facet normal -0.694847584 0.279770046 0.662507117
  outer loop
  vertex -0.150092423 0.0279538967 0.00422251597
  vertex -0.150040448 0.0280829798 0.00422251597
  vertex -0.150125965 0.02796649 0.00418201322
  endloop
 endfacet

 facet normal -0.706286907 0.294721186 0.643660069
  outer loop
  vertex -0.150125965 0.02796649 0.00418201322
  vertex -0.150040448 0.0280829798 0.00422251597
  vertex -0.150072113 0.0280955732 0.00418201322
  endloop
 endfacet

 facet normal -0.714622259 0.298199356 0.632765532
  outer loop
  vertex -0.150125965 0.02796649 0.00418201322
  vertex -0.150072113 0.0280955732 0.00418201322
  vertex -0.150101393 0.0281113144 0.00414151046
  endloop
 endfacet

 facet normal -0.722988307 0.297088802 0.623719573
  outer loop
  vertex -0.150125965 0.02796649 0.00418201322
  vertex -0.150101393 0.0281113144 0.00414151046
  vertex -0.150155738 0.0279790834 0.00414151046
  endloop
 endfacet

 facet normal -0.799343765 0.248098314 0.547263026
  outer loop
  vertex -0.150198728 0.0278405547 0.00414151046
  vertex -0.150155738 0.0279790834 0.00414151046
  vertex -0.150182664 0.027988527 0.00409789151
  endloop
 endfacet

 facet normal -0.799339712 0.248099491 0.547268391
  outer loop
  vertex -0.150198728 0.0278405547 0.00414151046
  vertex -0.150182664 0.027988527 0.00409789151
  vertex -0.150225669 0.0278500002 0.00409789151
  endloop
 endfacet

 facet normal -0.866037726 0.196397051 0.459790051
  outer loop
  vertex -0.150225669 0.0278500002 0.00409789151
  vertex -0.150249764 0.0278531481 0.0040511582
  vertex -0.150281891 0.0277114715 0.0040511582
  endloop
 endfacet

 facet normal -0.858751416 0.187710971 0.476771086
  outer loop
  vertex -0.150225669 0.0278500002 0.00409789151
  vertex -0.150281891 0.0277114715 0.0040511582
  vertex -0.150257319 0.0277051739 0.00409789151
  endloop
 endfacet

 facet normal -0.849959075 0.263810754 0.456041068
  outer loop
  vertex -0.150225669 0.0278500002 0.00409789151
  vertex -0.150182664 0.027988527 0.00409789151
  vertex -0.150249764 0.0278531481 0.0040511582
  endloop
 endfacet

 facet normal -0.998963833 0.0455067605 0.000650724047
  outer loop
  vertex -0.150755793 0.0275918338 0.00299496599
  vertex -0.15075627 0.0275886841 0.00249023759
  vertex -0.150763825 0.0274155252 0.00299496599
  endloop
 endfacet

 facet normal -0.986393094 0.0449341089 0.158144593
  outer loop
  vertex -0.150755793 0.0275918338 0.00299496599
  vertex -0.150763825 0.0274155252 0.00299496599
  vertex -0.15070571 0.0233950503 0.00449980516
  endloop
 endfacet

 facet normal -0.991178632 0.132528886 0.00103056547
  outer loop
  vertex -0.150755793 0.0275918338 0.00299496599
  vertex -0.150732651 0.0277649928 0.00299496599
  vertex -0.15073359 0.0277618449 0.00249023759
  endloop
 endfacet

 facet normal -0.991531789 0.129864484 0.000117548552
  outer loop
  vertex -0.150755793 0.0275918338 0.00299496599
  vertex -0.15073359 0.0277618449 0.00249023759
  vertex -0.15075627 0.0275886841 0.00249023759
  endloop
 endfacet

 facet normal -0.986750841 0.0441692173 0.156114861
  outer loop
  vertex -0.15070571 0.0233950503 0.00449980516
  vertex -0.150763825 0.0274155252 0.00299496599
  vertex -0.150713742 0.0232155919 0.00449980516
  endloop
 endfacet

 facet normal -0.896392703 0.203280851 0.393899918
  outer loop
  vertex -0.150281891 0.0277114715 0.0040511582
  vertex -0.150249764 0.0278531481 0.0040511582
  vertex -0.150695324 0.0279350057 0.00299496599
  endloop
 endfacet

 facet normal -0.898042619 0.197162852 0.393250942
  outer loop
  vertex -0.150281891 0.0277114715 0.0040511582
  vertex -0.150695324 0.0279350057 0.00299496599
  vertex -0.150732651 0.0277649928 0.00299496599
  endloop
 endfacet

 facet normal -0.976737142 0.214440033 0.00048992614
  outer loop
  vertex -0.150732651 0.0277649928 0.00299496599
  vertex -0.150695324 0.0279350057 0.00299496599
  vertex -0.150696263 0.0279318579 0.00249023759
  endloop
 endfacet

 facet normal -0.976735473 0.214447424 0.000492495135
  outer loop
  vertex -0.150732651 0.0277649928 0.00299496599
  vertex -0.150696263 0.0279318579 0.00249023759
  vertex -0.15073359 0.0277618449 0.00249023759
  endloop
 endfacet

 facet normal -0.280669361 0.907580972 0.312284172
  outer loop
  vertex -0.149061456 0.0290873107 0.00395145779
  vertex -0.149280682 0.0293486249 0.00299496599
  vertex -0.149199426 0.0290274918 0.0040013073
  endloop
 endfacet

 facet normal -0.984804392 -0.038892027 -0.169256166
  outer loop
  vertex -0.150763825 -0.00274590566 -0.0257963743
  vertex -0.150713742 0.00252132583 -0.0272980966
  vertex -0.150706664 0.00234186859 -0.0272980966
  endloop
 endfacet

 facet normal -0.905733824 -0.110592633 -0.409164548
  outer loop
  vertex -0.150763825 -0.00274590566 -0.0257963743
  vertex -0.150706664 0.00234186859 -0.0272980966
  vertex -0.150362208 -0.000479075214 -0.0272980966
  endloop
 endfacet

 facet normal -0.999444366 0 -0.0333322212
  outer loop
  vertex -0.150763825 -0.00274590566 -0.0257963743
  vertex -0.150763825 0.0274155252 -0.0257963743
  vertex -0.150713742 0.0270156804 -0.0272980966
  endloop
 endfacet

 facet normal -0.999444366 0 -0.0333322212
  outer loop
  vertex -0.150763825 -0.00274590566 -0.0257963743
  vertex -0.150713742 0.0270156804 -0.0272980966
  vertex -0.150713742 0.00252132583 -0.0272980966
  endloop
 endfacet

 facet normal -0.999048471 0.0436137244 0
  outer loop
  vertex -0.150763825 0.0274155252 0.00299496599
  vertex -0.15075627 0.0275886841 0.00249023759
  vertex -0.150763825 0.0274155252 -0.0257963743
  endloop
 endfacet

 facet normal 0.000476418732 -0.00414680829 -0.999991357
  outer loop
  vertex -0.148009688 -0.000479075214 -0.0272980966
  vertex -0.145964757 0.00726907467 -0.027329253
  vertex -0.145937353 0.00727222301 -0.027329253
  endloop
 endfacet

 facet normal 0.0079413671 -0.00614242023 -0.999949634
  outer loop
  vertex -0.148009688 -0.000479075214 -0.0272980966
  vertex -0.145937353 0.00727222301 -0.027329253
  vertex -0.145937353 0.00220019114 -0.0272980966
  endloop
 endfacet

 facet normal 0 -0.00402107183 -0.999991894
  outer loop
  vertex -0.148009688 -0.000479075214 -0.0272980966
  vertex -0.150362208 -0.000479075214 -0.0272980966
  vertex -0.145964757 0.00726907467 -0.027329253
  endloop
 endfacet

 facet normal 0.99999994 -1.9812428e-06 -0.000322534645
  outer loop
  vertex -0.145937353 0.00220019114 -0.0272980966
  vertex -0.145937353 0.00727222301 -0.027329253
  vertex -0.145936891 0.00164607726 -0.025830647
  endloop
 endfacet

 facet normal 0 0 -1
  outer loop
  vertex -0.145937353 0.0241160281 -0.027329253
  vertex -0.145937353 0.00727222301 -0.027329253
  vertex -0.145964757 0.00726907467 -0.027329253
  endloop
 endfacet

 facet normal 0 0 -1
  outer loop
  vertex -0.145937353 0.0241160281 -0.027329253
  vertex -0.145964757 0.00726907467 -0.027329253
  vertex -0.14602524 0.00727222301 -0.027329253
  endloop
 endfacet

 facet normal 0 0 -1
  outer loop
  vertex -0.145937353 0.0241160281 -0.027329253
  vertex -0.14602524 0.00727222301 -0.027329253
  vertex -0.146112174 0.00728166848 -0.027329253
  endloop
 endfacet

 facet normal 0 0 -1
  outer loop
  vertex -0.145937353 0.0241160281 -0.027329253
  vertex -0.146112174 0.00728166848 -0.027329253
  vertex -0.146138638 0.00728481635 -0.027329253
  endloop
 endfacet

 facet normal 0 0 -1
  outer loop
  vertex -0.145937353 0.0241160281 -0.027329253
  vertex -0.146138638 0.00728481635 -0.027329253
  vertex -0.146223217 0.00730685517 -0.027329253
  endloop
 endfacet

 facet normal 0 0 -1
  outer loop
  vertex -0.145937353 0.0241160281 -0.027329253
  vertex -0.146223217 0.00730685517 -0.027329253
  vertex -0.146281332 0.00732259685 -0.027329253
  endloop
 endfacet

 facet normal 0 0 -1
  outer loop
  vertex -0.145937353 0.0241160281 -0.027329253
  vertex -0.146281332 0.00732259685 -0.027329253
  vertex -0.146306843 0.00733204233 -0.027329253
  endloop
 endfacet

 facet normal 0 0 -1
  outer loop
  vertex -0.145937353 0.0241160281 -0.027329253
  vertex -0.146306843 0.00733204233 -0.027329253
  vertex -0.146387637 0.00736352568 -0.027329253
  endloop
 endfacet

 facet normal 0 0 -1
  outer loop
  vertex -0.145937353 0.0241160281 -0.027329253
  vertex -0.146387637 0.00736352568 -0.027329253
  vertex -0.146465123 0.00740445498 -0.027329253
  endloop
 endfacet

 facet normal 0 0 -1
  outer loop
  vertex -0.145937353 0.0241160281 -0.027329253
  vertex -0.146465123 0.00740445498 -0.027329253
  vertex -0.146515682 0.00743593834 -0.027329253
  endloop
 endfacet

 facet normal 0 0 -1
  outer loop
  vertex -0.145937353 0.0241160281 -0.027329253
  vertex -0.146515682 0.00743593834 -0.027329253
  vertex -0.146538362 0.00745168002 -0.027329253
  endloop
 endfacet

 facet normal 0 0 -1
  outer loop
  vertex -0.145937353 0.0241160281 -0.027329253
  vertex -0.146538362 0.00745168002 -0.027329253
  vertex -0.146607339 0.00750520313 -0.027329253
  endloop
 endfacet

 facet normal 0 0 -1
  outer loop
  vertex -0.145937353 0.0241160281 -0.027329253
  vertex -0.146607339 0.00750520313 -0.027329253
  vertex -0.14667207 0.00756187318 -0.027329253
  endloop
 endfacet

 facet normal 0 0 -1
  outer loop
  vertex -0.145937353 0.0241160281 -0.027329253
  vertex -0.14667207 0.00756187318 -0.027329253
  vertex -0.146731138 0.00762798963 -0.027329253
  endloop
 endfacet

 facet normal 0 0 -1
  outer loop
  vertex -0.145937353 0.0241160281 -0.027329253
  vertex -0.146731138 0.00762798963 -0.027329253
  vertex -0.14678359 0.00769725349 -0.027329253
  endloop
 endfacet

 facet normal 0 0 -1
  outer loop
  vertex -0.145937353 0.0241160281 -0.027329253
  vertex -0.14678359 0.00769725349 -0.027329253
  vertex -0.146830827 0.00776966615 -0.027329253
  endloop
 endfacet

 facet normal 0 0 -1
  outer loop
  vertex -0.145937353 0.0241160281 -0.027329253
  vertex -0.146830827 0.00776966615 -0.027329253
  vertex -0.146858707 0.00782318879 -0.027329253
  endloop
 endfacet

 facet normal 0 0 -1
  outer loop
  vertex -0.145937353 0.0241160281 -0.027329253
  vertex -0.146858707 0.00782318879 -0.027329253
  vertex -0.146871001 0.00784837548 -0.027329253
  endloop
 endfacet

 facet normal 0 0 -1
  outer loop
  vertex -0.145937353 0.0241160281 -0.027329253
  vertex -0.146871001 0.00784837548 -0.027329253
  vertex -0.146904543 0.00792708527 -0.027329253
  endloop
 endfacet

 facet normal 0 0 -1
  outer loop
  vertex -0.145937353 0.0241160281 -0.027329253
  vertex -0.146904543 0.00792708527 -0.027329253
  vertex -0.146930531 0.00801209081 -0.027329253
  endloop
 endfacet

 facet normal 0 0 -1
  outer loop
  vertex -0.145937353 0.0241160281 -0.027329253
  vertex -0.146930531 0.00801209081 -0.027329253
  vertex -0.147565082 0.0108267376 -0.027329253
  endloop
 endfacet

 facet normal 0 0 -1
  outer loop
  vertex -0.145937353 0.0241160281 -0.027329253
  vertex -0.147565082 0.0108267376 -0.027329253
  vertex -0.147565082 0.0241160281 -0.027329253
  endloop
 endfacet

 facet normal -0.00989454053 0 -0.999951065
  outer loop
  vertex -0.147565082 0.0241160281 -0.027329253
  vertex -0.147565082 0.0108267376 -0.027329253
  vertex -0.150713742 0.00252132583 -0.0272980966
  endloop
 endfacet

 facet normal -0.00989454053 0 -0.999951065
  outer loop
  vertex -0.147565082 0.0241160281 -0.027329253
  vertex -0.150713742 0.00252132583 -0.0272980966
  vertex -0.150713742 0.0270156804 -0.0272980966
  endloop
 endfacet

 facet normal -0.00953115057 0.000394633069 -0.999954462
  outer loop
  vertex -0.147565082 0.0241160281 -0.027329253
  vertex -0.150713742 0.0270156804 -0.0272980966
  vertex -0.150706187 0.0271982867 -0.0272980966
  endloop
 endfacet

 facet normal -0.0087838117 0.00115630485 -0.99996078
  outer loop
  vertex -0.147565082 0.0241160281 -0.027329253
  vertex -0.150706187 0.0271982867 -0.0272980966
  vertex -0.150682554 0.0273777433 -0.0272980966
  endloop
 endfacet

 facet normal -0.00810700282 0.0018032291 -0.999965549
  outer loop
  vertex -0.147565082 0.0241160281 -0.027329253
  vertex -0.150682554 0.0273777433 -0.0272980966
  vertex -0.150643349 0.027554052 -0.0272980966
  endloop
 endfacet

 facet normal -0.0074944701 0.00235169893 -0.999969184
  outer loop
  vertex -0.147565082 0.0241160281 -0.027329253
  vertex -0.150643349 0.027554052 -0.0272980966
  vertex -0.150589004 0.0277272128 -0.0272980966
  endloop
 endfacet

 facet normal -0.00691321958 0.00283845211 -0.999972165
  outer loop
  vertex -0.147565082 0.0241160281 -0.027329253
  vertex -0.150589004 0.0277272128 -0.0272980966
  vertex -0.150520504 0.0278940778 -0.0272980966
  endloop
 endfacet

 facet normal -0.00634263968 0.0032848129 -0.999974489
  outer loop
  vertex -0.147565082 0.0241160281 -0.027329253
  vertex -0.150520504 0.0278940778 -0.0272980966
  vertex -0.15043734 0.0280546453 -0.0272980966
  endloop
 endfacet

 facet normal -0.00584186008 0.00365002267 -0.999976277
  outer loop
  vertex -0.147565082 0.0241160281 -0.027329253
  vertex -0.15043734 0.0280546453 -0.0272980966
  vertex -0.150340945 0.0282089133 -0.0272980966
  endloop
 endfacet

 facet normal -0.00531627145 0.00400649896 -0.999977827
  outer loop
  vertex -0.147565082 0.0241160281 -0.027329253
  vertex -0.150340945 0.0282089133 -0.0272980966
  vertex -0.150231808 0.0283537395 -0.0272980966
  endloop
 endfacet

 facet normal -0.00482808938 0.00431371387 -0.999979019
  outer loop
  vertex -0.147565082 0.0241160281 -0.027329253
  vertex -0.150231808 0.0283537395 -0.0272980966
  vertex -0.150110856 0.0284891203 -0.0272980966
  endloop
 endfacet

 facet normal -0.00428289641 0.00463110069 -0.999980092
  outer loop
  vertex -0.147565082 0.0241160281 -0.027329253
  vertex -0.150110856 0.0284891203 -0.0272980966
  vertex -0.149978086 0.0286119059 -0.0272980966
  endloop
 endfacet

 facet normal -0.0037922659 0.00489443587 -0.999980867
  outer loop
  vertex -0.147565082 0.0241160281 -0.027329253
  vertex -0.149978086 0.0286119059 -0.0272980966
  vertex -0.149835855 0.0287221 -0.0272980966
  endloop
 endfacet

 facet normal -0.00337675749 0.00509928353 -0.999981344
  outer loop
  vertex -0.147565082 0.0241160281 -0.027329253
  vertex -0.149835855 0.0287221 -0.0272980966
  vertex -0.149683714 0.0288228486 -0.0272980966
  endloop
 endfacet

 facet normal -0.00284909224 0.00533679873 -0.999981761
  outer loop
  vertex -0.147565082 0.0241160281 -0.027329253
  vertex -0.149683714 0.0288228486 -0.0272980966
  vertex -0.149524495 0.0289078541 -0.0272980966
  endloop
 endfacet

 facet normal -0.00230812887 0.00555800414 -0.99998188
  outer loop
  vertex -0.147565082 0.0241160281 -0.027329253
  vertex -0.149524495 0.0289078541 -0.0272980966
  vertex -0.149357706 0.0289771166 -0.0272980966
  endloop
 endfacet

 facet normal -0.00198062579 0.00567877712 -0.99998188
  outer loop
  vertex -0.147565082 0.0241160281 -0.027329253
  vertex -0.149357706 0.0289771166 -0.0272980966
  vertex -0.149186194 0.0290369373 -0.0272980966
  endloop
 endfacet

 facet normal -0.00136585475 0.00588130299 -0.999981821
  outer loop
  vertex -0.147565082 0.0241160281 -0.027329253
  vertex -0.149186194 0.0290369373 -0.0272980966
  vertex -0.149009958 0.029077867 -0.0272980966
  endloop
 endfacet

 facet normal -0.000848396914 0.0060319812 -0.999981403
  outer loop
  vertex -0.147565082 0.0241160281 -0.027329253
  vertex -0.149009958 0.029077867 -0.0272980966
  vertex -0.148830876 0.0291030537 -0.0272980966
  endloop
 endfacet

 facet normal -0.136227682 0.968559384 -0.208169922
  outer loop
  vertex -0.148830876 0.0291030537 -0.0272980966
  vertex -0.149009958 0.029077867 -0.0272980966
  vertex -0.149111062 0.0293864068 -0.0257963743
  endloop
 endfacet

 facet normal -0.217404455 0.97608161 -2.54204679e-05
  outer loop
  vertex -0.149111062 0.0293864068 -0.0257963743
  vertex -0.149280682 0.0293486249 -0.0257963743
  vertex -0.14928399 0.0293486249 0.00249023759
  endloop
 endfacet

 facet normal -0.212539524 0.954239547 -0.210365996
  outer loop
  vertex -0.149111062 0.0293864068 -0.0257963743
  vertex -0.149009958 0.029077867 -0.0272980966
  vertex -0.149280682 0.0293486249 -0.0257963743
  endloop
 endfacet

 facet normal -0.30476597 0.952427328 -3.56353958e-05
  outer loop
  vertex -0.14928399 0.0293486249 0.00249023759
  vertex -0.149280682 0.0293486249 -0.0257963743
  vertex -0.149447948 0.0292951036 -0.0257963743
  endloop
 endfacet

 facet normal -0.306335658 0.951923549 -2.55839077e-05
  outer loop
  vertex -0.14928399 0.0293486249 0.00249023759
  vertex -0.149447948 0.0292951036 -0.0257963743
  vertex -0.149450317 0.0292951036 0.00249023759
  endloop
 endfacet

 facet normal -0.306335419 0.951922715 0.00143380312
  outer loop
  vertex -0.14928399 0.0293486249 0.00249023759
  vertex -0.149450317 0.0292951036 0.00249023759
  vertex -0.149447948 0.0292951036 0.00299496599
  endloop
 endfacet

 facet normal -0.304765344 0.952425361 0.00199711788
  outer loop
  vertex -0.14928399 0.0293486249 0.00249023759
  vertex -0.149447948 0.0292951036 0.00299496599
  vertex -0.149280682 0.0293486249 0.00299496599
  endloop
 endfacet

 facet normal -0.289539933 0.904844284 0.312127292
  outer loop
  vertex -0.149280682 0.0293486249 0.00299496599
  vertex -0.149447948 0.0292951036 0.00299496599
  vertex -0.149199426 0.0290274918 0.0040013073
  endloop
 endfacet

 facet normal -0.353099287 0.859640479 0.369241536
  outer loop
  vertex -0.149199426 0.0290274918 0.0040013073
  vertex -0.149337381 0.0289708208 0.0040013073
  vertex -0.149193272 0.0290086027 0.0040511582
  endloop
 endfacet

 facet normal -0.359745353 0.875820756 0.321747243
  outer loop
  vertex -0.149199426 0.0290274918 0.0040013073
  vertex -0.149447948 0.0292951036 0.00299496599
  vertex -0.149337381 0.0289708208 0.0040013073
  endloop
 endfacet

 facet normal -0.355500162 0.853607774 0.380753934
  outer loop
  vertex -0.149193272 0.0290086027 0.0040511582
  vertex -0.149337381 0.0289708208 0.0040013073
  vertex -0.149329349 0.0289519299 0.0040511582
  endloop
 endfacet

 facet normal -0.426679909 0.820795298 0.379788578
  outer loop
  vertex -0.149329349 0.0289519299 0.0040511582
  vertex -0.149337381 0.0289708208 0.0040013073
  vertex -0.149470627 0.0289015584 0.0040013073
  endloop
 endfacet

 facet normal -0.429326653 0.811243892 0.396940887
  outer loop
  vertex -0.149329349 0.0289519299 0.0040511582
  vertex -0.149470627 0.0289015584 0.0040013073
  vertex -0.149460226 0.0288826674 0.0040511582
  endloop
 endfacet

 facet normal -0.421657503 0.796752393 0.432886481
  outer loop
  vertex -0.149329349 0.0289519299 0.0040511582
  vertex -0.149460226 0.0288826674 0.0040511582
  vertex -0.149447948 0.0288637765 0.00409789151
  endloop
 endfacet

 facet normal -0.404509068 0.789183795 0.46212703
  outer loop
  vertex -0.149329349 0.0289519299 0.0040511582
  vertex -0.149447948 0.0288637765 0.00409789151
  vertex -0.149318963 0.0289298929 0.00409789151
  endloop
 endfacet

 facet normal -0.385504782 0.752107024 0.534528852
  outer loop
  vertex -0.149318963 0.0289298929 0.00409789151
  vertex -0.149447948 0.0288637765 0.00409789151
  vertex -0.149307624 0.0289047044 0.00414151046
  endloop
 endfacet

 facet normal -0.386772722 0.740760982 0.549254119
  outer loop
  vertex -0.149307624 0.0289047044 0.00414151046
  vertex -0.149447948 0.0288637765 0.00409789151
  vertex -0.149434239 0.0288385898 0.00414151046
  endloop
 endfacet

 facet normal -0.365529537 0.700075328 0.613418937
  outer loop
  vertex -0.149307624 0.0289047044 0.00414151046
  vertex -0.149434239 0.0288385898 0.00414151046
  vertex -0.149293914 0.0288763698 0.00418201322
  endloop
 endfacet

 facet normal -0.365981549 0.690478027 0.623937249
  outer loop
  vertex -0.149293914 0.0288763698 0.00418201322
  vertex -0.149434239 0.0288385898 0.00414151046
  vertex -0.149418652 0.0288102534 0.00418201322
  endloop
 endfacet

 facet normal -0.348123521 0.656786144 0.668911099
  outer loop
  vertex -0.149293914 0.0288763698 0.00418201322
  vertex -0.149418652 0.0288102534 0.00418201322
  vertex -0.149400219 0.0287787709 0.00422251597
  endloop
 endfacet

 facet normal -0.394136906 0.630071104 0.669078827
  outer loop
  vertex -0.149400219 0.0287787709 0.00422251597
  vertex -0.149418652 0.0288102534 0.00418201322
  vertex -0.149515986 0.0287063587 0.00422251597
  endloop
 endfacet

 facet normal -0.361883342 0.578510284 0.731003642
  outer loop
  vertex -0.149400219 0.0287787709 0.00422251597
  vertex -0.149515986 0.0287063587 0.00422251597
  vertex -0.149381325 0.0287472866 0.00425678818
  endloop
 endfacet

 facet normal -0.3602961 0.561869144 0.744640708
  outer loop
  vertex -0.149381325 0.0287472866 0.00425678818
  vertex -0.149515986 0.0287063587 0.00422251597
  vertex -0.149494246 0.0286748745 0.00425678818
  endloop
 endfacet

 facet normal -0.322069287 0.502255797 0.802502751
  outer loop
  vertex -0.149381325 0.0287472866 0.00425678818
  vertex -0.149494246 0.0286748745 0.00425678818
  vertex -0.149470627 0.0286402423 0.00428794418
  endloop
 endfacet

 facet normal -0.314414471 0.497592539 0.808421552
  outer loop
  vertex -0.149381325 0.0287472866 0.00425678818
  vertex -0.149470627 0.0286402423 0.00428794418
  vertex -0.149361014 0.0287095066 0.00428794418
  endloop
 endfacet

 facet normal -0.293431044 0.464384198 0.835610867
  outer loop
  vertex -0.149361014 0.0287095066 0.00428794418
  vertex -0.149470627 0.0286402423 0.00428794418
  vertex -0.149445578 0.0286056101 0.00431598444
  endloop
 endfacet

 facet normal -0.281727612 0.45702827 0.843655586
  outer loop
  vertex -0.149361014 0.0287095066 0.00428794418
  vertex -0.149445578 0.0286056101 0.00431598444
  vertex -0.149338335 0.0286717266 0.00431598444
  endloop
 endfacet

 facet normal -0.332182407 0.436702818 0.836029649
  outer loop
  vertex -0.149445578 0.0286056101 0.00431598444
  vertex -0.149470627 0.0286402423 0.00428794418
  vertex -0.149574101 0.0285615325 0.00428794418
  endloop
 endfacet

 facet normal -0.327486604 0.414800614 0.848936319
  outer loop
  vertex -0.149445578 0.0286056101 0.00431598444
  vertex -0.149574101 0.0285615325 0.00428794418
  vertex -0.149545282 0.0285269003 0.00431598444
  endloop
 endfacet

 facet normal -0.339069068 0.31803143 0.885374665
  outer loop
  vertex -0.149606228 0.0284072626 0.00434090989
  vertex -0.149638832 0.0284418948 0.00431598444
  vertex -0.149688914 0.0283191074 0.00434090989
  endloop
 endfacet

 facet normal -0.324400783 0.248135075 0.912794232
  outer loop
  vertex -0.149688914 0.0283191074 0.00434090989
  vertex -0.149763569 0.0282215085 0.00434090989
  vertex -0.149723887 0.0281931721 0.00436271774
  endloop
 endfacet

 facet normal -0.324122876 0.24807772 0.912908494
  outer loop
  vertex -0.149688914 0.0283191074 0.00434090989
  vertex -0.149723887 0.0281931721 0.00436271774
  vertex -0.149651587 0.0282876231 0.00436271774
  endloop
 endfacet

 facet normal -0.360414028 0.324533701 0.874516845
  outer loop
  vertex -0.149688914 0.0283191074 0.00434090989
  vertex -0.149638832 0.0284418948 0.00431598444
  vertex -0.149723887 0.0283474438 0.00431598444
  endloop
 endfacet

 facet normal -0.38494125 0.294442624 0.87471354
  outer loop
  vertex -0.149688914 0.0283191074 0.00434090989
  vertex -0.149723887 0.0283474438 0.00431598444
  vertex -0.149763569 0.0282215085 0.00434090989
  endloop
 endfacet

 facet normal -0.355566114 0.39131403 0.848791003
  outer loop
  vertex -0.149545282 0.0285269003 0.00431598444
  vertex -0.149574101 0.0285615325 0.00428794418
  vertex -0.149638832 0.0284418948 0.00431598444
  endloop
 endfacet

 facet normal -0.397823662 0.358219087 0.844639242
  outer loop
  vertex -0.149638832 0.0284418948 0.00431598444
  vertex -0.149757907 0.0283757783 0.00428794418
  vertex -0.149723887 0.0283474438 0.00431598444
  endloop
 endfacet

 facet normal -0.364846557 0.395006835 0.843123138
  outer loop
  vertex -0.149638832 0.0284418948 0.00431598444
  vertex -0.149574101 0.0285615325 0.00428794418
  vertex -0.149669543 0.0284733772 0.00428794418
  endloop
 endfacet

 facet normal -0.399075925 0.361278415 0.842743337
  outer loop
  vertex -0.149638832 0.0284418948 0.00431598444
  vertex -0.149669543 0.0284733772 0.00428794418
  vertex -0.149757907 0.0283757783 0.00428794418
  endloop
 endfacet

 facet normal -0.345528364 0.218418881 0.912635446
  outer loop
  vertex -0.149723887 0.0281931721 0.00436271774
  vertex -0.149763569 0.0282215085 0.00434090989
  vertex -0.149829254 0.028117612 0.00434090989
  endloop
 endfacet

 facet normal -0.395993829 0.2503196 0.883475542
  outer loop
  vertex -0.149829254 0.028117612 0.00434090989
  vertex -0.149763569 0.0282215085 0.00434090989
  vertex -0.149868935 0.0281427987 0.00431598444
  endloop
 endfacet

 facet normal -0.474707842 0.245386705 0.845244288
  outer loop
  vertex -0.149927527 0.0280294567 0.00431598444
  vertex -0.149868935 0.0281427987 0.00431598444
  vertex -0.149967685 0.0280483477 0.00428794418
  endloop
 endfacet

 facet normal -0.476031959 0.247144505 0.843986511
  outer loop
  vertex -0.149868935 0.0281427987 0.00431598444
  vertex -0.149907202 0.0281648375 0.00428794418
  vertex -0.149967685 0.0280483477 0.00428794418
  endloop
 endfacet

 facet normal -0.405182779 0.265341222 0.874883413
  outer loop
  vertex -0.149868935 0.0281427987 0.00431598444
  vertex -0.149763569 0.0282215085 0.00434090989
  vertex -0.149800897 0.0282466952 0.00431598444
  endloop
 endfacet

 facet normal -0.447892368 0.293310344 0.844607294
  outer loop
  vertex -0.149868935 0.0281427987 0.00431598444
  vertex -0.149800897 0.0282466952 0.00431598444
  vertex -0.149837285 0.0282718819 0.00428794418
  endloop
 endfacet

 facet normal -0.449241102 0.293473125 0.843834102
  outer loop
  vertex -0.149868935 0.0281427987 0.00431598444
  vertex -0.149837285 0.0282718819 0.00428794418
  vertex -0.149907202 0.0281648375 0.00428794418
  endloop
 endfacet

 facet normal -0.538636327 0.279647201 0.794775665
  outer loop
  vertex -0.149967685 0.0280483477 0.00428794418
  vertex -0.149907202 0.0281648375 0.00428794418
  vertex -0.15000549 0.0280640889 0.00425678818
  endloop
 endfacet

 facet normal -0.540057242 0.281538516 0.793141961
  outer loop
  vertex -0.15000549 0.0280640889 0.00425678818
  vertex -0.149907202 0.0281648375 0.00428794418
  vertex -0.149943113 0.0281837266 0.00425678818
  endloop
 endfacet

 facet normal -0.579150081 0.301918089 0.757252097
  outer loop
  vertex -0.15000549 0.0280640889 0.00425678818
  vertex -0.149943113 0.0281837266 0.00425678818
  vertex -0.150040448 0.0280829798 0.00422251597
  endloop
 endfacet

 facet normal -0.584252954 0.309190243 0.750366569
  outer loop
  vertex -0.150040448 0.0280829798 0.00422251597
  vertex -0.149943113 0.0281837266 0.00425678818
  vertex -0.149977133 0.0282026175 0.00422251597
  endloop
 endfacet

 facet normal -0.660781503 0.349689692 0.664142251
  outer loop
  vertex -0.150040448 0.0280829798 0.00422251597
  vertex -0.149977133 0.0282026175 0.00422251597
  vertex -0.150007844 0.0282215085 0.00418201322
  endloop
 endfacet

 facet normal -0.6828866 0.348438948 0.642071843
  outer loop
  vertex -0.150040448 0.0280829798 0.00422251597
  vertex -0.150007844 0.0282215085 0.00418201322
  vertex -0.150072113 0.0280955732 0.00418201322
  endloop
 endfacet

 facet normal -0.77431792 0.318181038 0.54698503
  outer loop
  vertex -0.150155738 0.0279790834 0.00414151046
  vertex -0.150101393 0.0281113144 0.00414151046
  vertex -0.150182664 0.027988527 0.00409789151
  endloop
 endfacet

 facet normal -0.688482106 0.351293981 0.634495795
  outer loop
  vertex -0.150072113 0.0280955732 0.00418201322
  vertex -0.150007844 0.0282215085 0.00418201322
  vertex -0.150101393 0.0281113144 0.00414151046
  endloop
 endfacet

 facet normal -0.784561038 0.333601594 0.522660494
  outer loop
  vertex -0.150101393 0.0281113144 0.00414151046
  vertex -0.150126442 0.0281207599 0.00409789151
  vertex -0.150182664 0.027988527 0.00409789151
  endloop
 endfacet

 facet normal -0.698155224 0.366708308 0.614901841
  outer loop
  vertex -0.150101393 0.0281113144 0.00414151046
  vertex -0.150007844 0.0282215085 0.00418201322
  vertex -0.150035247 0.0282372497 0.00414151046
  endloop
 endfacet

 facet normal -0.754536092 0.396322578 0.523071408
  outer loop
  vertex -0.150101393 0.0281113144 0.00414151046
  vertex -0.150035247 0.0282372497 0.00414151046
  vertex -0.15005888 0.028249843 0.00409789151
  endloop
 endfacet

 facet normal -0.756670594 0.396065712 0.520174742
  outer loop
  vertex -0.150101393 0.0281113144 0.00414151046
  vertex -0.15005888 0.028249843 0.00409789151
  vertex -0.150126442 0.0281207599 0.00409789151
  endloop
 endfacet

 facet normal -0.852317095 0.267194122 0.449625373
  outer loop
  vertex -0.150249764 0.0278531481 0.0040511582
  vertex -0.150182664 0.027988527 0.00409789151
  vertex -0.150205344 0.0279948246 0.0040511582
  endloop
 endfacet

 facet normal -0.877961636 0.275233448 0.391701311
  outer loop
  vertex -0.150249764 0.0278531481 0.0040511582
  vertex -0.150205344 0.0279948246 0.0040511582
  vertex -0.150695324 0.0279350057 0.00299496599
  endloop
 endfacet

 facet normal -0.808816373 0.343915164 0.477009892
  outer loop
  vertex -0.150182664 0.027988527 0.00409789151
  vertex -0.150126442 0.0281207599 0.00409789151
  vertex -0.150148645 0.0281333532 0.0040511582
  endloop
 endfacet

 facet normal -0.827720046 0.338779628 0.44733423
  outer loop
  vertex -0.150182664 0.027988527 0.00409789151
  vertex -0.150148645 0.0281333532 0.0040511582
  vertex -0.150205344 0.0279948246 0.0040511582
  endloop
 endfacet

 facet normal -0.991531789 0.129864484 -2.09746258e-06
  outer loop
  vertex -0.15075627 0.0275886841 0.00249023759
  vertex -0.15073359 0.0277618449 0.00249023759
  vertex -0.150755793 0.0275918338 -0.0257963743
  endloop
 endfacet

 facet normal -0.998964131 0.0455067717 -1.1611115e-05
  outer loop
  vertex -0.15075627 0.0275886841 0.00249023759
  vertex -0.150755793 0.0275918338 -0.0257963743
  vertex -0.150763825 0.0274155252 -0.0257963743
  endloop
 endfacet

 facet normal -0.976735532 0.214447469 -8.74105535e-06
  outer loop
  vertex -0.15073359 0.0277618449 0.00249023759
  vertex -0.150696263 0.0279318579 0.00249023759
  vertex -0.150695324 0.0279350057 -0.0257963743
  endloop
 endfacet

 facet normal -0.976737201 0.214440033 -8.78865467e-06
  outer loop
  vertex -0.15073359 0.0277618449 0.00249023759
  vertex -0.150695324 0.0279350057 -0.0257963743
  vertex -0.150732651 0.0277649928 -0.0257963743
  endloop
 endfacet

 facet normal -0.991179168 0.132528961 -1.83887787e-05
  outer loop
  vertex -0.15073359 0.0277618449 0.00249023759
  vertex -0.150732651 0.0277649928 -0.0257963743
  vertex -0.150755793 0.0275918338 -0.0257963743
  endloop
 endfacet

 facet normal -0.877245784 0.278212488 0.391200483
  outer loop
  vertex -0.150695324 0.0279350057 0.00299496599
  vertex -0.150205344 0.0279948246 0.0040511582
  vertex -0.150642395 0.0281018689 0.00299496599
  endloop
 endfacet

 facet normal -0.953211427 0.302304476 0
  outer loop
  vertex -0.150695324 0.0279350057 0.00299496599
  vertex -0.150642395 0.0281018689 0.00299496599
  vertex -0.150642395 0.0281018689 -0.0257963743
  endloop
 endfacet

 facet normal -0.953211427 0.302304476 0
  outer loop
  vertex -0.150695324 0.0279350057 0.00299496599
  vertex -0.150642395 0.0281018689 -0.0257963743
  vertex -0.150695324 0.0279350057 -0.0257963743
  endloop
 endfacet

 facet normal -0.957837582 0.287310094 0
  outer loop
  vertex -0.150695324 0.0279350057 0.00299496599
  vertex -0.150695324 0.0279350057 -0.0257963743
  vertex -0.150696263 0.0279318579 0.00249023759
  endloop
 endfacet

 facet normal -0.00896113925 -0.000353894546 -0.999959826
  outer loop
  vertex -0.150713742 0.00252132583 -0.0272980966
  vertex -0.147565082 0.0108267376 -0.027329253
  vertex -0.150706664 0.00234186859 -0.0272980966
  endloop
 endfacet

 facet normal -0.0074576824 -0.000910603791 -0.999971807
  outer loop
  vertex -0.150706664 0.00234186859 -0.0272980966
  vertex -0.147565082 0.0108267376 -0.027329253
  vertex -0.150362208 -0.000479075214 -0.0272980966
  endloop
 endfacet

 facet normal -0.00516893435 -0.00158017292 -0.999985397
  outer loop
  vertex -0.150362208 -0.000479075214 -0.0272980966
  vertex -0.146930531 0.00801209081 -0.027329253
  vertex -0.146904543 0.00792708527 -0.027329253
  endloop
 endfacet

 facet normal -0.00442522671 -0.00188609061 -0.999988496
  outer loop
  vertex -0.150362208 -0.000479075214 -0.0272980966
  vertex -0.146904543 0.00792708527 -0.027329253
  vertex -0.146871001 0.00784837548 -0.027329253
  endloop
 endfacet

 facet normal -0.00412516575 -0.00201189239 -0.99998945
  outer loop
  vertex -0.150362208 -0.000479075214 -0.0272980966
  vertex -0.146871001 0.00784837548 -0.027329253
  vertex -0.146858707 0.00782318879 -0.027329253
  endloop
 endfacet

 facet normal -0.00398018304 -0.00207307609 -0.999989927
  outer loop
  vertex -0.150362208 -0.000479075214 -0.0272980966
  vertex -0.146858707 0.00782318879 -0.027329253
  vertex -0.146830827 0.00776966615 -0.027329253
  endloop
 endfacet

 facet normal -0.00349529251 -0.00228066859 -0.999991357
  outer loop
  vertex -0.150362208 -0.000479075214 -0.0272980966
  vertex -0.146830827 0.00776966615 -0.027329253
  vertex -0.14678359 0.00769725349 -0.027329253
  endloop
 endfacet

 facet normal -0.00318901963 -0.00241472037 -0.999992013
  outer loop
  vertex -0.150362208 -0.000479075214 -0.0272980966
  vertex -0.14678359 0.00769725349 -0.027329253
  vertex -0.146731138 0.00762798963 -0.027329253
  endloop
 endfacet

 facet normal -0.00286542973 -0.00255965604 -0.999992609
  outer loop
  vertex -0.150362208 -0.000479075214 -0.0272980966
  vertex -0.146731138 0.00762798963 -0.027329253
  vertex -0.14667207 0.00756187318 -0.027329253
  endloop
 endfacet

 facet normal -0.00241991132 -0.00276411488 -0.999993265
  outer loop
  vertex -0.150362208 -0.000479075214 -0.0272980966
  vertex -0.14667207 0.00756187318 -0.027329253
  vertex -0.146607339 0.00750520313 -0.027329253
  endloop
 endfacet

 facet normal -0.00221822271 -0.00285896589 -0.999993443
  outer loop
  vertex -0.150362208 -0.000479075214 -0.0272980966
  vertex -0.146607339 0.00750520313 -0.027329253
  vertex -0.146538362 0.00745168002 -0.027329253
  endloop
 endfacet

 facet normal -0.00204303651 -0.00294343359 -0.999993563
  outer loop
  vertex -0.150362208 -0.000479075214 -0.0272980966
  vertex -0.146538362 0.00745168002 -0.027329253
  vertex -0.146515682 0.00743593834 -0.027329253
  endloop
 endfacet

 facet normal -0.00188179314 -0.00302179484 -0.999993682
  outer loop
  vertex -0.150362208 -0.000479075214 -0.0272980966
  vertex -0.146515682 0.00743593834 -0.027329253
  vertex -0.146465123 0.00740445498 -0.027329253
  endloop
 endfacet

 facet normal -0.00165526033 -0.0031337773 -0.999993682
  outer loop
  vertex -0.150362208 -0.000479075214 -0.0272980966
  vertex -0.146465123 0.00740445498 -0.027329253
  vertex -0.146387637 0.00736352568 -0.027329253
  endloop
 endfacet

 facet normal -0.00129272533 -0.00331750768 -0.999993682
  outer loop
  vertex -0.150362208 -0.000479075214 -0.0272980966
  vertex -0.146387637 0.00736352568 -0.027329253
  vertex -0.146306843 0.00733204233 -0.027329253
  endloop
 endfacet

 facet normal -0.00123857381 -0.00334562175 -0.999993682
  outer loop
  vertex -0.150362208 -0.000479075214 -0.0272980966
  vertex -0.146306843 0.00733204233 -0.027329253
  vertex -0.146281332 0.00732259685 -0.027329253
  endloop
 endfacet

 facet normal -0.000947460416 -0.00349789578 -0.999993443
  outer loop
  vertex -0.150362208 -0.000479075214 -0.0272980966
  vertex -0.146281332 0.00732259685 -0.027329253
  vertex -0.146223217 0.00730685517 -0.027329253
  endloop
 endfacet

 facet normal -0.00091586099 -0.00351469405 -0.999993443
  outer loop
  vertex -0.150362208 -0.000479075214 -0.0272980966
  vertex -0.146223217 0.00730685517 -0.027329253
  vertex -0.146138638 0.00728481635 -0.027329253
  endloop
 endfacet

 facet normal -0.000448393926 -0.00376899494 -0.999992788
  outer loop
  vertex -0.150362208 -0.000479075214 -0.0272980966
  vertex -0.146138638 0.00728481635 -0.027329253
  vertex -0.146112174 0.00728166848 -0.027329253
  endloop
 endfacet

 facet normal -0.00041167147 -0.00378910569 -0.999992788
  outer loop
  vertex -0.150362208 -0.000479075214 -0.0272980966
  vertex -0.146112174 0.00728166848 -0.027329253
  vertex -0.14602524 0.00727222301 -0.027329253
  endloop
 endfacet

 facet normal -0.000203329066 -0.00390567444 -0.999992371
  outer loop
  vertex -0.150362208 -0.000479075214 -0.0272980966
  vertex -0.14602524 0.00727222301 -0.027329253
  vertex -0.145964757 0.00726907467 -0.027329253
  endloop
 endfacet

 facet normal -0.00582783995 -0.00131386553 -0.999982119
  outer loop
  vertex -0.150362208 -0.000479075214 -0.0272980966
  vertex -0.147565082 0.0108267376 -0.027329253
  vertex -0.146930531 0.00801209081 -0.027329253
  endloop
 endfacet

 facet normal -0.997957349 0.0454609096 -0.0448833629
  outer loop
  vertex -0.150763825 0.0274155252 -0.0257963743
  vertex -0.150755793 0.0275918338 -0.0257963743
  vertex -0.150706187 0.0271982867 -0.0272980966
  endloop
 endfacet

 facet normal -0.998163342 0.0413285084 -0.0442934744
  outer loop
  vertex -0.150763825 0.0274155252 -0.0257963743
  vertex -0.150706187 0.0271982867 -0.0272980966
  vertex -0.150713742 0.0270156804 -0.0272980966
  endloop
 endfacet

 facet normal -0.989231348 0.130222887 -0.0668080747
  outer loop
  vertex -0.150706187 0.0271982867 -0.0272980966
  vertex -0.150755793 0.0275918338 -0.0257963743
  vertex -0.150682554 0.0273777433 -0.0272980966
  endloop
 endfacet

 facet normal -0.988946617 0.132230461 -0.0670803934
  outer loop
  vertex -0.150682554 0.0273777433 -0.0272980966
  vertex -0.150755793 0.0275918338 -0.0257963743
  vertex -0.150732651 0.0277649928 -0.0257963743
  endloop
 endfacet

 facet normal -0.97298789 0.213616893 -0.0875352845
  outer loop
  vertex -0.150682554 0.0273777433 -0.0272980966
  vertex -0.150732651 0.0277649928 -0.0257963743
  vertex -0.150695324 0.0279350057 -0.0257963743
  endloop
 endfacet

 facet normal -0.972313046 0.216270193 -0.0885141417
  outer loop
  vertex -0.150682554 0.0273777433 -0.0272980966
  vertex -0.150695324 0.0279350057 -0.0257963743
  vertex -0.150643349 0.027554052 -0.0272980966
  endloop
 endfacet

 facet normal -0.948513448 0.297635168 -0.10833095
  outer loop
  vertex -0.150643349 0.027554052 -0.0272980966
  vertex -0.150695324 0.0279350057 -0.0257963743
  vertex -0.150589004 0.0277272128 -0.0272980966
  endloop
 endfacet

 facet normal -0.947567165 0.30051446 -0.108662367
  outer loop
  vertex -0.150589004 0.0277272128 -0.0272980966
  vertex -0.150695324 0.0279350057 -0.0257963743
  vertex -0.150642395 0.0281018689 -0.0257963743
  endloop
 endfacet

 facet normal -0.917616963 0.376758158 -0.126619175
  outer loop
  vertex -0.150589004 0.0277272128 -0.0272980966
  vertex -0.150642395 0.0281018689 -0.0257963743
  vertex -0.150520504 0.0278940778 -0.0272980966
  endloop
 endfacet

 facet normal -0.917158246 0.377836108 -0.126731098
  outer loop
  vertex -0.150520504 0.0278940778 -0.0272980966
  vertex -0.150642395 0.0281018689 -0.0257963743
  vertex -0.150576249 0.0282624364 -0.0257963743
  endloop
 endfacet

 facet normal -0.878694236 0.455070198 -0.144247904
  outer loop
  vertex -0.150520504 0.0278940778 -0.0272980966
  vertex -0.150576249 0.0282624364 -0.0257963743
  vertex -0.15043734 0.0280546453 -0.0272980966
  endloop
 endfacet

 facet normal -0.875422597 0.461163342 -0.14478837
  outer loop
  vertex -0.15043734 0.0280546453 -0.0272980966
  vertex -0.150576249 0.0282624364 -0.0257963743
  vertex -0.150494978 0.0284167081 -0.0257963743
  endloop
 endfacet

 facet normal -0.837381363 0.523199916 -0.158285111
  outer loop
  vertex -0.15043734 0.0280546453 -0.0272980966
  vertex -0.150494978 0.0284167081 -0.0257963743
  vertex -0.150340945 0.0282089133 -0.0272980966
  endloop
 endfacet

 facet normal -0.835765302 0.525722504 -0.158468395
  outer loop
  vertex -0.150340945 0.0282089133 -0.0272980966
  vertex -0.150494978 0.0284167081 -0.0257963743
  vertex -0.150401905 0.0285646822 -0.0257963743
  endloop
 endfacet

 facet normal -0.786652267 0.592844427 -0.172376618
  outer loop
  vertex -0.150340945 0.0282089133 -0.0272980966
  vertex -0.150401905 0.0285646822 -0.0257963743
  vertex -0.150231808 0.0283537395 -0.0272980966
  endloop
 endfacet

 facet normal -0.781390667 0.59965843 -0.172737807
  outer loop
  vertex -0.150231808 0.0283537395 -0.0272980966
  vertex -0.150401905 0.0285646822 -0.0257963743
  vertex -0.150295585 0.028703209 -0.0257963743
  endloop
 endfacet

 facet normal -0.733044088 0.654946864 -0.183550611
  outer loop
  vertex -0.150231808 0.0283537395 -0.0272980966
  vertex -0.150295585 0.028703209 -0.0257963743
  vertex -0.150110856 0.0284891203 -0.0272980966
  endloop
 endfacet

 facet normal -0.718258262 0.671000481 -0.184020281
  outer loop
  vertex -0.150110856 0.0284891203 -0.0272980966
  vertex -0.150295585 0.028703209 -0.0257963743
  vertex -0.150177941 0.0288291443 -0.0257963743
  endloop
 endfacet

 facet normal -0.668623865 0.718251586 -0.19250147
  outer loop
  vertex -0.150110856 0.0284891203 -0.0272980966
  vertex -0.150177941 0.0288291443 -0.0257963743
  vertex -0.150049433 0.028948782 -0.0257963743
  endloop
 endfacet

 facet normal -0.666170239 0.720330656 -0.193238199
  outer loop
  vertex -0.150110856 0.0284891203 -0.0272980966
  vertex -0.150049433 0.028948782 -0.0257963743
  vertex -0.149978086 0.0286119059 -0.0272980966
  endloop
 endfacet

 facet normal -0.599832118 0.774165034 -0.202163026
  outer loop
  vertex -0.149978086 0.0286119059 -0.0272980966
  vertex -0.150049433 0.028948782 -0.0257963743
  vertex -0.149835855 0.0287221 -0.0272980966
  endloop
 endfacet

 facet normal -0.599066854 0.774762332 -0.202144369
  outer loop
  vertex -0.149835855 0.0287221 -0.0272980966
  vertex -0.150049433 0.028948782 -0.0257963743
  vertex -0.149910986 0.0290558264 -0.0257963743
  endloop
 endfacet

 facet normal -0.54001683 0.815486193 -0.20824039
  outer loop
  vertex -0.149835855 0.0287221 -0.0272980966
  vertex -0.149910986 0.0290558264 -0.0257963743
  vertex -0.149683714 0.0288228486 -0.0272980966
  endloop
 endfacet

 facet normal -0.519522607 0.828947008 -0.20722717
  outer loop
  vertex -0.149683714 0.0288228486 -0.0272980966
  vertex -0.149910986 0.0290558264 -0.0257963743
  vertex -0.149761677 0.0291408338 -0.025830647
  endloop
 endfacet

 facet normal -0.460315347 0.862243295 -0.211296678
  outer loop
  vertex -0.149683714 0.0288228486 -0.0272980966
  vertex -0.149761677 0.0291408338 -0.025830647
  vertex -0.149524495 0.0289078541 -0.0272980966
  endloop
 endfacet

 facet normal -0.451979607 0.86679405 -0.210671887
  outer loop
  vertex -0.149524495 0.0289078541 -0.0272980966
  vertex -0.149761677 0.0291408338 -0.025830647
  vertex -0.149608597 0.029228989 -0.0257963743
  endloop
 endfacet

 facet normal -0.37584576 0.901666105 -0.213865265
  outer loop
  vertex -0.149524495 0.0289078541 -0.0272980966
  vertex -0.149608597 0.029228989 -0.0257963743
  vertex -0.149445578 0.0292888079 -0.025830647
  endloop
 endfacet

 facet normal -0.374635041 0.902126014 -0.214049742
  outer loop
  vertex -0.149524495 0.0289078541 -0.0272980966
  vertex -0.149445578 0.0292888079 -0.025830647
  vertex -0.149357706 0.0289771166 -0.0272980966
  endloop
 endfacet

 facet normal -0.321611226 0.92211169 -0.215119243
  outer loop
  vertex -0.149357706 0.0289771166 -0.0272980966
  vertex -0.149445578 0.0292888079 -0.025830647
  vertex -0.149186194 0.0290369373 -0.0272980966
  endloop
 endfacet

 facet normal -0.294041753 0.931997716 -0.211942703
  outer loop
  vertex -0.149186194 0.0290369373 -0.0272980966
  vertex -0.149445578 0.0292888079 -0.025830647
  vertex -0.149280682 0.0293486249 -0.0257963743
  endloop
 endfacet

 facet normal -0.221098453 0.952038944 -0.211512253
  outer loop
  vertex -0.149186194 0.0290369373 -0.0272980966
  vertex -0.149280682 0.0293486249 -0.0257963743
  vertex -0.149009958 0.029077867 -0.0272980966
  endloop
 endfacet

 facet normal -0.299075335 0.934643507 -0.19234176
  outer loop
  vertex -0.149280682 0.0293486249 -0.0257963743
  vertex -0.149445578 0.0292888079 -0.025830647
  vertex -0.149447948 0.0292951036 -0.0257963743
  endloop
 endfacet

 facet normal -0.373472184 0.907453716 -0.192474216
  outer loop
  vertex -0.149447948 0.0292951036 -0.0257963743
  vertex -0.149445578 0.0292888079 -0.025830647
  vertex -0.149608597 0.029228989 -0.0257963743
  endloop
 endfacet

 facet normal -0.380588412 0.924744546 -3.17851918e-05
  outer loop
  vertex -0.149447948 0.0292951036 -0.0257963743
  vertex -0.149608597 0.029228989 -0.0257963743
  vertex -0.149610952 0.029228989 0.00249023759
  endloop
 endfacet

 facet normal -0.380588412 0.924744546 -3.17851918e-05
  outer loop
  vertex -0.149447948 0.0292951036 -0.0257963743
  vertex -0.149610952 0.029228989 0.00249023759
  vertex -0.149450317 0.0292951036 0.00249023759
  endloop
 endfacet

 facet normal -0.380587876 0.924743116 0.00178134162
  outer loop
  vertex -0.149450317 0.0292951036 0.00249023759
  vertex -0.149610952 0.029228989 0.00249023759
  vertex -0.149608597 0.029228989 0.00299496599
  endloop
 endfacet

 facet normal -0.380587876 0.924743116 0.00178134162
  outer loop
  vertex -0.149450317 0.0292951036 0.00249023759
  vertex -0.149608597 0.029228989 0.00299496599
  vertex -0.149447948 0.0292951036 0.00299496599
  endloop
 endfacet

 facet normal -0.360352427 0.875575662 0.321734965
  outer loop
  vertex -0.149447948 0.0292951036 0.00299496599
  vertex -0.149608597 0.029228989 0.00299496599
  vertex -0.149337381 0.0289708208 0.0040013073
  endloop
 endfacet

 facet normal -0.435082376 0.836959064 0.33196798
  outer loop
  vertex -0.149337381 0.0289708208 0.0040013073
  vertex -0.149608597 0.029228989 0.00299496599
  vertex -0.149470627 0.0289015584 0.0040013073
  endloop
 endfacet

 facet normal -0.507338166 0.781879306 0.362315893
  outer loop
  vertex -0.149470627 0.0289015584 0.0040013073
  vertex -0.149596781 0.0288196988 0.0040013073
  vertex -0.149585441 0.0288039576 0.0040511582
  endloop
 endfacet

 facet normal -0.488598764 0.777253568 0.396419376
  outer loop
  vertex -0.149470627 0.0289015584 0.0040013073
  vertex -0.149585441 0.0288039576 0.0040511582
  vertex -0.149460226 0.0288826674 0.0040511582
  endloop
 endfacet

 facet normal -0.440588117 0.834138811 0.331805199
  outer loop
  vertex -0.149470627 0.0289015584 0.0040013073
  vertex -0.149608597 0.029228989 0.00299496599
  vertex -0.149763569 0.0291471295 0.00299496599
  endloop
 endfacet

 facet normal -0.495304465 0.799705207 0.339330375
  outer loop
  vertex -0.149470627 0.0289015584 0.0040013073
  vertex -0.149763569 0.0291471295 0.00299496599
  vertex -0.149910986 0.0290558264 0.00299496599
  endloop
 endfacet

 facet normal -0.511031508 0.787571311 0.344352126
  outer loop
  vertex -0.149470627 0.0289015584 0.0040013073
  vertex -0.149910986 0.0290558264 0.00299496599
  vertex -0.149596781 0.0288196988 0.0040013073
  endloop
 endfacet

 facet normal -0.479399055 0.762618899 0.434268296
  outer loop
  vertex -0.149460226 0.0288826674 0.0040511582
  vertex -0.149585441 0.0288039576 0.0040511582
  vertex -0.149447948 0.0288637765 0.00409789151
  endloop
 endfacet

 facet normal -0.480459809 0.752768278 0.449998111
  outer loop
  vertex -0.149447948 0.0288637765 0.00409789151
  vertex -0.149585441 0.0288039576 0.0040511582
  vertex -0.14957127 0.0287850667 0.00409789151
  endloop
 endfacet

 facet normal -0.449903071 0.704892993 0.548373222
  outer loop
  vertex -0.149447948 0.0288637765 0.00409789151
  vertex -0.14957127 0.0287850667 0.00409789151
  vertex -0.149434239 0.0288385898 0.00414151046
  endloop
 endfacet

 facet normal -0.449994862 0.691530645 0.565057516
  outer loop
  vertex -0.149434239 0.0288385898 0.00414151046
  vertex -0.14957127 0.0287850667 0.00409789151
  vertex -0.149555206 0.02875988 0.00414151046
  endloop
 endfacet

 facet normal -0.43095395 0.662269533 0.612925649
  outer loop
  vertex -0.149434239 0.0288385898 0.00414151046
  vertex -0.149555206 0.02875988 0.00414151046
  vertex -0.149536297 0.0287346933 0.00418201322
  endloop
 endfacet

 facet normal -0.422666281 0.658097267 0.623106122
  outer loop
  vertex -0.149434239 0.0288385898 0.00414151046
  vertex -0.149536297 0.0287346933 0.00418201322
  vertex -0.149418652 0.0288102534 0.00418201322
  endloop
 endfacet

 facet normal -0.409781337 0.638035238 0.651912808
  outer loop
  vertex -0.149418652 0.0288102534 0.00418201322
  vertex -0.149536297 0.0287346933 0.00418201322
  vertex -0.149515986 0.0287063587 0.00422251597
  endloop
 endfacet

 facet normal -0.459552497 0.602819324 0.652242601
  outer loop
  vertex -0.149515986 0.0287063587 0.00422251597
  vertex -0.149536297 0.0287346933 0.00418201322
  vertex -0.149647817 0.0286496859 0.00418201322
  endloop
 endfacet

 facet normal -0.458034337 0.590643108 0.664338231
  outer loop
  vertex -0.149515986 0.0287063587 0.00422251597
  vertex -0.149647817 0.0286496859 0.00418201322
  vertex -0.149625599 0.0286213513 0.00422251597
  endloop
 endfacet

 facet normal -0.411995143 0.531274855 0.740274966
  outer loop
  vertex -0.149515986 0.0287063587 0.00422251597
  vertex -0.149625599 0.0286213513 0.00422251597
  vertex -0.149600565 0.0285930168 0.00425678818
  endloop
 endfacet

 facet normal -0.407388896 0.529080331 0.744384587
  outer loop
  vertex -0.149515986 0.0287063587 0.00422251597
  vertex -0.149600565 0.0285930168 0.00425678818
  vertex -0.149494246 0.0286748745 0.00425678818
  endloop
 endfacet

 facet normal -0.368625671 0.478738159 0.796821833
  outer loop
  vertex -0.149494246 0.0286748745 0.00425678818
  vertex -0.149600565 0.0285930168 0.00425678818
  vertex -0.149574101 0.0285615325 0.00428794418
  endloop
 endfacet

 facet normal -0.361436784 0.475162089 0.802237213
  outer loop
  vertex -0.149494246 0.0286748745 0.00425678818
  vertex -0.149574101 0.0285615325 0.00428794418
  vertex -0.149470627 0.0286402423 0.00428794418
  endloop
 endfacet

 facet normal -0.408417791 0.442179888 0.798543632
  outer loop
  vertex -0.149574101 0.0285615325 0.00428794418
  vertex -0.149699777 0.0285017136 0.00425678818
  vertex -0.149669543 0.0284733772 0.00428794418
  endloop
 endfacet

 facet normal -0.409157813 0.444646299 0.796793342
  outer loop
  vertex -0.149574101 0.0285615325 0.00428794418
  vertex -0.149600565 0.0285930168 0.00425678818
  vertex -0.149699777 0.0285017136 0.00425678818
  endloop
 endfacet

 facet normal -0.385271668 0.294513285 0.874544322
  outer loop
  vertex -0.149763569 0.0282215085 0.00434090989
  vertex -0.149723887 0.0283474438 0.00431598444
  vertex -0.149800897 0.0282466952 0.00431598444
  endloop
 endfacet

 facet normal -0.425344527 0.325146168 0.844607592
  outer loop
  vertex -0.149723887 0.0283474438 0.00431598444
  vertex -0.149757907 0.0283757783 0.00428794418
  vertex -0.149800897 0.0282466952 0.00431598444
  endloop
 endfacet

 facet normal -0.438407481 0.396884769 0.806400299
  outer loop
  vertex -0.149757907 0.0283757783 0.00428794418
  vertex -0.149669543 0.0284733772 0.00428794418
  vertex -0.149789557 0.0284041129 0.00425678818
  endloop
 endfacet

 facet normal -0.470834494 0.359723508 0.805551946
  outer loop
  vertex -0.149757907 0.0283757783 0.00428794418
  vertex -0.149789557 0.0284041129 0.00425678818
  vertex -0.149837285 0.0282718819 0.00428794418
  endloop
 endfacet

 facet normal -0.425663054 0.325211942 0.844421804
  outer loop
  vertex -0.149757907 0.0283757783 0.00428794418
  vertex -0.149837285 0.0282718819 0.00428794418
  vertex -0.149800897 0.0282466952 0.00431598444
  endloop
 endfacet

 facet normal -0.44230184 0.406833231 0.799284637
  outer loop
  vertex -0.149669543 0.0284733772 0.00428794418
  vertex -0.149699777 0.0285017136 0.00425678818
  vertex -0.149789557 0.0284041129 0.00425678818
  endloop
 endfacet

 facet normal -0.496835172 0.324564636 0.804868102
  outer loop
  vertex -0.149907202 0.0281648375 0.00428794418
  vertex -0.149837285 0.0282718819 0.00428794418
  vertex -0.149871305 0.0282970686 0.00425678818
  endloop
 endfacet

 facet normal -0.515501142 0.326645911 0.792187572
  outer loop
  vertex -0.149907202 0.0281648375 0.00428794418
  vertex -0.149871305 0.0282970686 0.00425678818
  vertex -0.149943113 0.0281837266 0.00425678818
  endloop
 endfacet

 facet normal -0.471172035 0.359791607 0.805324197
  outer loop
  vertex -0.149837285 0.0282718819 0.00428794418
  vertex -0.149789557 0.0284041129 0.00425678818
  vertex -0.149871305 0.0282970686 0.00425678818
  endloop
 endfacet

 facet normal -0.558827758 0.354099691 0.749883354
  outer loop
  vertex -0.149943113 0.0281837266 0.00425678818
  vertex -0.149871305 0.0282970686 0.00425678818
  vertex -0.149977133 0.0282026175 0.00422251597
  endloop
 endfacet

 facet normal -0.560518324 0.356942654 0.747269213
  outer loop
  vertex -0.149977133 0.0282026175 0.00422251597
  vertex -0.149871305 0.0282970686 0.00425678818
  vertex -0.149902955 0.0283191074 0.00422251597
  endloop
 endfacet

 facet normal -0.630051136 0.401221722 0.664873481
  outer loop
  vertex -0.149977133 0.0282026175 0.00422251597
  vertex -0.149902955 0.0283191074 0.00422251597
  vertex -0.150007844 0.0282215085 0.00418201322
  endloop
 endfacet

 facet normal -0.637695968 0.416432589 0.64801842
  outer loop
  vertex -0.150007844 0.0282215085 0.00418201322
  vertex -0.149902955 0.0283191074 0.00422251597
  vertex -0.149931774 0.0283379983 0.00418201322
  endloop
 endfacet

 facet normal -0.653176427 0.426541746 0.625637889
  outer loop
  vertex -0.150007844 0.0282215085 0.00418201322
  vertex -0.149931774 0.0283379983 0.00418201322
  vertex -0.149958238 0.0283568874 0.00414151046
  endloop
 endfacet

 facet normal -0.663230598 0.42694971 0.614686191
  outer loop
  vertex -0.150007844 0.0282215085 0.00418201322
  vertex -0.149958238 0.0283568874 0.00414151046
  vertex -0.150035247 0.0282372497 0.00414151046
  endloop
 endfacet

 facet normal -0.7776227 0.407032728 0.479194403
  outer loop
  vertex -0.150126442 0.0281207599 0.00409789151
  vertex -0.15005888 0.028249843 0.00409789151
  vertex -0.150148645 0.0281333532 0.0040511582
  endloop
 endfacet

 facet normal -0.707685232 0.455567092 0.540037394
  outer loop
  vertex -0.150035247 0.0282372497 0.00414151046
  vertex -0.149958238 0.0283568874 0.00414151046
  vertex -0.149981394 0.0283726305 0.00409789151
  endloop
 endfacet

 facet normal -0.721289575 0.45518741 0.522059202
  outer loop
  vertex -0.150035247 0.0282372497 0.00414151046
  vertex -0.149981394 0.0283726305 0.00409789151
  vertex -0.15005888 0.028249843 0.00409789151
  endloop
 endfacet

 facet normal -0.74447149 0.469816893 0.47437793
  outer loop
  vertex -0.15005888 0.028249843 0.00409789151
  vertex -0.149981394 0.0283726305 0.00409789151
  vertex -0.150001228 0.0283883717 0.0040511582
  endloop
 endfacet

 facet normal -0.745263338 0.469749063 0.473200172
  outer loop
  vertex -0.15005888 0.028249843 0.00409789151
  vertex -0.150001228 0.0283883717 0.0040511582
  vertex -0.150080606 0.0282624364 0.0040511582
  endloop
 endfacet

 facet normal -0.779345036 0.410780966 0.473160088
  outer loop
  vertex -0.15005888 0.028249843 0.00409789151
  vertex -0.150080606 0.0282624364 0.0040511582
  vertex -0.150148645 0.0281333532 0.0040511582
  endloop
 endfacet

 facet normal -0.852864504 0.349070996 0.388292998
  outer loop
  vertex -0.150205344 0.0279948246 0.0040511582
  vertex -0.150148645 0.0281333532 0.0040511582
  vertex -0.150642395 0.0281018689 0.00299496599
  endloop
 endfacet

 facet normal -0.81702131 0.430639505 0.38343966
  outer loop
  vertex -0.150148645 0.0281333532 0.0040511582
  vertex -0.150080606 0.0282624364 0.0040511582
  vertex -0.150494978 0.0284167081 0.00299496599
  endloop
 endfacet

 facet normal -0.817126453 0.430453539 0.383424252
  outer loop
  vertex -0.150148645 0.0281333532 0.0040511582
  vertex -0.150494978 0.0284167081 0.00299496599
  vertex -0.150576249 0.0282624364 0.00299496599
  endloop
 endfacet

 facet normal -0.852207303 0.351078659 0.387925923
  outer loop
  vertex -0.150148645 0.0281333532 0.0040511582
  vertex -0.150576249 0.0282624364 0.00299496599
  vertex -0.150642395 0.0281018689 0.00299496599
  endloop
 endfacet

 facet normal -0.924613237 0.380907357 0
  outer loop
  vertex -0.150642395 0.0281018689 0.00299496599
  vertex -0.150576249 0.0282624364 0.00299496599
  vertex -0.150576249 0.0282624364 -0.0257963743
  endloop
 endfacet

 facet normal -0.924613237 0.380907357 0
  outer loop
  vertex -0.150642395 0.0281018689 0.00299496599
  vertex -0.150576249 0.0282624364 -0.0257963743
  vertex -0.150642395 0.0281018689 -0.0257963743
  endloop
 endfacet

 facet normal -0.884745479 0.466074556 0
  outer loop
  vertex -0.150576249 0.0282624364 -0.0257963743
  vertex -0.150576249 0.0282624364 0.00299496599
  vertex -0.150494978 0.0284167081 0.00299496599
  endloop
 endfacet

 facet normal -0.884745479 0.466074556 0
  outer loop
  vertex -0.150576249 0.0282624364 -0.0257963743
  vertex -0.150494978 0.0284167081 0.00299496599
  vertex -0.150494978 0.0284167081 -0.0257963743
  endloop
 endfacet

 facet normal -0.846461177 0.532450557 0
  outer loop
  vertex -0.150494978 0.0284167081 -0.0257963743
  vertex -0.150494978 0.0284167081 0.00299496599
  vertex -0.150401905 0.0285646822 0.00299496599
  endloop
 endfacet

 facet normal -0.846461177 0.532450557 0
  outer loop
  vertex -0.150494978 0.0284167081 -0.0257963743
  vertex -0.150401905 0.0285646822 0.00299496599
  vertex -0.150401905 0.0285646822 -0.0257963743
  endloop
 endfacet

 facet normal -0.793315947 0.608810127 0
  outer loop
  vertex -0.150401905 0.0285646822 -0.0257963743
  vertex -0.150401905 0.0285646822 0.00299496599
  vertex -0.150295585 0.028703209 0.00299496599
  endloop
 endfacet

 facet normal -0.793315947 0.608810127 0
  outer loop
  vertex -0.150401905 0.0285646822 -0.0257963743
  vertex -0.150295585 0.028703209 0.00299496599
  vertex -0.150295585 0.028703209 -0.0257963743
  endloop
 endfacet

 facet normal -0.730737448 0.682658613 0
  outer loop
  vertex -0.150295585 0.028703209 -0.0257963743
  vertex -0.150295585 0.028703209 0.00299496599
  vertex -0.150177941 0.0288291443 0.00299496599
  endloop
 endfacet

 facet normal -0.730737448 0.682658613 0
  outer loop
  vertex -0.150295585 0.028703209 -0.0257963743
  vertex -0.150177941 0.0288291443 0.00299496599
  vertex -0.150177941 0.0288291443 -0.0257963743
  endloop
 endfacet

 facet normal -0.681367755 0.731941342 0
  outer loop
  vertex -0.150177941 0.0288291443 -0.0257963743
  vertex -0.150177941 0.0288291443 0.00299496599
  vertex -0.150049433 0.028948782 0.00299496599
  endloop
 endfacet

 facet normal -0.681367755 0.731941342 0
  outer loop
  vertex -0.150177941 0.0288291443 -0.0257963743
  vertex -0.150049433 0.028948782 0.00299496599
  vertex -0.150049433 0.028948782 -0.0257963743
  endloop
 endfacet

 facet normal -0.611694813 0.791093826 0
  outer loop
  vertex -0.150049433 0.028948782 -0.0257963743
  vertex -0.150049433 0.028948782 0.00299496599
  vertex -0.149910986 0.0290558264 0.00299496599
  endloop
 endfacet

 facet normal -0.611694813 0.791093826 0
  outer loop
  vertex -0.150049433 0.028948782 -0.0257963743
  vertex -0.149910986 0.0290558264 0.00299496599
  vertex -0.149910986 0.0290558264 -0.0257963743
  endloop
 endfacet

 facet normal -0.533946276 0.84551847 0
  outer loop
  vertex -0.149910986 0.0290558264 -0.0257963743
  vertex -0.149910986 0.0290558264 0.00299496599
  vertex -0.1497664 0.0291471295 0.00249023759
  endloop
 endfacet

 facet normal -0.526545882 0.850146711 -5.27649172e-05
  outer loop
  vertex -0.149910986 0.0290558264 -0.0257963743
  vertex -0.1497664 0.0291471295 0.00249023759
  vertex -0.149763569 0.0291471295 -0.0257963743
  endloop
 endfacet

 facet normal -0.517737925 0.835925579 -0.182142839
  outer loop
  vertex -0.149910986 0.0290558264 -0.0257963743
  vertex -0.149763569 0.0291471295 -0.0257963743
  vertex -0.149761677 0.0291408338 -0.025830647
  endloop
 endfacet

 facet normal -0.458987564 0.868973434 -0.184974656
  outer loop
  vertex -0.149761677 0.0291408338 -0.025830647
  vertex -0.149763569 0.0291471295 -0.0257963743
  vertex -0.149608597 0.029228989 -0.0257963743
  endloop
 endfacet

 facet normal -0.467047274 0.884232402 -4.68025901e-05
  outer loop
  vertex -0.149608597 0.029228989 -0.0257963743
  vertex -0.149763569 0.0291471295 -0.0257963743
  vertex -0.1497664 0.0291471295 0.00249023759
  endloop
 endfacet

 facet normal -0.465936929 0.884818017 -3.89131565e-05
  outer loop
  vertex -0.149608597 0.029228989 -0.0257963743
  vertex -0.1497664 0.0291471295 0.00249023759
  vertex -0.149610952 0.029228989 0.00249023759
  endloop
 endfacet

 facet normal -0.465935796 0.884815872 0.00218081265
  outer loop
  vertex -0.149610952 0.029228989 0.00249023759
  vertex -0.1497664 0.0291471295 0.00249023759
  vertex -0.149608597 0.029228989 0.00299496599
  endloop
 endfacet

 facet normal -0.467045635 0.884229362 0.00262295874
  outer loop
  vertex -0.149608597 0.029228989 0.00299496599
  vertex -0.1497664 0.0291471295 0.00249023759
  vertex -0.149763569 0.0291471295 0.00299496599
  endloop
 endfacet

 facet normal -0.569964767 0.737378836 0.362508863
  outer loop
  vertex -0.149596781 0.0288196988 0.0040013073
  vertex -0.149714902 0.0287283957 0.0040013073
  vertex -0.149585441 0.0288039576 0.0040511582
  endloop
 endfacet

 facet normal -0.572324395 0.740431666 0.352428526
  outer loop
  vertex -0.149596781 0.0288196988 0.0040013073
  vertex -0.149910986 0.0290558264 0.00299496599
  vertex -0.149714902 0.0287283957 0.0040013073
  endloop
 endfacet

 facet normal -0.570839763 0.72966069 0.376480192
  outer loop
  vertex -0.149585441 0.0288039576 0.0040511582
  vertex -0.149714902 0.0287283957 0.0040013073
  vertex -0.149702147 0.0287126545 0.0040511582
  endloop
 endfacet

 facet normal -0.549965024 0.702978015 0.450955003
  outer loop
  vertex -0.149585441 0.0288039576 0.0040511582
  vertex -0.149702147 0.0287126545 0.0040511582
  vertex -0.14957127 0.0287850667 0.00409789151
  endloop
 endfacet

 facet normal -0.526543498 0.850142956 0.00295710261
  outer loop
  vertex -0.149763569 0.0291471295 0.00299496599
  vertex -0.1497664 0.0291471295 0.00249023759
  vertex -0.149910986 0.0290558264 0.00299496599
  endloop
 endfacet

 facet normal -0.572449088 0.740338087 0.352422416
  outer loop
  vertex -0.149910986 0.0290558264 0.00299496599
  vertex -0.150049433 0.028948782 0.00299496599
  vertex -0.149714902 0.0287283957 0.0040013073
  endloop
 endfacet

 facet normal -0.549916565 0.694369435 0.464158177
  outer loop
  vertex -0.14957127 0.0287850667 0.00409789151
  vertex -0.149702147 0.0287126545 0.0040511582
  vertex -0.14968656 0.0286937635 0.00409789151
  endloop
 endfacet

 facet normal -0.531956553 0.671691597 0.515608966
  outer loop
  vertex -0.14957127 0.0287850667 0.00409789151
  vertex -0.14968656 0.0286937635 0.00409789151
  vertex -0.149668127 0.0286748745 0.00414151046
  endloop
 endfacet

 facet normal -0.496663243 0.659790695 0.563916683
  outer loop
  vertex -0.14957127 0.0287850667 0.00409789151
  vertex -0.149668127 0.0286748745 0.00414151046
  vertex -0.149555206 0.02875988 0.00414151046
  endloop
 endfacet

 facet normal -0.47479865 0.630744815 0.613781154
  outer loop
  vertex -0.149555206 0.02875988 0.00414151046
  vertex -0.149668127 0.0286748745 0.00414151046
  vertex -0.149536297 0.0287346933 0.00418201322
  endloop
 endfacet

 facet normal -0.473717153 0.621399879 0.624062717
  outer loop
  vertex -0.149536297 0.0287346933 0.00418201322
  vertex -0.149668127 0.0286748745 0.00414151046
  vertex -0.149647817 0.0286496859 0.00418201322
  endloop
 endfacet

 facet normal -0.527082562 0.577441096 0.623494744
  outer loop
  vertex -0.149647817 0.0286496859 0.00418201322
  vertex -0.149668127 0.0286748745 0.00414151046
  vertex -0.149751291 0.0285552368 0.00418201322
  endloop
 endfacet

 facet normal -0.507085443 0.555533409 0.658974171
  outer loop
  vertex -0.149647817 0.0286496859 0.00418201322
  vertex -0.149751291 0.0285552368 0.00418201322
  vertex -0.149726242 0.0285300501 0.00422251597
  endloop
 endfacet

 facet normal -0.502780616 0.554202437 0.663378835
  outer loop
  vertex -0.149647817 0.0286496859 0.00418201322
  vertex -0.149726242 0.0285300501 0.00422251597
  vertex -0.149625599 0.0286213513 0.00422251597
  endloop
 endfacet

 facet normal -0.451239914 0.49739036 0.740935504
  outer loop
  vertex -0.149625599 0.0286213513 0.00422251597
  vertex -0.149726242 0.0285300501 0.00422251597
  vertex -0.149600565 0.0285930168 0.00425678818
  endloop
 endfacet

 facet normal -0.448483407 0.487382829 0.749213398
  outer loop
  vertex -0.149600565 0.0285930168 0.00425678818
  vertex -0.149726242 0.0285300501 0.00422251597
  vertex -0.149699777 0.0285017136 0.00425678818
  endloop
 endfacet

 facet normal -0.487223089 0.450136006 0.748325706
  outer loop
  vertex -0.149699777 0.0285017136 0.00425678818
  vertex -0.149726242 0.0285300501 0.00422251597
  vertex -0.149819329 0.0284292996 0.00422251597
  endloop
 endfacet

 facet normal -0.48612839 0.447145224 0.750826418
  outer loop
  vertex -0.149699777 0.0285017136 0.00425678818
  vertex -0.149819329 0.0284292996 0.00422251597
  vertex -0.149789557 0.0284041129 0.00425678818
  endloop
 endfacet

 facet normal -0.525068223 0.400947303 0.750696182
  outer loop
  vertex -0.149789557 0.0284041129 0.00425678818
  vertex -0.149819329 0.0284292996 0.00422251597
  vertex -0.149871305 0.0282970686 0.00425678818
  endloop
 endfacet

 facet normal -0.52933538 0.401736438 0.74726975
  outer loop
  vertex -0.149871305 0.0282970686 0.00425678818
  vertex -0.149819329 0.0284292996 0.00422251597
  vertex -0.149902955 0.0283191074 0.00422251597
  endloop
 endfacet

 facet normal -0.604353428 0.458671033 0.651443005
  outer loop
  vertex -0.149902955 0.0283191074 0.00422251597
  vertex -0.149819329 0.0284292996 0.00422251597
  vertex -0.149846256 0.0284513403 0.00418201322
  endloop
 endfacet

 facet normal -0.608531833 0.459161133 0.647194028
  outer loop
  vertex -0.149902955 0.0283191074 0.00422251597
  vertex -0.149846256 0.0284513403 0.00418201322
  vertex -0.149931774 0.0283379983 0.00418201322
  endloop
 endfacet

 facet normal -0.622606635 0.469781101 0.625832915
  outer loop
  vertex -0.149931774 0.0283379983 0.00418201322
  vertex -0.149846256 0.0284513403 0.00418201322
  vertex -0.149958238 0.0283568874 0.00414151046
  endloop
 endfacet

 facet normal -0.628881812 0.485003769 0.607683361
  outer loop
  vertex -0.149958238 0.0283568874 0.00414151046
  vertex -0.149846256 0.0284513403 0.00418201322
  vertex -0.149870828 0.0284702294 0.00414151046
  endloop
 endfacet

 facet normal -0.661179781 0.509912491 0.550300598
  outer loop
  vertex -0.149958238 0.0283568874 0.00414151046
  vertex -0.149870828 0.0284702294 0.00414151046
  vertex -0.149892554 0.0284891203 0.00409789151
  endloop
 endfacet

 facet normal -0.66949141 0.510508955 0.539594293
  outer loop
  vertex -0.149958238 0.0283568874 0.00414151046
  vertex -0.149892554 0.0284891203 0.00409789151
  vertex -0.149981394 0.0283726305 0.00409789151
  endloop
 endfacet

 facet normal -0.699134886 0.533113062 0.476446092
  outer loop
  vertex -0.149981394 0.0283726305 0.00409789151
  vertex -0.149892554 0.0284891203 0.00409789151
  vertex -0.150001228 0.0283883717 0.0040511582
  endloop
 endfacet

 facet normal -0.701948106 0.543802738 0.459943026
  outer loop
  vertex -0.150001228 0.0283883717 0.0040511582
  vertex -0.149892554 0.0284891203 0.00409789151
  vertex -0.149910986 0.0285048615 0.0040511582
  endloop
 endfacet

 facet normal -0.733257234 0.568058074 0.373689771
  outer loop
  vertex -0.150001228 0.0283883717 0.0040511582
  vertex -0.149910986 0.0285048615 0.0040511582
  vertex -0.150295585 0.028703209 0.00299496599
  endloop
 endfacet

 facet normal -0.735919952 0.564763069 0.373449683
  outer loop
  vertex -0.150001228 0.0283883717 0.0040511582
  vertex -0.150295585 0.028703209 0.00299496599
  vertex -0.150401905 0.0285646822 0.00299496599
  endloop
 endfacet

 facet normal -0.782755494 0.493380874 0.379301012
  outer loop
  vertex -0.150001228 0.0283883717 0.0040511582
  vertex -0.150401905 0.0285646822 0.00299496599
  vertex -0.150080606 0.0282624364 0.0040511582
  endloop
 endfacet

 facet normal -0.783228099 0.492674947 0.379242837
  outer loop
  vertex -0.150080606 0.0282624364 0.0040511582
  vertex -0.150401905 0.0285646822 0.00299496599
  vertex -0.150494978 0.0284167081 0.00299496599
  endloop
 endfacet

 facet normal -0.727257967 0.576149762 0.373024732
  outer loop
  vertex -0.150295585 0.028703209 0.00299496599
  vertex -0.149910986 0.0285048615 0.0040511582
  vertex -0.149926573 0.0285174549 0.0040013073
  endloop
 endfacet

 facet normal -0.688340247 0.625221729 0.367811948
  outer loop
  vertex -0.150295585 0.028703209 0.00299496599
  vertex -0.149926573 0.0285174549 0.0040013073
  vertex -0.149811298 0.0286150537 0.0040511582
  endloop
 endfacet

 facet normal -0.680322587 0.635560751 0.36499849
  outer loop
  vertex -0.150295585 0.028703209 0.00299496599
  vertex -0.149811298 0.0286150537 0.0040511582
  vertex -0.150177941 0.0288291443 0.00299496599
  endloop
 endfacet

 facet normal -0.635891378 0.683089614 0.359208584
  outer loop
  vertex -0.150177941 0.0288291443 0.00299496599
  vertex -0.149811298 0.0286150537 0.0040511582
  vertex -0.150049433 0.028948782 0.00299496599
  endloop
 endfacet

 facet normal -0.626753628 0.691218913 0.359716952
  outer loop
  vertex -0.150049433 0.028948782 0.00299496599
  vertex -0.149811298 0.0286150537 0.0040511582
  vertex -0.149714902 0.0287283957 0.0040013073
  endloop
 endfacet

 facet normal -0.617629647 0.690685987 0.376147032
  outer loop
  vertex -0.149714902 0.0287283957 0.0040013073
  vertex -0.149811298 0.0286150537 0.0040511582
  vertex -0.149702147 0.0287126545 0.0040511582
  endloop
 endfacet

 facet normal -0.590501547 0.660349131 0.463947147
  outer loop
  vertex -0.149702147 0.0287126545 0.0040511582
  vertex -0.149811298 0.0286150537 0.0040511582
  vertex -0.14968656 0.0286937635 0.00409789151
  endloop
 endfacet

 facet normal -0.589539289 0.647864699 0.482405245
  outer loop
  vertex -0.14968656 0.0286937635 0.00409789151
  vertex -0.149811298 0.0286150537 0.0040511582
  vertex -0.149793804 0.0285961647 0.00409789151
  endloop
 endfacet

 facet normal -0.575940907 0.63292104 0.517400205
  outer loop
  vertex -0.14968656 0.0286937635 0.00409789151
  vertex -0.149793804 0.0285961647 0.00409789151
  vertex -0.149668127 0.0286748745 0.00414151046
  endloop
 endfacet

 facet normal -0.57441026 0.622885048 0.531099856
  outer loop
  vertex -0.149668127 0.0286748745 0.00414151046
  vertex -0.149793804 0.0285961647 0.00409789151
  vertex -0.14977397 0.0285772737 0.00414151046
  endloop
 endfacet

 facet normal -0.534648597 0.579767823 0.614833474
  outer loop
  vertex -0.149668127 0.0286748745 0.00414151046
  vertex -0.14977397 0.0285772737 0.00414151046
  vertex -0.149751291 0.0285552368 0.00418201322
  endloop
 endfacet

 facet normal -0.58188051 0.531890094 0.615229905
  outer loop
  vertex -0.149751291 0.0285552368 0.00418201322
  vertex -0.14977397 0.0285772737 0.00414151046
  vertex -0.149846256 0.0284513403 0.00418201322
  endloop
 endfacet

 facet normal -0.560192347 0.512065172 0.651132703
  outer loop
  vertex -0.149751291 0.0285552368 0.00418201322
  vertex -0.149846256 0.0284513403 0.00418201322
  vertex -0.149819329 0.0284292996 0.00422251597
  endloop
 endfacet

 facet normal -0.552469909 0.510416269 0.658978164
  outer loop
  vertex -0.149751291 0.0285552368 0.00418201322
  vertex -0.149819329 0.0284292996 0.00422251597
  vertex -0.149726242 0.0285300501 0.00422251597
  endloop
 endfacet

 facet normal -0.589580059 0.533487439 0.606454074
  outer loop
  vertex -0.149846256 0.0284513403 0.00418201322
  vertex -0.14977397 0.0285772737 0.00414151046
  vertex -0.149870828 0.0284702294 0.00414151046
  endloop
 endfacet

 facet normal -0.618842959 0.559966207 0.55088222
  outer loop
  vertex -0.149870828 0.0284702294 0.00414151046
  vertex -0.14977397 0.0285772737 0.00414151046
  vertex -0.149892554 0.0284891203 0.00409789151
  endloop
 endfacet

 facet normal -0.62242806 0.574200988 0.531861424
  outer loop
  vertex -0.149892554 0.0284891203 0.00409789151
  vertex -0.14977397 0.0285772737 0.00414151046
  vertex -0.149793804 0.0285961647 0.00409789151
  endloop
 endfacet

 facet normal -0.644290328 0.594369292 0.481264204
  outer loop
  vertex -0.149892554 0.0284891203 0.00409789151
  vertex -0.149793804 0.0285961647 0.00409789151
  vertex -0.149811298 0.0286150537 0.0040511582
  endloop
 endfacet

 facet normal -0.65835309 0.595631599 0.460211039
  outer loop
  vertex -0.149892554 0.0284891203 0.00409789151
  vertex -0.149811298 0.0286150537 0.0040511582
  vertex -0.149910986 0.0285048615 0.0040511582
  endloop
 endfacet

 facet normal -0.688169599 0.62260747 0.372535437
  outer loop
  vertex -0.149910986 0.0285048615 0.0040511582
  vertex -0.149811298 0.0286150537 0.0040511582
  vertex -0.149926573 0.0285174549 0.0040013073
  endloop
 endfacet

endsolid AssimpScene
