solid AssimpScene
 facet normal -0.00222579762 0.000118435353 0.999997556
  outer loop
  vertex -0.1299631 0.0290148985 0.00449999981
  vertex -0.131362453 0.0290148985 0.00449688546
  vertex -0.131362453 0.00271652476 0.00449999981
  endloop
 endfacet

 facet normal 0 0 1
  outer loop
  vertex -0.1299631 0.0290148985 0.00449999981
  vertex -0.131362453 0.00271652476 0.00449999981
  vertex -0.128950059 -7.608335e-05 0.00449999981
  endloop
 endfacet

 facet normal 0 0 1
  outer loop
  vertex -0.1299631 0.0290148985 0.00449999981
  vertex -0.128950059 -7.608335e-05 0.00449999981
  vertex -0.126366988 -7.608335e-05 0.00449999981
  endloop
 endfacet

 facet normal 0 0 1
  outer loop
  vertex -0.1299631 0.0290148985 0.00449999981
  vertex -0.126366988 -7.608335e-05 0.00449999981
  vertex -0.126045153 0.00216555921 0.00449999981
  endloop
 endfacet

 facet normal 0 0 1
  outer loop
  vertex -0.1299631 0.0290148985 0.00449999981
  vertex -0.126045153 0.00216555921 0.00449999981
  vertex -0.126022428 0.00234816479 0.00449999981
  endloop
 endfacet

 facet normal 0 0 1
  outer loop
  vertex -0.1299631 0.0290148985 0.00449999981
  vertex -0.126022428 0.00234816479 0.00449999981
  vertex -0.126015037 0.00251817727 0.00449999981
  endloop
 endfacet

 facet normal 0 0 1
  outer loop
  vertex -0.1299631 0.0290148985 0.00449999981
  vertex -0.126015037 0.00251817727 0.00449999981
  vertex -0.126015037 0.0232155919 0.00449999981
  endloop
 endfacet

 facet normal 0 0 1
  outer loop
  vertex -0.1299631 0.0290148985 0.00449999981
  vertex -0.126015037 0.0232155919 0.00449999981
  vertex -0.126022428 0.0233950503 0.00449999981
  endloop
 endfacet

 facet normal 0 0 1
  outer loop
  vertex -0.1299631 0.0290148985 0.00449999981
  vertex -0.126022428 0.0233950503 0.00449999981
  vertex -0.126045153 0.023571359 0.00449999981
  endloop
 endfacet

 facet normal 0 0 1
  outer loop
  vertex -0.1299631 0.0290148985 0.00449999981
  vertex -0.126045153 0.023571359 0.00449999981
  vertex -0.126366988 0.0254163053 0.00449999981
  endloop
 endfacet

 facet normal 0.0541783832 0.0541412383 0.997062504
  outer loop
  vertex -0.1299631 0.0290148985 0.00449999981
  vertex -0.126366988 0.0254163053 0.00449999981
  vertex -0.127264827 0.0282655861 0.00439406885
  endloop
 endfacet

 facet normal 0.055571869 0.0592107922 0.996697545
  outer loop
  vertex -0.1299631 0.0290148985 0.00449999981
  vertex -0.127264827 0.0282655861 0.00439406885
  vertex -0.127341971 0.0283379983 0.00439406885
  endloop
 endfacet

 facet normal 0.0611435138 0.0810777545 0.994830668
  outer loop
  vertex -0.1299631 0.0290148985 0.00449999981
  vertex -0.127341971 0.0283379983 0.00439406885
  vertex -0.127425477 0.028400965 0.00439406885
  endloop
 endfacet

 facet normal 0.0647288784 0.096168898 0.993258119
  outer loop
  vertex -0.1299631 0.0290148985 0.00449999981
  vertex -0.127425477 0.028400965 0.00439406885
  vertex -0.127395347 0.0284450427 0.0043878383
  endloop
 endfacet

 facet normal 0.0679017827 0.110808119 0.99151957
  outer loop
  vertex -0.1299631 0.0290148985 0.00449999981
  vertex -0.127395347 0.0284450427 0.0043878383
  vertex -0.127487823 0.0285017136 0.0043878383
  endloop
 endfacet

 facet normal 0.0745466799 0.143894449 0.98678124
  outer loop
  vertex -0.1299631 0.0290148985 0.00449999981
  vertex -0.127487823 0.0285017136 0.0043878383
  vertex -0.127585068 0.028552087 0.0043878383
  endloop
 endfacet

 facet normal 0.0832245499 0.190578267 0.978137851
  outer loop
  vertex -0.1299631 0.0290148985 0.00449999981
  vertex -0.127585068 0.028552087 0.0043878383
  vertex -0.127685994 0.0285961647 0.0043878383
  endloop
 endfacet

 facet normal 0.0888811648 0.223336875 0.970680654
  outer loop
  vertex -0.1299631 0.0290148985 0.00449999981
  vertex -0.127685994 0.0285961647 0.0043878383
  vertex -0.12766856 0.0286433902 0.00437537534
  endloop
 endfacet

 facet normal 0.0890144259 0.224233434 0.970461607
  outer loop
  vertex -0.1299631 0.0290148985 0.00449999981
  vertex -0.12766856 0.0286433902 0.00437537534
  vertex -0.127651647 0.0286906157 0.00436291285
  endloop
 endfacet

 facet normal 0.102219358 0.332230866 0.937642694
  outer loop
  vertex -0.1299631 0.0290148985 0.00449999981
  vertex -0.127651647 0.0286906157 0.00436291285
  vertex -0.12776421 0.0287252478 0.00436291285
  endloop
 endfacet

 facet normal 0.108650081 0.39258191 0.913276911
  outer loop
  vertex -0.1299631 0.0290148985 0.00449999981
  vertex -0.12776421 0.0287252478 0.00436291285
  vertex -0.127751529 0.0287724733 0.00434110314
  endloop
 endfacet

 facet normal 0.114049748 0.465011418 0.877927721
  outer loop
  vertex -0.1299631 0.0290148985 0.00449999981
  vertex -0.127751529 0.0287724733 0.00434110314
  vertex -0.12773937 0.028816551 0.00431617768
  endloop
 endfacet

 facet normal 0.115754649 0.505167723 0.85522306
  outer loop
  vertex -0.1299631 0.0290148985 0.00449999981
  vertex -0.12773937 0.028816551 0.00431617768
  vertex -0.127863035 0.0288448855 0.00431617768
  endloop
 endfacet

 facet normal 0.116085492 0.516942739 0.848112285
  outer loop
  vertex -0.1299631 0.0290148985 0.00449999981
  vertex -0.127863035 0.0288448855 0.00431617768
  vertex -0.127728283 0.0288606286 0.00428813789
  endloop
 endfacet

 facet normal 0.116139844 0.522013724 0.844993114
  outer loop
  vertex -0.1299631 0.0290148985 0.00449999981
  vertex -0.127728283 0.0288606286 0.00428813789
  vertex -0.127855629 0.0288889632 0.00428813789
  endloop
 endfacet

 facet normal 0.115018025 0.622588575 0.774050653
  outer loop
  vertex -0.1299631 0.0290148985 0.00449999981
  vertex -0.127855629 0.0288889632 0.00428813789
  vertex -0.127841368 0.028967673 0.00422270969
  endloop
 endfacet

 facet normal 0.105517827 0.721290052 0.684548557
  outer loop
  vertex -0.1299631 0.0290148985 0.00449999981
  vertex -0.127841368 0.028967673 0.00422270969
  vertex -0.127835557 0.0290023051 0.00418532267
  endloop
 endfacet

 facet normal 0.101559661 0.747239411 0.656748712
  outer loop
  vertex -0.1299631 0.0290148985 0.00449999981
  vertex -0.127835557 0.0290023051 0.00418532267
  vertex -0.12797454 0.0290211942 0.00418532267
  endloop
 endfacet

 facet normal 0.0902540609 0.804935098 0.586458683
  outer loop
  vertex -0.1299631 0.0290148985 0.00449999981
  vertex -0.12797454 0.0290211942 0.00418532267
  vertex -0.127971888 0.0290526785 0.00414170371
  endloop
 endfacet

 facet normal 0.0825101286 0.833432376 0.546427131
  outer loop
  vertex -0.1299631 0.0290148985 0.00449999981
  vertex -0.127971888 0.0290526785 0.00414170371
  vertex -0.12796925 0.0290810149 0.00409808522
  endloop
 endfacet

 facet normal 0.0563460961 0.902058721 0.427919626
  outer loop
  vertex -0.1299631 0.0290148985 0.00449999981
  vertex -0.12796925 0.0290810149 0.00409808522
  vertex -0.127967134 0.0291030537 0.00405135006
  endloop
 endfacet

 facet normal 0.0507565774 0.912831485 0.405169547
  outer loop
  vertex -0.1299631 0.0290148985 0.00449999981
  vertex -0.127967134 0.0291030537 0.00405135006
  vertex -0.127965555 0.0291250907 0.00400150055
  endloop
 endfacet

 facet normal 0.0392007791 0.931010127 0.362882257
  outer loop
  vertex -0.1299631 0.0290148985 0.00449999981
  vertex -0.127965555 0.0291250907 0.00400150055
  vertex -0.128115103 0.0291313883 0.00400150055
  endloop
 endfacet

 facet normal 0.0211162139 0.953369617 0.301065475
  outer loop
  vertex -0.1299631 0.0290148985 0.00449999981
  vertex -0.128115103 0.0291313883 0.00400150055
  vertex -0.128115103 0.0291471295 0.00395164965
  endloop
 endfacet

 facet normal 0.0125479018 0.961598456 0.274173617
  outer loop
  vertex -0.1299631 0.0290148985 0.00449999981
  vertex -0.128115103 0.0291471295 0.00395164965
  vertex -0.127965018 0.0294178911 0.00299515272
  endloop
 endfacet

 facet normal 0 0.965962589 0.258681685
  outer loop
  vertex -0.1299631 0.0290148985 0.00449999981
  vertex -0.127965018 0.0294178911 0.00299515272
  vertex -0.131362453 0.0294178911 0.00299515272
  endloop
 endfacet

 facet normal -0.000576888444 0.9658283 0.259182155
  outer loop
  vertex -0.1299631 0.0290148985 0.00449999981
  vertex -0.131362453 0.0294178911 0.00299515272
  vertex -0.131362453 0.0290148985 0.00449688546
  endloop
 endfacet

 facet normal -1 0 0
  outer loop
  vertex -0.131362453 0.0290148985 0.00449688546
  vertex -0.131362453 0.0294178911 0.00299515272
  vertex -0.131362453 0.0294178911 -0.0257932488
  endloop
 endfacet

 facet normal -1 0 0
  outer loop
  vertex -0.131362453 0.0290148985 0.00449688546
  vertex -0.131362453 0.0294178911 -0.0257932488
  vertex -0.131362453 0.0294115935 -0.0258181747
  endloop
 endfacet

 facet normal -1 0 0
  outer loop
  vertex -0.131362453 0.0290148985 0.00449688546
  vertex -0.131362453 0.0294115935 -0.0258181747
  vertex -0.131362453 0.0290589761 -0.0271267369
  endloop
 endfacet

 facet normal -1 0 0
  outer loop
  vertex -0.131362453 0.0290148985 0.00449688546
  vertex -0.131362453 0.0290589761 -0.0271267369
  vertex -0.131362453 0.0290117506 -0.0272980966
  endloop
 endfacet

 facet normal -1 0 0
  outer loop
  vertex -0.131362453 0.0290148985 0.00449688546
  vertex -0.131362453 0.0290117506 -0.0272980966
  vertex -0.131362453 0.0241160281 -0.027329253
  endloop
 endfacet

 facet normal -1 0 0
  outer loop
  vertex -0.131362453 0.0290148985 0.00449688546
  vertex -0.131362453 0.0241160281 -0.027329253
  vertex -0.131362453 0.0074705705 -0.027329253
  endloop
 endfacet

 facet normal -1 0 0
  outer loop
  vertex -0.131362453 0.0290148985 0.00449688546
  vertex -0.131362453 0.0074705705 -0.027329253
  vertex -0.131362453 0.00270707998 -0.0272980966
  endloop
 endfacet

 facet normal -1 0 0
  outer loop
  vertex -0.131362453 0.0290148985 0.00449688546
  vertex -0.131362453 0.00270707998 -0.0272980966
  vertex -0.131362453 -0.00274590566 -0.0257932488
  endloop
 endfacet

 facet normal -1 0 0
  outer loop
  vertex -0.131362453 0.0290148985 0.00449688546
  vertex -0.131362453 -0.00274590566 -0.0257932488
  vertex -0.131362453 -0.00274590566 0.00270851445
  endloop
 endfacet

 facet normal -1 0 0
  outer loop
  vertex -0.131362453 0.0290148985 0.00449688546
  vertex -0.131362453 -0.00274590566 0.00270851445
  vertex -0.131362453 -0.00274275709 0.00299515272
  endloop
 endfacet

 facet normal -1 0 0
  outer loop
  vertex -0.131362453 0.0290148985 0.00449688546
  vertex -0.131362453 -0.00274275709 0.00299515272
  vertex -0.131362453 0.00271652476 0.00449999981
  endloop
 endfacet

 facet normal -0.294024169 -0.2539922 0.921432436
  outer loop
  vertex -0.131362453 0.00271652476 0.00449999981
  vertex -0.131362453 -0.00274275709 0.00299515272
  vertex -0.128950059 -7.608335e-05 0.00449999981
  endloop
 endfacet

 facet normal 0.793691397 0.13844949 0.592356086
  outer loop
  vertex -0.126366988 0.0254163053 0.00449999981
  vertex -0.126045153 0.023571359 0.00449999981
  vertex -0.126529738 0.0276957285 0.00418532267
  endloop
 endfacet

 facet normal 0.711042821 0.145735189 0.687880456
  outer loop
  vertex -0.126366988 0.0254163053 0.00449999981
  vertex -0.126529738 0.0276957285 0.00418532267
  vertex -0.126564622 0.0276894327 0.00422270969
  endloop
 endfacet

 facet normal 0.672303796 0.146961033 0.725541294
  outer loop
  vertex -0.126366988 0.0254163053 0.00449999981
  vertex -0.126564622 0.0276894327 0.00422270969
  vertex -0.126594216 0.0278248135 0.00422270969
  endloop
 endfacet

 facet normal 0.612419546 0.147201866 0.776707113
  outer loop
  vertex -0.126366988 0.0254163053 0.00449999981
  vertex -0.126594216 0.0278248135 0.00422270969
  vertex -0.126671895 0.0278027728 0.00428813789
  endloop
 endfacet

 facet normal 0.517691791 0.141059995 0.8438586
  outer loop
  vertex -0.126366988 0.0254163053 0.00449999981
  vertex -0.126671895 0.0278027728 0.00428813789
  vertex -0.12671417 0.0277901813 0.00431617768
  endloop
 endfacet

 facet normal 0.458878964 0.135114834 0.878165185
  outer loop
  vertex -0.126366988 0.0254163053 0.00449999981
  vertex -0.12671417 0.0277901813 0.00431617768
  vertex -0.126759097 0.0277807359 0.00434110314
  endloop
 endfacet

 facet normal 0.401693672 0.127558827 0.906846762
  outer loop
  vertex -0.126366988 0.0254163053 0.00449999981
  vertex -0.126759097 0.0277807359 0.00434110314
  vertex -0.126796082 0.0278972257 0.00434110314
  endloop
 endfacet

 facet normal 0.386401772 0.125357449 0.913771987
  outer loop
  vertex -0.126366988 0.0254163053 0.00449999981
  vertex -0.126796082 0.0278972257 0.00434110314
  vertex -0.12684153 0.0278783347 0.00436291285
  endloop
 endfacet

 facet normal 0.2444406 0.100814268 0.964409292
  outer loop
  vertex -0.126366988 0.0254163053 0.00449999981
  vertex -0.12684153 0.0278783347 0.00436291285
  vertex -0.126886979 0.027988527 0.00436291285
  endloop
 endfacet

 facet normal 0.221381113 0.0964720547 0.97040385
  outer loop
  vertex -0.126366988 0.0254163053 0.00449999981
  vertex -0.126886979 0.027988527 0.00436291285
  vertex -0.126978397 0.0279475991 0.0043878383
  endloop
 endfacet

 facet normal 0.150567308 0.0800298601 0.985355079
  outer loop
  vertex -0.126366988 0.0254163053 0.00449999981
  vertex -0.126978397 0.0279475991 0.0043878383
  vertex -0.127028599 0.0280420501 0.0043878383
  endloop
 endfacet

 facet normal 0.112993002 0.070806168 0.991069674
  outer loop
  vertex -0.126366988 0.0254163053 0.00449999981
  vertex -0.127028599 0.0280420501 0.0043878383
  vertex -0.127087787 0.0281365011 0.0043878383
  endloop
 endfacet

 facet normal 0.0967701897 0.0665901303 0.993076742
  outer loop
  vertex -0.126366988 0.0254163053 0.00449999981
  vertex -0.127087787 0.0281365011 0.0043878383
  vertex -0.127130061 0.0281050187 0.00439406885
  endloop
 endfacet

 facet normal 0.0836497918 0.0629227385 0.994506598
  outer loop
  vertex -0.126366988 0.0254163053 0.00449999981
  vertex -0.127130061 0.0281050187 0.00439406885
  vertex -0.127194017 0.0281900242 0.00439406885
  endloop
 endfacet

 facet normal 0.0595681407 0.0558247343 0.99666208
  outer loop
  vertex -0.126366988 0.0254163053 0.00449999981
  vertex -0.127194017 0.0281900242 0.00439406885
  vertex -0.127264827 0.0282655861 0.00439406885
  endloop
 endfacet

 facet normal 0.0806496367 0.0859306902 0.993031502
  outer loop
  vertex -0.127264827 0.0282655861 0.00439406885
  vertex -0.127228364 0.0283033662 0.0043878383
  vertex -0.127341971 0.0283379983 0.00439406885
  endloop
 endfacet

 facet normal 0.0860886797 0.0806786492 0.993015587
  outer loop
  vertex -0.127264827 0.0282655861 0.00439406885
  vertex -0.127194017 0.0281900242 0.00439406885
  vertex -0.127228364 0.0283033662 0.0043878383
  endloop
 endfacet

 facet normal 0.0822262317 0.0912110656 0.992431045
  outer loop
  vertex -0.127341971 0.0283379983 0.00439406885
  vertex -0.127228364 0.0283033662 0.0043878383
  vertex -0.127308682 0.0283757783 0.0043878383
  endloop
 endfacet

 facet normal 0.0767506361 0.0960334986 0.992414713
  outer loop
  vertex -0.127341971 0.0283379983 0.00439406885
  vertex -0.127308682 0.0283757783 0.0043878383
  vertex -0.127395347 0.0284450427 0.0043878383
  endloop
 endfacet

 facet normal 0.0698720962 0.0926520526 0.993243933
  outer loop
  vertex -0.127341971 0.0283379983 0.00439406885
  vertex -0.127395347 0.0284450427 0.0043878383
  vertex -0.127425477 0.028400965 0.00439406885
  endloop
 endfacet

 facet normal 0.144384384 0.180659592 0.972890258
  outer loop
  vertex -0.127395347 0.0284450427 0.0043878383
  vertex -0.127308682 0.0283757783 0.0043878383
  vertex -0.127275914 0.0284167081 0.00437537534
  endloop
 endfacet

 facet normal 0.146673143 0.191358149 0.970499396
  outer loop
  vertex -0.127395347 0.0284450427 0.0043878383
  vertex -0.127275914 0.0284167081 0.00437537534
  vertex -0.127366289 0.0284859724 0.00437537534
  endloop
 endfacet

 facet normal 0.128685042 0.204117239 0.970451593
  outer loop
  vertex -0.127395347 0.0284450427 0.0043878383
  vertex -0.127366289 0.0284859724 0.00437537534
  vertex -0.1274371 0.0285898671 0.00436291285
  endloop
 endfacet

 facet normal 0.124407947 0.203019843 0.971239269
  outer loop
  vertex -0.127395347 0.0284450427 0.0043878383
  vertex -0.1274371 0.0285898671 0.00436291285
  vertex -0.127487823 0.0285017136 0.0043878383
  endloop
 endfacet

 facet normal 0.111571401 0.210403532 0.971227109
  outer loop
  vertex -0.127487823 0.0285017136 0.0043878383
  vertex -0.1274371 0.0285898671 0.00436291285
  vertex -0.127563402 0.0285993125 0.00437537534
  endloop
 endfacet

 facet normal 0.107407175 0.20732373 0.972358227
  outer loop
  vertex -0.127487823 0.0285017136 0.0043878383
  vertex -0.127563402 0.0285993125 0.00437537534
  vertex -0.127585068 0.028552087 0.0043878383
  endloop
 endfacet

 facet normal 0.0933579355 0.213782996 0.972409964
  outer loop
  vertex -0.127585068 0.028552087 0.0043878383
  vertex -0.127563402 0.0285993125 0.00437537534
  vertex -0.127685994 0.0285961647 0.0043878383
  endloop
 endfacet

 facet normal 0.0929723009 0.221816987 0.970645964
  outer loop
  vertex -0.127685994 0.0285961647 0.0043878383
  vertex -0.127563402 0.0285993125 0.00437537534
  vertex -0.12766856 0.0286433902 0.00437537534
  endloop
 endfacet

 facet normal 0.0933319628 0.222675115 0.970414937
  outer loop
  vertex -0.12766856 0.0286433902 0.00437537534
  vertex -0.127563402 0.0285993125 0.00437537534
  vertex -0.127651647 0.0286906157 0.00436291285
  endloop
 endfacet

 facet normal 0.0979877114 0.226976484 0.968958259
  outer loop
  vertex -0.127651647 0.0286906157 0.00436291285
  vertex -0.127563402 0.0285993125 0.00437537534
  vertex -0.127542257 0.0286433902 0.00436291285
  endloop
 endfacet

 facet normal 0.162177011 0.375663042 0.912456036
  outer loop
  vertex -0.127651647 0.0286906157 0.00436291285
  vertex -0.127542257 0.0286433902 0.00436291285
  vertex -0.127521649 0.0286874678 0.00434110314
  endloop
 endfacet

 facet normal 0.161664069 0.387124866 0.907743931
  outer loop
  vertex -0.127651647 0.0286906157 0.00436291285
  vertex -0.127521649 0.0286874678 0.00434110314
  vertex -0.127634734 0.0287346933 0.00434110314
  endloop
 endfacet

 facet normal 0.12923263 0.399488211 0.907583654
  outer loop
  vertex -0.127651647 0.0286906157 0.00436291285
  vertex -0.127634734 0.0287346933 0.00434110314
  vertex -0.127751529 0.0287724733 0.00434110314
  endloop
 endfacet

 facet normal 0.119849131 0.389530748 0.913182378
  outer loop
  vertex -0.127651647 0.0286906157 0.00436291285
  vertex -0.127751529 0.0287724733 0.00434110314
  vertex -0.12776421 0.0287252478 0.00436291285
  endloop
 endfacet

 facet normal 0.14464508 0.447131634 0.882695377
  outer loop
  vertex -0.127751529 0.0287724733 0.00434110314
  vertex -0.127634734 0.0287346933 0.00434110314
  vertex -0.127618894 0.0287787709 0.00431617768
  endloop
 endfacet

 facet normal 0.143276542 0.456929654 0.877887905
  outer loop
  vertex -0.127751529 0.0287724733 0.00434110314
  vertex -0.127618894 0.0287787709 0.00431617768
  vertex -0.12773937 0.028816551 0.00431617768
  endloop
 endfacet

 facet normal 0.157275721 0.501575053 0.850697935
  outer loop
  vertex -0.12773937 0.028816551 0.00431617768
  vertex -0.127618894 0.0287787709 0.00431617768
  vertex -0.127728283 0.0288606286 0.00428813789
  endloop
 endfacet

 facet normal 0.117286757 0.511854053 0.851028383
  outer loop
  vertex -0.12773937 0.028816551 0.00431617768
  vertex -0.127728283 0.0288606286 0.00428813789
  vertex -0.127863035 0.0288448855 0.00431617768
  endloop
 endfacet

 facet normal 0.189922854 0.612568796 0.767260671
  outer loop
  vertex -0.127728283 0.0288606286 0.00428813789
  vertex -0.127589822 0.0288606286 0.00425386569
  vertex -0.12770766 0.0289361905 0.00422270969
  endloop
 endfacet

 facet normal 0.147003859 0.624268949 0.767253637
  outer loop
  vertex -0.127728283 0.0288606286 0.00428813789
  vertex -0.12770766 0.0289361905 0.00422270969
  vertex -0.127841368 0.028967673 0.00422270969
  endloop
 endfacet

 facet normal 0.137562245 0.618301034 0.773809135
  outer loop
  vertex -0.127728283 0.0288606286 0.00428813789
  vertex -0.127841368 0.028967673 0.00422270969
  vertex -0.127855629 0.0288889632 0.00428813789
  endloop
 endfacet

 facet normal 0.169579566 0.514535308 0.840533376
  outer loop
  vertex -0.127728283 0.0288606286 0.00428813789
  vertex -0.127618894 0.0287787709 0.00431617768
  vertex -0.127604097 0.0288196988 0.00428813789
  endloop
 endfacet

 facet normal 0.194159493 0.589115143 0.784375906
  outer loop
  vertex -0.127728283 0.0288606286 0.00428813789
  vertex -0.127604097 0.0288196988 0.00428813789
  vertex -0.127589822 0.0288606286 0.00425386569
  endloop
 endfacet

 facet normal 0.165352926 0.70219034 0.692522407
  outer loop
  vertex -0.127841368 0.028967673 0.00422270969
  vertex -0.12770766 0.0289361905 0.00422270969
  vertex -0.127698153 0.0289708208 0.00418532267
  endloop
 endfacet

 facet normal 0.162932128 0.711057365 0.683996081
  outer loop
  vertex -0.127841368 0.028967673 0.00422270969
  vertex -0.127698153 0.0289708208 0.00418532267
  vertex -0.127835557 0.0290023051 0.00418532267
  endloop
 endfacet

 facet normal 0.179184124 0.781983256 0.596988559
  outer loop
  vertex -0.127835557 0.0290023051 0.00418532267
  vertex -0.127698153 0.0289708208 0.00418532267
  vertex -0.127690226 0.0290023051 0.00414170371
  endloop
 endfacet

 facet normal 0.177509546 0.786590993 0.591409385
  outer loop
  vertex -0.127835557 0.0290023051 0.00418532267
  vertex -0.127690226 0.0290023051 0.00414170371
  vertex -0.127829745 0.0290337894 0.00414170371
  endloop
 endfacet

 facet normal 0.108611487 0.799124181 0.591273308
  outer loop
  vertex -0.127835557 0.0290023051 0.00418532267
  vertex -0.127829745 0.0290337894 0.00414170371
  vertex -0.12797454 0.0290211942 0.00418532267
  endloop
 endfacet

 facet normal 0.10672158 0.803137064 0.586158276
  outer loop
  vertex -0.12797454 0.0290211942 0.00418532267
  vertex -0.127829745 0.0290337894 0.00414170371
  vertex -0.127971888 0.0290526785 0.00414170371
  endloop
 endfacet

 facet normal 0.110022813 0.827980638 0.549857259
  outer loop
  vertex -0.127971888 0.0290526785 0.00414170371
  vertex -0.127829745 0.0290337894 0.00414170371
  vertex -0.127824977 0.029062124 0.00409808522
  endloop
 endfacet

 facet normal 0.108759902 0.830585361 0.546167791
  outer loop
  vertex -0.127971888 0.0290526785 0.00414170371
  vertex -0.127824977 0.029062124 0.00409808522
  vertex -0.12796925 0.0290810149 0.00409808522
  endloop
 endfacet

 facet normal 0.115672514 0.89638114 0.427926064
  outer loop
  vertex -0.12796925 0.0290810149 0.00409808522
  vertex -0.12782076 0.0290841628 0.00405135006
  vertex -0.127967134 0.0291030537 0.00405135006
  endloop
 endfacet

 facet normal 0.117079765 0.894123197 0.432245374
  outer loop
  vertex -0.12796925 0.0290810149 0.00409808522
  vertex -0.127824977 0.029062124 0.00409808522
  vertex -0.12782076 0.0290841628 0.00405135006
  endloop
 endfacet

 facet normal 0.117035247 0.906941354 0.40467304
  outer loop
  vertex -0.127967134 0.0291030537 0.00405135006
  vertex -0.12782076 0.0290841628 0.00405135006
  vertex -0.127965555 0.0291250907 0.00400150055
  endloop
 endfacet

 facet normal 0.136965737 0.922891557 0.359877169
  outer loop
  vertex -0.127965555 0.0291250907 0.00400150055
  vertex -0.12782076 0.0290841628 0.00405135006
  vertex -0.127817065 0.0291030537 0.00400150055
  endloop
 endfacet

 facet normal 0.139811128 0.942064226 0.304906309
  outer loop
  vertex -0.127965555 0.0291250907 0.00400150055
  vertex -0.127817065 0.0291030537 0.00400150055
  vertex -0.127814412 0.0291187949 0.00395164965
  endloop
 endfacet

 facet normal 0.138968736 0.943051517 0.302227676
  outer loop
  vertex -0.127965555 0.0291250907 0.00400150055
  vertex -0.127814412 0.0291187949 0.00395164965
  vertex -0.12796396 0.0291408338 0.00395164965
  endloop
 endfacet

 facet normal 0.0401034392 0.95244807 0.302050143
  outer loop
  vertex -0.127965555 0.0291250907 0.00400150055
  vertex -0.12796396 0.0291408338 0.00395164965
  vertex -0.128115103 0.0291313883 0.00400150055
  endloop
 endfacet

 facet normal 0.0396986082 0.952830553 0.300895214
  outer loop
  vertex -0.128115103 0.0291313883 0.00400150055
  vertex -0.12796396 0.0291408338 0.00395164965
  vertex -0.128115103 0.0291471295 0.00395164965
  endloop
 endfacet

 facet normal 0.0399873331 0.959760368 0.277958721
  outer loop
  vertex -0.128115103 0.0291471295 0.00395164965
  vertex -0.12796396 0.0291408338 0.00395164965
  vertex -0.127965018 0.0294178911 0.00299515272
  endloop
 endfacet

 facet normal 0 1 0
  outer loop
  vertex -0.127965018 0.0294178911 0.00299515272
  vertex -0.127965018 0.0294178911 -0.0257932488
  vertex -0.131362453 0.0294178911 -0.0257932488
  endloop
 endfacet

 facet normal 0 1 0
  outer loop
  vertex -0.127965018 0.0294178911 0.00299515272
  vertex -0.131362453 0.0294178911 -0.0257932488
  vertex -0.131362453 0.0294178911 0.00299515272
  endloop
 endfacet

 facet normal 0.05195513 0.959234893 0.277793288
  outer loop
  vertex -0.127965018 0.0294178911 0.00299515272
  vertex -0.12796396 0.0291408338 0.00395164965
  vertex -0.12779063 0.0294084456 0.00299515272
  endloop
 endfacet

 facet normal 0.0540838204 0.998536468 0
  outer loop
  vertex -0.127965018 0.0294178911 0.00299515272
  vertex -0.12779063 0.0294084456 0.00299515272
  vertex -0.12779063 0.0294084456 -0.0257932488
  endloop
 endfacet

 facet normal 0.0540838204 0.998536468 0
  outer loop
  vertex -0.127965018 0.0294178911 0.00299515272
  vertex -0.12779063 0.0294084456 -0.0257932488
  vertex -0.127965018 0.0294178911 -0.0257932488
  endloop
 endfacet

 facet normal -0.0115673533 -0.999872804 0.0109827882
  outer loop
  vertex -0.131362453 -0.00274275709 0.00299515272
  vertex -0.131362453 -0.00274590566 0.00270851445
  vertex -0.131090298 -0.00274590566 0.00299515272
  endloop
 endfacet

 facet normal -0.00564072048 -0.487579286 0.873060465
  outer loop
  vertex -0.131362453 -0.00274275709 0.00299515272
  vertex -0.131090298 -0.00274590566 0.00299515272
  vertex -0.128950059 -7.608335e-05 0.00449999981
  endloop
 endfacet

 facet normal 0 -0.491022557 0.871146917
  outer loop
  vertex -0.128950059 -7.608335e-05 0.00449999981
  vertex -0.131090298 -0.00274590566 0.00299515272
  vertex -0.125964299 -0.00274590566 0.00299515272
  endloop
 endfacet

 facet normal 0 -0.491022557 0.871146917
  outer loop
  vertex -0.128950059 -7.608335e-05 0.00449999981
  vertex -0.125964299 -0.00274590566 0.00299515272
  vertex -0.126366988 -7.608335e-05 0.00449999981
  endloop
 endfacet

 facet normal 0.924249351 0.119124584 0.362729281
  outer loop
  vertex -0.126045153 0.023571359 0.00449999981
  vertex -0.126022428 0.0233950503 0.00449999981
  vertex -0.125972748 0.0275918338 0.00299515272
  endloop
 endfacet

 facet normal 0.922060966 0.121003389 0.367643565
  outer loop
  vertex -0.126045153 0.023571359 0.00449999981
  vertex -0.125972748 0.0275918338 0.00299515272
  vertex -0.125995472 0.0277649928 0.00299515272
  endloop
 endfacet

 facet normal 0.909228802 0.131022453 0.395140648
  outer loop
  vertex -0.126045153 0.023571359 0.00449999981
  vertex -0.125995472 0.0277649928 0.00299515272
  vertex -0.126446784 0.0277114715 0.00405135006
  endloop
 endfacet

 facet normal 0.875588119 0.135194451 0.463754147
  outer loop
  vertex -0.126045153 0.023571359 0.00449999981
  vertex -0.126446784 0.0277114715 0.00405135006
  vertex -0.126470551 0.0277051739 0.00409808522
  endloop
 endfacet

 facet normal 0.828857303 0.138009578 0.542170644
  outer loop
  vertex -0.126045153 0.023571359 0.00449999981
  vertex -0.126470551 0.0277051739 0.00409808522
  vertex -0.126498565 0.0277020261 0.00414170371
  endloop
 endfacet

 facet normal 0.796126842 0.13848497 0.589070559
  outer loop
  vertex -0.126045153 0.023571359 0.00449999981
  vertex -0.126498565 0.0277020261 0.00414170371
  vertex -0.126529738 0.0276957285 0.00418532267
  endloop
 endfacet

 facet normal 0.788946569 0.174558595 0.589145839
  outer loop
  vertex -0.126529738 0.0276957285 0.00418532267
  vertex -0.126498565 0.0277020261 0.00414170371
  vertex -0.126529217 0.0278405547 0.00414170371
  endloop
 endfacet

 facet normal 0.78894943 0.174557522 0.589142263
  outer loop
  vertex -0.126529738 0.0276957285 0.00418532267
  vertex -0.126529217 0.0278405547 0.00414170371
  vertex -0.12656039 0.027834259 0.00418532267
  endloop
 endfacet

 facet normal 0.712184072 0.15757294 0.684079349
  outer loop
  vertex -0.126529738 0.0276957285 0.00418532267
  vertex -0.12656039 0.027834259 0.00418532267
  vertex -0.126594216 0.0278248135 0.00422270969
  endloop
 endfacet

 facet normal 0.709212422 0.155029029 0.68773818
  outer loop
  vertex -0.126529738 0.0276957285 0.00418532267
  vertex -0.126594216 0.0278248135 0.00422270969
  vertex -0.126564622 0.0276894327 0.00422270969
  endloop
 endfacet

 facet normal 0.694577396 0.221791834 0.684376121
  outer loop
  vertex -0.126594216 0.0278248135 0.00422270969
  vertex -0.12656039 0.027834259 0.00418532267
  vertex -0.126635432 0.0279538967 0.00422270969
  endloop
 endfacet

 facet normal 0.604670644 0.193082899 0.772717595
  outer loop
  vertex -0.126594216 0.0278248135 0.00422270969
  vertex -0.126635432 0.0279538967 0.00422270969
  vertex -0.126711011 0.02792871 0.00428813789
  endloop
 endfacet

 facet normal 0.601340711 0.18672657 0.776867151
  outer loop
  vertex -0.126594216 0.0278248135 0.00422270969
  vertex -0.126711011 0.02792871 0.00428813789
  vertex -0.126671895 0.0278027728 0.00428813789
  endloop
 endfacet

 facet normal 0.512964547 0.159284264 0.843502164
  outer loop
  vertex -0.126671895 0.0278027728 0.00428813789
  vertex -0.126711011 0.02792871 0.00428813789
  vertex -0.126752228 0.0279129669 0.00431617768
  endloop
 endfacet

 facet normal 0.51244235 0.158799589 0.843910873
  outer loop
  vertex -0.126671895 0.0278027728 0.00428813789
  vertex -0.126752228 0.0279129669 0.00431617768
  vertex -0.12671417 0.0277901813 0.00431617768
  endloop
 endfacet

 facet normal 0.457352012 0.141727775 0.877919376
  outer loop
  vertex -0.12671417 0.0277901813 0.00431617768
  vertex -0.126752228 0.0279129669 0.00431617768
  vertex -0.126759097 0.0277807359 0.00434110314
  endloop
 endfacet

 facet normal 0.449768722 0.142825186 0.881651342
  outer loop
  vertex -0.126759097 0.0277807359 0.00434110314
  vertex -0.126752228 0.0279129669 0.00431617768
  vertex -0.126796082 0.0278972257 0.00434110314
  endloop
 endfacet

 facet normal 0.435700059 0.181838572 0.881532848
  outer loop
  vertex -0.126796082 0.0278972257 0.00434110314
  vertex -0.126752228 0.0279129669 0.00431617768
  vertex -0.126800835 0.0280294567 0.00431617768
  endloop
 endfacet

 facet normal 0.433615148 0.181952819 0.882536769
  outer loop
  vertex -0.126796082 0.0278972257 0.00434110314
  vertex -0.126800835 0.0280294567 0.00431617768
  vertex -0.126843646 0.0280105677 0.00434110314
  endloop
 endfacet

 facet normal 0.378267854 0.158728093 0.911986232
  outer loop
  vertex -0.126796082 0.0278972257 0.00434110314
  vertex -0.126843646 0.0280105677 0.00434110314
  vertex -0.126886979 0.027988527 0.00436291285
  endloop
 endfacet

 facet normal 0.374533534 0.154468298 0.914256096
  outer loop
  vertex -0.126796082 0.0278972257 0.00434110314
  vertex -0.126886979 0.027988527 0.00436291285
  vertex -0.12684153 0.0278783347 0.00436291285
  endloop
 endfacet

 facet normal 0.362672657 0.189787149 0.912386656
  outer loop
  vertex -0.126886979 0.027988527 0.00436291285
  vertex -0.126843646 0.0280105677 0.00434110314
  vertex -0.12689966 0.028117612 0.00434110314
  endloop
 endfacet

 facet normal 0.362235367 0.189774007 0.912563086
  outer loop
  vertex -0.126886979 0.027988527 0.00436291285
  vertex -0.12689966 0.028117612 0.00434110314
  vertex -0.126941413 0.0280924235 0.00436291285
  endloop
 endfacet

 facet normal 0.219980106 0.115246914 0.968672752
  outer loop
  vertex -0.126886979 0.027988527 0.00436291285
  vertex -0.126941413 0.0280924235 0.00436291285
  vertex -0.126984745 0.0280703865 0.00437537534
  endloop
 endfacet

 facet normal 0.215478063 0.109616719 0.970336795
  outer loop
  vertex -0.126886979 0.027988527 0.00436291285
  vertex -0.126984745 0.0280703865 0.00437537534
  vertex -0.126978397 0.0279475991 0.0043878383
  endloop
 endfacet

 facet normal 0.205692098 0.109329902 0.972490489
  outer loop
  vertex -0.126978397 0.0279475991 0.0043878383
  vertex -0.126984745 0.0280703865 0.00437537534
  vertex -0.127028599 0.0280420501 0.0043878383
  endloop
 endfacet

 facet normal 0.196732372 0.123280764 0.9726758
  outer loop
  vertex -0.127028599 0.0280420501 0.0043878383
  vertex -0.126984745 0.0280703865 0.00437537534
  vertex -0.127087787 0.0281365011 0.0043878383
  endloop
 endfacet

 facet normal 0.189342722 0.144658625 0.97119683
  outer loop
  vertex -0.127087787 0.0281365011 0.0043878383
  vertex -0.127045512 0.0281648375 0.00437537534
  vertex -0.127115265 0.0282561406 0.00437537534
  endloop
 endfacet

 facet normal 0.183010101 0.143350676 0.972603738
  outer loop
  vertex -0.127087787 0.0281365011 0.0043878383
  vertex -0.127115265 0.0282561406 0.00437537534
  vertex -0.12715438 0.0282215085 0.0043878383
  endloop
 endfacet

 facet normal 0.0961816683 0.0753385052 0.992508531
  outer loop
  vertex -0.127087787 0.0281365011 0.0043878383
  vertex -0.12715438 0.0282215085 0.0043878383
  vertex -0.127194017 0.0281900242 0.00439406885
  endloop
 endfacet

 facet normal 0.0938107073 0.0705659539 0.9930861
  outer loop
  vertex -0.127087787 0.0281365011 0.0043878383
  vertex -0.127194017 0.0281900242 0.00439406885
  vertex -0.127130061 0.0281050187 0.00439406885
  endloop
 endfacet

 facet normal 0.200054586 0.128719509 0.971292794
  outer loop
  vertex -0.127087787 0.0281365011 0.0043878383
  vertex -0.126984745 0.0280703865 0.00437537534
  vertex -0.127045512 0.0281648375 0.00437537534
  endloop
 endfacet

 facet normal 0.0908195972 0.0820828974 0.992478907
  outer loop
  vertex -0.127194017 0.0281900242 0.00439406885
  vertex -0.12715438 0.0282215085 0.0043878383
  vertex -0.127228364 0.0283033662 0.0043878383
  endloop
 endfacet

 facet normal 0.172178358 0.155615076 0.972696543
  outer loop
  vertex -0.127228364 0.0283033662 0.0043878383
  vertex -0.12715438 0.0282215085 0.0043878383
  vertex -0.127115265 0.0282561406 0.00437537534
  endloop
 endfacet

 facet normal 0.174396381 0.161274284 0.971378684
  outer loop
  vertex -0.127228364 0.0283033662 0.0043878383
  vertex -0.127115265 0.0282561406 0.00437537534
  vertex -0.127156496 0.0283757783 0.00436291285
  endloop
 endfacet

 facet normal 0.161144599 0.17443186 0.971393824
  outer loop
  vertex -0.127228364 0.0283033662 0.0043878383
  vertex -0.127156496 0.0283757783 0.00436291285
  vertex -0.127275914 0.0284167081 0.00437537534
  endloop
 endfacet

 facet normal 0.15510349 0.172051564 0.972800791
  outer loop
  vertex -0.127228364 0.0283033662 0.0043878383
  vertex -0.127275914 0.0284167081 0.00437537534
  vertex -0.127308682 0.0283757783 0.0043878383
  endloop
 endfacet

 facet normal 0.148647547 0.193095431 0.969854712
  outer loop
  vertex -0.127275914 0.0284167081 0.00437537534
  vertex -0.127243683 0.0284544881 0.00436291285
  vertex -0.127337754 0.0285269003 0.00436291285
  endloop
 endfacet

 facet normal 0.14756237 0.192518279 0.970135152
  outer loop
  vertex -0.127275914 0.0284167081 0.00437537534
  vertex -0.127337754 0.0285269003 0.00436291285
  vertex -0.127366289 0.0284859724 0.00437537534
  endloop
 endfacet

 facet normal 0.163150296 0.180737779 0.969905198
  outer loop
  vertex -0.127275914 0.0284167081 0.00437537534
  vertex -0.127156496 0.0283757783 0.00436291285
  vertex -0.127243683 0.0284544881 0.00436291285
  endloop
 endfacet

 facet normal 0.129846364 0.204871148 0.970138013
  outer loop
  vertex -0.127366289 0.0284859724 0.00437537534
  vertex -0.127337754 0.0285269003 0.00436291285
  vertex -0.1274371 0.0285898671 0.00436291285
  endloop
 endfacet

 facet normal 0.224149913 0.353662968 0.908118606
  outer loop
  vertex -0.1274371 0.0285898671 0.00436291285
  vertex -0.127337754 0.0285269003 0.00436291285
  vertex -0.127413318 0.0286307968 0.00434110314
  endloop
 endfacet

 facet normal 0.194120511 0.371090293 0.908080041
  outer loop
  vertex -0.1274371 0.0285898671 0.00436291285
  vertex -0.127413318 0.0286307968 0.00434110314
  vertex -0.127521649 0.0286874678 0.00434110314
  endloop
 endfacet

 facet normal 0.18561469 0.36469543 0.91243881
  outer loop
  vertex -0.1274371 0.0285898671 0.00436291285
  vertex -0.127521649 0.0286874678 0.00434110314
  vertex -0.127542257 0.0286433902 0.00436291285
  endloop
 endfacet

 facet normal 0.112084948 0.220224321 0.968988299
  outer loop
  vertex -0.1274371 0.0285898671 0.00436291285
  vertex -0.127542257 0.0286433902 0.00436291285
  vertex -0.127563402 0.0285993125 0.00437537534
  endloop
 endfacet

 facet normal 0.213193595 0.407551289 0.887947321
  outer loop
  vertex -0.127521649 0.0286874678 0.00434110314
  vertex -0.127413318 0.0286307968 0.00434110314
  vertex -0.127502099 0.0287315454 0.00431617768
  endloop
 endfacet

 facet normal 0.176983565 0.42380929 0.888291955
  outer loop
  vertex -0.127521649 0.0286874678 0.00434110314
  vertex -0.127502099 0.0287315454 0.00431617768
  vertex -0.127634734 0.0287346933 0.00434110314
  endloop
 endfacet

 facet normal 0.176206768 0.435753822 0.882649362
  outer loop
  vertex -0.127634734 0.0287346933 0.00434110314
  vertex -0.127502099 0.0287315454 0.00431617768
  vertex -0.127618894 0.0287787709 0.00431617768
  endloop
 endfacet

 facet normal 0.203138024 0.502353907 0.840461493
  outer loop
  vertex -0.127618894 0.0287787709 0.00431617768
  vertex -0.127502099 0.0287315454 0.00431617768
  vertex -0.127604097 0.0288196988 0.00428813789
  endloop
 endfacet

 facet normal 0.19202368 0.614869356 0.764893889
  outer loop
  vertex -0.127589822 0.0288606286 0.00425386569
  vertex -0.127576604 0.0288952608 0.00422270969
  vertex -0.12770766 0.0289361905 0.00422270969
  endloop
 endfacet

 facet normal 0.239513338 0.572877049 0.783865631
  outer loop
  vertex -0.127589822 0.0288606286 0.00425386569
  vertex -0.127604097 0.0288196988 0.00428813789
  vertex -0.127483606 0.0287693255 0.00428813789
  endloop
 endfacet

 facet normal 0.2506226 0.581960678 0.773634434
  outer loop
  vertex -0.127589822 0.0288606286 0.00425386569
  vertex -0.127483606 0.0287693255 0.00428813789
  vertex -0.127449781 0.0288417377 0.00422270969
  endloop
 endfacet

 facet normal 0.250261873 0.593022943 0.765305758
  outer loop
  vertex -0.127589822 0.0288606286 0.00425386569
  vertex -0.127449781 0.0288417377 0.00422270969
  vertex -0.127576604 0.0288952608 0.00422270969
  endloop
 endfacet

 facet normal 0.211141318 0.68971318 0.692614734
  outer loop
  vertex -0.12770766 0.0289361905 0.00422270969
  vertex -0.12756446 0.0289298929 0.00418532267
  vertex -0.127698153 0.0289708208 0.00418532267
  endloop
 endfacet

 facet normal 0.212789223 0.681361616 0.700333595
  outer loop
  vertex -0.12770766 0.0289361905 0.00422270969
  vertex -0.127576604 0.0288952608 0.00422270969
  vertex -0.12756446 0.0289298929 0.00418532267
  endloop
 endfacet

 facet normal 0.214209259 0.512353718 0.831629694
  outer loop
  vertex -0.127604097 0.0288196988 0.00428813789
  vertex -0.127502099 0.0287315454 0.00431617768
  vertex -0.127483606 0.0287693255 0.00428813789
  endloop
 endfacet

 facet normal 0.234921902 0.767394722 0.596587837
  outer loop
  vertex -0.127698153 0.0289708208 0.00418532267
  vertex -0.12756446 0.0289298929 0.00418532267
  vertex -0.127690226 0.0290023051 0.00414170371
  endloop
 endfacet

 facet normal 0.251559019 0.781140268 0.571435153
  outer loop
  vertex -0.127690226 0.0290023051 0.00414170371
  vertex -0.12756446 0.0289298929 0.00418532267
  vertex -0.127553359 0.0289582275 0.00414170371
  endloop
 endfacet

 facet normal 0.252873361 0.785221517 0.565227628
  outer loop
  vertex -0.127690226 0.0290023051 0.00414170371
  vertex -0.127553359 0.0289582275 0.00414170371
  vertex -0.127543852 0.028986562 0.00409808522
  endloop
 endfacet

 facet normal 0.242042869 0.821905553 0.515641868
  outer loop
  vertex -0.127690226 0.0290023051 0.00414170371
  vertex -0.127543852 0.028986562 0.00409808522
  vertex -0.127682835 0.0290274918 0.00409808522
  endloop
 endfacet

 facet normal 0.202864319 0.832697868 0.515228391
  outer loop
  vertex -0.127690226 0.0290023051 0.00414170371
  vertex -0.127682835 0.0290274918 0.00409808522
  vertex -0.127824977 0.029062124 0.00409808522
  endloop
 endfacet

 facet normal 0.183922201 0.815007091 0.549487114
  outer loop
  vertex -0.127690226 0.0290023051 0.00414170371
  vertex -0.127824977 0.029062124 0.00409808522
  vertex -0.127829745 0.0290337894 0.00414170371
  endloop
 endfacet

 facet normal 0.206897691 0.849253774 0.485758603
  outer loop
  vertex -0.127824977 0.029062124 0.00409808522
  vertex -0.127682835 0.0290274918 0.00409808522
  vertex -0.127676487 0.0290526785 0.00405135006
  endloop
 endfacet

 facet normal 0.192220569 0.880782485 0.432751179
  outer loop
  vertex -0.127824977 0.029062124 0.00409808522
  vertex -0.127676487 0.0290526785 0.00405135006
  vertex -0.12782076 0.0290841628 0.00405135006
  endloop
 endfacet

 facet normal 0.198455423 0.909351349 0.365644246
  outer loop
  vertex -0.12782076 0.0290841628 0.00405135006
  vertex -0.127676487 0.0290526785 0.00405135006
  vertex -0.127671197 0.0290715694 0.00400150055
  endloop
 endfacet

 facet normal 0.196838468 0.911891103 0.360151678
  outer loop
  vertex -0.12782076 0.0290841628 0.00405135006
  vertex -0.127671197 0.0290715694 0.00400150055
  vertex -0.127817065 0.0291030537 0.00400150055
  endloop
 endfacet

 facet normal 0.200706631 0.929810941 0.308494002
  outer loop
  vertex -0.127817065 0.0291030537 0.00400150055
  vertex -0.127671197 0.0290715694 0.00400150055
  vertex -0.127667502 0.0290873107 0.00395164965
  endloop
 endfacet

 facet normal 0.199592292 0.931307733 0.30467841
  outer loop
  vertex -0.127817065 0.0291030537 0.00400150055
  vertex -0.127667502 0.0290873107 0.00395164965
  vertex -0.127814412 0.0291187949 0.00395164965
  endloop
 endfacet

 facet normal 0.199779719 0.932182312 0.301867843
  outer loop
  vertex -0.127814412 0.0291187949 0.00395164965
  vertex -0.127667502 0.0290873107 0.00395164965
  vertex -0.127617836 0.0293864068 0.00299515272
  endloop
 endfacet

 facet normal 0.139376134 0.945816219 0.293267906
  outer loop
  vertex -0.127814412 0.0291187949 0.00395164965
  vertex -0.127617836 0.0293864068 0.00299515272
  vertex -0.12796396 0.0291408338 0.00395164965
  endloop
 endfacet

 facet normal 0.121163949 0.950009048 0.287753761
  outer loop
  vertex -0.12796396 0.0291408338 0.00395164965
  vertex -0.127617836 0.0293864068 0.00299515272
  vertex -0.12779063 0.0294084456 0.00299515272
  endloop
 endfacet

 facet normal 0.0529857799 0.978263557 -0.200481743
  outer loop
  vertex -0.127965018 0.0294178911 -0.0257932488
  vertex -0.12779063 0.0294084456 -0.0257932488
  vertex -0.12807864 0.0291156471 -0.0272980966
  endloop
 endfacet

 facet normal 0 0.980420709 -0.196914524
  outer loop
  vertex -0.127965018 0.0294178911 -0.0257932488
  vertex -0.12807864 0.0291156471 -0.0272980966
  vertex -0.131362453 0.0294178911 -0.0257932488
  endloop
 endfacet

 facet normal 0.126514986 0.991964757 0
  outer loop
  vertex -0.12779063 0.0294084456 0.00299515272
  vertex -0.127617836 0.0293864068 0.00299515272
  vertex -0.127617836 0.0293864068 -0.0257932488
  endloop
 endfacet

 facet normal 0.126514986 0.991964757 0
  outer loop
  vertex -0.12779063 0.0294084456 0.00299515272
  vertex -0.127617836 0.0293864068 -0.0257932488
  vertex -0.12779063 0.0294084456 -0.0257932488
  endloop
 endfacet

 facet normal -0.0230025295 0.969282508 -0.244872481
  outer loop
  vertex -0.131362453 0.0294178911 -0.0257932488
  vertex -0.12807864 0.0291156471 -0.0272980966
  vertex -0.131362453 0.0294115935 -0.0258181747
  endloop
 endfacet

 facet normal 0 -1 0
  outer loop
  vertex -0.131362453 -0.00274590566 0.00270851445
  vertex -0.131362453 -0.00274590566 -0.0257932488
  vertex -0.125964299 -0.00274590566 -0.0257932488
  endloop
 endfacet

 facet normal 0 -1 0
  outer loop
  vertex -0.131362453 -0.00274590566 0.00270851445
  vertex -0.125964299 -0.00274590566 -0.0257932488
  vertex -0.125964299 -0.00274590566 0.00299515272
  endloop
 endfacet

 facet normal 0 -1 0
  outer loop
  vertex -0.131362453 -0.00274590566 0.00270851445
  vertex -0.125964299 -0.00274590566 0.00299515272
  vertex -0.131090298 -0.00274590566 0.00299515272
  endloop
 endfacet

 facet normal 0.879289567 -0.12623778 0.459253639
  outer loop
  vertex -0.126366988 -7.608335e-05 0.00449999981
  vertex -0.125964299 -0.00274590566 0.00299515272
  vertex -0.126045153 0.00216555921 0.00449999981
  endloop
 endfacet

 facet normal 0.988292456 0.0407435708 0.14703019
  outer loop
  vertex -0.126022428 0.0233950503 0.00449999981
  vertex -0.126015037 0.0232155919 0.00449999981
  vertex -0.125964299 0.0274155252 0.00299515272
  endloop
 endfacet

 facet normal 0.985278726 0.0472500101 0.16429691
  outer loop
  vertex -0.126022428 0.0233950503 0.00449999981
  vertex -0.125964299 0.0274155252 0.00299515272
  vertex -0.125972748 0.0275918338 0.00299515272
  endloop
 endfacet

 facet normal 0.998852134 0.04790093 0
  outer loop
  vertex -0.125972748 0.0275918338 0.00299515272
  vertex -0.125964299 0.0274155252 0.00299515272
  vertex -0.125964299 0.0274155252 -0.0257932488
  endloop
 endfacet

 facet normal 0.998852134 0.04790093 0
  outer loop
  vertex -0.125972748 0.0275918338 0.00299515272
  vertex -0.125964299 0.0274155252 -0.0257932488
  vertex -0.125972748 0.0275918338 -0.0257932488
  endloop
 endfacet

 facet normal 0.991498828 0.130115837 0
  outer loop
  vertex -0.125972748 0.0275918338 0.00299515272
  vertex -0.125972748 0.0275918338 -0.0257932488
  vertex -0.125995472 0.0277649928 -0.0257932488
  endloop
 endfacet

 facet normal 0.991498828 0.130115837 0
  outer loop
  vertex -0.125972748 0.0275918338 0.00299515272
  vertex -0.125995472 0.0277649928 -0.0257932488
  vertex -0.125995472 0.0277649928 0.00299515272
  endloop
 endfacet

 facet normal 0.97650218 0.215507537 0
  outer loop
  vertex -0.125995472 0.0277649928 0.00299515272
  vertex -0.125995472 0.0277649928 -0.0257932488
  vertex -0.126032993 0.0279350057 -0.0257932488
  endloop
 endfacet

 facet normal 0.97650218 0.215507537 0
  outer loop
  vertex -0.125995472 0.0277649928 0.00299515272
  vertex -0.126032993 0.0279350057 -0.0257932488
  vertex -0.126032993 0.0279350057 0.00299515272
  endloop
 endfacet

 facet normal 0.897678554 0.198111683 0.393605083
  outer loop
  vertex -0.125995472 0.0277649928 0.00299515272
  vertex -0.126032993 0.0279350057 0.00299515272
  vertex -0.126446784 0.0277114715 0.00405135006
  endloop
 endfacet

 facet normal 0.896114469 0.203893825 0.394216031
  outer loop
  vertex -0.126446784 0.0277114715 0.00405135006
  vertex -0.126032993 0.0279350057 0.00299515272
  vertex -0.126479015 0.0278531481 0.00405135006
  endloop
 endfacet

 facet normal 0.872111499 0.198432416 0.447265238
  outer loop
  vertex -0.126446784 0.0277114715 0.00405135006
  vertex -0.126479015 0.0278531481 0.00405135006
  vertex -0.126502261 0.0278500002 0.00409808522
  endloop
 endfacet

 facet normal 0.864596486 0.189287484 0.465449512
  outer loop
  vertex -0.126446784 0.0277114715 0.00405135006
  vertex -0.126502261 0.0278500002 0.00409808522
  vertex -0.126470551 0.0277051739 0.00409808522
  endloop
 endfacet

 facet normal 0.821782172 0.179914072 0.540652335
  outer loop
  vertex -0.126470551 0.0277051739 0.00409808522
  vertex -0.126502261 0.0278500002 0.00409808522
  vertex -0.126498565 0.0277020261 0.00414170371
  endloop
 endfacet

 facet normal 0.818621278 0.181124255 0.545025885
  outer loop
  vertex -0.126498565 0.0277020261 0.00414170371
  vertex -0.126502261 0.0278500002 0.00409808522
  vertex -0.126529217 0.0278405547 0.00414170371
  endloop
 endfacet

 facet normal 0.772578657 0.241669938 0.587126851
  outer loop
  vertex -0.12656039 0.027834259 0.00418532267
  vertex -0.126529217 0.0278405547 0.00414170371
  vertex -0.126572549 0.0279790834 0.00414170371
  endloop
 endfacet

 facet normal 0.763571918 0.244127378 0.597795725
  outer loop
  vertex -0.12656039 0.027834259 0.00418532267
  vertex -0.126572549 0.0279790834 0.00414170371
  vertex -0.126602665 0.02796649 0.00418532267
  endloop
 endfacet

 facet normal 0.694955766 0.22218959 0.683862805
  outer loop
  vertex -0.12656039 0.027834259 0.00418532267
  vertex -0.126602665 0.02796649 0.00418532267
  vertex -0.126635432 0.0279538967 0.00422270969
  endloop
 endfacet

 facet normal 0.674769878 0.276240915 0.684380531
  outer loop
  vertex -0.126635432 0.0279538967 0.00422270969
  vertex -0.126602665 0.02796649 0.00418532267
  vertex -0.126688287 0.0280829798 0.00422270969
  endloop
 endfacet

 facet normal 0.588186681 0.240795016 0.772045493
  outer loop
  vertex -0.126635432 0.0279538967 0.00422270969
  vertex -0.126688287 0.0280829798 0.00422270969
  vertex -0.126711011 0.02792871 0.00428813789
  endloop
 endfacet

 facet normal 0.584055424 0.242504895 0.774642348
  outer loop
  vertex -0.126711011 0.02792871 0.00428813789
  vertex -0.126688287 0.0280829798 0.00422270969
  vertex -0.126760677 0.0280483477 0.00428813789
  endloop
 endfacet

 facet normal 0.495493054 0.205733031 0.843896031
  outer loop
  vertex -0.126711011 0.02792871 0.00428813789
  vertex -0.126760677 0.0280483477 0.00428813789
  vertex -0.126752228 0.0279129669 0.00431617768
  endloop
 endfacet

 facet normal 0.493253469 0.205858395 0.845176578
  outer loop
  vertex -0.126752228 0.0279129669 0.00431617768
  vertex -0.126760677 0.0280483477 0.00428813789
  vertex -0.126800835 0.0280294567 0.00431617768
  endloop
 endfacet

 facet normal 0.474593848 0.245622396 0.845239818
  outer loop
  vertex -0.126800835 0.0280294567 0.00431617768
  vertex -0.126760677 0.0280483477 0.00428813789
  vertex -0.126859501 0.0281427987 0.00431617768
  endloop
 endfacet

 facet normal 0.418198317 0.216435313 0.882193923
  outer loop
  vertex -0.126800835 0.0280294567 0.00431617768
  vertex -0.126859501 0.0281427987 0.00431617768
  vertex -0.126843646 0.0280105677 0.00434110314
  endloop
 endfacet

 facet normal 0.4133178 0.216289848 0.884526491
  outer loop
  vertex -0.126843646 0.0280105677 0.00434110314
  vertex -0.126859501 0.0281427987 0.00431617768
  vertex -0.12689966 0.028117612 0.00434110314
  endloop
 endfacet

 facet normal 0.392730206 0.249693736 0.885107994
  outer loop
  vertex -0.12689966 0.028117612 0.00434110314
  vertex -0.126859501 0.0281427987 0.00431617768
  vertex -0.126965716 0.0282215085 0.00434110314
  endloop
 endfacet

 facet normal 0.347859234 0.221165225 0.911087275
  outer loop
  vertex -0.12689966 0.028117612 0.00434110314
  vertex -0.126965716 0.0282215085 0.00434110314
  vertex -0.127004832 0.0281931721 0.00436291285
  endloop
 endfacet

 facet normal 0.345613033 0.217540964 0.912812948
  outer loop
  vertex -0.12689966 0.028117612 0.00434110314
  vertex -0.127004832 0.0281931721 0.00436291285
  vertex -0.126941413 0.0280924235 0.00436291285
  endloop
 endfacet

 facet normal 0.210982502 0.132799804 0.968426883
  outer loop
  vertex -0.126941413 0.0280924235 0.00436291285
  vertex -0.127004832 0.0281931721 0.00436291285
  vertex -0.126984745 0.0280703865 0.00437537534
  endloop
 endfacet

 facet normal 0.205122784 0.131980494 0.969796777
  outer loop
  vertex -0.126984745 0.0280703865 0.00437537534
  vertex -0.127004832 0.0281931721 0.00436291285
  vertex -0.127045512 0.0281648375 0.00437537534
  endloop
 endfacet

 facet normal 0.194149971 0.147732481 0.969783962
  outer loop
  vertex -0.127045512 0.0281648375 0.00437537534
  vertex -0.127004832 0.0281931721 0.00436291285
  vertex -0.1270767 0.0282876231 0.00436291285
  endloop
 endfacet

 facet normal 0.193028182 0.147474334 0.970047116
  outer loop
  vertex -0.127045512 0.0281648375 0.00437537534
  vertex -0.1270767 0.0282876231 0.00436291285
  vertex -0.127115265 0.0282561406 0.00437537534
  endloop
 endfacet

 facet normal 0.180228248 0.163140118 0.970001638
  outer loop
  vertex -0.127115265 0.0282561406 0.00437537534
  vertex -0.1270767 0.0282876231 0.00436291285
  vertex -0.127156496 0.0283757783 0.00436291285
  endloop
 endfacet

 facet normal 0.303778678 0.274976224 0.912198722
  outer loop
  vertex -0.127156496 0.0283757783 0.00436291285
  vertex -0.1270767 0.0282876231 0.00436291285
  vertex -0.127039701 0.0283191074 0.00434110314
  endloop
 endfacet

 facet normal 0.310829818 0.292536557 0.904326916
  outer loop
  vertex -0.127156496 0.0283757783 0.00436291285
  vertex -0.127039701 0.0283191074 0.00434110314
  vertex -0.12712267 0.0284072626 0.00434110314
  endloop
 endfacet

 facet normal 0.293849707 0.310549378 0.90399754
  outer loop
  vertex -0.127156496 0.0283757783 0.00436291285
  vertex -0.12712267 0.0284072626 0.00434110314
  vertex -0.12721251 0.0284922682 0.00434110314
  endloop
 endfacet

 facet normal 0.272766829 0.302170873 0.913395345
  outer loop
  vertex -0.127156496 0.0283757783 0.00436291285
  vertex -0.12721251 0.0284922682 0.00434110314
  vertex -0.127243683 0.0284544881 0.00436291285
  endloop
 endfacet

 facet normal 0.248230562 0.322455287 0.913457334
  outer loop
  vertex -0.127243683 0.0284544881 0.00436291285
  vertex -0.12721251 0.0284922682 0.00434110314
  vertex -0.127337754 0.0285269003 0.00436291285
  endloop
 endfacet

 facet normal 0.226812065 0.355324209 0.906808138
  outer loop
  vertex -0.127337754 0.0285269003 0.00436291285
  vertex -0.12730974 0.0285646822 0.00434110314
  vertex -0.127413318 0.0286307968 0.00434110314
  endloop
 endfacet

 facet normal 0.251277119 0.33741346 0.907200038
  outer loop
  vertex -0.127337754 0.0285269003 0.00436291285
  vertex -0.12721251 0.0284922682 0.00434110314
  vertex -0.12730974 0.0285646822 0.00434110314
  endloop
 endfacet

 facet normal 0.220469534 0.412908494 0.88368535
  outer loop
  vertex -0.127413318 0.0286307968 0.00434110314
  vertex -0.127390072 0.0286717266 0.00431617768
  vertex -0.127502099 0.0287315454 0.00431617768
  endloop
 endfacet

 facet normal 0.245075867 0.383936346 0.890241981
  outer loop
  vertex -0.127413318 0.0286307968 0.00434110314
  vertex -0.12730974 0.0285646822 0.00434110314
  vertex -0.12728332 0.0286056101 0.00431617768
  endloop
 endfacet

 facet normal 0.24653995 0.398053706 0.883612633
  outer loop
  vertex -0.127413318 0.0286307968 0.00434110314
  vertex -0.12728332 0.0286056101 0.00431617768
  vertex -0.127390072 0.0286717266 0.00431617768
  endloop
 endfacet

 facet normal 0.254026771 0.475756496 0.842096269
  outer loop
  vertex -0.127502099 0.0287315454 0.00431617768
  vertex -0.127390072 0.0286717266 0.00431617768
  vertex -0.127367869 0.0287095066 0.00428813789
  endloop
 endfacet

 facet normal 0.254721493 0.492809534 0.832019091
  outer loop
  vertex -0.127502099 0.0287315454 0.00431617768
  vertex -0.127367869 0.0287095066 0.00428813789
  vertex -0.127483606 0.0287693255 0.00428813789
  endloop
 endfacet

 facet normal 0.273172796 0.647312641 0.711591899
  outer loop
  vertex -0.127576604 0.0288952608 0.00422270969
  vertex -0.127449781 0.0288417377 0.00422270969
  vertex -0.127434462 0.0288763698 0.00418532267
  endloop
 endfacet

 facet normal 0.271865189 0.660320044 0.700047672
  outer loop
  vertex -0.127576604 0.0288952608 0.00422270969
  vertex -0.127434462 0.0288763698 0.00418532267
  vertex -0.12756446 0.0289298929 0.00418532267
  endloop
 endfacet

 facet normal 0.285872549 0.565489888 0.773626685
  outer loop
  vertex -0.127483606 0.0287693255 0.00428813789
  vertex -0.127347261 0.0287472866 0.00425386569
  vertex -0.127449781 0.0288417377 0.00422270969
  endloop
 endfacet

 facet normal 0.286083043 0.553484678 0.782183647
  outer loop
  vertex -0.127483606 0.0287693255 0.00428813789
  vertex -0.127367869 0.0287095066 0.00428813789
  vertex -0.127347261 0.0287472866 0.00425386569
  endloop
 endfacet

 facet normal 0.295539528 0.572954714 0.764447153
  outer loop
  vertex -0.127449781 0.0288417377 0.00422270969
  vertex -0.127347261 0.0287472866 0.00425386569
  vertex -0.12732771 0.0287787709 0.00422270969
  endloop
 endfacet

 facet normal 0.3223508 0.624933004 0.711019516
  outer loop
  vertex -0.127449781 0.0288417377 0.00422270969
  vertex -0.12732771 0.0287787709 0.00422270969
  vertex -0.127434462 0.0288763698 0.00418532267
  endloop
 endfacet

 facet normal 0.309547186 0.751844108 0.582160592
  outer loop
  vertex -0.12756446 0.0289298929 0.00418532267
  vertex -0.127434462 0.0288763698 0.00418532267
  vertex -0.127421245 0.0289047044 0.00414170371
  endloop
 endfacet

 facet normal 0.307955474 0.760142028 0.572142959
  outer loop
  vertex -0.12756446 0.0289298929 0.00418532267
  vertex -0.127421245 0.0289047044 0.00414170371
  vertex -0.127553359 0.0289582275 0.00414170371
  endloop
 endfacet

 facet normal 0.309927583 0.76500982 0.564539552
  outer loop
  vertex -0.127553359 0.0289582275 0.00414170371
  vertex -0.127421245 0.0289047044 0.00414170371
  vertex -0.127543852 0.028986562 0.00409808522
  endloop
 endfacet

 facet normal 0.266257584 0.852345467 0.450126886
  outer loop
  vertex -0.127543852 0.028986562 0.00409808522
  vertex -0.127535388 0.0290086027 0.00405135006
  vertex -0.127676487 0.0290526785 0.00405135006
  endloop
 endfacet

 facet normal 0.246971115 0.838640451 0.485476583
  outer loop
  vertex -0.127543852 0.028986562 0.00409808522
  vertex -0.127676487 0.0290526785 0.00405135006
  vertex -0.127682835 0.0290274918 0.00409808522
  endloop
 endfacet

 facet normal 0.326463163 0.776297092 0.539244533
  outer loop
  vertex -0.127543852 0.028986562 0.00409808522
  vertex -0.127421245 0.0289047044 0.00414170371
  vertex -0.127409086 0.0289298929 0.00409808522
  endloop
 endfacet

 facet normal 0.344219655 0.818520248 0.459932029
  outer loop
  vertex -0.127543852 0.028986562 0.00409808522
  vertex -0.127409086 0.0289298929 0.00409808522
  vertex -0.127399057 0.0289519299 0.00405135006
  endloop
 endfacet

 facet normal 0.342626303 0.824294984 0.450716108
  outer loop
  vertex -0.127543852 0.028986562 0.00409808522
  vertex -0.127399057 0.0289519299 0.00405135006
  vertex -0.127535388 0.0290086027 0.00405135006
  endloop
 endfacet

 facet normal 0.276579589 0.885388374 0.373618901
  outer loop
  vertex -0.127676487 0.0290526785 0.00405135006
  vertex -0.127535388 0.0290086027 0.00405135006
  vertex -0.127528518 0.0290274918 0.00400150055
  endloop
 endfacet

 facet normal 0.274670571 0.889131904 0.366060972
  outer loop
  vertex -0.127676487 0.0290526785 0.00405135006
  vertex -0.127528518 0.0290274918 0.00400150055
  vertex -0.127671197 0.0290715694 0.00400150055
  endloop
 endfacet

 facet normal 0.280392975 0.907655716 0.312315315
  outer loop
  vertex -0.127671197 0.0290715694 0.00400150055
  vertex -0.127528518 0.0290274918 0.00400150055
  vertex -0.127447143 0.0293486249 0.00299515272
  endloop
 endfacet

 facet normal 0.250120759 0.917796016 0.308366865
  outer loop
  vertex -0.127671197 0.0290715694 0.00400150055
  vertex -0.127447143 0.0293486249 0.00299515272
  vertex -0.127667502 0.0290873107 0.00395164965
  endloop
 endfacet

 facet normal 0.20603326 0.930849969 0.301776022
  outer loop
  vertex -0.127667502 0.0290873107 0.00395164965
  vertex -0.127447143 0.0293486249 0.00299515272
  vertex -0.127617836 0.0293864068 0.00299515272
  endloop
 endfacet

 facet normal 0.216108441 0.976369321 0
  outer loop
  vertex -0.127617836 0.0293864068 0.00299515272
  vertex -0.127447143 0.0293486249 0.00299515272
  vertex -0.127447143 0.0293486249 -0.0257932488
  endloop
 endfacet

 facet normal 0.216108441 0.976369321 0
  outer loop
  vertex -0.127617836 0.0293864068 0.00299515272
  vertex -0.127447143 0.0293486249 -0.0257932488
  vertex -0.127617836 0.0293864068 -0.0257932488
  endloop
 endfacet

 facet normal 0.123806149 0.970725715 -0.205824047
  outer loop
  vertex -0.12779063 0.0294084456 -0.0257932488
  vertex -0.127617836 0.0293864068 -0.0257932488
  vertex -0.127897903 0.0291030537 -0.0272980966
  endloop
 endfacet

 facet normal 0.0680665523 0.976793051 -0.203081846
  outer loop
  vertex -0.12779063 0.0294084456 -0.0257932488
  vertex -0.127897903 0.0291030537 -0.0272980966
  vertex -0.12807864 0.0291156471 -0.0272980966
  endloop
 endfacet

 facet normal 0.000427771127 0.00613875501 -0.999981105
  outer loop
  vertex -0.12807864 0.0291156471 -0.0272980966
  vertex -0.127897903 0.0291030537 -0.0272980966
  vertex -0.129163548 0.0241160281 -0.027329253
  endloop
 endfacet

 facet normal 0 0.00623157807 -0.999980628
  outer loop
  vertex -0.12807864 0.0291156471 -0.0272980966
  vertex -0.129163548 0.0241160281 -0.027329253
  vertex -0.131362453 0.0241160281 -0.027329253
  endloop
 endfacet

 facet normal -0.000201344214 0.00636381749 -0.999979675
  outer loop
  vertex -0.12807864 0.0291156471 -0.0272980966
  vertex -0.131362453 0.0241160281 -0.027329253
  vertex -0.131362453 0.0290117506 -0.0272980966
  endloop
 endfacet

 facet normal -0.0304876305 0.96361202 -0.265560299
  outer loop
  vertex -0.12807864 0.0291156471 -0.0272980966
  vertex -0.131362453 0.0290117506 -0.0272980966
  vertex -0.131362453 0.0290589761 -0.0271267369
  endloop
 endfacet

 facet normal -0.0302270912 0.965116501 -0.260070026
  outer loop
  vertex -0.12807864 0.0291156471 -0.0272980966
  vertex -0.131362453 0.0290589761 -0.0271267369
  vertex -0.131362453 0.0294115935 -0.0258181747
  endloop
 endfacet

 facet normal 0 -0.553077877 -0.833129585
  outer loop
  vertex -0.131362453 -0.00274590566 -0.0257932488
  vertex -0.1287186 -0.000479075214 -0.0272980966
  vertex -0.126366988 -0.000479075214 -0.0272980966
  endloop
 endfacet

 facet normal 0 -0.553077877 -0.833129585
  outer loop
  vertex -0.131362453 -0.00274590566 -0.0257932488
  vertex -0.126366988 -0.000479075214 -0.0272980966
  vertex -0.125964299 -0.00274590566 -0.0257932488
  endloop
 endfacet

 facet normal -0.305285454 -0.253323972 -0.91794765
  outer loop
  vertex -0.131362453 -0.00274590566 -0.0257932488
  vertex -0.131362453 0.00270707998 -0.0272980966
  vertex -0.1287186 -0.000479075214 -0.0272980966
  endloop
 endfacet

 facet normal 0.982251048 -0.0427441262 0.182636395
  outer loop
  vertex -0.125964299 -0.00274590566 0.00299515272
  vertex -0.126015037 0.00251817727 0.00449999981
  vertex -0.126022428 0.00234816479 0.00449999981
  endloop
 endfacet

 facet normal 0.902779281 -0.112344883 0.415172637
  outer loop
  vertex -0.125964299 -0.00274590566 0.00299515272
  vertex -0.126022428 0.00234816479 0.00449999981
  vertex -0.126045153 0.00216555921 0.00449999981
  endloop
 endfacet

 facet normal 1 0 0
  outer loop
  vertex -0.125964299 -0.00274590566 0.00299515272
  vertex -0.125964299 -0.00274590566 -0.0257932488
  vertex -0.125964299 0.0274155252 -0.0257932488
  endloop
 endfacet

 facet normal 1 0 0
  outer loop
  vertex -0.125964299 -0.00274590566 0.00299515272
  vertex -0.125964299 0.0274155252 -0.0257932488
  vertex -0.125964299 0.0274155252 0.00299515272
  endloop
 endfacet

 facet normal 0.999432266 0 0.0336930528
  outer loop
  vertex -0.125964299 -0.00274590566 0.00299515272
  vertex -0.125964299 0.0274155252 0.00299515272
  vertex -0.126015037 0.0232155919 0.00449999981
  endloop
 endfacet

 facet normal 0.999432266 0 0.0336930528
  outer loop
  vertex -0.125964299 -0.00274590566 0.00299515272
  vertex -0.126015037 0.0232155919 0.00449999981
  vertex -0.126015037 0.00251817727 0.00449999981
  endloop
 endfacet

 facet normal 0.997819841 0.0478514358 -0.0454520434
  outer loop
  vertex -0.125972748 0.0275918338 -0.0257932488
  vertex -0.125964299 0.0274155252 -0.0257932488
  vertex -0.126022428 0.0271982867 -0.0272980966
  endloop
 endfacet

 facet normal 0.989296854 0.129826874 -0.0666088313
  outer loop
  vertex -0.125972748 0.0275918338 -0.0257932488
  vertex -0.126022428 0.0271982867 -0.0272980966
  vertex -0.125995472 0.0277649928 -0.0257932488
  endloop
 endfacet

 facet normal 0.98910135 0.131070808 -0.0670737773
  outer loop
  vertex -0.125995472 0.0277649928 -0.0257932488
  vertex -0.126022428 0.0271982867 -0.0272980966
  vertex -0.126046211 0.0273777433 -0.0272980966
  endloop
 endfacet

 facet normal 0.97333312 0.212097019 -0.0873930305
  outer loop
  vertex -0.125995472 0.0277649928 -0.0257932488
  vertex -0.126046211 0.0273777433 -0.0272980966
  vertex -0.126085311 0.0275572017 -0.0272980966
  endloop
 endfacet

 facet normal 0.972738445 0.214676902 -0.0877137706
  outer loop
  vertex -0.125995472 0.0277649928 -0.0257932488
  vertex -0.126085311 0.0275572017 -0.0272980966
  vertex -0.126032993 0.0279350057 -0.0257932488
  endloop
 endfacet

 facet normal 0.87787199 0.275054425 0.392027706
  outer loop
  vertex -0.126032993 0.0279350057 0.00299515272
  vertex -0.126523405 0.0279948246 0.00405135006
  vertex -0.126479015 0.0278531481 0.00405135006
  endloop
 endfacet

 facet normal 0.953333795 0.301918179 0
  outer loop
  vertex -0.126032993 0.0279350057 0.00299515272
  vertex -0.126032993 0.0279350057 -0.0257932488
  vertex -0.126085848 0.0281018689 -0.0257932488
  endloop
 endfacet

 facet normal 0.953333795 0.301918179 0
  outer loop
  vertex -0.126032993 0.0279350057 0.00299515272
  vertex -0.126085848 0.0281018689 -0.0257932488
  vertex -0.126085848 0.0281018689 0.00299515272
  endloop
 endfacet

 facet normal 0.877210796 0.277810186 0.391564608
  outer loop
  vertex -0.126032993 0.0279350057 0.00299515272
  vertex -0.126085848 0.0281018689 0.00299515272
  vertex -0.126523405 0.0279948246 0.00405135006
  endloop
 endfacet

 facet normal 0.855248094 0.267965913 0.443559706
  outer loop
  vertex -0.126479015 0.0278531481 0.00405135006
  vertex -0.126523405 0.0279948246 0.00405135006
  vertex -0.126502261 0.0278500002 0.00409808522
  endloop
 endfacet

 facet normal 0.851260602 0.269535929 0.450228512
  outer loop
  vertex -0.126502261 0.0278500002 0.00409808522
  vertex -0.126523405 0.0279948246 0.00405135006
  vertex -0.12654613 0.027988527 0.00409808522
  endloop
 endfacet

 facet normal 0.801943421 0.253920525 0.540750563
  outer loop
  vertex -0.126502261 0.0278500002 0.00409808522
  vertex -0.12654613 0.027988527 0.00409808522
  vertex -0.126572549 0.0279790834 0.00414170371
  endloop
 endfacet

 facet normal 0.798618078 0.24981533 0.547541261
  outer loop
  vertex -0.126502261 0.0278500002 0.00409808522
  vertex -0.126572549 0.0279790834 0.00414170371
  vertex -0.126529217 0.0278405547 0.00414170371
  endloop
 endfacet

 facet normal 0.776899517 0.322906584 0.540516853
  outer loop
  vertex -0.126572549 0.0279790834 0.00414170371
  vertex -0.12654613 0.027988527 0.00409808522
  vertex -0.126627505 0.0281113144 0.00414170371
  endloop
 endfacet

 facet normal 0.741341889 0.308127552 0.596212685
  outer loop
  vertex -0.126572549 0.0279790834 0.00414170371
  vertex -0.126627505 0.0281113144 0.00414170371
  vertex -0.126656041 0.0280955732 0.00418532267
  endloop
 endfacet

 facet normal 0.739823818 0.305908293 0.599233568
  outer loop
  vertex -0.126572549 0.0279790834 0.00414170371
  vertex -0.126656041 0.0280955732 0.00418532267
  vertex -0.126602665 0.02796649 0.00418532267
  endloop
 endfacet

 facet normal 0.678236008 0.280442476 0.679226041
  outer loop
  vertex -0.126602665 0.02796649 0.00418532267
  vertex -0.126656041 0.0280955732 0.00418532267
  vertex -0.126688287 0.0280829798 0.00422270969
  endloop
 endfacet

 facet normal 0.65375483 0.337423652 0.677310884
  outer loop
  vertex -0.126688287 0.0280829798 0.00422270969
  vertex -0.126656041 0.0280955732 0.00418532267
  vertex -0.126721039 0.0282215085 0.00418532267
  endloop
 endfacet

 facet normal 0.637075484 0.337684661 0.692895412
  outer loop
  vertex -0.126688287 0.0280829798 0.00422270969
  vertex -0.126721039 0.0282215085 0.00418532267
  vertex -0.126751691 0.0282026175 0.00422270969
  endloop
 endfacet

 facet normal 0.562196851 0.297994912 0.771449208
  outer loop
  vertex -0.126688287 0.0280829798 0.00422270969
  vertex -0.126751691 0.0282026175 0.00422270969
  vertex -0.126821443 0.0281648375 0.00428813789
  endloop
 endfacet

 facet normal 0.560424447 0.292365074 0.774885297
  outer loop
  vertex -0.126688287 0.0280829798 0.00422270969
  vertex -0.126821443 0.0281648375 0.00428813789
  vertex -0.126760677 0.0280483477 0.00428813789
  endloop
 endfacet

 facet normal 0.477028698 0.248858735 0.84291935
  outer loop
  vertex -0.126760677 0.0280483477 0.00428813789
  vertex -0.126821443 0.0281648375 0.00428813789
  vertex -0.126859501 0.0281427987 0.00431617768
  endloop
 endfacet

 facet normal 0.451021999 0.293638885 0.84282583
  outer loop
  vertex -0.126859501 0.0281427987 0.00431617768
  vertex -0.126821443 0.0281648375 0.00428813789
  vertex -0.126927137 0.0282466952 0.00431617768
  endloop
 endfacet

 facet normal 0.398781717 0.2596277 0.879526377
  outer loop
  vertex -0.126859501 0.0281427987 0.00431617768
  vertex -0.126927137 0.0282466952 0.00431617768
  vertex -0.126965716 0.0282215085 0.00434110314
  endloop
 endfacet

 facet normal 0.379935265 0.288006365 0.87903446
  outer loop
  vertex -0.126965716 0.0282215085 0.00434110314
  vertex -0.126927137 0.0282466952 0.00431617768
  vertex -0.127039701 0.0283191074 0.00434110314
  endloop
 endfacet

 facet normal 0.328059882 0.248682708 0.911336184
  outer loop
  vertex -0.126965716 0.0282215085 0.00434110314
  vertex -0.127039701 0.0283191074 0.00434110314
  vertex -0.127004832 0.0281931721 0.00436291285
  endloop
 endfacet

 facet normal 0.326360703 0.248334199 0.912041068
  outer loop
  vertex -0.127004832 0.0281931721 0.00436291285
  vertex -0.127039701 0.0283191074 0.00434110314
  vertex -0.1270767 0.0282876231 0.00436291285
  endloop
 endfacet

 facet normal 0.357401311 0.323948205 0.875969112
  outer loop
  vertex -0.127039701 0.0283191074 0.00434110314
  vertex -0.127004296 0.0283474438 0.00431617768
  vertex -0.127089903 0.0284418948 0.00431617768
  endloop
 endfacet

 facet normal 0.3378447 0.317961544 0.885867596
  outer loop
  vertex -0.127039701 0.0283191074 0.00434110314
  vertex -0.127089903 0.0284418948 0.00431617768
  vertex -0.12712267 0.0284072626 0.00434110314
  endloop
 endfacet

 facet normal 0.382482886 0.29290539 0.876306653
  outer loop
  vertex -0.127039701 0.0283191074 0.00434110314
  vertex -0.126927137 0.0282466952 0.00431617768
  vertex -0.127004296 0.0283474438 0.00431617768
  endloop
 endfacet

 facet normal 0.318446517 0.336544037 0.886188447
  outer loop
  vertex -0.12712267 0.0284072626 0.00434110314
  vertex -0.127089903 0.0284418948 0.00431617768
  vertex -0.12721251 0.0284922682 0.00434110314
  endloop
 endfacet

 facet normal 0.323973387 0.354466915 0.87715137
  outer loop
  vertex -0.12721251 0.0284922682 0.00434110314
  vertex -0.127089903 0.0284418948 0.00431617768
  vertex -0.127182916 0.0285269003 0.00431617768
  endloop
 endfacet

 facet normal 0.296342015 0.378029287 0.877083421
  outer loop
  vertex -0.12721251 0.0284922682 0.00434110314
  vertex -0.127182916 0.0285269003 0.00431617768
  vertex -0.12728332 0.0286056101 0.00431617768
  endloop
 endfacet

 facet normal 0.272535324 0.365958869 0.889830709
  outer loop
  vertex -0.12721251 0.0284922682 0.00434110314
  vertex -0.12728332 0.0286056101 0.00431617768
  vertex -0.12730974 0.0285646822 0.00434110314
  endloop
 endfacet

 facet normal 0.283870101 0.458325475 0.842232466
  outer loop
  vertex -0.127390072 0.0286717266 0.00431617768
  vertex -0.12728332 0.0286056101 0.00431617768
  vertex -0.127367869 0.0287095066 0.00428813789
  endloop
 endfacet

 facet normal 0.326995581 0.417132556 0.847982526
  outer loop
  vertex -0.12728332 0.0286056101 0.00431617768
  vertex -0.127182916 0.0285269003 0.00431617768
  vertex -0.12715438 0.0285615325 0.00428813789
  endloop
 endfacet

 facet normal 0.330911398 0.435458511 0.837181926
  outer loop
  vertex -0.12728332 0.0286056101 0.00431617768
  vertex -0.12715438 0.0285615325 0.00428813789
  vertex -0.127257958 0.0286402423 0.00428813789
  endloop
 endfacet

 facet normal 0.292045563 0.463460892 0.836608291
  outer loop
  vertex -0.12728332 0.0286056101 0.00431617768
  vertex -0.127257958 0.0286402423 0.00428813789
  vertex -0.127367869 0.0287095066 0.00428813789
  endloop
 endfacet

 facet normal 0.332512558 0.527679801 0.781658113
  outer loop
  vertex -0.127367869 0.0287095066 0.00428813789
  vertex -0.127257958 0.0286402423 0.00428813789
  vertex -0.127347261 0.0287472866 0.00425386569
  endloop
 endfacet

 facet normal 0.338579983 0.635964274 0.693478942
  outer loop
  vertex -0.127434462 0.0288763698 0.00418532267
  vertex -0.12732771 0.0287787709 0.00422270969
  vertex -0.127310276 0.0288102534 0.00418532267
  endloop
 endfacet

 facet normal 0.376996636 0.708123386 0.597021818
  outer loop
  vertex -0.127434462 0.0288763698 0.00418532267
  vertex -0.127310276 0.0288102534 0.00418532267
  vertex -0.127294421 0.0288385898 0.00414170371
  endloop
 endfacet

 facet normal 0.375842303 0.720972717 0.582186341
  outer loop
  vertex -0.127434462 0.0288763698 0.00418532267
  vertex -0.127294421 0.0288385898 0.00414170371
  vertex -0.127421245 0.0289047044 0.00414170371
  endloop
 endfacet

 facet normal 0.339550734 0.531703353 0.775884569
  outer loop
  vertex -0.127347261 0.0287472866 0.00425386569
  vertex -0.127257958 0.0286402423 0.00428813789
  vertex -0.127211973 0.0287063587 0.00422270969
  endloop
 endfacet

 facet normal 0.341325402 0.545512199 0.765449941
  outer loop
  vertex -0.127347261 0.0287472866 0.00425386569
  vertex -0.127211973 0.0287063587 0.00422270969
  vertex -0.12732771 0.0287787709 0.00422270969
  endloop
 endfacet

 facet normal 0.38239342 0.611147821 0.69301784
  outer loop
  vertex -0.12732771 0.0287787709 0.00422270969
  vertex -0.127211973 0.0287063587 0.00422270969
  vertex -0.127310276 0.0288102534 0.00418532267
  endloop
 endfacet

 facet normal 0.385226309 0.738973856 0.552737176
  outer loop
  vertex -0.127421245 0.0289047044 0.00414170371
  vertex -0.127294421 0.0288385898 0.00414170371
  vertex -0.127280146 0.0288637765 0.00409808522
  endloop
 endfacet

 facet normal 0.384130478 0.749154687 0.539639831
  outer loop
  vertex -0.127421245 0.0289047044 0.00414170371
  vertex -0.127280146 0.0288637765 0.00409808522
  vertex -0.127409086 0.0289298929 0.00409808522
  endloop
 endfacet

 facet normal 0.354503274 0.852868795 0.383330524
  outer loop
  vertex -0.127535388 0.0290086027 0.00405135006
  vertex -0.127399057 0.0289519299 0.00405135006
  vertex -0.127390593 0.0289708208 0.00400150055
  endloop
 endfacet

 facet normal 0.352511883 0.857957959 0.373689145
  outer loop
  vertex -0.127535388 0.0290086027 0.00405135006
  vertex -0.127390593 0.0289708208 0.00400150055
  vertex -0.127528518 0.0290274918 0.00400150055
  endloop
 endfacet

 facet normal 0.405200064 0.790245891 0.459700435
  outer loop
  vertex -0.127409086 0.0289298929 0.00409808522
  vertex -0.127280146 0.0288637765 0.00409808522
  vertex -0.127399057 0.0289519299 0.00405135006
  endloop
 endfacet

 facet normal 0.421434134 0.797404766 0.431901544
  outer loop
  vertex -0.127399057 0.0289519299 0.00405135006
  vertex -0.127280146 0.0288637765 0.00409808522
  vertex -0.127268001 0.0288826674 0.00405135006
  endloop
 endfacet

 facet normal 0.42939052 0.812459171 0.394377828
  outer loop
  vertex -0.127399057 0.0289519299 0.00405135006
  vertex -0.127268001 0.0288826674 0.00405135006
  vertex -0.127257958 0.0289015584 0.00400150055
  endloop
 endfacet

 facet normal 0.427612394 0.818884611 0.382852018
  outer loop
  vertex -0.127399057 0.0289519299 0.00405135006
  vertex -0.127257958 0.0289015584 0.00400150055
  vertex -0.127390593 0.0289708208 0.00400150055
  endloop
 endfacet

 facet normal 0.359852254 0.87582314 0.321621358
  outer loop
  vertex -0.127528518 0.0290274918 0.00400150055
  vertex -0.127390593 0.0289708208 0.00400150055
  vertex -0.127119496 0.029228989 0.00299515272
  endloop
 endfacet

 facet normal 0.359368533 0.876075268 0.321475267
  outer loop
  vertex -0.127528518 0.0290274918 0.00400150055
  vertex -0.127119496 0.029228989 0.00299515272
  vertex -0.127280682 0.0292951036 0.00299515272
  endloop
 endfacet

 facet normal 0.290798277 0.904439569 0.312130421
  outer loop
  vertex -0.127528518 0.0290274918 0.00400150055
  vertex -0.127280682 0.0292951036 0.00299515272
  vertex -0.127447143 0.0293486249 0.00299515272
  endloop
 endfacet

 facet normal 0.306090832 0.952002287 0
  outer loop
  vertex -0.127447143 0.0293486249 0.00299515272
  vertex -0.127280682 0.0292951036 0.00299515272
  vertex -0.127280682 0.0292951036 -0.0257932488
  endloop
 endfacet

 facet normal 0.306090832 0.952002287 0
  outer loop
  vertex -0.127447143 0.0293486249 0.00299515272
  vertex -0.127280682 0.0292951036 -0.0257932488
  vertex -0.127447143 0.0293486249 -0.0257932488
  endloop
 endfacet

 facet normal 0.211294234 0.95461905 -0.209898114
  outer loop
  vertex -0.127617836 0.0293864068 -0.0257932488
  vertex -0.127447143 0.0293486249 -0.0257932488
  vertex -0.127718762 0.029077867 -0.0272980966
  endloop
 endfacet

 facet normal 0.136185974 0.968657851 -0.207738802
  outer loop
  vertex -0.127617836 0.0293864068 -0.0257932488
  vertex -0.127718762 0.029077867 -0.0272980966
  vertex -0.127897903 0.0291030537 -0.0272980966
  endloop
 endfacet

 facet normal 0.000848066295 0.00603209157 -0.999981403
  outer loop
  vertex -0.127897903 0.0291030537 -0.0272980966
  vertex -0.127718762 0.029077867 -0.0272980966
  vertex -0.129163548 0.0241160281 -0.027329253
  endloop
 endfacet

 facet normal 0.00136777246 0.00588076562 -0.999981821
  outer loop
  vertex -0.129163548 0.0241160281 -0.027329253
  vertex -0.127718762 0.029077867 -0.0272980966
  vertex -0.127542794 0.0290369373 -0.0272980966
  endloop
 endfacet

 facet normal 0.00197280967 0.00568148913 -0.99998188
  outer loop
  vertex -0.129163548 0.0241160281 -0.027329253
  vertex -0.127542794 0.0290369373 -0.0272980966
  vertex -0.127370521 0.0289771166 -0.0272980966
  endloop
 endfacet

 facet normal 0.00231196871 0.00555638876 -0.99998188
  outer loop
  vertex -0.129163548 0.0241160281 -0.027329253
  vertex -0.127370521 0.0289771166 -0.0272980966
  vertex -0.127204046 0.0289078541 -0.0272980966
  endloop
 endfacet

 facet normal 0.0028514741 0.00533576868 -0.999981761
  outer loop
  vertex -0.129163548 0.0241160281 -0.027329253
  vertex -0.127204046 0.0289078541 -0.0272980966
  vertex -0.127044991 0.0288228486 -0.0272980966
  endloop
 endfacet

 facet normal 0.00338494568 0.00509564765 -0.999981344
  outer loop
  vertex -0.129163548 0.0241160281 -0.027329253
  vertex -0.127044991 0.0288228486 -0.0272980966
  vertex -0.126893327 0.0287221 -0.0272980966
  endloop
 endfacet

 facet normal 0.00378360855 0.00489915069 -0.999980807
  outer loop
  vertex -0.129163548 0.0241160281 -0.027329253
  vertex -0.126893327 0.0287221 -0.0272980966
  vertex -0.126750633 0.0286119059 -0.0272980966
  endloop
 endfacet

 facet normal 0.00428566011 0.00462969719 -0.999980092
  outer loop
  vertex -0.129163548 0.0241160281 -0.027329253
  vertex -0.126750633 0.0286119059 -0.0272980966
  vertex -0.126617998 0.0284891203 -0.0272980966
  endloop
 endfacet

 facet normal 0.00482687261 0.00431465264 -0.999979019
  outer loop
  vertex -0.129163548 0.0241160281 -0.027329253
  vertex -0.126617998 0.0284891203 -0.0272980966
  vertex -0.126496986 0.0283537395 -0.0272980966
  endloop
 endfacet

 facet normal 0.00530988071 0.00401071133 -0.999977827
  outer loop
  vertex -0.129163548 0.0241160281 -0.027329253
  vertex -0.126496986 0.0283537395 -0.0272980966
  vertex -0.126387596 0.0282089133 -0.0272980966
  endloop
 endfacet

 facet normal 0.00583249284 0.00365624251 -0.999976337
  outer loop
  vertex -0.129163548 0.0241160281 -0.027329253
  vertex -0.126387596 0.0282089133 -0.0272980966
  vertex -0.126290888 0.0280546453 -0.0272980966
  endloop
 endfacet

 facet normal 0.00634815264 0.00328012556 -0.99997443
  outer loop
  vertex -0.129163548 0.0241160281 -0.027329253
  vertex -0.126290888 0.0280546453 -0.0272980966
  vertex -0.126207918 0.0278940778 -0.0272980966
  endloop
 endfacet

 facet normal 0.00690635201 0.00284341676 -0.999972105
  outer loop
  vertex -0.129163548 0.0241160281 -0.027329253
  vertex -0.126207918 0.0278940778 -0.0272980966
  vertex -0.126139224 0.0277272128 -0.0272980966
  endloop
 endfacet

 facet normal 0.00747259427 0.00236916891 -0.999969244
  outer loop
  vertex -0.129163548 0.0241160281 -0.027329253
  vertex -0.126139224 0.0277272128 -0.0272980966
  vertex -0.126085311 0.0275572017 -0.0272980966
  endloop
 endfacet

 facet normal 0.00813851226 0.00177344633 -0.99996531
  outer loop
  vertex -0.129163548 0.0241160281 -0.027329253
  vertex -0.126085311 0.0275572017 -0.0272980966
  vertex -0.126046211 0.0273777433 -0.0272980966
  endloop
 endfacet

 facet normal 0.00877708662 0.00116309605 -0.99996084
  outer loop
  vertex -0.129163548 0.0241160281 -0.027329253
  vertex -0.126046211 0.0273777433 -0.0272980966
  vertex -0.126022428 0.0271982867 -0.0272980966
  endloop
 endfacet

 facet normal 0.00950632896 0.000419862743 -0.9999547
  outer loop
  vertex -0.129163548 0.0241160281 -0.027329253
  vertex -0.126022428 0.0271982867 -0.0272980966
  vertex -0.126014501 0.0270188302 -0.0272980966
  endloop
 endfacet

 facet normal 0.00989332329 0 -0.999951065
  outer loop
  vertex -0.129163548 0.0241160281 -0.027329253
  vertex -0.126014501 0.0270188302 -0.0272980966
  vertex -0.126014501 0.00252132583 -0.0272980966
  endloop
 endfacet

 facet normal 0.00989332329 0 -0.999951065
  outer loop
  vertex -0.129163548 0.0241160281 -0.027329253
  vertex -0.126014501 0.00252132583 -0.0272980966
  vertex -0.129163548 0.0108267376 -0.027329253
  endloop
 endfacet

 facet normal 0 0 -1
  outer loop
  vertex -0.129163548 0.0241160281 -0.027329253
  vertex -0.129163548 0.0108267376 -0.027329253
  vertex -0.129797697 0.00801209081 -0.027329253
  endloop
 endfacet

 facet normal 0 0 -1
  outer loop
  vertex -0.129163548 0.0241160281 -0.027329253
  vertex -0.129797697 0.00801209081 -0.027329253
  vertex -0.129816189 0.00795227196 -0.027329253
  endloop
 endfacet

 facet normal 0 0 -1
  outer loop
  vertex -0.129163548 0.0241160281 -0.027329253
  vertex -0.129816189 0.00795227196 -0.027329253
  vertex -0.129824117 0.00793023314 -0.027329253
  endloop
 endfacet

 facet normal 0 0 -1
  outer loop
  vertex -0.129163548 0.0241160281 -0.027329253
  vertex -0.129824117 0.00793023314 -0.027329253
  vertex -0.129857421 0.00784837548 -0.027329253
  endloop
 endfacet

 facet normal 0 0 -1
  outer loop
  vertex -0.129163548 0.0241160281 -0.027329253
  vertex -0.129857421 0.00784837548 -0.027329253
  vertex -0.12989758 0.00777281448 -0.027329253
  endloop
 endfacet

 facet normal 0 0 -1
  outer loop
  vertex -0.129163548 0.0241160281 -0.027329253
  vertex -0.12989758 0.00777281448 -0.027329253
  vertex -0.129930347 0.00771929231 -0.027329253
  endloop
 endfacet

 facet normal 0 0 -1
  outer loop
  vertex -0.129163548 0.0241160281 -0.027329253
  vertex -0.129930347 0.00771929231 -0.027329253
  vertex -0.129944608 0.00769725349 -0.027329253
  endloop
 endfacet

 facet normal 0 0 -1
  outer loop
  vertex -0.129163548 0.0241160281 -0.027329253
  vertex -0.129944608 0.00769725349 -0.027329253
  vertex -0.129997984 0.00762798963 -0.027329253
  endloop
 endfacet

 facet normal 0 0 -1
  outer loop
  vertex -0.129163548 0.0241160281 -0.027329253
  vertex -0.129997984 0.00762798963 -0.027329253
  vertex -0.130056649 0.00756502198 -0.027329253
  endloop
 endfacet

 facet normal 0 0 -1
  outer loop
  vertex -0.129163548 0.0241160281 -0.027329253
  vertex -0.130056649 0.00756502198 -0.027329253
  vertex -0.130121112 0.00750520313 -0.027329253
  endloop
 endfacet

 facet normal 0 0 -1
  outer loop
  vertex -0.129163548 0.0241160281 -0.027329253
  vertex -0.130121112 0.00750520313 -0.027329253
  vertex -0.130169198 0.00746742263 -0.027329253
  endloop
 endfacet

 facet normal 0 0 -1
  outer loop
  vertex -0.129163548 0.0241160281 -0.027329253
  vertex -0.130169198 0.00746742263 -0.027329253
  vertex -0.130189806 0.00745168002 -0.027329253
  endloop
 endfacet

 facet normal 0 0 -1
  outer loop
  vertex -0.129163548 0.0241160281 -0.027329253
  vertex -0.130189806 0.00745168002 -0.027329253
  vertex -0.13026379 0.00740445498 -0.027329253
  endloop
 endfacet

 facet normal 0 0 -1
  outer loop
  vertex -0.129163548 0.0241160281 -0.027329253
  vertex -0.13026379 0.00740445498 -0.027329253
  vertex -0.130317166 0.00737611996 -0.027329253
  endloop
 endfacet

 facet normal 0 0 -1
  outer loop
  vertex -0.129163548 0.0241160281 -0.027329253
  vertex -0.130317166 0.00737611996 -0.027329253
  vertex -0.130340949 0.00736352568 -0.027329253
  endloop
 endfacet

 facet normal 0 0 -1
  outer loop
  vertex -0.129163548 0.0241160281 -0.027329253
  vertex -0.130340949 0.00736352568 -0.027329253
  vertex -0.130396962 0.00734148687 -0.027329253
  endloop
 endfacet

 facet normal 0 0 -1
  outer loop
  vertex -0.129163548 0.0241160281 -0.027329253
  vertex -0.130396962 0.00734148687 -0.027329253
  vertex -0.13047941 0.00731315184 -0.027329253
  endloop
 endfacet

 facet normal 0 0 -1
  outer loop
  vertex -0.129163548 0.0241160281 -0.027329253
  vertex -0.13047941 0.00731315184 -0.027329253
  vertex -0.130563959 0.00729111349 -0.027329253
  endloop
 endfacet

 facet normal 0 0 -1
  outer loop
  vertex -0.129163548 0.0241160281 -0.027329253
  vertex -0.130563959 0.00729111349 -0.027329253
  vertex -0.130590379 0.00728481635 -0.027329253
  endloop
 endfacet

 facet normal 0 0 -1
  outer loop
  vertex -0.129163548 0.0241160281 -0.027329253
  vertex -0.130590379 0.00728481635 -0.027329253
  vertex -0.130677044 0.00727537135 -0.027329253
  endloop
 endfacet

 facet normal 0 0 -1
  outer loop
  vertex -0.129163548 0.0241160281 -0.027329253
  vertex -0.130677044 0.00727537135 -0.027329253
  vertex -0.13073729 0.00727222301 -0.027329253
  endloop
 endfacet

 facet normal 0 0 -1
  outer loop
  vertex -0.129163548 0.0241160281 -0.027329253
  vertex -0.13073729 0.00727222301 -0.027329253
  vertex -0.130764246 0.00727222301 -0.027329253
  endloop
 endfacet

 facet normal 0 0 -1
  outer loop
  vertex -0.129163548 0.0241160281 -0.027329253
  vertex -0.130764246 0.00727222301 -0.027329253
  vertex -0.130850911 0.00727537135 -0.027329253
  endloop
 endfacet

 facet normal 0 0 -1
  outer loop
  vertex -0.129163548 0.0241160281 -0.027329253
  vertex -0.130850911 0.00727537135 -0.027329253
  vertex -0.13093704 0.00728481635 -0.027329253
  endloop
 endfacet

 facet normal 0 0 -1
  outer loop
  vertex -0.129163548 0.0241160281 -0.027329253
  vertex -0.13093704 0.00728481635 -0.027329253
  vertex -0.131022662 0.00730685517 -0.027329253
  endloop
 endfacet

 facet normal 0 0 -1
  outer loop
  vertex -0.129163548 0.0241160281 -0.027329253
  vertex -0.131022662 0.00730685517 -0.027329253
  vertex -0.131080255 0.00732259685 -0.027329253
  endloop
 endfacet

 facet normal 0 0 -1
  outer loop
  vertex -0.129163548 0.0241160281 -0.027329253
  vertex -0.131080255 0.00732259685 -0.027329253
  vertex -0.131105617 0.00733204233 -0.027329253
  endloop
 endfacet

 facet normal 0 0 -1
  outer loop
  vertex -0.129163548 0.0241160281 -0.027329253
  vertex -0.131105617 0.00733204233 -0.027329253
  vertex -0.13118647 0.00736352568 -0.027329253
  endloop
 endfacet

 facet normal 0 0 -1
  outer loop
  vertex -0.129163548 0.0241160281 -0.027329253
  vertex -0.13118647 0.00736352568 -0.027329253
  vertex -0.131264165 0.00740445498 -0.027329253
  endloop
 endfacet

 facet normal 0 0 -1
  outer loop
  vertex -0.129163548 0.0241160281 -0.027329253
  vertex -0.131264165 0.00740445498 -0.027329253
  vertex -0.131337613 0.00745168002 -0.027329253
  endloop
 endfacet

 facet normal 0 0 -1
  outer loop
  vertex -0.129163548 0.0241160281 -0.027329253
  vertex -0.131337613 0.00745168002 -0.027329253
  vertex -0.131362453 0.0074705705 -0.027329253
  endloop
 endfacet

 facet normal 0 0 -1
  outer loop
  vertex -0.129163548 0.0241160281 -0.027329253
  vertex -0.131362453 0.0074705705 -0.027329253
  vertex -0.131362453 0.0241160281 -0.027329253
  endloop
 endfacet

 facet normal -0.00788179412 -0.006540264 -0.999947548
  outer loop
  vertex -0.1287186 -0.000479075214 -0.0272980966
  vertex -0.131362453 0.00270707998 -0.0272980966
  vertex -0.131362453 0.0074705705 -0.027329253
  endloop
 endfacet

 facet normal -0.0039898972 -0.00524603669 -0.999978244
  outer loop
  vertex -0.1287186 -0.000479075214 -0.0272980966
  vertex -0.131362453 0.0074705705 -0.027329253
  vertex -0.131337613 0.00745168002 -0.027329253
  endloop
 endfacet

 facet normal -0.00320645841 -0.0049873339 -0.999982357
  outer loop
  vertex -0.1287186 -0.000479075214 -0.0272980966
  vertex -0.131337613 0.00745168002 -0.027329253
  vertex -0.131264165 0.00740445498 -0.027329253
  endloop
 endfacet

 facet normal -0.00250906358 -0.00476216059 -0.999985576
  outer loop
  vertex -0.1287186 -0.000479075214 -0.0272980966
  vertex -0.131264165 0.00740445498 -0.027329253
  vertex -0.13118647 0.00736352568 -0.027329253
  endloop
 endfacet

 facet normal -0.0017629175 -0.00452737743 -0.999988198
  outer loop
  vertex -0.1287186 -0.000479075214 -0.0272980966
  vertex -0.13118647 0.00736352568 -0.027329253
  vertex -0.131105617 0.00733204233 -0.027329253
  endloop
 endfacet

 facet normal -0.0016759634 -0.0045008054 -0.999988437
  outer loop
  vertex -0.1287186 -0.000479075214 -0.0272980966
  vertex -0.131105617 0.00733204233 -0.027329253
  vertex -0.131080255 0.00732259685 -0.027329253
  endloop
 endfacet

 facet normal -0.00118979253 -0.00435364153 -0.999989867
  outer loop
  vertex -0.1287186 -0.000479075214 -0.0272980966
  vertex -0.131080255 0.00732259685 -0.027329253
  vertex -0.131022662 0.00730685517 -0.027329253
  endloop
 endfacet

 facet normal -0.00111508486 -0.00433153426 -0.999989986
  outer loop
  vertex -0.1287186 -0.000479075214 -0.0272980966
  vertex -0.131022662 0.00730685517 -0.027329253
  vertex -0.13093704 0.00728481635 -0.027329253
  endloop
 endfacet

 facet normal -0.000454238587 -0.00414271047 -0.999991357
  outer loop
  vertex -0.1287186 -0.000479075214 -0.0272980966
  vertex -0.13093704 0.00728481635 -0.027329253
  vertex -0.130850911 0.00727537135 -0.027329253
  endloop
 endfacet

 facet normal -0.000147434563 -0.00405834708 -0.999991775
  outer loop
  vertex -0.1287186 -0.000479075214 -0.0272980966
  vertex -0.130850911 0.00727537135 -0.027329253
  vertex -0.130764246 0.00727222301 -0.027329253
  endloop
 endfacet

 facet normal 0 -0.00401943875 -0.999992013
  outer loop
  vertex -0.1287186 -0.000479075214 -0.0272980966
  vertex -0.130764246 0.00727222301 -0.027329253
  vertex -0.13073729 0.00727222301 -0.027329253
  endloop
 endfacet

 facet normal 0 -0.00401943875 -0.999992013
  outer loop
  vertex -0.1287186 -0.000479075214 -0.0272980966
  vertex -0.13073729 0.00727222301 -0.027329253
  vertex -0.126366988 -0.000479075214 -0.0272980966
  endloop
 endfacet

 facet normal 0.905676782 -0.110789403 -0.409237593
  outer loop
  vertex -0.125964299 -0.00274590566 -0.0257932488
  vertex -0.126366988 -0.000479075214 -0.0272980966
  vertex -0.126021907 0.00234186859 -0.0272980966
  endloop
 endfacet

 facet normal 0.983772397 -0.0405572318 -0.174777493
  outer loop
  vertex -0.125964299 -0.00274590566 -0.0257932488
  vertex -0.126021907 0.00234186859 -0.0272980966
  vertex -0.126014501 0.00252132583 -0.0272980966
  endloop
 endfacet

 facet normal 0.999444067 0 -0.0333429575
  outer loop
  vertex -0.125964299 -0.00274590566 -0.0257932488
  vertex -0.126014501 0.00252132583 -0.0272980966
  vertex -0.126014501 0.0270188302 -0.0272980966
  endloop
 endfacet

 facet normal 0.999444067 0 -0.0333429575
  outer loop
  vertex -0.125964299 -0.00274590566 -0.0257932488
  vertex -0.126014501 0.0270188302 -0.0272980966
  vertex -0.125964299 0.0274155252 -0.0257932488
  endloop
 endfacet

 facet normal 0.998017907 0.04407911 -0.0449151248
  outer loop
  vertex -0.125964299 0.0274155252 -0.0257932488
  vertex -0.126014501 0.0270188302 -0.0272980966
  vertex -0.126022428 0.0271982867 -0.0272980966
  endloop
 endfacet

 facet normal 0.947726429 0.300142318 -0.108301066
  outer loop
  vertex -0.126032993 0.0279350057 -0.0257932488
  vertex -0.126085311 0.0275572017 -0.0272980966
  vertex -0.126085848 0.0281018689 -0.0257932488
  endloop
 endfacet

 facet normal 0.947619617 0.300440639 -0.108409092
  outer loop
  vertex -0.126085311 0.0275572017 -0.0272980966
  vertex -0.126139224 0.0277272128 -0.0272980966
  vertex -0.126085848 0.0281018689 -0.0257932488
  endloop
 endfacet

 facet normal 0.853043735 0.34819454 0.38868615
  outer loop
  vertex -0.126523405 0.0279948246 0.00405135006
  vertex -0.126085848 0.0281018689 0.00299515272
  vertex -0.12657994 0.0281333532 0.00405135006
  endloop
 endfacet

 facet normal 0.82773596 0.337864429 0.447996438
  outer loop
  vertex -0.126523405 0.0279948246 0.00405135006
  vertex -0.12657994 0.0281333532 0.00405135006
  vertex -0.12654613 0.027988527 0.00409808522
  endloop
 endfacet

 facet normal 0.923725247 0.383055657 0
  outer loop
  vertex -0.126085848 0.0281018689 0.00299515272
  vertex -0.126085848 0.0281018689 -0.0257932488
  vertex -0.126152426 0.0282624364 -0.0257932488
  endloop
 endfacet

 facet normal 0.923725247 0.383055657 0
  outer loop
  vertex -0.126085848 0.0281018689 0.00299515272
  vertex -0.126152426 0.0282624364 -0.0257932488
  vertex -0.126152426 0.0282624364 0.00299515272
  endloop
 endfacet

 facet normal 0.851441383 0.35308063 0.387790889
  outer loop
  vertex -0.126085848 0.0281018689 0.00299515272
  vertex -0.126152426 0.0282624364 0.00299515272
  vertex -0.12657994 0.0281333532 0.00405135006
  endloop
 endfacet

 facet normal 0.814151943 0.341635406 0.469512433
  outer loop
  vertex -0.12654613 0.027988527 0.00409808522
  vertex -0.12657994 0.0281333532 0.00405135006
  vertex -0.126601622 0.0281207599 0.00409808522
  endloop
 endfacet

 facet normal 0.779766083 0.327206403 0.533761144
  outer loop
  vertex -0.12654613 0.027988527 0.00409808522
  vertex -0.126601622 0.0281207599 0.00409808522
  vertex -0.126627505 0.0281113144 0.00414170371
  endloop
 endfacet

 facet normal 0.750667691 0.393364251 0.530813098
  outer loop
  vertex -0.126627505 0.0281113144 0.00414170371
  vertex -0.126601622 0.0281207599 0.00409808522
  vertex -0.126669258 0.028249843 0.00409808522
  endloop
 endfacet

 facet normal 0.750077844 0.393432826 0.531595528
  outer loop
  vertex -0.126627505 0.0281113144 0.00414170371
  vertex -0.126669258 0.028249843 0.00409808522
  vertex -0.126693562 0.0282372497 0.00414170371
  endloop
 endfacet

 facet normal 0.716779053 0.375966907 0.587262154
  outer loop
  vertex -0.126627505 0.0281113144 0.00414170371
  vertex -0.126693562 0.0282372497 0.00414170371
  vertex -0.126721039 0.0282215085 0.00418532267
  endloop
 endfacet

 facet normal 0.711957455 0.367463917 0.598403633
  outer loop
  vertex -0.126627505 0.0281113144 0.00414170371
  vertex -0.126721039 0.0282215085 0.00418532267
  vertex -0.126656041 0.0280955732 0.00418532267
  endloop
 endfacet

 facet normal 0.681706429 0.436623037 0.58705771
  outer loop
  vertex -0.126721039 0.0282215085 0.00418532267
  vertex -0.126693562 0.0282372497 0.00414170371
  vertex -0.126770198 0.0283568874 0.00414170371
  endloop
 endfacet

 facet normal 0.673116326 0.436662495 0.59685874
  outer loop
  vertex -0.126721039 0.0282215085 0.00418532267
  vertex -0.126770198 0.0283568874 0.00414170371
  vertex -0.126796618 0.0283379983 0.00418532267
  endloop
 endfacet

 facet normal 0.615193963 0.399087161 0.679901361
  outer loop
  vertex -0.126721039 0.0282215085 0.00418532267
  vertex -0.126796618 0.0283379983 0.00418532267
  vertex -0.126825675 0.0283191074 0.00422270969
  endloop
 endfacet

 facet normal 0.608067036 0.386190951 0.693621755
  outer loop
  vertex -0.126721039 0.0282215085 0.00418532267
  vertex -0.126825675 0.0283191074 0.00422270969
  vertex -0.126751691 0.0282026175 0.00422270969
  endloop
 endfacet

 facet normal 0.537876964 0.341612279 0.77070713
  outer loop
  vertex -0.126751691 0.0282026175 0.00422270969
  vertex -0.126825675 0.0283191074 0.00422270969
  vertex -0.126821443 0.0281648375 0.00428813789
  endloop
 endfacet

 facet normal 0.531463206 0.34304896 0.774509072
  outer loop
  vertex -0.126821443 0.0281648375 0.00428813789
  vertex -0.126825675 0.0283191074 0.00422270969
  vertex -0.126856863 0.0282970686 0.00425386569
  endloop
 endfacet

 facet normal 0.521170735 0.342194676 0.781846464
  outer loop
  vertex -0.126821443 0.0281648375 0.00428813789
  vertex -0.126856863 0.0282970686 0.00425386569
  vertex -0.126891732 0.0282718819 0.00428813789
  endloop
 endfacet

 facet normal 0.453468561 0.297742248 0.840068996
  outer loop
  vertex -0.126821443 0.0281648375 0.00428813789
  vertex -0.126891732 0.0282718819 0.00428813789
  vertex -0.126927137 0.0282466952 0.00431617768
  endloop
 endfacet

 facet normal 0.432269782 0.327608168 0.840128422
  outer loop
  vertex -0.126927137 0.0282466952 0.00431617768
  vertex -0.126891732 0.0282718819 0.00428813789
  vertex -0.12697047 0.0283757783 0.00428813789
  endloop
 endfacet

 facet normal 0.426137179 0.326335847 0.843748808
  outer loop
  vertex -0.126927137 0.0282466952 0.00431617768
  vertex -0.12697047 0.0283757783 0.00428813789
  vertex -0.127004296 0.0283474438 0.00431617768
  endloop
 endfacet

 facet normal 0.399089992 0.358704656 0.843835473
  outer loop
  vertex -0.127004296 0.0283474438 0.00431617768
  vertex -0.12697047 0.0283757783 0.00428813789
  vertex -0.127058193 0.0284733772 0.00428813789
  endloop
 endfacet

 facet normal 0.394128412 0.357237637 0.846784592
  outer loop
  vertex -0.127004296 0.0283474438 0.00431617768
  vertex -0.127058193 0.0284733772 0.00428813789
  vertex -0.127089903 0.0284418948 0.00431617768
  endloop
 endfacet

 facet normal 0.359441519 0.392156124 0.846767664
  outer loop
  vertex -0.127089903 0.0284418948 0.00431617768
  vertex -0.127058193 0.0284733772 0.00428813789
  vertex -0.12715438 0.0285615325 0.00428813789
  endloop
 endfacet

 facet normal 0.357839525 0.391520679 0.847739637
  outer loop
  vertex -0.127089903 0.0284418948 0.00431617768
  vertex -0.12715438 0.0285615325 0.00428813789
  vertex -0.127182916 0.0285269003 0.00431617768
  endloop
 endfacet

 facet normal 0.427819192 0.466757238 0.774021029
  outer loop
  vertex -0.12715438 0.0285615325 0.00428813789
  vertex -0.127058193 0.0284733772 0.00428813789
  vertex -0.127001658 0.0285300501 0.00422270969
  endloop
 endfacet

 facet normal 0.427449882 0.47502169 0.769182086
  outer loop
  vertex -0.12715438 0.0285615325 0.00428813789
  vertex -0.127001658 0.0285300501 0.00422270969
  vertex -0.12710312 0.0286213513 0.00422270969
  endloop
 endfacet

 facet normal 0.393468022 0.503886104 0.768948436
  outer loop
  vertex -0.12715438 0.0285615325 0.00428813789
  vertex -0.12710312 0.0286213513 0.00422270969
  vertex -0.127211973 0.0287063587 0.00422270969
  endloop
 endfacet

 facet normal 0.381732047 0.50233525 0.775847912
  outer loop
  vertex -0.12715438 0.0285615325 0.00428813789
  vertex -0.127211973 0.0287063587 0.00422270969
  vertex -0.127257958 0.0286402423 0.00428813789
  endloop
 endfacet

 facet normal 0.394426078 0.617905498 0.68016243
  outer loop
  vertex -0.127310276 0.0288102534 0.00418532267
  vertex -0.127211973 0.0287063587 0.00422270969
  vertex -0.127191901 0.0287346933 0.00418532267
  endloop
 endfacet

 facet normal 0.431865185 0.676557362 0.596458495
  outer loop
  vertex -0.127310276 0.0288102534 0.00418532267
  vertex -0.127191901 0.0287346933 0.00418532267
  vertex -0.127294421 0.0288385898 0.00414170371
  endloop
 endfacet

 facet normal 0.443469346 0.681834161 0.581753492
  outer loop
  vertex -0.127294421 0.0288385898 0.00414170371
  vertex -0.127191901 0.0287346933 0.00418532267
  vertex -0.127173394 0.02875988 0.00414170371
  endloop
 endfacet

 facet normal 0.450394094 0.692480981 0.563573837
  outer loop
  vertex -0.127294421 0.0288385898 0.00414170371
  vertex -0.127173394 0.02875988 0.00414170371
  vertex -0.127157554 0.0287850667 0.00409808522
  endloop
 endfacet

 facet normal 0.450343728 0.7014727 0.552382767
  outer loop
  vertex -0.127294421 0.0288385898 0.00414170371
  vertex -0.127157554 0.0287850667 0.00409808522
  vertex -0.127280146 0.0288637765 0.00409808522
  endloop
 endfacet

 facet normal 0.441457152 0.565342307 0.69678092
  outer loop
  vertex -0.127211973 0.0287063587 0.00422270969
  vertex -0.12710312 0.0286213513 0.00422270969
  vertex -0.127080396 0.0286496859 0.00418532267
  endloop
 endfacet

 facet normal 0.444320619 0.582817674 0.680369616
  outer loop
  vertex -0.127211973 0.0287063587 0.00422270969
  vertex -0.127080396 0.0286496859 0.00418532267
  vertex -0.127191901 0.0287346933 0.00418532267
  endloop
 endfacet

 facet normal 0.482229471 0.751139164 0.450826705
  outer loop
  vertex -0.127280146 0.0288637765 0.00409808522
  vertex -0.127157554 0.0287850667 0.00409808522
  vertex -0.127143279 0.0288039576 0.00405135006
  endloop
 endfacet

 facet normal 0.481039822 0.762206674 0.433176458
  outer loop
  vertex -0.127280146 0.0288637765 0.00409808522
  vertex -0.127143279 0.0288039576 0.00405135006
  vertex -0.127268001 0.0288826674 0.00405135006
  endloop
 endfacet

 facet normal 0.436606616 0.836108685 0.33210966
  outer loop
  vertex -0.127390593 0.0289708208 0.00400150055
  vertex -0.127257958 0.0289015584 0.00400150055
  vertex -0.127119496 0.029228989 0.00299515272
  endloop
 endfacet

 facet normal 0.490665019 0.777457714 0.393455714
  outer loop
  vertex -0.127268001 0.0288826674 0.00405135006
  vertex -0.127143279 0.0288039576 0.00405135006
  vertex -0.127257958 0.0289015584 0.00400150055
  endloop
 endfacet

 facet normal 0.494060099 0.800675929 0.338854939
  outer loop
  vertex -0.127257958 0.0289015584 0.00400150055
  vertex -0.126817748 0.0290558264 0.00299515272
  vertex -0.126965716 0.0291471295 0.00299515272
  endloop
 endfacet

 facet normal 0.443243206 0.832689166 0.331910133
  outer loop
  vertex -0.127257958 0.0289015584 0.00400150055
  vertex -0.126965716 0.0291471295 0.00299515272
  vertex -0.127119496 0.029228989 0.00299515272
  endloop
 endfacet

 facet normal 0.508871436 0.78186202 0.36019671
  outer loop
  vertex -0.127257958 0.0289015584 0.00400150055
  vertex -0.127143279 0.0288039576 0.00405135006
  vertex -0.127132177 0.0288196988 0.00400150055
  endloop
 endfacet

 facet normal 0.512074172 0.78678292 0.344605058
  outer loop
  vertex -0.127257958 0.0289015584 0.00400150055
  vertex -0.127132177 0.0288196988 0.00400150055
  vertex -0.126817748 0.0290558264 0.00299515272
  endloop
 endfacet

 facet normal 0.469880223 0.882730186 0
  outer loop
  vertex -0.127119496 0.029228989 0.00299515272
  vertex -0.126965716 0.0291471295 0.00299515272
  vertex -0.126965716 0.0291471295 -0.0257932488
  endloop
 endfacet

 facet normal 0.469880223 0.882730186 0
  outer loop
  vertex -0.127119496 0.029228989 0.00299515272
  vertex -0.126965716 0.0291471295 -0.0257932488
  vertex -0.127119496 0.029228989 -0.0257932488
  endloop
 endfacet

 facet normal 0.379513949 0.925186098 0
  outer loop
  vertex -0.127119496 0.029228989 0.00299515272
  vertex -0.127119496 0.029228989 -0.0257932488
  vertex -0.127280682 0.0292951036 -0.0257932488
  endloop
 endfacet

 facet normal 0.379513949 0.925186098 0
  outer loop
  vertex -0.127119496 0.029228989 0.00299515272
  vertex -0.127280682 0.0292951036 -0.0257932488
  vertex -0.127280682 0.0292951036 0.00299515272
  endloop
 endfacet

 facet normal 0.302583307 0.941093266 -0.15095371
  outer loop
  vertex -0.127447143 0.0293486249 -0.0257932488
  vertex -0.127280682 0.0292951036 -0.0257932488
  vertex -0.12728332 0.0292919558 -0.0258181747
  endloop
 endfacet

 facet normal 0.2905792 0.933128774 -0.21174179
  outer loop
  vertex -0.127447143 0.0293486249 -0.0257932488
  vertex -0.12728332 0.0292919558 -0.0258181747
  vertex -0.127542794 0.0290369373 -0.0272980966
  endloop
 endfacet

 facet normal 0.22142452 0.952019334 -0.211258888
  outer loop
  vertex -0.127447143 0.0293486249 -0.0257932488
  vertex -0.127542794 0.0290369373 -0.0272980966
  vertex -0.127718762 0.029077867 -0.0272980966
  endloop
 endfacet

 facet normal 0.32034117 0.922549605 -0.215136871
  outer loop
  vertex -0.127542794 0.0290369373 -0.0272980966
  vertex -0.12728332 0.0292919558 -0.0258181747
  vertex -0.127370521 0.0289771166 -0.0272980966
  endloop
 endfacet

 facet normal 0.373865634 0.902453363 -0.214015231
  outer loop
  vertex -0.127370521 0.0289771166 -0.0272980966
  vertex -0.12728332 0.0292919558 -0.0258181747
  vertex -0.127123728 0.0292258393 -0.0258181747
  endloop
 endfacet

 facet normal 0.375251383 0.901847303 -0.214144439
  outer loop
  vertex -0.127370521 0.0289771166 -0.0272980966
  vertex -0.127123728 0.0292258393 -0.0258181747
  vertex -0.127204046 0.0289078541 -0.0272980966
  endloop
 endfacet

 facet normal 0.450847089 0.867344141 -0.210833877
  outer loop
  vertex -0.127204046 0.0289078541 -0.0272980966
  vertex -0.127123728 0.0292258393 -0.0258181747
  vertex -0.126966253 0.0291439816 -0.0258181747
  endloop
 endfacet

 facet normal 0.460657448 0.86199677 -0.211557075
  outer loop
  vertex -0.127204046 0.0289078541 -0.0272980966
  vertex -0.126966253 0.0291439816 -0.0258181747
  vertex -0.127044991 0.0288228486 -0.0272980966
  endloop
 endfacet

 facet normal 0.524880052 0.825602949 -0.207076818
  outer loop
  vertex -0.127044991 0.0288228486 -0.0272980966
  vertex -0.126966253 0.0291439816 -0.0258181747
  vertex -0.126817748 0.0290558264 -0.0257932488
  endloop
 endfacet

 facet normal 0.541237593 0.814771116 -0.207869872
  outer loop
  vertex -0.127044991 0.0288228486 -0.0272980966
  vertex -0.126817748 0.0290558264 -0.0257932488
  vertex -0.126893327 0.0287221 -0.0272980966
  endloop
 endfacet

 facet normal 0.597289324 0.776140571 -0.202117592
  outer loop
  vertex -0.126893327 0.0287221 -0.0272980966
  vertex -0.126817748 0.0290558264 -0.0257932488
  vertex -0.126682997 0.0289456341 -0.0258181747
  endloop
 endfacet

 facet normal 0.598615944 0.775109231 -0.202150345
  outer loop
  vertex -0.126893327 0.0287221 -0.0272980966
  vertex -0.126682997 0.0289456341 -0.0258181747
  vertex -0.126750633 0.0286119059 -0.0272980966
  endloop
 endfacet

 facet normal 0.662161112 0.723943412 -0.193516672
  outer loop
  vertex -0.126750633 0.0286119059 -0.0272980966
  vertex -0.126682997 0.0289456341 -0.0258181747
  vertex -0.126555637 0.0288291443 -0.0258181747
  endloop
 endfacet

 facet normal 0.666475177 0.719977379 -0.193502948
  outer loop
  vertex -0.126750633 0.0286119059 -0.0272980966
  vertex -0.126555637 0.0288291443 -0.0258181747
  vertex -0.126617998 0.0284891203 -0.0272980966
  endloop
 endfacet

 facet normal 0.722261429 0.666795909 -0.183634609
  outer loop
  vertex -0.126617998 0.0284891203 -0.0272980966
  vertex -0.126555637 0.0288291443 -0.0258181747
  vertex -0.126433045 0.028703209 -0.0257932488
  endloop
 endfacet

 facet normal 0.73292774 0.655150592 -0.183288872
  outer loop
  vertex -0.126617998 0.0284891203 -0.0272980966
  vertex -0.126433045 0.028703209 -0.0257932488
  vertex -0.126496986 0.0283537395 -0.0272980966
  endloop
 endfacet

 facet normal 0.781683624 0.599371791 -0.172407091
  outer loop
  vertex -0.126496986 0.0283537395 -0.0272980966
  vertex -0.126433045 0.028703209 -0.0257932488
  vertex -0.126326814 0.0285646822 -0.0257932488
  endloop
 endfacet

 facet normal 0.786046863 0.593724668 -0.172108889
  outer loop
  vertex -0.126496986 0.0283537395 -0.0272980966
  vertex -0.126326814 0.0285646822 -0.0257932488
  vertex -0.126387596 0.0282089133 -0.0272980966
  endloop
 endfacet

 facet normal 0.833205581 0.529651046 -0.158865482
  outer loop
  vertex -0.126387596 0.0282089133 -0.0272980966
  vertex -0.126326814 0.0285646822 -0.0257932488
  vertex -0.126232758 0.0284167081 -0.0257932488
  endloop
 endfacet

 facet normal 0.836574435 0.524427295 -0.158490777
  outer loop
  vertex -0.126387596 0.0282089133 -0.0272980966
  vertex -0.126232758 0.0284167081 -0.0257932488
  vertex -0.126290888 0.0280546453 -0.0272980966
  endloop
 endfacet

 facet normal 0.877744436 0.457020849 -0.143863246
  outer loop
  vertex -0.126290888 0.0280546453 -0.0272980966
  vertex -0.126232758 0.0284167081 -0.0257932488
  vertex -0.126152426 0.0282624364 -0.0257932488
  endloop
 endfacet

 facet normal 0.879201591 0.454288334 -0.143619999
  outer loop
  vertex -0.126290888 0.0280546453 -0.0272980966
  vertex -0.126152426 0.0282624364 -0.0257932488
  vertex -0.126207918 0.0278940778 -0.0272980966
  endloop
 endfacet

 facet normal 0.916270018 0.379964113 -0.126793578
  outer loop
  vertex -0.126207918 0.0278940778 -0.0272980966
  vertex -0.126152426 0.0282624364 -0.0257932488
  vertex -0.126085848 0.0281018689 -0.0257932488
  endloop
 endfacet

 facet normal 0.917261064 0.37764585 -0.126553863
  outer loop
  vertex -0.126207918 0.0278940778 -0.0272980966
  vertex -0.126085848 0.0281018689 -0.0257932488
  vertex -0.126139224 0.0277272128 -0.0272980966
  endloop
 endfacet

 facet normal 0.00892318226 -0.000367869216 -0.999960124
  outer loop
  vertex -0.129163548 0.0108267376 -0.027329253
  vertex -0.126014501 0.00252132583 -0.0272980966
  vertex -0.126021907 0.00234186859 -0.0272980966
  endloop
 endfacet

 facet normal 0.00745413965 -0.000911848038 -0.999971807
  outer loop
  vertex -0.129163548 0.0108267376 -0.027329253
  vertex -0.126021907 0.00234186859 -0.0272980966
  vertex -0.126366988 -0.000479075214 -0.0272980966
  endloop
 endfacet

 facet normal 0.00583023578 -0.00131356088 -0.999982119
  outer loop
  vertex -0.129163548 0.0108267376 -0.027329253
  vertex -0.126366988 -0.000479075214 -0.0272980966
  vertex -0.129797697 0.00801209081 -0.027329253
  endloop
 endfacet

 facet normal 0.000204054319 -0.00390439108 -0.999992371
  outer loop
  vertex -0.126366988 -0.000479075214 -0.0272980966
  vertex -0.13073729 0.00727222301 -0.027329253
  vertex -0.130677044 0.00727537135 -0.027329253
  endloop
 endfacet

 facet normal 0.000412847323 -0.003788342 -0.999992788
  outer loop
  vertex -0.126366988 -0.000479075214 -0.0272980966
  vertex -0.130677044 0.00727537135 -0.027329253
  vertex -0.130590379 0.00728481635 -0.027329253
  endloop
 endfacet

 facet normal 0.000846600044 -0.00355239119 -0.999993324
  outer loop
  vertex -0.126366988 -0.000479075214 -0.0272980966
  vertex -0.130590379 0.00728481635 -0.027329253
  vertex -0.130563959 0.00729111349 -0.027329253
  endloop
 endfacet

 facet normal 0.000916144927 -0.00351482723 -0.999993324
  outer loop
  vertex -0.126366988 -0.000479075214 -0.0272980966
  vertex -0.130563959 0.00729111349 -0.027329253
  vertex -0.13047941 0.00731315184 -0.027329253
  endloop
 endfacet

 facet normal 0.00116326078 -0.0033844104 -0.999993563
  outer loop
  vertex -0.126366988 -0.000479075214 -0.0272980966
  vertex -0.13047941 0.00731315184 -0.027329253
  vertex -0.130396962 0.00734148687 -0.027329253
  endloop
 endfacet

 facet normal 0.00130317209 -0.0033123137 -0.999993682
  outer loop
  vertex -0.126366988 -0.000479075214 -0.0272980966
  vertex -0.130396962 0.00734148687 -0.027329253
  vertex -0.130340949 0.00736352568 -0.027329253
  endloop
 endfacet

 facet normal 0.00165877538 -0.00313212397 -0.999993682
  outer loop
  vertex -0.126366988 -0.000479075214 -0.0272980966
  vertex -0.130340949 0.00736352568 -0.027329253
  vertex -0.130317166 0.00737611996 -0.027329253
  endloop
 endfacet

 facet normal 0.00166194467 -0.00313053024 -0.999993682
  outer loop
  vertex -0.126366988 -0.000479075214 -0.0272980966
  vertex -0.130317166 0.00737611996 -0.027329253
  vertex -0.13026379 0.00740445498 -0.027329253
  endloop
 endfacet

 facet normal 0.00191761868 -0.00300415116 -0.999993682
  outer loop
  vertex -0.126366988 -0.000479075214 -0.0272980966
  vertex -0.13026379 0.00740445498 -0.027329253
  vertex -0.130189806 0.00745168002 -0.027329253
  endloop
 endfacet

 facet normal 0.00219319062 -0.00287131732 -0.999993503
  outer loop
  vertex -0.126366988 -0.000479075214 -0.0272980966
  vertex -0.130189806 0.00745168002 -0.027329253
  vertex -0.130169198 0.00746742263 -0.027329253
  endloop
 endfacet

 facet normal 0.00223869761 -0.002849543 -0.999993443
  outer loop
  vertex -0.126366988 -0.000479075214 -0.0272980966
  vertex -0.130169198 0.00746742263 -0.027329253
  vertex -0.130121112 0.00750520313 -0.027329253
  endloop
 endfacet

 facet normal 0.00252082921 -0.00271688635 -0.999993086
  outer loop
  vertex -0.126366988 -0.000479075214 -0.0272980966
  vertex -0.130121112 0.00750520313 -0.027329253
  vertex -0.130056649 0.00756502198 -0.027329253
  endloop
 endfacet

 facet normal 0.00278592459 -0.00259529147 -0.999992788
  outer loop
  vertex -0.126366988 -0.000479075214 -0.0272980966
  vertex -0.130056649 0.00756502198 -0.027329253
  vertex -0.129997984 0.00762798963 -0.027329253
  endloop
 endfacet

 facet normal 0.00315402215 -0.00243042456 -0.999992073
  outer loop
  vertex -0.126366988 -0.000479075214 -0.0272980966
  vertex -0.129997984 0.00762798963 -0.027329253
  vertex -0.129944608 0.00769725349 -0.027329253
  endloop
 endfacet

 facet normal 0.00351204234 -0.00227376632 -0.999991298
  outer loop
  vertex -0.126366988 -0.000479075214 -0.0272980966
  vertex -0.129944608 0.00769725349 -0.027329253
  vertex -0.129930347 0.00771929231 -0.027329253
  endloop
 endfacet

 facet normal 0.0036303408 -0.00222234754 -0.99999094
  outer loop
  vertex -0.126366988 -0.000479075214 -0.0272980966
  vertex -0.129930347 0.00771929231 -0.027329253
  vertex -0.12989758 0.00777281448 -0.027329253
  endloop
 endfacet

 facet normal 0.00393546652 -0.00209179567 -0.999990106
  outer loop
  vertex -0.126366988 -0.000479075214 -0.0272980966
  vertex -0.12989758 0.00777281448 -0.027329253
  vertex -0.129857421 0.00784837548 -0.027329253
  endloop
 endfacet

 facet normal 0.00453022216 -0.00184249738 -0.999988019
  outer loop
  vertex -0.126366988 -0.000479075214 -0.0272980966
  vertex -0.129857421 0.00784837548 -0.027329253
  vertex -0.129824117 0.00793023314 -0.027329253
  endloop
 endfacet

 facet normal 0.00480666663 -0.0017288446 -0.999987006
  outer loop
  vertex -0.126366988 -0.000479075214 -0.0272980966
  vertex -0.129824117 0.00793023314 -0.027329253
  vertex -0.129816189 0.00795227196 -0.027329253
  endloop
 endfacet

 facet normal 0.00514446711 -0.00159064645 -0.999985456
  outer loop
  vertex -0.126366988 -0.000479075214 -0.0272980966
  vertex -0.129816189 0.00795227196 -0.027329253
  vertex -0.129797697 0.00801209081 -0.027329253
  endloop
 endfacet

 facet normal 0.819092274 0.426482022 0.383667767
  outer loop
  vertex -0.12657994 0.0281333532 0.00405135006
  vertex -0.126152426 0.0282624364 0.00299515272
  vertex -0.126232758 0.0284167081 0.00299515272
  endloop
 endfacet

 facet normal 0.816447854 0.431175917 0.384057701
  outer loop
  vertex -0.12657994 0.0281333532 0.00405135006
  vertex -0.126232758 0.0284167081 0.00299515272
  vertex -0.126648113 0.0282624364 0.00405135006
  endloop
 endfacet

 facet normal 0.782667339 0.413335979 0.465387285
  outer loop
  vertex -0.12657994 0.0281333532 0.00405135006
  vertex -0.126648113 0.0282624364 0.00405135006
  vertex -0.126669258 0.028249843 0.00409808522
  endloop
 endfacet

 facet normal 0.780773163 0.40914008 0.472226322
  outer loop
  vertex -0.12657994 0.0281333532 0.00405135006
  vertex -0.126669258 0.028249843 0.00409808522
  vertex -0.126601622 0.0281207599 0.00409808522
  endloop
 endfacet

 facet normal 0.886971116 0.461824864 0
  outer loop
  vertex -0.126152426 0.0282624364 0.00299515272
  vertex -0.126152426 0.0282624364 -0.0257932488
  vertex -0.126232758 0.0284167081 -0.0257932488
  endloop
 endfacet

 facet normal 0.886971116 0.461824864 0
  outer loop
  vertex -0.126152426 0.0282624364 0.00299515272
  vertex -0.126232758 0.0284167081 -0.0257932488
  vertex -0.126232758 0.0284167081 0.00299515272
  endloop
 endfacet

 facet normal 0.748903692 0.471391886 0.465760648
  outer loop
  vertex -0.126669258 0.028249843 0.00409808522
  vertex -0.126648113 0.0282624364 0.00405135006
  vertex -0.126727387 0.0283883717 0.00405135006
  endloop
 endfacet

 facet normal 0.741104305 0.472052813 0.477420777
  outer loop
  vertex -0.126669258 0.028249843 0.00409808522
  vertex -0.126727387 0.0283883717 0.00405135006
  vertex -0.126747474 0.0283726305 0.00409808522
  endloop
 endfacet

 facet normal 0.715186715 0.455544353 0.530082285
  outer loop
  vertex -0.126669258 0.028249843 0.00409808522
  vertex -0.126747474 0.0283726305 0.00409808522
  vertex -0.126693562 0.0282372497 0.00414170371
  endloop
 endfacet

 facet normal 0.711403251 0.455643356 0.535065055
  outer loop
  vertex -0.126693562 0.0282372497 0.00414170371
  vertex -0.126747474 0.0283726305 0.00409808522
  vertex -0.126770198 0.0283568874 0.00414170371
  endloop
 endfacet

 facet normal 0.67198962 0.512140751 0.534922242
  outer loop
  vertex -0.126770198 0.0283568874 0.00414170371
  vertex -0.126747474 0.0283726305 0.00409808522
  vertex -0.12683624 0.0284891203 0.00409808522
  endloop
 endfacet

 facet normal 0.665099025 0.511664748 0.543914199
  outer loop
  vertex -0.126770198 0.0283568874 0.00414170371
  vertex -0.12683624 0.0284891203 0.00409808522
  vertex -0.126857385 0.0284702294 0.00414170371
  endloop
 endfacet

 facet normal 0.644627929 0.495916188 0.581826448
  outer loop
  vertex -0.126770198 0.0283568874 0.00414170371
  vertex -0.126857385 0.0284702294 0.00414170371
  vertex -0.126882225 0.0284513403 0.00418532267
  endloop
 endfacet

 facet normal 0.640085638 0.483466476 0.597118556
  outer loop
  vertex -0.126770198 0.0283568874 0.00414170371
  vertex -0.126882225 0.0284513403 0.00418532267
  vertex -0.126796618 0.0283379983 0.00418532267
  endloop
 endfacet

 facet normal 0.585819483 0.442478389 0.678990722
  outer loop
  vertex -0.126796618 0.0283379983 0.00418532267
  vertex -0.126882225 0.0284513403 0.00418532267
  vertex -0.126825675 0.0283191074 0.00422270969
  endloop
 endfacet

 facet normal 0.583481431 0.442113876 0.681237638
  outer loop
  vertex -0.126825675 0.0283191074 0.00422270969
  vertex -0.126882225 0.0284513403 0.00418532267
  vertex -0.126909167 0.0284292996 0.00422270969
  endloop
 endfacet

 facet normal 0.504074514 0.381945908 0.774613619
  outer loop
  vertex -0.126825675 0.0283191074 0.00422270969
  vertex -0.126909167 0.0284292996 0.00422270969
  vertex -0.126856863 0.0282970686 0.00425386569
  endloop
 endfacet

 facet normal 0.498664558 0.380765021 0.778685927
  outer loop
  vertex -0.126856863 0.0282970686 0.00425386569
  vertex -0.126909167 0.0284292996 0.00422270969
  vertex -0.12697047 0.0283757783 0.00428813789
  endloop
 endfacet

 facet normal 0.496672124 0.376417279 0.782065749
  outer loop
  vertex -0.126856863 0.0282970686 0.00425386569
  vertex -0.12697047 0.0283757783 0.00428813789
  vertex -0.126891732 0.0282718819 0.00428813789
  endloop
 endfacet

 facet normal 0.466049731 0.41888845 0.779313982
  outer loop
  vertex -0.12697047 0.0283757783 0.00428813789
  vertex -0.126909167 0.0284292996 0.00422270969
  vertex -0.127058193 0.0284733772 0.00428813789
  endloop
 endfacet

 facet normal 0.466463894 0.428175539 0.774000823
  outer loop
  vertex -0.127058193 0.0284733772 0.00428813789
  vertex -0.126909167 0.0284292996 0.00422270969
  vertex -0.127001658 0.0285300501 0.00422270969
  endloop
 endfacet

 facet normal 0.535446048 0.49149549 0.686825871
  outer loop
  vertex -0.127001658 0.0285300501 0.00422270969
  vertex -0.126909167 0.0284292996 0.00422270969
  vertex -0.126976818 0.0285552368 0.00418532267
  endloop
 endfacet

 facet normal 0.48962459 0.536937356 0.68699789
  outer loop
  vertex -0.127001658 0.0285300501 0.00422270969
  vertex -0.126976818 0.0285552368 0.00418532267
  vertex -0.127080396 0.0286496859 0.00418532267
  endloop
 endfacet

 facet normal 0.480150849 0.533587873 0.696232259
  outer loop
  vertex -0.127001658 0.0285300501 0.00422270969
  vertex -0.127080396 0.0286496859 0.00418532267
  vertex -0.12710312 0.0286213513 0.00422270969
  endloop
 endfacet

 facet normal 0.486024082 0.637520254 0.597786427
  outer loop
  vertex -0.127191901 0.0287346933 0.00418532267
  vertex -0.127080396 0.0286496859 0.00418532267
  vertex -0.127059788 0.0286748745 0.00414170371
  endloop
 endfacet

 facet normal 0.486996263 0.650917411 0.582358301
  outer loop
  vertex -0.127191901 0.0287346933 0.00418532267
  vertex -0.127059788 0.0286748745 0.00414170371
  vertex -0.127173394 0.02875988 0.00414170371
  endloop
 endfacet

 facet normal 0.495356441 0.662091613 0.562367082
  outer loop
  vertex -0.127173394 0.02875988 0.00414170371
  vertex -0.127059788 0.0286748745 0.00414170371
  vertex -0.127157554 0.0287850667 0.00409808522
  endloop
 endfacet

 facet normal 0.532257497 0.674658716 0.511407614
  outer loop
  vertex -0.127157554 0.0287850667 0.00409808522
  vertex -0.127059788 0.0286748745 0.00414170371
  vertex -0.127041817 0.0286937635 0.00409808522
  endloop
 endfacet

 facet normal 0.549421728 0.696415126 0.461672992
  outer loop
  vertex -0.127157554 0.0287850667 0.00409808522
  vertex -0.127041817 0.0286937635 0.00409808522
  vertex -0.127026483 0.0287126545 0.00405135006
  endloop
 endfacet

 facet normal 0.54945004 0.702824533 0.451821268
  outer loop
  vertex -0.127157554 0.0287850667 0.00409808522
  vertex -0.127026483 0.0287126545 0.00405135006
  vertex -0.127143279 0.0288039576 0.00405135006
  endloop
 endfacet

 facet normal 0.54031986 0.592531323 0.597462177
  outer loop
  vertex -0.127080396 0.0286496859 0.00418532267
  vertex -0.126976818 0.0285552368 0.00418532267
  vertex -0.127059788 0.0286748745 0.00414170371
  endloop
 endfacet

 facet normal 0.57076484 0.730089247 0.375762194
  outer loop
  vertex -0.127143279 0.0288039576 0.00405135006
  vertex -0.127026483 0.0287126545 0.00405135006
  vertex -0.127013803 0.0287283957 0.00400150055
  endloop
 endfacet

 facet normal 0.569767952 0.738698959 0.360122651
  outer loop
  vertex -0.127143279 0.0288039576 0.00405135006
  vertex -0.127013803 0.0287283957 0.00400150055
  vertex -0.127132177 0.0288196988 0.00400150055
  endloop
 endfacet

 facet normal 0.571554661 0.741015375 0.352450728
  outer loop
  vertex -0.126817748 0.0290558264 0.00299515272
  vertex -0.127132177 0.0288196988 0.00400150055
  vertex -0.127013803 0.0287283957 0.00400150055
  endloop
 endfacet

 facet normal 0.572413802 0.740371943 0.352408737
  outer loop
  vertex -0.126817748 0.0290558264 0.00299515272
  vertex -0.127013803 0.0287283957 0.00400150055
  vertex -0.126679301 0.028948782 0.00299515272
  endloop
 endfacet

 facet normal 0.611653686 0.791125655 0
  outer loop
  vertex -0.126817748 0.0290558264 0.00299515272
  vertex -0.126679301 0.028948782 0.00299515272
  vertex -0.126679301 0.028948782 -0.0257932488
  endloop
 endfacet

 facet normal 0.611653686 0.791125655 0
  outer loop
  vertex -0.126817748 0.0290558264 0.00299515272
  vertex -0.126679301 0.028948782 -0.0257932488
  vertex -0.126817748 0.0290558264 -0.0257932488
  endloop
 endfacet

 facet normal 0.525127351 0.851023674 0
  outer loop
  vertex -0.126817748 0.0290558264 0.00299515272
  vertex -0.126817748 0.0290558264 -0.0257932488
  vertex -0.126965716 0.0291471295 -0.0257932488
  endloop
 endfacet

 facet normal 0.525127351 0.851023674 0
  outer loop
  vertex -0.126817748 0.0290558264 0.00299515272
  vertex -0.126965716 0.0291471295 -0.0257932488
  vertex -0.126965716 0.0291471295 0.00299515272
  endloop
 endfacet

 facet normal 0.376573503 0.908989787 -0.178689778
  outer loop
  vertex -0.127119496 0.029228989 -0.0257932488
  vertex -0.127123728 0.0292258393 -0.0258181747
  vertex -0.12728332 0.0292919558 -0.0258181747
  endloop
 endfacet

 facet normal 0.37491557 0.913976133 -0.155196637
  outer loop
  vertex -0.127119496 0.029228989 -0.0257932488
  vertex -0.12728332 0.0292919558 -0.0258181747
  vertex -0.127280682 0.0292951036 -0.0257932488
  endloop
 endfacet

 facet normal 0.466451228 0.876288354 -0.120589808
  outer loop
  vertex -0.127119496 0.029228989 -0.0257932488
  vertex -0.126965716 0.0291471295 -0.0257932488
  vertex -0.126966253 0.0291439816 -0.0258181747
  endloop
 endfacet

 facet normal 0.453082919 0.871645451 -0.186949104
  outer loop
  vertex -0.127119496 0.029228989 -0.0257932488
  vertex -0.126966253 0.0291439816 -0.0258181747
  vertex -0.127123728 0.0292258393 -0.0258181747
  endloop
 endfacet

 facet normal 0.52147001 0.845096588 -0.117817536
  outer loop
  vertex -0.126966253 0.0291439816 -0.0258181747
  vertex -0.126965716 0.0291471295 -0.0257932488
  vertex -0.126817748 0.0290558264 -0.0257932488
  endloop
 endfacet

 facet normal 0.600825369 0.777120233 -0.187331185
  outer loop
  vertex -0.126817748 0.0290558264 -0.0257932488
  vertex -0.126679301 0.028948782 -0.0257932488
  vertex -0.126682997 0.0289456341 -0.0258181747
  endloop
 endfacet

 facet normal 0.66264379 0.724471033 -0.189855188
  outer loop
  vertex -0.126682997 0.0289456341 -0.0258181747
  vertex -0.126679301 0.028948782 -0.0257932488
  vertex -0.126555637 0.0288291443 -0.0258181747
  endloop
 endfacet

 facet normal 0.723185003 0.676729679 -0.137986928
  outer loop
  vertex -0.126555637 0.0288291443 -0.0258181747
  vertex -0.126550883 0.0288291443 -0.0257932488
  vertex -0.126433045 0.028703209 -0.0257932488
  endloop
 endfacet

 facet normal 0.675966382 0.725557983 -0.128977403
  outer loop
  vertex -0.126555637 0.0288291443 -0.0258181747
  vertex -0.126679301 0.028948782 -0.0257932488
  vertex -0.126550883 0.0288291443 -0.0257932488
  endloop
 endfacet

 facet normal 0.730169773 0.683265805 0
  outer loop
  vertex -0.126433045 0.028703209 -0.0257932488
  vertex -0.126550883 0.0288291443 -0.0257932488
  vertex -0.126550883 0.0288291443 0.00299515272
  endloop
 endfacet

 facet normal 0.730169773 0.683265805 0
  outer loop
  vertex -0.126433045 0.028703209 -0.0257932488
  vertex -0.126550883 0.0288291443 0.00299515272
  vertex -0.126433045 0.028703209 0.00299515272
  endloop
 endfacet

 facet normal 0.793566644 0.608483255 0
  outer loop
  vertex -0.126433045 0.028703209 -0.0257932488
  vertex -0.126433045 0.028703209 0.00299515272
  vertex -0.126326814 0.0285646822 0.00299515272
  endloop
 endfacet

 facet normal 0.793566644 0.608483255 0
  outer loop
  vertex -0.126433045 0.028703209 -0.0257932488
  vertex -0.126326814 0.0285646822 0.00299515272
  vertex -0.126326814 0.0285646822 -0.0257932488
  endloop
 endfacet

 facet normal 0.843923211 0.536463916 0
  outer loop
  vertex -0.126326814 0.0285646822 -0.0257932488
  vertex -0.126326814 0.0285646822 0.00299515272
  vertex -0.126232758 0.0284167081 0.00299515272
  endloop
 endfacet

 facet normal 0.843923211 0.536463916 0
  outer loop
  vertex -0.126326814 0.0285646822 -0.0257932488
  vertex -0.126232758 0.0284167081 0.00299515272
  vertex -0.126232758 0.0284167081 -0.0257932488
  endloop
 endfacet

 facet normal 0.780947328 0.496431559 0.379047364
  outer loop
  vertex -0.126232758 0.0284167081 0.00299515272
  vertex -0.126326814 0.0285646822 0.00299515272
  vertex -0.126727387 0.0283883717 0.00405135006
  endloop
 endfacet

 facet normal 0.782871902 0.492772937 0.379850566
  outer loop
  vertex -0.126232758 0.0284167081 0.00299515272
  vertex -0.126727387 0.0283883717 0.00405135006
  vertex -0.126648113 0.0282624364 0.00405135006
  endloop
 endfacet

 facet normal 0.736162126 0.564467192 0.373419464
  outer loop
  vertex -0.126727387 0.0283883717 0.00405135006
  vertex -0.126326814 0.0285646822 0.00299515272
  vertex -0.126433045 0.028703209 0.00299515272
  endloop
 endfacet

 facet normal 0.733537436 0.567717791 0.373656958
  outer loop
  vertex -0.126727387 0.0283883717 0.00405135006
  vertex -0.126433045 0.028703209 0.00299515272
  vertex -0.126801893 0.0285174549 0.00400150055
  endloop
 endfacet

 facet normal 0.732065022 0.567882717 0.376284719
  outer loop
  vertex -0.126727387 0.0283883717 0.00405135006
  vertex -0.126801893 0.0285174549 0.00400150055
  vertex -0.126817748 0.0285048615 0.00405135006
  endloop
 endfacet

 facet normal 0.70126611 0.543991148 0.460759699
  outer loop
  vertex -0.126727387 0.0283883717 0.00405135006
  vertex -0.126817748 0.0285048615 0.00405135006
  vertex -0.12683624 0.0284891203 0.00409808522
  endloop
 endfacet

 facet normal 0.698102355 0.532041907 0.479149789
  outer loop
  vertex -0.126727387 0.0283883717 0.00405135006
  vertex -0.12683624 0.0284891203 0.00409808522
  vertex -0.126747474 0.0283726305 0.00409808522
  endloop
 endfacet

 facet normal 0.65752393 0.595971406 0.460956067
  outer loop
  vertex -0.12683624 0.0284891203 0.00409808522
  vertex -0.126817748 0.0285048615 0.00405135006
  vertex -0.12691763 0.0286150537 0.00405135006
  endloop
 endfacet

 facet normal 0.648140132 0.595151842 0.47508809
  outer loop
  vertex -0.12683624 0.0284891203 0.00409808522
  vertex -0.12691763 0.0286150537 0.00405135006
  vertex -0.126934543 0.0285961647 0.00409808522
  endloop
 endfacet

 facet normal 0.622643948 0.571740091 0.534254432
  outer loop
  vertex -0.12683624 0.0284891203 0.00409808522
  vertex -0.126934543 0.0285961647 0.00409808522
  vertex -0.126954615 0.0285772737 0.00414170371
  endloop
 endfacet

 facet normal 0.620647073 0.563771725 0.54493916
  outer loop
  vertex -0.12683624 0.0284891203 0.00409808522
  vertex -0.126954615 0.0285772737 0.00414170371
  vertex -0.126857385 0.0284702294 0.00414170371
  endloop
 endfacet

 facet normal 0.602792919 0.547553718 0.58036685
  outer loop
  vertex -0.126857385 0.0284702294 0.00414170371
  vertex -0.126954615 0.0285772737 0.00414170371
  vertex -0.126882225 0.0284513403 0.00418532267
  endloop
 endfacet

 facet normal 0.601104379 0.547278345 0.582374454
  outer loop
  vertex -0.126882225 0.0284513403 0.00418532267
  vertex -0.126954615 0.0285772737 0.00414170371
  vertex -0.126976818 0.0285552368 0.00418532267
  endloop
 endfacet

 facet normal 0.541496217 0.493007839 0.680973768
  outer loop
  vertex -0.126882225 0.0284513403 0.00418532267
  vertex -0.126976818 0.0285552368 0.00418532267
  vertex -0.126909167 0.0284292996 0.00422270969
  endloop
 endfacet

 facet normal 0.552979827 0.595824599 0.582414269
  outer loop
  vertex -0.126976818 0.0285552368 0.00418532267
  vertex -0.126954615 0.0285772737 0.00414170371
  vertex -0.127059788 0.0286748745 0.00414170371
  endloop
 endfacet

 facet normal 0.57540679 0.619989097 0.533404708
  outer loop
  vertex -0.127059788 0.0286748745 0.00414170371
  vertex -0.126954615 0.0285772737 0.00414170371
  vertex -0.126934543 0.0285961647 0.00409808522
  endloop
 endfacet

 facet normal 0.577687383 0.634964406 0.512930334
  outer loop
  vertex -0.127059788 0.0286748745 0.00414170371
  vertex -0.126934543 0.0285961647 0.00409808522
  vertex -0.127041817 0.0286937635 0.00409808522
  endloop
 endfacet

 facet normal 0.591523528 0.650172353 0.476839393
  outer loop
  vertex -0.127041817 0.0286937635 0.00409808522
  vertex -0.126934543 0.0285961647 0.00409808522
  vertex -0.12691763 0.0286150537 0.00405135006
  endloop
 endfacet

 facet normal 0.592288852 0.660627723 0.461264551
  outer loop
  vertex -0.127041817 0.0286937635 0.00409808522
  vertex -0.12691763 0.0286150537 0.00405135006
  vertex -0.127026483 0.0287126545 0.00405135006
  endloop
 endfacet

 facet normal 0.618737578 0.690128028 0.375349373
  outer loop
  vertex -0.127026483 0.0287126545 0.00405135006
  vertex -0.12691763 0.0286150537 0.00405135006
  vertex -0.127013803 0.0287283957 0.00400150055
  endloop
 endfacet

 facet normal 0.627380252 0.690615773 0.359783173
  outer loop
  vertex -0.127013803 0.0287283957 0.00400150055
  vertex -0.12691763 0.0286150537 0.00405135006
  vertex -0.126679301 0.028948782 0.00299515272
  endloop
 endfacet

 facet normal 0.636141539 0.682811499 0.359294266
  outer loop
  vertex -0.126679301 0.028948782 0.00299515272
  vertex -0.12691763 0.0286150537 0.00405135006
  vertex -0.126550883 0.0288291443 0.00299515272
  endloop
 endfacet

 facet normal 0.681659877 0.731669188 0
  outer loop
  vertex -0.126679301 0.028948782 0.00299515272
  vertex -0.126550883 0.0288291443 0.00299515272
  vertex -0.126550883 0.0288291443 -0.0257932488
  endloop
 endfacet

 facet normal 0.681659877 0.731669188 0
  outer loop
  vertex -0.126679301 0.028948782 0.00299515272
  vertex -0.126550883 0.0288291443 -0.0257932488
  vertex -0.126679301 0.028948782 -0.0257932488
  endloop
 endfacet

 facet normal 0.679796398 0.636128306 0.364989966
  outer loop
  vertex -0.126433045 0.028703209 0.00299515272
  vertex -0.126550883 0.0288291443 0.00299515272
  vertex -0.12691763 0.0286150537 0.00405135006
  endloop
 endfacet

 facet normal 0.686977744 0.626893222 0.367513984
  outer loop
  vertex -0.126433045 0.028703209 0.00299515272
  vertex -0.12691763 0.0286150537 0.00405135006
  vertex -0.126801893 0.0285174549 0.00400150055
  endloop
 endfacet

 facet normal 0.686679304 0.622397423 0.375623524
  outer loop
  vertex -0.126801893 0.0285174549 0.00400150055
  vertex -0.12691763 0.0286150537 0.00405135006
  vertex -0.126817748 0.0285048615 0.00405135006
  endloop
 endfacet

endsolid AssimpScene
