solid AssimpScene
 facet normal 0.00258675567 0.994711459 0.102677695
  outer loop
  vertex 0.0865270123 0.0213349387 0.00822017528
  vertex 0.0878013521 0.0208479147 0.012906217
  vertex 0.0878013521 0.0213316251 0.00822017528
  endloop
 endfacet

 facet normal 0 0 -1
  outer loop
  vertex 0.0865270123 0.0213349387 0.00822017528
  vertex 0.0878013521 0.0213316251 0.00822017528
  vertex 0.0890421644 0.0213216878 0.00822017528
  endloop
 endfacet

 facet normal 0 0 -1
  outer loop
  vertex 0.0865270123 0.0213349387 0.00822017528
  vertex 0.0890421644 0.0213216878 0.00822017528
  vertex 0.0903097987 0.0212918688 0.00822017528
  endloop
 endfacet

 facet normal 0 0 -1
  outer loop
  vertex 0.0865270123 0.0213349387 0.00822017528
  vertex 0.0903097987 0.0212918688 0.00822017528
  vertex 0.0903466865 0.0212885551 0.00822017528
  endloop
 endfacet

 facet normal 0 0 -1
  outer loop
  vertex 0.0865270123 0.0213349387 0.00822017528
  vertex 0.0903466865 0.0212885551 0.00822017528
  vertex 0.091577433 0.0211229026 0.00822017528
  endloop
 endfacet

 facet normal 0 0 -1
  outer loop
  vertex 0.0865270123 0.0213349387 0.00822017528
  vertex 0.091577433 0.0211229026 0.00822017528
  vertex 0.092663981 0.0208147839 0.00822017528
  endloop
 endfacet

 facet normal 0 0 -1
  outer loop
  vertex 0.0865270123 0.0213349387 0.00822017528
  vertex 0.092663981 0.0208147839 0.00822017528
  vertex 0.0927813575 0.0207584612 0.00822017528
  endloop
 endfacet

 facet normal 0 0 -1
  outer loop
  vertex 0.0865270123 0.0213349387 0.00822017528
  vertex 0.0927813575 0.0207584612 0.00822017528
  vertex 0.0942066088 0.0195723753 0.00822017528
  endloop
 endfacet

 facet normal 0 0 -1
  outer loop
  vertex 0.0865270123 0.0213349387 0.00822017528
  vertex 0.0942066088 0.0195723753 0.00822017528
  vertex 0.0954038203 0.0183564723 0.00822017528
  endloop
 endfacet

 facet normal 0 0 -1
  outer loop
  vertex 0.0865270123 0.0213349387 0.00822017528
  vertex 0.0954038203 0.0183564723 0.00822017528
  vertex 0.0956318602 0.0180881117 0.00822017528
  endloop
 endfacet

 facet normal 0 0 -1
  outer loop
  vertex 0.0865270123 0.0213349387 0.00822017528
  vertex 0.0956318602 0.0180881117 0.00822017528
  vertex 0.0962388515 0.0169649739 0.00822017528
  endloop
 endfacet

 facet normal 0 0 -1
  outer loop
  vertex 0.0865270123 0.0213349387 0.00822017528
  vertex 0.0962388515 0.0169649739 0.00822017528
  vertex 0.0963998213 0.0166436043 0.00822017528
  endloop
 endfacet

 facet normal 0 0 -1
  outer loop
  vertex 0.0865270123 0.0213349387 0.00822017528
  vertex 0.0963998213 0.0166436043 0.00822017528
  vertex 0.0968324244 0.0154542057 0.00822017528
  endloop
 endfacet

 facet normal 0 0 -1
  outer loop
  vertex 0.0865270123 0.0213349387 0.00822017528
  vertex 0.0968324244 0.0154542057 0.00822017528
  vertex 0.097174488 0.0145132877 0.00822017528
  endloop
 endfacet

 facet normal 0 0 -1
  outer loop
  vertex 0.0865270123 0.0213349387 0.00822017528
  vertex 0.097174488 0.0145132877 0.00822017528
  vertex 0.0973522216 0.0138838002 0.00822017528
  endloop
 endfacet

 facet normal 0 0 -1
  outer loop
  vertex 0.0865270123 0.0213349387 0.00822017528
  vertex 0.0973522216 0.0138838002 0.00822017528
  vertex 0.0973991752 0.0135624306 0.00822017528
  endloop
 endfacet

 facet normal 0 0 -1
  outer loop
  vertex 0.0865270123 0.0213349387 0.00822017528
  vertex 0.0973991752 0.0135624306 0.00822017528
  vertex 0.09742935 0.0133404536 0.00822017528
  endloop
 endfacet

 facet normal 0 0 -1
  outer loop
  vertex 0.0865270123 0.0213349387 0.00822017528
  vertex 0.09742935 0.0133404536 0.00822017528
  vertex 0.0975366682 0.0120384097 0.00822017528
  endloop
 endfacet

 facet normal 0 0 -1
  outer loop
  vertex 0.0865270123 0.0213349387 0.00822017528
  vertex 0.0975366682 0.0120384097 0.00822017528
  vertex 0.0975668505 0.0107628703 0.00822017528
  endloop
 endfacet

 facet normal 0 0 -1
  outer loop
  vertex 0.0865270123 0.0213349387 0.00822017528
  vertex 0.0975668505 0.0107628703 0.00822017528
  vertex 0.0975668505 -0.00197927025 0.00822017528
  endloop
 endfacet

 facet normal 0 0 -1
  outer loop
  vertex 0.0865270123 0.0213349387 0.00822017528
  vertex 0.0975668505 -0.00197927025 0.00822017528
  vertex 0.0975634977 -0.00325481105 0.00822017528
  endloop
 endfacet

 facet normal 0 0 -1
  outer loop
  vertex 0.0865270123 0.0213349387 0.00822017528
  vertex 0.0975634977 -0.00325481105 0.00822017528
  vertex 0.0974729508 -0.00453034975 0.00822017528
  endloop
 endfacet

 facet normal 0 0 -1
  outer loop
  vertex 0.0865270123 0.0213349387 0.00822017528
  vertex 0.0974729508 -0.00453034975 0.00822017528
  vertex 0.0973723456 -0.00523935119 0.00822017528
  endloop
 endfacet

 facet normal 0 0 -1
  outer loop
  vertex 0.0865270123 0.0213349387 0.00822017528
  vertex 0.0973723456 -0.00523935119 0.00822017528
  vertex 0.0972851515 -0.00567005156 0.00822017528
  endloop
 endfacet

 facet normal 0 0 -1
  outer loop
  vertex 0.0865270123 0.0213349387 0.00822017528
  vertex 0.0972851515 -0.00567005156 0.00822017528
  vertex 0.0972382054 -0.00587546267 0.00822017528
  endloop
 endfacet

 facet normal 0 0 -1
  outer loop
  vertex 0.0865270123 0.0213349387 0.00822017528
  vertex 0.0972382054 -0.00587546267 0.00822017528
  vertex 0.0971141234 -0.00626972318 0.00822017528
  endloop
 endfacet

 facet normal 0 0 -1
  outer loop
  vertex 0.0865270123 0.0213349387 0.00822017528
  vertex 0.0971141234 -0.00626972318 0.00822017528
  vertex 0.0968491957 -0.00708142994 0.00822017528
  endloop
 endfacet

 facet normal 0 0 -1
  outer loop
  vertex 0.0865270123 0.0213349387 0.00822017528
  vertex 0.0968491957 -0.00708142994 0.00822017528
  vertex 0.0966815203 -0.00742267631 0.00822017528
  endloop
 endfacet

 facet normal 0 0 -1
  outer loop
  vertex 0.0865270123 0.0213349387 0.00822017528
  vertex 0.0966815203 -0.00742267631 0.00822017528
  vertex 0.0963327512 -0.0081283655 0.00822017528
  endloop
 endfacet

 facet normal 0 0 -1
  outer loop
  vertex 0.0865270123 0.0213349387 0.00822017528
  vertex 0.0963327512 -0.0081283655 0.00822017528
  vertex 0.0959236175 -0.00876779109 0.00822017528
  endloop
 endfacet

 facet normal 0 0 -1
  outer loop
  vertex 0.0865270123 0.0213349387 0.00822017528
  vertex 0.0959236175 -0.00876779109 0.00822017528
  vertex 0.0957190543 -0.00902289804 0.00822017528
  endloop
 endfacet

 facet normal 0 0 -1
  outer loop
  vertex 0.0865270123 0.0213349387 0.00822017528
  vertex 0.0957190543 -0.00902289804 0.00822017528
  vertex 0.0952864513 -0.00954968017 0.00822017528
  endloop
 endfacet

 facet normal 0 0 -1
  outer loop
  vertex 0.0865270123 0.0213349387 0.00822017528
  vertex 0.0952864513 -0.00954968017 0.00822017528
  vertex 0.094712995 -0.010185793 0.00822017528
  endloop
 endfacet

 facet normal 0 0 -1
  outer loop
  vertex 0.0865270123 0.0213349387 0.00822017528
  vertex 0.094712995 -0.010185793 0.00822017528
  vertex 0.0945117772 -0.0103481347 0.00822017528
  endloop
 endfacet

 facet normal 0 0 -1
  outer loop
  vertex 0.0865270123 0.0213349387 0.00822017528
  vertex 0.0945117772 -0.0103481347 0.00822017528
  vertex 0.0940758213 -0.0106860697 0.00822017528
  endloop
 endfacet

 facet normal 0 0 -1
  outer loop
  vertex 0.0865270123 0.0213349387 0.00822017528
  vertex 0.0940758213 -0.0106860697 0.00822017528
  vertex 0.0934285894 -0.011116772 0.00822017528
  endloop
 endfacet

 facet normal 0 0 -1
  outer loop
  vertex 0.0865270123 0.0213349387 0.00822017528
  vertex 0.0934285894 -0.011116772 0.00822017528
  vertex 0.0931167081 -0.0113221826 0.00822017528
  endloop
 endfacet

 facet normal 0 0 -1
  outer loop
  vertex 0.0865270123 0.0213349387 0.00822017528
  vertex 0.0931167081 -0.0113221826 0.00822017528
  vertex 0.0929087922 -0.0114282006 0.00822017528
  endloop
 endfacet

 facet normal 0 0 -1
  outer loop
  vertex 0.0865270123 0.0213349387 0.00822017528
  vertex 0.0929087922 -0.0114282006 0.00822017528
  vertex 0.0924795344 -0.0116435513 0.00822017528
  endloop
 endfacet

 facet normal 0 0 -1
  outer loop
  vertex 0.0865270123 0.0213349387 0.00822017528
  vertex 0.0924795344 -0.0116435513 0.00822017528
  vertex 0.0918993726 -0.0118754683 0.00822017528
  endloop
 endfacet

 facet normal 0 0 -1
  outer loop
  vertex 0.0865270123 0.0213349387 0.00822017528
  vertex 0.0918993726 -0.0118754683 0.00822017528
  vertex 0.0916210338 -0.0119848 0.00822017528
  endloop
 endfacet

 facet normal 0 0 -1
  outer loop
  vertex 0.0865270123 0.0213349387 0.00822017528
  vertex 0.0916210338 -0.0119848 0.00822017528
  vertex 0.0903466865 -0.0123161087 0.00822017528
  endloop
 endfacet

 facet normal 0 0 -1
  outer loop
  vertex 0.0865270123 0.0213349387 0.00822017528
  vertex 0.0903466865 -0.0123161087 0.00822017528
  vertex 0.0890756994 -0.0124552604 0.00822017528
  endloop
 endfacet

 facet normal 0 0 -1
  outer loop
  vertex 0.0865270123 0.0213349387 0.00822017528
  vertex 0.0890756994 -0.0124552604 0.00822017528
  vertex 0.0878013521 -0.0125115821 0.00822017528
  endloop
 endfacet

 facet normal 0 0 -1
  outer loop
  vertex 0.0865270123 0.0213349387 0.00822017528
  vertex 0.0878013521 -0.0125115821 0.00822017528
  vertex 0.0737735182 -0.0125115821 0.00822017528
  endloop
 endfacet

 facet normal 0 0 -1
  outer loop
  vertex 0.0865270123 0.0213349387 0.00822017528
  vertex 0.0737735182 -0.0125115821 0.00822017528
  vertex 0.0724991709 -0.0124486322 0.00822017528
  endloop
 endfacet

 facet normal 0 0 -1
  outer loop
  vertex 0.0865270123 0.0213349387 0.00822017528
  vertex 0.0724991709 -0.0124486322 0.00822017528
  vertex 0.071224831 -0.0122862915 0.00822017528
  endloop
 endfacet

 facet normal 0 0 -1
  outer loop
  vertex 0.0865270123 0.0213349387 0.00822017528
  vertex 0.071224831 -0.0122862915 0.00822017528
  vertex 0.0699538365 -0.0119384183 0.00822017528
  endloop
 endfacet

 facet normal 0 0 -1
  outer loop
  vertex 0.0865270123 0.0213349387 0.00822017528
  vertex 0.0699538365 -0.0119384183 0.00822017528
  vertex 0.069403857 -0.0117230676 0.00822017528
  endloop
 endfacet

 facet normal 0 0 -1
  outer loop
  vertex 0.0865270123 0.0213349387 0.00822017528
  vertex 0.069403857 -0.0117230676 0.00822017528
  vertex 0.0691523403 -0.0116203614 0.00822017528
  endloop
 endfacet

 facet normal 0 0 -1
  outer loop
  vertex 0.0865270123 0.0213349387 0.00822017528
  vertex 0.0691523403 -0.0116203614 0.00822017528
  vertex 0.0676868483 -0.010904735 0.00822017528
  endloop
 endfacet

 facet normal 0 0 -1
  outer loop
  vertex 0.0865270123 0.0213349387 0.00822017528
  vertex 0.0676868483 -0.010904735 0.00822017528
  vertex 0.0674085021 -0.0107191997 0.00822017528
  endloop
 endfacet

 facet normal 0 0 -1
  outer loop
  vertex 0.0865270123 0.0213349387 0.00822017528
  vertex 0.0674085021 -0.0107191997 0.00822017528
  vertex 0.0667679757 -0.0102354893 0.00822017528
  endloop
 endfacet

 facet normal 0 0 -1
  outer loop
  vertex 0.0865270123 0.0213349387 0.00822017528
  vertex 0.0667679757 -0.0102354893 0.00822017528
  vertex 0.0661676973 -0.00973852724 0.00822017528
  endloop
 endfacet

 facet normal 0 0 -1
  outer loop
  vertex 0.0865270123 0.0213349387 0.00822017528
  vertex 0.0661676973 -0.00973852724 0.00822017528
  vertex 0.0649235323 -0.00838678423 0.00822017528
  endloop
 endfacet

 facet normal 0 0 -1
  outer loop
  vertex 0.0865270123 0.0213349387 0.00822017528
  vertex 0.0649235323 -0.00838678423 0.00822017528
  vertex 0.0648899972 -0.00834371522 0.00822017528
  endloop
 endfacet

 facet normal 0 0 -1
  outer loop
  vertex 0.0865270123 0.0213349387 0.00822017528
  vertex 0.0648899972 -0.00834371522 0.00822017528
  vertex 0.0636860803 -0.00576613285 0.00822017528
  endloop
 endfacet

 facet normal 0 0 -1
  outer loop
  vertex 0.0865270123 0.0213349387 0.00822017528
  vertex 0.0636860803 -0.00576613285 0.00822017528
  vertex 0.0636626035 -0.00568330334 0.00822017528
  endloop
 endfacet

 facet normal 0 0 -1
  outer loop
  vertex 0.0865270123 0.0213349387 0.00822017528
  vertex 0.0636626035 -0.00568330334 0.00822017528
  vertex 0.0633775517 -0.00453034975 0.00822017528
  endloop
 endfacet

 facet normal 0 0 -1
  outer loop
  vertex 0.0865270123 0.0213349387 0.00822017528
  vertex 0.0633775517 -0.00453034975 0.00822017528
  vertex 0.063374199 -0.00448396616 0.00822017528
  endloop
 endfacet

 facet normal 0 0 -1
  outer loop
  vertex 0.0865270123 0.0213349387 0.00822017528
  vertex 0.063374199 -0.00448396616 0.00822017528
  vertex 0.0633138344 -0.00325812306 0.00822017528
  endloop
 endfacet

 facet normal 0 0 -1
  outer loop
  vertex 0.0865270123 0.0213349387 0.00822017528
  vertex 0.0633138344 -0.00325812306 0.00822017528
  vertex 0.0633071288 -0.00256568776 0.00822017528
  endloop
 endfacet

 facet normal 0 0 -1
  outer loop
  vertex 0.0865270123 0.0213349387 0.00822017528
  vertex 0.0633071288 -0.00256568776 0.00822017528
  vertex 0.0633071288 0.0108026275 0.00822017528
  endloop
 endfacet

 facet normal 0 0 -1
  outer loop
  vertex 0.0865270123 0.0213349387 0.00822017528
  vertex 0.0633071288 0.0108026275 0.00822017528
  vertex 0.0633238927 0.0120384097 0.00822017528
  endloop
 endfacet

 facet normal 0 0 -1
  outer loop
  vertex 0.0865270123 0.0213349387 0.00822017528
  vertex 0.0633238927 0.0120384097 0.00822017528
  vertex 0.0634613931 0.01331395 0.00822017528
  endloop
 endfacet

 facet normal 0 0 -1
  outer loop
  vertex 0.0865270123 0.0213349387 0.00822017528
  vertex 0.0634613931 0.01331395 0.00822017528
  vertex 0.063793391 0.0143708251 0.00822017528
  endloop
 endfacet

 facet normal 0 0 -1
  outer loop
  vertex 0.0865270123 0.0213349387 0.00822017528
  vertex 0.063793391 0.0143708251 0.00822017528
  vertex 0.0649235323 0.0170709938 0.00822017528
  endloop
 endfacet

 facet normal 0 0 -1
  outer loop
  vertex 0.0865270123 0.0213349387 0.00822017528
  vertex 0.0649235323 0.0170709938 0.00822017528
  vertex 0.0661710501 0.0183730368 0.00822017528
  endloop
 endfacet

 facet normal 0 0 -1
  outer loop
  vertex 0.0865270123 0.0213349387 0.00822017528
  vertex 0.0661710501 0.0183730368 0.00822017528
  vertex 0.0674554557 0.019628698 0.00822017528
  endloop
 endfacet

 facet normal 0 0 -1
  outer loop
  vertex 0.0865270123 0.0213349387 0.00822017528
  vertex 0.0674554557 0.019628698 0.00822017528
  vertex 0.0686761439 0.0203343853 0.00822017528
  endloop
 endfacet

 facet normal 0 0 -1
  outer loop
  vertex 0.0865270123 0.0213349387 0.00822017528
  vertex 0.0686761439 0.0203343853 0.00822017528
  vertex 0.0698733479 0.020950621 0.00822017528
  endloop
 endfacet

 facet normal 0 0 -1
  outer loop
  vertex 0.0865270123 0.0213349387 0.00822017528
  vertex 0.0698733479 0.020950621 0.00822017528
  vertex 0.0712281764 0.0212786179 0.00822017528
  endloop
 endfacet

 facet normal 0 0 -1
  outer loop
  vertex 0.0865270123 0.0213349387 0.00822017528
  vertex 0.0712281764 0.0212786179 0.00822017528
  vertex 0.0724991709 0.0213183723 0.00822017528
  endloop
 endfacet

 facet normal 0 0 -1
  outer loop
  vertex 0.0865270123 0.0213349387 0.00822017528
  vertex 0.0724991709 0.0213183723 0.00822017528
  vertex 0.0737735182 0.0213316251 0.00822017528
  endloop
 endfacet

 facet normal 0 0 -1
  outer loop
  vertex 0.0865270123 0.0213349387 0.00822017528
  vertex 0.0737735182 0.0213316251 0.00822017528
  vertex 0.0750478581 0.0213349387 0.00822017528
  endloop
 endfacet

 facet normal 0 0.994642615 0.103373997
  outer loop
  vertex 0.0865270123 0.0213349387 0.00822017528
  vertex 0.0750478581 0.0213349387 0.00822017528
  vertex 0.0806583241 0.0208479147 0.012906217
  endloop
 endfacet

 facet normal 0 0.994642615 0.103373997
  outer loop
  vertex 0.0865270123 0.0213349387 0.00822017528
  vertex 0.0806583241 0.0208479147 0.012906217
  vertex 0.0878013521 0.0208479147 0.012906217
  endloop
 endfacet

 facet normal 0.0234991405 0.950276494 0.310519516
  outer loop
  vertex 0.0878013521 0.0208479147 0.012906217
  vertex 0.0878013521 0.0205663014 0.0137680313
  vertex 0.0890756994 0.0205397978 0.0137527017
  endloop
 endfacet

 facet normal 0.0372719131 0.95575887 0.291780829
  outer loop
  vertex 0.0878013521 0.0208479147 0.012906217
  vertex 0.0890756994 0.0205397978 0.0137527017
  vertex 0.0890756994 0.0207982194 0.012906217
  endloop
 endfacet

 facet normal 0.0387101136 0.992638409 0.114763819
  outer loop
  vertex 0.0878013521 0.0208479147 0.012906217
  vertex 0.0890756994 0.0207982194 0.012906217
  vertex 0.0903097987 0.0212918688 0.00822017528
  endloop
 endfacet

 facet normal 0.0233817082 0.994017541 0.106689177
  outer loop
  vertex 0.0878013521 0.0208479147 0.012906217
  vertex 0.0903097987 0.0212918688 0.00822017528
  vertex 0.0890421644 0.0213216878 0.00822017528
  endloop
 endfacet

 facet normal 0.0079667503 0.994683027 0.102674767
  outer loop
  vertex 0.0878013521 0.0208479147 0.012906217
  vertex 0.0890421644 0.0213216878 0.00822017528
  vertex 0.0878013521 0.0213316251 0.00822017528
  endloop
 endfacet

 facet normal 0 0.950538993 0.310605347
  outer loop
  vertex 0.0878013521 0.0208479147 0.012906217
  vertex 0.0806583241 0.0208479147 0.012906217
  vertex 0.0737735182 0.0205663014 0.0137680313
  endloop
 endfacet

 facet normal 0 0.950538993 0.310605347
  outer loop
  vertex 0.0878013521 0.0208479147 0.012906217
  vertex 0.0737735182 0.0205663014 0.0137680313
  vertex 0.0878013521 0.0205663014 0.0137680313
  endloop
 endfacet

 facet normal -0.00258656824 0.994639277 0.103373647
  outer loop
  vertex 0.0750478581 0.0213349387 0.00822017528
  vertex 0.0737735182 0.0213316251 0.00822017528
  vertex 0.0737735182 0.0208446011 0.012906217
  endloop
 endfacet

 facet normal -0.000478733884 0.994583368 0.103941016
  outer loop
  vertex 0.0750478581 0.0213349387 0.00822017528
  vertex 0.0737735182 0.0208446011 0.012906217
  vertex 0.0806583241 0.0208479147 0.012906217
  endloop
 endfacet

 facet normal 0 0.262664407 0.964887261
  outer loop
  vertex 0.0878013521 0.0205663014 0.0137680313
  vertex 0.0737735182 0.0205663014 0.0137680313
  vertex 0.0806583241 0.0200428348 0.0139105311
  endloop
 endfacet

 facet normal 0.000109810542 0.261269152 0.965265989
  outer loop
  vertex 0.0878013521 0.0205663014 0.0137680313
  vertex 0.0806583241 0.0200428348 0.0139105311
  vertex 0.0878013521 0.0196916461 0.0140047744
  endloop
 endfacet

 facet normal 0.0098905582 0.261256337 0.965218782
  outer loop
  vertex 0.0878013521 0.0205663014 0.0137680313
  vertex 0.0878013521 0.0196916461 0.0140047744
  vertex 0.0890756994 0.0196916461 0.0139917163
  endloop
 endfacet

 facet normal 0.0172166564 0.271201342 0.962368667
  outer loop
  vertex 0.0878013521 0.0205663014 0.0137680313
  vertex 0.0890756994 0.0196916461 0.0139917163
  vertex 0.0890756994 0.0205397978 0.0137527017
  endloop
 endfacet

 facet normal 0.0339453034 0.271085203 0.96195668
  outer loop
  vertex 0.0890756994 0.0205397978 0.0137527017
  vertex 0.0890756994 0.0196916461 0.0139917163
  vertex 0.0903466865 0.0196916461 0.0139468657
  endloop
 endfacet

 facet normal 0.0464303233 0.288511008 0.956350088
  outer loop
  vertex 0.0890756994 0.0205397978 0.0137527017
  vertex 0.0903466865 0.0196916461 0.0139468657
  vertex 0.0903466865 0.0204801615 0.0137089873
  endloop
 endfacet

 facet normal 0.0548361205 0.954984188 0.291544348
  outer loop
  vertex 0.0890756994 0.0205397978 0.0137527017
  vertex 0.0903466865 0.0204801615 0.0137089873
  vertex 0.0890756994 0.0207982194 0.012906217
  endloop
 endfacet

 facet normal 0.0958895087 0.968044817 0.231721058
  outer loop
  vertex 0.0890756994 0.0207982194 0.012906217
  vertex 0.0903466865 0.0204801615 0.0137089873
  vertex 0.0903466865 0.0206723213 0.012906217
  endloop
 endfacet

 facet normal 0.0977390558 0.986716866 0.12975727
  outer loop
  vertex 0.0890756994 0.0207982194 0.012906217
  vertex 0.0903466865 0.0206723213 0.012906217
  vertex 0.0903466865 0.0212885551 0.00822017528
  endloop
 endfacet

 facet normal 0.0887423009 0.987868667 0.127437621
  outer loop
  vertex 0.0890756994 0.0207982194 0.012906217
  vertex 0.0903466865 0.0212885551 0.00822017528
  vertex 0.0903097987 0.0212918688 0.00822017528
  endloop
 endfacet

 facet normal -0.000458050723 0.951613545 0.30729717
  outer loop
  vertex 0.0806583241 0.0208479147 0.012906217
  vertex 0.0737735182 0.0208446011 0.012906217
  vertex 0.0737735182 0.0205663014 0.0137680313
  endloop
 endfacet

 facet normal -0.010342787 0.994589329 0.103368476
  outer loop
  vertex 0.0737735182 0.0213316251 0.00822017528
  vertex 0.0724991709 0.0213183723 0.00822017528
  vertex 0.0737735182 0.0208446011 0.012906217
  endloop
 endfacet

 facet normal -0.0310781933 0.993566275 0.108903907
  outer loop
  vertex 0.0737735182 0.0208446011 0.012906217
  vertex 0.0724991709 0.0213183723 0.00822017528
  vertex 0.0712281764 0.0212786179 0.00822017528
  endloop
 endfacet

 facet normal -0.0438569412 0.992312133 0.11572884
  outer loop
  vertex 0.0737735182 0.0208446011 0.012906217
  vertex 0.0712281764 0.0212786179 0.00822017528
  vertex 0.0724991709 0.0207882784 0.012906217
  endloop
 endfacet

 facet normal -0.0423625335 0.958499432 0.281929463
  outer loop
  vertex 0.0737735182 0.0208446011 0.012906217
  vertex 0.0724991709 0.0207882784 0.012906217
  vertex 0.0724991709 0.0205397978 0.0137509992
  endloop
 endfacet

 facet normal -0.023892045 0.951341987 0.307209492
  outer loop
  vertex 0.0737735182 0.0208446011 0.012906217
  vertex 0.0724991709 0.0205397978 0.0137509992
  vertex 0.0737735182 0.0205663014 0.0137680313
  endloop
 endfacet

 facet normal -0.0184718277 0.269403666 0.962850213
  outer loop
  vertex 0.0737735182 0.0205663014 0.0137680313
  vertex 0.0724991709 0.0205397978 0.0137509992
  vertex 0.0724991709 0.0196916461 0.0139883105
  endloop
 endfacet

 facet normal -0.0124700619 0.261248797 0.965191007
  outer loop
  vertex 0.0737735182 0.0205663014 0.0137680313
  vertex 0.0724991709 0.0196916461 0.0139883105
  vertex 0.0737735182 0.0196916461 0.0140047744
  endloop
 endfacet

 facet normal -0.000113929083 0.261269152 0.965265989
  outer loop
  vertex 0.0737735182 0.0205663014 0.0137680313
  vertex 0.0737735182 0.0196916461 0.0140047744
  vertex 0.0806583241 0.0200428348 0.0139105311
  endloop
 endfacet

 facet normal 0 0.259186298 0.965827405
  outer loop
  vertex 0.0806583241 0.0200428348 0.0139105311
  vertex 0.0737735182 0.0196916461 0.0140047744
  vertex 0.0878013521 0.0196916461 0.0140047744
  endloop
 endfacet

 facet normal 0 0.0119851995 0.999928176
  outer loop
  vertex 0.0878013521 0.0196916461 0.0140047744
  vertex 0.0737735182 0.0196916461 0.0140047744
  vertex 0.0699538365 0.0184127931 0.014020103
  endloop
 endfacet

 facet normal 0 0.0119851995 0.999928176
  outer loop
  vertex 0.0878013521 0.0196916461 0.0140047744
  vertex 0.0699538365 0.0184127931 0.014020103
  vertex 0.0916210338 0.0184127931 0.014020103
  endloop
 endfacet

 facet normal 0.0102371396 0.0425508432 0.999041796
  outer loop
  vertex 0.0878013521 0.0196916461 0.0140047744
  vertex 0.0916210338 0.0184127931 0.014020103
  vertex 0.0890756994 0.0196916461 0.0139917163
  endloop
 endfacet

 facet normal 0.031858813 0.0855136365 0.995827556
  outer loop
  vertex 0.0890756994 0.0196916461 0.0139917163
  vertex 0.0916210338 0.0184127931 0.014020103
  vertex 0.0928987339 0.0184127931 0.0139792264
  endloop
 endfacet

 facet normal 0.0351055488 0.0952291787 0.994836211
  outer loop
  vertex 0.0890756994 0.0196916461 0.0139917163
  vertex 0.0928987339 0.0184127931 0.0139792264
  vertex 0.0903466865 0.0196916461 0.0139468657
  endloop
 endfacet

 facet normal 0.108397365 0.240721226 0.964522302
  outer loop
  vertex 0.0903466865 0.0196916461 0.0139468657
  vertex 0.0928987339 0.0184127931 0.0139792264
  vertex 0.0928987339 0.0193636511 0.0137419151
  endloop
 endfacet

 facet normal 0.109955214 0.255299896 0.960589349
  outer loop
  vertex 0.0903466865 0.0196916461 0.0139468657
  vertex 0.0928987339 0.0193636511 0.0137419151
  vertex 0.0916277394 0.0197380297 0.013787901
  endloop
 endfacet

 facet normal 0.107713215 0.287142187 0.951812685
  outer loop
  vertex 0.0903466865 0.0196916461 0.0139468657
  vertex 0.0916277394 0.0197380297 0.013787901
  vertex 0.0903466865 0.0204801615 0.0137089873
  endloop
 endfacet

 facet normal 0.108129576 0.287833661 0.951556563
  outer loop
  vertex 0.0903466865 0.0204801615 0.0137089873
  vertex 0.0916277394 0.0197380297 0.013787901
  vertex 0.0912051946 0.0204072744 0.0136334794
  endloop
 endfacet

 facet normal 0.102500409 0.967403829 0.231567651
  outer loop
  vertex 0.0903466865 0.0204801615 0.0137089873
  vertex 0.0912051946 0.0204072744 0.0136334794
  vertex 0.0903466865 0.0206723213 0.012906217
  endloop
 endfacet

 facet normal 0.180951804 0.973315716 0.141113371
  outer loop
  vertex 0.0903466865 0.0206723213 0.012906217
  vertex 0.0912051946 0.0204072744 0.0136334794
  vertex 0.091577433 0.0211229026 0.00822017528
  endloop
 endfacet

 facet normal 0.132274061 0.982752085 0.129235908
  outer loop
  vertex 0.0903466865 0.0206723213 0.012906217
  vertex 0.091577433 0.0211229026 0.00822017528
  vertex 0.0903466865 0.0212885551 0.00822017528
  endloop
 endfacet

 facet normal -0.23349604 0.964482546 0.123503171
  outer loop
  vertex 0.0712281764 0.0212786179 0.00822017528
  vertex 0.0698733479 0.020950621 0.00822017528
  vertex 0.0704166219 0.020390708 0.0136198532
  endloop
 endfacet

 facet normal -0.181418374 0.974376559 0.132957205
  outer loop
  vertex 0.0712281764 0.0212786179 0.00822017528
  vertex 0.0704166219 0.020390708 0.0136198532
  vertex 0.0712281764 0.0206391905 0.012906217
  endloop
 endfacet

 facet normal -0.115447469 0.984193265 0.134296745
  outer loop
  vertex 0.0712281764 0.0212786179 0.00822017528
  vertex 0.0712281764 0.0206391905 0.012906217
  vertex 0.0724991709 0.0207882784 0.012906217
  endloop
 endfacet

 facet normal -0.113939002 0.971333623 0.208635911
  outer loop
  vertex 0.0724991709 0.0207882784 0.012906217
  vertex 0.0712281764 0.0206391905 0.012906217
  vertex 0.0704166219 0.020390708 0.0136198532
  endloop
 endfacet

 facet normal -0.111176386 0.970047414 0.215981305
  outer loop
  vertex 0.0724991709 0.0207882784 0.012906217
  vertex 0.0704166219 0.020390708 0.0136198532
  vertex 0.0712281764 0.0204669088 0.013695362
  endloop
 endfacet

 facet normal -0.06721811 0.957190871 0.281544566
  outer loop
  vertex 0.0724991709 0.0207882784 0.012906217
  vertex 0.0712281764 0.0204669088 0.013695362
  vertex 0.0724991709 0.0205397978 0.0137509992
  endloop
 endfacet

 facet normal -0.0585707985 0.29283452 0.954367578
  outer loop
  vertex 0.0724991709 0.0205397978 0.0137509992
  vertex 0.0712281764 0.0204669088 0.013695362
  vertex 0.0712281764 0.0196916461 0.0139332404
  endloop
 endfacet

 facet normal -0.0416896194 0.269215405 0.962177336
  outer loop
  vertex 0.0724991709 0.0205397978 0.0137509992
  vertex 0.0712281764 0.0196916461 0.0139332404
  vertex 0.0724991709 0.0196916461 0.0139883105
  endloop
 endfacet

 facet normal -0.0430235974 0.110316418 0.992964923
  outer loop
  vertex 0.0724991709 0.0196916461 0.0139883105
  vertex 0.0712281764 0.0196916461 0.0139332404
  vertex 0.0699538365 0.0184127931 0.014020103
  endloop
 endfacet

 facet normal -0.0129022226 0.050506141 0.998640478
  outer loop
  vertex 0.0724991709 0.0196916461 0.0139883105
  vertex 0.0699538365 0.0184127931 0.014020103
  vertex 0.0737735182 0.0196916461 0.0140047744
  endloop
 endfacet

 facet normal 0.0102454256 0.0102626672 0.999894798
  outer loop
  vertex 0.0916210338 0.0184127931 0.014020103
  vertex 0.0954507664 0.0145894885 0.014020103
  vertex 0.0941730738 0.0171372555 0.014007045
  endloop
 endfacet

 facet normal 0.0319298618 0.0536667854 0.998048365
  outer loop
  vertex 0.0916210338 0.0184127931 0.014020103
  vertex 0.0941730738 0.0171372555 0.014007045
  vertex 0.0928987339 0.0184127931 0.0139792264
  endloop
 endfacet

 facet normal 0 0 1
  outer loop
  vertex 0.0916210338 0.0184127931 0.014020103
  vertex 0.0699538365 0.0184127931 0.014020103
  vertex 0.0661274493 0.01331395 0.014020103
  endloop
 endfacet

 facet normal 0 0 1
  outer loop
  vertex 0.0916210338 0.0184127931 0.014020103
  vertex 0.0661274493 0.01331395 0.014020103
  vertex 0.0661274493 -0.00580920279 0.014020103
  endloop
 endfacet

 facet normal 0 0 1
  outer loop
  vertex 0.0916210338 0.0184127931 0.014020103
  vertex 0.0661274493 -0.00580920279 0.014020103
  vertex 0.0724991709 -0.0109080467 0.014020103
  endloop
 endfacet

 facet normal 0 0 1
  outer loop
  vertex 0.0916210338 0.0184127931 0.014020103
  vertex 0.0724991709 -0.0109080467 0.014020103
  vertex 0.0890756994 -0.0109080467 0.014020103
  endloop
 endfacet

 facet normal 0 0 1
  outer loop
  vertex 0.0916210338 0.0184127931 0.014020103
  vertex 0.0890756994 -0.0109080467 0.014020103
  vertex 0.0941730738 -0.00835696701 0.014020103
  endloop
 endfacet

 facet normal 0 0 1
  outer loop
  vertex 0.0916210338 0.0184127931 0.014020103
  vertex 0.0941730738 -0.00835696701 0.014020103
  vertex 0.0954474211 -0.00580920279 0.014020103
  endloop
 endfacet

 facet normal 0 0 1
  outer loop
  vertex 0.0916210338 0.0184127931 0.014020103
  vertex 0.0954474211 -0.00580920279 0.014020103
  vertex 0.0954507664 0.0133172628 0.014020103
  endloop
 endfacet

 facet normal 0 0 1
  outer loop
  vertex 0.0916210338 0.0184127931 0.014020103
  vertex 0.0954507664 0.0133172628 0.014020103
  vertex 0.0954507664 0.0145894885 0.014020103
  endloop
 endfacet

 facet normal 0.150614947 0.171706364 0.973566711
  outer loop
  vertex 0.0928987339 0.0184127931 0.0139792264
  vertex 0.0941730738 0.0171372555 0.014007045
  vertex 0.0941428915 0.0184094813 0.0137873339
  endloop
 endfacet

 facet normal 0.148620233 0.239458829 0.959464192
  outer loop
  vertex 0.0928987339 0.0184127931 0.0139792264
  vertex 0.0941428915 0.0184094813 0.0137873339
  vertex 0.0928987339 0.0193636511 0.0137419151
  endloop
 endfacet

 facet normal 0.121250063 0.295228213 0.947701812
  outer loop
  vertex 0.0928987339 0.0193636511 0.0137419151
  vertex 0.0912051946 0.0204072744 0.0136334794
  vertex 0.0916277394 0.0197380297 0.013787901
  endloop
 endfacet

 facet normal 0.175954551 0.274429768 0.945372045
  outer loop
  vertex 0.0928987339 0.0193636511 0.0137419151
  vertex 0.0941428915 0.0184094813 0.0137873339
  vertex 0.0936935171 0.0191748049 0.013648808
  endloop
 endfacet

 facet normal 0.203859255 0.422570318 0.883105755
  outer loop
  vertex 0.0928987339 0.0193636511 0.0137419151
  vertex 0.0936935171 0.0191748049 0.013648808
  vertex 0.0912051946 0.0204072744 0.0136334794
  endloop
 endfacet

 facet normal 0.434068978 0.878837585 0.198061928
  outer loop
  vertex 0.0912051946 0.0204072744 0.0136334794
  vertex 0.0936935171 0.0191748049 0.013648808
  vertex 0.0928987339 0.019734716 0.012906217
  endloop
 endfacet

 facet normal 0.429577529 0.884405971 0.182453439
  outer loop
  vertex 0.0912051946 0.0204072744 0.0136334794
  vertex 0.0928987339 0.019734716 0.012906217
  vertex 0.0927813575 0.0207584612 0.00822017528
  endloop
 endfacet

 facet normal 0.425440401 0.886621237 0.18139258
  outer loop
  vertex 0.0912051946 0.0204072744 0.0136334794
  vertex 0.0927813575 0.0207584612 0.00822017528
  vertex 0.092663981 0.0208147839 0.00822017528
  endloop
 endfacet

 facet normal 0.269959688 0.951980412 0.144413486
  outer loop
  vertex 0.0912051946 0.0204072744 0.0136334794
  vertex 0.092663981 0.0208147839 0.00822017528
  vertex 0.091577433 0.0211229026 0.00822017528
  endloop
 endfacet

 facet normal -0.453757405 0.881552935 0.130263284
  outer loop
  vertex 0.0698733479 0.020950621 0.00822017528
  vertex 0.0686761439 0.0203343853 0.00822017528
  vertex 0.0686761439 0.0196419489 0.012906217
  endloop
 endfacet

 facet normal -0.448452055 0.883962512 0.13229166
  outer loop
  vertex 0.0698733479 0.020950621 0.00822017528
  vertex 0.0686761439 0.0196419489 0.012906217
  vertex 0.0696687847 0.0201455392 0.012906217
  endloop
 endfacet

 facet normal -0.422993362 0.895950079 0.135462552
  outer loop
  vertex 0.0698733479 0.020950621 0.00822017528
  vertex 0.0696687847 0.0201455392 0.012906217
  vertex 0.0704166219 0.020390708 0.0136198532
  endloop
 endfacet

 facet normal -0.444418728 0.880845785 0.163103774
  outer loop
  vertex 0.0704166219 0.020390708 0.0136198532
  vertex 0.0696687847 0.0201455392 0.012906217
  vertex 0.0679282993 0.0191350486 0.0136209885
  endloop
 endfacet

 facet normal -0.225278735 0.447214425 0.865591526
  outer loop
  vertex 0.0704166219 0.020390708 0.0136198532
  vertex 0.0679282993 0.0191350486 0.0136209885
  vertex 0.0686761439 0.0193172675 0.0137214772
  endloop
 endfacet

 facet normal -0.142009616 0.318967909 0.937066138
  outer loop
  vertex 0.0704166219 0.020390708 0.0136198532
  vertex 0.0686761439 0.0193172675 0.0137214772
  vertex 0.0699773133 0.019724777 0.0137799531
  endloop
 endfacet

 facet normal -0.116527155 0.304175705 0.945462167
  outer loop
  vertex 0.0704166219 0.020390708 0.0136198532
  vertex 0.0699773133 0.019724777 0.0137799531
  vertex 0.0712281764 0.0204669088 0.013695362
  endloop
 endfacet

 facet normal -0.108735487 0.291598797 0.95034039
  outer loop
  vertex 0.0712281764 0.0204669088 0.013695362
  vertex 0.0699773133 0.019724777 0.0137799531
  vertex 0.0712281764 0.0196916461 0.0139332404
  endloop
 endfacet

 facet normal -0.111715019 0.24176304 0.963882923
  outer loop
  vertex 0.0712281764 0.0196916461 0.0139332404
  vertex 0.0699773133 0.019724777 0.0137799531
  vertex 0.0686761439 0.0184127931 0.0139582204
  endloop
 endfacet

 facet normal -0.0480535179 0.115274675 0.992170751
  outer loop
  vertex 0.0712281764 0.0196916461 0.0139332404
  vertex 0.0686761439 0.0184127931 0.0139582204
  vertex 0.0699538365 0.0184127931 0.014020103
  endloop
 endfacet

 facet normal -0.0482514687 0.0717076883 0.996257901
  outer loop
  vertex 0.0699538365 0.0184127931 0.014020103
  vertex 0.0686761439 0.0184127931 0.0139582204
  vertex 0.0674017966 0.0171372555 0.0139883105
  endloop
 endfacet

 facet normal -0.024593411 0.0242953785 0.999402285
  outer loop
  vertex 0.0699538365 0.0184127931 0.014020103
  vertex 0.0674017966 0.0171372555 0.0139883105
  vertex 0.0661274493 0.0145861758 0.0140189677
  endloop
 endfacet

 facet normal -0.00118919997 0.000892424723 0.999998927
  outer loop
  vertex 0.0699538365 0.0184127931 0.014020103
  vertex 0.0661274493 0.0145861758 0.0140189677
  vertex 0.0661274493 0.01331395 0.014020103
  endloop
 endfacet

 facet normal 0.0749238878 0.0426802412 0.996275544
  outer loop
  vertex 0.0954507664 0.0145894885 0.014020103
  vertex 0.0954507664 0.0158617143 0.0139656011
  vertex 0.0941730738 0.0171372555 0.014007045
  endloop
 endfacet

 facet normal 0.112003967 0 0.993707776
  outer loop
  vertex 0.0954507664 0.0145894885 0.014020103
  vertex 0.0954507664 0.0133172628 0.014020103
  vertex 0.0967251137 0.00989484135 0.013876467
  endloop
 endfacet

 facet normal 0.112003967 0 0.993707776
  outer loop
  vertex 0.0954507664 0.0145894885 0.014020103
  vertex 0.0967251137 0.00989484135 0.013876467
  vertex 0.0967251137 0.0107628703 0.013876467
  endloop
 endfacet

 facet normal 0.149751991 0.0127610592 0.988641202
  outer loop
  vertex 0.0954507664 0.0145894885 0.014020103
  vertex 0.0967251137 0.0107628703 0.013876467
  vertex 0.0967251137 0.0120384097 0.0138600031
  endloop
 endfacet

 facet normal 0.206640884 0.0418767668 0.977520227
  outer loop
  vertex 0.0954507664 0.0145894885 0.014020103
  vertex 0.0967251137 0.0120384097 0.0138600031
  vertex 0.0954507664 0.0158617143 0.0139656011
  endloop
 endfacet

 facet normal 0.184828565 0.153602213 0.970692873
  outer loop
  vertex 0.0941730738 0.0171372555 0.014007045
  vertex 0.0954507664 0.0158617143 0.0139656011
  vertex 0.0954306498 0.0170842446 0.0137759792
  endloop
 endfacet

 facet normal 0.185024604 0.171501398 0.967653453
  outer loop
  vertex 0.0941730738 0.0171372555 0.014007045
  vertex 0.0954306498 0.0170842446 0.0137759792
  vertex 0.0941428915 0.0184094813 0.0137873339
  endloop
 endfacet

 facet normal 0.21695964 0.202642471 0.954915941
  outer loop
  vertex 0.0941428915 0.0184094813 0.0137873339
  vertex 0.0954306498 0.0170842446 0.0137759792
  vertex 0.0949980468 0.0179754663 0.0136851426
  endloop
 endfacet

 facet normal 0.272743285 0.324107498 0.905850649
  outer loop
  vertex 0.0941428915 0.0184094813 0.0137873339
  vertex 0.0949980468 0.0179754663 0.0136851426
  vertex 0.0936935171 0.0191748049 0.013648808
  endloop
 endfacet

 facet normal 0.655682087 0.720069408 0.227114558
  outer loop
  vertex 0.0936935171 0.0191748049 0.013648808
  vertex 0.0949980468 0.0179754663 0.0136851426
  vertex 0.0944346488 0.0187341627 0.012906217
  endloop
 endfacet

 facet normal 0.619217873 0.768305302 0.162099674
  outer loop
  vertex 0.0936935171 0.0191748049 0.013648808
  vertex 0.0944346488 0.0187341627 0.012906217
  vertex 0.0937974751 0.0192476921 0.012906217
  endloop
 endfacet

 facet normal 0.525595188 0.836370349 0.155673683
  outer loop
  vertex 0.0936935171 0.0191748049 0.013648808
  vertex 0.0937974751 0.0192476921 0.012906217
  vertex 0.0927813575 0.0207584612 0.00822017528
  endloop
 endfacet

 facet normal 0.448536217 0.875447154 0.180021331
  outer loop
  vertex 0.0936935171 0.0191748049 0.013648808
  vertex 0.0927813575 0.0207584612 0.00822017528
  vertex 0.0928987339 0.019734716 0.012906217
  endloop
 endfacet

 facet normal 0.623412013 0.773509264 0.1141968
  outer loop
  vertex 0.0927813575 0.0207584612 0.00822017528
  vertex 0.0937974751 0.0192476921 0.012906217
  vertex 0.0944346488 0.0187341627 0.012906217
  endloop
 endfacet

 facet normal 0.636079133 0.764340699 0.105766997
  outer loop
  vertex 0.0927813575 0.0207584612 0.00822017528
  vertex 0.0944346488 0.0187341627 0.012906217
  vertex 0.0942066088 0.0195723753 0.00822017528
  endloop
 endfacet

 facet normal -0.496751308 0.85927099 0.122030765
  outer loop
  vertex 0.0686761439 0.0203343853 0.00822017528
  vertex 0.0674554557 0.019628698 0.00822017528
  vertex 0.0679282993 0.0191350486 0.0136209885
  endloop
 endfacet

 facet normal -0.468862385 0.87378335 0.129115194
  outer loop
  vertex 0.0686761439 0.0203343853 0.00822017528
  vertex 0.0679282993 0.0191350486 0.0136209885
  vertex 0.0686761439 0.0196419489 0.012906217
  endloop
 endfacet

 facet normal -0.446809769 0.880725384 0.157111272
  outer loop
  vertex 0.0686761439 0.0196419489 0.012906217
  vertex 0.0679282993 0.0191350486 0.0136209885
  vertex 0.0696687847 0.0201455392 0.012906217
  endloop
 endfacet

 facet normal -0.633939087 0.76317209 0.125257924
  outer loop
  vertex 0.0679282993 0.0191350486 0.0136209885
  vertex 0.0674554557 0.019628698 0.00822017528
  vertex 0.0672207028 0.0186645892 0.012906217
  endloop
 endfacet

 facet normal -0.665418148 0.723871231 0.182288572
  outer loop
  vertex 0.0679282993 0.0191350486 0.0136209885
  vertex 0.0672207028 0.0186645892 0.012906217
  vertex 0.0666271299 0.0179290827 0.0136601627
  endloop
 endfacet

 facet normal -0.283370107 0.334930956 0.898622632
  outer loop
  vertex 0.0679282993 0.0191350486 0.0136209885
  vertex 0.0666271299 0.0179290827 0.0136601627
  vertex 0.0674621612 0.0183796622 0.0137555413
  endloop
 endfacet

 facet normal -0.196121693 0.287986696 0.937336624
  outer loop
  vertex 0.0679282993 0.0191350486 0.0136209885
  vertex 0.0674621612 0.0183796622 0.0137555413
  vertex 0.0686761439 0.0193172675 0.0137214772
  endloop
 endfacet

 facet normal -0.166084707 0.249700144 0.953973711
  outer loop
  vertex 0.0686761439 0.0193172675 0.0137214772
  vertex 0.0674621612 0.0183796622 0.0137555413
  vertex 0.0686761439 0.0184127931 0.0139582204
  endloop
 endfacet

 facet normal -0.121865764 0.251329571 0.960198998
  outer loop
  vertex 0.0686761439 0.0193172675 0.0137214772
  vertex 0.0686761439 0.0184127931 0.0139582204
  vertex 0.0699773133 0.019724777 0.0137799531
  endloop
 endfacet

 facet normal -0.166721135 0.189391345 0.967643976
  outer loop
  vertex 0.0686761439 0.0184127931 0.0139582204
  vertex 0.0674621612 0.0183796622 0.0137555413
  vertex 0.0674017966 0.0171372555 0.0139883105
  endloop
 endfacet

 facet normal -0.211560056 0.189901397 0.958738685
  outer loop
  vertex 0.0674017966 0.0171372555 0.0139883105
  vertex 0.0674621612 0.0183796622 0.0137555413
  vertex 0.0661710501 0.0170444883 0.0137351025
  endloop
 endfacet

 facet normal -0.210840225 0.169506937 0.962711692
  outer loop
  vertex 0.0674017966 0.0171372555 0.0139883105
  vertex 0.0661710501 0.0170444883 0.0137351025
  vertex 0.0661274493 0.0158617143 0.0139338076
  endloop
 endfacet

 facet normal -0.108703882 0.0662206262 0.991866171
  outer loop
  vertex 0.0674017966 0.0171372555 0.0139883105
  vertex 0.0661274493 0.0158617143 0.0139338076
  vertex 0.0661274493 0.0145861758 0.0140189677
  endloop
 endfacet

 facet normal -0.229617104 0.0648354813 0.971119106
  outer loop
  vertex 0.0661274493 0.0145861758 0.0140189677
  vertex 0.0661274493 0.0158617143 0.0139338076
  vertex 0.0651213899 0.0145861758 0.0137810884
  endloop
 endfacet

 facet normal -0.230017751 0.0269398224 0.972813547
  outer loop
  vertex 0.0661274493 0.0145861758 0.0140189677
  vertex 0.0651213899 0.0145861758 0.0137810884
  vertex 0.0649771914 0.01331395 0.0137822237
  endloop
 endfacet

 facet normal -0.21525231 0.012908888 0.976473093
  outer loop
  vertex 0.0661274493 0.0145861758 0.0140189677
  vertex 0.0649771914 0.01331395 0.0137822237
  vertex 0.0648497567 0.0107595576 0.013787901
  endloop
 endfacet

 facet normal -0.180504054 0.000877766637 0.983573854
  outer loop
  vertex 0.0661274493 0.0145861758 0.0140189677
  vertex 0.0648497567 0.0107595576 0.013787901
  vertex 0.0661274493 0.01331395 0.014020103
  endloop
 endfacet

 facet normal -0.178805634 0 0.983884454
  outer loop
  vertex 0.0661274493 0.01331395 0.014020103
  vertex 0.0648497567 0.0107595576 0.013787901
  vertex 0.0648497567 -0.00197927025 0.013787901
  endloop
 endfacet

 facet normal -0.178805634 0 0.983884454
  outer loop
  vertex 0.0661274493 0.01331395 0.014020103
  vertex 0.0648497567 -0.00197927025 0.013787901
  vertex 0.0661274493 -0.00580920279 0.014020103
  endloop
 endfacet

 facet normal 0.216051996 0.04507377 0.975340962
  outer loop
  vertex 0.0954507664 0.0158617143 0.0139656011
  vertex 0.0967251137 0.0120384097 0.0138600031
  vertex 0.0965440199 0.0145894885 0.0137822237
  endloop
 endfacet

 facet normal 0.262209207 0.0867902711 0.961100399
  outer loop
  vertex 0.0954507664 0.0158617143 0.0139656011
  vertex 0.0965440199 0.0145894885 0.0137822237
  vertex 0.0963226929 0.0158617143 0.0137277218
  endloop
 endfacet

 facet normal 0.260136932 0.152175575 0.953504741
  outer loop
  vertex 0.0954507664 0.0158617143 0.0139656011
  vertex 0.0963226929 0.0158617143 0.0137277218
  vertex 0.0954306498 0.0170842446 0.0137759792
  endloop
 endfacet

 facet normal 0.111951947 -1.96197725e-05 0.993713737
  outer loop
  vertex 0.0954507664 0.0133172628 0.014020103
  vertex 0.0954474211 -0.00580920279 0.014020103
  vertex 0.0967251137 0.00989484135 0.013876467
  endloop
 endfacet

 facet normal 0.315962374 0 0.948771715
  outer loop
  vertex 0.0967251137 0.0107628703 0.013876467
  vertex 0.0967251137 0.00989484135 0.013876467
  vertex 0.0974394158 0.00989484135 0.0136385886
  endloop
 endfacet

 facet normal 0.315962374 0 0.948771715
  outer loop
  vertex 0.0967251137 0.0107628703 0.013876467
  vertex 0.0974394158 0.00989484135 0.0136385886
  vertex 0.0974394158 0.0107628703 0.0136385886
  endloop
 endfacet

 facet normal 0.315938681 0.0122455191 0.948700607
  outer loop
  vertex 0.0967251137 0.0107628703 0.013876467
  vertex 0.0974394158 0.0107628703 0.0136385886
  vertex 0.0967251137 0.0120384097 0.0138600031
  endloop
 endfacet

 facet normal 0.31929937 0.0143280318 0.947545528
  outer loop
  vertex 0.0967251137 0.0120384097 0.0138600031
  vertex 0.0974394158 0.0107628703 0.0136385886
  vertex 0.09742935 0.0120384097 0.0136226919
  endloop
 endfacet

 facet normal 0.31896168 0.0481605344 0.946543217
  outer loop
  vertex 0.0967251137 0.0120384097 0.0138600031
  vertex 0.09742935 0.0120384097 0.0136226919
  vertex 0.0968257189 0.0133470809 0.0137595152
  endloop
 endfacet

 facet normal 0.29842633 0.0502434298 0.953109264
  outer loop
  vertex 0.0967251137 0.0120384097 0.0138600031
  vertex 0.0968257189 0.0133470809 0.0137595152
  vertex 0.0965440199 0.0145894885 0.0137822237
  endloop
 endfacet

 facet normal 0.298010767 0.180448472 0.937351584
  outer loop
  vertex 0.0954306498 0.0170842446 0.0137759792
  vertex 0.0963226929 0.0158617143 0.0137277218
  vertex 0.0961684287 0.0166237261 0.0136300726
  endloop
 endfacet

 facet normal 0.339342296 0.256949097 0.904888868
  outer loop
  vertex 0.0954306498 0.0170842446 0.0137759792
  vertex 0.0961684287 0.0166237261 0.0136300726
  vertex 0.0949980468 0.0179754663 0.0136851426
  endloop
 endfacet

 facet normal 0.666962504 0.713987768 0.213031814
  outer loop
  vertex 0.0949980468 0.0179754663 0.0136851426
  vertex 0.095112063 0.0181013644 0.012906217
  vertex 0.0944346488 0.0187341627 0.012906217
  endloop
 endfacet

 facet normal 0.743160903 0.634842277 0.211393505
  outer loop
  vertex 0.0949980468 0.0179754663 0.0136851426
  vertex 0.0961684287 0.0166237261 0.0136300726
  vertex 0.095112063 0.0181013644 0.012906217
  endloop
 endfacet

 facet normal 0.679410756 0.727313757 0.097035192
  outer loop
  vertex 0.0944346488 0.0187341627 0.012906217
  vertex 0.095112063 0.0181013644 0.012906217
  vertex 0.0942066088 0.0195723753 0.00822017528
  endloop
 endfacet

 facet normal 0.710146606 0.699229419 0.0822802335
  outer loop
  vertex 0.0942066088 0.0195723753 0.00822017528
  vertex 0.095112063 0.0181013644 0.012906217
  vertex 0.0954038203 0.0183564723 0.00822017528
  endloop
 endfacet

 facet normal -0.695010602 0.710919559 0.107487842
  outer loop
  vertex 0.0674554557 0.019628698 0.00822017528
  vertex 0.0661710501 0.0183730368 0.00822017528
  vertex 0.0665399432 0.0180251617 0.012906217
  endloop
 endfacet

 facet normal -0.68009609 0.724063158 0.11489936
  outer loop
  vertex 0.0674554557 0.019628698 0.00822017528
  vertex 0.0665399432 0.0180251617 0.012906217
  vertex 0.0672207028 0.0186645892 0.012906217
  endloop
 endfacet

 facet normal -0.674715877 0.718335092 0.169567794
  outer loop
  vertex 0.0672207028 0.0186645892 0.012906217
  vertex 0.0665399432 0.0180251617 0.012906217
  vertex 0.0666271299 0.0179290827 0.0136601627
  endloop
 endfacet

 facet normal -0.751585841 0.637830853 0.168198153
  outer loop
  vertex 0.0666271299 0.0179290827 0.0136601627
  vertex 0.0665399432 0.0180251617 0.012906217
  vertex 0.065450035 0.0165607762 0.0135891959
  endloop
 endfacet

 facet normal -0.355772823 0.259489477 0.897825658
  outer loop
  vertex 0.0666271299 0.0179290827 0.0136601627
  vertex 0.065450035 0.0165607762 0.0135891959
  vertex 0.0661710501 0.0170444883 0.0137351025
  endloop
 endfacet

 facet normal -0.212362528 0.190682456 0.95840615
  outer loop
  vertex 0.0666271299 0.0179290827 0.0136601627
  vertex 0.0661710501 0.0170444883 0.0137351025
  vertex 0.0674621612 0.0183796622 0.0137555413
  endloop
 endfacet

 facet normal -0.323813677 0.203996584 0.923866928
  outer loop
  vertex 0.0661710501 0.0170444883 0.0137351025
  vertex 0.065450035 0.0165607762 0.0135891959
  vertex 0.065312542 0.0158617143 0.013695362
  endloop
 endfacet

 facet normal -0.276783854 0.169118851 0.945933104
  outer loop
  vertex 0.0661710501 0.0170444883 0.0137351025
  vertex 0.065312542 0.0158617143 0.013695362
  vertex 0.0661274493 0.0158617143 0.0139338076
  endloop
 endfacet

 facet normal -0.279247224 0.105987966 0.954351902
  outer loop
  vertex 0.0661274493 0.0158617143 0.0139338076
  vertex 0.065312542 0.0158617143 0.013695362
  vertex 0.0651213899 0.0145861758 0.0137810884
  endloop
 endfacet

 facet normal -0.697964847 0.151634648 0.699894249
  outer loop
  vertex 0.0651213899 0.0145861758 0.0137810884
  vertex 0.065312542 0.0158617143 0.013695362
  vertex 0.0642092302 0.0114619322 0.0135483192
  endloop
 endfacet

 facet normal -0.388496608 0.044855997 0.920357704
  outer loop
  vertex 0.0651213899 0.0145861758 0.0137810884
  vertex 0.0642092302 0.0114619322 0.0135483192
  vertex 0.0649771914 0.01331395 0.0137822237
  endloop
 endfacet

 facet normal -0.351332843 0.0274893418 0.935846984
  outer loop
  vertex 0.0649771914 0.01331395 0.0137822237
  vertex 0.0642092302 0.0114619322 0.0135483192
  vertex 0.0647491515 0.0119456435 0.0137368059
  endloop
 endfacet

 facet normal -0.290195704 0.0166040268 0.956823289
  outer loop
  vertex 0.0649771914 0.01331395 0.0137822237
  vertex 0.0647491515 0.0119456435 0.0137368059
  vertex 0.0648497567 0.0107595576 0.013787901
  endloop
 endfacet

 facet normal -0.338957965 0.0117745548 0.94072789
  outer loop
  vertex 0.0648497567 0.0107595576 0.013787901
  vertex 0.0647491515 0.0119456435 0.0137368059
  vertex 0.0642092302 0.0114619322 0.0135483192
  endloop
 endfacet

 facet normal -0.34887594 0.0015155368 0.937167764
  outer loop
  vertex 0.0648497567 0.0107595576 0.013787901
  vertex 0.0642092302 0.0114619322 0.0135483192
  vertex 0.0642092302 0.0107595576 0.0135494554
  endloop
 endfacet

 facet normal -0.348876327 0 0.937168777
  outer loop
  vertex 0.0648497567 0.0107595576 0.013787901
  vertex 0.0642092302 0.0107595576 0.0135494554
  vertex 0.0642092302 -0.00256568776 0.0135494554
  endloop
 endfacet

 facet normal -0.348876327 0 0.937168777
  outer loop
  vertex 0.0648497567 0.0107595576 0.013787901
  vertex 0.0642092302 -0.00256568776 0.0135494554
  vertex 0.0648497567 -0.00197927025 0.013787901
  endloop
 endfacet

 facet normal -0.182603359 -0.00130931044 0.983185768
  outer loop
  vertex 0.0661274493 -0.00580920279 0.014020103
  vertex 0.0648497567 -0.00197927025 0.013787901
  vertex 0.0648497567 -0.00325812306 0.0137861986
  endloop
 endfacet

 facet normal -0.220302761 -0.0209224541 0.97520709
  outer loop
  vertex 0.0661274493 -0.00580920279 0.014020103
  vertex 0.0648497567 -0.00325812306 0.0137861986
  vertex 0.0650744438 -0.00580920279 0.0137822237
  endloop
 endfacet

 facet normal -0.220218226 -0.0347111598 0.974832892
  outer loop
  vertex 0.0661274493 -0.00580920279 0.014020103
  vertex 0.0650744438 -0.00580920279 0.0137822237
  vertex 0.0661274493 -0.00708474172 0.0139746843
  endloop
 endfacet

 facet normal -0.0687546507 -0.0355005302 0.997001767
  outer loop
  vertex 0.0661274493 -0.00580920279 0.014020103
  vertex 0.0661274493 -0.00708474172 0.0139746843
  vertex 0.0674017966 -0.00835696701 0.0140172644
  endloop
 endfacet

 facet normal -0.00148651132 -0.00185760378 0.999997139
  outer loop
  vertex 0.0661274493 -0.00580920279 0.014020103
  vertex 0.0674017966 -0.00835696701 0.0140172644
  vertex 0.0724991709 -0.0109080467 0.014020103
  endloop
 endfacet

 facet normal 0.328195781 0.0571802855 0.942877591
  outer loop
  vertex 0.0965440199 0.0145894885 0.0137822237
  vertex 0.0968257189 0.0133470809 0.0137595152
  vertex 0.097395815 0.0129395705 0.0135857901
  endloop
 endfacet

 facet normal 0.424853265 0.112393543 0.898257971
  outer loop
  vertex 0.0965440199 0.0145894885 0.0137822237
  vertex 0.097395815 0.0129395705 0.0135857901
  vertex 0.0963226929 0.0158617143 0.0137277218
  endloop
 endfacet

 facet normal 0.711873531 0.229183838 0.663860559
  outer loop
  vertex 0.0963226929 0.0158617143 0.0137277218
  vertex 0.097395815 0.0129395705 0.0135857901
  vertex 0.0961684287 0.0166237261 0.0136300726
  endloop
 endfacet

 facet normal 0.0320971161 -0.0160544217 0.999355793
  outer loop
  vertex 0.0954474211 -0.00580920279 0.014020103
  vertex 0.0941730738 -0.00835696701 0.014020103
  vertex 0.0954474211 -0.00708142994 0.0139996652
  endloop
 endfacet

 facet normal 0.144752413 -0.0158935245 0.989340246
  outer loop
  vertex 0.0954474211 -0.00580920279 0.014020103
  vertex 0.0954474211 -0.00708142994 0.0139996652
  vertex 0.0967251137 -0.00325481105 0.0138741964
  endloop
 endfacet

 facet normal 0.115202412 -0.000884179899 0.993341744
  outer loop
  vertex 0.0954474211 -0.00580920279 0.014020103
  vertex 0.0967251137 -0.00325481105 0.0138741964
  vertex 0.0967251137 -0.00197927025 0.0138753317
  endloop
 endfacet

 facet normal 0.112867355 -9.50457979e-05 0.993610084
  outer loop
  vertex 0.0954474211 -0.00580920279 0.014020103
  vertex 0.0967251137 -0.00197927025 0.0138753317
  vertex 0.0967251137 0.00989484135 0.013876467
  endloop
 endfacet

 facet normal 0.315961778 -9.07567082e-05 0.948771894
  outer loop
  vertex 0.0967251137 0.00989484135 0.013876467
  vertex 0.0967251137 -0.00197927025 0.0138753317
  vertex 0.0974394158 -0.00197927025 0.0136374533
  endloop
 endfacet

 facet normal 0.315962374 -9.07187277e-05 0.948771715
  outer loop
  vertex 0.0967251137 0.00989484135 0.013876467
  vertex 0.0974394158 -0.00197927025 0.0136374533
  vertex 0.0974394158 0.00989484135 0.0136385886
  endloop
 endfacet

 facet normal 0.989974499 0 0.141245976
  outer loop
  vertex 0.0974394158 0.0107628703 0.0136385886
  vertex 0.0974394158 0.00989484135 0.0136385886
  vertex 0.0974729508 0.00989484135 0.0134035489
  endloop
 endfacet

 facet normal 0.990074277 0.00019350354 0.140545592
  outer loop
  vertex 0.0974394158 0.0107628703 0.0136385886
  vertex 0.0974729508 0.00989484135 0.0134035489
  vertex 0.0975433812 0.0107628703 0.012906217
  endloop
 endfacet

 facet normal 0.990028977 0.00956237502 0.140539169
  outer loop
  vertex 0.0974394158 0.0107628703 0.0136385886
  vertex 0.0975433812 0.0107628703 0.012906217
  vertex 0.09742935 0.0120384097 0.0136226919
  endloop
 endfacet

 facet normal 0.324135542 0.0507450923 0.944648683
  outer loop
  vertex 0.09742935 0.0120384097 0.0136226919
  vertex 0.097395815 0.0129395705 0.0135857901
  vertex 0.0968257189 0.0133470809 0.0137595152
  endloop
 endfacet

 facet normal 0.992949307 0.0235017836 0.116187625
  outer loop
  vertex 0.09742935 0.0120384097 0.0136226919
  vertex 0.0975433812 0.0107628703 0.012906217
  vertex 0.0975131914 0.0120384097 0.012906217
  endloop
 endfacet

 facet normal 0.992360294 0.0416834913 0.116118714
  outer loop
  vertex 0.09742935 0.0120384097 0.0136226919
  vertex 0.0975131914 0.0120384097 0.012906217
  vertex 0.097395815 0.0129395705 0.0135857901
  endloop
 endfacet

 facet normal 0.908578634 0.299192607 0.291493684
  outer loop
  vertex 0.0961684287 0.0166237261 0.0136300726
  vertex 0.097395815 0.0129395705 0.0135857901
  vertex 0.0970705301 0.0145894885 0.012906217
  endloop
 endfacet

 facet normal 0.91842407 0.32924661 0.219303489
  outer loop
  vertex 0.0961684287 0.0166237261 0.0136300726
  vertex 0.0970705301 0.0145894885 0.012906217
  vertex 0.0966144428 0.0158617143 0.012906217
  endloop
 endfacet

 facet normal 0.902350068 0.413870513 0.120314524
  outer loop
  vertex 0.0961684287 0.0166237261 0.0136300726
  vertex 0.0966144428 0.0158617143 0.012906217
  vertex 0.0962254331 0.016709866 0.012906217
  endloop
 endfacet

 facet normal 0.79189992 0.595928371 0.133281589
  outer loop
  vertex 0.0961684287 0.0166237261 0.0136300726
  vertex 0.0962254331 0.016709866 0.012906217
  vertex 0.0957492366 0.0173426662 0.012906217
  endloop
 endfacet

 facet normal 0.75157702 0.631189644 0.191654965
  outer loop
  vertex 0.0961684287 0.0166237261 0.0136300726
  vertex 0.0957492366 0.0173426662 0.012906217
  vertex 0.095112063 0.0181013644 0.012906217
  endloop
 endfacet

 facet normal 0.763140798 0.640901089 0.0828381106
  outer loop
  vertex 0.095112063 0.0181013644 0.012906217
  vertex 0.0957492366 0.0173426662 0.012906217
  vertex 0.0956318602 0.0180881117 0.00822017528
  endloop
 endfacet

 facet normal 0.75944227 0.645333409 0.0824153125
  outer loop
  vertex 0.095112063 0.0181013644 0.012906217
  vertex 0.0956318602 0.0180881117 0.00822017528
  vertex 0.0954038203 0.0183564723 0.00822017528
  endloop
 endfacet

 facet normal -0.717874527 0.687811315 0.107572243
  outer loop
  vertex 0.0661710501 0.0183730368 0.00822017528
  vertex 0.0649235323 0.0170709938 0.00822017528
  vertex 0.0665399432 0.0180251617 0.012906217
  endloop
 endfacet

 facet normal -0.763706446 0.631314993 0.134885266
  outer loop
  vertex 0.0665399432 0.0180251617 0.012906217
  vertex 0.0649235323 0.0170709938 0.00822017528
  vertex 0.065450035 0.0165607762 0.0135891959
  endloop
 endfacet

 facet normal -0.915093124 0.383007586 0.126134202
  outer loop
  vertex 0.065450035 0.0165607762 0.0135891959
  vertex 0.0649235323 0.0170709938 0.00822017528
  vertex 0.063793391 0.0143708251 0.00822017528
  endloop
 endfacet

 facet normal -0.933820665 0.321437001 0.157026529
  outer loop
  vertex 0.065450035 0.0165607762 0.0135891959
  vertex 0.063793391 0.0143708251 0.00822017528
  vertex 0.0650945604 0.0158617143 0.012906217
  endloop
 endfacet

 facet normal -0.935500145 0.30990088 0.169708431
  outer loop
  vertex 0.065450035 0.0165607762 0.0135891959
  vertex 0.0650945604 0.0158617143 0.012906217
  vertex 0.0646720156 0.0145861758 0.012906217
  endloop
 endfacet

 facet normal -0.904188514 0.232279956 0.358453989
  outer loop
  vertex 0.065450035 0.0165607762 0.0135891959
  vertex 0.0646720156 0.0145861758 0.012906217
  vertex 0.065312542 0.0158617143 0.013695362
  endloop
 endfacet

 facet normal -0.897881925 0.212268025 0.385681629
  outer loop
  vertex 0.065312542 0.0158617143 0.013695362
  vertex 0.0646720156 0.0145861758 0.012906217
  vertex 0.0642092302 0.0114619322 0.0135483192
  endloop
 endfacet

 facet normal -0.917977452 0.205678672 0.33913666
  outer loop
  vertex 0.0642092302 0.0114619322 0.0135483192
  vertex 0.0646720156 0.0145861758 0.012906217
  vertex 0.0643869713 0.01331395 0.012906217
  endloop
 endfacet

 facet normal -0.968522668 0.159274027 0.191300333
  outer loop
  vertex 0.0642092302 0.0114619322 0.0135483192
  vertex 0.0643869713 0.01331395 0.012906217
  vertex 0.0634613931 0.01331395 0.00822017528
  endloop
 endfacet

 facet normal -0.979056239 0.10553696 0.17410025
  outer loop
  vertex 0.0642092302 0.0114619322 0.0135483192
  vertex 0.0634613931 0.01331395 0.00822017528
  vertex 0.0633238927 0.0120384097 0.00822017528
  endloop
 endfacet

 facet normal -0.986151278 0.0133802919 0.165308282
  outer loop
  vertex 0.0642092302 0.0114619322 0.0135483192
  vertex 0.0633238927 0.0120384097 0.00822017528
  vertex 0.0633071288 0.0108026275 0.00822017528
  endloop
 endfacet

 facet normal -0.985973716 0.000269902404 0.166900501
  outer loop
  vertex 0.0642092302 0.0114619322 0.0135483192
  vertex 0.0633071288 0.0108026275 0.00822017528
  vertex 0.0642092302 0.0107595576 0.0135494554
  endloop
 endfacet

 facet normal -0.985974193 0 0.166898414
  outer loop
  vertex 0.0642092302 0.0107595576 0.0135494554
  vertex 0.0633071288 0.0108026275 0.00822017528
  vertex 0.0633071288 -0.00256568776 0.00822017528
  endloop
 endfacet

 facet normal -0.985974193 0 0.166898414
  outer loop
  vertex 0.0642092302 0.0107595576 0.0135494554
  vertex 0.0633071288 -0.00256568776 0.00822017528
  vertex 0.0642092302 -0.00256568776 0.0135494554
  endloop
 endfacet

 facet normal -0.3478719 -0.00124852546 0.937541246
  outer loop
  vertex 0.0648497567 -0.00197927025 0.013787901
  vertex 0.0642092302 -0.00256568776 0.0135494554
  vertex 0.0648497567 -0.00325812306 0.0137861986
  endloop
 endfacet

 facet normal -0.348146737 -0.00153773592 0.937438846
  outer loop
  vertex 0.0648497567 -0.00325812306 0.0137861986
  vertex 0.0642092302 -0.00256568776 0.0135494554
  vertex 0.0642092302 -0.00325812306 0.0135483192
  endloop
 endfacet

 facet normal -0.348141015 -0.00592584256 0.937423408
  outer loop
  vertex 0.0648497567 -0.00325812306 0.0137861986
  vertex 0.0642092302 -0.00325812306 0.0135483192
  vertex 0.064212583 -0.00390417641 0.0135454806
  endloop
 endfacet

 facet normal -0.332453966 -0.0234112553 0.942828894
  outer loop
  vertex 0.0648497567 -0.00325812306 0.0137861986
  vertex 0.064212583 -0.00390417641 0.0135454806
  vertex 0.0647860393 -0.00441107852 0.0137351025
  endloop
 endfacet

 facet normal -0.285761625 -0.0266608372 0.957929909
  outer loop
  vertex 0.0648497567 -0.00325812306 0.0137861986
  vertex 0.0647860393 -0.00441107852 0.0137351025
  vertex 0.0650744438 -0.00580920279 0.0137822237
  endloop
 endfacet

 facet normal -0.345059335 -0.039572902 0.937746286
  outer loop
  vertex 0.0650744438 -0.00580920279 0.0137822237
  vertex 0.0647860393 -0.00441107852 0.0137351025
  vertex 0.064212583 -0.00390417641 0.0135454806
  endloop
 endfacet

 facet normal -0.444063067 -0.0901165828 0.891452253
  outer loop
  vertex 0.0650744438 -0.00580920279 0.0137822237
  vertex 0.064212583 -0.00390417641 0.0135454806
  vertex 0.0652421191 -0.00708474172 0.0137368059
  endloop
 endfacet

 facet normal -0.258877963 -0.0683379322 0.963489532
  outer loop
  vertex 0.0650744438 -0.00580920279 0.0137822237
  vertex 0.0652421191 -0.00708474172 0.0137368059
  vertex 0.0661274493 -0.00708474172 0.0139746843
  endloop
 endfacet

 facet normal -0.171198457 -0.13883774 0.975405157
  outer loop
  vertex 0.0661274493 -0.00708474172 0.0139746843
  vertex 0.0673649088 -0.00967557728 0.0138231004
  vertex 0.0674017966 -0.00835696701 0.0140172644
  endloop
 endfacet

 facet normal -0.257007003 -0.137858361 0.956526279
  outer loop
  vertex 0.0661274493 -0.00708474172 0.0139746843
  vertex 0.0652421191 -0.00708474172 0.0137368059
  vertex 0.066117391 -0.0083304625 0.0137924431
  endloop
 endfacet

 facet normal -0.176079199 -0.141099066 0.974211097
  outer loop
  vertex 0.0661274493 -0.00708474172 0.0139746843
  vertex 0.066117391 -0.0083304625 0.0137924431
  vertex 0.0673649088 -0.00967557728 0.0138231004
  endloop
 endfacet

 facet normal -0.13759771 -0.140523463 0.980469346
  outer loop
  vertex 0.0674017966 -0.00835696701 0.0140172644
  vertex 0.0673649088 -0.00967557728 0.0138231004
  vertex 0.0686761439 -0.00963250734 0.0140132904
  endloop
 endfacet

 facet normal -0.00534612127 -0.00845669396 0.999949932
  outer loop
  vertex 0.0674017966 -0.00835696701 0.0140172644
  vertex 0.0686761439 -0.00963250734 0.0140132904
  vertex 0.071224831 -0.0109080467 0.0140161291
  endloop
 endfacet

 facet normal -0.00311824353 -0.00511802454 0.999982059
  outer loop
  vertex 0.0674017966 -0.00835696701 0.0140172644
  vertex 0.071224831 -0.0109080467 0.0140161291
  vertex 0.0724991709 -0.0109080467 0.014020103
  endloop
 endfacet

 facet normal -0.00303263357 -0.232766315 0.972527981
  outer loop
  vertex 0.0724991709 -0.0109080467 0.014020103
  vertex 0.071224831 -0.0109080467 0.0140161291
  vertex 0.0737735182 -0.0119185383 0.0137822237
  endloop
 endfacet

 facet normal 0 -0.229145274 0.973392189
  outer loop
  vertex 0.0724991709 -0.0109080467 0.014020103
  vertex 0.0737735182 -0.0119185383 0.0137822237
  vertex 0.0878013521 -0.0119185383 0.0137822237
  endloop
 endfacet

 facet normal 0 -0.229145274 0.973392189
  outer loop
  vertex 0.0724991709 -0.0109080467 0.014020103
  vertex 0.0878013521 -0.0119185383 0.0137822237
  vertex 0.0890756994 -0.0109080467 0.014020103
  endloop
 endfacet

 facet normal 0.994634569 0.081381768 0.0638688579
  outer loop
  vertex 0.097395815 0.0129395705 0.0135857901
  vertex 0.0975131914 0.0120384097 0.012906217
  vertex 0.0974226519 0.013144982 0.012906217
  endloop
 endfacet

 facet normal 0.983284891 0.159865186 0.0871435553
  outer loop
  vertex 0.097395815 0.0129395705 0.0135857901
  vertex 0.0974226519 0.013144982 0.012906217
  vertex 0.0973186865 0.0137844076 0.012906217
  endloop
 endfacet

 facet normal 0.925387263 0.285245627 0.249586329
  outer loop
  vertex 0.097395815 0.0129395705 0.0135857901
  vertex 0.0973186865 0.0137844076 0.012906217
  vertex 0.0970705301 0.0145894885 0.012906217
  endloop
 endfacet

 facet normal 0.14818044 -0.132338569 0.980065942
  outer loop
  vertex 0.0941730738 -0.00835696701 0.014020103
  vertex 0.0942401439 -0.00969876908 0.0138287777
  vertex 0.0954474211 -0.00708142994 0.0139996652
  endloop
 endfacet

 facet normal 0.00044664726 -0.000892456155 0.999999523
  outer loop
  vertex 0.0941730738 -0.00835696701 0.014020103
  vertex 0.0890756994 -0.0109080467 0.014020103
  vertex 0.0903466865 -0.0109080467 0.0140195349
  endloop
 endfacet

 facet normal 0.00133993058 -0.00223229779 0.999996603
  outer loop
  vertex 0.0941730738 -0.00835696701 0.014020103
  vertex 0.0903466865 -0.0109080467 0.0140195349
  vertex 0.0928953737 -0.00963250734 0.0140189677
  endloop
 endfacet

 facet normal 0.132334724 -0.133432522 0.982183039
  outer loop
  vertex 0.0941730738 -0.00835696701 0.014020103
  vertex 0.0928953737 -0.00963250734 0.0140189677
  vertex 0.0942401439 -0.00969876908 0.0138287777
  endloop
 endfacet

 facet normal 0.158213973 -0.136823863 0.977879167
  outer loop
  vertex 0.0954474211 -0.00708142994 0.0139996652
  vertex 0.0942401439 -0.00969876908 0.0138287777
  vertex 0.0954809561 -0.00837353244 0.0138134491
  endloop
 endfacet

 facet normal 0.23831819 -0.132472262 0.962109983
  outer loop
  vertex 0.0954474211 -0.00708142994 0.0139996652
  vertex 0.0954809561 -0.00837353244 0.0138134491
  vertex 0.0964031741 -0.00708142994 0.0137629211
  endloop
 endfacet

 facet normal 0.240095288 -0.0533124022 0.969284296
  outer loop
  vertex 0.0954474211 -0.00708142994 0.0139996652
  vertex 0.0964031741 -0.00708142994 0.0137629211
  vertex 0.0966077372 -0.00580920279 0.0137822237
  endloop
 endfacet

 facet normal 0.2321302 -0.0456499383 0.97161293
  outer loop
  vertex 0.0954474211 -0.00708142994 0.0139996652
  vertex 0.0966077372 -0.00580920279 0.0137822237
  vertex 0.0967251137 -0.00325481105 0.0138741964
  endloop
 endfacet

 facet normal 0.280142754 -0.0473943464 0.95878768
  outer loop
  vertex 0.0967251137 -0.00325481105 0.0138741964
  vertex 0.0966077372 -0.00580920279 0.0137822237
  vertex 0.0968458429 -0.00464299554 0.0137703018
  endloop
 endfacet

 facet normal 0.307154536 -0.0444340482 0.950621784
  outer loop
  vertex 0.0967251137 -0.00325481105 0.0138741964
  vertex 0.0968458429 -0.00464299554 0.0137703018
  vertex 0.0974092335 -0.00429511908 0.0136045245
  endloop
 endfacet

 facet normal 0.315732509 -0.0381345674 0.948081613
  outer loop
  vertex 0.0967251137 -0.00325481105 0.0138741964
  vertex 0.0974092335 -0.00429511908 0.0136045245
  vertex 0.0974394158 -0.00325481105 0.0136363171
  endloop
 endfacet

 facet normal 0.315962285 -0.000844861032 0.948771417
  outer loop
  vertex 0.0967251137 -0.00325481105 0.0138741964
  vertex 0.0974394158 -0.00325481105 0.0136363171
  vertex 0.0974394158 -0.00197927025 0.0136374533
  endloop
 endfacet

 facet normal 0.315961659 -0.000844507653 0.948771596
  outer loop
  vertex 0.0967251137 -0.00325481105 0.0138741964
  vertex 0.0974394158 -0.00197927025 0.0136374533
  vertex 0.0967251137 -0.00197927025 0.0138753317
  endloop
 endfacet

 facet normal 0.989974499 -1.35055197e-05 0.141245976
  outer loop
  vertex 0.0974394158 0.00989484135 0.0136385886
  vertex 0.0974394158 -0.00197927025 0.0136374533
  vertex 0.0974729508 0.00989484135 0.0134035489
  endloop
 endfacet

 facet normal 0.990043938 -2.3284807e-05 0.140759498
  outer loop
  vertex 0.0974729508 0.00989484135 0.0134035489
  vertex 0.0974394158 -0.00197927025 0.0136374533
  vertex 0.0975433812 -0.00197927025 0.012906217
  endloop
 endfacet

 facet normal 0.990121245 0 0.140214518
  outer loop
  vertex 0.0974729508 0.00989484135 0.0134035489
  vertex 0.0975433812 -0.00197927025 0.012906217
  vertex 0.0975433812 0.0107628703 0.012906217
  endloop
 endfacet

 facet normal 0.999830484 0 0.0184121337
  outer loop
  vertex 0.0975433812 0.0107628703 0.012906217
  vertex 0.0975433812 -0.00197927025 0.012906217
  vertex 0.0975668505 0.00989484135 0.0116316639
  endloop
 endfacet

 facet normal 0.999830484 0 0.0184121337
  outer loop
  vertex 0.0975433812 0.0107628703 0.012906217
  vertex 0.0975668505 0.00989484135 0.0116316639
  vertex 0.0975668505 0.0107628703 0.0116316639
  endloop
 endfacet

 facet normal 0.999550879 0.0236520804 0.0184069853
  outer loop
  vertex 0.0975433812 0.0107628703 0.012906217
  vertex 0.0975668505 0.0107628703 0.0116316639
  vertex 0.0975366682 0.0120384097 0.0116316639
  endloop
 endfacet

 facet normal 0.999550521 0.0236580279 0.0184129383
  outer loop
  vertex 0.0975433812 0.0107628703 0.012906217
  vertex 0.0975366682 0.0120384097 0.0116316639
  vertex 0.0975131914 0.0120384097 0.012906217
  endloop
 endfacet

 facet normal 0.996501446 0.0815345198 0.0183567703
  outer loop
  vertex 0.0975131914 0.0120384097 0.012906217
  vertex 0.0975366682 0.0120384097 0.0116316639
  vertex 0.0974226519 0.013144982 0.012906217
  endloop
 endfacet

 facet normal 0.939944983 0.336961627 0.0544083528
  outer loop
  vertex 0.0970705301 0.0145894885 0.012906217
  vertex 0.0971443057 0.0145894885 0.0116316639
  vertex 0.0966144428 0.0158617143 0.012906217
  endloop
 endfacet

 facet normal 0.954171836 0.294118345 0.0552318618
  outer loop
  vertex 0.0970705301 0.0145894885 0.012906217
  vertex 0.0973186865 0.0137844076 0.012906217
  vertex 0.0971443057 0.0145894885 0.0116316639
  endloop
 endfacet

 facet normal 0.908202529 0.416554868 0.0406231284
  outer loop
  vertex 0.0966144428 0.0158617143 0.012906217
  vertex 0.0966714546 0.0158617143 0.0116316639
  vertex 0.0962254331 0.016709866 0.012906217
  endloop
 endfacet

 facet normal 0.936528563 0.34807986 0.0418901257
  outer loop
  vertex 0.0966144428 0.0158617143 0.012906217
  vertex 0.0971443057 0.0145894885 0.0116316639
  vertex 0.0966714546 0.0158617143 0.0116316639
  endloop
 endfacet

 facet normal 0.879387856 0.475258827 0.0283906218
  outer loop
  vertex 0.0962254331 0.016709866 0.012906217
  vertex 0.0962388515 0.0169649739 0.00822017528
  vertex 0.0956318602 0.0180881117 0.00822017528
  endloop
 endfacet

 facet normal 0.796752751 0.599580169 0.0754229575
  outer loop
  vertex 0.0962254331 0.016709866 0.012906217
  vertex 0.0956318602 0.0180881117 0.00822017528
  vertex 0.0957492366 0.0173426662 0.012906217
  endloop
 endfacet

 facet normal 0.901129663 0.432682157 0.0274161138
  outer loop
  vertex 0.0962254331 0.016709866 0.012906217
  vertex 0.0966714546 0.0158617143 0.0116316639
  vertex 0.0963998213 0.0166436043 0.00822017528
  endloop
 endfacet

 facet normal 0.893786073 0.447684407 0.0269306935
  outer loop
  vertex 0.0962254331 0.016709866 0.012906217
  vertex 0.0963998213 0.0166436043 0.00822017528
  vertex 0.0962388515 0.0169649739 0.00822017528
  endloop
 endfacet

 facet normal -0.941291332 0.295691669 0.162901983
  outer loop
  vertex 0.063793391 0.0143708251 0.00822017528
  vertex 0.0634613931 0.01331395 0.00822017528
  vertex 0.0646720156 0.0145861758 0.012906217
  endloop
 endfacet

 facet normal -0.936825573 0.310339928 0.161391482
  outer loop
  vertex 0.063793391 0.0143708251 0.00822017528
  vertex 0.0646720156 0.0145861758 0.012906217
  vertex 0.0650945604 0.0158617143 0.012906217
  endloop
 endfacet

 facet normal -0.958171606 0.214684457 0.189255819
  outer loop
  vertex 0.0646720156 0.0145861758 0.012906217
  vertex 0.0634613931 0.01331395 0.00822017528
  vertex 0.0643869713 0.01331395 0.012906217
  endloop
 endfacet

 facet normal -0.985974073 -0.000273773214 0.1668984
  outer loop
  vertex 0.0642092302 -0.00256568776 0.0135494554
  vertex 0.0633071288 -0.00256568776 0.00822017528
  vertex 0.0642092302 -0.00325812306 0.0135483192
  endloop
 endfacet

 facet normal -0.986076236 -0.00584915746 0.166191101
  outer loop
  vertex 0.0642092302 -0.00325812306 0.0135483192
  vertex 0.0633071288 -0.00256568776 0.00822017528
  vertex 0.064212583 -0.00390417641 0.0135454806
  endloop
 endfacet

 facet normal -0.986200273 -0.00955342501 0.165281162
  outer loop
  vertex 0.064212583 -0.00390417641 0.0135454806
  vertex 0.0633071288 -0.00256568776 0.00822017528
  vertex 0.0633138344 -0.00325812306 0.00822017528
  endloop
 endfacet

 facet normal -0.985843003 -0.0485453308 0.160490438
  outer loop
  vertex 0.064212583 -0.00390417641 0.0135454806
  vertex 0.0633138344 -0.00325812306 0.00822017528
  vertex 0.063374199 -0.00448396616 0.00822017528
  endloop
 endfacet

 facet normal -0.984109819 -0.0711574703 0.162679479
  outer loop
  vertex 0.064212583 -0.00390417641 0.0135454806
  vertex 0.063374199 -0.00448396616 0.00822017528
  vertex 0.0633775517 -0.00453034975 0.00822017528
  endloop
 endfacet

 facet normal -0.95534271 -0.236194059 0.177574426
  outer loop
  vertex 0.064212583 -0.00390417641 0.0135454806
  vertex 0.0633775517 -0.00453034975 0.00822017528
  vertex 0.0636626035 -0.00568330334 0.00822017528
  endloop
 endfacet

 facet normal -0.954274535 -0.239689335 0.178631842
  outer loop
  vertex 0.064212583 -0.00390417641 0.0135454806
  vertex 0.0636626035 -0.00568330334 0.00822017528
  vertex 0.0645714104 -0.00580920279 0.012906217
  endloop
 endfacet

 facet normal -0.923038483 -0.266851842 0.277110159
  outer loop
  vertex 0.064212583 -0.00390417641 0.0135454806
  vertex 0.0645714104 -0.00580920279 0.012906217
  vertex 0.0653930306 -0.00788650848 0.0136425626
  endloop
 endfacet

 facet normal -0.776515722 -0.215742752 0.592012167
  outer loop
  vertex 0.064212583 -0.00390417641 0.0135454806
  vertex 0.0653930306 -0.00788650848 0.0136425626
  vertex 0.0652421191 -0.00708474172 0.0137368059
  endloop
 endfacet

 facet normal -0.296541631 -0.166355714 0.940419555
  outer loop
  vertex 0.0652421191 -0.00708474172 0.0137368059
  vertex 0.0653930306 -0.00788650848 0.0136425626
  vertex 0.066117391 -0.0083304625 0.0137924431
  endloop
 endfacet

 facet normal -0.235213161 -0.196451157 0.951883256
  outer loop
  vertex 0.0673649088 -0.00967557728 0.0138231004
  vertex 0.066117391 -0.0083304625 0.0137924431
  vertex 0.066536583 -0.00927800685 0.0137004703
  endloop
 endfacet

 facet normal -0.272102594 -0.283256054 0.919633746
  outer loop
  vertex 0.0673649088 -0.00967557728 0.0138231004
  vertex 0.066536583 -0.00927800685 0.0137004703
  vertex 0.0677639768 -0.0104773464 0.0136942258
  endloop
 endfacet

 facet normal -0.151976928 -0.230148554 0.961215198
  outer loop
  vertex 0.0673649088 -0.00967557728 0.0138231004
  vertex 0.0677639768 -0.0104773464 0.0136942258
  vertex 0.0687666833 -0.010904735 0.0137504311
  endloop
 endfacet

 facet normal -0.141882598 -0.218882859 0.965380609
  outer loop
  vertex 0.0673649088 -0.00967557728 0.0138231004
  vertex 0.0687666833 -0.010904735 0.0137504311
  vertex 0.0699538365 -0.0109080467 0.0139241563
  endloop
 endfacet

 facet normal -0.134077609 -0.202097088 0.970144272
  outer loop
  vertex 0.0673649088 -0.00967557728 0.0138231004
  vertex 0.0699538365 -0.0109080467 0.0139241563
  vertex 0.0686761439 -0.00963250734 0.0140132904
  endloop
 endfacet

 facet normal -0.333581477 -0.236162022 0.912661493
  outer loop
  vertex 0.066117391 -0.0083304625 0.0137924431
  vertex 0.0653930306 -0.00788650848 0.0136425626
  vertex 0.066536583 -0.00927800685 0.0137004703
  endloop
 endfacet

 facet normal -0.0714571774 -0.140582651 0.987486959
  outer loop
  vertex 0.0686761439 -0.00963250734 0.0140132904
  vertex 0.0699538365 -0.0109080467 0.0139241563
  vertex 0.071224831 -0.0109080467 0.0140161291
  endloop
 endfacet

 facet normal -0.0699885935 -0.244214445 0.967192292
  outer loop
  vertex 0.071224831 -0.0109080467 0.0140161291
  vertex 0.0699538365 -0.0109080467 0.0139241563
  vertex 0.071224831 -0.0118456511 0.013779385
  endloop
 endfacet

 facet normal -0.0117058661 -0.244798034 0.969503403
  outer loop
  vertex 0.071224831 -0.0109080467 0.0140161291
  vertex 0.071224831 -0.0118456511 0.013779385
  vertex 0.0724991709 -0.0118953465 0.0137822237
  endloop
 endfacet

 facet normal -0.00429081824 -0.235771045 0.971799135
  outer loop
  vertex 0.071224831 -0.0109080467 0.0140161291
  vertex 0.0724991709 -0.0118953465 0.0137822237
  vertex 0.0737735182 -0.0119185383 0.0137822237
  endloop
 endfacet

 facet normal -0.0159296356 -0.87529844 0.483320773
  outer loop
  vertex 0.0737735182 -0.0119185383 0.0137822237
  vertex 0.0724991709 -0.0118953465 0.0137822237
  vertex 0.0737735182 -0.0124022504 0.012906217
  endloop
 endfacet

 facet normal 0 -0.875409544 0.483382136
  outer loop
  vertex 0.0737735182 -0.0119185383 0.0137822237
  vertex 0.0737735182 -0.0124022504 0.012906217
  vertex 0.0806583241 -0.0124022504 0.012906217
  endloop
 endfacet

 facet normal 0 -0.875409544 0.483382136
  outer loop
  vertex 0.0737735182 -0.0119185383 0.0137822237
  vertex 0.0806583241 -0.0124022504 0.012906217
  vertex 0.0878013521 -0.0119185383 0.0137822237
  endloop
 endfacet

 facet normal 0.00043470852 -0.229664668 0.97326982
  outer loop
  vertex 0.0890756994 -0.0109080467 0.014020103
  vertex 0.0878013521 -0.0119185383 0.0137822237
  vertex 0.0903466865 -0.0109080467 0.0140195349
  endloop
 endfacet

 facet normal 0.990565002 0.135783374 0.0185443275
  outer loop
  vertex 0.0974226519 0.013144982 0.012906217
  vertex 0.097436063 0.0132211829 0.0116316639
  vertex 0.0973488688 0.0138572957 0.0116316639
  endloop
 endfacet

 facet normal 0.986517489 0.16039075 0.0325310417
  outer loop
  vertex 0.0974226519 0.013144982 0.012906217
  vertex 0.0973488688 0.0138572957 0.0116316639
  vertex 0.0973186865 0.0137844076 0.012906217
  endloop
 endfacet

 facet normal 0.996281683 0.0847414434 0.0155528542
  outer loop
  vertex 0.0974226519 0.013144982 0.012906217
  vertex 0.0975366682 0.0120384097 0.0116316639
  vertex 0.097436063 0.0132211829 0.0116316639
  endloop
 endfacet

 facet normal 0.962415934 0.26888451 0.0381647833
  outer loop
  vertex 0.0973186865 0.0137844076 0.012906217
  vertex 0.0973488688 0.0138572957 0.0116316639
  vertex 0.0971443057 0.0145894885 0.0116316639
  endloop
 endfacet

 facet normal 0.128561124 -0.18653208 0.974000931
  outer loop
  vertex 0.0942401439 -0.00969876908 0.0138287777
  vertex 0.0928953737 -0.00963250734 0.0140189677
  vertex 0.0916210338 -0.0109080467 0.0139428917
  endloop
 endfacet

 facet normal 0.136967942 -0.205203623 0.969087839
  outer loop
  vertex 0.0942401439 -0.00969876908 0.0138287777
  vertex 0.0916210338 -0.0109080467 0.0139428917
  vertex 0.0928383619 -0.0109213004 0.0137680313
  endloop
 endfacet

 facet normal 0.152854845 -0.223104209 0.962735653
  outer loop
  vertex 0.0942401439 -0.00969876908 0.0138287777
  vertex 0.0928383619 -0.0109213004 0.0137680313
  vertex 0.0938611925 -0.0105071645 0.0137016065
  endloop
 endfacet

 facet normal 0.260136902 -0.267878026 0.927669227
  outer loop
  vertex 0.0942401439 -0.00969876908 0.0138287777
  vertex 0.0938611925 -0.0105071645 0.0137016065
  vertex 0.0950785279 -0.0093210768 0.0137027418
  endloop
 endfacet

 facet normal 0.237913966 -0.211792976 0.947913885
  outer loop
  vertex 0.0942401439 -0.00969876908 0.0138287777
  vertex 0.0950785279 -0.0093210768 0.0137027418
  vertex 0.0954809561 -0.00837353244 0.0138134491
  endloop
 endfacet

 facet normal 0.003704014 -0.237458438 0.971390665
  outer loop
  vertex 0.0903466865 -0.0109080467 0.0140195349
  vertex 0.0878013521 -0.0119185383 0.0137822237
  vertex 0.0890756994 -0.011898661 0.0137822237
  endloop
 endfacet

 facet normal 0.00934810005 -0.244284987 0.969658494
  outer loop
  vertex 0.0903466865 -0.0109080467 0.0140195349
  vertex 0.0890756994 -0.011898661 0.0137822237
  vertex 0.0903466865 -0.0118522765 0.0137816565
  endloop
 endfacet

 facet normal 0.0582222417 -0.243881255 0.968055844
  outer loop
  vertex 0.0903466865 -0.0109080467 0.0140195349
  vertex 0.0903466865 -0.0118522765 0.0137816565
  vertex 0.0916210338 -0.0109080467 0.0139428917
  endloop
 endfacet

 facet normal 0.0596107878 -0.11866875 0.991143048
  outer loop
  vertex 0.0903466865 -0.0109080467 0.0140195349
  vertex 0.0916210338 -0.0109080467 0.0139428917
  vertex 0.0928953737 -0.00963250734 0.0140189677
  endloop
 endfacet

 facet normal 0.297421575 -0.234448716 0.925512969
  outer loop
  vertex 0.0954809561 -0.00837353244 0.0138134491
  vertex 0.0950785279 -0.0093210768 0.0137027418
  vertex 0.0962287933 -0.00796271022 0.0136771938
  endloop
 endfacet

 facet normal 0.252962232 -0.143130705 0.956830025
  outer loop
  vertex 0.0954809561 -0.00837353244 0.0138134491
  vertex 0.0962287933 -0.00796271022 0.0136771938
  vertex 0.0964031741 -0.00708142994 0.0137629211
  endloop
 endfacet

 facet normal 0.657972574 -0.200795218 0.725777805
  outer loop
  vertex 0.0964031741 -0.00708142994 0.0137629211
  vertex 0.0962287933 -0.00796271022 0.0136771938
  vertex 0.0973522216 -0.00514327176 0.0134387482
  endloop
 endfacet

 facet normal 0.639732242 -0.188633248 0.745090723
  outer loop
  vertex 0.0964031741 -0.00708142994 0.0137629211
  vertex 0.0973522216 -0.00514327176 0.0134387482
  vertex 0.0974092335 -0.00429511908 0.0136045245
  endloop
 endfacet

 facet normal 0.337592095 -0.0685267895 0.938794911
  outer loop
  vertex 0.0964031741 -0.00708142994 0.0137629211
  vertex 0.0974092335 -0.00429511908 0.0136045245
  vertex 0.0966077372 -0.00580920279 0.0137822237
  endloop
 endfacet

 facet normal 0.312465459 -0.0540999323 0.948387444
  outer loop
  vertex 0.0966077372 -0.00580920279 0.0137822237
  vertex 0.0974092335 -0.00429511908 0.0136045245
  vertex 0.0968458429 -0.00464299554 0.0137703018
  endloop
 endfacet

 facet normal 0.991949618 -0.0850189254 0.0938506871
  outer loop
  vertex 0.0974092335 -0.00429511908 0.0136045245
  vertex 0.0973522216 -0.00514327176 0.0134387482
  vertex 0.0974394158 -0.00464299554 0.0129703702
  endloop
 endfacet

 facet normal 0.994339108 -0.0658050478 0.0834243
  outer loop
  vertex 0.0974092335 -0.00429511908 0.0136045245
  vertex 0.0974394158 -0.00464299554 0.0129703702
  vertex 0.0975366682 -0.00325481105 0.012906217
  endloop
 endfacet

 facet normal 0.990712106 -0.0327767767 0.131966442
  outer loop
  vertex 0.0974092335 -0.00429511908 0.0136045245
  vertex 0.0975366682 -0.00325481105 0.012906217
  vertex 0.0974394158 -0.00325481105 0.0136363171
  endloop
 endfacet

 facet normal 0.991231203 -0.00521554518 0.132035598
  outer loop
  vertex 0.0974394158 -0.00325481105 0.0136363171
  vertex 0.0975366682 -0.00325481105 0.012906217
  vertex 0.0975433812 -0.00197927025 0.012906217
  endloop
 endfacet

 facet normal 0.990043938 -0.000125343373 0.140759498
  outer loop
  vertex 0.0974394158 -0.00325481105 0.0136363171
  vertex 0.0975433812 -0.00197927025 0.012906217
  vertex 0.0974394158 -0.00197927025 0.0136374533
  endloop
 endfacet

 facet normal 0.999764979 -0.00526044704 0.0210368019
  outer loop
  vertex 0.0975433812 -0.00197927025 0.012906217
  vertex 0.0975366682 -0.00325481105 0.012906217
  vertex 0.0975634977 -0.00325481105 0.0116310958
  endloop
 endfacet

 facet normal 0.999827266 -0.0026274086 0.0184038766
  outer loop
  vertex 0.0975433812 -0.00197927025 0.012906217
  vertex 0.0975634977 -0.00325481105 0.0116310958
  vertex 0.0975668505 -0.00197927025 0.0116310958
  endloop
 endfacet

 facet normal 0.999830663 -8.7986507e-07 0.0184039399
  outer loop
  vertex 0.0975433812 -0.00197927025 0.012906217
  vertex 0.0975668505 -0.00197927025 0.0116310958
  vertex 0.0975668505 0.00989484135 0.0116316639
  endloop
 endfacet

 facet normal 0.999720216 0.0236560851 0
  outer loop
  vertex 0.0975668505 0.0107628703 0.0116316639
  vertex 0.0975668505 0.0107628703 0.00822017528
  vertex 0.0975366682 0.0120384097 0.00822017528
  endloop
 endfacet

 facet normal 0.999720216 0.0236560851 0
  outer loop
  vertex 0.0975668505 0.0107628703 0.0116316639
  vertex 0.0975366682 0.0120384097 0.00822017528
  vertex 0.0975366682 0.0120384097 0.0116316639
  endloop
 endfacet

 facet normal 1 0 0
  outer loop
  vertex 0.0975668505 0.0107628703 0.0116316639
  vertex 0.0975668505 0.00989484135 0.0116316639
  vertex 0.0975668505 -0.00197927025 0.0116310958
  endloop
 endfacet

 facet normal 1 0 0
  outer loop
  vertex 0.0975668505 0.0107628703 0.0116316639
  vertex 0.0975668505 -0.00197927025 0.0116310958
  vertex 0.0975668505 -0.00197927025 0.00822017528
  endloop
 endfacet

 facet normal 1 0 0
  outer loop
  vertex 0.0975668505 0.0107628703 0.0116316639
  vertex 0.0975668505 -0.00197927025 0.00822017528
  vertex 0.0975668505 0.0107628703 0.00822017528
  endloop
 endfacet

 facet normal 0.996620715 0.0821422637 0
  outer loop
  vertex 0.0975366682 0.0120384097 0.0116316639
  vertex 0.0975366682 0.0120384097 0.00822017528
  vertex 0.09742935 0.0133404536 0.00822017528
  endloop
 endfacet

 facet normal 0.996401668 0.0847516358 0.00100279774
  outer loop
  vertex 0.0975366682 0.0120384097 0.0116316639
  vertex 0.09742935 0.0133404536 0.00822017528
  vertex 0.097436063 0.0132211829 0.0116316639
  endloop
 endfacet

 facet normal 0.939822078 0.341663778 0.000683384715
  outer loop
  vertex 0.0971443057 0.0145894885 0.0116316639
  vertex 0.097174488 0.0145132877 0.00822017528
  vertex 0.0968324244 0.0154542057 0.00822017528
  endloop
 endfacet

 facet normal 0.939768434 0.341810971 0.000725598948
  outer loop
  vertex 0.0971443057 0.0145894885 0.0116316639
  vertex 0.0968324244 0.0154542057 0.00822017528
  vertex 0.0963998213 0.0166436043 0.00822017528
  endloop
 endfacet

 facet normal 0.937338591 0.348380893 0.00521174585
  outer loop
  vertex 0.0971443057 0.0145894885 0.0116316639
  vertex 0.0963998213 0.0166436043 0.00822017528
  vertex 0.0966714546 0.0158617143 0.0116316639
  endloop
 endfacet

 facet normal 0.963113248 0.269079328 0.00303793489
  outer loop
  vertex 0.0971443057 0.0145894885 0.0116316639
  vertex 0.0973488688 0.0138572957 0.0116316639
  vertex 0.0973522216 0.0138838002 0.00822017528
  endloop
 endfacet

 facet normal 0.96237129 0.271727026 0.00244502863
  outer loop
  vertex 0.0971443057 0.0145894885 0.0116316639
  vertex 0.0973522216 0.0138838002 0.00822017528
  vertex 0.097174488 0.0145132877 0.00822017528
  endloop
 endfacet

 facet normal -0.947010279 -0.268395603 0.176451758
  outer loop
  vertex 0.0636626035 -0.00568330334 0.00822017528
  vertex 0.0636860803 -0.00576613285 0.00822017528
  vertex 0.0645714104 -0.00580920279 0.012906217
  endloop
 endfacet

 facet normal -0.945614278 -0.273473889 0.176141366
  outer loop
  vertex 0.0645714104 -0.00580920279 0.012906217
  vertex 0.0636860803 -0.00576613285 0.00822017528
  vertex 0.0649403036 -0.00708474172 0.012906217
  endloop
 endfacet

 facet normal -0.923082769 -0.26695773 0.276860774
  outer loop
  vertex 0.0645714104 -0.00580920279 0.012906217
  vertex 0.0649403036 -0.00708474172 0.012906217
  vertex 0.0653930306 -0.00788650848 0.0136425626
  endloop
 endfacet

 facet normal -0.768775821 -0.599309444 0.223186135
  outer loop
  vertex 0.0653930306 -0.00788650848 0.0136425626
  vertex 0.0657552108 -0.00862532761 0.012906217
  vertex 0.0663957372 -0.00944697484 0.012906217
  endloop
 endfacet

 facet normal -0.75088948 -0.606185615 0.262114644
  outer loop
  vertex 0.0653930306 -0.00788650848 0.0136425626
  vertex 0.0663957372 -0.00944697484 0.012906217
  vertex 0.066536583 -0.00927800685 0.0137004703
  endloop
 endfacet

 facet normal -0.910454214 -0.391462624 0.133529782
  outer loop
  vertex 0.0653930306 -0.00788650848 0.0136425626
  vertex 0.0649403036 -0.00708474172 0.012906217
  vertex 0.0636860803 -0.00576613285 0.00822017528
  endloop
 endfacet

 facet normal -0.910368204 -0.391703844 0.133408397
  outer loop
  vertex 0.0653930306 -0.00788650848 0.0136425626
  vertex 0.0636860803 -0.00576613285 0.00822017528
  vertex 0.0653293133 -0.0079892138 0.012906217
  endloop
 endfacet

 facet normal -0.821815193 -0.550234437 0.147857815
  outer loop
  vertex 0.0653930306 -0.00788650848 0.0136425626
  vertex 0.0653293133 -0.0079892138 0.012906217
  vertex 0.0657552108 -0.00862532761 0.012906217
  endloop
 endfacet

 facet normal -0.720117271 -0.641588092 0.264189184
  outer loop
  vertex 0.066536583 -0.00927800685 0.0137004703
  vertex 0.0663957372 -0.00944697484 0.012906217
  vertex 0.0669624805 -0.0100830877 0.012906217
  endloop
 endfacet

 facet normal -0.65845114 -0.675580621 0.331712037
  outer loop
  vertex 0.066536583 -0.00927800685 0.0137004703
  vertex 0.0669624805 -0.0100830877 0.012906217
  vertex 0.0677639768 -0.0104773464 0.0136942258
  endloop
 endfacet

 facet normal -0.564060271 -0.788961947 0.243669793
  outer loop
  vertex 0.0677639768 -0.0104773464 0.0136942258
  vertex 0.0675996542 -0.0106032416 0.012906217
  vertex 0.0692529455 -0.0115772896 0.0135795446
  endloop
 endfacet

 facet normal -0.213530034 -0.382764041 0.898830771
  outer loop
  vertex 0.0677639768 -0.0104773464 0.0136942258
  vertex 0.0692529455 -0.0115772896 0.0135795446
  vertex 0.0687666833 -0.010904735 0.0137504311
  endloop
 endfacet

 facet normal -0.612683475 -0.750519693 0.247667372
  outer loop
  vertex 0.0677639768 -0.0104773464 0.0136942258
  vertex 0.0669624805 -0.0100830877 0.012906217
  vertex 0.0675996542 -0.0106032416 0.012906217
  endloop
 endfacet

 facet normal -0.205354869 -0.377862155 0.902801037
  outer loop
  vertex 0.0687666833 -0.010904735 0.0137504311
  vertex 0.0692529455 -0.0115772896 0.0135795446
  vertex 0.0699538365 -0.0117031876 0.0136862779
  endloop
 endfacet

 facet normal -0.139617234 -0.283807337 0.94866246
  outer loop
  vertex 0.0687666833 -0.010904735 0.0137504311
  vertex 0.0699538365 -0.0117031876 0.0136862779
  vertex 0.0699538365 -0.0109080467 0.0139241563
  endloop
 endfacet

 facet normal -0.101777457 -0.285126209 0.953071058
  outer loop
  vertex 0.0699538365 -0.0109080467 0.0139241563
  vertex 0.0699538365 -0.0117031876 0.0136862779
  vertex 0.071224831 -0.0118456511 0.013779385
  endloop
 endfacet

 facet normal -0.1306061 -0.913702607 0.384824246
  outer loop
  vertex 0.071224831 -0.0118456511 0.013779385
  vertex 0.0699538365 -0.0117031876 0.0136862779
  vertex 0.071224831 -0.0122134034 0.012906217
  endloop
 endfacet

 facet normal -0.0954029188 -0.917392969 0.386378586
  outer loop
  vertex 0.071224831 -0.0118456511 0.013779385
  vertex 0.071224831 -0.0122134034 0.012906217
  vertex 0.0724991709 -0.0123459268 0.012906217
  endloop
 endfacet

 facet normal -0.0393676683 -0.890707195 0.452869594
  outer loop
  vertex 0.071224831 -0.0118456511 0.013779385
  vertex 0.0724991709 -0.0123459268 0.012906217
  vertex 0.0737735182 -0.0124022504 0.012906217
  endloop
 endfacet

 facet normal -0.0356009863 -0.886568248 0.461225808
  outer loop
  vertex 0.071224831 -0.0118456511 0.013779385
  vertex 0.0737735182 -0.0124022504 0.012906217
  vertex 0.0724991709 -0.0118953465 0.0137822237
  endloop
 endfacet

 facet normal -0.043993853 -0.995376348 0.0853836983
  outer loop
  vertex 0.0737735182 -0.0124022504 0.012906217
  vertex 0.0724991709 -0.0123459268 0.012906217
  vertex 0.0737735182 -0.0125115821 0.0116316639
  endloop
 endfacet

 facet normal 0 -0.996341109 0.0854664594
  outer loop
  vertex 0.0737735182 -0.0124022504 0.012906217
  vertex 0.0737735182 -0.0125115821 0.0116316639
  vertex 0.0878013521 -0.0125115821 0.0116316639
  endloop
 endfacet

 facet normal 0 -0.996341109 0.0854664594
  outer loop
  vertex 0.0737735182 -0.0124022504 0.012906217
  vertex 0.0878013521 -0.0125115821 0.0116316639
  vertex 0.0806583241 -0.0124022504 0.012906217
  endloop
 endfacet

 facet normal 0.00040678744 -0.876809359 0.48083806
  outer loop
  vertex 0.0878013521 -0.0119185383 0.0137822237
  vertex 0.0806583241 -0.0124022504 0.012906217
  vertex 0.0878013521 -0.0123989368 0.012906217
  endloop
 endfacet

 facet normal 0.0136757027 -0.876727462 0.480793118
  outer loop
  vertex 0.0878013521 -0.0119185383 0.0137822237
  vertex 0.0878013521 -0.0123989368 0.012906217
  vertex 0.0890756994 -0.011898661 0.0137822237
  endloop
 endfacet

 facet normal 0.990882814 0.1346986 0.0027598727
  outer loop
  vertex 0.097436063 0.0132211829 0.0116316639
  vertex 0.09742935 0.0133404536 0.00822017528
  vertex 0.0973991752 0.0135624306 0.00822017528
  endloop
 endfacet

 facet normal 0.990731239 0.135806173 0.00287230127
  outer loop
  vertex 0.097436063 0.0132211829 0.0116316639
  vertex 0.0973991752 0.0135624306 0.00822017528
  vertex 0.0973488688 0.0138572957 0.0116316639
  endloop
 endfacet

 facet normal 0.989492476 0.144570172 0.00209653401
  outer loop
  vertex 0.0973488688 0.0138572957 0.0116316639
  vertex 0.0973991752 0.0135624306 0.00822017528
  vertex 0.0973522216 0.0138838002 0.00822017528
  endloop
 endfacet

 facet normal 0.133661076 -0.277053744 0.951512456
  outer loop
  vertex 0.0916210338 -0.0109080467 0.0139428917
  vertex 0.0916210338 -0.0117230676 0.0137055805
  vertex 0.0928383619 -0.0109213004 0.0137680313
  endloop
 endfacet

 facet normal 0.0853507742 -0.278542131 0.956624031
  outer loop
  vertex 0.0916210338 -0.0109080467 0.0139428917
  vertex 0.0903466865 -0.0118522765 0.0137816565
  vertex 0.0916210338 -0.0117230676 0.0137055805
  endloop
 endfacet

 facet normal 0.188716859 -0.357766151 0.914543271
  outer loop
  vertex 0.0928383619 -0.0109213004 0.0137680313
  vertex 0.0916210338 -0.0117230676 0.0137055805
  vertex 0.0923722237 -0.0115938559 0.0136011178
  endloop
 endfacet

 facet normal 0.208282024 -0.369140327 0.905734003
  outer loop
  vertex 0.0928383619 -0.0109213004 0.0137680313
  vertex 0.0923722237 -0.0115938559 0.0136011178
  vertex 0.0938611925 -0.0105071645 0.0137016065
  endloop
 endfacet

 facet normal 0.593082368 -0.754355669 0.28142643
  outer loop
  vertex 0.0938611925 -0.0105071645 0.0137016065
  vertex 0.0940489918 -0.0106562516 0.012906217
  vertex 0.0946895182 -0.0101526631 0.012906217
  endloop
 endfacet

 facet normal 0.646135807 -0.663519025 0.37716192
  outer loop
  vertex 0.0938611925 -0.0105071645 0.0137016065
  vertex 0.0946895182 -0.0101526631 0.012906217
  vertex 0.0950785279 -0.0093210768 0.0137027418
  endloop
 endfacet

 facet normal 0.553992271 -0.784770846 0.277898043
  outer loop
  vertex 0.0938611925 -0.0105071645 0.0137016065
  vertex 0.0923722237 -0.0115938559 0.0136011178
  vertex 0.0940489918 -0.0106562516 0.012906217
  endloop
 endfacet

 facet normal 0.714159548 -0.628753543 0.307644397
  outer loop
  vertex 0.0950785279 -0.0093210768 0.0137027418
  vertex 0.0946895182 -0.0101526631 0.012906217
  vertex 0.095249556 -0.00951655023 0.012906217
  endloop
 endfacet

 facet normal 0.729203761 -0.61171937 0.306694359
  outer loop
  vertex 0.0950785279 -0.0093210768 0.0137027418
  vertex 0.095249556 -0.00951655023 0.012906217
  vertex 0.0962287933 -0.00796271022 0.0136771938
  endloop
 endfacet

 facet normal 0.0325911604 -0.887421012 0.459806293
  outer loop
  vertex 0.0890756994 -0.011898661 0.0137822237
  vertex 0.0890756994 -0.0123525532 0.012906217
  vertex 0.0903466865 -0.0118522765 0.0137816565
  endloop
 endfacet

 facet normal 0.0323008113 -0.887429416 0.459810585
  outer loop
  vertex 0.0890756994 -0.011898661 0.0137822237
  vertex 0.0878013521 -0.0123989368 0.012906217
  vertex 0.0890756994 -0.0123525532 0.012906217
  endloop
 endfacet

 facet normal 0.0832487941 -0.912473619 0.400576532
  outer loop
  vertex 0.0903466865 -0.0118522765 0.0137816565
  vertex 0.0890756994 -0.0123525532 0.012906217
  vertex 0.0903466865 -0.0122365952 0.012906217
  endloop
 endfacet

 facet normal 0.116048232 -0.909465492 0.399255961
  outer loop
  vertex 0.0903466865 -0.0118522765 0.0137816565
  vertex 0.0903466865 -0.0122365952 0.012906217
  vertex 0.0916210338 -0.0117230676 0.0137055805
  endloop
 endfacet

 facet normal 0.895780742 -0.407876223 0.176674455
  outer loop
  vertex 0.0962287933 -0.00796271022 0.0136771938
  vertex 0.09631598 -0.00810517184 0.012906217
  vertex 0.0967821255 -0.00708142994 0.012906217
  endloop
 endfacet

 facet normal 0.903846681 -0.33795628 0.262386858
  outer loop
  vertex 0.0962287933 -0.00796271022 0.0136771938
  vertex 0.0967821255 -0.00708142994 0.012906217
  vertex 0.0973522216 -0.00514327176 0.0134387482
  endloop
 endfacet

 facet normal 0.738000154 -0.609147012 0.290337473
  outer loop
  vertex 0.0962287933 -0.00796271022 0.0136771938
  vertex 0.095249556 -0.00951655023 0.012906217
  vertex 0.0958867297 -0.0087445993 0.012906217
  endloop
 endfacet

 facet normal 0.814627111 -0.546867669 0.193179414
  outer loop
  vertex 0.0962287933 -0.00796271022 0.0136771938
  vertex 0.0958867297 -0.0087445993 0.012906217
  vertex 0.09631598 -0.00810517184 0.012906217
  endloop
 endfacet

 facet normal 0.989610732 -0.139351681 0.0353822038
  outer loop
  vertex 0.0973522216 -0.00514327176 0.0134387482
  vertex 0.0973723456 -0.00521615939 0.0125888558
  vertex 0.0974394158 -0.00464299554 0.0129703702
  endloop
 endfacet

 facet normal 0.947605729 -0.304907858 0.0952603966
  outer loop
  vertex 0.0973522216 -0.00514327176 0.0134387482
  vertex 0.0967821255 -0.00708142994 0.012906217
  vertex 0.0972180814 -0.00570649747 0.0129703702
  endloop
 endfacet

 facet normal 0.961599767 -0.269996792 0.0492717773
  outer loop
  vertex 0.0973522216 -0.00514327176 0.0134387482
  vertex 0.0972180814 -0.00570649747 0.0129703702
  vertex 0.0972583294 -0.00578269875 0.0117673511
  endloop
 endfacet

 facet normal 0.96467793 -0.25954327 0.0450996347
  outer loop
  vertex 0.0973522216 -0.00514327176 0.0134387482
  vertex 0.0972583294 -0.00578269875 0.0117673511
  vertex 0.0973723456 -0.00521615939 0.0125888558
  endloop
 endfacet

 facet normal 0.991980851 -0.125580236 0.0142761562
  outer loop
  vertex 0.0974394158 -0.00464299554 0.0129703702
  vertex 0.0973723456 -0.00521615939 0.0125888558
  vertex 0.0974729508 -0.00453034975 0.0116310958
  endloop
 endfacet

 facet normal 0.997309446 -0.0707971454 0.0190173518
  outer loop
  vertex 0.0974394158 -0.00464299554 0.0129703702
  vertex 0.0974729508 -0.00453034975 0.0116310958
  vertex 0.0975634977 -0.00325481105 0.0116310958
  endloop
 endfacet

 facet normal 0.99740243 -0.06890513 0.0209870897
  outer loop
  vertex 0.0974394158 -0.00464299554 0.0129703702
  vertex 0.0975634977 -0.00325481105 0.0116310958
  vertex 0.0975366682 -0.00325481105 0.012906217
  endloop
 endfacet

 facet normal 0.99748987 -0.0708099604 0
  outer loop
  vertex 0.0975634977 -0.00325481105 0.0116310958
  vertex 0.0974729508 -0.00453034975 0.0116310958
  vertex 0.0974729508 -0.00453034975 0.00822017528
  endloop
 endfacet

 facet normal 0.99748987 -0.0708099604 0
  outer loop
  vertex 0.0975634977 -0.00325481105 0.0116310958
  vertex 0.0974729508 -0.00453034975 0.00822017528
  vertex 0.0975634977 -0.00325481105 0.00822017528
  endloop
 endfacet

 facet normal 0.999996603 -0.00262785354 0
  outer loop
  vertex 0.0975634977 -0.00325481105 0.0116310958
  vertex 0.0975634977 -0.00325481105 0.00822017528
  vertex 0.0975668505 -0.00197927025 0.00822017528
  endloop
 endfacet

 facet normal 0.999996603 -0.00262785354 0
  outer loop
  vertex 0.0975634977 -0.00325481105 0.0116310958
  vertex 0.0975668505 -0.00197927025 0.00822017528
  vertex 0.0975668505 -0.00197927025 0.0116310958
  endloop
 endfacet

 facet normal -0.899908245 -0.420322746 0.116163477
  outer loop
  vertex 0.0636860803 -0.00576613285 0.00822017528
  vertex 0.0648899972 -0.00834371522 0.00822017528
  vertex 0.0653293133 -0.0079892138 0.012906217
  endloop
 endfacet

 facet normal -0.825030565 -0.552387118 0.119134448
  outer loop
  vertex 0.0657552108 -0.00862532761 0.012906217
  vertex 0.0653293133 -0.0079892138 0.012906217
  vertex 0.0648899972 -0.00834371522 0.00822017528
  endloop
 endfacet

 facet normal -0.784391046 -0.610770166 0.108122304
  outer loop
  vertex 0.0657552108 -0.00862532761 0.012906217
  vertex 0.0648899972 -0.00834371522 0.00822017528
  vertex 0.0649235323 -0.00838678423 0.00822017528
  endloop
 endfacet

 facet normal -0.784052849 -0.611218929 0.108039461
  outer loop
  vertex 0.0657552108 -0.00862532761 0.012906217
  vertex 0.0649235323 -0.00838678423 0.00822017528
  vertex 0.0663957372 -0.00944697484 0.012906217
  endloop
 endfacet

 facet normal -0.744020402 -0.662884474 0.0837734938
  outer loop
  vertex 0.0663957372 -0.00944697484 0.012906217
  vertex 0.0649235323 -0.00838678423 0.00822017528
  vertex 0.0669624805 -0.0100830877 0.012906217
  endloop
 endfacet

 facet normal -0.733719051 -0.675324321 0.0747881606
  outer loop
  vertex 0.0669624805 -0.0100830877 0.012906217
  vertex 0.0649235323 -0.00838678423 0.00822017528
  vertex 0.0661676973 -0.00973852724 0.00822017528
  endloop
 endfacet

 facet normal -0.636856973 -0.769263208 0.0514523983
  outer loop
  vertex 0.0669624805 -0.0100830877 0.012906217
  vertex 0.0661676973 -0.00973852724 0.00822017528
  vertex 0.0667679757 -0.0102354893 0.00822017528
  endloop
 endfacet

 facet normal -0.631550252 -0.773631036 0.0513741821
  outer loop
  vertex 0.0669624805 -0.0100830877 0.012906217
  vertex 0.0667679757 -0.0102354893 0.00822017528
  vertex 0.0675996542 -0.0106032416 0.012906217
  endloop
 endfacet

 facet normal -0.550858676 -0.833470762 0.0433749408
  outer loop
  vertex 0.0675996542 -0.0106032416 0.012906217
  vertex 0.0676868483 -0.010904735 0.00822017528
  vertex 0.0685621202 -0.0112393554 0.012906217
  endloop
 endfacet

 facet normal -0.545514703 -0.825384974 0.145442396
  outer loop
  vertex 0.0675996542 -0.0106032416 0.012906217
  vertex 0.0685621202 -0.0112393554 0.012906217
  vertex 0.0692529455 -0.0115772896 0.0135795446
  endloop
 endfacet

 facet normal -0.602049351 -0.797229767 0.0442863815
  outer loop
  vertex 0.0675996542 -0.0106032416 0.012906217
  vertex 0.0667679757 -0.0102354893 0.00822017528
  vertex 0.0674085021 -0.0107191997 0.00822017528
  endloop
 endfacet

 facet normal -0.554130495 -0.831309378 0.0431749932
  outer loop
  vertex 0.0675996542 -0.0106032416 0.012906217
  vertex 0.0674085021 -0.0107191997 0.00822017528
  vertex 0.0676868483 -0.010904735 0.00822017528
  endloop
 endfacet

 facet normal -0.495147318 -0.865691364 0.073536776
  outer loop
  vertex 0.0692529455 -0.0115772896 0.0135795446
  vertex 0.0685621202 -0.0112393554 0.012906217
  vertex 0.0691992939 -0.0116037959 0.012906217
  endloop
 endfacet

 facet normal -0.363197416 -0.929404914 0.0655297488
  outer loop
  vertex 0.0692529455 -0.0115772896 0.0135795446
  vertex 0.0691992939 -0.0116037959 0.012906217
  vertex 0.0699538365 -0.011898661 0.012906217
  endloop
 endfacet

 facet normal -0.23509714 -0.949367404 0.208401024
  outer loop
  vertex 0.0692529455 -0.0115772896 0.0135795446
  vertex 0.0699538365 -0.011898661 0.012906217
  vertex 0.071224831 -0.0122134034 0.012906217
  endloop
 endfacet

 facet normal -0.210096523 -0.939104974 0.271921575
  outer loop
  vertex 0.0692529455 -0.0115772896 0.0135795446
  vertex 0.071224831 -0.0122134034 0.012906217
  vertex 0.0699538365 -0.0117031876 0.0136862779
  endloop
 endfacet

 facet normal -0.240005463 -0.969188094 0.0554248393
  outer loop
  vertex 0.071224831 -0.0122134034 0.012906217
  vertex 0.0699538365 -0.011898661 0.012906217
  vertex 0.071224831 -0.0122862915 0.0116316639
  endloop
 endfacet

 facet normal -0.123633705 -0.990709364 0.0566555783
  outer loop
  vertex 0.071224831 -0.0122134034 0.012906217
  vertex 0.071224831 -0.0122862915 0.0116316639
  vertex 0.0724991709 -0.0124453204 0.0116316639
  endloop
 endfacet

 facet normal -0.103125952 -0.991657615 0.0773324892
  outer loop
  vertex 0.071224831 -0.0122134034 0.012906217
  vertex 0.0724991709 -0.0124453204 0.0116316639
  vertex 0.0724991709 -0.0123459268 0.012906217
  endloop
 endfacet

 facet normal -0.0517698526 -0.995636225 0.0776427612
  outer loop
  vertex 0.0724991709 -0.0123459268 0.012906217
  vertex 0.0724991709 -0.0124453204 0.0116316639
  vertex 0.0737735182 -0.0125115821 0.0116316639
  endloop
 endfacet

 facet normal -0.0519265905 -0.998650491 0.000969539338
  outer loop
  vertex 0.0737735182 -0.0125115821 0.0116316639
  vertex 0.0724991709 -0.0124453204 0.0116316639
  vertex 0.0724991709 -0.0124486322 0.00822017528
  endloop
 endfacet

 facet normal -0.0493375808 -0.998782158 0
  outer loop
  vertex 0.0737735182 -0.0125115821 0.0116316639
  vertex 0.0724991709 -0.0124486322 0.00822017528
  vertex 0.0737735182 -0.0125115821 0.00822017528
  endloop
 endfacet

 facet normal 0 -1 0
  outer loop
  vertex 0.0737735182 -0.0125115821 0.0116316639
  vertex 0.0737735182 -0.0125115821 0.00822017528
  vertex 0.0878013521 -0.0125115821 0.00822017528
  endloop
 endfacet

 facet normal 0 -1 0
  outer loop
  vertex 0.0737735182 -0.0125115821 0.0116316639
  vertex 0.0878013521 -0.0125115821 0.00822017528
  vertex 0.0878013521 -0.0125115821 0.0116316639
  endloop
 endfacet

 facet normal 0.0004621392 -0.996117175 0.088037245
  outer loop
  vertex 0.0806583241 -0.0124022504 0.012906217
  vertex 0.0878013521 -0.0125115821 0.0116316639
  vertex 0.0878013521 -0.0123989368 0.012906217
  endloop
 endfacet

 facet normal 0.0362330452 -0.995463192 0.0879794359
  outer loop
  vertex 0.0878013521 -0.0123989368 0.012906217
  vertex 0.0878013521 -0.0125115821 0.0116316639
  vertex 0.0890756994 -0.0123525532 0.012906217
  endloop
 endfacet

 facet normal 0.200654209 -0.937986553 0.282699794
  outer loop
  vertex 0.0916210338 -0.0117230676 0.0137055805
  vertex 0.0903466865 -0.0122365952 0.012906217
  vertex 0.0923722237 -0.0115938559 0.0136011178
  endloop
 endfacet

 facet normal 0.216284186 -0.945359468 0.243960172
  outer loop
  vertex 0.0923722237 -0.0115938559 0.0136011178
  vertex 0.0903466865 -0.0122365952 0.012906217
  vertex 0.0916210338 -0.0119450446 0.012906217
  endloop
 endfacet

 facet normal 0.34913516 -0.932367742 0.0937815756
  outer loop
  vertex 0.0923722237 -0.0115938559 0.0136011178
  vertex 0.0916210338 -0.0119450446 0.012906217
  vertex 0.0924527124 -0.0116336141 0.012906217
  endloop
 endfacet

 facet normal 0.469532907 -0.876704097 0.104541533
  outer loop
  vertex 0.0923722237 -0.0115938559 0.0136011178
  vertex 0.0924527124 -0.0116336141 0.012906217
  vertex 0.093089886 -0.0112923654 0.012906217
  endloop
 endfacet

 facet normal 0.541000724 -0.815701187 0.20481658
  outer loop
  vertex 0.0923722237 -0.0115938559 0.0136011178
  vertex 0.093089886 -0.0112923654 0.012906217
  vertex 0.0940489918 -0.0106562516 0.012906217
  endloop
 endfacet

 facet normal 0.552450538 -0.832964778 0.03111507
  outer loop
  vertex 0.0940489918 -0.0106562516 0.012906217
  vertex 0.093089886 -0.0112923654 0.012906217
  vertex 0.0931167081 -0.0113221826 0.0116316639
  endloop
 endfacet

 facet normal 0.552450538 -0.832964778 0.03111507
  outer loop
  vertex 0.0940489918 -0.0106562516 0.012906217
  vertex 0.0931167081 -0.0113221826 0.0116316639
  vertex 0.0940758213 -0.0106860697 0.0116316639
  endloop
 endfacet

 facet normal 0.617242217 -0.786147058 0.0313835256
  outer loop
  vertex 0.0940489918 -0.0106562516 0.012906217
  vertex 0.0940758213 -0.0106860697 0.0116316639
  vertex 0.094712995 -0.010185793 0.0116316639
  endloop
 endfacet

 facet normal 0.617750108 -0.785731196 0.0318016633
  outer loop
  vertex 0.0940489918 -0.0106562516 0.012906217
  vertex 0.094712995 -0.010185793 0.0116316639
  vertex 0.0946895182 -0.0101526631 0.012906217
  endloop
 endfacet

 facet normal 0.742381275 -0.669256866 0.0310695879
  outer loop
  vertex 0.0946895182 -0.0101526631 0.012906217
  vertex 0.094712995 -0.010185793 0.0116316639
  vertex 0.0952864513 -0.00954968017 0.0116316639
  endloop
 endfacet

 facet normal 0.749993503 -0.660302103 0.0388711318
  outer loop
  vertex 0.0946895182 -0.0101526631 0.012906217
  vertex 0.0952864513 -0.00954968017 0.0116316639
  vertex 0.095249556 -0.00951655023 0.012906217
  endloop
 endfacet

 facet normal 0.770639122 -0.636087179 0.038839262
  outer loop
  vertex 0.095249556 -0.00951655023 0.012906217
  vertex 0.0952864513 -0.00954968017 0.0116316639
  vertex 0.0958867297 -0.0087445993 0.012906217
  endloop
 endfacet

 facet normal 0.0440112352 -0.995803177 0.080244951
  outer loop
  vertex 0.0890756994 -0.0123525532 0.012906217
  vertex 0.0878013521 -0.0125115821 0.0116316639
  vertex 0.0890756994 -0.0124552604 0.0116316639
  endloop
 endfacet

 facet normal 0.0905657038 -0.992672682 0.0799926817
  outer loop
  vertex 0.0890756994 -0.0123525532 0.012906217
  vertex 0.0890756994 -0.0124552604 0.0116316639
  vertex 0.0903466865 -0.0122365952 0.012906217
  endloop
 endfacet

 facet normal 0.108623855 -0.992154181 0.0618960895
  outer loop
  vertex 0.0903466865 -0.0122365952 0.012906217
  vertex 0.0890756994 -0.0124552604 0.0116316639
  vertex 0.0903466865 -0.0123161087 0.0116316639
  endloop
 endfacet

 facet normal 0.222611487 -0.973015547 0.0607021116
  outer loop
  vertex 0.0903466865 -0.0122365952 0.012906217
  vertex 0.0903466865 -0.0123161087 0.0116316639
  vertex 0.0916210338 -0.0119450446 0.012906217
  endloop
 endfacet

 facet normal 0.829782128 -0.557041466 0.0341530219
  outer loop
  vertex 0.09631598 -0.00810517184 0.012906217
  vertex 0.0958867297 -0.0087445993 0.012906217
  vertex 0.0959236175 -0.00876779109 0.0116316639
  endloop
 endfacet

 facet normal 0.842148185 -0.538841665 0.0208844617
  outer loop
  vertex 0.09631598 -0.00810517184 0.012906217
  vertex 0.0959236175 -0.00876779109 0.0116316639
  vertex 0.0963327512 -0.0081283655 0.0116316639
  endloop
 endfacet

 facet normal 0.896644771 -0.442305803 0.0198446698
  outer loop
  vertex 0.09631598 -0.00810517184 0.012906217
  vertex 0.0963327512 -0.0081283655 0.0116316639
  vertex 0.0968491957 -0.00708142994 0.0116316639
  endloop
 endfacet

 facet normal 0.909055233 -0.413920492 0.0478361472
  outer loop
  vertex 0.09631598 -0.00810517184 0.012906217
  vertex 0.0968491957 -0.00708142994 0.0116316639
  vertex 0.0967821255 -0.00708142994 0.012906217
  endloop
 endfacet

 facet normal 0.950519562 -0.306611568 0.0500180796
  outer loop
  vertex 0.0967821255 -0.00708142994 0.012906217
  vertex 0.0968491957 -0.00708142994 0.0116316639
  vertex 0.0972382054 -0.00587546267 0.0116316639
  endloop
 endfacet

 facet normal 0.951195717 -0.304059207 0.0526750796
  outer loop
  vertex 0.0967821255 -0.00708142994 0.012906217
  vertex 0.0972382054 -0.00587546267 0.0116316639
  vertex 0.0972180814 -0.00570649747 0.0129703702
  endloop
 endfacet

 facet normal 0.774752557 -0.631354451 0.033912465
  outer loop
  vertex 0.0958867297 -0.0087445993 0.012906217
  vertex 0.0952864513 -0.00954968017 0.0116316639
  vertex 0.0959236175 -0.00876779109 0.0116316639
  endloop
 endfacet

 facet normal 0.990076661 -0.140487269 0.00340186013
  outer loop
  vertex 0.0973723456 -0.00521615939 0.0125888558
  vertex 0.0973723456 -0.00523935119 0.0116310958
  vertex 0.0974729508 -0.00453034975 0.0116310958
  endloop
 endfacet

 facet normal 0.9789204 -0.204182684 0.00494422717
  outer loop
  vertex 0.0973723456 -0.00521615939 0.0125888558
  vertex 0.0972583294 -0.00578269875 0.0117673511
  vertex 0.0973723456 -0.00523935119 0.0116310958
  endloop
 endfacet

 facet normal 0.958459377 -0.28083843 0.0498534441
  outer loop
  vertex 0.0972180814 -0.00570649747 0.0129703702
  vertex 0.0972382054 -0.00587546267 0.0116316639
  vertex 0.0972583294 -0.00578269875 0.0117673511
  endloop
 endfacet

 facet normal 0.977079272 -0.212874994 0.000628257985
  outer loop
  vertex 0.0972583294 -0.00578269875 0.0117673511
  vertex 0.0972382054 -0.00587546267 0.0116316639
  vertex 0.0972851515 -0.00567005156 0.00822017528
  endloop
 endfacet

 facet normal 0.978728056 -0.205160066 0.000885728165
  outer loop
  vertex 0.0972583294 -0.00578269875 0.0117673511
  vertex 0.0972851515 -0.00567005156 0.00822017528
  vertex 0.0973723456 -0.00523935119 0.0116310958
  endloop
 endfacet

 facet normal 0.990082383 -0.140488103 0
  outer loop
  vertex 0.0974729508 -0.00453034975 0.0116310958
  vertex 0.0973723456 -0.00523935119 0.0116310958
  vertex 0.0973723456 -0.00523935119 0.00822017528
  endloop
 endfacet

 facet normal 0.990082383 -0.140488103 0
  outer loop
  vertex 0.0974729508 -0.00453034975 0.0116310958
  vertex 0.0973723456 -0.00523935119 0.00822017528
  vertex 0.0974729508 -0.00453034975 0.00822017528
  endloop
 endfacet

 facet normal -0.438790679 -0.898576736 0.00476515852
  outer loop
  vertex 0.0676868483 -0.010904735 0.00822017528
  vertex 0.0691523403 -0.0116203614 0.00822017528
  vertex 0.0691758171 -0.0116137341 0.0116316639
  endloop
 endfacet

 facet normal -0.458356827 -0.888635337 0.015371047
  outer loop
  vertex 0.0676868483 -0.010904735 0.00822017528
  vertex 0.0691758171 -0.0116137341 0.0116316639
  vertex 0.0691992939 -0.0116037959 0.012906217
  endloop
 endfacet

 facet normal -0.496256948 -0.867631376 0.0307368822
  outer loop
  vertex 0.0676868483 -0.010904735 0.00822017528
  vertex 0.0691992939 -0.0116037959 0.012906217
  vertex 0.0685621202 -0.0112393554 0.012906217
  endloop
 endfacet

 facet normal -0.381736219 -0.924161673 0.0142368395
  outer loop
  vertex 0.0691992939 -0.0116037959 0.012906217
  vertex 0.0691758171 -0.0116137341 0.0116316639
  vertex 0.0699538365 -0.0119351046 0.0116316639
  endloop
 endfacet

 facet normal -0.363850802 -0.931076825 0.0266226903
  outer loop
  vertex 0.0691992939 -0.0116037959 0.012906217
  vertex 0.0699538365 -0.0119351046 0.0116316639
  vertex 0.0699538365 -0.011898661 0.012906217
  endloop
 endfacet

 facet normal -0.266228348 -0.963516295 0.0275502466
  outer loop
  vertex 0.0699538365 -0.011898661 0.012906217
  vertex 0.0699538365 -0.0119351046 0.0116316639
  vertex 0.071224831 -0.0122862915 0.0116316639
  endloop
 endfacet

 facet normal -0.123832539 -0.992302656 0.000963376544
  outer loop
  vertex 0.071224831 -0.0122862915 0.0116316639
  vertex 0.0724991709 -0.0124486322 0.00822017528
  vertex 0.0724991709 -0.0124453204 0.0116316639
  endloop
 endfacet

 facet normal -0.266329348 -0.963881671 0.000936320866
  outer loop
  vertex 0.071224831 -0.0122862915 0.0116316639
  vertex 0.0699538365 -0.0119351046 0.0116316639
  vertex 0.0699538365 -0.0119384183 0.00822017528
  endloop
 endfacet

 facet normal -0.263992161 -0.964524865 0
  outer loop
  vertex 0.071224831 -0.0122862915 0.0116316639
  vertex 0.0699538365 -0.0119384183 0.00822017528
  vertex 0.071224831 -0.0122862915 0.00822017528
  endloop
 endfacet

 facet normal -0.126370817 -0.991983056 0
  outer loop
  vertex 0.071224831 -0.0122862915 0.0116316639
  vertex 0.071224831 -0.0122862915 0.00822017528
  vertex 0.0724991709 -0.0124486322 0.00822017528
  endloop
 endfacet

 facet normal 0.0441536196 -0.999024808 0
  outer loop
  vertex 0.0878013521 -0.0125115821 0.0116316639
  vertex 0.0878013521 -0.0125115821 0.00822017528
  vertex 0.0890756994 -0.0124552604 0.00822017528
  endloop
 endfacet

 facet normal 0.0441536196 -0.999024808 0
  outer loop
  vertex 0.0878013521 -0.0125115821 0.0116316639
  vertex 0.0890756994 -0.0124552604 0.00822017528
  vertex 0.0890756994 -0.0124552604 0.0116316639
  endloop
 endfacet

 facet normal 0.350531191 -0.936095834 0.0291987285
  outer loop
  vertex 0.0916210338 -0.0119450446 0.012906217
  vertex 0.0916210338 -0.0119848 0.0116316639
  vertex 0.0924527124 -0.0116336141 0.012906217
  endloop
 endfacet

 facet normal 0.2515046 -0.96738565 0.0301747229
  outer loop
  vertex 0.0916210338 -0.0119450446 0.012906217
  vertex 0.0903466865 -0.0123161087 0.0116316639
  vertex 0.0916210338 -0.0119848 0.0116316639
  endloop
 endfacet

 facet normal 0.36933884 -0.92917341 0.0150189027
  outer loop
  vertex 0.0924527124 -0.0116336141 0.012906217
  vertex 0.0916210338 -0.0119848 0.0116316639
  vertex 0.0924795344 -0.0116435513 0.0116316639
  endloop
 endfacet

 facet normal 0.450268596 -0.892741859 0.0164382569
  outer loop
  vertex 0.0924527124 -0.0116336141 0.012906217
  vertex 0.0924795344 -0.0116435513 0.0116316639
  vertex 0.0931167081 -0.0113221826 0.0116316639
  endloop
 endfacet

 facet normal 0.471899569 -0.881123006 0.030546274
  outer loop
  vertex 0.0924527124 -0.0116336141 0.012906217
  vertex 0.0931167081 -0.0113221826 0.0116316639
  vertex 0.093089886 -0.0112923654 0.012906217
  endloop
 endfacet

 facet normal 0.552718103 -0.833368301 0.000351192633
  outer loop
  vertex 0.0940758213 -0.0106860697 0.0116316639
  vertex 0.0931167081 -0.0113221826 0.0116316639
  vertex 0.0934285894 -0.011116772 0.00822017528
  endloop
 endfacet

 facet normal 0.554001689 -0.832515597 0
  outer loop
  vertex 0.0940758213 -0.0106860697 0.0116316639
  vertex 0.0934285894 -0.011116772 0.00822017528
  vertex 0.0940758213 -0.0106860697 0.00822017528
  endloop
 endfacet

 facet normal 0.612644315 -0.790358782 0
  outer loop
  vertex 0.0940758213 -0.0106860697 0.0116316639
  vertex 0.0940758213 -0.0106860697 0.00822017528
  vertex 0.0945117772 -0.0103481347 0.00822017528
  endloop
 endfacet

 facet normal 0.617546022 -0.786534011 0.0010052718
  outer loop
  vertex 0.0940758213 -0.0106860697 0.0116316639
  vertex 0.0945117772 -0.0103481347 0.00822017528
  vertex 0.094712995 -0.010185793 0.0116316639
  endloop
 endfacet

 facet normal 0.627925396 -0.778273523 0
  outer loop
  vertex 0.094712995 -0.010185793 0.0116316639
  vertex 0.0945117772 -0.0103481347 0.00822017528
  vertex 0.094712995 -0.010185793 0.00822017528
  endloop
 endfacet

 facet normal 0.742739856 -0.669580162 0
  outer loop
  vertex 0.094712995 -0.010185793 0.0116316639
  vertex 0.094712995 -0.010185793 0.00822017528
  vertex 0.0952864513 -0.00954968017 0.00822017528
  endloop
 endfacet

 facet normal 0.742739856 -0.669580162 0
  outer loop
  vertex 0.094712995 -0.010185793 0.0116316639
  vertex 0.0952864513 -0.00954968017 0.00822017528
  vertex 0.0952864513 -0.00954968017 0.0116316639
  endloop
 endfacet

 facet normal 0.77519834 -0.631717682 0.000754873501
  outer loop
  vertex 0.0952864513 -0.00954968017 0.0116316639
  vertex 0.0957190543 -0.00902289804 0.00822017528
  vertex 0.0959236175 -0.00876779109 0.0116316639
  endloop
 endfacet

 facet normal 0.772806287 -0.634641945 0
  outer loop
  vertex 0.0952864513 -0.00954968017 0.0116316639
  vertex 0.0952864513 -0.00954968017 0.00822017528
  vertex 0.0957190543 -0.00902289804 0.00822017528
  endloop
 endfacet

 facet normal 0.108832523 -0.994060159 0
  outer loop
  vertex 0.0890756994 -0.0124552604 0.0116316639
  vertex 0.0890756994 -0.0124552604 0.00822017528
  vertex 0.0903466865 -0.0123161087 0.00822017528
  endloop
 endfacet

 facet normal 0.108832523 -0.994060159 0
  outer loop
  vertex 0.0890756994 -0.0124552604 0.0116316639
  vertex 0.0903466865 -0.0123161087 0.00822017528
  vertex 0.0903466865 -0.0123161087 0.0116316639
  endloop
 endfacet

 facet normal 0.25161916 -0.967826426 0
  outer loop
  vertex 0.0903466865 -0.0123161087 0.0116316639
  vertex 0.0903466865 -0.0123161087 0.00822017528
  vertex 0.0916210338 -0.0119848 0.00822017528
  endloop
 endfacet

 facet normal 0.25161916 -0.967826426 0
  outer loop
  vertex 0.0903466865 -0.0123161087 0.0116316639
  vertex 0.0916210338 -0.0119848 0.00822017528
  vertex 0.0916210338 -0.0119848 0.0116316639
  endloop
 endfacet

 facet normal 0.842331886 -0.538959205 0
  outer loop
  vertex 0.0959236175 -0.00876779109 0.0116316639
  vertex 0.0959236175 -0.00876779109 0.00822017528
  vertex 0.0963327512 -0.0081283655 0.00822017528
  endloop
 endfacet

 facet normal 0.842331886 -0.538959205 0
  outer loop
  vertex 0.0959236175 -0.00876779109 0.0116316639
  vertex 0.0963327512 -0.0081283655 0.00822017528
  vertex 0.0963327512 -0.0081283655 0.0116316639
  endloop
 endfacet

 facet normal 0.7801494 -0.625593305 0
  outer loop
  vertex 0.0959236175 -0.00876779109 0.0116316639
  vertex 0.0957190543 -0.00902289804 0.00822017528
  vertex 0.0959236175 -0.00876779109 0.00822017528
  endloop
 endfacet

 facet normal 0.89682138 -0.442392915 0.000173571229
  outer loop
  vertex 0.0963327512 -0.0081283655 0.0116316639
  vertex 0.0966815203 -0.00742267631 0.00822017528
  vertex 0.0968491957 -0.00708142994 0.0116316639
  endloop
 endfacet

 facet normal 0.896488369 -0.443067402 0
  outer loop
  vertex 0.0963327512 -0.0081283655 0.0116316639
  vertex 0.0963327512 -0.0081283655 0.00822017528
  vertex 0.0966815203 -0.00742267631 0.00822017528
  endloop
 endfacet

 facet normal 0.951710463 -0.30699572 0.000864413974
  outer loop
  vertex 0.0968491957 -0.00708142994 0.0116316639
  vertex 0.0971141234 -0.00626972318 0.00822017528
  vertex 0.0972382054 -0.00587546267 0.0116316639
  endloop
 endfacet

 facet normal 0.897509217 -0.440995663 0
  outer loop
  vertex 0.0968491957 -0.00708142994 0.0116316639
  vertex 0.0966815203 -0.00742267631 0.00822017528
  vertex 0.0968491957 -0.00708142994 0.00822017528
  endloop
 endfacet

 facet normal 0.95064491 -0.310280979 0
  outer loop
  vertex 0.0968491957 -0.00708142994 0.0116316639
  vertex 0.0968491957 -0.00708142994 0.00822017528
  vertex 0.0971141234 -0.00626972318 0.00822017528
  endloop
 endfacet

 facet normal 0.953876972 -0.300197899 0
  outer loop
  vertex 0.0972382054 -0.00587546267 0.0116316639
  vertex 0.0971141234 -0.00626972318 0.00822017528
  vertex 0.0972382054 -0.00587546267 0.00822017528
  endloop
 endfacet

 facet normal 0.974863529 -0.222802758 0
  outer loop
  vertex 0.0972382054 -0.00587546267 0.0116316639
  vertex 0.0972382054 -0.00587546267 0.00822017528
  vertex 0.0972851515 -0.00567005156 0.00822017528
  endloop
 endfacet

 facet normal 0.980115831 -0.198426545 0
  outer loop
  vertex 0.0973723456 -0.00523935119 0.0116310958
  vertex 0.0972851515 -0.00567005156 0.00822017528
  vertex 0.0973723456 -0.00523935119 0.00822017528
  endloop
 endfacet

 facet normal -0.378038019 -0.925783932 0.00340373348
  outer loop
  vertex 0.0691523403 -0.0116203614 0.00822017528
  vertex 0.069403857 -0.0117230676 0.00822017528
  vertex 0.0699538365 -0.0119351046 0.0116316639
  endloop
 endfacet

 facet normal -0.381771147 -0.924246252 0.00442266883
  outer loop
  vertex 0.0691523403 -0.0116203614 0.00822017528
  vertex 0.0699538365 -0.0119351046 0.0116316639
  vertex 0.0691758171 -0.0116137341 0.0116316639
  endloop
 endfacet

 facet normal -0.364608437 -0.93116045 0.000904535176
  outer loop
  vertex 0.0699538365 -0.0119351046 0.0116316639
  vertex 0.069403857 -0.0117230676 0.00822017528
  vertex 0.0699538365 -0.0119384183 0.00822017528
  endloop
 endfacet

 facet normal 0.369380444 -0.929278255 0.000356317556
  outer loop
  vertex 0.0916210338 -0.0119848 0.0116316639
  vertex 0.0918993726 -0.0118754683 0.00822017528
  vertex 0.0924795344 -0.0116435513 0.0116316639
  endloop
 endfacet

 facet normal 0.365600109 -0.930772126 0
  outer loop
  vertex 0.0916210338 -0.0119848 0.0116316639
  vertex 0.0916210338 -0.0119848 0.00822017528
  vertex 0.0918993726 -0.0118754683 0.00822017528
  endloop
 endfacet

 facet normal 0.450329393 -0.892862439 0.000301017339
  outer loop
  vertex 0.0924795344 -0.0116435513 0.0116316639
  vertex 0.0929087922 -0.0114282006 0.00822017528
  vertex 0.0931167081 -0.0113221826 0.0116316639
  endloop
 endfacet

 facet normal 0.371187776 -0.928557813 0
  outer loop
  vertex 0.0924795344 -0.0116435513 0.0116316639
  vertex 0.0918993726 -0.0118754683 0.00822017528
  vertex 0.0924795344 -0.0116435513 0.00822017528
  endloop
 endfacet

 facet normal 0.448419183 -0.893823385 0
  outer loop
  vertex 0.0924795344 -0.0116435513 0.0116316639
  vertex 0.0924795344 -0.0116435513 0.00822017528
  vertex 0.0929087922 -0.0114282006 0.00822017528
  endloop
 endfacet

 facet normal 0.550041676 -0.835137308 0
  outer loop
  vertex 0.0931167081 -0.0113221826 0.0116316639
  vertex 0.0931167081 -0.0113221826 0.00822017528
  vertex 0.0934285894 -0.011116772 0.00822017528
  endloop
 endfacet

 facet normal 0.454253763 -0.890872419 0
  outer loop
  vertex 0.0931167081 -0.0113221826 0.0116316639
  vertex 0.0929087922 -0.0114282006 0.00822017528
  vertex 0.0931167081 -0.0113221826 0.00822017528
  endloop
 endfacet

endsolid AssimpScene
