solid AssimpScene
 facet normal 0 -0.0239790287 0.999712467
  outer loop
  vertex 0.0189396124 0.00438649906 0.039304696
  vertex 0.0176661741 0.00438649906 0.039304696
  vertex 0.0176661741 0.00311436318 0.0392741822
  endloop
 endfacet

 facet normal 0 -0.0239790287 0.999712467
  outer loop
  vertex 0.0189396124 0.00438649906 0.039304696
  vertex 0.0176661741 0.00311436318 0.0392741822
  vertex 0.0189396124 0.00311436318 0.0392741822
  endloop
 endfacet

 facet normal 0.117368303 -0.0238132942 0.992802858
  outer loop
  vertex 0.0189396124 0.00438649906 0.039304696
  vertex 0.0189396124 0.00311436318 0.0392741822
  vertex 0.0199016761 0.00311436318 0.0391604491
  endloop
 endfacet

 facet normal 0.130204827 -0.0139452536 0.991389036
  outer loop
  vertex 0.0189396124 0.00438649906 0.039304696
  vertex 0.0199016761 0.00311436318 0.0391604491
  vertex 0.0199323352 0.00438649906 0.0391743183
  endloop
 endfacet

 facet normal 0.130209297 0.0112257265 0.991423011
  outer loop
  vertex 0.0189396124 0.00438649906 0.039304696
  vertex 0.0199323352 0.00438649906 0.0391743183
  vertex 0.0199071281 0.00565863354 0.0391632244
  endloop
 endfacet

 facet normal 0.119534172 0.0194798652 0.992639005
  outer loop
  vertex 0.0189396124 0.00438649906 0.039304696
  vertex 0.0199071281 0.00565863354 0.0391632244
  vertex 0.0189396124 0.00565863354 0.0392797329
  endloop
 endfacet

 facet normal 0 0.0196205415 0.999807537
  outer loop
  vertex 0.0189396124 0.00438649906 0.039304696
  vertex 0.0189396124 0.00565863354 0.0392797329
  vertex 0.0176661741 0.00565863354 0.0392797329
  endloop
 endfacet

 facet normal 0 0.0196205415 0.999807537
  outer loop
  vertex 0.0189396124 0.00438649906 0.039304696
  vertex 0.0176661741 0.00565863354 0.0392797329
  vertex 0.0176661741 0.00438649906 0.039304696
  endloop
 endfacet

 facet normal -0.0348078124 0.0196086504 0.999201655
  outer loop
  vertex 0.0176661741 0.00438649906 0.039304696
  vertex 0.0176661741 0.00565863354 0.0392797329
  vertex 0.016392054 0.00565863354 0.039235346
  endloop
 endfacet

 facet normal -0.0391558371 0.015249216 0.999116838
  outer loop
  vertex 0.0176661741 0.00438649906 0.039304696
  vertex 0.016392054 0.00565863354 0.039235346
  vertex 0.016392054 0.00438649906 0.0392547622
  endloop
 endfacet

 facet normal -0.0391528569 -0.019605482 0.999040842
  outer loop
  vertex 0.0176661741 0.00438649906 0.039304696
  vertex 0.016392054 0.00438649906 0.0392547622
  vertex 0.016392054 0.00311436318 0.0392297991
  endloop
 endfacet

 facet normal -0.0348045081 -0.0239645001 0.999106765
  outer loop
  vertex 0.0176661741 0.00438649906 0.039304696
  vertex 0.016392054 0.00311436318 0.0392297991
  vertex 0.0176661741 0.00311436318 0.0392741822
  endloop
 endfacet

 facet normal 0 -0.0634011775 0.997988164
  outer loop
  vertex 0.0189396124 0.00311436318 0.0392741822
  vertex 0.0176661741 0.00311436318 0.0392741822
  vertex 0.0176661741 0.00184806401 0.0391937383
  endloop
 endfacet

 facet normal 0 -0.0634011775 0.997988164
  outer loop
  vertex 0.0189396124 0.00311436318 0.0392741822
  vertex 0.0176661741 0.00184806401 0.0391937383
  vertex 0.0189396124 0.00184806401 0.0391937383
  endloop
 endfacet

 facet normal 0.0854612365 -0.0631692261 0.994337022
  outer loop
  vertex 0.0189396124 0.00311436318 0.0392741822
  vertex 0.0189396124 0.00184806401 0.0391937383
  vertex 0.0196761489 0.000966905965 0.0390744545
  endloop
 endfacet

 facet normal 0.0880617127 -0.0622615181 0.994167328
  outer loop
  vertex 0.0189396124 0.00311436318 0.0392741822
  vertex 0.0196761489 0.000966905965 0.0390744545
  vertex 0.0197981112 0.00184806401 0.0391188338
  endloop
 endfacet

 facet normal 0.117297024 -0.0421998315 0.992199898
  outer loop
  vertex 0.0189396124 0.00311436318 0.0392741822
  vertex 0.0197981112 0.00184806401 0.0391188338
  vertex 0.0199016761 0.00311436318 0.0391604491
  endloop
 endfacet

 facet normal 0.763576865 -0.0834918469 0.640296459
  outer loop
  vertex 0.0199016761 0.00311436318 0.0391604491
  vertex 0.0197981112 0.00184806401 0.0391188338
  vertex 0.0203936081 0.00184806401 0.0384086818
  endloop
 endfacet

 facet normal 0.782627523 -0.0635868832 0.619234085
  outer loop
  vertex 0.0199016761 0.00311436318 0.0391604491
  vertex 0.0203936081 0.00184806401 0.0384086818
  vertex 0.0204964932 0.00311436318 0.0384086818
  endloop
 endfacet

 facet normal 0.783956409 -0.0256558564 0.620285511
  outer loop
  vertex 0.0199016761 0.00311436318 0.0391604491
  vertex 0.0204964932 0.00311436318 0.0384086818
  vertex 0.0199323352 0.00438649906 0.0391743183
  endloop
 endfacet

 facet normal 0.79027456 0.0156608764 0.612552822
  outer loop
  vertex 0.0199323352 0.00438649906 0.0391743183
  vertex 0.0205257908 0.00438649906 0.0384086818
  vertex 0.0205005798 0.00565863354 0.0384086818
  endloop
 endfacet

 facet normal 0.785842299 0.0209621992 0.618071675
  outer loop
  vertex 0.0199323352 0.00438649906 0.0391743183
  vertex 0.0205005798 0.00565863354 0.0384086818
  vertex 0.0199071281 0.00565863354 0.0391632244
  endloop
 endfacet

 facet normal 0.790240526 -0.0181992017 0.612526536
  outer loop
  vertex 0.0199323352 0.00438649906 0.0391743183
  vertex 0.0204964932 0.00311436318 0.0384086818
  vertex 0.0205257908 0.00438649906 0.0384086818
  endloop
 endfacet

 facet normal 0.78462702 0.0594017804 0.617115796
  outer loop
  vertex 0.0199071281 0.00565863354 0.0391632244
  vertex 0.0205005798 0.00565863354 0.0384086818
  vertex 0.0204038285 0.00693660369 0.0384086818
  endloop
 endfacet

 facet normal 0.767092347 0.0778372586 0.636797309
  outer loop
  vertex 0.0199071281 0.00565863354 0.0391632244
  vertex 0.0204038285 0.00693660369 0.0384086818
  vertex 0.0198096931 0.00693660369 0.0391243845
  endloop
 endfacet

 facet normal 0.119464666 0.0392587855 0.992061973
  outer loop
  vertex 0.0199071281 0.00565863354 0.0391632244
  vertex 0.0198096931 0.00693660369 0.0391243845
  vertex 0.0189396124 0.00565863354 0.0392797329
  endloop
 endfacet

 facet normal 0.0855964422 0.0625968277 0.994361579
  outer loop
  vertex 0.0189396124 0.00565863354 0.0392797329
  vertex 0.0198096931 0.00693660369 0.0391243845
  vertex 0.0189396124 0.00693660369 0.0391992815
  endloop
 endfacet

 facet normal 0 0.0628274232 0.998024523
  outer loop
  vertex 0.0189396124 0.00565863354 0.0392797329
  vertex 0.0189396124 0.00693660369 0.0391992815
  vertex 0.0176661741 0.00693660369 0.0391992815
  endloop
 endfacet

 facet normal 0 0.0628274232 0.998024523
  outer loop
  vertex 0.0189396124 0.00565863354 0.0392797329
  vertex 0.0176661741 0.00693660369 0.0391992815
  vertex 0.0176661741 0.00565863354 0.0392797329
  endloop
 endfacet

 facet normal -0.0304035433 0.062798366 0.997563064
  outer loop
  vertex 0.0176661741 0.00565863354 0.0392797329
  vertex 0.0176661741 0.00693660369 0.0391992815
  vertex 0.016392054 0.00693660369 0.0391604491
  endloop
 endfacet

 facet normal -0.0347549431 0.058471363 0.997683942
  outer loop
  vertex 0.0176661741 0.00565863354 0.0392797329
  vertex 0.016392054 0.00693660369 0.0391604491
  vertex 0.016392054 0.00565863354 0.039235346
  endloop
 endfacet

 facet normal -0.16012989 0.0150639899 0.986981034
  outer loop
  vertex 0.016392054 0.00565863354 0.039235346
  vertex 0.0156739149 0.00565863354 0.0391188338
  vertex 0.016392054 0.00438649906 0.0392547622
  endloop
 endfacet

 facet normal -0.103012472 0.0581954569 0.992976189
  outer loop
  vertex 0.016392054 0.00565863354 0.039235346
  vertex 0.016392054 0.00693660369 0.0391604491
  vertex 0.0157447755 0.00763686234 0.0390522592
  endloop
 endfacet

 facet normal -0.129720941 0.0492113642 0.99032855
  outer loop
  vertex 0.016392054 0.00565863354 0.039235346
  vertex 0.0157447755 0.00763686234 0.0390522592
  vertex 0.0157120712 0.00693660369 0.039082773
  endloop
 endfacet

 facet normal -0.16006285 0.0326180384 0.986567855
  outer loop
  vertex 0.016392054 0.00565863354 0.039235346
  vertex 0.0157120712 0.00693660369 0.039082773
  vertex 0.0156739149 0.00565863354 0.0391188338
  endloop
 endfacet

 facet normal -0.172405958 0.00792167522 0.984994233
  outer loop
  vertex 0.016392054 0.00438649906 0.0392547622
  vertex 0.0156739149 0.00565863354 0.0391188338
  vertex 0.0156630129 0.00438649906 0.0391271561
  endloop
 endfacet

 facet normal -0.172402114 -0.0103466203 0.984972358
  outer loop
  vertex 0.016392054 0.00438649906 0.0392547622
  vertex 0.0156630129 0.00438649906 0.0391271561
  vertex 0.0156759601 0.00311436318 0.0391160622
  endloop
 endfacet

 facet normal -0.156835407 -0.0193777159 0.987434626
  outer loop
  vertex 0.016392054 0.00438649906 0.0392547622
  vertex 0.0156759601 0.00311436318 0.0391160622
  vertex 0.016392054 0.00311436318 0.0392297991
  endloop
 endfacet

 facet normal -0.156767398 -0.035244178 0.987006545
  outer loop
  vertex 0.016392054 0.00311436318 0.0392297991
  vertex 0.0156759601 0.00311436318 0.0391160622
  vertex 0.0157161579 0.00184806401 0.0390772298
  endloop
 endfacet

 facet normal -0.143140748 -0.0427311212 0.988779485
  outer loop
  vertex 0.016392054 0.00311436318 0.0392297991
  vertex 0.0157161579 0.00184806401 0.0390772298
  vertex 0.0157475006 0.00116531306 0.0390522592
  endloop
 endfacet

 facet normal -0.0828873739 -0.0631830022 0.994553983
  outer loop
  vertex 0.016392054 0.00311436318 0.0392297991
  vertex 0.0157475006 0.00116531306 0.0390522592
  vertex 0.016392054 0.00184806401 0.0391493514
  endloop
 endfacet

 facet normal -0.0347445533 -0.063362889 0.997385621
  outer loop
  vertex 0.016392054 0.00311436318 0.0392297991
  vertex 0.016392054 0.00184806401 0.0391493514
  vertex 0.0176661741 0.00184806401 0.0391937383
  endloop
 endfacet

 facet normal -0.0347445533 -0.063362889 0.997385621
  outer loop
  vertex 0.016392054 0.00311436318 0.0392297991
  vertex 0.0176661741 0.00184806401 0.0391937383
  vertex 0.0176661741 0.00311436318 0.0392741822
  endloop
 endfacet

 facet normal 0 -0.10445191 0.994529903
  outer loop
  vertex 0.0189396124 0.00184806401 0.0391937383
  vertex 0.0176661741 0.00184806401 0.0391937383
  vertex 0.0176661741 0.000844361377 0.03908832
  endloop
 endfacet

 facet normal 0 -0.10445191 0.994529903
  outer loop
  vertex 0.0189396124 0.00184806401 0.0391937383
  vertex 0.0176661741 0.000844361377 0.03908832
  vertex 0.0189396124 0.000844361377 0.03908832
  endloop
 endfacet

 facet normal 0.0360803045 -0.104383901 0.993882358
  outer loop
  vertex 0.0189396124 0.00184806401 0.0391937383
  vertex 0.0189396124 0.000844361377 0.03908832
  vertex 0.0196761489 0.000966905965 0.0390744545
  endloop
 endfacet

 facet normal 0.0379564911 -0.11581172 0.992545724
  outer loop
  vertex 0.0196761489 0.000966905965 0.0390744545
  vertex 0.0189396124 0.000844361377 0.03908832
  vertex 0.0189396124 0.000202458978 0.039013423
  endloop
 endfacet

 facet normal 0.0844303891 -0.159868345 0.983521104
  outer loop
  vertex 0.0196761489 0.000966905965 0.0390744545
  vertex 0.0189396124 0.000202458978 0.039013423
  vertex 0.0189396124 -0.000702041958 0.0388664007
  endloop
 endfacet

 facet normal 0.143326312 -0.184465379 0.972332358
  outer loop
  vertex 0.0196761489 0.000966905965 0.0390744545
  vertex 0.0189396124 -0.000702041958 0.0388664007
  vertex 0.0189396124 -0.00197417568 0.0386250578
  endloop
 endfacet

 facet normal 0.233991563 -0.203854144 0.95062685
  outer loop
  vertex 0.0196761489 0.000966905965 0.0390744545
  vertex 0.0189396124 -0.00197417568 0.0386250578
  vertex 0.0198008362 -0.00453011645 0.0378649719
  endloop
 endfacet

 facet normal 0.297167152 -0.198743567 0.933912516
  outer loop
  vertex 0.0196761489 0.000966905965 0.0390744545
  vertex 0.0198008362 -0.00453011645 0.0378649719
  vertex 0.0200849585 -0.00325798243 0.0380452834
  endloop
 endfacet

 facet normal 0.62980181 -0.125777259 0.766504884
  outer loop
  vertex 0.0196761489 0.000966905965 0.0390744545
  vertex 0.0200849585 -0.00325798243 0.0380452834
  vertex 0.0197981112 0.00184806401 0.0391188338
  endloop
 endfacet

 facet normal 0.6474635 -0.121798642 0.75230068
  outer loop
  vertex 0.0197981112 0.00184806401 0.0391188338
  vertex 0.0200849585 -0.00325798243 0.0380452834
  vertex 0.0201524124 -0.00197417568 0.0381950811
  endloop
 endfacet

 facet normal 0.763546467 -0.0839631781 0.640271068
  outer loop
  vertex 0.0197981112 0.00184806401 0.0391188338
  vertex 0.0201524124 -0.00197417568 0.0381950811
  vertex 0.0203936081 0.00184806401 0.0384086818
  endloop
 endfacet

 facet normal 0.849493623 -0.0827255175 0.521073103
  outer loop
  vertex 0.0203936081 0.00184806401 0.0384086818
  vertex 0.0201524124 -0.00197417568 0.0381950811
  vertex 0.0206790939 -0.00325798243 0.0371326283
  endloop
 endfacet

 facet normal 0.874432445 -0.0710458383 0.479917169
  outer loop
  vertex 0.0203936081 0.00184806401 0.0384086818
  vertex 0.0206790939 -0.00325798243 0.0371326283
  vertex 0.0204964932 0.00311436318 0.0384086818
  endloop
 endfacet

 facet normal 0.923864007 -0.0495216697 0.379503697
  outer loop
  vertex 0.0204964932 0.00311436318 0.0384086818
  vertex 0.0206790939 -0.00325798243 0.0371326283
  vertex 0.0207479093 -0.00197417568 0.0371326283
  endloop
 endfacet

 facet normal 0.960485637 -0.0221199375 0.277449042
  outer loop
  vertex 0.0204964932 0.00311436318 0.0384086818
  vertex 0.0207479093 -0.00197417568 0.0371326283
  vertex 0.0205257908 0.00438649906 0.0384086818
  endloop
 endfacet

 facet normal 0.975040317 -0.0104440255 0.221782327
  outer loop
  vertex 0.0205257908 0.00438649906 0.0384086818
  vertex 0.0207479093 -0.00197417568 0.0371326283
  vertex 0.0207615364 -0.000702041958 0.0371326283
  endloop
 endfacet

 facet normal 0.980631292 -0.00367658376 0.195828661
  outer loop
  vertex 0.0205257908 0.00438649906 0.0384086818
  vertex 0.0207615364 -0.000702041958 0.0371326283
  vertex 0.0207663048 0.000570093747 0.0371326283
  endloop
 endfacet

 facet normal 0.982696712 0 0.185222074
  outer loop
  vertex 0.0205257908 0.00438649906 0.0384086818
  vertex 0.0207663048 0.000570093747 0.0371326283
  vertex 0.0207663048 0.00820873864 0.0371326283
  endloop
 endfacet

 facet normal 0.980922818 0.00316619151 0.194371611
  outer loop
  vertex 0.0205257908 0.00438649906 0.0384086818
  vertex 0.0207663048 0.00820873864 0.0371326283
  vertex 0.0207622182 0.00947503839 0.0371326283
  endloop
 endfacet

 facet normal 0.975459516 0.00983663555 0.21995914
  outer loop
  vertex 0.0205257908 0.00438649906 0.0384086818
  vertex 0.0207622182 0.00947503839 0.0371326283
  vertex 0.0207492728 0.0107588442 0.0371326283
  endloop
 endfacet

 facet normal 0.964251697 0.0191085823 0.264298379
  outer loop
  vertex 0.0205257908 0.00438649906 0.0384086818
  vertex 0.0207492728 0.0107588442 0.0371326283
  vertex 0.0205005798 0.00565863354 0.0384086818
  endloop
 endfacet

 facet normal 0.932731092 0.0440571532 0.357871115
  outer loop
  vertex 0.0205005798 0.00565863354 0.0384086818
  vertex 0.0207492728 0.0107588442 0.0371326283
  vertex 0.0206886325 0.01204265 0.0371326283
  endloop
 endfacet

 facet normal 0.883007526 0.0668498799 0.464573801
  outer loop
  vertex 0.0205005798 0.00565863354 0.0384086818
  vertex 0.0206886325 0.01204265 0.0371326283
  vertex 0.0204038285 0.00693660369 0.0384086818
  endloop
 endfacet

 facet normal 0.849921644 0.082643792 0.52038753
  outer loop
  vertex 0.0204038285 0.00693660369 0.0384086818
  vertex 0.0206886325 0.01204265 0.0371326283
  vertex 0.0201544557 0.0107588442 0.038208954
  endloop
 endfacet

 facet normal 0.766753495 0.0832859129 0.636515915
  outer loop
  vertex 0.0204038285 0.00693660369 0.0384086818
  vertex 0.0201544557 0.0107588442 0.038208954
  vertex 0.0198096931 0.00693660369 0.0391243845
  endloop
 endfacet

 facet normal 0.663174868 0.117228031 0.739227057
  outer loop
  vertex 0.0198096931 0.00693660369 0.0391243845
  vertex 0.0201544557 0.0107588442 0.038208954
  vertex 0.0200944971 0.01204265 0.0380591564
  endloop
 endfacet

 facet normal 0.627178311 0.125387996 0.768716693
  outer loop
  vertex 0.0198096931 0.00693660369 0.0391243845
  vertex 0.0200944971 0.01204265 0.0380591564
  vertex 0.0196843259 0.00785277411 0.0390772298
  endloop
 endfacet

 facet normal 0.0855948478 0.0628914982 0.994343042
  outer loop
  vertex 0.0198096931 0.00693660369 0.0391243845
  vertex 0.0196843259 0.00785277411 0.0390772298
  vertex 0.0189396124 0.00693660369 0.0391992815
  endloop
 endfacet

 facet normal 0.0415497497 0.0986815542 0.994251251
  outer loop
  vertex 0.0189396124 0.00693660369 0.0391992815
  vertex 0.0196843259 0.00785277411 0.0390772298
  vertex 0.0189396124 0.00799866114 0.0390938707
  endloop
 endfacet

 facet normal 0 0.098766841 0.995110631
  outer loop
  vertex 0.0189396124 0.00693660369 0.0391992815
  vertex 0.0189396124 0.00799866114 0.0390938707
  vertex 0.0176661741 0.00799866114 0.0390938707
  endloop
 endfacet

 facet normal 0 0.098766841 0.995110631
  outer loop
  vertex 0.0189396124 0.00693660369 0.0391992815
  vertex 0.0176661741 0.00799866114 0.0390938707
  vertex 0.0176661741 0.00693660369 0.0391992815
  endloop
 endfacet

 facet normal -0.0256551094 0.0987343341 0.994783044
  outer loop
  vertex 0.0176661741 0.00693660369 0.0391992815
  vertex 0.0176661741 0.00799866114 0.0390938707
  vertex 0.016392054 0.00783526711 0.0390772298
  endloop
 endfacet

 facet normal -0.0303340014 0.0921683013 0.995281339
  outer loop
  vertex 0.0176661741 0.00693660369 0.0391992815
  vertex 0.016392054 0.00783526711 0.0390772298
  vertex 0.016392054 0.00693660369 0.0391604491
  endloop
 endfacet

 facet normal -0.0665272325 0.0920064673 0.993533671
  outer loop
  vertex 0.016392054 0.00693660369 0.0391604491
  vertex 0.016392054 0.00783526711 0.0390772298
  vertex 0.0157447755 0.00763686234 0.0390522592
  endloop
 endfacet

 facet normal -0.956860781 0.0367016904 0.288219512
  outer loop
  vertex 0.0156739149 0.00565863354 0.0391188338
  vertex 0.0157120712 0.00693660369 0.039082773
  vertex 0.0148154162 0.0184149947 0.0346443132
  endloop
 endfacet

 facet normal -0.964221776 0.0275908243 0.263657719
  outer loop
  vertex 0.0156739149 0.00565863354 0.0391188338
  vertex 0.0148154162 0.0184149947 0.0346443132
  vertex 0.0154797304 0.00565863354 0.0384086818
  endloop
 endfacet

 facet normal -0.96454072 0.00999106467 0.26374495
  outer loop
  vertex 0.0156739149 0.00565863354 0.0391188338
  vertex 0.0154797304 0.00565863354 0.0384086818
  vertex 0.0156630129 0.00438649906 0.0391271561
  endloop
 endfacet

 facet normal -0.0915411636 0.175283447 0.9802531
  outer loop
  vertex 0.0157447755 0.00763686234 0.0390522592
  vertex 0.016392054 0.00783526711 0.0390772298
  vertex 0.016392054 0.00847133528 0.0389634892
  endloop
 endfacet

 facet normal -0.113216631 0.191530794 0.974934816
  outer loop
  vertex 0.0157447755 0.00763686234 0.0390522592
  vertex 0.016392054 0.00847133528 0.0389634892
  vertex 0.016392054 0.0107588442 0.0385140963
  endloop
 endfacet

 facet normal -0.11403437 0.191678911 0.974810481
  outer loop
  vertex 0.0157447755 0.00763686234 0.0390522592
  vertex 0.016392054 0.0107588442 0.0385140963
  vertex 0.016392054 0.01204265 0.0382616594
  endloop
 endfacet

 facet normal -0.23128663 0.204653412 0.951116979
  outer loop
  vertex 0.0157447755 0.00763686234 0.0390522592
  vertex 0.016392054 0.01204265 0.0382616594
  vertex 0.0156602878 0.0130463531 0.0378677472
  endloop
 endfacet

 facet normal -0.774916232 0.123626769 0.619855821
  outer loop
  vertex 0.0157447755 0.00763686234 0.0390522592
  vertex 0.0156602878 0.0130463531 0.0378677472
  vertex 0.0155867012 0.01204265 0.0379759334
  endloop
 endfacet

 facet normal -0.92314291 0.0596632175 0.379799306
  outer loop
  vertex 0.0157447755 0.00763686234 0.0390522592
  vertex 0.0155867012 0.01204265 0.0379759334
  vertex 0.0157120712 0.00693660369 0.039082773
  endloop
 endfacet

 facet normal -0.946197093 0.04619449 0.320276946
  outer loop
  vertex 0.0157120712 0.00693660369 0.039082773
  vertex 0.0155867012 0.01204265 0.0379759334
  vertex 0.0155587671 0.0107588442 0.0380785726
  endloop
 endfacet

 facet normal -0.955349147 0.0386456996 0.29294154
  outer loop
  vertex 0.0157120712 0.00693660369 0.039082773
  vertex 0.0155587671 0.0107588442 0.0380785726
  vertex 0.0148154162 0.0184149947 0.0346443132
  endloop
 endfacet

 facet normal -0.965564132 0.00775652565 0.260049552
  outer loop
  vertex 0.0156630129 0.00438649906 0.0391271561
  vertex 0.0154797304 0.00565863354 0.0384086818
  vertex 0.015469511 0.00438649906 0.0384086818
  endloop
 endfacet

 facet normal -0.965555966 -0.00879055168 0.260047346
  outer loop
  vertex 0.0156630129 0.00438649906 0.0391271561
  vertex 0.015469511 0.00438649906 0.0384086818
  vertex 0.015481093 0.00311436318 0.0384086818
  endloop
 endfacet

 facet normal -0.964016736 -0.0121270176 0.265565157
  outer loop
  vertex 0.0156630129 0.00438649906 0.0391271561
  vertex 0.015481093 0.00311436318 0.0384086818
  vertex 0.0156759601 0.00311436318 0.0391160622
  endloop
 endfacet

 facet normal -0.963681221 -0.0290306173 0.26547274
  outer loop
  vertex 0.0156759601 0.00311436318 0.0391160622
  vertex 0.015481093 0.00311436318 0.0384086818
  vertex 0.0148263192 -0.00962449238 0.0346387662
  endloop
 endfacet

 facet normal -0.956883729 -0.0374195836 0.288051218
  outer loop
  vertex 0.0156759601 0.00311436318 0.0391160622
  vertex 0.0148263192 -0.00962449238 0.0346387662
  vertex 0.0155601297 -0.00197417568 0.0380702503
  endloop
 endfacet

 facet normal -0.953947902 -0.0394023284 0.297373354
  outer loop
  vertex 0.0156759601 0.00311436318 0.0391160622
  vertex 0.0155601297 -0.00197417568 0.0380702503
  vertex 0.0157161579 0.00184806401 0.0390772298
  endloop
 endfacet

 facet normal -0.943717837 -0.0477025285 0.327293694
  outer loop
  vertex 0.0157161579 0.00184806401 0.0390772298
  vertex 0.0155601297 -0.00197417568 0.0380702503
  vertex 0.0155894263 -0.00325798243 0.0379676111
  endloop
 endfacet

 facet normal -0.929783106 -0.0559871905 0.363825202
  outer loop
  vertex 0.0157161579 0.00184806401 0.0390772298
  vertex 0.0155894263 -0.00325798243 0.0379676111
  vertex 0.0157475006 0.00116531306 0.0390522592
  endloop
 endfacet

 facet normal -0.0537643358 -0.090659067 0.994429708
  outer loop
  vertex 0.0157475006 0.00116531306 0.0390522592
  vertex 0.016392054 0.000996083487 0.0390716791
  vertex 0.016392054 0.00184806401 0.0391493514
  endloop
 endfacet

 facet normal -0.754523993 -0.13073656 0.64311856
  outer loop
  vertex 0.0157475006 0.00116531306 0.0390522592
  vertex 0.0155894263 -0.00325798243 0.0379676111
  vertex 0.0156650562 -0.004226672 0.0378594212
  endloop
 endfacet

 facet normal -0.225269362 -0.20716469 0.952017069
  outer loop
  vertex 0.0157475006 0.00116531306 0.0390522592
  vertex 0.0156650562 -0.004226672 0.0378594212
  vertex 0.016392054 -0.00325798243 0.0382422395
  endloop
 endfacet

 facet normal -0.0986882076 -0.193146974 0.976194203
  outer loop
  vertex 0.0157475006 0.00116531306 0.0390522592
  vertex 0.016392054 -0.00325798243 0.0382422395
  vertex 0.0176661741 -0.00197417568 0.0386250578
  endloop
 endfacet

 facet normal -0.0859140232 -0.185700595 0.978843331
  outer loop
  vertex 0.0157475006 0.00116531306 0.0390522592
  vertex 0.0176661741 -0.00197417568 0.0386250578
  vertex 0.0176661741 -0.000702041958 0.0388664007
  endloop
 endfacet

 facet normal -0.0756275877 -0.175404593 0.98158735
  outer loop
  vertex 0.0157475006 0.00116531306 0.0390522592
  vertex 0.0176661741 -0.000702041958 0.0388664007
  vertex 0.016392054 0.000996083487 0.0390716791
  endloop
 endfacet

 facet normal -0.0346708968 -0.0907357931 0.995271325
  outer loop
  vertex 0.016392054 0.00184806401 0.0391493514
  vertex 0.016392054 0.000996083487 0.0390716791
  vertex 0.0176661741 0.00184806401 0.0391937383
  endloop
 endfacet

 facet normal -0.0254199542 -0.104418159 0.994208574
  outer loop
  vertex 0.0176661741 0.00184806401 0.0391937383
  vertex 0.016392054 0.000996083487 0.0390716791
  vertex 0.0176661741 0.000844361377 0.03908832
  endloop
 endfacet

 facet normal 0 -0.115895227 0.993261456
  outer loop
  vertex 0.0189396124 0.000844361377 0.03908832
  vertex 0.0176661741 0.000844361377 0.03908832
  vertex 0.0176661741 0.000202458978 0.039013423
  endloop
 endfacet

 facet normal 0 -0.115895227 0.993261456
  outer loop
  vertex 0.0189396124 0.000844361377 0.03908832
  vertex 0.0176661741 0.000202458978 0.039013423
  vertex 0.0189396124 0.000202458978 0.039013423
  endloop
 endfacet

 facet normal 0 -0.160441205 0.987045407
  outer loop
  vertex 0.0189396124 0.000202458978 0.039013423
  vertex 0.0176661741 0.000202458978 0.039013423
  vertex 0.0176661741 -0.000702041958 0.0388664007
  endloop
 endfacet

 facet normal 0 -0.160441205 0.987045407
  outer loop
  vertex 0.0189396124 0.000202458978 0.039013423
  vertex 0.0176661741 -0.000702041958 0.0388664007
  vertex 0.0189396124 -0.000702041958 0.0388664007
  endloop
 endfacet

 facet normal 0 -0.186389759 0.982475877
  outer loop
  vertex 0.0189396124 -0.000702041958 0.0388664007
  vertex 0.0176661741 -0.000702041958 0.0388664007
  vertex 0.0176661741 -0.00197417568 0.0386250578
  endloop
 endfacet

 facet normal 0 -0.186389759 0.982475877
  outer loop
  vertex 0.0189396124 -0.000702041958 0.0388664007
  vertex 0.0176661741 -0.00197417568 0.0386250578
  vertex 0.0189396124 -0.00197417568 0.0386250578
  endloop
 endfacet

 facet normal 0 -0.231245205 0.972895563
  outer loop
  vertex 0.0189396124 -0.00197417568 0.0386250578
  vertex 0.0176661741 -0.00197417568 0.0386250578
  vertex 0.0176661741 -0.00325798243 0.0383199118
  endloop
 endfacet

 facet normal 0 -0.231245205 0.972895563
  outer loop
  vertex 0.0189396124 -0.00197417568 0.0386250578
  vertex 0.0176661741 -0.00325798243 0.0383199118
  vertex 0.0189396124 -0.00325798243 0.0383199118
  endloop
 endfacet

 facet normal 0.144316182 -0.228824437 0.962710977
  outer loop
  vertex 0.0189396124 -0.00197417568 0.0386250578
  vertex 0.0189396124 -0.00325798243 0.0383199118
  vertex 0.0195780359 -0.00516618416 0.037770655
  endloop
 endfacet

 facet normal 0.207105443 -0.214096352 0.954604745
  outer loop
  vertex 0.0189396124 -0.00197417568 0.0386250578
  vertex 0.0195780359 -0.00516618416 0.037770655
  vertex 0.0198008362 -0.00453011645 0.0378649719
  endloop
 endfacet

 facet normal 0.505854845 -0.297266722 0.809779823
  outer loop
  vertex 0.0198008362 -0.00453011645 0.0378649719
  vertex 0.0195780359 -0.00516618416 0.037770655
  vertex 0.0200508907 -0.00707438774 0.0367747769
  endloop
 endfacet

 facet normal 0.644933403 -0.246571869 0.72336936
  outer loop
  vertex 0.0198008362 -0.00453011645 0.0378649719
  vertex 0.0200508907 -0.00707438774 0.0367747769
  vertex 0.0200849585 -0.00325798243 0.0380452834
  endloop
 endfacet

 facet normal 0.820472419 -0.187154859 0.540183425
  outer loop
  vertex 0.0200849585 -0.00325798243 0.0380452834
  vertex 0.0200508907 -0.00707438774 0.0367747769
  vertex 0.0203956533 -0.00453011645 0.0371326283
  endloop
 endfacet

 facet normal 0.823823392 -0.183553994 0.53630501
  outer loop
  vertex 0.0200849585 -0.00325798243 0.0380452834
  vertex 0.0203956533 -0.00453011645 0.0371326283
  vertex 0.0206790939 -0.00325798243 0.0371326283
  endloop
 endfacet

 facet normal 0.833244503 -0.107072942 0.542438149
  outer loop
  vertex 0.0200849585 -0.00325798243 0.0380452834
  vertex 0.0206790939 -0.00325798243 0.0371326283
  vertex 0.0201524124 -0.00197417568 0.0381950811
  endloop
 endfacet

 facet normal 0.827939987 -0.184471175 0.529609084
  outer loop
  vertex 0.0206790939 -0.00325798243 0.0371326283
  vertex 0.0203956533 -0.00453011645 0.0371326283
  vertex 0.0206450261 -0.00707438774 0.035856571
  endloop
 endfacet

 facet normal 0.970497072 -0.0842057839 0.225931212
  outer loop
  vertex 0.0206790939 -0.00325798243 0.0371326283
  vertex 0.0206450261 -0.00707438774 0.035856571
  vertex 0.0207554046 -0.00580225186 0.035856571
  endloop
 endfacet

 facet normal 0.985016406 -0.0527996123 0.164180145
  outer loop
  vertex 0.0206790939 -0.00325798243 0.0371326283
  vertex 0.0207554046 -0.00580225186 0.035856571
  vertex 0.0207479093 -0.00197417568 0.0371326283
  endloop
 endfacet

 facet normal 0.999221265 -0.0107030366 0.0379768498
  outer loop
  vertex 0.0207479093 -0.00197417568 0.0371326283
  vertex 0.0207554046 -0.00580225186 0.035856571
  vertex 0.0207615364 -0.000702041958 0.0371326283
  endloop
 endfacet

 facet normal 0.999530077 -0.00856536161 0.0294313878
  outer loop
  vertex 0.0207615364 -0.000702041958 0.0371326283
  vertex 0.0207554046 -0.00580225186 0.035856571
  vertex 0.0207663048 -0.00453011645 0.035856571
  endloop
 endfacet

 facet normal 0.999880672 -0.00374875311 0.0149832238
  outer loop
  vertex 0.0207615364 -0.000702041958 0.0371326283
  vertex 0.0207663048 -0.00453011645 0.035856571
  vertex 0.0207663048 0.000570093747 0.0371326283
  endloop
 endfacet

 facet normal 0.999999166 -0.000318712002 0.00127384567
  outer loop
  vertex 0.0207663048 0.000570093747 0.0371326283
  vertex 0.0207663048 -0.00453011645 0.035856571
  vertex 0.0208044611 0.015701497 0.0109651377
  endloop
 endfacet

 facet normal 0.999998987 0 0.00145814149
  outer loop
  vertex 0.0207663048 0.000570093747 0.0371326283
  vertex 0.0208044611 0.015701497 0.0109651377
  vertex 0.0208044611 0.028615417 0.0109651377
  endloop
 endfacet

 facet normal 0.999998987 0 0.00145814149
  outer loop
  vertex 0.0207663048 0.000570093747 0.0371326283
  vertex 0.0208044611 0.028615417 0.0109651377
  vertex 0.0207663048 0.00820873864 0.0371326283
  endloop
 endfacet

 facet normal 0.999998093 0.000533047249 0.00187383627
  outer loop
  vertex 0.0207663048 0.00820873864 0.0371326283
  vertex 0.0208044611 0.028615417 0.0109651377
  vertex 0.0208037812 0.029893389 0.0109651377
  endloop
 endfacet

 facet normal 0.999997854 0.000620298146 0.00194613962
  outer loop
  vertex 0.0207663048 0.00820873864 0.0371326283
  vertex 0.0208037812 0.029893389 0.0109651377
  vertex 0.0207656249 0.0133089498 0.035856571
  endloop
 endfacet

 facet normal 0.999918401 0.0032275049 0.0123668117
  outer loop
  vertex 0.0207663048 0.00820873864 0.0371326283
  vertex 0.0207656249 0.0133089498 0.035856571
  vertex 0.0207622182 0.00947503839 0.0371326283
  endloop
 endfacet

 facet normal 0.999697745 0.00696080877 0.0235829391
  outer loop
  vertex 0.0207622182 0.00947503839 0.0371326283
  vertex 0.0207656249 0.0133089498 0.035856571
  vertex 0.0207567681 0.0145810843 0.035856571
  endloop
 endfacet

 facet normal 0.999299049 0.010077036 0.0360540003
  outer loop
  vertex 0.0207622182 0.00947503839 0.0371326283
  vertex 0.0207567681 0.0145810843 0.035856571
  vertex 0.0207492728 0.0107588442 0.0371326283
  endloop
 endfacet

 facet normal 0.988238037 0.0466790013 0.145624906
  outer loop
  vertex 0.0207492728 0.0107588442 0.0371326283
  vertex 0.0207567681 0.0145810843 0.035856571
  vertex 0.0206886325 0.01204265 0.0371326283
  endloop
 endfacet

 facet normal 0.829907596 0.167453021 0.532177567
  outer loop
  vertex 0.0206886325 0.01204265 0.0371326283
  vertex 0.0204331279 0.0133089498 0.0371326283
  vertex 0.0200944971 0.01204265 0.0380591564
  endloop
 endfacet

 facet normal 0.837423086 0.101769298 0.536996782
  outer loop
  vertex 0.0206886325 0.01204265 0.0371326283
  vertex 0.0200944971 0.01204265 0.0380591564
  vertex 0.0201544557 0.0107588442 0.038208954
  endloop
 endfacet

 facet normal 0.978551626 0.0709535405 0.193396598
  outer loop
  vertex 0.0206886325 0.01204265 0.0371326283
  vertex 0.0207567681 0.0145810843 0.035856571
  vertex 0.0206641033 0.0158590544 0.035856571
  endloop
 endfacet

 facet normal 0.850626409 0.171633527 0.496967435
  outer loop
  vertex 0.0206886325 0.01204265 0.0371326283
  vertex 0.0206641033 0.0158590544 0.035856571
  vertex 0.0204331279 0.0133089498 0.0371326283
  endloop
 endfacet

 facet normal 0.810428798 0.189003319 0.554511428
  outer loop
  vertex 0.0200944971 0.01204265 0.0380591564
  vertex 0.0204331279 0.0133089498 0.0371326283
  vertex 0.0200699698 0.0158590544 0.0367941931
  endloop
 endfacet

 facet normal 0.680054545 0.234602615 0.694613159
  outer loop
  vertex 0.0200944971 0.01204265 0.0380591564
  vertex 0.0200699698 0.0158590544 0.0367941931
  vertex 0.0198389925 0.0133089498 0.0378816165
  endloop
 endfacet

 facet normal 0.318251133 0.194304869 0.927880287
  outer loop
  vertex 0.0200944971 0.01204265 0.0380591564
  vertex 0.0198389925 0.0133089498 0.0378816165
  vertex 0.0196843259 0.00785277411 0.0390772298
  endloop
 endfacet

 facet normal 0.0913583562 0.157947749 0.983212173
  outer loop
  vertex 0.0196843259 0.00785277411 0.0390772298
  vertex 0.0189396124 0.00947503839 0.0388858169
  vertex 0.0189396124 0.00862889364 0.0390217453
  endloop
 endfacet

 facet normal 0.0444310792 0.113585785 0.992534161
  outer loop
  vertex 0.0196843259 0.00785277411 0.0390772298
  vertex 0.0189396124 0.00862889364 0.0390217453
  vertex 0.0189396124 0.00799866114 0.0390938707
  endloop
 endfacet

 facet normal 0.23460871 0.201726422 0.950928628
  outer loop
  vertex 0.0196843259 0.00785277411 0.0390772298
  vertex 0.0198389925 0.0133089498 0.0378816165
  vertex 0.0189396124 0.0107588442 0.0386444777
  endloop
 endfacet

 facet normal 0.148202494 0.182711586 0.971932471
  outer loop
  vertex 0.0196843259 0.00785277411 0.0390772298
  vertex 0.0189396124 0.0107588442 0.0386444777
  vertex 0.0189396124 0.00947503839 0.0388858169
  endloop
 endfacet

 facet normal 0 0.113698065 0.993515372
  outer loop
  vertex 0.0189396124 0.00799866114 0.0390938707
  vertex 0.0189396124 0.00862889364 0.0390217453
  vertex 0.0176661741 0.00862889364 0.0390217453
  endloop
 endfacet

 facet normal 0 0.113698065 0.993515372
  outer loop
  vertex 0.0189396124 0.00799866114 0.0390938707
  vertex 0.0176661741 0.00862889364 0.0390217453
  vertex 0.0176661741 0.00799866114 0.0390938707
  endloop
 endfacet

 facet normal -0.027547054 0.113654926 0.993138313
  outer loop
  vertex 0.0176661741 0.00799866114 0.0390938707
  vertex 0.0176661741 0.00862889364 0.0390217453
  vertex 0.016392054 0.00783526711 0.0390772298
  endloop
 endfacet

 facet normal -0.05571514 0.158364668 0.985807538
  outer loop
  vertex 0.016392054 0.00783526711 0.0390772298
  vertex 0.0176661741 0.00862889364 0.0390217453
  vertex 0.0176661741 0.00947503839 0.0388858169
  endloop
 endfacet

 facet normal -0.0784118325 0.17548053 0.981355309
  outer loop
  vertex 0.016392054 0.00783526711 0.0390772298
  vertex 0.0176661741 0.00947503839 0.0388858169
  vertex 0.016392054 0.00847133528 0.0389634892
  endloop
 endfacet

 facet normal -0.996933579 0.0168394651 0.0764196664
  outer loop
  vertex 0.0148154162 0.0184149947 0.0346443132
  vertex 0.0148154162 0.0195354074 0.034397427
  vertex 0.0138438148 0.0311655216 0.019159643
  endloop
 endfacet

 facet normal -0.997845888 0.0035170489 0.0655068383
  outer loop
  vertex 0.0148154162 0.0184149947 0.0346443132
  vertex 0.0138438148 0.0311655216 0.019159643
  vertex 0.0138438148 0.0191269238 0.019805992
  endloop
 endfacet

 facet normal -0.997859597 0.000993614201 0.0653866678
  outer loop
  vertex 0.0148154162 0.0184149947 0.0346443132
  vertex 0.0138438148 0.0191269238 0.019805992
  vertex 0.0148154162 0.0171370246 0.0346637331
  endloop
 endfacet

 facet normal -0.983452976 0.00275263679 0.181142479
  outer loop
  vertex 0.0148154162 0.0184149947 0.0346443132
  vertex 0.0148154162 0.0171370246 0.0346637331
  vertex 0.015469511 0.00438649906 0.0384086818
  endloop
 endfacet

 facet normal -0.97984761 0.00787126832 0.199591383
  outer loop
  vertex 0.0148154162 0.0184149947 0.0346443132
  vertex 0.015469511 0.00438649906 0.0384086818
  vertex 0.0154797304 0.00565863354 0.0384086818
  endloop
 endfacet

 facet normal -0.950778365 0.0451973602 0.306558102
  outer loop
  vertex 0.0148154162 0.0184149947 0.0346443132
  vertex 0.0155587671 0.0107588442 0.0380785726
  vertex 0.0155867012 0.01204265 0.0379759334
  endloop
 endfacet

 facet normal -0.925329745 0.081593208 0.370280504
  outer loop
  vertex 0.0148154162 0.0184149947 0.0346443132
  vertex 0.0155867012 0.01204265 0.0379759334
  vertex 0.0148154162 0.0195354074 0.034397427
  endloop
 endfacet

 facet normal -0.0853159875 0.184078187 0.979201972
  outer loop
  vertex 0.016392054 0.00847133528 0.0389634892
  vertex 0.0176661741 0.00947503839 0.0388858169
  vertex 0.0176661741 0.0107588442 0.0386444777
  endloop
 endfacet

 facet normal -0.0999077857 0.19180578 0.976334512
  outer loop
  vertex 0.016392054 0.00847133528 0.0389634892
  vertex 0.0176661741 0.0107588442 0.0386444777
  vertex 0.016392054 0.0107588442 0.0385140963
  endloop
 endfacet

 facet normal -0.0999044701 0.191972226 0.976302207
  outer loop
  vertex 0.016392054 0.0107588442 0.0385140963
  vertex 0.0176661741 0.0107588442 0.0386444777
  vertex 0.016392054 0.01204265 0.0382616594
  endloop
 endfacet

 facet normal -0.0634790808 0.226801246 0.971870184
  outer loop
  vertex 0.016392054 0.01204265 0.0382616594
  vertex 0.0176661741 0.0107588442 0.0386444777
  vertex 0.0176661741 0.01204265 0.0383448824
  endloop
 endfacet

 facet normal -0.0631924421 0.244920701 0.967481554
  outer loop
  vertex 0.016392054 0.01204265 0.0382616594
  vertex 0.0176661741 0.01204265 0.0383448824
  vertex 0.0163954608 0.0134023177 0.037917681
  endloop
 endfacet

 facet normal -0.134380132 0.243354008 0.960583627
  outer loop
  vertex 0.016392054 0.01204265 0.0382616594
  vertex 0.0163954608 0.0134023177 0.037917681
  vertex 0.0159743894 0.0138924979 0.0377345905
  endloop
 endfacet

 facet normal -0.20357047 0.22549662 0.952738404
  outer loop
  vertex 0.016392054 0.01204265 0.0382616594
  vertex 0.0159743894 0.0138924979 0.0377345905
  vertex 0.0156602878 0.0130463531 0.0378677472
  endloop
 endfacet

 facet normal -0.452574104 0.300141394 0.83969754
  outer loop
  vertex 0.0156602878 0.0130463531 0.0378677472
  vertex 0.0159743894 0.0138924979 0.0377345905
  vertex 0.0156780016 0.0166818574 0.0365778171
  endloop
 endfacet

 facet normal -0.781647325 0.21194455 0.586606443
  outer loop
  vertex 0.0156602878 0.0130463531 0.0378677472
  vertex 0.0156780016 0.0166818574 0.0365778171
  vertex 0.0148154162 0.0195354074 0.034397427
  endloop
 endfacet

 facet normal -0.897049546 0.111851715 0.427541107
  outer loop
  vertex 0.0156602878 0.0130463531 0.0378677472
  vertex 0.0148154162 0.0195354074 0.034397427
  vertex 0.0155867012 0.01204265 0.0379759334
  endloop
 endfacet

 facet normal -0.981977403 -0.0057511772 0.188911259
  outer loop
  vertex 0.015469511 0.00438649906 0.0384086818
  vertex 0.0148263192 -0.00843988918 0.0346748307
  vertex 0.0148263192 -0.00962449238 0.0346387662
  endloop
 endfacet

 facet normal -0.979694903 -0.00891927443 0.200296149
  outer loop
  vertex 0.015469511 0.00438649906 0.0384086818
  vertex 0.0148263192 -0.00962449238 0.0346387662
  vertex 0.015481093 0.00311436318 0.0384086818
  endloop
 endfacet

 facet normal -0.985286117 -0.000345868408 0.170913085
  outer loop
  vertex 0.015469511 0.00438649906 0.0384086818
  vertex 0.0148154162 0.0171370246 0.0346637331
  vertex 0.0148263192 -0.00843988918 0.0346748307
  endloop
 endfacet

 facet normal -0.95152396 -0.0451933518 0.304236263
  outer loop
  vertex 0.0148263192 -0.00962449238 0.0346387662
  vertex 0.0148263192 -0.00971786026 0.0346248969
  vertex 0.0155601297 -0.00197417568 0.0380702503
  endloop
 endfacet

 facet normal -0.998028278 -0.00190993934 0.0627365634
  outer loop
  vertex 0.0148263192 -0.00962449238 0.0346387662
  vertex 0.0148263192 -0.00843988918 0.0346748307
  vertex 0.0138438148 0.0165593121 0.019805992
  endloop
 endfacet

 facet normal -0.998595655 -0.00778445927 0.0524040535
  outer loop
  vertex 0.0148263192 -0.00962449238 0.0346387662
  vertex 0.0138438148 0.0165593121 0.019805992
  vertex 0.0148263192 -0.00971786026 0.0346248969
  endloop
 endfacet

 facet normal -0.950808167 -0.0461873636 0.306317925
  outer loop
  vertex 0.0155601297 -0.00197417568 0.0380702503
  vertex 0.0148263192 -0.00971786026 0.0346248969
  vertex 0.0155894263 -0.00325798243 0.0379676111
  endloop
 endfacet

 facet normal -0.914981544 -0.0948537812 0.392188162
  outer loop
  vertex 0.0155894263 -0.00325798243 0.0379676111
  vertex 0.0148263192 -0.00971786026 0.0346248969
  vertex 0.0148263192 -0.0107157277 0.034383554
  endloop
 endfacet

 facet normal -0.892021656 -0.118363731 0.436219335
  outer loop
  vertex 0.0155894263 -0.00325798243 0.0379676111
  vertex 0.0148263192 -0.0107157277 0.034383554
  vertex 0.0156650562 -0.004226672 0.0378594212
  endloop
 endfacet

 facet normal -0.0547231808 -0.16020079 0.985566318
  outer loop
  vertex 0.016392054 0.000996083487 0.0390716791
  vertex 0.0176661741 -0.000702041958 0.0388664007
  vertex 0.0176661741 0.000202458978 0.039013423
  endloop
 endfacet

 facet normal -0.0267646797 -0.115853712 0.992905617
  outer loop
  vertex 0.016392054 0.000996083487 0.0390716791
  vertex 0.0176661741 0.000202458978 0.039013423
  vertex 0.0176661741 0.000844361377 0.03908832
  endloop
 endfacet

 facet normal -0.272779614 -0.325044841 0.90550375
  outer loop
  vertex 0.0156650562 -0.004226672 0.0378594212
  vertex 0.015687542 -0.00786217675 0.0365611762
  vertex 0.0161760692 -0.00507281628 0.0377096273
  endloop
 endfacet

 facet normal -0.163412273 -0.266834319 0.949787319
  outer loop
  vertex 0.0156650562 -0.004226672 0.0378594212
  vertex 0.0161760692 -0.00507281628 0.0377096273
  vertex 0.0165167414 -0.00460014213 0.0379010327
  endloop
 endfacet

 facet normal -0.159314722 -0.257114381 0.953158379
  outer loop
  vertex 0.0156650562 -0.004226672 0.0378594212
  vertex 0.0165167414 -0.00460014213 0.0379010327
  vertex 0.016392054 -0.00325798243 0.0382422395
  endloop
 endfacet

 facet normal -0.843272626 -0.165005729 0.511531472
  outer loop
  vertex 0.0156650562 -0.004226672 0.0378594212
  vertex 0.0148263192 -0.0107157277 0.034383554
  vertex 0.0148263192 -0.0108791199 0.0343308486
  endloop
 endfacet

 facet normal -0.77613461 -0.216313481 0.592303753
  outer loop
  vertex 0.0156650562 -0.004226672 0.0378594212
  vertex 0.0148263192 -0.0108791199 0.0343308486
  vertex 0.015687542 -0.00786217675 0.0365611762
  endloop
 endfacet

 facet normal -0.0588992275 -0.251093447 0.966169298
  outer loop
  vertex 0.016392054 -0.00325798243 0.0382422395
  vertex 0.0165167414 -0.00460014213 0.0379010327
  vertex 0.0176661741 -0.00325798243 0.0383199118
  endloop
 endfacet

 facet normal -0.0592052266 -0.230839536 0.971188903
  outer loop
  vertex 0.016392054 -0.00325798243 0.0382422395
  vertex 0.0176661741 -0.00325798243 0.0383199118
  vertex 0.0176661741 -0.00197417568 0.0386250578
  endloop
 endfacet

 facet normal 0 -0.272732168 0.962089956
  outer loop
  vertex 0.0189396124 -0.00325798243 0.0383199118
  vertex 0.0176661741 -0.00325798243 0.0383199118
  vertex 0.0176661741 -0.00453011645 0.0379592888
  endloop
 endfacet

 facet normal 0 -0.272732168 0.962089956
  outer loop
  vertex 0.0189396124 -0.00325798243 0.0383199118
  vertex 0.0176661741 -0.00453011645 0.0379592888
  vertex 0.0189396124 -0.00453011645 0.0379592888
  endloop
 endfacet

 facet normal 0.0125438403 -0.272710711 0.962014318
  outer loop
  vertex 0.0189396124 -0.00325798243 0.0383199118
  vertex 0.0189396124 -0.00453011645 0.0379592888
  vertex 0.0195780359 -0.00516618416 0.037770655
  endloop
 endfacet

 facet normal 0 -0.343984455 0.938975334
  outer loop
  vertex 0.0195780359 -0.00516618416 0.037770655
  vertex 0.017026389 -0.00516618416 0.037770655
  vertex 0.0176661741 -0.00580225186 0.0375376381
  endloop
 endfacet

 facet normal 0 -0.343984455 0.938975334
  outer loop
  vertex 0.0195780359 -0.00516618416 0.037770655
  vertex 0.0176661741 -0.00580225186 0.0375376381
  vertex 0.0189396124 -0.00580225186 0.0375376381
  endloop
 endfacet

 facet normal 0.0121905785 -0.354724109 0.934891582
  outer loop
  vertex 0.0195780359 -0.00516618416 0.037770655
  vertex 0.0189396124 -0.00580225186 0.0375376381
  vertex 0.0189396124 -0.00707438774 0.0370549522
  endloop
 endfacet

 facet normal 0.108311854 -0.380676448 0.918343067
  outer loop
  vertex 0.0195780359 -0.00516618416 0.037770655
  vertex 0.0189396124 -0.00707438774 0.0370549522
  vertex 0.0198260471 -0.00792636722 0.036597237
  endloop
 endfacet

 facet normal 0.498200744 -0.300930083 0.81316489
  outer loop
  vertex 0.0195780359 -0.00516618416 0.037770655
  vertex 0.0198260471 -0.00792636722 0.036597237
  vertex 0.0200508907 -0.00707438774 0.0367747769
  endloop
 endfacet

 facet normal 0 -0.284326255 0.958727598
  outer loop
  vertex 0.0195780359 -0.00516618416 0.037770655
  vertex 0.0189396124 -0.00453011645 0.0379592888
  vertex 0.0176661741 -0.00453011645 0.0379592888
  endloop
 endfacet

 facet normal 0 -0.284326255 0.958727598
  outer loop
  vertex 0.0195780359 -0.00516618416 0.037770655
  vertex 0.0176661741 -0.00453011645 0.0379592888
  vertex 0.017026389 -0.00516618416 0.037770655
  endloop
 endfacet

 facet normal 0.675219476 -0.316986591 0.666031778
  outer loop
  vertex 0.0200508907 -0.00707438774 0.0367747769
  vertex 0.0198260471 -0.00792636722 0.036597237
  vertex 0.0200604293 -0.00962449238 0.0355514251
  endloop
 endfacet

 facet normal 0.813052297 -0.24933973 0.526094854
  outer loop
  vertex 0.0200508907 -0.00707438774 0.0367747769
  vertex 0.0200604293 -0.00962449238 0.0355514251
  vertex 0.0206450261 -0.00707438774 0.035856571
  endloop
 endfacet

 facet normal 0.824786842 -0.186825901 0.533687949
  outer loop
  vertex 0.0200508907 -0.00707438774 0.0367747769
  vertex 0.0206450261 -0.00707438774 0.035856571
  vertex 0.0203956533 -0.00453011645 0.0371326283
  endloop
 endfacet

 facet normal 0.826180577 -0.249823779 0.504988909
  outer loop
  vertex 0.0206450261 -0.00707438774 0.035856571
  vertex 0.0200604293 -0.00962449238 0.0355514251
  vertex 0.0206538849 -0.00962449238 0.0345805138
  endloop
 endfacet

 facet normal 0.980557501 -0.0850786865 0.176829875
  outer loop
  vertex 0.0206450261 -0.00707438774 0.035856571
  vertex 0.0206538849 -0.00962449238 0.0345805138
  vertex 0.0207554046 -0.00580225186 0.035856571
  endloop
 endfacet

 facet normal 0.982714534 -0.0815814361 0.166182786
  outer loop
  vertex 0.0207554046 -0.00580225186 0.035856571
  vertex 0.0206538849 -0.00962449238 0.0345805138
  vertex 0.0207594931 -0.00835235696 0.0345805138
  endloop
 endfacet

 facet normal 0.999756753 -0.00856730528 0.0203241613
  outer loop
  vertex 0.0207554046 -0.00580225186 0.035856571
  vertex 0.0207594931 -0.00835235696 0.0345805138
  vertex 0.0207663048 -0.00453011645 0.035856571
  endloop
 endfacet

 facet normal 0.999928892 -0.00534304976 0.0106654689
  outer loop
  vertex 0.0207663048 -0.00453011645 0.035856571
  vertex 0.0207594931 -0.00835235696 0.0345805138
  vertex 0.0207663048 -0.00962449238 0.0333044566
  endloop
 endfacet

 facet normal 0.999999225 -0.000545720861 0.00108933437
  outer loop
  vertex 0.0207663048 -0.00453011645 0.035856571
  vertex 0.0207663048 -0.00962449238 0.0333044566
  vertex 0.0208044611 0.015701497 0.0109651377
  endloop
 endfacet

 facet normal 0.999999285 -0.000648293004 0.000973048853
  outer loop
  vertex 0.0208044611 0.015701497 0.0109651377
  vertex 0.0207663048 -0.00962449238 0.0333044566
  vertex 0.0207663048 -0.0134467334 0.030757891
  endloop
 endfacet

 facet normal 0.999999404 -0.000776345551 0.000784469885
  outer loop
  vertex 0.0208044611 0.015701497 0.0109651377
  vertex 0.0207663048 -0.0134467334 0.030757891
  vertex 0.0207663048 -0.0147305382 0.0294873808
  endloop
 endfacet

 facet normal 0.999999404 -0.000779651338 0.000779038412
  outer loop
  vertex 0.0208044611 0.015701497 0.0109651377
  vertex 0.0207663048 -0.0147305382 0.0294873808
  vertex 0.0207663048 -0.0172806457 0.0269352682
  endloop
 endfacet

 facet normal 0.999999464 -0.000872408506 0.000587472809
  outer loop
  vertex 0.0208044611 0.015701497 0.0109651377
  vertex 0.0207663048 -0.0172806457 0.0269352682
  vertex 0.0207656249 -0.0249309596 0.0167323612
  endloop
 endfacet

 facet normal 0.999999523 -0.000955792319 0
  outer loop
  vertex 0.0208044611 0.015701497 0.0109651377
  vertex 0.0207656249 -0.0249309596 0.0167323612
  vertex 0.0207656249 -0.0249309596 0.0109651377
  endloop
 endfacet

 facet normal 0 0 -1
  outer loop
  vertex 0.0208044611 0.015701497 0.0109651377
  vertex 0.0207656249 -0.0249309596 0.0109651377
  vertex 0.0207492728 -0.0262089297 0.0109651377
  endloop
 endfacet

 facet normal 0 0 -1
  outer loop
  vertex 0.0208044611 0.015701497 0.0109651377
  vertex 0.0207492728 -0.0262089297 0.0109651377
  vertex 0.0201551374 -0.02725932 0.0109651377
  endloop
 endfacet

 facet normal 0 0 -1
  outer loop
  vertex 0.0208044611 0.015701497 0.0109651377
  vertex 0.0201551374 -0.02725932 0.0109651377
  vertex 0.0189402942 -0.0276794713 0.0109651377
  endloop
 endfacet

 facet normal 0 0 -1
  outer loop
  vertex 0.0208044611 0.015701497 0.0109651377
  vertex 0.0189402942 -0.0276794713 0.0109651377
  vertex 0.0143779907 -0.0276794713 0.0109651377
  endloop
 endfacet

 facet normal 0 0 -1
  outer loop
  vertex 0.0208044611 0.015701497 0.0109651377
  vertex 0.0143779907 -0.0276794713 0.0109651377
  vertex 0.0138438148 0.0228441264 0.0109651377
  endloop
 endfacet

 facet normal 0 0 -1
  outer loop
  vertex 0.0208044611 0.015701497 0.0109651377
  vertex 0.0138438148 0.0228441264 0.0109651377
  vertex 0.0138438148 0.0319182985 0.0109651377
  endloop
 endfacet

 facet normal 0 0 -1
  outer loop
  vertex 0.0208044611 0.015701497 0.0109651377
  vertex 0.0138438148 0.0319182985 0.0109651377
  vertex 0.0189402942 0.0319182985 0.0109651377
  endloop
 endfacet

 facet normal 0 0 -1
  outer loop
  vertex 0.0208044611 0.015701497 0.0109651377
  vertex 0.0189402942 0.0319182985 0.0109651377
  vertex 0.0197647251 0.0318599455 0.0109651377
  endloop
 endfacet

 facet normal 0 0 -1
  outer loop
  vertex 0.0208044611 0.015701497 0.0109651377
  vertex 0.0197647251 0.0318599455 0.0109651377
  vertex 0.0204229075 0.0311655216 0.0109651377
  endloop
 endfacet

 facet normal 0 0 -1
  outer loop
  vertex 0.0208044611 0.015701497 0.0109651377
  vertex 0.0204229075 0.0311655216 0.0109651377
  vertex 0.0206055082 0.0305994805 0.0109651377
  endloop
 endfacet

 facet normal 0 0 -1
  outer loop
  vertex 0.0208044611 0.015701497 0.0109651377
  vertex 0.0206055082 0.0305994805 0.0109651377
  vertex 0.0208037812 0.029893389 0.0109651377
  endloop
 endfacet

 facet normal 0 0 -1
  outer loop
  vertex 0.0208044611 0.015701497 0.0109651377
  vertex 0.0208037812 0.029893389 0.0109651377
  vertex 0.0208044611 0.028615417 0.0109651377
  endloop
 endfacet

 facet normal 0.962750137 0.27034232 0.00521542877
  outer loop
  vertex 0.0208037812 0.029893389 0.0109651377
  vertex 0.0206055082 0.0305994805 0.0109651377
  vertex 0.0207656249 0.029893389 0.0180084165
  endloop
 endfacet

 facet normal 0.999905884 0.0126122255 0.00541670946
  outer loop
  vertex 0.0208037812 0.029893389 0.0109651377
  vertex 0.0207656249 0.029893389 0.0180084165
  vertex 0.0207656249 0.0260594767 0.0269352682
  endloop
 endfacet

 facet normal 0.999990165 0.00314427679 0.00314396247
  outer loop
  vertex 0.0208037812 0.029893389 0.0109651377
  vertex 0.0207656249 0.0260594767 0.0269352682
  vertex 0.0207656249 0.0222372357 0.030757891
  endloop
 endfacet

 facet normal 0.999990165 0.00312500144 0.00313650677
  outer loop
  vertex 0.0208037812 0.029893389 0.0109651377
  vertex 0.0207656249 0.0222372357 0.030757891
  vertex 0.0207656249 0.0209592655 0.032031171
  endloop
 endfacet

 facet normal 0.999996662 0.00115381461 0.00230053673
  outer loop
  vertex 0.0208037812 0.029893389 0.0109651377
  vertex 0.0207656249 0.0209592655 0.032031171
  vertex 0.0207656249 0.0184149947 0.0333072282
  endloop
 endfacet

 facet normal 0.999996662 0.00114681362 0.00229693973
  outer loop
  vertex 0.0208037812 0.029893389 0.0109651377
  vertex 0.0207656249 0.0184149947 0.0333072282
  vertex 0.0207656249 0.0133089498 0.035856571
  endloop
 endfacet

 facet normal 0.999953985 0.00428477768 0.00858193077
  outer loop
  vertex 0.0207656249 0.0133089498 0.035856571
  vertex 0.0207656249 0.0184149947 0.0333072282
  vertex 0.020760173 0.0171370246 0.0345805138
  endloop
 endfacet

 facet normal 0.999837816 0.00696178479 0.0166132431
  outer loop
  vertex 0.0207656249 0.0133089498 0.035856571
  vertex 0.020760173 0.0171370246 0.0345805138
  vertex 0.0207567681 0.0145810843 0.035856571
  endloop
 endfacet

 facet normal 0.989051759 0.0648589283 0.132552296
  outer loop
  vertex 0.0207567681 0.0145810843 0.035856571
  vertex 0.020760173 0.0171370246 0.0345805138
  vertex 0.0206763688 0.0184149947 0.0345805138
  endloop
 endfacet

 facet normal 0.985695362 0.0714715272 0.152631298
  outer loop
  vertex 0.0207567681 0.0145810843 0.035856571
  vertex 0.0206763688 0.0184149947 0.0345805138
  vertex 0.0206641033 0.0158590544 0.035856571
  endloop
 endfacet

 facet normal 0.829645872 0.187918112 0.525713384
  outer loop
  vertex 0.0204331279 0.0133089498 0.0371326283
  vertex 0.0206641033 0.0158590544 0.035856571
  vertex 0.0200699698 0.0158590544 0.0367941931
  endloop
 endfacet

 facet normal 0.832811594 0.244057402 0.496850967
  outer loop
  vertex 0.0206641033 0.0158590544 0.035856571
  vertex 0.0206763688 0.0184149947 0.0345805138
  vertex 0.0200822335 0.0184149947 0.035576392
  endloop
 endfacet

 facet normal 0.819286227 0.243422598 0.519148946
  outer loop
  vertex 0.0206641033 0.0158590544 0.035856571
  vertex 0.0200822335 0.0184149947 0.035576392
  vertex 0.0200699698 0.0158590544 0.0367941931
  endloop
 endfacet

 facet normal 0.700997591 0.304010451 0.645120144
  outer loop
  vertex 0.0200699698 0.0158590544 0.0367941931
  vertex 0.0200822335 0.0184149947 0.035576392
  vertex 0.0198512562 0.0167518836 0.03661111
  endloop
 endfacet

 facet normal 0.526562929 0.292665124 0.798172116
  outer loop
  vertex 0.0200699698 0.0158590544 0.0367941931
  vertex 0.0198512562 0.0167518836 0.03661111
  vertex 0.0198389925 0.0133089498 0.0378816165
  endloop
 endfacet

 facet normal 0.524542093 0.293103635 0.799340904
  outer loop
  vertex 0.0198389925 0.0133089498 0.0378816165
  vertex 0.0198512562 0.0167518836 0.03661111
  vertex 0.0196161903 0.0139800292 0.0377817489
  endloop
 endfacet

 facet normal 0.209598869 0.211647257 0.954606652
  outer loop
  vertex 0.0198389925 0.0133089498 0.0378816165
  vertex 0.0196161903 0.0139800292 0.0377817489
  vertex 0.0189396124 0.0107588442 0.0386444777
  endloop
 endfacet

 facet normal 0 0.158611014 0.987341106
  outer loop
  vertex 0.0189396124 0.00947503839 0.0388858169
  vertex 0.0176661741 0.00947503839 0.0388858169
  vertex 0.0176661741 0.00862889364 0.0390217453
  endloop
 endfacet

 facet normal 0 0.158611014 0.987341106
  outer loop
  vertex 0.0189396124 0.00947503839 0.0388858169
  vertex 0.0176661741 0.00862889364 0.0390217453
  vertex 0.0189396124 0.00862889364 0.0390217453
  endloop
 endfacet

 facet normal 0 0.184751794 0.982785225
  outer loop
  vertex 0.0189396124 0.00947503839 0.0388858169
  vertex 0.0189396124 0.0107588442 0.0386444777
  vertex 0.0176661741 0.0107588442 0.0386444777
  endloop
 endfacet

 facet normal 0 0.184751794 0.982785225
  outer loop
  vertex 0.0189396124 0.00947503839 0.0388858169
  vertex 0.0176661741 0.0107588442 0.0386444777
  vertex 0.0176661741 0.00947503839 0.0388858169
  endloop
 endfacet

 facet normal 0.157784879 0.224412844 0.96163553
  outer loop
  vertex 0.0189396124 0.0107588442 0.0386444777
  vertex 0.0196161903 0.0139800292 0.0377817489
  vertex 0.0189396124 0.01204265 0.0383448824
  endloop
 endfacet

 facet normal 0 0.227259606 0.973834336
  outer loop
  vertex 0.0189396124 0.0107588442 0.0386444777
  vertex 0.0189396124 0.01204265 0.0383448824
  vertex 0.0176661741 0.01204265 0.0383448824
  endloop
 endfacet

 facet normal 0 0.227259606 0.973834336
  outer loop
  vertex 0.0189396124 0.0107588442 0.0386444777
  vertex 0.0176661741 0.01204265 0.0383448824
  vertex 0.0176661741 0.0107588442 0.0386444777
  endloop
 endfacet

 facet normal -0.621955514 0.347991347 0.701479435
  outer loop
  vertex 0.0148154162 0.0195354074 0.034397427
  vertex 0.0156780016 0.0166818574 0.0365778171
  vertex 0.0156650562 0.0192086212 0.0353128575
  endloop
 endfacet

 facet normal -0.617840827 0.356667072 0.700757623
  outer loop
  vertex 0.0148154162 0.0195354074 0.034397427
  vertex 0.0156650562 0.0192086212 0.0353128575
  vertex 0.0148154162 0.0217645615 0.0332628451
  endloop
 endfacet

 facet normal -0.993171334 0.0529192947 0.103972591
  outer loop
  vertex 0.0148154162 0.0195354074 0.034397427
  vertex 0.0148154162 0.0217645615 0.0332628451
  vertex 0.0138438148 0.0318657793 0.0188406277
  endloop
 endfacet

 facet normal -0.994280219 0.0442776494 0.0971924514
  outer loop
  vertex 0.0148154162 0.0195354074 0.034397427
  vertex 0.0138438148 0.0318657793 0.0188406277
  vertex 0.0138438148 0.0311655216 0.019159643
  endloop
 endfacet

 facet normal -1 0 0
  outer loop
  vertex 0.0138438148 0.0311655216 0.019159643
  vertex 0.0138438148 0.0318657793 0.0188406277
  vertex 0.0138438148 0.0319299698 0.018005643
  endloop
 endfacet

 facet normal -1 0 0
  outer loop
  vertex 0.0138438148 0.0311655216 0.019159643
  vertex 0.0138438148 0.0319299698 0.018005643
  vertex 0.0138438148 0.0319299698 0.0167295858
  endloop
 endfacet

 facet normal -1 0 0
  outer loop
  vertex 0.0138438148 0.0311655216 0.019159643
  vertex 0.0138438148 0.0319299698 0.0167295858
  vertex 0.0138438148 0.0319182985 0.0109651377
  endloop
 endfacet

 facet normal -1 0 0
  outer loop
  vertex 0.0138438148 0.0311655216 0.019159643
  vertex 0.0138438148 0.0319182985 0.0109651377
  vertex 0.0138438148 0.0228441264 0.0109651377
  endloop
 endfacet

 facet normal -1 0 0
  outer loop
  vertex 0.0138438148 0.0311655216 0.019159643
  vertex 0.0138438148 0.0228441264 0.0109651377
  vertex 0.0138438148 0.0228207838 0.0109706856
  endloop
 endfacet

 facet normal -1 0 0
  outer loop
  vertex 0.0138438148 0.0311655216 0.019159643
  vertex 0.0138438148 0.0228207838 0.0109706856
  vertex 0.0138438148 0.0165593121 0.019805992
  endloop
 endfacet

 facet normal -1 0 0
  outer loop
  vertex 0.0138438148 0.0311655216 0.019159643
  vertex 0.0138438148 0.0165593121 0.019805992
  vertex 0.0138438148 0.0191269238 0.019805992
  endloop
 endfacet

 facet normal -0.997868657 0 0.0652541891
  outer loop
  vertex 0.0138438148 0.0191269238 0.019805992
  vertex 0.0138438148 0.0165593121 0.019805992
  vertex 0.0148154162 0.0171370246 0.0346637331
  endloop
 endfacet

 facet normal -0.997867703 -0.000397067866 0.0652695671
  outer loop
  vertex 0.0148154162 0.0171370246 0.0346637331
  vertex 0.0138438148 0.0165593121 0.019805992
  vertex 0.0148263192 -0.00843988918 0.0346748307
  endloop
 endfacet

 facet normal 0 0.269992679 0.962862432
  outer loop
  vertex 0.0176661741 0.01204265 0.0383448824
  vertex 0.0189396124 0.01204265 0.0383448824
  vertex 0.0189396124 0.0133089498 0.0379898027
  endloop
 endfacet

 facet normal 0 0.269992679 0.962862432
  outer loop
  vertex 0.0176661741 0.01204265 0.0383448824
  vertex 0.0189396124 0.0133089498 0.0379898027
  vertex 0.0176661741 0.0133089498 0.0379898027
  endloop
 endfacet

 facet normal -0.0227392875 0.269922823 0.962613463
  outer loop
  vertex 0.0176661741 0.01204265 0.0383448824
  vertex 0.0176661741 0.0133089498 0.0379898027
  vertex 0.0168247093 0.0139800292 0.0377817489
  endloop
 endfacet

 facet normal -0.0453610048 0.260610402 0.96437782
  outer loop
  vertex 0.0176661741 0.01204265 0.0383448824
  vertex 0.0168247093 0.0139800292 0.0377817489
  vertex 0.0163954608 0.0134023177 0.037917681
  endloop
 endfacet

 facet normal -0.0823740214 0.285841554 0.954729915
  outer loop
  vertex 0.0163954608 0.0134023177 0.037917681
  vertex 0.0168247093 0.0139800292 0.0377817489
  vertex 0.0159743894 0.0138924979 0.0377345905
  endloop
 endfacet

 facet normal -0.0884423107 0.358469427 0.929342628
  outer loop
  vertex 0.0159743894 0.0138924979 0.0377345905
  vertex 0.0168247093 0.0139800292 0.0377817489
  vertex 0.016392054 0.0168219097 0.0366443954
  endloop
 endfacet

 facet normal -0.157000408 0.364043176 0.918054223
  outer loop
  vertex 0.0159743894 0.0138924979 0.0377345905
  vertex 0.016392054 0.0168219097 0.0366443954
  vertex 0.0156780016 0.0166818574 0.0365778171
  endloop
 endfacet

 facet normal -0.168616265 0.440515846 0.88176775
  outer loop
  vertex 0.0156780016 0.0166818574 0.0365778171
  vertex 0.016392054 0.0168219097 0.0366443954
  vertex 0.016392054 0.0193428379 0.0353849828
  endloop
 endfacet

 facet normal -0.16880767 0.440544367 0.881716907
  outer loop
  vertex 0.0156780016 0.0166818574 0.0365778171
  vertex 0.016392054 0.0193428379 0.0353849828
  vertex 0.0156650562 0.0192086212 0.0353128575
  endloop
 endfacet

 facet normal -0.998862565 -0.0112096565 0.046348121
  outer loop
  vertex 0.0148263192 -0.00971786026 0.0346248969
  vertex 0.0138438148 0.0165593121 0.019805992
  vertex 0.0148263192 -0.0107157277 0.034383554
  endloop
 endfacet

 facet normal -0.999916017 -0.0105759688 -0.00749505637
  outer loop
  vertex 0.0138438148 0.0165593121 0.019805992
  vertex 0.0138438148 0.0228207838 0.0109706856
  vertex 0.0143779907 -0.0276794713 0.0109651377
  endloop
 endfacet

 facet normal -0.999927044 -0.0120739434 0
  outer loop
  vertex 0.0138438148 0.0165593121 0.019805992
  vertex 0.0143779907 -0.0276794713 0.0109651377
  vertex 0.0143779907 -0.0276794713 0.0180084165
  endloop
 endfacet

 facet normal -0.999915838 -0.0122474832 0.00427416898
  outer loop
  vertex 0.0138438148 0.0165593121 0.019805992
  vertex 0.0143779907 -0.0276794713 0.0180084165
  vertex 0.0143779907 -0.02725932 0.0192123484
  endloop
 endfacet

 facet normal -0.999671221 -0.0124899652 0.0223927572
  outer loop
  vertex 0.0138438148 0.0165593121 0.019805992
  vertex 0.0143779907 -0.02725932 0.0192123484
  vertex 0.0143779907 -0.0268216543 0.0194564648
  endloop
 endfacet

 facet normal -0.999666154 -0.0124917021 0.0226159953
  outer loop
  vertex 0.0138438148 0.0165593121 0.019805992
  vertex 0.0143779907 -0.0268216543 0.0194564648
  vertex 0.0143779907 -0.0262089297 0.0197948962
  endloop
 endfacet

 facet normal -0.99895519 -0.0124883605 0.0439618714
  outer loop
  vertex 0.0138438148 0.0165593121 0.019805992
  vertex 0.0143779907 -0.0262089297 0.0197948962
  vertex 0.0148263192 -0.0107157277 0.034383554
  endloop
 endfacet

 facet normal -0.998795927 -0.0150604006 0.0466884896
  outer loop
  vertex 0.0148263192 -0.0107157277 0.034383554
  vertex 0.0143779907 -0.0262089297 0.0197948962
  vertex 0.0148263192 -0.0108791199 0.0343308486
  endloop
 endfacet

 facet normal -0.144688711 -0.35493961 0.923625052
  outer loop
  vertex 0.015687542 -0.00786217675 0.0365611762
  vertex 0.016392054 -0.0079905577 0.0366222039
  vertex 0.0161760692 -0.00507281628 0.0377096273
  endloop
 endfacet

 facet normal -0.606037796 -0.353703678 0.712468863
  outer loop
  vertex 0.015687542 -0.00786217675 0.0365611762
  vertex 0.0148263192 -0.0108791199 0.0343308486
  vertex 0.0156786852 -0.0104006128 0.0352934413
  endloop
 endfacet

 facet normal -0.156887278 -0.44082436 0.883776128
  outer loop
  vertex 0.015687542 -0.00786217675 0.0365611762
  vertex 0.0156786852 -0.0104006128 0.0352934413
  vertex 0.016392054 -0.0079905577 0.0366222039
  endloop
 endfacet

 facet normal -0.105573647 -0.354128808 0.92921859
  outer loop
  vertex 0.0161760692 -0.00507281628 0.0377096273
  vertex 0.016392054 -0.0079905577 0.0366222039
  vertex 0.017026389 -0.00516618416 0.037770655
  endloop
 endfacet

 facet normal -0.10183318 -0.309458047 0.945444703
  outer loop
  vertex 0.0161760692 -0.00507281628 0.0377096273
  vertex 0.017026389 -0.00516618416 0.037770655
  vertex 0.0165167414 -0.00460014213 0.0379010327
  endloop
 endfacet

 facet normal -0.0448585972 -0.262413502 0.963912249
  outer loop
  vertex 0.0165167414 -0.00460014213 0.0379010327
  vertex 0.017026389 -0.00516618416 0.037770655
  vertex 0.0176661741 -0.00325798243 0.0383199118
  endloop
 endfacet

 facet normal -0.997025907 -0.035636574 0.0683338046
  outer loop
  vertex 0.0148263192 -0.0108791199 0.0343308486
  vertex 0.0143779907 -0.0262089297 0.0197948962
  vertex 0.0148263192 -0.0122621302 0.0336095989
  endloop
 endfacet

 facet normal -0.595746636 -0.371390462 0.712148309
  outer loop
  vertex 0.0148263192 -0.0108791199 0.0343308486
  vertex 0.0148263192 -0.0122621302 0.0336095989
  vertex 0.0156786852 -0.0104006128 0.0352934413
  endloop
 endfacet

 facet normal -0.0125171347 -0.27271083 0.962014735
  outer loop
  vertex 0.0176661741 -0.00325798243 0.0383199118
  vertex 0.017026389 -0.00516618416 0.037770655
  vertex 0.0176661741 -0.00453011645 0.0379592888
  endloop
 endfacet

 facet normal -0.0523673296 -0.366040319 0.929124475
  outer loop
  vertex 0.017026389 -0.00516618416 0.037770655
  vertex 0.016392054 -0.0079905577 0.0366222039
  vertex 0.0176661741 -0.00707438774 0.0370549522
  endloop
 endfacet

 facet normal -0.0121646207 -0.354724228 0.93489182
  outer loop
  vertex 0.017026389 -0.00516618416 0.037770655
  vertex 0.0176661741 -0.00707438774 0.0370549522
  vertex 0.0176661741 -0.00580225186 0.0375376381
  endloop
 endfacet

 facet normal 0 -0.354750484 0.934961021
  outer loop
  vertex 0.0189396124 -0.00580225186 0.0375376381
  vertex 0.0176661741 -0.00580225186 0.0375376381
  vertex 0.0176661741 -0.00707438774 0.0370549522
  endloop
 endfacet

 facet normal 0 -0.354750484 0.934961021
  outer loop
  vertex 0.0189396124 -0.00580225186 0.0375376381
  vertex 0.0176661741 -0.00707438774 0.0370549522
  vertex 0.0189396124 -0.00707438774 0.0370549522
  endloop
 endfacet

 facet normal 0 -0.38998127 0.920822799
  outer loop
  vertex 0.0189396124 -0.00707438774 0.0370549522
  vertex 0.0176661741 -0.00707438774 0.0370549522
  vertex 0.0176661741 -0.00803724211 0.0366471708
  endloop
 endfacet

 facet normal 0 -0.38998127 0.920822799
  outer loop
  vertex 0.0189396124 -0.00707438774 0.0370549522
  vertex 0.0176661741 -0.00803724211 0.0366471708
  vertex 0.0189396124 -0.00803724211 0.0366471708
  endloop
 endfacet

 facet normal 0.100143135 -0.388020873 0.916193902
  outer loop
  vertex 0.0189396124 -0.00707438774 0.0370549522
  vertex 0.0189396124 -0.00803724211 0.0366471708
  vertex 0.0198260471 -0.00792636722 0.036597237
  endloop
 endfacet

 facet normal 0.103073992 -0.417474091 0.902823925
  outer loop
  vertex 0.0198260471 -0.00792636722 0.036597237
  vertex 0.0189396124 -0.00803724211 0.0366471708
  vertex 0.0189396124 -0.00867914502 0.0363503471
  endloop
 endfacet

 facet normal 0.128773212 -0.442673743 0.887387991
  outer loop
  vertex 0.0198260471 -0.00792636722 0.036597237
  vertex 0.0189396124 -0.00867914502 0.0363503471
  vertex 0.0189396124 -0.00962449238 0.0358787626
  endloop
 endfacet

 facet normal 0.130938053 -0.443495929 0.886660337
  outer loop
  vertex 0.0198260471 -0.00792636722 0.036597237
  vertex 0.0189396124 -0.00962449238 0.0358787626
  vertex 0.0198335405 -0.0104531301 0.0353322774
  endloop
 endfacet

 facet normal 0.606965065 -0.354328513 0.711368322
  outer loop
  vertex 0.0198260471 -0.00792636722 0.036597237
  vertex 0.0198335405 -0.0104531301 0.0353322774
  vertex 0.0200604293 -0.00962449238 0.0355514251
  endloop
 endfacet

 facet normal 0.721086621 -0.354824334 0.595091403
  outer loop
  vertex 0.0200604293 -0.00962449238 0.0355514251
  vertex 0.0198335405 -0.0104531301 0.0353322774
  vertex 0.0201973803 -0.0108907912 0.0346304476
  endloop
 endfacet

 facet normal 0.820121229 -0.275888443 0.501285255
  outer loop
  vertex 0.0200604293 -0.00962449238 0.0355514251
  vertex 0.0201973803 -0.0108907912 0.0346304476
  vertex 0.0206538849 -0.00962449238 0.0345805138
  endloop
 endfacet

 facet normal 0.841862381 -0.285431594 0.458035648
  outer loop
  vertex 0.0206538849 -0.00962449238 0.0345805138
  vertex 0.0201973803 -0.0108907912 0.0346304476
  vertex 0.0204835478 -0.0121745979 0.0333044566
  endloop
 endfacet

 facet normal 0.883749425 -0.255283535 0.392195642
  outer loop
  vertex 0.0206538849 -0.00962449238 0.0345805138
  vertex 0.0204835478 -0.0121745979 0.0333044566
  vertex 0.0206811372 -0.0134467334 0.032031171
  endloop
 endfacet

 facet normal 0.968598485 -0.13314262 0.209976196
  outer loop
  vertex 0.0206538849 -0.00962449238 0.0345805138
  vertex 0.0206811372 -0.0134467334 0.032031171
  vertex 0.0207540412 -0.0109082991 0.0333044566
  endloop
 endfacet

 facet normal 0.983831286 -0.0816741437 0.159390777
  outer loop
  vertex 0.0206538849 -0.00962449238 0.0345805138
  vertex 0.0207540412 -0.0109082991 0.0333044566
  vertex 0.0207594931 -0.00835235696 0.0345805138
  endloop
 endfacet

 facet normal 0.999749839 -0.011661279 0.0190870743
  outer loop
  vertex 0.0207594931 -0.00835235696 0.0345805138
  vertex 0.0207540412 -0.0109082991 0.0333044566
  vertex 0.0207635816 -0.0121745979 0.032031171
  endloop
 endfacet

 facet normal 0.999891043 -0.00743493717 0.0127507253
  outer loop
  vertex 0.0207594931 -0.00835235696 0.0345805138
  vertex 0.0207635816 -0.0121745979 0.032031171
  vertex 0.0207663048 -0.00962449238 0.0333044566
  endloop
 endfacet

 facet normal 0.999970376 -0.00426427508 0.0064004208
  outer loop
  vertex 0.0207663048 -0.00962449238 0.0333044566
  vertex 0.0207635816 -0.0121745979 0.032031171
  vertex 0.0207663048 -0.0134467334 0.030757891
  endloop
 endfacet

 facet normal 0.999456584 -0.0222246088 0.0243434887
  outer loop
  vertex 0.0207663048 -0.0134467334 0.030757891
  vertex 0.0207635816 -0.0121745979 0.032031171
  vertex 0.0207404159 -0.0160026718 0.0294873808
  endloop
 endfacet

 facet normal 0.999581695 -0.0203432553 0.0205561444
  outer loop
  vertex 0.0207663048 -0.0134467334 0.030757891
  vertex 0.0207404159 -0.0160026718 0.0294873808
  vertex 0.0207663048 -0.0147305382 0.0294873808
  endloop
 endfacet

 facet normal 0.999586344 -0.0203433502 0.0203273539
  outer loop
  vertex 0.0207663048 -0.0147305382 0.0294873808
  vertex 0.0207404159 -0.0160026718 0.0294873808
  vertex 0.0207663048 -0.0172806457 0.0269352682
  endloop
 endfacet

 facet normal 0.999462128 -0.0241209194 0.022217717
  outer loop
  vertex 0.0207663048 -0.0172806457 0.0269352682
  vertex 0.0207404159 -0.0160026718 0.0294873808
  vertex 0.0207492728 -0.0262089297 0.0180084165
  endloop
 endfacet

 facet normal 0.999883056 -0.0117279366 0.00982193928
  outer loop
  vertex 0.0207663048 -0.0172806457 0.0269352682
  vertex 0.0207492728 -0.0262089297 0.0180084165
  vertex 0.0207642615 -0.0249309596 0.0180084165
  endloop
 endfacet

 facet normal 0.999998271 -0.00151385262 0.00106843864
  outer loop
  vertex 0.0207663048 -0.0172806457 0.0269352682
  vertex 0.0207642615 -0.0249309596 0.0180084165
  vertex 0.0207656249 -0.0249309596 0.0167323612
  endloop
 endfacet

 facet normal 0.99993062 -0.0117284954 0.00106836646
  outer loop
  vertex 0.0207656249 -0.0249309596 0.0167323612
  vertex 0.0207642615 -0.0249309596 0.0180084165
  vertex 0.0207492728 -0.0262089297 0.0180084165
  endloop
 endfacet

 facet normal 0.999918163 -0.0127951037 0
  outer loop
  vertex 0.0207656249 -0.0249309596 0.0167323612
  vertex 0.0207492728 -0.0262089297 0.0180084165
  vertex 0.0207492728 -0.0262089297 0.0109651377
  endloop
 endfacet

 facet normal 0.999918163 -0.0127951037 0
  outer loop
  vertex 0.0207656249 -0.0249309596 0.0167323612
  vertex 0.0207492728 -0.0262089297 0.0109651377
  vertex 0.0207656249 -0.0249309596 0.0109651377
  endloop
 endfacet

 facet normal 0.951684177 0.307006866 0.00662847701
  outer loop
  vertex 0.0206055082 0.0305994805 0.0109651377
  vertex 0.0204229075 0.0311655216 0.0109651377
  vertex 0.0203738511 0.0311655216 0.0180084165
  endloop
 endfacet

 facet normal 0.955676317 0.294316441 0.00777965877
  outer loop
  vertex 0.0206055082 0.0305994805 0.0109651377
  vertex 0.0203738511 0.0311655216 0.0180084165
  vertex 0.0207656249 0.029893389 0.0180084165
  endloop
 endfacet

 facet normal 0.951898515 0.293153048 0.0891668722
  outer loop
  vertex 0.0207656249 0.029893389 0.0180084165
  vertex 0.0203738511 0.0311655216 0.0180084165
  vertex 0.0207165685 0.0273374468 0.0269352682
  endloop
 endfacet

 facet normal 0.995592058 0.0885767639 0.0308326073
  outer loop
  vertex 0.0207656249 0.029893389 0.0180084165
  vertex 0.0207165685 0.0273374468 0.0269352682
  vertex 0.0207560863 0.0273374468 0.025659211
  endloop
 endfacet

 facet normal 0.99989897 0.0130670555 0.00561205111
  outer loop
  vertex 0.0207656249 0.029893389 0.0180084165
  vertex 0.0207560863 0.0273374468 0.025659211
  vertex 0.0207656249 0.0260594767 0.0269352682
  endloop
 endfacet

 facet normal 0.999657452 0.0218519717 0.0144119458
  outer loop
  vertex 0.0207656249 0.0260594767 0.0269352682
  vertex 0.0207560863 0.0273374468 0.025659211
  vertex 0.0207472295 0.0260594767 0.0282113235
  endloop
 endfacet

 facet normal 0.999784172 0.0149621544 0.0144137722
  outer loop
  vertex 0.0207656249 0.0260594767 0.0269352682
  vertex 0.0207472295 0.0260594767 0.0282113235
  vertex 0.0207479093 0.0247873403 0.0294846073
  endloop
 endfacet

 facet normal 0.999807596 0.0138706593 0.0138692725
  outer loop
  vertex 0.0207656249 0.0260594767 0.0269352682
  vertex 0.0207479093 0.0247873403 0.0294846073
  vertex 0.0207656249 0.0222372357 0.030757891
  endloop
 endfacet

 facet normal 0.99980551 0.01392313 0.01397439
  outer loop
  vertex 0.0207656249 0.0222372357 0.030757891
  vertex 0.0207479093 0.0247873403 0.0294846073
  vertex 0.0207656249 0.0209592655 0.032031171
  endloop
 endfacet

 facet normal 0.999106765 0.0265134331 0.0329053774
  outer loop
  vertex 0.0207656249 0.0209592655 0.032031171
  vertex 0.0207479093 0.0247873403 0.0294846073
  vertex 0.0207397342 0.0235152077 0.030757891
  endloop
 endfacet

 facet normal 0.999063969 0.026969377 0.0338214934
  outer loop
  vertex 0.0207656249 0.0209592655 0.032031171
  vertex 0.0207397342 0.0235152077 0.030757891
  vertex 0.0207567681 0.019687131 0.0333072282
  endloop
 endfacet

 facet normal 0.999818742 0.00955887046 0.0164697394
  outer loop
  vertex 0.0207656249 0.0209592655 0.032031171
  vertex 0.0207567681 0.019687131 0.0333072282
  vertex 0.020760173 0.0171370246 0.0345805138
  endloop
 endfacet

 facet normal 0.999953508 0.0043238746 0.00862116925
  outer loop
  vertex 0.0207656249 0.0209592655 0.032031171
  vertex 0.020760173 0.0171370246 0.0345805138
  vertex 0.0207656249 0.0184149947 0.0333072282
  endloop
 endfacet

 facet normal 0.989733338 0.0649036244 0.127340034
  outer loop
  vertex 0.020760173 0.0171370246 0.0345805138
  vertex 0.0207567681 0.019687131 0.0333072282
  vertex 0.0206763688 0.0184149947 0.0345805138
  endloop
 endfacet

 facet normal 0.980962694 0.102865905 0.164714307
  outer loop
  vertex 0.0206763688 0.0184149947 0.0345805138
  vertex 0.0207567681 0.019687131 0.0333072282
  vertex 0.0207036212 0.0222372357 0.032031171
  endloop
 endfacet

 facet normal 0.909401417 0.226277396 0.348980784
  outer loop
  vertex 0.0206763688 0.0184149947 0.0345805138
  vertex 0.0207036212 0.0222372357 0.032031171
  vertex 0.0205319226 0.0209592655 0.0333072282
  endloop
 endfacet

 facet normal 0.838326633 0.28129977 0.466989279
  outer loop
  vertex 0.0206763688 0.0184149947 0.0345805138
  vertex 0.0205319226 0.0209592655 0.0333072282
  vertex 0.020215096 0.0196929667 0.0346387662
  endloop
 endfacet

 facet normal 0.825541258 0.275521487 0.492513508
  outer loop
  vertex 0.0206763688 0.0184149947 0.0345805138
  vertex 0.020215096 0.0196929667 0.0346387662
  vertex 0.0200822335 0.0184149947 0.035576392
  endloop
 endfacet

 facet normal 0.742924154 0.344039321 0.574195743
  outer loop
  vertex 0.0200822335 0.0184149947 0.035576392
  vertex 0.020215096 0.0196929667 0.0346387662
  vertex 0.0198607948 0.0192728117 0.035348922
  endloop
 endfacet

 facet normal 0.627116561 0.346827954 0.697449028
  outer loop
  vertex 0.0200822335 0.0184149947 0.035576392
  vertex 0.0198607948 0.0192728117 0.035348922
  vertex 0.0198512562 0.0167518836 0.03661111
  endloop
 endfacet

 facet normal 0.112653881 0.38107568 0.917654872
  outer loop
  vertex 0.0198512562 0.0167518836 0.03661111
  vertex 0.0189396124 0.0168744288 0.036672134
  vertex 0.0189396124 0.0158590544 0.0370937921
  endloop
 endfacet

 facet normal 0.116041526 0.378062129 0.918478906
  outer loop
  vertex 0.0198512562 0.0167518836 0.03661111
  vertex 0.0189396124 0.0158590544 0.0370937921
  vertex 0.0196161903 0.0139800292 0.0377817489
  endloop
 endfacet

 facet normal 0.144880727 0.442540169 0.884967744
  outer loop
  vertex 0.0198512562 0.0167518836 0.03661111
  vertex 0.0198607948 0.0192728117 0.035348922
  vertex 0.0189396124 0.0184149947 0.0359286964
  endloop
 endfacet

 facet normal 0.130524874 0.4367598 0.890058517
  outer loop
  vertex 0.0198512562 0.0167518836 0.03661111
  vertex 0.0189396124 0.0184149947 0.0359286964
  vertex 0.0189396124 0.0175104961 0.0363725387
  endloop
 endfacet

 facet normal 0.117028557 0.423181504 0.898455143
  outer loop
  vertex 0.0198512562 0.0167518836 0.03661111
  vertex 0.0189396124 0.0175104961 0.0363725387
  vertex 0.0189396124 0.0168744288 0.036672134
  endloop
 endfacet

 facet normal 0.0250681471 0.351646155 0.935797334
  outer loop
  vertex 0.0196161903 0.0139800292 0.0377817489
  vertex 0.0189396124 0.0158590544 0.0370937921
  vertex 0.0189396124 0.0146336034 0.037554279
  endloop
 endfacet

 facet normal 0.0135936243 0.341193855 0.939894676
  outer loop
  vertex 0.0196161903 0.0139800292 0.0377817489
  vertex 0.0189396124 0.0146336034 0.037554279
  vertex 0.0189396124 0.0139917005 0.0377872996
  endloop
 endfacet

 facet normal 0.0127665019 0.284332782 0.958640575
  outer loop
  vertex 0.0196161903 0.0139800292 0.0377817489
  vertex 0.0189396124 0.0139917005 0.0377872996
  vertex 0.0189396124 0.0133089498 0.0379898027
  endloop
 endfacet

 facet normal 0.028277006 0.269884676 0.962477386
  outer loop
  vertex 0.0196161903 0.0139800292 0.0377817489
  vertex 0.0189396124 0.0133089498 0.0379898027
  vertex 0.0189396124 0.01204265 0.0383448824
  endloop
 endfacet

 facet normal -0.175356552 0.491394699 0.853101015
  outer loop
  vertex 0.0156650562 0.0192086212 0.0353128575
  vertex 0.016392054 0.0193428379 0.0353849828
  vertex 0.0157461371 0.0216070041 0.033948034
  endloop
 endfacet

 facet normal -0.474691719 0.447379291 0.75797075
  outer loop
  vertex 0.0156650562 0.0192086212 0.0353128575
  vertex 0.0157461371 0.0216070041 0.033948034
  vertex 0.0148154162 0.0220388304 0.0331102759
  endloop
 endfacet

 facet normal -0.542694449 0.408313274 0.734004855
  outer loop
  vertex 0.0156650562 0.0192086212 0.0353128575
  vertex 0.0148154162 0.0220388304 0.0331102759
  vertex 0.0148154162 0.0217645615 0.0332628451
  endloop
 endfacet

 facet normal -0.992118657 0.0609130822 0.109500468
  outer loop
  vertex 0.0148154162 0.0217645615 0.0332628451
  vertex 0.0148154162 0.0220388304 0.0331102759
  vertex 0.0138438148 0.0318657793 0.0188406277
  endloop
 endfacet

 facet normal -0.000182262564 0.996501863 0.0835716352
  outer loop
  vertex 0.0138438148 0.0318657793 0.0188406277
  vertex 0.0151158897 0.0318657793 0.0188434031
  vertex 0.0151158897 0.0319358073 0.0180084165
  endloop
 endfacet

 facet normal -0.00474100746 0.997046888 0.0766492262
  outer loop
  vertex 0.0138438148 0.0318657793 0.0188406277
  vertex 0.0151158897 0.0319358073 0.0180084165
  vertex 0.0138438148 0.0319299698 0.018005643
  endloop
 endfacet

 facet normal -0.977767229 0.135595009 0.159953833
  outer loop
  vertex 0.0138438148 0.0318657793 0.0188406277
  vertex 0.0148154162 0.0220388304 0.0331102759
  vertex 0.0148154162 0.0232234318 0.0321060717
  endloop
 endfacet

 facet normal -0.966506362 0.176835239 0.185996801
  outer loop
  vertex 0.0138438148 0.0318657793 0.0188406277
  vertex 0.0148154162 0.0232234318 0.0321060717
  vertex 0.0148154162 0.0233984962 0.0319396295
  endloop
 endfacet

 facet normal -0.932377815 0.268108696 0.242465124
  outer loop
  vertex 0.0138438148 0.0318657793 0.0188406277
  vertex 0.0148154162 0.0233984962 0.0319396295
  vertex 0.0148154162 0.0244722255 0.0307523422
  endloop
 endfacet

 facet normal -0.799676776 0.478744626 0.362382025
  outer loop
  vertex 0.0138438148 0.0318657793 0.0188406277
  vertex 0.0148154162 0.0244722255 0.0307523422
  vertex 0.0156459808 0.0281252358 0.0277591571
  endloop
 endfacet

 facet normal -0.205618411 0.886959195 0.413551182
  outer loop
  vertex 0.0138438148 0.0318657793 0.0188406277
  vertex 0.0156459808 0.0281252358 0.0277591571
  vertex 0.016392054 0.0282361116 0.0278923083
  endloop
 endfacet

 facet normal -0.0771442577 0.917700887 0.389710188
  outer loop
  vertex 0.0138438148 0.0318657793 0.0188406277
  vertex 0.016392054 0.0282361116 0.0278923083
  vertex 0.0176661741 0.0287496336 0.0269352682
  endloop
 endfacet

 facet normal -0.000784224248 0.933112025 0.359585047
  outer loop
  vertex 0.0138438148 0.0318657793 0.0188406277
  vertex 0.0176661741 0.0287496336 0.0269352682
  vertex 0.0151158897 0.0318657793 0.0188434031
  endloop
 endfacet

 facet normal 0 0.284355968 0.958718777
  outer loop
  vertex 0.0176661741 0.0133089498 0.0379898027
  vertex 0.0189396124 0.0133089498 0.0379898027
  vertex 0.0189396124 0.0139917005 0.0377872996
  endloop
 endfacet

 facet normal 0 0.284355968 0.958718777
  outer loop
  vertex 0.0176661741 0.0133089498 0.0379898027
  vertex 0.0189396124 0.0139917005 0.0377872996
  vertex 0.0176661741 0.0139917005 0.0377872996
  endloop
 endfacet

 facet normal -0.0102651771 0.284340978 0.958668232
  outer loop
  vertex 0.0176661741 0.0133089498 0.0379898027
  vertex 0.0176661741 0.0139917005 0.0377872996
  vertex 0.0168247093 0.0139800292 0.0377817489
  endloop
 endfacet

 facet normal -0.0109302839 0.341204971 0.939925373
  outer loop
  vertex 0.0168247093 0.0139800292 0.0377817489
  vertex 0.0176661741 0.0139917005 0.0377872996
  vertex 0.0176661741 0.0146336034 0.037554279
  endloop
 endfacet

 facet normal -0.020158235 0.351685226 0.935901284
  outer loop
  vertex 0.0168247093 0.0139800292 0.0377817489
  vertex 0.0176661741 0.0146336034 0.037554279
  vertex 0.0176661741 0.0158590544 0.0370937921
  endloop
 endfacet

 facet normal -0.0528197214 0.364100158 0.92986083
  outer loop
  vertex 0.0168247093 0.0139800292 0.0377817489
  vertex 0.0176661741 0.0158590544 0.0370937921
  vertex 0.016392054 0.0168219097 0.0366443954
  endloop
 endfacet

 facet normal -0.0358916223 0.383269966 0.922938883
  outer loop
  vertex 0.016392054 0.0168219097 0.0366443954
  vertex 0.0176661741 0.0158590544 0.0370937921
  vertex 0.0176661741 0.0168744288 0.036672134
  endloop
 endfacet

 facet normal -0.0372339077 0.425814003 0.904044271
  outer loop
  vertex 0.016392054 0.0168219097 0.0366443954
  vertex 0.0176661741 0.0168744288 0.036672134
  vertex 0.0176661741 0.0175104961 0.0363725387
  endloop
 endfacet

 facet normal -0.0464813337 0.44005236 0.896768332
  outer loop
  vertex 0.016392054 0.0168219097 0.0366443954
  vertex 0.0176661741 0.0175104961 0.0363725387
  vertex 0.0176661741 0.0184149947 0.0359286964
  endloop
 endfacet

 facet normal -0.0562039986 0.446208447 0.893162489
  outer loop
  vertex 0.016392054 0.0168219097 0.0366443954
  vertex 0.0176661741 0.0184149947 0.0359286964
  vertex 0.016392054 0.0193428379 0.0353849828
  endloop
 endfacet

 facet normal -0.0363613181 0.467610568 0.88318634
  outer loop
  vertex 0.016392054 0.0193428379 0.0353849828
  vertex 0.0176661741 0.0184149947 0.0359286964
  vertex 0.0176661741 0.0193895213 0.0354127213
  endloop
 endfacet

 facet normal -0.0372057073 0.502025008 0.864052474
  outer loop
  vertex 0.016392054 0.0193428379 0.0353849828
  vertex 0.0176661741 0.0193895213 0.0354127213
  vertex 0.0176661741 0.0200197529 0.0350465514
  endloop
 endfacet

 facet normal -0.0487372503 0.518536985 0.853665113
  outer loop
  vertex 0.016392054 0.0193428379 0.0353849828
  vertex 0.0176661741 0.0200197529 0.0350465514
  vertex 0.016392054 0.0199730676 0.0350021683
  endloop
 endfacet

 facet normal -0.0812950432 0.51743561 0.851851881
  outer loop
  vertex 0.016392054 0.0193428379 0.0353849828
  vertex 0.016392054 0.0199730676 0.0350021683
  vertex 0.0157461371 0.0216070041 0.033948034
  endloop
 endfacet

 facet normal -0.998956203 -0.0105617577 -0.044439327
  outer loop
  vertex 0.0138438148 0.0228207838 0.0109706856
  vertex 0.0138438148 0.0228441264 0.0109651377
  vertex 0.0143779907 -0.0276794713 0.0109651377
  endloop
 endfacet

 facet normal 0 -1 0
  outer loop
  vertex 0.0143779907 -0.0276794713 0.0109651377
  vertex 0.0189402942 -0.0276794713 0.0109651377
  vertex 0.0189402942 -0.0276794713 0.0180084165
  endloop
 endfacet

 facet normal 0 -1 0
  outer loop
  vertex 0.0143779907 -0.0276794713 0.0109651377
  vertex 0.0189402942 -0.0276794713 0.0180084165
  vertex 0.0143779907 -0.0276794713 0.0180084165
  endloop
 endfacet

 facet normal 0 -0.944157243 0.329495251
  outer loop
  vertex 0.0143779907 -0.0276794713 0.0180084165
  vertex 0.0189402942 -0.0276794713 0.0180084165
  vertex 0.0189402942 -0.02725932 0.0192123484
  endloop
 endfacet

 facet normal 0 -0.944157243 0.329495251
  outer loop
  vertex 0.0143779907 -0.0276794713 0.0180084165
  vertex 0.0189402942 -0.02725932 0.0192123484
  vertex 0.0143779907 -0.02725932 0.0192123484
  endloop
 endfacet

 facet normal 0 -0.744720936 0.667376041
  outer loop
  vertex 0.0143779907 -0.02725932 0.0192123484
  vertex 0.0189402942 -0.02725932 0.0192123484
  vertex 0.0189396124 -0.0182726774 0.0292404909
  endloop
 endfacet

 facet normal 0 -0.744720936 0.667376041
  outer loop
  vertex 0.0143779907 -0.02725932 0.0192123484
  vertex 0.0189396124 -0.0182726774 0.0292404909
  vertex 0.0176661741 -0.0182726774 0.0292404909
  endloop
 endfacet

 facet normal -0.0490179285 -0.735783994 0.675440013
  outer loop
  vertex 0.0143779907 -0.02725932 0.0192123484
  vertex 0.0176661741 -0.0182726774 0.0292404909
  vertex 0.016392054 -0.0182259921 0.0291988794
  endloop
 endfacet

 facet normal -0.116518781 -0.72475791 0.679079771
  outer loop
  vertex 0.0143779907 -0.02725932 0.0192123484
  vertex 0.016392054 -0.0182259921 0.0291988794
  vertex 0.016392054 -0.0176307745 0.0298341345
  endloop
 endfacet

 facet normal -0.272430062 -0.686605632 0.674058378
  outer loop
  vertex 0.0143779907 -0.02725932 0.0192123484
  vertex 0.016392054 -0.0176307745 0.0298341345
  vertex 0.0156214507 -0.0168429837 0.0303251389
  endloop
 endfacet

 facet normal -0.488083839 -0.608878374 0.625332952
  outer loop
  vertex 0.0143779907 -0.02725932 0.0192123484
  vertex 0.0156214507 -0.0168429837 0.0303251389
  vertex 0.0148263192 -0.0145788165 0.0319091156
  endloop
 endfacet

 facet normal -0.949808121 -0.203941271 0.237218201
  outer loop
  vertex 0.0143779907 -0.02725932 0.0192123484
  vertex 0.0148263192 -0.0145788165 0.0319091156
  vertex 0.0148263192 -0.0134817464 0.0328522883
  endloop
 endfacet

 facet normal -0.972444713 -0.14727518 0.180724353
  outer loop
  vertex 0.0143779907 -0.02725932 0.0192123484
  vertex 0.0148263192 -0.0134817464 0.0328522883
  vertex 0.0148263192 -0.0133183524 0.0329854414
  endloop
 endfacet

 facet normal -0.995388508 -0.0492909811 0.0822927058
  outer loop
  vertex 0.0143779907 -0.02725932 0.0192123484
  vertex 0.0148263192 -0.0133183524 0.0329854414
  vertex 0.0148263192 -0.0124430303 0.033509735
  endloop
 endfacet

 facet normal -0.99639982 -0.0412977599 0.0740410909
  outer loop
  vertex 0.0143779907 -0.02725932 0.0192123484
  vertex 0.0148263192 -0.0124430303 0.033509735
  vertex 0.0143779907 -0.0268216543 0.0194564648
  endloop
 endfacet

 facet normal -0.996506691 -0.0403777771 0.0731032193
  outer loop
  vertex 0.0143779907 -0.0268216543 0.0194564648
  vertex 0.0148263192 -0.0124430303 0.033509735
  vertex 0.0143779907 -0.0262089297 0.0197948962
  endloop
 endfacet

 facet normal -0.996512055 -0.0403310657 0.0730565116
  outer loop
  vertex 0.0143779907 -0.0262089297 0.0197948962
  vertex 0.0148263192 -0.0124430303 0.033509735
  vertex 0.0148263192 -0.0122621302 0.0336095989
  endloop
 endfacet

 facet normal -0.147995979 -0.443549842 0.883946121
  outer loop
  vertex 0.016392054 -0.0079905577 0.0366222039
  vertex 0.0156786852 -0.0104006128 0.0352934413
  vertex 0.016392054 -0.0105114849 0.0353572443
  endloop
 endfacet

 facet normal -0.0535452068 -0.447845221 0.892506361
  outer loop
  vertex 0.016392054 -0.0079905577 0.0366222039
  vertex 0.016392054 -0.0105114849 0.0353572443
  vertex 0.0176661741 -0.00962449238 0.0358787626
  endloop
 endfacet

 facet normal -0.050255172 -0.445826352 0.893707693
  outer loop
  vertex 0.016392054 -0.0079905577 0.0366222039
  vertex 0.0176661741 -0.00962449238 0.0358787626
  vertex 0.0176661741 -0.00867914502 0.0363503471
  endloop
 endfacet

 facet normal -0.0331457928 -0.419479072 0.907159746
  outer loop
  vertex 0.016392054 -0.0079905577 0.0366222039
  vertex 0.0176661741 -0.00867914502 0.0363503471
  vertex 0.0176661741 -0.00803724211 0.0366471708
  endloop
 endfacet

 facet normal -0.0323158354 -0.389777631 0.920341909
  outer loop
  vertex 0.016392054 -0.0079905577 0.0366222039
  vertex 0.0176661741 -0.00803724211 0.0366471708
  vertex 0.0176661741 -0.00707438774 0.0370549522
  endloop
 endfacet

 facet normal -0.558879972 -0.40077424 0.725970626
  outer loop
  vertex 0.0156786852 -0.0104006128 0.0352934413
  vertex 0.0148263192 -0.0122621302 0.0336095989
  vertex 0.0148263192 -0.0124430303 0.033509735
  endloop
 endfacet

 facet normal -0.49124223 -0.447572351 0.747234941
  outer loop
  vertex 0.0156786852 -0.0104006128 0.0352934413
  vertex 0.0148263192 -0.0124430303 0.033509735
  vertex 0.0148263192 -0.0133183524 0.0329854414
  endloop
 endfacet

 facet normal -0.401972175 -0.492950737 0.771633327
  outer loop
  vertex 0.0156786852 -0.0104006128 0.0352934413
  vertex 0.0148263192 -0.0133183524 0.0329854414
  vertex 0.015978476 -0.0127814878 0.0339286141
  endloop
 endfacet

 facet normal -0.15453127 -0.505926847 0.848621309
  outer loop
  vertex 0.0156786852 -0.0104006128 0.0352934413
  vertex 0.015978476 -0.0127814878 0.0339286141
  vertex 0.016392054 -0.0105114849 0.0353572443
  endloop
 endfacet

 facet normal 0 -0.419709623 0.907658458
  outer loop
  vertex 0.0189396124 -0.00803724211 0.0366471708
  vertex 0.0176661741 -0.00803724211 0.0366471708
  vertex 0.0176661741 -0.00867914502 0.0363503471
  endloop
 endfacet

 facet normal 0 -0.419709623 0.907658458
  outer loop
  vertex 0.0189396124 -0.00803724211 0.0366471708
  vertex 0.0176661741 -0.00867914502 0.0363503471
  vertex 0.0189396124 -0.00867914502 0.0363503471
  endloop
 endfacet

 facet normal 0 -0.446390331 0.894838333
  outer loop
  vertex 0.0189396124 -0.00867914502 0.0363503471
  vertex 0.0176661741 -0.00867914502 0.0363503471
  vertex 0.0176661741 -0.00962449238 0.0358787626
  endloop
 endfacet

 facet normal 0 -0.446390331 0.894838333
  outer loop
  vertex 0.0189396124 -0.00867914502 0.0363503471
  vertex 0.0176661741 -0.00962449238 0.0358787626
  vertex 0.0189396124 -0.00962449238 0.0358787626
  endloop
 endfacet

 facet normal 0 -0.469794601 0.882775784
  outer loop
  vertex 0.0189396124 -0.00962449238 0.0358787626
  vertex 0.0176661741 -0.00962449238 0.0358787626
  vertex 0.0176661741 -0.0105523337 0.0353849828
  endloop
 endfacet

 facet normal 0 -0.469794601 0.882775784
  outer loop
  vertex 0.0189396124 -0.00962449238 0.0358787626
  vertex 0.0176661741 -0.0105523337 0.0353849828
  vertex 0.0189396124 -0.0105523337 0.0353849828
  endloop
 endfacet

 facet normal 0.103624567 -0.467265457 0.878023326
  outer loop
  vertex 0.0189396124 -0.00962449238 0.0358787626
  vertex 0.0189396124 -0.0105523337 0.0353849828
  vertex 0.0198335405 -0.0104531301 0.0353322774
  endloop
 endfacet

 facet normal 0.105868071 -0.496112108 0.861779928
  outer loop
  vertex 0.0198335405 -0.0104531301 0.0353322774
  vertex 0.0189396124 -0.0105523337 0.0353849828
  vertex 0.0189396124 -0.0111884018 0.0350188091
  endloop
 endfacet

 facet normal 0.114553116 -0.504190564 0.855961204
  outer loop
  vertex 0.0198335405 -0.0104531301 0.0353322774
  vertex 0.0189396124 -0.0111884018 0.0350188091
  vertex 0.0196148288 -0.0128340079 0.033959128
  endloop
 endfacet

 facet normal 0.542434216 -0.456553519 0.705212057
  outer loop
  vertex 0.0198335405 -0.0104531301 0.0353322774
  vertex 0.0196148288 -0.0128340079 0.033959128
  vertex 0.0198921375 -0.0121745979 0.0341727287
  endloop
 endfacet

 facet normal 0.701819897 -0.381379664 0.601663053
  outer loop
  vertex 0.0198335405 -0.0104531301 0.0353322774
  vertex 0.0198921375 -0.0121745979 0.0341727287
  vertex 0.0201973803 -0.0108907912 0.0346304476
  endloop
 endfacet

 facet normal 0.72700119 -0.377374291 0.573635817
  outer loop
  vertex 0.0201973803 -0.0108907912 0.0346304476
  vertex 0.0198921375 -0.0121745979 0.0341727287
  vertex 0.0200072844 -0.0133358585 0.0332628451
  endloop
 endfacet

 facet normal 0.792926729 -0.343238562 0.503442645
  outer loop
  vertex 0.0201973803 -0.0108907912 0.0346304476
  vertex 0.0200072844 -0.0133358585 0.0332628451
  vertex 0.0204835478 -0.0121745979 0.0333044566
  endloop
 endfacet

 facet normal 0.794085264 -0.343638361 0.501339436
  outer loop
  vertex 0.0204835478 -0.0121745979 0.0333044566
  vertex 0.0200072844 -0.0133358585 0.0332628451
  vertex 0.0201939736 -0.0147013608 0.032031171
  endloop
 endfacet

 facet normal 0.83167237 -0.322933048 0.451702714
  outer loop
  vertex 0.0204835478 -0.0121745979 0.0333044566
  vertex 0.0201939736 -0.0147013608 0.032031171
  vertex 0.0206811372 -0.0134467334 0.032031171
  endloop
 endfacet

 facet normal 0.858924985 -0.333515048 0.388607353
  outer loop
  vertex 0.0206811372 -0.0134467334 0.032031171
  vertex 0.0201939736 -0.0147013608 0.032031171
  vertex 0.0202396251 -0.016031852 0.030788403
  endloop
 endfacet

 facet normal 0.876718879 -0.321661323 0.357628524
  outer loop
  vertex 0.0206811372 -0.0134467334 0.032031171
  vertex 0.0202396251 -0.016031852 0.030788403
  vertex 0.0207295138 -0.0147305382 0.030757891
  endloop
 endfacet

 facet normal 0.986434698 -0.0953541845 0.133619413
  outer loop
  vertex 0.0206811372 -0.0134467334 0.032031171
  vertex 0.0207295138 -0.0147305382 0.030757891
  vertex 0.0207540412 -0.0109082991 0.0333044566
  endloop
 endfacet

 facet normal 0.998323858 -0.036390014 0.0450032726
  outer loop
  vertex 0.0207540412 -0.0109082991 0.0333044566
  vertex 0.0207295138 -0.0147305382 0.030757891
  vertex 0.0207404159 -0.0160026718 0.0294873808
  endloop
 endfacet

 facet normal 0.998680294 -0.0324799642 0.0397835337
  outer loop
  vertex 0.0207540412 -0.0109082991 0.0333044566
  vertex 0.0207404159 -0.0160026718 0.0294873808
  vertex 0.0207635816 -0.0121745979 0.032031171
  endloop
 endfacet

 facet normal 0.884909749 -0.325314701 0.333324224
  outer loop
  vertex 0.0207404159 -0.0160026718 0.0294873808
  vertex 0.0207295138 -0.0147305382 0.030757891
  vertex 0.0202396251 -0.016031852 0.030788403
  endloop
 endfacet

 facet normal 0.884469509 -0.326714694 0.333123386
  outer loop
  vertex 0.0207404159 -0.0160026718 0.0294873808
  vertex 0.0202396251 -0.016031852 0.030788403
  vertex 0.0202471185 -0.0173098203 0.029515123
  endloop
 endfacet

 facet normal 0.886657417 -0.327685535 0.326283395
  outer loop
  vertex 0.0207404159 -0.0160026718 0.0294873808
  vertex 0.0202471185 -0.0173098203 0.029515123
  vertex 0.020737689 -0.0172806457 0.0282113235
  endloop
 endfacet

 facet normal 0.999383092 -0.0258592777 0.0237632748
  outer loop
  vertex 0.0207404159 -0.0160026718 0.0294873808
  vertex 0.020737689 -0.0172806457 0.0282113235
  vertex 0.0207492728 -0.0262089297 0.0180084165
  endloop
 endfacet

 facet normal 0.848080099 -0.479701161 0.225048825
  outer loop
  vertex 0.0207492728 -0.0262089297 0.0180084165
  vertex 0.0199616347 -0.0271251015 0.0190237146
  vertex 0.0201551374 -0.02725932 0.0180084165
  endloop
 endfacet

 facet normal 0.870408237 -0.49233067 0
  outer loop
  vertex 0.0207492728 -0.0262089297 0.0180084165
  vertex 0.0201551374 -0.02725932 0.0180084165
  vertex 0.0201551374 -0.02725932 0.0109651377
  endloop
 endfacet

 facet normal 0.870408237 -0.49233067 0
  outer loop
  vertex 0.0207492728 -0.0262089297 0.0180084165
  vertex 0.0201551374 -0.02725932 0.0109651377
  vertex 0.0207492728 -0.0262089297 0.0109651377
  endloop
 endfacet

 facet normal 0.929300189 -0.277412236 0.243810818
  outer loop
  vertex 0.0207492728 -0.0262089297 0.0180084165
  vertex 0.020737689 -0.0172806457 0.0282113235
  vertex 0.020692721 -0.0185527802 0.0269352682
  endloop
 endfacet

 facet normal 0.871429384 -0.369595796 0.322505832
  outer loop
  vertex 0.0207492728 -0.0262089297 0.0180084165
  vertex 0.020692721 -0.0185527802 0.0269352682
  vertex 0.020215096 -0.0185702853 0.0282057766
  endloop
 endfacet

 facet normal 0.864948392 -0.378874958 0.329117149
  outer loop
  vertex 0.0207492728 -0.0262089297 0.0180084165
  vertex 0.020215096 -0.0185702853 0.0282057766
  vertex 0.0199616347 -0.0271251015 0.0190237146
  endloop
 endfacet

 facet normal 0.72579062 0.687912107 -0.00225499226
  outer loop
  vertex 0.0204229075 0.0311655216 0.0109651377
  vertex 0.0197647251 0.0318599455 0.0109651377
  vertex 0.0197810773 0.0318657793 0.0180084165
  endloop
 endfacet

 facet normal 0.76324302 0.646089613 0.00531598413
  outer loop
  vertex 0.0204229075 0.0311655216 0.0109651377
  vertex 0.0197810773 0.0318657793 0.0180084165
  vertex 0.0203738511 0.0311655216 0.0180084165
  endloop
 endfacet

 facet normal 0.760759532 0.643987358 0.0807791799
  outer loop
  vertex 0.0203738511 0.0311655216 0.0180084165
  vertex 0.0197810773 0.0318657793 0.0180084165
  vertex 0.0197143052 0.0318482742 0.0187768247
  endloop
 endfacet

 facet normal 0.806782484 0.556761444 0.197784632
  outer loop
  vertex 0.0203738511 0.0311655216 0.0180084165
  vertex 0.0197143052 0.0318482742 0.0187768247
  vertex 0.0201224331 0.0283586569 0.0269352682
  endloop
 endfacet

 facet normal 0.850317717 0.494711369 0.179500386
  outer loop
  vertex 0.0203738511 0.0311655216 0.0180084165
  vertex 0.0201224331 0.0283586569 0.0269352682
  vertex 0.0207165685 0.0273374468 0.0269352682
  endloop
 endfacet

 facet normal 0.882771909 0.345916152 0.317892909
  outer loop
  vertex 0.0207165685 0.0273374468 0.0269352682
  vertex 0.0202396251 0.0273666233 0.0282279681
  vertex 0.0202607457 0.0261119958 0.0295345411
  endloop
 endfacet

 facet normal 0.888783395 0.334345549 0.31349203
  outer loop
  vertex 0.0207165685 0.0273374468 0.0269352682
  vertex 0.0202607457 0.0261119958 0.0295345411
  vertex 0.0207472295 0.0260594767 0.0282113235
  endloop
 endfacet

 facet normal 0.998018622 0.0548055246 0.0309077539
  outer loop
  vertex 0.0207165685 0.0273374468 0.0269352682
  vertex 0.0207472295 0.0260594767 0.0282113235
  vertex 0.0207560863 0.0273374468 0.025659211
  endloop
 endfacet

 facet normal 0.826165676 0.480659872 0.29396686
  outer loop
  vertex 0.0207165685 0.0273374468 0.0269352682
  vertex 0.0201224331 0.0283586569 0.0269352682
  vertex 0.0202396251 0.0273666233 0.0282279681
  endloop
 endfacet

 facet normal 0.894195676 0.31693691 0.316172808
  outer loop
  vertex 0.0207472295 0.0260594767 0.0282113235
  vertex 0.0202607457 0.0261119958 0.0295345411
  vertex 0.0207479093 0.0247873403 0.0294846073
  endloop
 endfacet

 facet normal 0.892553329 0.316129267 0.321575493
  outer loop
  vertex 0.0207479093 0.0247873403 0.0294846073
  vertex 0.0202607457 0.0261119958 0.0295345411
  vertex 0.0207397342 0.0235152077 0.030757891
  endloop
 endfacet

 facet normal 0.992703617 0.0698657185 0.0982769579
  outer loop
  vertex 0.0207397342 0.0235152077 0.030757891
  vertex 0.0207036212 0.0222372357 0.032031171
  vertex 0.0207567681 0.019687131 0.0333072282
  endloop
 endfacet

 facet normal 0.891762257 0.316734701 0.323170364
  outer loop
  vertex 0.0207397342 0.0235152077 0.030757891
  vertex 0.0202607457 0.0261119958 0.0295345411
  vertex 0.0202552956 0.02482819 0.0308078211
  endloop
 endfacet

 facet normal 0.886295974 0.314064294 0.340357125
  outer loop
  vertex 0.0207397342 0.0235152077 0.030757891
  vertex 0.0202552956 0.02482819 0.0308078211
  vertex 0.0207036212 0.0222372357 0.032031171
  endloop
 endfacet

 facet normal 0.870231628 0.325275958 0.369989693
  outer loop
  vertex 0.0207036212 0.0222372357 0.032031171
  vertex 0.0202552956 0.02482819 0.0308078211
  vertex 0.0202198643 0.023509372 0.032050591
  endloop
 endfacet

 facet normal 0.846223056 0.315236628 0.429572344
  outer loop
  vertex 0.0207036212 0.0222372357 0.032031171
  vertex 0.0202198643 0.023509372 0.032050591
  vertex 0.0205319226 0.0209592655 0.0333072282
  endloop
 endfacet

 facet normal 0.810010016 0.3359676 0.480634511
  outer loop
  vertex 0.0205319226 0.0209592655 0.0333072282
  vertex 0.0202198643 0.023509372 0.032050591
  vertex 0.0200611111 0.0221380331 0.0332767181
  endloop
 endfacet

 facet normal 0.797057986 0.331420898 0.504835367
  outer loop
  vertex 0.0205319226 0.0209592655 0.0333072282
  vertex 0.0200611111 0.0221380331 0.0332767181
  vertex 0.020215096 0.0196929667 0.0346387662
  endloop
 endfacet

 facet normal 0.75857532 0.352900684 0.547745109
  outer loop
  vertex 0.020215096 0.0196929667 0.0346387662
  vertex 0.0200611111 0.0221380331 0.0332767181
  vertex 0.0199384689 0.0209592655 0.0342060179
  endloop
 endfacet

 facet normal 0.733712435 0.357700109 0.577682137
  outer loop
  vertex 0.020215096 0.0196929667 0.0346387662
  vertex 0.0199384689 0.0209592655 0.0342060179
  vertex 0.0198607948 0.0192728117 0.035348922
  endloop
 endfacet

 facet normal 0.562456012 0.445946157 0.696258068
  outer loop
  vertex 0.0198607948 0.0192728117 0.035348922
  vertex 0.0199384689 0.0209592655 0.0342060179
  vertex 0.0196741056 0.0216478519 0.0339785479
  endloop
 endfacet

 facet normal 0.127452493 0.503187776 0.854726791
  outer loop
  vertex 0.0198607948 0.0192728117 0.035348922
  vertex 0.0196741056 0.0216478519 0.0339785479
  vertex 0.0189396124 0.0200197529 0.0350465514
  endloop
 endfacet

 facet normal 0.122602217 0.498582929 0.858128071
  outer loop
  vertex 0.0198607948 0.0192728117 0.035348922
  vertex 0.0189396124 0.0200197529 0.0350465514
  vertex 0.0189396124 0.0193895213 0.0354127213
  endloop
 endfacet

 facet normal 0.119628087 0.464559793 0.87742424
  outer loop
  vertex 0.0198607948 0.0192728117 0.035348922
  vertex 0.0189396124 0.0193895213 0.0354127213
  vertex 0.0189396124 0.0184149947 0.0359286964
  endloop
 endfacet

 facet normal 0 0.383517027 0.923533857
  outer loop
  vertex 0.0189396124 0.0168744288 0.036672134
  vertex 0.0176661741 0.0168744288 0.036672134
  vertex 0.0176661741 0.0158590544 0.0370937921
  endloop
 endfacet

 facet normal 0 0.383517027 0.923533857
  outer loop
  vertex 0.0189396124 0.0168744288 0.036672134
  vertex 0.0176661741 0.0158590544 0.0370937921
  vertex 0.0189396124 0.0158590544 0.0370937921
  endloop
 endfacet

 facet normal 0 0.426109523 0.904671609
  outer loop
  vertex 0.0189396124 0.0168744288 0.036672134
  vertex 0.0189396124 0.0175104961 0.0363725387
  vertex 0.0176661741 0.0175104961 0.0363725387
  endloop
 endfacet

 facet normal 0 0.426109523 0.904671609
  outer loop
  vertex 0.0189396124 0.0168744288 0.036672134
  vertex 0.0176661741 0.0175104961 0.0363725387
  vertex 0.0176661741 0.0168744288 0.036672134
  endloop
 endfacet

 facet normal 0 0.351756662 0.936091423
  outer loop
  vertex 0.0189396124 0.0158590544 0.0370937921
  vertex 0.0176661741 0.0158590544 0.0370937921
  vertex 0.0176661741 0.0146336034 0.037554279
  endloop
 endfacet

 facet normal 0 0.351756662 0.936091423
  outer loop
  vertex 0.0189396124 0.0158590544 0.0370937921
  vertex 0.0176661741 0.0146336034 0.037554279
  vertex 0.0189396124 0.0146336034 0.037554279
  endloop
 endfacet

 facet normal 0 0.440528512 0.897738636
  outer loop
  vertex 0.0189396124 0.0184149947 0.0359286964
  vertex 0.0176661741 0.0184149947 0.0359286964
  vertex 0.0176661741 0.0175104961 0.0363725387
  endloop
 endfacet

 facet normal 0 0.440528512 0.897738636
  outer loop
  vertex 0.0189396124 0.0184149947 0.0359286964
  vertex 0.0176661741 0.0175104961 0.0363725387
  vertex 0.0189396124 0.0175104961 0.0363725387
  endloop
 endfacet

 facet normal 0 0.467920095 0.883770883
  outer loop
  vertex 0.0189396124 0.0184149947 0.0359286964
  vertex 0.0189396124 0.0193895213 0.0354127213
  vertex 0.0176661741 0.0193895213 0.0354127213
  endloop
 endfacet

 facet normal 0 0.467920095 0.883770883
  outer loop
  vertex 0.0189396124 0.0184149947 0.0359286964
  vertex 0.0176661741 0.0193895213 0.0354127213
  vertex 0.0176661741 0.0184149947 0.0359286964
  endloop
 endfacet

 facet normal 0 0.341225356 0.93998158
  outer loop
  vertex 0.0189396124 0.0146336034 0.037554279
  vertex 0.0176661741 0.0146336034 0.037554279
  vertex 0.0176661741 0.0139917005 0.0377872996
  endloop
 endfacet

 facet normal 0 0.341225356 0.93998158
  outer loop
  vertex 0.0189396124 0.0146336034 0.037554279
  vertex 0.0176661741 0.0139917005 0.0377872996
  vertex 0.0189396124 0.0139917005 0.0377872996
  endloop
 endfacet

 facet normal -0.0662913024 0.579299927 0.812414348
  outer loop
  vertex 0.0157461371 0.0216070041 0.033948034
  vertex 0.016392054 0.0216420162 0.0339757726
  vertex 0.016392054 0.0222839192 0.0335180573
  endloop
 endfacet

 facet normal -0.0844122991 0.590407312 0.802679181
  outer loop
  vertex 0.0157461371 0.0216070041 0.033948034
  vertex 0.016392054 0.0222839192 0.0335180573
  vertex 0.016392054 0.02314757 0.0328828022
  endloop
 endfacet

 facet normal -0.177476093 0.60896492 0.773087263
  outer loop
  vertex 0.0157461371 0.0216070041 0.033948034
  vertex 0.016392054 0.02314757 0.0328828022
  vertex 0.015592834 0.0230308622 0.0327912569
  endloop
 endfacet

 facet normal -0.402652174 0.550675929 0.731182039
  outer loop
  vertex 0.0157461371 0.0216070041 0.033948034
  vertex 0.015592834 0.0230308622 0.0327912569
  vertex 0.0148154162 0.0220388304 0.0331102759
  endloop
 endfacet

 facet normal -0.0648408681 0.522754312 0.850013912
  outer loop
  vertex 0.0157461371 0.0216070041 0.033948034
  vertex 0.016392054 0.0199730676 0.0350021683
  vertex 0.016392054 0.0216420162 0.0339757726
  endloop
 endfacet

 facet normal -0.455828309 0.575549126 0.678943098
  outer loop
  vertex 0.0148154162 0.0220388304 0.0331102759
  vertex 0.015592834 0.0230308622 0.0327912569
  vertex 0.0148154162 0.0232234318 0.0321060717
  endloop
 endfacet

 facet normal 0 0.996501863 0.0835716352
  outer loop
  vertex 0.0151158897 0.0318657793 0.0188434031
  vertex 0.0189402942 0.0318657793 0.0188434031
  vertex 0.0189402942 0.0319358073 0.0180084165
  endloop
 endfacet

 facet normal 0 0.996501863 0.0835716352
  outer loop
  vertex 0.0151158897 0.0318657793 0.0188434031
  vertex 0.0189402942 0.0319358073 0.0180084165
  vertex 0.0151158897 0.0319358073 0.0180084165
  endloop
 endfacet

 facet normal 0 0.933195233 0.359369934
  outer loop
  vertex 0.0151158897 0.0318657793 0.0188434031
  vertex 0.0176661741 0.0287496336 0.0269352682
  vertex 0.0189396124 0.0287496336 0.0269352682
  endloop
 endfacet

 facet normal 0 0.933195233 0.359369934
  outer loop
  vertex 0.0151158897 0.0318657793 0.0188434031
  vertex 0.0189396124 0.0287496336 0.0269352682
  vertex 0.0189402942 0.0318657793 0.0188434031
  endloop
 endfacet

 facet normal 0 0.999996901 -0.0024855542
  outer loop
  vertex 0.0151158897 0.0319358073 0.0180084165
  vertex 0.0189402942 0.0319358073 0.0180084165
  vertex 0.0189402942 0.0319182985 0.0109651377
  endloop
 endfacet

 facet normal 0 0.999996901 -0.0024855542
  outer loop
  vertex 0.0151158897 0.0319358073 0.0180084165
  vertex 0.0189402942 0.0319182985 0.0109651377
  vertex 0.0138438148 0.0319182985 0.0109651377
  endloop
 endfacet

 facet normal -0.00255196961 0.999994695 -0.00202464173
  outer loop
  vertex 0.0151158897 0.0319358073 0.0180084165
  vertex 0.0138438148 0.0319182985 0.0109651377
  vertex 0.0138438148 0.0319299698 0.0167295858
  endloop
 endfacet

 facet normal -0.00458734063 0.99998945 0
  outer loop
  vertex 0.0151158897 0.0319358073 0.0180084165
  vertex 0.0138438148 0.0319299698 0.0167295858
  vertex 0.0138438148 0.0319299698 0.018005643
  endloop
 endfacet

 facet normal -0.440975845 0.598748088 0.668611407
  outer loop
  vertex 0.0148154162 0.0232234318 0.0321060717
  vertex 0.015592834 0.0230308622 0.0327912569
  vertex 0.0155771626 0.0243730228 0.0315790065
  endloop
 endfacet

 facet normal -0.474057198 0.606689155 0.63812077
  outer loop
  vertex 0.0148154162 0.0232234318 0.0321060717
  vertex 0.0155771626 0.0243730228 0.0315790065
  vertex 0.0148154162 0.0233984962 0.0319396295
  endloop
 endfacet

 facet normal -0.486458153 0.611259222 0.624276102
  outer loop
  vertex 0.0148154162 0.0233984962 0.0319396295
  vertex 0.0155771626 0.0243730228 0.0315790065
  vertex 0.0156132737 0.0256568287 0.0303501058
  endloop
 endfacet

 facet normal -0.538299978 0.603910804 0.587813735
  outer loop
  vertex 0.0148154162 0.0233984962 0.0319396295
  vertex 0.0156132737 0.0256568287 0.0303501058
  vertex 0.0156269018 0.0269056205 0.0290795974
  endloop
 endfacet

 facet normal -0.639672935 0.569229722 0.516523063
  outer loop
  vertex 0.0148154162 0.0233984962 0.0319396295
  vertex 0.0156269018 0.0269056205 0.0290795974
  vertex 0.0156459808 0.0281252358 0.0277591571
  endloop
 endfacet

 facet normal -0.645370483 0.566551685 0.512363315
  outer loop
  vertex 0.0148154162 0.0233984962 0.0319396295
  vertex 0.0156459808 0.0281252358 0.0277591571
  vertex 0.0148154162 0.0244722255 0.0307523422
  endloop
 endfacet

 facet normal -0.27916801 0.707397163 0.649349332
  outer loop
  vertex 0.0156459808 0.0281252358 0.0277591571
  vertex 0.0156269018 0.0269056205 0.0290795974
  vertex 0.016392054 0.0270573441 0.0292432643
  endloop
 endfacet

 facet normal -0.248233721 0.722828746 0.64490211
  outer loop
  vertex 0.0156459808 0.0281252358 0.0277591571
  vertex 0.016392054 0.0270573441 0.0292432643
  vertex 0.016392054 0.0276934113 0.0285303388
  endloop
 endfacet

 facet normal -0.223066375 0.742525339 0.631583333
  outer loop
  vertex 0.0156459808 0.0281252358 0.0277591571
  vertex 0.016392054 0.0276934113 0.0285303388
  vertex 0.016392054 0.0282361116 0.0278923083
  endloop
 endfacet

 facet normal -0.0388647579 0.901138723 0.431785345
  outer loop
  vertex 0.016392054 0.0282361116 0.0278923083
  vertex 0.0176661741 0.0282711238 0.0279339198
  vertex 0.0176661741 0.0287496336 0.0269352682
  endloop
 endfacet

 facet normal -0.0490100645 0.760802865 0.647129893
  outer loop
  vertex 0.016392054 0.0282361116 0.0278923083
  vertex 0.016392054 0.0276934113 0.0285303388
  vertex 0.0176661741 0.0277400948 0.0285719484
  endloop
 endfacet

 facet normal -0.041976478 0.767935872 0.639149845
  outer loop
  vertex 0.016392054 0.0282361116 0.0278923083
  vertex 0.0176661741 0.0277400948 0.0285719484
  vertex 0.0176661741 0.0282711238 0.0279339198
  endloop
 endfacet

 facet normal 0 0.901820064 0.43211183
  outer loop
  vertex 0.0176661741 0.0287496336 0.0269352682
  vertex 0.0176661741 0.0282711238 0.0279339198
  vertex 0.0189396124 0.0282711238 0.0279339198
  endloop
 endfacet

 facet normal 0 0.901820064 0.43211183
  outer loop
  vertex 0.0176661741 0.0287496336 0.0269352682
  vertex 0.0189396124 0.0282711238 0.0279339198
  vertex 0.0189396124 0.0287496336 0.0269352682
  endloop
 endfacet

 facet normal 0 0.502372921 0.864651144
  outer loop
  vertex 0.0176661741 0.0193895213 0.0354127213
  vertex 0.0189396124 0.0193895213 0.0354127213
  vertex 0.0189396124 0.0200197529 0.0350465514
  endloop
 endfacet

 facet normal 0 0.502372921 0.864651144
  outer loop
  vertex 0.0176661741 0.0193895213 0.0354127213
  vertex 0.0189396124 0.0200197529 0.0350465514
  vertex 0.0176661741 0.0200197529 0.0350465514
  endloop
 endfacet

 facet normal 0 0.528780282 0.848758698
  outer loop
  vertex 0.0176661741 0.0200197529 0.0350465514
  vertex 0.0189396124 0.0200197529 0.0350465514
  vertex 0.0189396124 0.0209592655 0.03446123
  endloop
 endfacet

 facet normal 0 0.528780282 0.848758698
  outer loop
  vertex 0.0176661741 0.0200197529 0.0350465514
  vertex 0.0189396124 0.0209592655 0.03446123
  vertex 0.0176661741 0.0209592655 0.03446123
  endloop
 endfacet

 facet normal -0.0400051586 0.528356969 0.848079205
  outer loop
  vertex 0.0176661741 0.0200197529 0.0350465514
  vertex 0.0176661741 0.0209592655 0.03446123
  vertex 0.016392054 0.0216420162 0.0339757726
  endloop
 endfacet

 facet normal -0.0488091782 0.523232341 0.850791156
  outer loop
  vertex 0.0176661741 0.0200197529 0.0350465514
  vertex 0.016392054 0.0216420162 0.0339757726
  vertex 0.016392054 0.0199730676 0.0350021683
  endloop
 endfacet

 facet normal 0.326853395 -0.945075035 0
  outer loop
  vertex 0.0189402942 -0.0276794713 0.0109651377
  vertex 0.0201551374 -0.02725932 0.0109651377
  vertex 0.0201551374 -0.02725932 0.0180084165
  endloop
 endfacet

 facet normal 0.326853395 -0.945075035 0
  outer loop
  vertex 0.0189402942 -0.0276794713 0.0109651377
  vertex 0.0201551374 -0.02725932 0.0180084165
  vertex 0.0189402942 -0.0276794713 0.0180084165
  endloop
 endfacet

 facet normal 0.321270853 -0.928933501 0.184032023
  outer loop
  vertex 0.0189402942 -0.0276794713 0.0180084165
  vertex 0.0201551374 -0.02725932 0.0180084165
  vertex 0.0199616347 -0.0271251015 0.0190237146
  endloop
 endfacet

 facet normal 0.181848034 -0.928415 0.324001491
  outer loop
  vertex 0.0189402942 -0.0276794713 0.0180084165
  vertex 0.0199616347 -0.0271251015 0.0190237146
  vertex 0.0189402942 -0.02725932 0.0192123484
  endloop
 endfacet

 facet normal 0.215745077 -0.729497433 0.649066687
  outer loop
  vertex 0.0189402942 -0.02725932 0.0192123484
  vertex 0.0199616347 -0.0271251015 0.0190237146
  vertex 0.0199357439 -0.018155966 0.0291128866
  endloop
 endfacet

 facet normal 0.170223683 -0.733846366 0.657642365
  outer loop
  vertex 0.0189402942 -0.02725932 0.0192123484
  vertex 0.0199357439 -0.018155966 0.0291128866
  vertex 0.0189396124 -0.0182726774 0.0292404909
  endloop
 endfacet

 facet normal 0 -0.72972846 0.683737159
  outer loop
  vertex 0.0176661741 -0.0182726774 0.0292404909
  vertex 0.0189396124 -0.0182726774 0.0292404909
  vertex 0.0189396124 -0.0176774599 0.029875746
  endloop
 endfacet

 facet normal 0 -0.72972846 0.683737159
  outer loop
  vertex 0.0176661741 -0.0182726774 0.0292404909
  vertex 0.0189396124 -0.0176774599 0.029875746
  vertex 0.0176661741 -0.0176774599 0.029875746
  endloop
 endfacet

 facet normal -0.0490080602 -0.728851616 0.682915509
  outer loop
  vertex 0.0176661741 -0.0182726774 0.0292404909
  vertex 0.0176661741 -0.0176774599 0.029875746
  vertex 0.016392054 -0.0176307745 0.0298341345
  endloop
 endfacet

 facet normal -0.0490080602 -0.728851616 0.682915509
  outer loop
  vertex 0.0176661741 -0.0182726774 0.0292404909
  vertex 0.016392054 -0.0176307745 0.0298341345
  vertex 0.016392054 -0.0182259921 0.0291988794
  endloop
 endfacet

 facet normal -0.0489527099 -0.708871245 0.703637123
  outer loop
  vertex 0.016392054 -0.0176307745 0.0298341345
  vertex 0.0176661741 -0.0176774599 0.029875746
  vertex 0.016392054 -0.0169947036 0.0304749385
  endloop
 endfacet

 facet normal -0.26665917 -0.684023798 0.678973138
  outer loop
  vertex 0.016392054 -0.0176307745 0.0298341345
  vertex 0.016392054 -0.0169947036 0.0304749385
  vertex 0.0156214507 -0.0168429837 0.0303251389
  endloop
 endfacet

 facet normal -0.487822622 -0.608908653 0.625507295
  outer loop
  vertex 0.0156214507 -0.0168429837 0.0303251389
  vertex 0.015598285 -0.0155591778 0.0315568112
  vertex 0.0148263192 -0.0145788165 0.0319091156
  endloop
 endfacet

 facet normal -0.266591668 -0.669748962 0.693083882
  outer loop
  vertex 0.0156214507 -0.0168429837 0.0303251389
  vertex 0.016392054 -0.0169947036 0.0304749385
  vertex 0.015598285 -0.0155591778 0.0315568112
  endloop
 endfacet

 facet normal -0.448190808 -0.593233585 0.668729305
  outer loop
  vertex 0.0148263192 -0.0145788165 0.0319091156
  vertex 0.015598285 -0.0155591778 0.0315568112
  vertex 0.0156228133 -0.0142111806 0.0327690691
  endloop
 endfacet

 facet normal -0.459814668 -0.578912258 0.673372924
  outer loop
  vertex 0.0148263192 -0.0145788165 0.0319091156
  vertex 0.0156228133 -0.0142111806 0.0327690691
  vertex 0.0148263192 -0.0134817464 0.0328522883
  endloop
 endfacet

 facet normal -0.445448965 -0.565583646 0.694039226
  outer loop
  vertex 0.0148263192 -0.0134817464 0.0328522883
  vertex 0.0156228133 -0.0142111806 0.0327690691
  vertex 0.0148263192 -0.0133183524 0.0329854414
  endloop
 endfacet

 facet normal -0.380030245 -0.523785949 0.762381315
  outer loop
  vertex 0.0148263192 -0.0133183524 0.0329854414
  vertex 0.0156228133 -0.0142111806 0.0327690691
  vertex 0.015978476 -0.0127814878 0.0339286141
  endloop
 endfacet

 facet normal -0.0342619233 -0.469518751 0.882257462
  outer loop
  vertex 0.016392054 -0.0105114849 0.0353572443
  vertex 0.0176661741 -0.0105523337 0.0353849828
  vertex 0.0176661741 -0.00962449238 0.0358787626
  endloop
 endfacet

 facet normal -0.107976459 -0.515365243 0.850141048
  outer loop
  vertex 0.016392054 -0.0105114849 0.0353572443
  vertex 0.015978476 -0.0127814878 0.0339286141
  vertex 0.016392054 -0.0111475531 0.0349716507
  endloop
 endfacet

 facet normal -0.0482150763 -0.517793119 0.854146183
  outer loop
  vertex 0.016392054 -0.0105114849 0.0353572443
  vertex 0.016392054 -0.0111475531 0.0349716507
  vertex 0.0176661741 -0.0111884018 0.0350188091
  endloop
 endfacet

 facet normal -0.0348434225 -0.498613 0.866124153
  outer loop
  vertex 0.016392054 -0.0105114849 0.0353572443
  vertex 0.0176661741 -0.0111884018 0.0350188091
  vertex 0.0176661741 -0.0105523337 0.0353849828
  endloop
 endfacet

 facet normal -0.160893545 -0.597253025 0.785749376
  outer loop
  vertex 0.015978476 -0.0127814878 0.0339286141
  vertex 0.0156228133 -0.0142111806 0.0327690691
  vertex 0.016392054 -0.0143162189 0.0328467414
  endloop
 endfacet

 facet normal -0.0891224593 -0.58980149 0.802615345
  outer loop
  vertex 0.015978476 -0.0127814878 0.0339286141
  vertex 0.016392054 -0.0143162189 0.0328467414
  vertex 0.0163995512 -0.0133358585 0.0335679911
  endloop
 endfacet

 facet normal -0.064903073 -0.578310907 0.813230693
  outer loop
  vertex 0.015978476 -0.0127814878 0.0339286141
  vertex 0.0163995512 -0.0133358585 0.0335679911
  vertex 0.0168287996 -0.0128340079 0.033959128
  endloop
 endfacet

 facet normal -0.0629113838 -0.525644541 0.848374963
  outer loop
  vertex 0.015978476 -0.0127814878 0.0339286141
  vertex 0.0168287996 -0.0128340079 0.033959128
  vertex 0.016392054 -0.0111475531 0.0349716507
  endloop
 endfacet

 facet normal 0 -0.498915911 0.866650343
  outer loop
  vertex 0.0189396124 -0.0105523337 0.0353849828
  vertex 0.0176661741 -0.0105523337 0.0353849828
  vertex 0.0176661741 -0.0111884018 0.0350188091
  endloop
 endfacet

 facet normal 0 -0.498915911 0.866650343
  outer loop
  vertex 0.0189396124 -0.0105523337 0.0353849828
  vertex 0.0176661741 -0.0111884018 0.0350188091
  vertex 0.0189396124 -0.0111884018 0.0350188091
  endloop
 endfacet

 facet normal 0 -0.531380773 0.8471331
  outer loop
  vertex 0.0189396124 -0.0111884018 0.0350188091
  vertex 0.0176661741 -0.0111884018 0.0350188091
  vertex 0.0176661741 -0.0121745979 0.0344001986
  endloop
 endfacet

 facet normal 0 -0.531380773 0.8471331
  outer loop
  vertex 0.0189396124 -0.0111884018 0.0350188091
  vertex 0.0176661741 -0.0121745979 0.0344001986
  vertex 0.0189396124 -0.0121745979 0.0344001986
  endloop
 endfacet

 facet normal 0.0344110504 -0.53106606 0.846631408
  outer loop
  vertex 0.0189396124 -0.0111884018 0.0350188091
  vertex 0.0189396124 -0.0121745979 0.0344001986
  vertex 0.0196148288 -0.0128340079 0.033959128
  endloop
 endfacet

 facet normal 0.0163006373 -0.544318795 0.838720083
  outer loop
  vertex 0.0196148288 -0.0128340079 0.033959128
  vertex 0.0189396124 -0.0121745979 0.0344001986
  vertex 0.0189396124 -0.0128456783 0.0339646749
  endloop
 endfacet

 facet normal 0.0166829713 -0.576950312 0.816608906
  outer loop
  vertex 0.0196148288 -0.0128340079 0.033959128
  vertex 0.0189396124 -0.0128456783 0.0339646749
  vertex 0.0189396124 -0.0134817464 0.033515282
  endloop
 endfacet

 facet normal 0.0375433937 -0.591191232 0.805657148
  outer loop
  vertex 0.0196148288 -0.0128340079 0.033959128
  vertex 0.0189396124 -0.0134817464 0.033515282
  vertex 0.0189396124 -0.014351232 0.0328772515
  endloop
 endfacet

 facet normal 0.116899095 -0.610561013 0.78329432
  outer loop
  vertex 0.0196148288 -0.0128340079 0.033959128
  vertex 0.0189396124 -0.014351232 0.0328772515
  vertex 0.0198614765 -0.0142636998 0.0328079052
  endloop
 endfacet

 facet normal 0.559872508 -0.458920598 0.689880252
  outer loop
  vertex 0.0196148288 -0.0128340079 0.033959128
  vertex 0.0198614765 -0.0142636998 0.0328079052
  vertex 0.0198921375 -0.0121745979 0.0341727287
  endloop
 endfacet

 facet normal 0.688881874 -0.403516412 0.602176309
  outer loop
  vertex 0.0198921375 -0.0121745979 0.0341727287
  vertex 0.0198614765 -0.0142636998 0.0328079052
  vertex 0.0200072844 -0.0133358585 0.0332628451
  endloop
 endfacet

 facet normal 0.752332091 -0.381551117 0.537042975
  outer loop
  vertex 0.0200072844 -0.0133358585 0.0332628451
  vertex 0.0198614765 -0.0142636998 0.0328079052
  vertex 0.0201939736 -0.0147013608 0.032031171
  endloop
 endfacet

 facet normal 0.69451493 -0.457643211 0.555168271
  outer loop
  vertex 0.0201939736 -0.0147013608 0.032031171
  vertex 0.0198614765 -0.0142636998 0.0328079052
  vertex 0.0199234802 -0.0156233702 0.0316095166
  endloop
 endfacet

 facet normal 0.736860991 -0.447796762 0.506472051
  outer loop
  vertex 0.0201939736 -0.0147013608 0.032031171
  vertex 0.0199234802 -0.0156233702 0.0316095166
  vertex 0.0202396251 -0.016031852 0.030788403
  endloop
 endfacet

 facet normal 0.709204793 -0.483152568 0.513412416
  outer loop
  vertex 0.0202396251 -0.016031852 0.030788403
  vertex 0.0199234802 -0.0156233702 0.0316095166
  vertex 0.0199384689 -0.0169013347 0.0303861685
  endloop
 endfacet

 facet normal 0.733197749 -0.477796674 0.483871281
  outer loop
  vertex 0.0202396251 -0.016031852 0.030788403
  vertex 0.0199384689 -0.0169013347 0.0303861685
  vertex 0.0202471185 -0.0173098203 0.029515123
  endloop
 endfacet

 facet normal 0.718632638 -0.496097744 0.487292707
  outer loop
  vertex 0.0202471185 -0.0173098203 0.029515123
  vertex 0.0199384689 -0.0169013347 0.0303861685
  vertex 0.0199357439 -0.018155966 0.0291128866
  endloop
 endfacet

 facet normal 0.745054543 -0.489538401 0.453040838
  outer loop
  vertex 0.0202471185 -0.0173098203 0.029515123
  vertex 0.0199357439 -0.018155966 0.0291128866
  vertex 0.020215096 -0.0185702853 0.0282057766
  endloop
 endfacet

 facet normal 0.875293136 -0.358911753 0.324105561
  outer loop
  vertex 0.0202471185 -0.0173098203 0.029515123
  vertex 0.020215096 -0.0185702853 0.0282057766
  vertex 0.020692721 -0.0185527802 0.0269352682
  endloop
 endfacet

 facet normal 0.877788067 -0.354371488 0.322348982
  outer loop
  vertex 0.0202471185 -0.0173098203 0.029515123
  vertex 0.020692721 -0.0185527802 0.0269352682
  vertex 0.020737689 -0.0172806457 0.0282113235
  endloop
 endfacet

 facet normal 0.726063013 -0.512988746 0.457903087
  outer loop
  vertex 0.0199616347 -0.0271251015 0.0190237146
  vertex 0.020215096 -0.0185702853 0.0282057766
  vertex 0.0199357439 -0.018155966 0.0291128866
  endloop
 endfacet

 facet normal 0.07060536 0.997501314 -0.00247935136
  outer loop
  vertex 0.0197647251 0.0318599455 0.0109651377
  vertex 0.0189402942 0.0319182985 0.0109651377
  vertex 0.0189402942 0.0319358073 0.0180084165
  endloop
 endfacet

 facet normal 0.0816117376 0.996663511 -0.00118200877
  outer loop
  vertex 0.0197647251 0.0318599455 0.0109651377
  vertex 0.0189402942 0.0319358073 0.0180084165
  vertex 0.0197769888 0.0318657793 0.0167323612
  endloop
 endfacet

 facet normal 0.684594095 0.728921354 -0.00219332473
  outer loop
  vertex 0.0197647251 0.0318599455 0.0109651377
  vertex 0.0197769888 0.0318657793 0.0167323612
  vertex 0.0197810773 0.0318657793 0.0180084165
  endloop
 endfacet

 facet normal 0.0829993412 0.996549547 -0.000265915995
  outer loop
  vertex 0.0197810773 0.0318657793 0.0180084165
  vertex 0.0197769888 0.0318657793 0.0167323612
  vertex 0.0189402942 0.0319358073 0.0180084165
  endloop
 endfacet

 facet normal 0.0829622298 0.996103942 0.0299031921
  outer loop
  vertex 0.0197810773 0.0318657793 0.0180084165
  vertex 0.0189402942 0.0319358073 0.0180084165
  vertex 0.0197143052 0.0318482742 0.0187768247
  endloop
 endfacet

 facet normal 0.0297141504 0.996061862 0.083534725
  outer loop
  vertex 0.0197143052 0.0318482742 0.0187768247
  vertex 0.0189402942 0.0319358073 0.0180084165
  vertex 0.0189402942 0.0318657793 0.0188434031
  endloop
 endfacet

 facet normal 0.0519484878 0.931933761 0.358888507
  outer loop
  vertex 0.0197143052 0.0318482742 0.0187768247
  vertex 0.0189402942 0.0318657793 0.0188434031
  vertex 0.0189396124 0.0287496336 0.0269352682
  endloop
 endfacet

 facet normal 0.209197804 0.907399833 0.364502132
  outer loop
  vertex 0.0197143052 0.0318482742 0.0187768247
  vertex 0.0189396124 0.0287496336 0.0269352682
  vertex 0.0199132599 0.0281719211 0.027814636
  endloop
 endfacet

 facet normal 0.571763635 0.764267385 0.29829818
  outer loop
  vertex 0.0197143052 0.0318482742 0.0187768247
  vertex 0.0199132599 0.0281719211 0.027814636
  vertex 0.0201224331 0.0283586569 0.0269352682
  endloop
 endfacet

 facet normal 0.821306169 0.486108214 0.298588544
  outer loop
  vertex 0.0201224331 0.0283586569 0.0269352682
  vertex 0.0199132599 0.0281719211 0.027814636
  vertex 0.0202396251 0.0273666233 0.0282279681
  endloop
 endfacet

 facet normal 0.750487626 0.482715189 0.451391578
  outer loop
  vertex 0.0202396251 0.0273666233 0.0282279681
  vertex 0.0199480075 0.0269639753 0.0291434005
  vertex 0.0202607457 0.0261119958 0.0295345411
  endloop
 endfacet

 facet normal 0.715854943 0.5258829 0.459346324
  outer loop
  vertex 0.0202396251 0.0273666233 0.0282279681
  vertex 0.0199132599 0.0281719211 0.027814636
  vertex 0.0199480075 0.0269639753 0.0291434005
  endloop
 endfacet

 facet normal 0.733155847 0.487027973 0.474643409
  outer loop
  vertex 0.0202607457 0.0261119958 0.0295345411
  vertex 0.0199480075 0.0269639753 0.0291434005
  vertex 0.019949371 0.0257210191 0.0304166842
  endloop
 endfacet

 facet normal 0.750947416 0.463410586 0.470455915
  outer loop
  vertex 0.0202607457 0.0261119958 0.0295345411
  vertex 0.019949371 0.0257210191 0.0304166842
  vertex 0.0202552956 0.02482819 0.0308078211
  endloop
 endfacet

 facet normal 0.726757646 0.46891433 0.501938879
  outer loop
  vertex 0.0202552956 0.02482819 0.0308078211
  vertex 0.019949371 0.0257210191 0.0304166842
  vertex 0.0199384689 0.0244313776 0.0316372588
  endloop
 endfacet

 facet normal 0.741321921 0.449626744 0.498274684
  outer loop
  vertex 0.0202552956 0.02482819 0.0308078211
  vertex 0.0199384689 0.0244313776 0.0316372588
  vertex 0.0202198643 0.023509372 0.032050591
  endloop
 endfacet

 facet normal 0.754504621 0.386743873 0.530237794
  outer loop
  vertex 0.0202198643 0.023509372 0.032050591
  vertex 0.0198914558 0.0230775457 0.0328328684
  vertex 0.0200611111 0.0221380331 0.0332767181
  endloop
 endfacet

 facet normal 0.699968934 0.458936155 0.547193944
  outer loop
  vertex 0.0202198643 0.023509372 0.032050591
  vertex 0.0199384689 0.0244313776 0.0316372588
  vertex 0.0198914558 0.0230775457 0.0328328684
  endloop
 endfacet

 facet normal 0.677444875 0.410642207 0.610279799
  outer loop
  vertex 0.0200611111 0.0221380331 0.0332767181
  vertex 0.0198914558 0.0230775457 0.0328328684
  vertex 0.0199384689 0.0209592655 0.0342060179
  endloop
 endfacet

 facet normal 0.590061069 0.448342174 0.671429336
  outer loop
  vertex 0.0199384689 0.0209592655 0.0342060179
  vertex 0.0198914558 0.0230775457 0.0328328684
  vertex 0.0196741056 0.0216478519 0.0339785479
  endloop
 endfacet

 facet normal 0.133215815 0.607349575 0.78318584
  outer loop
  vertex 0.0196741056 0.0216478519 0.0339785479
  vertex 0.0198914558 0.0230775457 0.0328328684
  vertex 0.0189396124 0.023182584 0.032913316
  endloop
 endfacet

 facet normal 0.0667571649 0.590287387 0.804427922
  outer loop
  vertex 0.0196741056 0.0216478519 0.0339785479
  vertex 0.0189396124 0.023182584 0.032913316
  vertex 0.0189396124 0.0223130975 0.0335513428
  endloop
 endfacet

 facet normal 0.0444223471 0.574081481 0.817592263
  outer loop
  vertex 0.0196741056 0.0216478519 0.0339785479
  vertex 0.0189396124 0.0223130975 0.0335513428
  vertex 0.0189396124 0.0216770303 0.0339979678
  endloop
 endfacet

 facet normal 0.0437150151 0.541766405 0.839391589
  outer loop
  vertex 0.0196741056 0.0216478519 0.0339785479
  vertex 0.0189396124 0.0216770303 0.0339979678
  vertex 0.0189396124 0.0209592655 0.03446123
  endloop
 endfacet

 facet normal 0.0619261973 0.527765453 0.847129762
  outer loop
  vertex 0.0196741056 0.0216478519 0.0339785479
  vertex 0.0189396124 0.0209592655 0.03446123
  vertex 0.0189396124 0.0200197529 0.0350465514
  endloop
 endfacet

 facet normal -0.0300338343 0.574389517 0.818030953
  outer loop
  vertex 0.016392054 0.0216420162 0.0339757726
  vertex 0.0176661741 0.0216770303 0.0339979678
  vertex 0.0176661741 0.0223130975 0.0335513428
  endloop
 endfacet

 facet normal -0.0345465578 0.580230415 0.813719332
  outer loop
  vertex 0.016392054 0.0216420162 0.0339757726
  vertex 0.0176661741 0.0223130975 0.0335513428
  vertex 0.016392054 0.0222839192 0.0335180573
  endloop
 endfacet

 facet normal -0.0295247994 0.542048454 0.839828491
  outer loop
  vertex 0.016392054 0.0216420162 0.0339757726
  vertex 0.0176661741 0.0209592655 0.03446123
  vertex 0.0176661741 0.0216770303 0.0339979678
  endloop
 endfacet

 facet normal -0.0345906094 0.591253161 0.805743933
  outer loop
  vertex 0.016392054 0.0222839192 0.0335180573
  vertex 0.0176661741 0.0223130975 0.0335513428
  vertex 0.0176661741 0.023182584 0.032913316
  endloop
 endfacet

 facet normal -0.0355531648 0.59214747 0.805045009
  outer loop
  vertex 0.016392054 0.0222839192 0.0335180573
  vertex 0.0176661741 0.023182584 0.032913316
  vertex 0.016392054 0.02314757 0.0328828022
  endloop
 endfacet

 facet normal -0.0358604714 0.62610358 0.778914869
  outer loop
  vertex 0.016392054 0.02314757 0.0328828022
  vertex 0.0176661741 0.023182584 0.032913316
  vertex 0.0176661741 0.0238244869 0.0323973447
  endloop
 endfacet

 facet normal -0.0501795337 0.642698944 0.764473796
  outer loop
  vertex 0.016392054 0.02314757 0.0328828022
  vertex 0.0176661741 0.0238244869 0.0323973447
  vertex 0.016392054 0.0237778034 0.0323529616
  endloop
 endfacet

 facet normal -0.178719938 0.633149147 0.753114462
  outer loop
  vertex 0.016392054 0.02314757 0.0328828022
  vertex 0.016392054 0.0237778034 0.0323529616
  vertex 0.015592834 0.0230308622 0.0327912569
  endloop
 endfacet

 facet normal -0.186677992 0.638076544 0.747000456
  outer loop
  vertex 0.015592834 0.0230308622 0.0327912569
  vertex 0.016392054 0.0237778034 0.0323529616
  vertex 0.016392054 0.0245247446 0.0317149349
  endloop
 endfacet

 facet normal -0.20554468 0.642089605 0.738561034
  outer loop
  vertex 0.015592834 0.0230308622 0.0327912569
  vertex 0.016392054 0.0245247446 0.0317149349
  vertex 0.016392054 0.0251724832 0.0311518032
  endloop
 endfacet

 facet normal -0.257109404 0.646091819 0.718651652
  outer loop
  vertex 0.015592834 0.0230308622 0.0327912569
  vertex 0.016392054 0.0251724832 0.0311518032
  vertex 0.0155771626 0.0243730228 0.0315790065
  endloop
 endfacet

 facet normal -0.292915463 0.665446758 0.686572015
  outer loop
  vertex 0.0155771626 0.0243730228 0.0315790065
  vertex 0.016392054 0.0251724832 0.0311518032
  vertex 0.0156132737 0.0256568287 0.0303501058
  endloop
 endfacet

 facet normal -0.286900818 0.670758188 0.683938205
  outer loop
  vertex 0.0156132737 0.0256568287 0.0303501058
  vertex 0.016392054 0.0251724832 0.0311518032
  vertex 0.016392054 0.0258202199 0.0305165481
  endloop
 endfacet

 facet normal -0.2868855 0.678425252 0.676340103
  outer loop
  vertex 0.0156132737 0.0256568287 0.0303501058
  vertex 0.016392054 0.0258202199 0.0305165481
  vertex 0.016392054 0.026456289 0.0298785195
  endloop
 endfacet

 facet normal -0.296419561 0.68271178 0.667862356
  outer loop
  vertex 0.0156132737 0.0256568287 0.0303501058
  vertex 0.016392054 0.026456289 0.0298785195
  vertex 0.0156269018 0.0269056205 0.0290795974
  endloop
 endfacet

 facet normal -0.279452682 0.697449684 0.659901619
  outer loop
  vertex 0.0156269018 0.0269056205 0.0290795974
  vertex 0.016392054 0.026456289 0.0298785195
  vertex 0.016392054 0.0270573441 0.0292432643
  endloop
 endfacet

 facet normal -0.0582741722 0.725155056 0.686115444
  outer loop
  vertex 0.016392054 0.0270573441 0.0292432643
  vertex 0.016392054 0.026456289 0.0298785195
  vertex 0.0176661741 0.0271098632 0.0292959735
  endloop
 endfacet

 facet normal -0.058199279 0.744919419 0.66461122
  outer loop
  vertex 0.016392054 0.0270573441 0.0292432643
  vertex 0.0176661741 0.0271098632 0.0292959735
  vertex 0.016392054 0.0276934113 0.0285303388
  endloop
 endfacet

 facet normal -0.0490198098 0.753365397 0.655772626
  outer loop
  vertex 0.016392054 0.0276934113 0.0285303388
  vertex 0.0176661741 0.0271098632 0.0292959735
  vertex 0.0176661741 0.0277400948 0.0285719484
  endloop
 endfacet

 facet normal 0 0.768613338 0.639713764
  outer loop
  vertex 0.0176661741 0.0282711238 0.0279339198
  vertex 0.0176661741 0.0277400948 0.0285719484
  vertex 0.0189396124 0.0277400948 0.0285719484
  endloop
 endfacet

 facet normal 0 0.768613338 0.639713764
  outer loop
  vertex 0.0176661741 0.0282711238 0.0279339198
  vertex 0.0189396124 0.0277400948 0.0285719484
  vertex 0.0189396124 0.0282711238 0.0279339198
  endloop
 endfacet

 facet normal 0 0.754272163 0.656561971
  outer loop
  vertex 0.0176661741 0.0277400948 0.0285719484
  vertex 0.0176661741 0.0271098632 0.0292959735
  vertex 0.0189396124 0.0271098632 0.0292959735
  endloop
 endfacet

 facet normal 0 0.754272163 0.656561971
  outer loop
  vertex 0.0176661741 0.0277400948 0.0285719484
  vertex 0.0189396124 0.0271098632 0.0292959735
  vertex 0.0189396124 0.0277400948 0.0285719484
  endloop
 endfacet

 facet normal 0.143328682 0.892508924 0.427650332
  outer loop
  vertex 0.0189396124 0.0287496336 0.0269352682
  vertex 0.0189396124 0.0282711238 0.0279339198
  vertex 0.0199132599 0.0281719211 0.027814636
  endloop
 endfacet

 facet normal 0 0.542284846 0.840194702
  outer loop
  vertex 0.0176661741 0.0209592655 0.03446123
  vertex 0.0189396124 0.0209592655 0.03446123
  vertex 0.0189396124 0.0216770303 0.0339979678
  endloop
 endfacet

 facet normal 0 0.542284846 0.840194702
  outer loop
  vertex 0.0176661741 0.0209592655 0.03446123
  vertex 0.0189396124 0.0216770303 0.0339979678
  vertex 0.0176661741 0.0216770303 0.0339979678
  endloop
 endfacet

 facet normal 0.191469297 -0.699330568 0.688677192
  outer loop
  vertex 0.0199357439 -0.018155966 0.0291128866
  vertex 0.0199384689 -0.0169013347 0.0303861685
  vertex 0.0189396124 -0.0176774599 0.029875746
  endloop
 endfacet

 facet normal 0.170548126 -0.719037473 0.673719883
  outer loop
  vertex 0.0199357439 -0.018155966 0.0291128866
  vertex 0.0189396124 -0.0176774599 0.029875746
  vertex 0.0189396124 -0.0182726774 0.0292404909
  endloop
 endfacet

 facet normal 0 -0.706498981 0.707714081
  outer loop
  vertex 0.0176661741 -0.0176774599 0.029875746
  vertex 0.0189396124 -0.0176774599 0.029875746
  vertex 0.0189396124 -0.0170355532 0.0305165481
  endloop
 endfacet

 facet normal 0 -0.706498981 0.707714081
  outer loop
  vertex 0.0176661741 -0.0176774599 0.029875746
  vertex 0.0189396124 -0.0170355532 0.0305165481
  vertex 0.0176661741 -0.0170355532 0.0305165481
  endloop
 endfacet

 facet normal -0.0457163528 -0.7057603 0.706974149
  outer loop
  vertex 0.0176661741 -0.0176774599 0.029875746
  vertex 0.0176661741 -0.0170355532 0.0305165481
  vertex 0.016392054 -0.0169947036 0.0304749385
  endloop
 endfacet

 facet normal -0.0457177684 -0.697816253 0.714816332
  outer loop
  vertex 0.016392054 -0.0169947036 0.0304749385
  vertex 0.0176661741 -0.0170355532 0.0305165481
  vertex 0.0176661741 -0.0163819809 0.0311545767
  endloop
 endfacet

 facet normal -0.0504441373 -0.692911923 0.719255507
  outer loop
  vertex 0.016392054 -0.0169947036 0.0304749385
  vertex 0.0176661741 -0.0163819809 0.0311545767
  vertex 0.016392054 -0.0163352974 0.0311101917
  endloop
 endfacet

 facet normal -0.263504624 -0.669275224 0.694720149
  outer loop
  vertex 0.016392054 -0.0169947036 0.0304749385
  vertex 0.016392054 -0.0163352974 0.0311101917
  vertex 0.015598285 -0.0155591778 0.0315568112
  endloop
 endfacet

 facet normal -0.226209939 -0.64923203 0.726172805
  outer loop
  vertex 0.015598285 -0.0155591778 0.0315568112
  vertex 0.016392054 -0.0163352974 0.0311101917
  vertex 0.016392054 -0.0156992264 0.0316788703
  endloop
 endfacet

 facet normal -0.226203784 -0.649066567 0.726322591
  outer loop
  vertex 0.015598285 -0.0155591778 0.0315568112
  vertex 0.016392054 -0.0156992264 0.0316788703
  vertex 0.0156228133 -0.0142111806 0.0327690691
  endloop
 endfacet

 facet normal -0.176000446 -0.639358401 0.748494983
  outer loop
  vertex 0.0156228133 -0.0142111806 0.0327690691
  vertex 0.016392054 -0.0156992264 0.0316788703
  vertex 0.016392054 -0.0149522871 0.0323168971
  endloop
 endfacet

 facet normal -0.162777513 -0.631494641 0.758101642
  outer loop
  vertex 0.0156228133 -0.0142111806 0.0327690691
  vertex 0.016392054 -0.0149522871 0.0323168971
  vertex 0.016392054 -0.0143162189 0.0328467414
  endloop
 endfacet

 facet normal -0.048267033 -0.523297369 0.850782156
  outer loop
  vertex 0.016392054 -0.0111475531 0.0349716507
  vertex 0.0168287996 -0.0128340079 0.033959128
  vertex 0.0176661741 -0.0111884018 0.0350188091
  endloop
 endfacet

 facet normal -0.0277530141 -0.53117609 0.846806765
  outer loop
  vertex 0.0176661741 -0.0111884018 0.0350188091
  vertex 0.0168287996 -0.0128340079 0.033959128
  vertex 0.0176661741 -0.0121745979 0.0344001986
  endloop
 endfacet

 facet normal -0.0409736 -0.639493406 0.76770395
  outer loop
  vertex 0.016392054 -0.0143162189 0.0328467414
  vertex 0.016392054 -0.0149522871 0.0323168971
  vertex 0.0176661741 -0.0149873002 0.0323557332
  endloop
 endfacet

 facet normal -0.0359197222 -0.633628726 0.772802949
  outer loop
  vertex 0.016392054 -0.0143162189 0.0328467414
  vertex 0.0176661741 -0.0149873002 0.0323557332
  vertex 0.0176661741 -0.014351232 0.0328772515
  endloop
 endfacet

 facet normal -0.0355618 -0.593147933 0.804307699
  outer loop
  vertex 0.016392054 -0.0143162189 0.0328467414
  vertex 0.0176661741 -0.014351232 0.0328772515
  vertex 0.0168287996 -0.0128340079 0.033959128
  endloop
 endfacet

 facet normal -0.0414897799 -0.591885746 0.804953337
  outer loop
  vertex 0.016392054 -0.0143162189 0.0328467414
  vertex 0.0168287996 -0.0128340079 0.033959128
  vertex 0.0163995512 -0.0133358585 0.0335679911
  endloop
 endfacet

 facet normal -0.0302804857 -0.591337085 0.80585587
  outer loop
  vertex 0.0168287996 -0.0128340079 0.033959128
  vertex 0.0176661741 -0.014351232 0.0328772515
  vertex 0.0176661741 -0.0134817464 0.033515282
  endloop
 endfacet

 facet normal -0.0134529267 -0.576978385 0.816648662
  outer loop
  vertex 0.0168287996 -0.0128340079 0.033959128
  vertex 0.0176661741 -0.0134817464 0.033515282
  vertex 0.0176661741 -0.0128456783 0.0339646749
  endloop
 endfacet

 facet normal -0.0131445881 -0.544344008 0.838759065
  outer loop
  vertex 0.0168287996 -0.0128340079 0.033959128
  vertex 0.0176661741 -0.0128456783 0.0339646749
  vertex 0.0176661741 -0.0121745979 0.0344001986
  endloop
 endfacet

 facet normal 0 -0.544391036 0.838831544
  outer loop
  vertex 0.0189396124 -0.0121745979 0.0344001986
  vertex 0.0176661741 -0.0121745979 0.0344001986
  vertex 0.0176661741 -0.0128456783 0.0339646749
  endloop
 endfacet

 facet normal 0 -0.544391036 0.838831544
  outer loop
  vertex 0.0189396124 -0.0121745979 0.0344001986
  vertex 0.0176661741 -0.0128456783 0.0339646749
  vertex 0.0189396124 -0.0128456783 0.0339646749
  endloop
 endfacet

 facet normal 0 -0.577030599 0.816722572
  outer loop
  vertex 0.0189396124 -0.0128456783 0.0339646749
  vertex 0.0176661741 -0.0128456783 0.0339646749
  vertex 0.0176661741 -0.0134817464 0.033515282
  endloop
 endfacet

 facet normal 0 -0.577030599 0.816722572
  outer loop
  vertex 0.0189396124 -0.0128456783 0.0339646749
  vertex 0.0176661741 -0.0134817464 0.033515282
  vertex 0.0189396124 -0.0134817464 0.033515282
  endloop
 endfacet

 facet normal 0 -0.591608286 0.806225538
  outer loop
  vertex 0.0189396124 -0.0134817464 0.033515282
  vertex 0.0176661741 -0.0134817464 0.033515282
  vertex 0.0176661741 -0.014351232 0.0328772515
  endloop
 endfacet

 facet normal 0 -0.591608286 0.806225538
  outer loop
  vertex 0.0189396124 -0.0134817464 0.033515282
  vertex 0.0176661741 -0.014351232 0.0328772515
  vertex 0.0189396124 -0.014351232 0.0328772515
  endloop
 endfacet

 facet normal 0 -0.634037971 0.773302019
  outer loop
  vertex 0.0189396124 -0.014351232 0.0328772515
  vertex 0.0176661741 -0.014351232 0.0328772515
  vertex 0.0176661741 -0.0149873002 0.0323557332
  endloop
 endfacet

 facet normal 0 -0.634037971 0.773302019
  outer loop
  vertex 0.0189396124 -0.014351232 0.0328772515
  vertex 0.0176661741 -0.0149873002 0.0323557332
  vertex 0.0189396124 -0.0149873002 0.0323557332
  endloop
 endfacet

 facet normal 0.117555782 -0.629641712 0.767940164
  outer loop
  vertex 0.0189396124 -0.014351232 0.0328772515
  vertex 0.0189396124 -0.0149873002 0.0323557332
  vertex 0.0198614765 -0.0142636998 0.0328079052
  endloop
 endfacet

 facet normal 0.128771275 -0.638304353 0.75893712
  outer loop
  vertex 0.0198614765 -0.0142636998 0.0328079052
  vertex 0.0189396124 -0.0149873002 0.0323557332
  vertex 0.0189396124 -0.0157459099 0.0317177065
  endloop
 endfacet

 facet normal 0.16253674 -0.648236692 0.743889093
  outer loop
  vertex 0.0198614765 -0.0142636998 0.0328079052
  vertex 0.0189396124 -0.0157459099 0.0317177065
  vertex 0.0199234802 -0.0156233702 0.0316095166
  endloop
 endfacet

 facet normal 0.162695199 -0.654039264 0.738757789
  outer loop
  vertex 0.0199234802 -0.0156233702 0.0316095166
  vertex 0.0189396124 -0.0157459099 0.0317177065
  vertex 0.0189396124 -0.0163819809 0.0311545767
  endloop
 endfacet

 facet normal 0.193935111 -0.677185893 0.709794641
  outer loop
  vertex 0.0199234802 -0.0156233702 0.0316095166
  vertex 0.0189396124 -0.0163819809 0.0311545767
  vertex 0.0199384689 -0.0169013347 0.0303861685
  endloop
 endfacet

 facet normal 0.184109315 -0.694421947 0.695616245
  outer loop
  vertex 0.0199384689 -0.0169013347 0.0303861685
  vertex 0.0189396124 -0.0170355532 0.0305165481
  vertex 0.0189396124 -0.0176774599 0.029875746
  endloop
 endfacet

 facet normal 0.184067667 -0.686610937 0.703338087
  outer loop
  vertex 0.0199384689 -0.0169013347 0.0303861685
  vertex 0.0189396124 -0.0163819809 0.0311545767
  vertex 0.0189396124 -0.0170355532 0.0305165481
  endloop
 endfacet

 facet normal 0.15479669 0.75934875 0.632002831
  outer loop
  vertex 0.0199132599 0.0281719211 0.027814636
  vertex 0.0189396124 0.0282711238 0.0279339198
  vertex 0.0189396124 0.0277400948 0.0285719484
  endloop
 endfacet

 facet normal 0.173479661 0.742835402 0.646606803
  outer loop
  vertex 0.0199132599 0.0281719211 0.027814636
  vertex 0.0189396124 0.0277400948 0.0285719484
  vertex 0.0189396124 0.0271098632 0.0292959735
  endloop
 endfacet

 facet normal 0.204359502 0.726984382 0.655538738
  outer loop
  vertex 0.0199132599 0.0281719211 0.027814636
  vertex 0.0189396124 0.0271098632 0.0292959735
  vertex 0.0199480075 0.0269639753 0.0291434005
  endloop
 endfacet

 facet normal 0.204692483 0.708055258 0.675839305
  outer loop
  vertex 0.0199480075 0.0269639753 0.0291434005
  vertex 0.0189396124 0.0271098632 0.0292959735
  vertex 0.0189396124 0.0265088081 0.0299256779
  endloop
 endfacet

 facet normal 0.213703319 0.699160755 0.682279468
  outer loop
  vertex 0.0199480075 0.0269639753 0.0291434005
  vertex 0.0189396124 0.0265088081 0.0299256779
  vertex 0.019949371 0.0257210191 0.0304166842
  endloop
 endfacet

 facet normal 0.200934738 0.688947678 0.696402431
  outer loop
  vertex 0.019949371 0.0257210191 0.0304166842
  vertex 0.0189396124 0.0258669052 0.0305637084
  vertex 0.0189396124 0.0252191685 0.0312045105
  endloop
 endfacet

 facet normal 0.220692098 0.669457853 0.709310353
  outer loop
  vertex 0.019949371 0.0257210191 0.0304166842
  vertex 0.0189396124 0.0252191685 0.0312045105
  vertex 0.0199384689 0.0244313776 0.0316372588
  endloop
 endfacet

 facet normal 0.200934872 0.690585077 0.694778681
  outer loop
  vertex 0.019949371 0.0257210191 0.0304166842
  vertex 0.0189396124 0.0265088081 0.0299256779
  vertex 0.0189396124 0.0258669052 0.0305637084
  endloop
 endfacet

 facet normal 0.189432591 0.646259725 0.739231825
  outer loop
  vertex 0.0199384689 0.0244313776 0.0316372588
  vertex 0.0189396124 0.0252191685 0.0312045105
  vertex 0.0198914558 0.0230775457 0.0328328684
  endloop
 endfacet

 facet normal 0.167599022 0.642814159 0.747462809
  outer loop
  vertex 0.0198914558 0.0230775457 0.0328328684
  vertex 0.0189396124 0.0252191685 0.0312045105
  vertex 0.0189396124 0.0245772637 0.0317565426
  endloop
 endfacet

 facet normal 0.158227742 0.640034676 0.751877427
  outer loop
  vertex 0.0198914558 0.0230775457 0.0328328684
  vertex 0.0189396124 0.0245772637 0.0317565426
  vertex 0.0189396124 0.0238244869 0.0323973447
  endloop
 endfacet

 facet normal 0.133797303 0.620873511 0.772408247
  outer loop
  vertex 0.0198914558 0.0230775457 0.0328328684
  vertex 0.0189396124 0.0238244869 0.0323973447
  vertex 0.0189396124 0.023182584 0.032913316
  endloop
 endfacet

 facet normal 0 0.591607153 0.806226373
  outer loop
  vertex 0.0189396124 0.023182584 0.032913316
  vertex 0.0176661741 0.023182584 0.032913316
  vertex 0.0176661741 0.0223130975 0.0335513428
  endloop
 endfacet

 facet normal 0 0.591607153 0.806226373
  outer loop
  vertex 0.0189396124 0.023182584 0.032913316
  vertex 0.0176661741 0.0223130975 0.0335513428
  vertex 0.0189396124 0.0223130975 0.0335513428
  endloop
 endfacet

 facet normal 0 0.626506567 0.779416203
  outer loop
  vertex 0.0189396124 0.023182584 0.032913316
  vertex 0.0189396124 0.0238244869 0.0323973447
  vertex 0.0176661741 0.0238244869 0.0323973447
  endloop
 endfacet

 facet normal 0 0.626506567 0.779416203
  outer loop
  vertex 0.0189396124 0.023182584 0.032913316
  vertex 0.0176661741 0.0238244869 0.0323973447
  vertex 0.0176661741 0.023182584 0.032913316
  endloop
 endfacet

 facet normal 0 0.574648738 0.818400145
  outer loop
  vertex 0.0189396124 0.0223130975 0.0335513428
  vertex 0.0176661741 0.0223130975 0.0335513428
  vertex 0.0176661741 0.0216770303 0.0339979678
  endloop
 endfacet

 facet normal 0 0.574648738 0.818400145
  outer loop
  vertex 0.0189396124 0.0223130975 0.0335513428
  vertex 0.0176661741 0.0216770303 0.0339979678
  vertex 0.0189396124 0.0216770303 0.0339979678
  endloop
 endfacet

 facet normal 0 0.648200274 0.76146996
  outer loop
  vertex 0.0176661741 0.0238244869 0.0323973447
  vertex 0.0189396124 0.0238244869 0.0323973447
  vertex 0.0189396124 0.0245772637 0.0317565426
  endloop
 endfacet

 facet normal 0 0.648200274 0.76146996
  outer loop
  vertex 0.0176661741 0.0238244869 0.0323973447
  vertex 0.0189396124 0.0245772637 0.0317565426
  vertex 0.0176661741 0.0245772637 0.0317565426
  endloop
 endfacet

 facet normal -0.0502130389 0.647382617 0.760509372
  outer loop
  vertex 0.0176661741 0.0238244869 0.0323973447
  vertex 0.0176661741 0.0245772637 0.0317565426
  vertex 0.016392054 0.0237778034 0.0323529616
  endloop
 endfacet

 facet normal -0.0515359305 0.648630857 0.759356439
  outer loop
  vertex 0.016392054 0.0237778034 0.0323529616
  vertex 0.0176661741 0.0245772637 0.0317565426
  vertex 0.016392054 0.0245247446 0.0317149349
  endloop
 endfacet

 facet normal -0.051569432 0.651169419 0.757178307
  outer loop
  vertex 0.016392054 0.0245247446 0.0317149349
  vertex 0.0176661741 0.0245772637 0.0317565426
  vertex 0.0176661741 0.0252191685 0.0312045105
  endloop
 endfacet

 facet normal -0.0551747046 0.655099392 0.753525436
  outer loop
  vertex 0.016392054 0.0245247446 0.0317149349
  vertex 0.0176661741 0.0252191685 0.0312045105
  vertex 0.016392054 0.0251724832 0.0311518032
  endloop
 endfacet

 facet normal -0.0551060811 0.699130237 0.712867677
  outer loop
  vertex 0.016392054 0.0251724832 0.0311518032
  vertex 0.0176661741 0.0252191685 0.0312045105
  vertex 0.016392054 0.0258202199 0.0305165481
  endloop
 endfacet

 facet normal -0.0520108752 0.702339649 0.709939361
  outer loop
  vertex 0.016392054 0.0258202199 0.0305165481
  vertex 0.0176661741 0.0252191685 0.0312045105
  vertex 0.0176661741 0.0258669052 0.0305637084
  endloop
 endfacet

 facet normal -0.0520107672 0.704008937 0.70828408
  outer loop
  vertex 0.016392054 0.0258202199 0.0305165481
  vertex 0.0176661741 0.0258669052 0.0305637084
  vertex 0.0176661741 0.0265088081 0.0299256779
  endloop
 endfacet

 facet normal -0.0552393049 0.707112968 0.704939604
  outer loop
  vertex 0.016392054 0.0258202199 0.0305165481
  vertex 0.0176661741 0.0265088081 0.0299256779
  vertex 0.016392054 0.026456289 0.0298785195
  endloop
 endfacet

 facet normal -0.0552888177 0.722265244 0.689402759
  outer loop
  vertex 0.016392054 0.026456289 0.0298785195
  vertex 0.0176661741 0.0265088081 0.0299256779
  vertex 0.0176661741 0.0271098632 0.0292959735
  endloop
 endfacet

 facet normal 0 0.723371685 0.690458894
  outer loop
  vertex 0.0176661741 0.0271098632 0.0292959735
  vertex 0.0176661741 0.0265088081 0.0299256779
  vertex 0.0189396124 0.0265088081 0.0299256779
  endloop
 endfacet

 facet normal 0 0.723371685 0.690458894
  outer loop
  vertex 0.0176661741 0.0271098632 0.0292959735
  vertex 0.0189396124 0.0265088081 0.0299256779
  vertex 0.0189396124 0.0271098632 0.0292959735
  endloop
 endfacet

 facet normal 0 -0.698546588 0.715564609
  outer loop
  vertex 0.0176661741 -0.0170355532 0.0305165481
  vertex 0.0189396124 -0.0170355532 0.0305165481
  vertex 0.0189396124 -0.0163819809 0.0311545767
  endloop
 endfacet

 facet normal 0 -0.698546588 0.715564609
  outer loop
  vertex 0.0176661741 -0.0170355532 0.0305165481
  vertex 0.0189396124 -0.0163819809 0.0311545767
  vertex 0.0176661741 -0.0163819809 0.0311545767
  endloop
 endfacet

 facet normal 0 -0.662871003 0.74873364
  outer loop
  vertex 0.0176661741 -0.0163819809 0.0311545767
  vertex 0.0189396124 -0.0163819809 0.0311545767
  vertex 0.0189396124 -0.0157459099 0.0317177065
  endloop
 endfacet

 facet normal 0 -0.662871003 0.74873364
  outer loop
  vertex 0.0176661741 -0.0163819809 0.0311545767
  vertex 0.0189396124 -0.0157459099 0.0317177065
  vertex 0.0176661741 -0.0157459099 0.0317177065
  endloop
 endfacet

 facet normal -0.0470575318 -0.662136674 0.747904181
  outer loop
  vertex 0.0176661741 -0.0163819809 0.0311545767
  vertex 0.0176661741 -0.0157459099 0.0317177065
  vertex 0.016392054 -0.0156992264 0.0316788703
  endloop
 endfacet

 facet normal -0.0503270142 -0.665664196 0.744552493
  outer loop
  vertex 0.0176661741 -0.0163819809 0.0311545767
  vertex 0.016392054 -0.0156992264 0.0316788703
  vertex 0.016392054 -0.0163352974 0.0311101917
  endloop
 endfacet

 facet normal -0.0469224565 -0.648781478 0.75952667
  outer loop
  vertex 0.016392054 -0.0156992264 0.0316788703
  vertex 0.0176661741 -0.0157459099 0.0317177065
  vertex 0.016392054 -0.0149522871 0.0323168971
  endloop
 endfacet

 facet normal -0.0409807265 -0.643122554 0.764665961
  outer loop
  vertex 0.016392054 -0.0149522871 0.0323168971
  vertex 0.0176661741 -0.0157459099 0.0317177065
  vertex 0.0176661741 -0.0149873002 0.0323557332
  endloop
 endfacet

 facet normal 0 -0.643663287 0.765308857
  outer loop
  vertex 0.0176661741 -0.0149873002 0.0323557332
  vertex 0.0176661741 -0.0157459099 0.0317177065
  vertex 0.0189396124 -0.0157459099 0.0317177065
  endloop
 endfacet

 facet normal 0 -0.643663287 0.765308857
  outer loop
  vertex 0.0176661741 -0.0149873002 0.0323557332
  vertex 0.0189396124 -0.0157459099 0.0317177065
  vertex 0.0189396124 -0.0149873002 0.0323557332
  endloop
 endfacet

 facet normal 0 0.704963088 0.709244013
  outer loop
  vertex 0.0189396124 0.0265088081 0.0299256779
  vertex 0.0176661741 0.0265088081 0.0299256779
  vertex 0.0176661741 0.0258669052 0.0305637084
  endloop
 endfacet

 facet normal 0 0.704963088 0.709244013
  outer loop
  vertex 0.0189396124 0.0265088081 0.0299256779
  vertex 0.0176661741 0.0258669052 0.0305637084
  vertex 0.0189396124 0.0258669052 0.0305637084
  endloop
 endfacet

 facet normal 0 0.703291535 0.710901558
  outer loop
  vertex 0.0189396124 0.0258669052 0.0305637084
  vertex 0.0176661741 0.0258669052 0.0305637084
  vertex 0.0176661741 0.0252191685 0.0312045105
  endloop
 endfacet

 facet normal 0 0.703291535 0.710901558
  outer loop
  vertex 0.0189396124 0.0258669052 0.0305637084
  vertex 0.0176661741 0.0252191685 0.0312045105
  vertex 0.0189396124 0.0252191685 0.0312045105
  endloop
 endfacet

 facet normal 0 0.652037024 0.758187175
  outer loop
  vertex 0.0189396124 0.0252191685 0.0312045105
  vertex 0.0176661741 0.0252191685 0.0312045105
  vertex 0.0176661741 0.0245772637 0.0317565426
  endloop
 endfacet

 facet normal 0 0.652037024 0.758187175
  outer loop
  vertex 0.0189396124 0.0252191685 0.0312045105
  vertex 0.0176661741 0.0245772637 0.0317565426
  vertex 0.0189396124 0.0245772637 0.0317565426
  endloop
 endfacet

endsolid AssimpScene
