solid AssimpScene
 facet normal 0 -0.0238700025 0.99971509
  outer loop
  vertex -0.00273653981 0.00438597519 0.0393027887
  vertex -0.00528717693 0.00438597519 0.0393027887
  vertex -0.00528717693 0.00310802599 0.0392722748
  endloop
 endfacet

 facet normal 0 -0.0238700025 0.99971509
  outer loop
  vertex -0.00273653981 0.00438597519 0.0393027887
  vertex -0.00528717693 0.00310802599 0.0392722748
  vertex -0.00273653981 0.00310802599 0.0392722748
  endloop
 endfacet

 facet normal 0.136752114 -0.0236457493 0.990323007
  outer loop
  vertex -0.00273653981 0.00438597519 0.0393027887
  vertex -0.00273653981 0.00310802599 0.0392722748
  vertex -0.00191296067 0.00310802599 0.0391585492
  endloop
 endfacet

 facet normal 0.1526566 -0.0131554846 0.988191724
  outer loop
  vertex -0.00273653981 0.00438597519 0.0393027887
  vertex -0.00191296067 0.00310802599 0.0391585492
  vertex -0.00189262477 0.00438597519 0.0391724221
  endloop
 endfacet

 facet normal 0.152661413 0.0104898531 0.988222837
  outer loop
  vertex -0.00273653981 0.00438597519 0.0393027887
  vertex -0.00189262477 0.00438597519 0.0391724221
  vertex -0.00190860161 0.00566392485 0.0391613245
  endloop
 endfacet

 facet normal 0.136052117 0.0214990284 0.990468442
  outer loop
  vertex -0.00273653981 0.00438597519 0.0393027887
  vertex -0.00190860161 0.00566392485 0.0391613245
  vertex -0.00273653981 0.00566392485 0.0392750502
  endloop
 endfacet

 facet normal 0 0.0217008051 0.999764562
  outer loop
  vertex -0.00273653981 0.00438597519 0.0393027887
  vertex -0.00273653981 0.00566392485 0.0392750502
  vertex -0.00528717693 0.00566392485 0.0392750502
  endloop
 endfacet

 facet normal 0 0.0217008051 0.999764562
  outer loop
  vertex -0.00273653981 0.00438597519 0.0393027887
  vertex -0.00528717693 0.00566392485 0.0392750502
  vertex -0.00528717693 0.00438597519 0.0393027887
  endloop
 endfacet

 facet normal -0.138678178 0.0214911215 0.990104318
  outer loop
  vertex -0.00528717693 0.00438597519 0.0393027887
  vertex -0.00528717693 0.00566392485 0.0392750502
  vertex -0.00609913841 0.00566392485 0.0391613245
  endloop
 endfacet

 facet normal -0.155803561 0.0103478972 0.987733841
  outer loop
  vertex -0.00528717693 0.00438597519 0.0393027887
  vertex -0.00609913841 0.00566392485 0.0391613245
  vertex -0.00611366332 0.00438597519 0.0391724221
  endloop
 endfacet

 facet normal -0.155799061 -0.0128462343 0.987705231
  outer loop
  vertex -0.00528717693 0.00438597519 0.0393027887
  vertex -0.00611366332 0.00438597519 0.0391724221
  vertex -0.00609623082 0.00310802599 0.0391585492
  endloop
 endfacet

 facet normal -0.139160141 -0.0236377493 0.989987791
  outer loop
  vertex -0.00528717693 0.00438597519 0.0393027887
  vertex -0.00609623082 0.00310802599 0.0391585492
  vertex -0.00528717693 0.00310802599 0.0392722748
  endloop
 endfacet

 facet normal 0 -0.0658757165 0.997827768
  outer loop
  vertex -0.00273653981 0.00310802599 0.0392722748
  vertex -0.00528717693 0.00310802599 0.0392722748
  vertex -0.00528717693 0.00184758229 0.039189063
  endloop
 endfacet

 facet normal 0 -0.0658757165 0.997827768
  outer loop
  vertex -0.00273653981 0.00310802599 0.0392722748
  vertex -0.00528717693 0.00184758229 0.039189063
  vertex -0.00273653981 0.00184758229 0.039189063
  endloop
 endfacet

 facet normal 0.0837085024 -0.0656445101 0.994325757
  outer loop
  vertex -0.00273653981 0.00310802599 0.0392722748
  vertex -0.00273653981 0.00184758229 0.039189063
  vertex -0.00204368657 0.000966438558 0.039072562
  endloop
 endfacet

 facet normal 0.105734304 -0.0583651885 0.992680073
  outer loop
  vertex -0.00273653981 0.00310802599 0.0392722748
  vertex -0.00204368657 0.000966438558 0.039072562
  vertex -0.00197396451 0.00184758229 0.0391169414
  endloop
 endfacet

 facet normal 0.136684775 -0.0392893963 0.989835203
  outer loop
  vertex -0.00273653981 0.00310802599 0.0392722748
  vertex -0.00197396451 0.00184758229 0.0391169414
  vertex -0.00191296067 0.00310802599 0.0391585492
  endloop
 endfacet

 facet normal 0.864059925 -0.0583241507 0.499998659
  outer loop
  vertex -0.00191296067 0.00310802599 0.0391585492
  vertex -0.00197396451 0.00184758229 0.0391169414
  vertex -0.00156144716 0.00184758229 0.0384040624
  endloop
 endfacet

 facet normal 0.875129342 -0.0443737023 0.481850326
  outer loop
  vertex -0.00191296067 0.00310802599 0.0391585492
  vertex -0.00156144716 0.00184758229 0.0384040624
  vertex -0.00149753597 0.00310802599 0.0384040624
  endloop
 endfacet

 facet normal 0.875831127 -0.0191714391 0.482236743
  outer loop
  vertex -0.00191296067 0.00310802599 0.0391585492
  vertex -0.00149753597 0.00310802599 0.0384040624
  vertex -0.00189262477 0.00438597519 0.0391724221
  endloop
 endfacet

 facet normal 0.88098824 -0.0120148668 0.472985566
  outer loop
  vertex -0.00189262477 0.00438597519 0.0391724221
  vertex -0.00149753597 0.00310802599 0.0384040624
  vertex -0.00148010731 0.00438597519 0.0384040624
  endloop
 endfacet

 facet normal 0.880998373 0.0110141914 0.472991049
  outer loop
  vertex -0.00189262477 0.00438597519 0.0391724221
  vertex -0.00148010731 0.00438597519 0.0384040624
  vertex -0.00149608427 0.00566392485 0.0384040624
  endloop
 endfacet

 facet normal 0.878055692 0.0151309138 0.478319347
  outer loop
  vertex -0.00189262477 0.00438597519 0.0391724221
  vertex -0.00149608427 0.00566392485 0.0384040624
  vertex -0.00190860161 0.00566392485 0.0391613245
  endloop
 endfacet

 facet normal 0.864203215 0.0570681207 0.499896049
  outer loop
  vertex -0.00190860161 0.00566392485 0.0391613245
  vertex -0.00155418459 0.00693020411 0.0384040624
  vertex -0.00196815375 0.00693020411 0.0391197167
  endloop
 endfacet

 facet normal 0.135980442 0.0389221646 0.989946604
  outer loop
  vertex -0.00190860161 0.00566392485 0.0391613245
  vertex -0.00196815375 0.00693020411 0.0391197167
  vertex -0.00273653981 0.00566392485 0.0392750502
  endloop
 endfacet

 facet normal 0.877444208 0.0402595662 0.477986217
  outer loop
  vertex -0.00190860161 0.00566392485 0.0391613245
  vertex -0.00149608427 0.00566392485 0.0384040624
  vertex -0.00155418459 0.00693020411 0.0384040624
  endloop
 endfacet

 facet normal 0.108666539 0.0558108911 0.992510319
  outer loop
  vertex -0.00273653981 0.00566392485 0.0392750502
  vertex -0.00196815375 0.00693020411 0.0391197167
  vertex -0.00203932752 0.00785802957 0.0390753374
  endloop
 endfacet

 facet normal 0.0928462893 0.0609565899 0.993812799
  outer loop
  vertex -0.00273653981 0.00566392485 0.0392750502
  vertex -0.00203932752 0.00785802957 0.0390753374
  vertex -0.00273653981 0.00693020411 0.0391973816
  endloop
 endfacet

 facet normal 0 0.0612210296 0.998124242
  outer loop
  vertex -0.00273653981 0.00566392485 0.0392750502
  vertex -0.00273653981 0.00693020411 0.0391973816
  vertex -0.00528717693 0.00693020411 0.0391973816
  endloop
 endfacet

 facet normal 0 0.0612210296 0.998124242
  outer loop
  vertex -0.00273653981 0.00566392485 0.0392750502
  vertex -0.00528717693 0.00693020411 0.0391973816
  vertex -0.00528717693 0.00566392485 0.0392750502
  endloop
 endfacet

 facet normal -0.0936197937 0.0609521605 0.993740618
  outer loop
  vertex -0.00528717693 0.00566392485 0.0392750502
  vertex -0.00528717693 0.00693020411 0.0391973816
  vertex -0.00597857824 0.00785802957 0.0390753374
  endloop
 endfacet

 facet normal -0.110705867 0.0554374307 0.992305875
  outer loop
  vertex -0.00528717693 0.00566392485 0.0392750502
  vertex -0.00597857824 0.00785802957 0.0390753374
  vertex -0.00604539318 0.00693020411 0.0391197167
  endloop
 endfacet

 facet normal -0.138607919 0.0383987948 0.989602685
  outer loop
  vertex -0.00528717693 0.00566392485 0.0392750502
  vertex -0.00604539318 0.00693020411 0.0391197167
  vertex -0.00609913841 0.00566392485 0.0391613245
  endloop
 endfacet

 facet normal -0.896169186 0.0140368817 0.443490386
  outer loop
  vertex -0.00609913841 0.00566392485 0.0391613245
  vertex -0.00647388725 0.00566392485 0.0384040624
  vertex -0.00611366332 0.00438597519 0.0391724221
  endloop
 endfacet

 facet normal -0.884655476 0.052768942 0.463249564
  outer loop
  vertex -0.00609913841 0.00566392485 0.0391613245
  vertex -0.00604539318 0.00693020411 0.0391197167
  vertex -0.00642014621 0.00693020411 0.0384040624
  endloop
 endfacet

 facet normal -0.895609796 0.0380099975 0.443213552
  outer loop
  vertex -0.00609913841 0.00566392485 0.0391613245
  vertex -0.00642014621 0.00693020411 0.0384040624
  vertex -0.00647388725 0.00566392485 0.0384040624
  endloop
 endfacet

 facet normal -0.898749352 0.0102151344 0.438343614
  outer loop
  vertex -0.00611366332 0.00438597519 0.0391724221
  vertex -0.00647388725 0.00566392485 0.0384040624
  vertex -0.00648841262 0.00438597519 0.0384040624
  endloop
 endfacet

 facet normal -0.898728788 -0.0122568114 0.438333601
  outer loop
  vertex -0.00611366332 0.00438597519 0.0391724221
  vertex -0.00648841262 0.00438597519 0.0384040624
  vertex -0.00647098385 0.00310802599 0.0384040624
  endloop
 endfacet

 facet normal -0.895476818 -0.0170429833 0.44478175
  outer loop
  vertex -0.00611366332 0.00438597519 0.0391724221
  vertex -0.00647098385 0.00310802599 0.0384040624
  vertex -0.00609623082 0.00310802599 0.0391585492
  endloop
 endfacet

 facet normal -0.894918919 -0.0391899645 0.444504678
  outer loop
  vertex -0.00609623082 0.00310802599 0.0391585492
  vertex -0.00647098385 0.00310802599 0.0384040624
  vertex -0.00641578715 0.00184758229 0.0384040624
  endloop
 endfacet

 facet normal -0.883062303 -0.0550707243 0.466013223
  outer loop
  vertex -0.00609623082 0.00310802599 0.0391585492
  vertex -0.00641578715 0.00184758229 0.0384040624
  vertex -0.00603958219 0.00184758229 0.0391169414
  endloop
 endfacet

 facet normal -0.139093593 -0.0389147736 0.989514291
  outer loop
  vertex -0.00609623082 0.00310802599 0.0391585492
  vertex -0.00603958219 0.00184758229 0.0391169414
  vertex -0.00528717693 0.00310802599 0.0392722748
  endloop
 endfacet

 facet normal -0.107763633 -0.0579827949 0.992484272
  outer loop
  vertex -0.00528717693 0.00310802599 0.0392722748
  vertex -0.00603958219 0.00184758229 0.0391169414
  vertex -0.00597421918 0.000966438558 0.039072562
  endloop
 endfacet

 facet normal -0.0844114646 -0.065640606 0.99426651
  outer loop
  vertex -0.00528717693 0.00310802599 0.0392722748
  vertex -0.00597421918 0.000966438558 0.039072562
  vertex -0.00528717693 0.00184758229 0.039189063
  endloop
 endfacet

 facet normal 0 -0.0990035459 0.995087206
  outer loop
  vertex -0.00273653981 0.00184758229 0.039189063
  vertex -0.00528717693 0.00184758229 0.039189063
  vertex -0.00528717693 0.000843895832 0.0390892029
  endloop
 endfacet

 facet normal 0 -0.0990035459 0.995087206
  outer loop
  vertex -0.00273653981 0.00184758229 0.039189063
  vertex -0.00528717693 0.000843895832 0.0390892029
  vertex -0.00273653981 0.000843895832 0.0390892029
  endloop
 endfacet

 facet normal 0.0413763598 -0.0989187583 0.99423492
  outer loop
  vertex -0.00273653981 0.00184758229 0.039189063
  vertex -0.00273653981 0.000843895832 0.0390892029
  vertex -0.00204368657 0.000966438558 0.039072562
  endloop
 endfacet

 facet normal 0.0472376645 -0.132628173 0.990039587
  outer loop
  vertex -0.00204368657 0.000966438558 0.039072562
  vertex -0.00273653981 0.000843895832 0.0390892029
  vertex -0.00273653981 0.000202002935 0.039003212
  endloop
 endfacet

 facet normal 0.0889447778 -0.16965346 0.981481791
  outer loop
  vertex -0.00204368657 0.000966438558 0.039072562
  vertex -0.00273653981 0.000202002935 0.039003212
  vertex -0.00273653981 -0.000696645409 0.0388478786
  endloop
 endfacet

 facet normal 0.120784365 -0.182153627 0.975823343
  outer loop
  vertex -0.00204368657 0.000966438558 0.039072562
  vertex -0.00273653981 -0.000696645409 0.0388478786
  vertex -0.00273653981 -0.00197459571 0.0386093296
  endloop
 endfacet

 facet normal 0.230201691 -0.204099104 0.951499224
  outer loop
  vertex -0.00204368657 0.000966438558 0.039072562
  vertex -0.00273653981 -0.00197459571 0.0386093296
  vertex -0.0020988835 -0.00516071729 0.0377716236
  endloop
 endfacet

 facet normal 0.312380195 -0.199991569 0.92866689
  outer loop
  vertex -0.00204368657 0.000966438558 0.039072562
  vertex -0.0020988835 -0.00516071729 0.0377716236
  vertex -0.00196379842 -0.0045246589 0.0378631614
  endloop
 endfacet

 facet normal 0.409301013 -0.190566584 0.892276406
  outer loop
  vertex -0.00204368657 0.000966438558 0.039072562
  vertex -0.00196379842 -0.0045246589 0.0378631614
  vertex -0.00177061313 -0.00325254607 0.0380462334
  endloop
 endfacet

 facet normal 0.735306382 -0.114889584 0.667925954
  outer loop
  vertex -0.00204368657 0.000966438558 0.039072562
  vertex -0.00177061313 -0.00325254607 0.0380462334
  vertex -0.00169943937 -0.00197459571 0.0381877013
  endloop
 endfacet

 facet normal 0.783893585 -0.0929474458 0.613898695
  outer loop
  vertex -0.00204368657 0.000966438558 0.039072562
  vertex -0.00169943937 -0.00197459571 0.0381877013
  vertex -0.00197396451 0.00184758229 0.0391169414
  endloop
 endfacet

 facet normal 0.864000261 -0.0594942607 0.499964148
  outer loop
  vertex -0.00197396451 0.00184758229 0.0391169414
  vertex -0.00169943937 -0.00197459571 0.0381877013
  vertex -0.00156144716 0.00184758229 0.0384040624
  endloop
 endfacet

 facet normal 0.929151177 -0.0542461127 0.365698844
  outer loop
  vertex -0.00156144716 0.00184758229 0.0384040624
  vertex -0.00169943937 -0.00197459571 0.0381877013
  vertex -0.00135809579 -0.00325254607 0.0371308662
  endloop
 endfacet

 facet normal 0.931227386 -0.0528857112 0.360581011
  outer loop
  vertex -0.00156144716 0.00184758229 0.0384040624
  vertex -0.00135809579 -0.00325254607 0.0371308662
  vertex 0.00676442543 -0.0276794713 0.012571197
  endloop
 endfacet

 facet normal 0.933656693 -0.0473413579 0.355026782
  outer loop
  vertex -0.00156144716 0.00184758229 0.0384040624
  vertex 0.00676442543 -0.0276794713 0.012571197
  vertex -0.00149753597 0.00310802599 0.0384040624
  endloop
 endfacet

 facet normal 0.947820902 -0.0129263271 0.31854111
  outer loop
  vertex -0.00149753597 0.00310802599 0.0384040624
  vertex 0.00676442543 -0.0276794713 0.012571197
  vertex -0.00148010731 0.00438597519 0.0384040624
  endloop
 endfacet

 facet normal 0.95265913 0 0.304040223
  outer loop
  vertex -0.00148010731 0.00438597519 0.0384040624
  vertex 0.00676442543 -0.0276794713 0.012571197
  vertex 0.00676442543 0.0319173262 0.012571197
  endloop
 endfacet

 facet normal 0.948861241 0.0118626086 0.315470666
  outer loop
  vertex -0.00148010731 0.00438597519 0.0384040624
  vertex 0.00676442543 0.0319173262 0.012571197
  vertex -0.00149608427 0.00566392485 0.0384040624
  endloop
 endfacet

 facet normal 0.938088 0.0430420749 0.343712777
  outer loop
  vertex -0.00149608427 0.00566392485 0.0384040624
  vertex 0.00676442543 0.0319173262 0.012571197
  vertex -0.00155418459 0.00693020411 0.0384040624
  endloop
 endfacet

 facet normal 0.928401649 0.0544164404 0.367572159
  outer loop
  vertex -0.00155418459 0.00693020411 0.0384040624
  vertex -0.00134937768 0.0120361671 0.0371308662
  vertex -0.00169653213 0.0107640522 0.0381960236
  endloop
 endfacet

 facet normal 0.864095449 0.0592057519 0.499833763
  outer loop
  vertex -0.00155418459 0.00693020411 0.0384040624
  vertex -0.00169653213 0.0107640522 0.0381960236
  vertex -0.00196815375 0.00693020411 0.0391197167
  endloop
 endfacet

 facet normal 0.935718954 0.0495538376 0.349248499
  outer loop
  vertex -0.00155418459 0.00693020411 0.0384040624
  vertex 0.00676442543 0.0319173262 0.012571197
  vertex -0.00134937768 0.0120361671 0.0371308662
  endloop
 endfacet

 facet normal 0.791366935 0.0896324217 0.604735017
  outer loop
  vertex -0.00196815375 0.00693020411 0.0391197167
  vertex -0.00169653213 0.0107640522 0.0381960236
  vertex -0.00203932752 0.00785802957 0.0390753374
  endloop
 endfacet

 facet normal 0.102490246 0.169150338 0.980246902
  outer loop
  vertex -0.00203932752 0.00785802957 0.0390753374
  vertex -0.00273653981 0.0094861025 0.0388672948
  vertex -0.00273653981 0.00863413606 0.0390143096
  endloop
 endfacet

 facet normal 0.0479852073 0.121069528 0.991483629
  outer loop
  vertex -0.00203932752 0.00785802957 0.0390753374
  vertex -0.00273653981 0.00863413606 0.0390143096
  vertex -0.00273653981 0.00799807906 0.0390919782
  endloop
 endfacet

 facet normal 0.0434436202 0.0981342643 0.994224608
  outer loop
  vertex -0.00203932752 0.00785802957 0.0390753374
  vertex -0.00273653981 0.00799807906 0.0390919782
  vertex -0.00273653981 0.00693020411 0.0391973816
  endloop
 endfacet

 facet normal 0.745793939 0.11079222 0.656899214
  outer loop
  vertex -0.00203932752 0.00785802957 0.0390753374
  vertex -0.00169653213 0.0107640522 0.0381960236
  vertex -0.00176335056 0.0120361671 0.038057331
  endloop
 endfacet

 facet normal 0.443746865 0.184366554 0.876982152
  outer loop
  vertex -0.00203932752 0.00785802957 0.0390753374
  vertex -0.00176335056 0.0120361671 0.038057331
  vertex -0.00194346253 0.0133141158 0.037879806
  endloop
 endfacet

 facet normal 0.299732864 0.199171707 0.933000982
  outer loop
  vertex -0.00203932752 0.00785802957 0.0390753374
  vertex -0.00194346253 0.0133141158 0.037879806
  vertex -0.00207854761 0.0139851859 0.0377799459
  endloop
 endfacet

 facet normal 0.242379755 0.202162683 0.948884845
  outer loop
  vertex -0.00203932752 0.00785802957 0.0390753374
  vertex -0.00207854761 0.0139851859 0.0377799459
  vertex -0.00273653981 0.0107640522 0.0386342928
  endloop
 endfacet

 facet normal 0.124322794 0.177976459 0.976149738
  outer loop
  vertex -0.00203932752 0.00785802957 0.0390753374
  vertex -0.00273653981 0.0107640522 0.0386342928
  vertex -0.00273653981 0.0094861025 0.0388672948
  endloop
 endfacet

 facet normal 0 0.0982269794 0.995164037
  outer loop
  vertex -0.00273653981 0.00693020411 0.0391973816
  vertex -0.00273653981 0.00799807906 0.0390919782
  vertex -0.00528717693 0.00799807906 0.0390919782
  endloop
 endfacet

 facet normal 0 0.0982269794 0.995164037
  outer loop
  vertex -0.00273653981 0.00693020411 0.0391973816
  vertex -0.00528717693 0.00799807906 0.0390919782
  vertex -0.00528717693 0.00693020411 0.0391973816
  endloop
 endfacet

 facet normal -0.0438080318 0.0981326848 0.994208574
  outer loop
  vertex -0.00528717693 0.00693020411 0.0391973816
  vertex -0.00528717693 0.00799807906 0.0390919782
  vertex -0.00597857824 0.00785802957 0.0390753374
  endloop
 endfacet

 facet normal -0.0492351726 0.125319511 0.99089402
  outer loop
  vertex -0.00597857824 0.00785802957 0.0390753374
  vertex -0.00528717693 0.00799807906 0.0390919782
  vertex -0.00528717693 0.00863413606 0.0390115343
  endloop
 endfacet

 facet normal -0.106419563 0.175264642 0.978752851
  outer loop
  vertex -0.00597857824 0.00785802957 0.0390753374
  vertex -0.00528717693 0.00863413606 0.0390115343
  vertex -0.00528717693 0.0094861025 0.0388589725
  endloop
 endfacet

 facet normal -0.109160155 0.176362202 0.978253901
  outer loop
  vertex -0.00597857824 0.00785802957 0.0390753374
  vertex -0.00528717693 0.0094861025 0.0388589725
  vertex -0.00528572127 0.0107640522 0.0386287458
  endloop
 endfacet

 facet normal -0.235817775 0.202296168 0.950508356
  outer loop
  vertex -0.00597857824 0.00785802957 0.0390753374
  vertex -0.00528572127 0.0107640522 0.0386287458
  vertex -0.00594371744 0.0139851859 0.0377799459
  endloop
 endfacet

 facet normal -0.321333766 0.197625503 0.926114917
  outer loop
  vertex -0.00597857824 0.00785802957 0.0390753374
  vertex -0.00594371744 0.0139851859 0.0377799459
  vertex -0.00606863247 0.0133141158 0.037879806
  endloop
 endfacet

 facet normal -0.462104052 0.18253237 0.867837429
  outer loop
  vertex -0.00597857824 0.00785802957 0.0390753374
  vertex -0.00606863247 0.0133141158 0.037879806
  vertex -0.00624003028 0.0120361671 0.038057331
  endloop
 endfacet

 facet normal -0.786675453 0.0992385373 0.609338522
  outer loop
  vertex -0.00597857824 0.00785802957 0.0390753374
  vertex -0.00624003028 0.0120361671 0.038057331
  vertex -0.00629522698 0.0107640522 0.0381932482
  endloop
 endfacet

 facet normal -0.81321764 0.0860922858 0.575556397
  outer loop
  vertex -0.00597857824 0.00785802957 0.0390753374
  vertex -0.00629522698 0.0107640522 0.0381932482
  vertex -0.00604539318 0.00693020411 0.0391197167
  endloop
 endfacet

 facet normal -0.884583116 0.0542931072 0.463211656
  outer loop
  vertex -0.00604539318 0.00693020411 0.0391197167
  vertex -0.00629522698 0.0107640522 0.0381932482
  vertex -0.00642014621 0.00693020411 0.0384040624
  endloop
 endfacet

 facet normal -0.950215042 0.040327467 0.308974326
  outer loop
  vertex -0.00647388725 0.00566392485 0.0384040624
  vertex -0.00642014621 0.00693020411 0.0384040624
  vertex -0.00667143194 0.0107640522 0.0371308662
  endloop
 endfacet

 facet normal -0.98039031 0.0111430613 0.196750253
  outer loop
  vertex -0.00647388725 0.00566392485 0.0384040624
  vertex -0.00667143194 0.0107640522 0.0371308662
  vertex -0.00648841262 0.00438597519 0.0384040624
  endloop
 endfacet

 facet normal -0.939054549 0.0493047163 0.340214372
  outer loop
  vertex -0.00642014621 0.00693020411 0.0384040624
  vertex -0.00629522698 0.0107640522 0.0381932482
  vertex -0.00661333138 0.0120361671 0.0371308662
  endloop
 endfacet

 facet normal -0.947350264 0.0432676598 0.317262411
  outer loop
  vertex -0.00642014621 0.00693020411 0.0384040624
  vertex -0.00661333138 0.0120361671 0.0371308662
  vertex -0.00667143194 0.0107640522 0.0371308662
  endloop
 endfacet

 facet normal -0.988177896 0.0022451391 0.153295547
  outer loop
  vertex -0.00648841262 0.00438597519 0.0384040624
  vertex -0.00667143194 0.0107640522 0.0371308662
  vertex -0.00667433534 0.0094861025 0.0371308662
  endloop
 endfacet

 facet normal -0.98950541 0 0.14449589
  outer loop
  vertex -0.00648841262 0.00438597519 0.0384040624
  vertex -0.00667433534 0.0094861025 0.0371308662
  vertex -0.00667433534 -0.000696645409 0.0371308662
  endloop
 endfacet

 facet normal -0.986780882 -0.00448392704 0.161997959
  outer loop
  vertex -0.00648841262 0.00438597519 0.0384040624
  vertex -0.00667433534 -0.000696645409 0.0371308662
  vertex -0.00666852808 -0.00197459571 0.0371308662
  endloop
 endfacet

 facet normal -0.978645086 -0.0133467047 0.205123261
  outer loop
  vertex -0.00648841262 0.00438597519 0.0384040624
  vertex -0.00666852808 -0.00197459571 0.0371308662
  vertex -0.00647098385 0.00310802599 0.0384040624
  endloop
 endfacet

 facet normal -0.948816061 -0.0415502079 0.313083977
  outer loop
  vertex -0.00647098385 0.00310802599 0.0384040624
  vertex -0.00666852808 -0.00197459571 0.0371308662
  vertex -0.00641578715 0.00184758229 0.0384040624
  endloop
 endfacet

 facet normal -0.944247723 -0.0461498313 0.325985372
  outer loop
  vertex -0.00641578715 0.00184758229 0.0384040624
  vertex -0.00666852808 -0.00197459571 0.0371308662
  vertex -0.00660606893 -0.00325254607 0.0371308662
  endloop
 endfacet

 facet normal -0.938267946 -0.0504243374 0.342214346
  outer loop
  vertex -0.00641578715 0.00184758229 0.0384040624
  vertex -0.00660606893 -0.00325254607 0.0371308662
  vertex -0.00629232358 -0.00197459571 0.038179379
  endloop
 endfacet

 facet normal -0.883020759 -0.0559157953 0.465991259
  outer loop
  vertex -0.00641578715 0.00184758229 0.0384040624
  vertex -0.00629232358 -0.00197459571 0.038179379
  vertex -0.00603958219 0.00184758229 0.0391169414
  endloop
 endfacet

 facet normal -0.80837965 -0.0892718062 0.581853092
  outer loop
  vertex -0.00603958219 0.00184758229 0.0391169414
  vertex -0.00629232358 -0.00197459571 0.038179379
  vertex -0.00597421918 0.000966438558 0.039072562
  endloop
 endfacet

 facet normal -0.100037992 -0.178468108 0.978847027
  outer loop
  vertex -0.00597421918 0.000966438558 0.039072562
  vertex -0.00528717693 -0.00197459571 0.0386065543
  vertex -0.00528717693 -0.000696645409 0.0388395563
  endloop
 endfacet

 facet normal -0.0923503265 -0.175473794 0.980143011
  outer loop
  vertex -0.00597421918 0.000966438558 0.039072562
  vertex -0.00528717693 -0.000696645409 0.0388395563
  vertex -0.00528717693 0.000202002935 0.0390004404
  endloop
 endfacet

 facet normal -0.0483698212 -0.136820689 0.989414155
  outer loop
  vertex -0.00597421918 0.000966438558 0.039072562
  vertex -0.00528717693 0.000202002935 0.0390004404
  vertex -0.00528717693 0.000843895832 0.0390892029
  endloop
 endfacet

 facet normal -0.0417257063 -0.0989173278 0.994220555
  outer loop
  vertex -0.00597421918 0.000966438558 0.039072562
  vertex -0.00528717693 0.000843895832 0.0390892029
  vertex -0.00528717693 0.00184758229 0.039189063
  endloop
 endfacet

 facet normal -0.781664312 -0.102304377 0.61525166
  outer loop
  vertex -0.00597421918 0.000966438558 0.039072562
  vertex -0.00629232358 -0.00197459571 0.038179379
  vertex -0.00622986397 -0.00325254607 0.0380462334
  endloop
 endfacet

 facet normal -0.431157202 -0.188521326 0.882362306
  outer loop
  vertex -0.00597421918 0.000966438558 0.039072562
  vertex -0.00622986397 -0.00325254607 0.0380462334
  vertex -0.00604829658 -0.0045246589 0.0378631614
  endloop
 endfacet

 facet normal -0.338268816 -0.198057741 0.919971406
  outer loop
  vertex -0.00597421918 0.000966438558 0.039072562
  vertex -0.00604829658 -0.0045246589 0.0378631614
  vertex -0.00592483347 -0.00516071729 0.0377716236
  endloop
 endfacet

 facet normal -0.227434561 -0.204004019 0.952184796
  outer loop
  vertex -0.00597421918 0.000966438558 0.039072562
  vertex -0.00592483347 -0.00516071729 0.0377716236
  vertex -0.00528717693 -0.00197459571 0.0386065543
  endloop
 endfacet

 facet normal 0 -0.120123193 0.992758989
  outer loop
  vertex -0.00273653981 0.000843895832 0.0390892029
  vertex -0.00528717693 0.000843895832 0.0390892029
  vertex -0.00401185639 0.000202002935 0.0390115343
  endloop
 endfacet

 facet normal 0.00646671839 -0.132773638 0.991125405
  outer loop
  vertex -0.00273653981 0.000843895832 0.0390892029
  vertex -0.00401185639 0.000202002935 0.0390115343
  vertex -0.00273653981 0.000202002935 0.039003212
  endloop
 endfacet

 facet normal 0.0128574967 -0.170314476 0.985305905
  outer loop
  vertex -0.00273653981 0.000202002935 0.039003212
  vertex -0.00401185639 -0.000696645409 0.0388645194
  vertex -0.00273653981 -0.000696645409 0.0388478786
  endloop
 endfacet

 facet normal 0.00643889327 -0.161445484 0.986860693
  outer loop
  vertex -0.00273653981 0.000202002935 0.039003212
  vertex -0.00401185639 0.000202002935 0.0390115343
  vertex -0.00401185639 -0.000696645409 0.0388645194
  endloop
 endfacet

 facet normal 0.0128266169 -0.183481961 0.982939422
  outer loop
  vertex -0.00273653981 -0.000696645409 0.0388478786
  vertex -0.00401185639 -0.000696645409 0.0388645194
  vertex -0.00273653981 -0.00197459571 0.0386093296
  endloop
 endfacet

 facet normal 0.00854372606 -0.187609658 0.982206523
  outer loop
  vertex -0.00273653981 -0.00197459571 0.0386093296
  vertex -0.00401185639 -0.000696645409 0.0388645194
  vertex -0.00401185639 -0.00197459571 0.0386204198
  endloop
 endfacet

 facet normal 0.00848469697 -0.220188111 0.975420475
  outer loop
  vertex -0.00273653981 -0.00197459571 0.0386093296
  vertex -0.00401185639 -0.00197459571 0.0386204198
  vertex -0.00273653981 -0.00325254607 0.0383208469
  endloop
 endfacet

 facet normal 0.178338036 -0.216666147 0.959818363
  outer loop
  vertex -0.00273653981 -0.00197459571 0.0386093296
  vertex -0.00273653981 -0.00325254607 0.0383208469
  vertex -0.0020988835 -0.00516071729 0.0377716236
  endloop
 endfacet

 facet normal 0.0125556914 -0.27269882 0.962017477
  outer loop
  vertex -0.0020988835 -0.00516071729 0.0377716236
  vertex -0.00273653981 -0.00325254607 0.0383208469
  vertex -0.00273653981 -0.0045246589 0.0379602462
  endloop
 endfacet

 facet normal 0 -0.284311742 0.95873189
  outer loop
  vertex -0.0020988835 -0.00516071729 0.0377716236
  vertex -0.00273653981 -0.0045246589 0.0379602462
  vertex -0.00528717693 -0.0045246589 0.0379602462
  endloop
 endfacet

 facet normal 0 -0.284311742 0.95873189
  outer loop
  vertex -0.0020988835 -0.00516071729 0.0377716236
  vertex -0.00528717693 -0.0045246589 0.0379602462
  vertex -0.00592483347 -0.00516071729 0.0377716236
  endloop
 endfacet

 facet normal 0 -0.341211021 0.939986706
  outer loop
  vertex -0.0020988835 -0.00516071729 0.0377716236
  vertex -0.00592483347 -0.00516071729 0.0377716236
  vertex -0.00528717693 -0.00580260903 0.0375386216
  endloop
 endfacet

 facet normal 0 -0.341211021 0.939986706
  outer loop
  vertex -0.0020988835 -0.00516071729 0.0377716236
  vertex -0.00528717693 -0.00580260903 0.0375386216
  vertex -0.00273653981 -0.00580260903 0.0375386216
  endloop
 endfacet

 facet normal 0.0195200238 -0.358222961 0.933432043
  outer loop
  vertex -0.0020988835 -0.00516071729 0.0377716236
  vertex -0.00273653981 -0.00580260903 0.0375386216
  vertex -0.00273653981 -0.00707472209 0.0370504223
  endloop
 endfacet

 facet normal 0.112969004 -0.383081406 0.916780591
  outer loop
  vertex -0.0020988835 -0.00516071729 0.0377716236
  vertex -0.00273653981 -0.00707472209 0.0370504223
  vertex -0.00195362861 -0.00793252606 0.0365955122
  endloop
 endfacet

 facet normal 0.64059484 -0.271245956 0.718375862
  outer loop
  vertex -0.0020988835 -0.00516071729 0.0377716236
  vertex -0.00195362861 -0.00793252606 0.0365955122
  vertex -0.00178949349 -0.00707472209 0.0367730409
  endloop
 endfacet

 facet normal 0.689086795 -0.244522616 0.682178974
  outer loop
  vertex -0.0020988835 -0.00516071729 0.0377716236
  vertex -0.00178949349 -0.00707472209 0.0367730409
  vertex -0.00196379842 -0.0045246589 0.0378631614
  endloop
 endfacet

 facet normal 0.773234546 -0.203838974 0.60046494
  outer loop
  vertex -0.00196379842 -0.0045246589 0.0378631614
  vertex -0.00178949349 -0.00707472209 0.0367730409
  vertex -0.00177061313 -0.00325254607 0.0380462334
  endloop
 endfacet

 facet normal 0.805888057 -0.190693662 0.560517967
  outer loop
  vertex -0.00177061313 -0.00325254607 0.0380462334
  vertex -0.00178949349 -0.00707472209 0.0367730409
  vertex -0.00103853981 -0.00962478761 0.0348257944
  endloop
 endfacet

 facet normal 0.906908393 -0.102363333 0.408704042
  outer loop
  vertex -0.00177061313 -0.00325254607 0.0380462334
  vertex -0.00103853981 -0.00962478761 0.0348257944
  vertex -0.00135809579 -0.00325254607 0.0371308662
  endloop
 endfacet

 facet normal 0.90750289 -0.0958143175 0.408971995
  outer loop
  vertex -0.00177061313 -0.00325254607 0.0380462334
  vertex -0.00135809579 -0.00325254607 0.0371308662
  vertex -0.00169943937 -0.00197459571 0.0381877013
  endloop
 endfacet

 facet normal 0.911271036 -0.0989066809 0.399753183
  outer loop
  vertex -0.00135809579 -0.00325254607 0.0371308662
  vertex -0.00103853981 -0.00962478761 0.0348257944
  vertex 0.00676442543 -0.0276794713 0.012571197
  endloop
 endfacet

 facet normal 0.889635921 -0.148023754 0.432015032
  outer loop
  vertex 0.00676442543 -0.0276794713 0.012571197
  vertex -0.00103853981 -0.00962478761 0.0348257944
  vertex -0.00103853981 -0.0107743582 0.0344319083
  endloop
 endfacet

 facet normal 0.815165222 -0.279670745 0.507237494
  outer loop
  vertex 0.00676442543 -0.0276794713 0.012571197
  vertex -0.00103853981 -0.0107743582 0.0344319083
  vertex -0.00103853981 -0.0132193863 0.0330838189
  endloop
 endfacet

 facet normal 0.625825286 -0.505224943 0.594214141
  outer loop
  vertex 0.00676442543 -0.0276794713 0.012571197
  vertex -0.00103853981 -0.0132193863 0.0330838189
  vertex -0.00103853981 -0.0143514508 0.0321212895
  endloop
 endfacet

 facet normal 0.570884407 -0.554258227 0.605713487
  outer loop
  vertex 0.00676442543 -0.0276794713 0.012571197
  vertex -0.00103853981 -0.0143514508 0.0321212895
  vertex -0.00103853981 -0.0145848654 0.0319077037
  endloop
 endfacet

 facet normal 0.546221733 -0.574570537 0.60951674
  outer loop
  vertex 0.00676442543 -0.0276794713 0.012571197
  vertex -0.00103853981 -0.0145848654 0.0319077037
  vertex -0.000197528192 -0.0272593275 0.0192062464
  endloop
 endfacet

 facet normal 0.24593851 -0.916301847 0.316077799
  outer loop
  vertex 0.00676442543 -0.0276794713 0.012571197
  vertex -0.000197528192 -0.0272593275 0.0192062464
  vertex -0.000197528192 -0.0276736375 0.0180051681
  endloop
 endfacet

 facet normal 2.35533003e-06 -0.999999464 0.00107656
  outer loop
  vertex 0.00676442543 -0.0276794713 0.012571197
  vertex -0.000197528192 -0.0276736375 0.0180051681
  vertex -0.00146558229 -0.0276736375 0.0180079434
  endloop
 endfacet

 facet normal 0 -0.999999464 0.00107299467
  outer loop
  vertex 0.00676442543 -0.0276794713 0.012571197
  vertex -0.00146558229 -0.0276736375 0.0180079434
  vertex -0.00401040493 -0.0276736375 0.0180079434
  endloop
 endfacet

 facet normal 0 -0.999999464 0.00107299467
  outer loop
  vertex 0.00676442543 -0.0276794713 0.012571197
  vertex -0.00401040493 -0.0276736375 0.0180079434
  vertex -0.00400895299 -0.0276794713 0.012571197
  endloop
 endfacet

 facet normal 0 -1 0
  outer loop
  vertex 0.00676442543 -0.0276794713 0.012571197
  vertex -0.00400895299 -0.0276794713 0.012571197
  vertex -0.00400895299 -0.0276794713 0.0109651377
  endloop
 endfacet

 facet normal 0 -1 0
  outer loop
  vertex 0.00676442543 -0.0276794713 0.012571197
  vertex -0.00400895299 -0.0276794713 0.0109651377
  vertex 0.00676442543 -0.0276794713 0.0109651377
  endloop
 endfacet

 facet normal 1 0 0
  outer loop
  vertex 0.00676442543 -0.0276794713 0.012571197
  vertex 0.00676442543 -0.0276794713 0.0109651377
  vertex 0.00676442543 0.0319173262 0.0109651377
  endloop
 endfacet

 facet normal 1 0 0
  outer loop
  vertex 0.00676442543 -0.0276794713 0.012571197
  vertex 0.00676442543 0.0319173262 0.0109651377
  vertex 0.00676442543 0.0319173262 0.012571197
  endloop
 endfacet

 facet normal 0.00254377839 0.999996781 0
  outer loop
  vertex 0.00676442543 0.0319173262 0.012571197
  vertex 0.00676442543 0.0319173262 0.0109651377
  vertex -0.000117640149 0.031934835 0.0179385971
  endloop
 endfacet

 facet normal 0.00254377839 0.999996781 0
  outer loop
  vertex 0.00676442543 0.0319173262 0.012571197
  vertex -0.000117640149 0.031934835 0.0179385971
  vertex -0.000117640149 0.031934835 0.0180079434
  endloop
 endfacet

 facet normal 0.0627679005 0.995111108 0.0762500018
  outer loop
  vertex 0.00676442543 0.0319173262 0.012571197
  vertex -0.000117640149 0.031934835 0.0180079434
  vertex -0.000117640149 0.0318706445 0.0188456457
  endloop
 endfacet

 facet normal 0.37326774 0.829433322 0.415585935
  outer loop
  vertex 0.00676442543 0.0319173262 0.012571197
  vertex -0.000117640149 0.0318706445 0.0188456457
  vertex -0.00189117296 0.028176846 0.0278107282
  endloop
 endfacet

 facet normal 0.641351342 0.576867461 0.505858183
  outer loop
  vertex 0.00676442543 0.0319173262 0.012571197
  vertex -0.00189117296 0.028176846 0.0278107282
  vertex -0.00185486022 0.0269689206 0.0291421767
  endloop
 endfacet

 facet normal 0.645277262 0.571961999 0.506435335
  outer loop
  vertex 0.00676442543 0.0319173262 0.012571197
  vertex -0.00185486022 0.0269689206 0.0291421767
  vertex -0.000865690352 0.024588082 0.0305707101
  endloop
 endfacet

 facet normal 0.668227077 0.545822382 0.505520105
  outer loop
  vertex 0.00676442543 0.0319173262 0.012571197
  vertex -0.000865690352 0.024588082 0.0305707101
  vertex -0.000865690352 0.0233626515 0.0318938382
  endloop
 endfacet

 facet normal 0.757188499 0.431760907 0.490150988
  outer loop
  vertex 0.00676442543 0.0319173262 0.012571197
  vertex -0.000865690352 0.0233626515 0.0318938382
  vertex -0.000865690352 0.0223297887 0.0328036584
  endloop
 endfacet

 facet normal 0.778881967 0.399826646 0.483199418
  outer loop
  vertex 0.00676442543 0.0319173262 0.012571197
  vertex -0.000865690352 0.0223297887 0.0328036584
  vertex -0.000865690352 0.0220146775 0.0330643989
  endloop
 endfacet

 facet normal 0.866909683 0.23819463 0.437870979
  outer loop
  vertex 0.00676442543 0.0319173262 0.012571197
  vertex -0.000865690352 0.0220146775 0.0330643989
  vertex -0.000865690352 0.0198322423 0.034251608
  endloop
 endfacet

 facet normal 0.88772577 0.190992042 0.418885291
  outer loop
  vertex 0.00676442543 0.0319173262 0.012571197
  vertex -0.000865690352 0.0198322423 0.034251608
  vertex -0.000865690352 0.0195463095 0.0343819819
  endloop
 endfacet

 facet normal 0.91024816 0.131063551 0.392773092
  outer loop
  vertex 0.00676442543 0.0319173262 0.012571197
  vertex -0.000865690352 0.0195463095 0.0343819819
  vertex -0.000865690352 0.0186651647 0.0346760079
  endloop
 endfacet

 facet normal 0.923335612 0.090743579 0.373118162
  outer loop
  vertex 0.00676442543 0.0319173262 0.012571197
  vertex -0.000865690352 0.0186651647 0.0346760079
  vertex -0.000865690352 0.0184142441 0.0347370319
  endloop
 endfacet

 facet normal 0.930860102 0.0643945113 0.359656841
  outer loop
  vertex 0.00676442543 0.0319173262 0.012571197
  vertex -0.000865690352 0.0184142441 0.0347370319
  vertex -0.00134937768 0.0120361671 0.0371308662
  endloop
 endfacet

 facet normal 0.917068958 0.0772680193 0.391170204
  outer loop
  vertex -0.00134937768 0.0120361671 0.0371308662
  vertex -0.000865690352 0.0184142441 0.0347370319
  vertex -0.00169653213 0.0107640522 0.0381960236
  endloop
 endfacet

 facet normal 0.901198626 0.0934763104 0.423205733
  outer loop
  vertex -0.00169653213 0.0107640522 0.0381960236
  vertex -0.000865690352 0.0184142441 0.0347370319
  vertex -0.00176335056 0.0120361671 0.038057331
  endloop
 endfacet

 facet normal 0.0128596015 0.170031756 0.985354662
  outer loop
  vertex -0.00273653981 0.0094861025 0.0388672948
  vertex -0.00401185639 0.0094861025 0.0388839394
  vertex -0.00273653981 0.00863413606 0.0390143096
  endloop
 endfacet

 facet normal 0.0128380191 0.179353207 0.983700931
  outer loop
  vertex -0.00273653981 0.0094861025 0.0388672948
  vertex -0.00273653981 0.0107640522 0.0386342928
  vertex -0.00401185639 0.0094861025 0.0388839394
  endloop
 endfacet

 facet normal 0.00429637032 0.157542095 0.987502992
  outer loop
  vertex -0.00273653981 0.00863413606 0.0390143096
  vertex -0.00401185639 0.0094861025 0.0388839394
  vertex -0.00401185639 0.00863413606 0.0390198566
  endloop
 endfacet

 facet normal 0.00431862287 0.121208005 0.992617786
  outer loop
  vertex -0.00273653981 0.00863413606 0.0390143096
  vertex -0.00401185639 0.00863413606 0.0390198566
  vertex -0.00273653981 0.00799807906 0.0390919782
  endloop
 endfacet

 facet normal 0 0.112664148 0.993633151
  outer loop
  vertex -0.00273653981 0.00799807906 0.0390919782
  vertex -0.00401185639 0.00863413606 0.0390198566
  vertex -0.00528717693 0.00799807906 0.0390919782
  endloop
 endfacet

 facet normal 0.886419892 0.109385967 0.449771702
  outer loop
  vertex -0.00176335056 0.0120361671 0.038057331
  vertex -0.000865690352 0.0184142441 0.0347370319
  vertex -0.000865690352 0.0186651647 0.0346760079
  endloop
 endfacet

 facet normal 0.787115276 0.192345366 0.586048484
  outer loop
  vertex -0.00176335056 0.0120361671 0.038057331
  vertex -0.000865690352 0.0186651647 0.0346760079
  vertex -0.00194346253 0.0133141158 0.037879806
  endloop
 endfacet

 facet normal 0.780434251 0.197906762 0.5930897
  outer loop
  vertex -0.00194346253 0.0133141158 0.037879806
  vertex -0.000865690352 0.0186651647 0.0346760079
  vertex -0.000865690352 0.0195463095 0.0343819819
  endloop
 endfacet

 facet normal 0.767304122 0.207805365 0.606680632
  outer loop
  vertex -0.00194346253 0.0133141158 0.037879806
  vertex -0.000865690352 0.0195463095 0.0343819819
  vertex -0.00177496835 0.0158583447 0.0367952287
  endloop
 endfacet

 facet normal 0.698707581 0.240888894 0.673632145
  outer loop
  vertex -0.00194346253 0.0133141158 0.037879806
  vertex -0.00177496835 0.0158583447 0.0367952287
  vertex -0.00207854761 0.0139851859 0.0377799459
  endloop
 endfacet

 facet normal 0.0131812003 0.287890106 0.957572699
  outer loop
  vertex -0.00207854761 0.0139851859 0.0377799459
  vertex -0.00273653981 0.0139968563 0.0377854928
  vertex -0.00273653981 0.0133141158 0.0379907563
  endloop
 endfacet

 facet normal 0.0378079303 0.265559107 0.963352919
  outer loop
  vertex -0.00207854761 0.0139851859 0.0377799459
  vertex -0.00273653981 0.0133141158 0.0379907563
  vertex -0.00273653981 0.0120361671 0.0383430384
  endloop
 endfacet

 facet normal 0.170582622 0.219907209 0.960490704
  outer loop
  vertex -0.00207854761 0.0139851859 0.0377799459
  vertex -0.00273653981 0.0120361671 0.0383430384
  vertex -0.00273653981 0.0107640522 0.0386342928
  endloop
 endfacet

 facet normal 0.657271266 0.264475346 0.705724657
  outer loop
  vertex -0.00207854761 0.0139851859 0.0377799459
  vertex -0.00177496835 0.0158583447 0.0367952287
  vertex -0.00193765177 0.016751159 0.0366121568
  endloop
 endfacet

 facet normal 0.125182018 0.380475342 0.916279435
  outer loop
  vertex -0.00207854761 0.0139851859 0.0377799459
  vertex -0.00193765177 0.016751159 0.0366121568
  vertex -0.00273653981 0.0158583447 0.03709203
  endloop
 endfacet

 facet normal 0.0334521383 0.354876399 0.934314609
  outer loop
  vertex -0.00207854761 0.0139851859 0.0377799459
  vertex -0.00273653981 0.0158583447 0.03709203
  vertex -0.00273653981 0.014638749 0.0375552662
  endloop
 endfacet

 facet normal 0.0139244674 0.337581217 0.941193461
  outer loop
  vertex -0.00207854761 0.0139851859 0.0377799459
  vertex -0.00273653981 0.014638749 0.0375552662
  vertex -0.00273653981 0.0139968563 0.0377854928
  endloop
 endfacet

 facet normal 0.00635992689 0.223173723 0.97475791
  outer loop
  vertex -0.00273653981 0.0107640522 0.0386342928
  vertex -0.00273653981 0.0120361671 0.0383430384
  vertex -0.00401185639 0.0107640522 0.0386426151
  endloop
 endfacet

 facet normal 0.00641117897 0.185554311 0.982613087
  outer loop
  vertex -0.00273653981 0.0107640522 0.0386342928
  vertex -0.00401185639 0.0107640522 0.0386426151
  vertex -0.00401185639 0.0094861025 0.0388839394
  endloop
 endfacet

 facet normal -0.00647438271 0.125469044 0.992076516
  outer loop
  vertex -0.00528717693 0.00799807906 0.0390919782
  vertex -0.00401185639 0.00863413606 0.0390198566
  vertex -0.00528717693 0.00863413606 0.0390115343
  endloop
 endfacet

 facet normal -0.00644446118 0.157540262 0.987491548
  outer loop
  vertex -0.00528717693 0.00863413606 0.0390115343
  vertex -0.00401185639 0.00863413606 0.0390198566
  vertex -0.00401185639 0.0094861025 0.0388839394
  endloop
 endfacet

 facet normal -0.0192652233 0.176232904 0.984159946
  outer loop
  vertex -0.00528717693 0.00863413606 0.0390115343
  vertex -0.00401185639 0.0094861025 0.0388839394
  vertex -0.00528717693 0.0094861025 0.0388589725
  endloop
 endfacet

 facet normal -0.0192615092 0.17728965 0.983970284
  outer loop
  vertex -0.00528717693 0.0094861025 0.0388589725
  vertex -0.00401185639 0.0094861025 0.0388839394
  vertex -0.00528572127 0.0107640522 0.0386287458
  endloop
 endfacet

 facet normal -0.0106225321 0.219120234 0.975639999
  outer loop
  vertex -0.00528572127 0.0107640522 0.0386287458
  vertex -0.00401185639 0.0107640522 0.0386426151
  vertex -0.00528572127 0.0120361671 0.0383430384
  endloop
 endfacet

 facet normal -0.182756752 0.215442002 0.95926255
  outer loop
  vertex -0.00528572127 0.0107640522 0.0386287458
  vertex -0.00528572127 0.0120361671 0.0383430384
  vertex -0.00594371744 0.0139851859 0.0377799459
  endloop
 endfacet

 facet normal -0.0106980605 0.185547516 0.982577085
  outer loop
  vertex -0.00528572127 0.0107640522 0.0386287458
  vertex -0.00401185639 0.0094861025 0.0388839394
  vertex -0.00401185639 0.0107640522 0.0386426151
  endloop
 endfacet

 facet normal -0.0378077105 0.265559137 0.963353038
  outer loop
  vertex -0.00594371744 0.0139851859 0.0377799459
  vertex -0.00528572127 0.0120361671 0.0383430384
  vertex -0.00528572127 0.0133141158 0.0379907563
  endloop
 endfacet

 facet normal -0.0131811239 0.287890106 0.957572699
  outer loop
  vertex -0.00594371744 0.0139851859 0.0377799459
  vertex -0.00528572127 0.0133141158 0.0379907563
  vertex -0.00528572127 0.0139968563 0.0377854928
  endloop
 endfacet

 facet normal -0.0140297217 0.344759315 0.938586354
  outer loop
  vertex -0.00594371744 0.0139851859 0.0377799459
  vertex -0.00528572127 0.0139968563 0.0377854928
  vertex -0.00528572127 0.014638749 0.0375497155
  endloop
 endfacet

 facet normal -0.0255778246 0.35495767 0.934532404
  outer loop
  vertex -0.00594371744 0.0139851859 0.0377799459
  vertex -0.00528572127 0.014638749 0.0375497155
  vertex -0.00528572127 0.0158583447 0.0370864831
  endloop
 endfacet

 facet normal -0.104646161 0.377396882 0.920119941
  outer loop
  vertex -0.00594371744 0.0139851859 0.0377799459
  vertex -0.00528572127 0.0158583447 0.0370864831
  vertex -0.00528572127 0.0168795362 0.0366676301
  endloop
 endfacet

 facet normal -0.126638606 0.380793005 0.915947199
  outer loop
  vertex -0.00594371744 0.0139851859 0.0377799459
  vertex -0.00528572127 0.0168795362 0.0366676301
  vertex -0.00607299153 0.016751159 0.0366121568
  endloop
 endfacet

 facet normal -0.695847631 0.251497239 0.672714829
  outer loop
  vertex -0.00594371744 0.0139851859 0.0377799459
  vertex -0.00607299153 0.016751159 0.0366121568
  vertex -0.00622405345 0.0158583447 0.0367896818
  endloop
 endfacet

 facet normal -0.728852391 0.231550798 0.644327998
  outer loop
  vertex -0.00594371744 0.0139851859 0.0377799459
  vertex -0.00622405345 0.0158583447 0.0367896818
  vertex -0.00606863247 0.0133141158 0.037879806
  endloop
 endfacet

 facet normal -0.814767063 0.185579821 0.54928565
  outer loop
  vertex -0.00606863247 0.0133141158 0.037879806
  vertex -0.00622405345 0.0158583447 0.0367896818
  vertex -0.00624003028 0.0120361671 0.038057331
  endloop
 endfacet

 facet normal -0.914696634 0.130661026 0.382436752
  outer loop
  vertex -0.00624003028 0.0120361671 0.038057331
  vertex -0.00622405345 0.0158583447 0.0367896818
  vertex -0.00644483697 0.0133141158 0.0371308662
  endloop
 endfacet

 facet normal -0.920677364 0.121388838 0.370968997
  outer loop
  vertex -0.00624003028 0.0120361671 0.038057331
  vertex -0.00644483697 0.0133141158 0.0371308662
  vertex -0.00661333138 0.0120361671 0.0371308662
  endloop
 endfacet

 facet normal -0.924569488 0.0799206942 0.372537225
  outer loop
  vertex -0.00624003028 0.0120361671 0.038057331
  vertex -0.00661333138 0.0120361671 0.0371308662
  vertex -0.00629522698 0.0107640522 0.0381932482
  endloop
 endfacet

 facet normal -0.98925823 0.0451816879 0.13902095
  outer loop
  vertex -0.00667143194 0.0107640522 0.0371308662
  vertex -0.00661333138 0.0120361671 0.0371308662
  vertex -0.0066757868 0.0145862298 0.03585767
  endloop
 endfacet

 facet normal -0.998232603 0.0177543499 0.0567138419
  outer loop
  vertex -0.00667143194 0.0107640522 0.0371308662
  vertex -0.0066757868 0.0145862298 0.03585767
  vertex -0.00806730799 0.0158641804 0.0109651377
  endloop
 endfacet

 facet normal -0.998504579 0.00567446882 0.0543737859
  outer loop
  vertex -0.00667143194 0.0107640522 0.0371308662
  vertex -0.00806730799 0.0158641804 0.0109651377
  vertex -0.00807457045 0.0145862298 0.0109651377
  endloop
 endfacet

 facet normal -0.998544931 0.00226869318 0.0538784489
  outer loop
  vertex -0.00667143194 0.0107640522 0.0371308662
  vertex -0.00807457045 0.0145862298 0.0109651377
  vertex -0.00667433534 0.0094861025 0.0371308662
  endloop
 endfacet

 facet normal -0.926423073 0.122146398 0.356118679
  outer loop
  vertex -0.00661333138 0.0120361671 0.0371308662
  vertex -0.00644483697 0.0133141158 0.0371308662
  vertex -0.00659880647 0.0158583447 0.03585767
  endloop
 endfacet

 facet normal -0.984064519 0.0595496744 0.167543575
  outer loop
  vertex -0.00661333138 0.0120361671 0.0371308662
  vertex -0.00659880647 0.0158583447 0.03585767
  vertex -0.0066757868 0.0145862298 0.03585767
  endloop
 endfacet

 facet normal -0.998571157 0 0.0534376428
  outer loop
  vertex -0.00667433534 0.0094861025 0.0371308662
  vertex -0.00807457045 0.0145862298 0.0109651377
  vertex -0.00807457045 -0.0211088248 0.0109651377
  endloop
 endfacet

 facet normal -0.998571157 0 0.0534376428
  outer loop
  vertex -0.00667433534 0.0094861025 0.0371308662
  vertex -0.00807457045 -0.0211088248 0.0109651377
  vertex -0.00667433534 -0.000696645409 0.0371308662
  endloop
 endfacet

 facet normal -0.998365819 -0.00453656912 0.0569656901
  outer loop
  vertex -0.00667433534 -0.000696645409 0.0371308662
  vertex -0.00807457045 -0.0211088248 0.0109651377
  vertex -0.00666852808 -0.00197459571 0.0371308662
  endloop
 endfacet

 facet normal -0.997354329 -0.0216214117 0.0694049746
  outer loop
  vertex -0.00666852808 -0.00197459571 0.0371308662
  vertex -0.00807457045 -0.0211088248 0.0109651377
  vertex -0.00667433534 -0.00580260903 0.0358548947
  endloop
 endfacet

 facet normal -0.987612188 -0.0482692569 0.149306342
  outer loop
  vertex -0.00666852808 -0.00197459571 0.0371308662
  vertex -0.00667433534 -0.00580260903 0.0358548947
  vertex -0.00660606893 -0.00325254607 0.0371308662
  endloop
 endfacet

 facet normal -0.980132043 -0.0671474189 0.18663466
  outer loop
  vertex -0.00660606893 -0.00325254607 0.0371308662
  vertex -0.00667433534 -0.00580260903 0.0358548947
  vertex -0.0065871845 -0.00707472209 0.0358548947
  endloop
 endfacet

 facet normal -0.917600095 -0.129943401 0.375665843
  outer loop
  vertex -0.00660606893 -0.00325254607 0.0371308662
  vertex -0.0065871845 -0.00707472209 0.0358548947
  vertex -0.00621243194 -0.00707472209 0.0367702655
  endloop
 endfacet

 facet normal -0.917081535 -0.130007178 0.376908004
  outer loop
  vertex -0.00660606893 -0.00325254607 0.0371308662
  vertex -0.00621243194 -0.00707472209 0.0367702655
  vertex -0.00622986397 -0.00325254607 0.0380462334
  endloop
 endfacet

 facet normal -0.921622753 -0.0845071301 0.378774405
  outer loop
  vertex -0.00660606893 -0.00325254607 0.0371308662
  vertex -0.00622986397 -0.00325254607 0.0380462334
  vertex -0.00629232358 -0.00197459571 0.038179379
  endloop
 endfacet

 facet normal -0.0106112761 -0.218167424 0.975853622
  outer loop
  vertex -0.00528717693 -0.00197459571 0.0386065543
  vertex -0.00528717693 -0.00325254607 0.0383208469
  vertex -0.00401185639 -0.00197459571 0.0386204198
  endloop
 endfacet

 facet normal -0.0106801381 -0.187605798 0.982186317
  outer loop
  vertex -0.00528717693 -0.00197459571 0.0386065543
  vertex -0.00401185639 -0.00197459571 0.0386204198
  vertex -0.00401185639 -0.000696645409 0.0388645194
  endloop
 endfacet

 facet normal -0.0192542542 -0.179334611 0.983599663
  outer loop
  vertex -0.00528717693 -0.00197459571 0.0386065543
  vertex -0.00401185639 -0.000696645409 0.0388645194
  vertex -0.00528717693 -0.000696645409 0.0388395563
  endloop
 endfacet

 facet normal -0.184447557 -0.214436263 0.959164321
  outer loop
  vertex -0.00528717693 -0.00197459571 0.0386065543
  vertex -0.00592483347 -0.00516071729 0.0377716236
  vertex -0.00528717693 -0.00325254607 0.0383208469
  endloop
 endfacet

 facet normal -0.0192653611 -0.176194191 0.98416698
  outer loop
  vertex -0.00528717693 -0.000696645409 0.0388395563
  vertex -0.00401185639 -0.000696645409 0.0388645194
  vertex -0.00528717693 0.000202002935 0.0390004404
  endloop
 endfacet

 facet normal -0.00858551729 -0.161442876 0.986844838
  outer loop
  vertex -0.00528717693 0.000202002935 0.0390004404
  vertex -0.00401185639 -0.000696645409 0.0388645194
  vertex -0.00401185639 0.000202002935 0.0390115343
  endloop
 endfacet

 facet normal -0.00861763861 -0.136975944 0.990536988
  outer loop
  vertex -0.00528717693 0.000202002935 0.0390004404
  vertex -0.00401185639 0.000202002935 0.0390115343
  vertex -0.00528717693 0.000843895832 0.0390892029
  endloop
 endfacet

 facet normal -0.792932034 -0.196191669 0.57686013
  outer loop
  vertex -0.00622986397 -0.00325254607 0.0380462334
  vertex -0.00621243194 -0.00707472209 0.0367702655
  vertex -0.00604829658 -0.0045246589 0.0378631614
  endloop
 endfacet

 facet normal -0.719827056 -0.233786091 0.653600156
  outer loop
  vertex -0.00604829658 -0.0045246589 0.0378631614
  vertex -0.00621243194 -0.00707472209 0.0367702655
  vertex -0.00592483347 -0.00516071729 0.0377716236
  endloop
 endfacet

 facet normal -0.0125556914 -0.27269882 0.962017477
  outer loop
  vertex -0.00592483347 -0.00516071729 0.0377716236
  vertex -0.00528717693 -0.0045246589 0.0379602462
  vertex -0.00528717693 -0.00325254607 0.0383208469
  endloop
 endfacet

 facet normal -0.671547115 -0.261752218 0.693188548
  outer loop
  vertex -0.00592483347 -0.00516071729 0.0377716236
  vertex -0.00621243194 -0.00707472209 0.0367702655
  vertex -0.00605846662 -0.00793252606 0.0365955122
  endloop
 endfacet

 facet normal -0.114176795 -0.383380353 0.916505992
  outer loop
  vertex -0.00592483347 -0.00516071729 0.0377716236
  vertex -0.00605846662 -0.00793252606 0.0365955122
  vertex -0.00528717693 -0.00707472209 0.0370504223
  endloop
 endfacet

 facet normal -0.0195200238 -0.358222961 0.933432043
  outer loop
  vertex -0.00592483347 -0.00516071729 0.0377716236
  vertex -0.00528717693 -0.00707472209 0.0370504223
  vertex -0.00528717693 -0.00580260903 0.0375386216
  endloop
 endfacet

 facet normal 0 -0.228230268 0.973607183
  outer loop
  vertex -0.00401185639 -0.00197459571 0.0386204198
  vertex -0.00528717693 -0.00325254607 0.0383208469
  vertex -0.00273653981 -0.00325254607 0.0383208469
  endloop
 endfacet

 facet normal 0 -0.272720337 0.962093353
  outer loop
  vertex -0.00273653981 -0.00325254607 0.0383208469
  vertex -0.00528717693 -0.00325254607 0.0383208469
  vertex -0.00528717693 -0.0045246589 0.0379602462
  endloop
 endfacet

 facet normal 0 -0.272720337 0.962093353
  outer loop
  vertex -0.00273653981 -0.00325254607 0.0383208469
  vertex -0.00528717693 -0.0045246589 0.0379602462
  vertex -0.00273653981 -0.0045246589 0.0379602462
  endloop
 endfacet

 facet normal 0 -0.358291209 0.933609903
  outer loop
  vertex -0.00273653981 -0.00580260903 0.0375386216
  vertex -0.00528717693 -0.00580260903 0.0375386216
  vertex -0.00528717693 -0.00707472209 0.0370504223
  endloop
 endfacet

 facet normal 0 -0.358291209 0.933609903
  outer loop
  vertex -0.00273653981 -0.00580260903 0.0375386216
  vertex -0.00528717693 -0.00707472209 0.0370504223
  vertex -0.00273653981 -0.00707472209 0.0370504223
  endloop
 endfacet

 facet normal 0 -0.387711018 0.921781003
  outer loop
  vertex -0.00273653981 -0.00707472209 0.0370504223
  vertex -0.00528717693 -0.00707472209 0.0370504223
  vertex -0.00528717693 -0.00803756248 0.0366454422
  endloop
 endfacet

 facet normal 0 -0.387711018 0.921781003
  outer loop
  vertex -0.00273653981 -0.00707472209 0.0370504223
  vertex -0.00528717693 -0.00803756248 0.0366454422
  vertex -0.00273653981 -0.00803756248 0.0366454422
  endloop
 endfacet

 facet normal 0.11012809 -0.385352731 0.916174173
  outer loop
  vertex -0.00273653981 -0.00707472209 0.0370504223
  vertex -0.00273653981 -0.00803756248 0.0366454422
  vertex -0.00195362861 -0.00793252606 0.0365955122
  endloop
 endfacet

 facet normal 0.114110641 -0.423310488 0.898769796
  outer loop
  vertex -0.00195362861 -0.00793252606 0.0365955122
  vertex -0.00273653981 -0.00803756248 0.0366454422
  vertex -0.00273653981 -0.00867361948 0.0363458656
  endloop
 endfacet

 facet normal 0.135806888 -0.442134142 0.886608064
  outer loop
  vertex -0.00195362861 -0.00793252606 0.0365955122
  vertex -0.00273653981 -0.00867361948 0.0363458656
  vertex -0.00273653981 -0.00962478761 0.0358715355
  endloop
 endfacet

 facet normal 0.142911196 -0.44444716 0.884332061
  outer loop
  vertex -0.00195362861 -0.00793252606 0.0365955122
  vertex -0.00273653981 -0.00962478761 0.0358715355
  vertex -0.0019492734 -0.0104534114 0.0353278629
  endloop
 endfacet

 facet normal 0.585065722 -0.36353296 0.724942684
  outer loop
  vertex -0.00195362861 -0.00793252606 0.0365955122
  vertex -0.0019492734 -0.0104534114 0.0353278629
  vertex -0.00103853981 -0.0107743582 0.0344319083
  endloop
 endfacet

 facet normal 0.706379831 -0.270530283 0.65409559
  outer loop
  vertex -0.00195362861 -0.00793252606 0.0365955122
  vertex -0.00103853981 -0.0107743582 0.0344319083
  vertex -0.00178949349 -0.00707472209 0.0367730409
  endloop
 endfacet

 facet normal 0.804049551 -0.192719534 0.562461972
  outer loop
  vertex -0.00178949349 -0.00707472209 0.0367730409
  vertex -0.00103853981 -0.0107743582 0.0344319083
  vertex -0.00103853981 -0.00962478761 0.0348257944
  endloop
 endfacet

 facet normal 0.56867528 -0.397160381 0.720327735
  outer loop
  vertex -0.00103853981 -0.0107743582 0.0344319083
  vertex -0.0019492734 -0.0104534114 0.0353278629
  vertex -0.00103853981 -0.0132193863 0.0330838189
  endloop
 endfacet

 facet normal 0.411539048 -0.543396831 0.731679916
  outer loop
  vertex -0.00103853981 -0.0132193863 0.0330838189
  vertex -0.00207854761 -0.0128342509 0.0339548066
  vertex -0.00192457845 -0.0142639205 0.0328064337
  endloop
 endfacet

 facet normal 0.464917123 -0.573492467 0.674506128
  outer loop
  vertex -0.00103853981 -0.0132193863 0.0330838189
  vertex -0.00192457845 -0.0142639205 0.0328064337
  vertex -0.00103853981 -0.0143514508 0.0321212895
  endloop
 endfacet

 facet normal 0.462858438 -0.461573601 0.756777287
  outer loop
  vertex -0.00103853981 -0.0132193863 0.0330838189
  vertex -0.0019492734 -0.0104534114 0.0353278629
  vertex -0.00207854761 -0.0128342509 0.0339548066
  endloop
 endfacet

 facet normal 0.46277982 -0.577803731 0.672292888
  outer loop
  vertex -0.00103853981 -0.0143514508 0.0321212895
  vertex -0.00192457845 -0.0142639205 0.0328064337
  vertex -0.00187809963 -0.0156177301 0.0316109024
  endloop
 endfacet

 facet normal 0.495007008 -0.586566329 0.641021132
  outer loop
  vertex -0.00103853981 -0.0143514508 0.0321212895
  vertex -0.00187809963 -0.0156177301 0.0316109024
  vertex -0.00103853981 -0.0145848654 0.0319077037
  endloop
 endfacet

 facet normal 0.505940318 -0.591624856 0.627697706
  outer loop
  vertex -0.00103853981 -0.0145848654 0.0319077037
  vertex -0.00187809963 -0.0156177301 0.0316109024
  vertex -0.00186502631 -0.0169073474 0.0303848609
  endloop
 endfacet

 facet normal 0.511685371 -0.590995789 0.623620272
  outer loop
  vertex -0.00103853981 -0.0145848654 0.0319077037
  vertex -0.00186502631 -0.0169073474 0.0303848609
  vertex -0.000197528192 -0.0272593275 0.0192062464
  endloop
 endfacet

 facet normal 0.00292017823 -0.74451679 0.667597413
  outer loop
  vertex -0.000197528192 -0.0272593275 0.0192062464
  vertex -0.00273653981 -0.0182728283 0.0292392615
  vertex -0.00146558229 -0.0272593275 0.0192117933
  endloop
 endfacet

 facet normal 0.00142638478 -0.94533664 0.326093346
  outer loop
  vertex -0.000197528192 -0.0272593275 0.0192062464
  vertex -0.00146558229 -0.0272593275 0.0192117933
  vertex -0.000197528192 -0.0276736375 0.0180051681
  endloop
 endfacet

 facet normal 0.221462652 -0.698805511 0.680165648
  outer loop
  vertex -0.000197528192 -0.0272593275 0.0192062464
  vertex -0.00186502631 -0.0169073474 0.0303848609
  vertex -0.00273653981 -0.0176776182 0.0298772473
  endloop
 endfacet

 facet normal 0.107037708 -0.726993442 0.678250313
  outer loop
  vertex -0.000197528192 -0.0272593275 0.0192062464
  vertex -0.00273653981 -0.0176776182 0.0298772473
  vertex -0.00273653981 -0.0182728283 0.0292392615
  endloop
 endfacet

 facet normal 0.000711968343 -0.945568562 0.325422227
  outer loop
  vertex -0.000197528192 -0.0276736375 0.0180051681
  vertex -0.00146558229 -0.0272593275 0.0192117933
  vertex -0.00146558229 -0.0276736375 0.0180079434
  endloop
 endfacet

 facet normal 0 -0.94556874 0.325422257
  outer loop
  vertex -0.00146558229 -0.0276736375 0.0180079434
  vertex -0.00146558229 -0.0272593275 0.0192117933
  vertex -0.00401040493 -0.0272593275 0.0192117933
  endloop
 endfacet

 facet normal 0 -0.94556874 0.325422257
  outer loop
  vertex -0.00146558229 -0.0276736375 0.0180079434
  vertex -0.00401040493 -0.0272593275 0.0192117933
  vertex -0.00401040493 -0.0276736375 0.0180079434
  endloop
 endfacet

 facet normal -0.0137273725 -0.999905229 0.00106922782
  outer loop
  vertex -0.00400895299 -0.0276794713 0.012571197
  vertex -0.00401040493 -0.0276736375 0.0180079434
  vertex -0.00528572127 -0.0276561305 0.0180079434
  endloop
 endfacet

 facet normal -0.0137273725 -0.999905229 0.00106922782
  outer loop
  vertex -0.00400895299 -0.0276794713 0.012571197
  vertex -0.00528572127 -0.0276561305 0.0180079434
  vertex -0.00528426981 -0.0276619643 0.012571197
  endloop
 endfacet

 facet normal -0.0137273818 -0.999905884 0
  outer loop
  vertex -0.00400895299 -0.0276794713 0.012571197
  vertex -0.00528426981 -0.0276619643 0.012571197
  vertex -0.00528426981 -0.0276619643 0.0109651377
  endloop
 endfacet

 facet normal -0.0137273818 -0.999905884 0
  outer loop
  vertex -0.00400895299 -0.0276794713 0.012571197
  vertex -0.00528426981 -0.0276619643 0.0109651377
  vertex -0.00400895299 -0.0276794713 0.0109651377
  endloop
 endfacet

 facet normal 0 0 -1
  outer loop
  vertex 0.00676442543 -0.0276794713 0.0109651377
  vertex -0.00400895299 -0.0276794713 0.0109651377
  vertex -0.00528426981 -0.0276619643 0.0109651377
  endloop
 endfacet

 facet normal 0 0 -1
  outer loop
  vertex 0.00676442543 -0.0276794713 0.0109651377
  vertex -0.00528426981 -0.0276619643 0.0109651377
  vertex -0.00581589527 -0.0274460558 0.0109651377
  endloop
 endfacet

 facet normal 0 0 -1
  outer loop
  vertex 0.00676442543 -0.0276794713 0.0109651377
  vertex -0.00581589527 -0.0274460558 0.0109651377
  vertex -0.00629958604 -0.0272476524 0.0109651377
  endloop
 endfacet

 facet normal 0 0 -1
  outer loop
  vertex 0.00676442543 -0.0276794713 0.0109651377
  vertex -0.00629958604 -0.0272476524 0.0109651377
  vertex -0.00668740878 -0.0262089558 0.0109651377
  endloop
 endfacet

 facet normal 0 0 -1
  outer loop
  vertex 0.00676442543 -0.0276794713 0.0109651377
  vertex -0.00668740878 -0.0262089558 0.0109651377
  vertex -0.00799468253 -0.0223809425 0.0109651377
  endloop
 endfacet

 facet normal 0 0 -1
  outer loop
  vertex 0.00676442543 -0.0276794713 0.0109651377
  vertex -0.00799468253 -0.0223809425 0.0109651377
  vertex -0.00802663621 -0.0221358556 0.0109651377
  endloop
 endfacet

 facet normal 0 0 -1
  outer loop
  vertex 0.00676442543 -0.0276794713 0.0109651377
  vertex -0.00802663621 -0.0221358556 0.0109651377
  vertex -0.00807457045 -0.0211088248 0.0109651377
  endloop
 endfacet

 facet normal 0 0 -1
  outer loop
  vertex 0.00676442543 -0.0276794713 0.0109651377
  vertex -0.00807457045 -0.0211088248 0.0109651377
  vertex -0.00807457045 0.0145862298 0.0109651377
  endloop
 endfacet

 facet normal 0 0 -1
  outer loop
  vertex 0.00676442543 -0.0276794713 0.0109651377
  vertex -0.00807457045 0.0145862298 0.0109651377
  vertex -0.00806730799 0.0158641804 0.0109651377
  endloop
 endfacet

 facet normal 0 0 -1
  outer loop
  vertex 0.00676442543 -0.0276794713 0.0109651377
  vertex -0.00806730799 0.0158641804 0.0109651377
  vertex -0.00667288341 0.0298866145 0.0109651377
  endloop
 endfacet

 facet normal 0 0 -1
  outer loop
  vertex 0.00676442543 -0.0276794713 0.0109651377
  vertex -0.00667288341 0.0298866145 0.0109651377
  vertex -0.00639399933 0.0311645623 0.0109651377
  endloop
 endfacet

 facet normal 0 0 -1
  outer loop
  vertex 0.00676442543 -0.0276794713 0.0109651377
  vertex -0.00639399933 0.0311645623 0.0109651377
  vertex -0.00601779483 0.0318589732 0.0109651377
  endloop
 endfacet

 facet normal 0 0 -1
  outer loop
  vertex 0.00676442543 -0.0276794713 0.0109651377
  vertex -0.00601779483 0.0318589732 0.0109651377
  vertex -0.00528426981 0.0319173262 0.0109651377
  endloop
 endfacet

 facet normal 0 0 -1
  outer loop
  vertex 0.00676442543 -0.0276794713 0.0109651377
  vertex -0.00528426981 0.0319173262 0.0109651377
  vertex 0.00676442543 0.0319173262 0.0109651377
  endloop
 endfacet

 facet normal 0 0.999993324 -0.00363340508
  outer loop
  vertex 0.00676442543 0.0319173262 0.0109651377
  vertex -0.00528426981 0.0319173262 0.0109651377
  vertex -0.00528572127 0.0319231637 0.012571197
  endloop
 endfacet

 facet normal 0 0.999993324 -0.00363340508
  outer loop
  vertex 0.00676442543 0.0319173262 0.0109651377
  vertex -0.00528572127 0.0319231637 0.012571197
  vertex -0.000117640149 0.0319231637 0.012571197
  endloop
 endfacet

 facet normal 0.000340485334 0.999997556 -0.00217441912
  outer loop
  vertex 0.00676442543 0.0319173262 0.0109651377
  vertex -0.000117640149 0.0319231637 0.012571197
  vertex -0.000117640149 0.031934835 0.0179385971
  endloop
 endfacet

 facet normal 0 1 0
  outer loop
  vertex -0.000117640149 0.031934835 0.0180079434
  vertex -0.000117640149 0.031934835 0.0179385971
  vertex -0.00528572127 0.031934835 0.0180079434
  endloop
 endfacet

 facet normal 0 0.997077227 0.07640066
  outer loop
  vertex -0.000117640149 0.031934835 0.0180079434
  vertex -0.00528572127 0.031934835 0.0180079434
  vertex -0.00528572127 0.0318706445 0.0188456457
  endloop
 endfacet

 facet normal 0 0.997077227 0.07640066
  outer loop
  vertex -0.000117640149 0.031934835 0.0180079434
  vertex -0.00528572127 0.0318706445 0.0188456457
  vertex -0.000117640149 0.0318706445 0.0188456457
  endloop
 endfacet

 facet normal 0 0.932921767 0.360079229
  outer loop
  vertex -0.000117640149 0.0318706445 0.0188456457
  vertex -0.00528572127 0.0318706445 0.0188456457
  vertex -0.00401185639 0.0287487134 0.0269341916
  endloop
 endfacet

 facet normal 0.00852460321 0.931502342 0.36363548
  outer loop
  vertex -0.000117640149 0.0318706445 0.0188456457
  vertex -0.00401185639 0.0287487134 0.0269341916
  vertex -0.00273653981 0.0287370421 0.0269341916
  endloop
 endfacet

 facet normal 0.175365135 0.897564113 0.404506862
  outer loop
  vertex -0.000117640149 0.0318706445 0.0188456457
  vertex -0.00273653981 0.0287370421 0.0269341916
  vertex -0.00189117296 0.028176846 0.0278107282
  endloop
 endfacet

 facet normal 0.164772153 0.895511746 0.413411379
  outer loop
  vertex -0.00189117296 0.028176846 0.0278107282
  vertex -0.00273653981 0.0287370421 0.0269341916
  vertex -0.00273653981 0.0282760467 0.027932778
  endloop
 endfacet

 facet normal 0.179767609 0.75267905 0.63337028
  outer loop
  vertex -0.00189117296 0.028176846 0.0278107282
  vertex -0.00273653981 0.0282760467 0.027932778
  vertex -0.00273653981 0.0277391914 0.0285707619
  endloop
 endfacet

 facet normal 0.199598074 0.736621559 0.64618063
  outer loop
  vertex -0.00189117296 0.028176846 0.0278107282
  vertex -0.00273653981 0.0277391914 0.0285707619
  vertex -0.00273653981 0.0271089692 0.0292891916
  endloop
 endfacet

 facet normal 0.22377944 0.724873722 0.65152204
  outer loop
  vertex -0.00189117296 0.028176846 0.0278107282
  vertex -0.00273653981 0.0271089692 0.0292891916
  vertex -0.00185486022 0.0269689206 0.0291421767
  endloop
 endfacet

 facet normal 0.224132448 0.707891464 0.669816732
  outer loop
  vertex -0.00185486022 0.0269689206 0.0291421767
  vertex -0.00273653981 0.0271089692 0.0292891916
  vertex -0.00273653981 0.0265079252 0.029924402
  endloop
 endfacet

 facet normal 0.240301162 0.693276763 0.67942822
  outer loop
  vertex -0.00185486022 0.0269689206 0.0291421767
  vertex -0.00273653981 0.0265079252 0.029924402
  vertex -0.00185195298 0.0257201474 0.0304153748
  endloop
 endfacet

 facet normal 0.550716341 0.596533358 0.583831847
  outer loop
  vertex -0.00185486022 0.0269689206 0.0291421767
  vertex -0.00185195298 0.0257201474 0.0304153748
  vertex -0.000865690352 0.0233626515 0.0318938382
  endloop
 endfacet

 facet normal 0.617262661 0.57722348 0.534602642
  outer loop
  vertex -0.00185486022 0.0269689206 0.0291421767
  vertex -0.000865690352 0.0233626515 0.0318938382
  vertex -0.000865690352 0.024588082 0.0305707101
  endloop
 endfacet

 facet normal 0.483117282 0.601259589 0.636462569
  outer loop
  vertex -0.000865690352 0.0233626515 0.0318938382
  vertex -0.00185195298 0.0257201474 0.0304153748
  vertex -0.00186211895 0.024436364 0.0316358693
  endloop
 endfacet

 facet normal 0.459949702 0.586929083 0.666303635
  outer loop
  vertex -0.000865690352 0.0233626515 0.0318938382
  vertex -0.00186211895 0.024436364 0.0316358693
  vertex -0.000865690352 0.0223297887 0.0328036584
  endloop
 endfacet

 facet normal 0.446580172 0.586040616 0.676108479
  outer loop
  vertex -0.000865690352 0.0223297887 0.0328036584
  vertex -0.00186211895 0.024436364 0.0316358693
  vertex -0.00189552829 0.0230825525 0.0328313969
  endloop
 endfacet

 facet normal 0.437651455 0.573212504 0.692740083
  outer loop
  vertex -0.000865690352 0.0223297887 0.0328036584
  vertex -0.00189552829 0.0230825525 0.0328313969
  vertex -0.000865690352 0.0220146775 0.0330643989
  endloop
 endfacet

 facet normal 0.401003301 0.547047555 0.734802961
  outer loop
  vertex -0.000865690352 0.0220146775 0.0330643989
  vertex -0.00189552829 0.0230825525 0.0328313969
  vertex -0.00204658997 0.0216470473 0.0339825451
  endloop
 endfacet

 facet normal 0.450270116 0.46196121 0.764100015
  outer loop
  vertex -0.000865690352 0.0220146775 0.0330643989
  vertex -0.00204658997 0.0216470473 0.0339825451
  vertex -0.00193184102 0.0192778818 0.0353472792
  endloop
 endfacet

 facet normal 0.547511518 0.399868965 0.735075474
  outer loop
  vertex -0.000865690352 0.0220146775 0.0330643989
  vertex -0.00193184102 0.0192778818 0.0353472792
  vertex -0.000865690352 0.0198322423 0.034251608
  endloop
 endfacet

 facet normal 0.566541255 0.36782977 0.737382054
  outer loop
  vertex -0.000865690352 0.0198322423 0.034251608
  vertex -0.00193184102 0.0192778818 0.0353472792
  vertex -0.00193765177 0.016751159 0.0366121568
  endloop
 endfacet

 facet normal 0.629991293 0.322184414 0.706617475
  outer loop
  vertex -0.000865690352 0.0198322423 0.034251608
  vertex -0.00193765177 0.016751159 0.0366121568
  vertex -0.000865690352 0.0195463095 0.0343819819
  endloop
 endfacet

 facet normal 0.69783926 0.263709664 0.665941119
  outer loop
  vertex -0.000865690352 0.0195463095 0.0343819819
  vertex -0.00193765177 0.016751159 0.0366121568
  vertex -0.00177496835 0.0158583447 0.0367952287
  endloop
 endfacet

 facet normal 0 0.28791517 0.957655907
  outer loop
  vertex -0.00273653981 0.0139968563 0.0377854928
  vertex -0.00528572127 0.0139968563 0.0377854928
  vertex -0.00528572127 0.0133141158 0.0379907563
  endloop
 endfacet

 facet normal 0 0.28791517 0.957655907
  outer loop
  vertex -0.00273653981 0.0139968563 0.0377854928
  vertex -0.00528572127 0.0133141158 0.0379907563
  vertex -0.00273653981 0.0133141158 0.0379907563
  endloop
 endfacet

 facet normal 0 0.33761394 0.941284776
  outer loop
  vertex -0.00273653981 0.0139968563 0.0377854928
  vertex -0.00273653981 0.014638749 0.0375552662
  vertex -0.00401185639 0.014638749 0.0375552662
  endloop
 endfacet

 facet normal 0 0.33761394 0.941284776
  outer loop
  vertex -0.00273653981 0.0139968563 0.0377854928
  vertex -0.00401185639 0.014638749 0.0375552662
  vertex -0.00528572127 0.0139968563 0.0377854928
  endloop
 endfacet

 facet normal 0 0.265749156 0.964042306
  outer loop
  vertex -0.00273653981 0.0133141158 0.0379907563
  vertex -0.00528572127 0.0133141158 0.0379907563
  vertex -0.00528572127 0.0120361671 0.0383430384
  endloop
 endfacet

 facet normal 0 0.265749156 0.964042306
  outer loop
  vertex -0.00273653981 0.0133141158 0.0379907563
  vertex -0.00528572127 0.0120361671 0.0383430384
  vertex -0.00273653981 0.0120361671 0.0383430384
  endloop
 endfacet

 facet normal 0 0.229223698 0.973373771
  outer loop
  vertex -0.00273653981 0.0120361671 0.0383430384
  vertex -0.00528572127 0.0120361671 0.0383430384
  vertex -0.00401185639 0.0107640522 0.0386426151
  endloop
 endfacet

 facet normal 0.156107515 0.441866934 0.883393526
  outer loop
  vertex -0.00193765177 0.016751159 0.0366121568
  vertex -0.00193184102 0.0192778818 0.0353472792
  vertex -0.00273653981 0.0184142441 0.0359214656
  endloop
 endfacet

 facet normal 0.1450928 0.438126147 0.887126565
  outer loop
  vertex -0.00193765177 0.016751159 0.0366121568
  vertex -0.00273653981 0.0184142441 0.0359214656
  vertex -0.00273653981 0.0175155941 0.0363652855
  endloop
 endfacet

 facet normal 0.130577967 0.425636619 0.895423353
  outer loop
  vertex -0.00193765177 0.016751159 0.0366121568
  vertex -0.00273653981 0.0175155941 0.0363652855
  vertex -0.00273653981 0.0168795362 0.0366676301
  endloop
 endfacet

 facet normal 0.124811217 0.380768865 0.916208148
  outer loop
  vertex -0.00193765177 0.016751159 0.0366121568
  vertex -0.00273653981 0.0168795362 0.0366676301
  vertex -0.00273653981 0.0158583447 0.03709203
  endloop
 endfacet

 facet normal 0 0.355075121 0.934837759
  outer loop
  vertex -0.00273653981 0.0158583447 0.03709203
  vertex -0.00401185639 0.0158583447 0.03709203
  vertex -0.00401185639 0.014638749 0.0375552662
  endloop
 endfacet

 facet normal 0 0.355075121 0.934837759
  outer loop
  vertex -0.00273653981 0.0158583447 0.03709203
  vertex -0.00401185639 0.014638749 0.0375552662
  vertex -0.00273653981 0.014638749 0.0375552662
  endloop
 endfacet

 facet normal 0 0.383769721 0.923428893
  outer loop
  vertex -0.00273653981 0.0158583447 0.03709203
  vertex -0.00273653981 0.0168795362 0.0366676301
  vertex -0.00528572127 0.0168795362 0.0366676301
  endloop
 endfacet

 facet normal 0 0.383769721 0.923428893
  outer loop
  vertex -0.00273653981 0.0158583447 0.03709203
  vertex -0.00528572127 0.0168795362 0.0366676301
  vertex -0.00401185639 0.0158583447 0.03709203
  endloop
 endfacet

 facet normal -0.0040885685 0.344790339 0.938670814
  outer loop
  vertex -0.00528572127 0.0139968563 0.0377854928
  vertex -0.00401185639 0.014638749 0.0375552662
  vertex -0.00528572127 0.014638749 0.0375497155
  endloop
 endfacet

 facet normal -0.00407183869 0.3550722 0.93483007
  outer loop
  vertex -0.00528572127 0.014638749 0.0375497155
  vertex -0.00401185639 0.014638749 0.0375552662
  vertex -0.00401185639 0.0158583447 0.03709203
  endloop
 endfacet

 facet normal -0.00407044683 0.355070919 0.934830546
  outer loop
  vertex -0.00528572127 0.014638749 0.0375497155
  vertex -0.00401185639 0.0158583447 0.03709203
  vertex -0.00528572127 0.0158583447 0.0370864831
  endloop
 endfacet

 facet normal -0.00402848003 0.379477382 0.925192297
  outer loop
  vertex -0.00528572127 0.0158583447 0.0370864831
  vertex -0.00401185639 0.0158583447 0.03709203
  vertex -0.00528572127 0.0168795362 0.0366676301
  endloop
 endfacet

 facet normal 0 0.419603765 0.907707393
  outer loop
  vertex -0.00528572127 0.0168795362 0.0366676301
  vertex -0.00273653981 0.0168795362 0.0366676301
  vertex -0.00401185639 0.0175155941 0.0363736041
  endloop
 endfacet

 facet normal -0.0097981384 0.435685277 0.900045812
  outer loop
  vertex -0.00528572127 0.0168795362 0.0366676301
  vertex -0.00401185639 0.0175155941 0.0363736041
  vertex -0.00528572127 0.0175155941 0.0363597348
  endloop
 endfacet

 facet normal -0.133276045 0.43181926 0.892059267
  outer loop
  vertex -0.00528572127 0.0168795362 0.0366676301
  vertex -0.00528572127 0.0175155941 0.0363597348
  vertex -0.00607299153 0.016751159 0.0366121568
  endloop
 endfacet

 facet normal -0.141064599 0.438384026 0.887648702
  outer loop
  vertex -0.00607299153 0.016751159 0.0366121568
  vertex -0.00528572127 0.0175155941 0.0363597348
  vertex -0.00528572127 0.0184142441 0.0359159186
  endloop
 endfacet

 facet normal -0.152295202 0.442140281 0.88392204
  outer loop
  vertex -0.00607299153 0.016751159 0.0366121568
  vertex -0.00528572127 0.0184142441 0.0359159186
  vertex -0.00607880251 0.0192778818 0.0353472792
  endloop
 endfacet

 facet normal -0.79080981 0.272529483 0.548039794
  outer loop
  vertex -0.00607299153 0.016751159 0.0366121568
  vertex -0.00607880251 0.0192778818 0.0353472792
  vertex -0.0062284125 0.0184142441 0.035560865
  endloop
 endfacet

 facet normal -0.830057502 0.240490958 0.503158689
  outer loop
  vertex -0.00607299153 0.016751159 0.0366121568
  vertex -0.0062284125 0.0184142441 0.035560865
  vertex -0.00622405345 0.0158583447 0.0367896818
  endloop
 endfacet

 facet normal -0.91348362 0.175032422 0.367302835
  outer loop
  vertex -0.00622405345 0.0158583447 0.0367896818
  vertex -0.0062284125 0.0184142441 0.035560865
  vertex -0.00659880647 0.0158583447 0.03585767
  endloop
 endfacet

 facet normal -0.920000732 0.129443213 0.369923234
  outer loop
  vertex -0.00622405345 0.0158583447 0.0367896818
  vertex -0.00659880647 0.0158583447 0.03585767
  vertex -0.00644483697 0.0133141158 0.0371308662
  endloop
 endfacet

 facet normal -0.990538836 0.0599414632 0.123449713
  outer loop
  vertex -0.0066757868 0.0145862298 0.03585767
  vertex -0.00659880647 0.0158583447 0.03585767
  vertex -0.00660316134 0.0184142441 0.0345816985
  endloop
 endfacet

 facet normal -0.99202919 0.0563831739 0.112689748
  outer loop
  vertex -0.0066757868 0.0145862298 0.03585767
  vertex -0.00660316134 0.0184142441 0.0345816985
  vertex -0.0066757868 0.0196921937 0.0333029516
  endloop
 endfacet

 facet normal -0.997948349 0.0286480691 0.0572572201
  outer loop
  vertex -0.0066757868 0.0145862298 0.03585767
  vertex -0.0066757868 0.0196921937 0.0333029516
  vertex -0.00806730799 0.0158641804 0.0109651377
  endloop
 endfacet

 facet normal -0.997561693 0.0433176272 0.0547192246
  outer loop
  vertex -0.00806730799 0.0158641804 0.0109651377
  vertex -0.0066757868 0.0196921937 0.0333029516
  vertex -0.00664964411 0.0235143714 0.0307537839
  endloop
 endfacet

 facet normal -0.997522771 0.0450014658 0.0540654734
  outer loop
  vertex -0.00806730799 0.0158641804 0.0109651377
  vertex -0.00664964411 0.0235143714 0.0307537839
  vertex -0.0066612619 0.0247864854 0.0294805858
  endloop
 endfacet

 facet normal -0.997350156 0.0523635671 0.0505046807
  outer loop
  vertex -0.00806730799 0.0158641804 0.0109651377
  vertex -0.0066612619 0.0247864854 0.0294805858
  vertex -0.0066583585 0.026064435 0.0282129366
  endloop
 endfacet

 facet normal -0.996989727 0.0641960949 0.0434775501
  outer loop
  vertex -0.00806730799 0.0158641804 0.0109651377
  vertex -0.0066583585 0.026064435 0.0282129366
  vertex -0.00663221162 0.027336549 0.0269341916
  endloop
 endfacet

 facet normal -0.996434152 0.0771755204 0.0341030397
  outer loop
  vertex -0.00806730799 0.0158641804 0.0109651377
  vertex -0.00663221162 0.027336549 0.0269341916
  vertex -0.0066757868 0.027336549 0.0256609935
  endloop
 endfacet

 facet normal -0.996013284 0.0846118852 0.0282579549
  outer loop
  vertex -0.00806730799 0.0158641804 0.0109651377
  vertex -0.0066757868 0.027336549 0.0256609935
  vertex -0.0066757868 0.0298924502 0.0180079434
  endloop
 endfacet

 facet normal -0.995116234 0.0987096354 0
  outer loop
  vertex -0.00806730799 0.0158641804 0.0109651377
  vertex -0.0066757868 0.0298924502 0.0180079434
  vertex -0.0066757868 0.0298924502 0.012571197
  endloop
 endfacet

 facet normal -0.99508965 0.0989541188 -0.00215850654
  outer loop
  vertex -0.00806730799 0.0158641804 0.0109651377
  vertex -0.0066757868 0.0298924502 0.012571197
  vertex -0.00667288341 0.0298866145 0.0109651377
  endloop
 endfacet

 facet normal -0.919665813 0.17414847 0.351975858
  outer loop
  vertex -0.00659880647 0.0158583447 0.03585767
  vertex -0.0062284125 0.0184142441 0.035560865
  vertex -0.00660316134 0.0184142441 0.0345816985
  endloop
 endfacet

 facet normal -0.995413899 -0.0464587659 0.0836239457
  outer loop
  vertex -0.00807457045 -0.0211088248 0.0109651377
  vertex -0.00802663621 -0.0221358556 0.0109651377
  vertex -0.00667433534 -0.0109027354 0.0333029516
  endloop
 endfacet

 facet normal -0.995896935 -0.0404943749 0.080929108
  outer loop
  vertex -0.00807457045 -0.0211088248 0.0109651377
  vertex -0.00667433534 -0.0109027354 0.0333029516
  vertex -0.00667433534 -0.00580260903 0.0358548947
  endloop
 endfacet

 facet normal -0.989676952 -0.0641305596 0.128166661
  outer loop
  vertex -0.00667433534 -0.00580260903 0.0358548947
  vertex -0.00667433534 -0.0109027354 0.0333029516
  vertex -0.00659154356 -0.00962478761 0.0345816985
  endloop
 endfacet

 facet normal -0.987983823 -0.067685321 0.138948277
  outer loop
  vertex -0.00667433534 -0.00580260903 0.0358548947
  vertex -0.00659154356 -0.00962478761 0.0345816985
  vertex -0.0065871845 -0.00707472209 0.0358548947
  endloop
 endfacet

 facet normal -0.91577667 -0.178179309 0.360007435
  outer loop
  vertex -0.0065871845 -0.00707472209 0.0358548947
  vertex -0.00659154356 -0.00962478761 0.0345816985
  vertex -0.00621533906 -0.00962478761 0.0355386771
  endloop
 endfacet

 facet normal -0.910501242 -0.178991377 0.372759581
  outer loop
  vertex -0.0065871845 -0.00707472209 0.0358548947
  vertex -0.00621533906 -0.00962478761 0.0355386771
  vertex -0.00621243194 -0.00707472209 0.0367702655
  endloop
 endfacet

 facet normal -0.812363386 -0.252860725 0.525478005
  outer loop
  vertex -0.00621243194 -0.00707472209 0.0367702655
  vertex -0.00621533906 -0.00962478761 0.0355386771
  vertex -0.00605846662 -0.00793252606 0.0365955122
  endloop
 endfacet

 facet normal -0.111766905 -0.385281801 0.916005552
  outer loop
  vertex -0.00605846662 -0.00793252606 0.0365955122
  vertex -0.00528717693 -0.00803756248 0.0366454422
  vertex -0.00528717693 -0.00707472209 0.0370504223
  endloop
 endfacet

 facet normal -0.7671175 -0.287142128 0.573655069
  outer loop
  vertex -0.00605846662 -0.00793252606 0.0365955122
  vertex -0.00621533906 -0.00962478761 0.0355386771
  vertex -0.00606282195 -0.0104534114 0.0353278629
  endloop
 endfacet

 facet normal -0.138800174 -0.444715589 0.884851694
  outer loop
  vertex -0.00605846662 -0.00793252606 0.0365955122
  vertex -0.00606282195 -0.0104534114 0.0353278629
  vertex -0.00528717693 -0.00962478761 0.0358659886
  endloop
 endfacet

 facet normal -0.12611416 -0.440629721 0.888786077
  outer loop
  vertex -0.00605846662 -0.00793252606 0.0365955122
  vertex -0.00528717693 -0.00962478761 0.0358659886
  vertex -0.00528717693 -0.00867361948 0.0363375433
  endloop
 endfacet

 facet normal -0.116798639 -0.432724535 0.89392817
  outer loop
  vertex -0.00605846662 -0.00793252606 0.0365955122
  vertex -0.00528717693 -0.00867361948 0.0363375433
  vertex -0.00528717693 -0.00803756248 0.0366454422
  endloop
 endfacet

 facet normal 0 -0.422858208 0.906195879
  outer loop
  vertex -0.00273653981 -0.00803756248 0.0366454422
  vertex -0.00528717693 -0.00803756248 0.0366454422
  vertex -0.00401185639 -0.00867361948 0.0363486372
  endloop
 endfacet

 facet normal 0.00196666061 -0.426092833 0.904677331
  outer loop
  vertex -0.00273653981 -0.00803756248 0.0366454422
  vertex -0.00401185639 -0.00867361948 0.0363486372
  vertex -0.00273653981 -0.00867361948 0.0363458656
  endloop
 endfacet

 facet normal 0.00194992288 -0.44207114 0.896977901
  outer loop
  vertex -0.00273653981 -0.00867361948 0.0363458656
  vertex -0.00401185639 -0.00867361948 0.0363486372
  vertex -0.00401185639 -0.00962478761 0.0358798578
  endloop
 endfacet

 facet normal 0.00584011106 -0.446261048 0.894883752
  outer loop
  vertex -0.00273653981 -0.00867361948 0.0363458656
  vertex -0.00401185639 -0.00962478761 0.0358798578
  vertex -0.00273653981 -0.00962478761 0.0358715355
  endloop
 endfacet

 facet normal 0.00577531476 -0.465640783 0.884954929
  outer loop
  vertex -0.00273653981 -0.00962478761 0.0358715355
  vertex -0.00401185639 -0.00962478761 0.0358798578
  vertex -0.00273653981 -0.0105526131 0.03538334
  endloop
 endfacet

 facet normal 0.120159432 -0.46227476 0.878557801
  outer loop
  vertex -0.00273653981 -0.00962478761 0.0358715355
  vertex -0.00273653981 -0.0105526131 0.03538334
  vertex -0.0019492734 -0.0104534114 0.0353278629
  endloop
 endfacet

 facet normal 0.122994661 -0.495107502 0.860081911
  outer loop
  vertex -0.0019492734 -0.0104534114 0.0353278629
  vertex -0.00273653981 -0.0105526131 0.03538334
  vertex -0.00273653981 -0.0111886691 0.0350171924
  endloop
 endfacet

 facet normal 0.129821807 -0.500636816 0.855867505
  outer loop
  vertex -0.0019492734 -0.0104534114 0.0353278629
  vertex -0.00273653981 -0.0111886691 0.0350171924
  vertex -0.00207854761 -0.0128342509 0.0339548066
  endloop
 endfacet

 facet normal 0.0202912875 -0.547605753 0.836490393
  outer loop
  vertex -0.00207854761 -0.0128342509 0.0339548066
  vertex -0.00273653981 -0.012180686 0.0343986228
  vertex -0.00273653981 -0.0128459213 0.0339631289
  endloop
 endfacet

 facet normal 0.0205376707 -0.57450664 0.818242252
  outer loop
  vertex -0.00207854761 -0.0128342509 0.0339548066
  vertex -0.00273653981 -0.0128459213 0.0339631289
  vertex -0.00273653981 -0.0134819783 0.0335165374
  endloop
 endfacet

 facet normal 0.0452998392 -0.59098053 0.805412948
  outer loop
  vertex -0.00207854761 -0.0128342509 0.0339548066
  vertex -0.00273653981 -0.0134819783 0.0335165374
  vertex -0.00273653981 -0.0143514508 0.0328785516
  endloop
 endfacet

 facet normal 0.13517119 -0.611599624 0.779534876
  outer loop
  vertex -0.00207854761 -0.0128342509 0.0339548066
  vertex -0.00273653981 -0.0143514508 0.0328785516
  vertex -0.00192457845 -0.0142639205 0.0328064337
  endloop
 endfacet

 facet normal 0.0467448831 -0.528533697 0.847624421
  outer loop
  vertex -0.00207854761 -0.0128342509 0.0339548066
  vertex -0.00273653981 -0.0111886691 0.0350171924
  vertex -0.00273653981 -0.012180686 0.0343986228
  endloop
 endfacet

 facet normal 0.135717422 -0.626715541 0.767338514
  outer loop
  vertex -0.00192457845 -0.0142639205 0.0328064337
  vertex -0.00273653981 -0.0143514508 0.0328785516
  vertex -0.00273653981 -0.0149933426 0.0323542953
  endloop
 endfacet

 facet normal 0.154158741 -0.638821781 0.753751814
  outer loop
  vertex -0.00192457845 -0.0142639205 0.0328064337
  vertex -0.00273653981 -0.0149933426 0.0323542953
  vertex -0.00273653981 -0.0157461073 0.0317163095
  endloop
 endfacet

 facet normal 0.187488601 -0.646567583 0.739458203
  outer loop
  vertex -0.00192457845 -0.0142639205 0.0328064337
  vertex -0.00273653981 -0.0157461073 0.0317163095
  vertex -0.00187809963 -0.0156177301 0.0316109024
  endloop
 endfacet

 facet normal 0.187670171 -0.65107733 0.735444307
  outer loop
  vertex -0.00187809963 -0.0156177301 0.0316109024
  vertex -0.00273653981 -0.0157461073 0.0317163095
  vertex -0.00273653981 -0.0163821634 0.0311532188
  endloop
 endfacet

 facet normal 0.219959229 -0.670970321 0.708107948
  outer loop
  vertex -0.00187809963 -0.0156177301 0.0316109024
  vertex -0.00273653981 -0.0163821634 0.0311532188
  vertex -0.00186502631 -0.0169073474 0.0303848609
  endloop
 endfacet

 facet normal 0.207600281 -0.681782663 0.701480269
  outer loop
  vertex -0.00186502631 -0.0169073474 0.0303848609
  vertex -0.00273653981 -0.0163821634 0.0311532188
  vertex -0.00273653981 -0.0170357283 0.0305180065
  endloop
 endfacet

 facet normal 0.207572013 -0.691095829 0.69231528
  outer loop
  vertex -0.00186502631 -0.0169073474 0.0303848609
  vertex -0.00273653981 -0.0170357283 0.0305180065
  vertex -0.00273653981 -0.0176776182 0.0298772473
  endloop
 endfacet

 facet normal 0 -0.744703948 0.667394996
  outer loop
  vertex -0.00273653981 -0.0182728283 0.0292392615
  vertex -0.00528717693 -0.0182728283 0.0292392615
  vertex -0.00401040493 -0.0272593275 0.0192117933
  endloop
 endfacet

 facet normal 0 -0.744703948 0.667394996
  outer loop
  vertex -0.00273653981 -0.0182728283 0.0292392615
  vertex -0.00401040493 -0.0272593275 0.0192117933
  vertex -0.00146558229 -0.0272593275 0.0192117933
  endloop
 endfacet

 facet normal 0 -0.731194198 0.682169437
  outer loop
  vertex -0.00273653981 -0.0182728283 0.0292392615
  vertex -0.00273653981 -0.0176776182 0.0298772473
  vertex -0.00528717693 -0.0176776182 0.0298772473
  endloop
 endfacet

 facet normal 0 -0.731194198 0.682169437
  outer loop
  vertex -0.00273653981 -0.0182728283 0.0292392615
  vertex -0.00528717693 -0.0176776182 0.0298772473
  vertex -0.00528717693 -0.0182728283 0.0292392615
  endloop
 endfacet

 facet normal 0 -0.706483245 0.707729816
  outer loop
  vertex -0.00273653981 -0.0176776182 0.0298772473
  vertex -0.00273653981 -0.0170357283 0.0305180065
  vertex -0.00528717693 -0.0170357283 0.0305180065
  endloop
 endfacet

 facet normal 0 -0.706483245 0.707729816
  outer loop
  vertex -0.00273653981 -0.0176776182 0.0298772473
  vertex -0.00528717693 -0.0170357283 0.0305180065
  vertex -0.00528717693 -0.0176776182 0.0298772473
  endloop
 endfacet

 facet normal -0.0129803149 -0.945489228 0.325394899
  outer loop
  vertex -0.00401040493 -0.0276736375 0.0180079434
  vertex -0.00401040493 -0.0272593275 0.0192117933
  vertex -0.00528572127 -0.0276561305 0.0180079434
  endloop
 endfacet

 facet normal -0.378279388 -0.925691068 0.000892251846
  outer loop
  vertex -0.00528426981 -0.0276619643 0.012571197
  vertex -0.00528572127 -0.0276561305 0.0180079434
  vertex -0.00629813457 -0.0272476524 0.012571197
  endloop
 endfacet

 facet normal -0.378279388 -0.925691128 0.000771417224
  outer loop
  vertex -0.00528426981 -0.0276619643 0.012571197
  vertex -0.00629813457 -0.0272476524 0.012571197
  vertex -0.00581589527 -0.0274460558 0.0109651377
  endloop
 endfacet

 facet normal -0.376279891 -0.926506042 0
  outer loop
  vertex -0.00528426981 -0.0276619643 0.012571197
  vertex -0.00581589527 -0.0274460558 0.0109651377
  vertex -0.00528426981 -0.0276619643 0.0109651377
  endloop
 endfacet

 facet normal -0.0793005452 0.996843696 -0.0037653239
  outer loop
  vertex -0.00528426981 0.0319173262 0.0109651377
  vertex -0.00601779483 0.0318589732 0.0109651377
  vertex -0.00602069823 0.0318648107 0.012571197
  endloop
 endfacet

 facet normal -0.0791449025 0.996856213 -0.00369354757
  outer loop
  vertex -0.00528426981 0.0319173262 0.0109651377
  vertex -0.00602069823 0.0318648107 0.012571197
  vertex -0.00528572127 0.0319231637 0.012571197
  endloop
 endfacet

 facet normal 0 0.999997616 -0.00217441935
  outer loop
  vertex -0.000117640149 0.0319231637 0.012571197
  vertex -0.00528572127 0.0319231637 0.012571197
  vertex -0.000117640149 0.031934835 0.0179385971
  endloop
 endfacet

 facet normal -2.88047886e-05 0.999997735 -0.00214668433
  outer loop
  vertex -0.000117640149 0.031934835 0.0179385971
  vertex -0.00528572127 0.0319231637 0.012571197
  vertex -0.00528572127 0.031934835 0.0180079434
  endloop
 endfacet

 facet normal -0.0791452676 0.996860862 -0.00213995064
  outer loop
  vertex -0.00528572127 0.031934835 0.0180079434
  vertex -0.00528572127 0.0319231637 0.012571197
  vertex -0.00602069823 0.0318648107 0.012571197
  endloop
 endfacet

 facet normal -0.0939241648 0.995579422 -0.000125532068
  outer loop
  vertex -0.00528572127 0.031934835 0.0180079434
  vertex -0.00602069823 0.0318648107 0.012571197
  vertex -0.00602796441 0.0318648107 0.0180079434
  endloop
 endfacet

 facet normal -0.0938907862 0.995225549 0.0266618393
  outer loop
  vertex -0.00528572127 0.031934835 0.0180079434
  vertex -0.00602796441 0.0318648107 0.0180079434
  vertex -0.00599455507 0.0318473019 0.0187790729
  endloop
 endfacet

 facet normal -0.0399773382 0.996280253 0.076339595
  outer loop
  vertex -0.00528572127 0.031934835 0.0180079434
  vertex -0.00599455507 0.0318473019 0.0187790729
  vertex -0.00528572127 0.0318706445 0.0188456457
  endloop
 endfacet

 facet normal -0.0645468682 0.930298269 0.36108011
  outer loop
  vertex -0.00528572127 0.0318706445 0.0188456457
  vertex -0.00599455507 0.0318473019 0.0187790729
  vertex -0.00528572127 0.0287312064 0.0269341916
  endloop
 endfacet

 facet normal -0.0128105953 0.932165802 0.361804962
  outer loop
  vertex -0.00528572127 0.0318706445 0.0188456457
  vertex -0.00528572127 0.0287312064 0.0269341916
  vertex -0.00401185639 0.0287487134 0.0269341916
  endloop
 endfacet

 facet normal -0.0125040961 0.909863353 0.41471976
  outer loop
  vertex -0.00401185639 0.0287487134 0.0269341916
  vertex -0.00528572127 0.0287312064 0.0269341916
  vertex -0.00528572127 0.0282760467 0.027932778
  endloop
 endfacet

 facet normal 0 0.903859735 0.427829146
  outer loop
  vertex -0.00401185639 0.0287487134 0.0269341916
  vertex -0.00528572127 0.0282760467 0.027932778
  vertex -0.00273653981 0.0282760467 0.027932778
  endloop
 endfacet

 facet normal 0.00830851588 0.907890081 0.419125855
  outer loop
  vertex -0.00401185639 0.0287487134 0.0269341916
  vertex -0.00273653981 0.0282760467 0.027932778
  vertex -0.00273653981 0.0287370421 0.0269341916
  endloop
 endfacet

 facet normal 0 0.765143991 0.643859267
  outer loop
  vertex -0.00273653981 0.0282760467 0.027932778
  vertex -0.00528572127 0.0282760467 0.027932778
  vertex -0.00528572127 0.0277391914 0.0285707619
  endloop
 endfacet

 facet normal 0 0.765143991 0.643859267
  outer loop
  vertex -0.00273653981 0.0282760467 0.027932778
  vertex -0.00528572127 0.0277391914 0.0285707619
  vertex -0.00273653981 0.0277391914 0.0285707619
  endloop
 endfacet

 facet normal 0 0.751748264 0.659450173
  outer loop
  vertex -0.00273653981 0.0277391914 0.0285707619
  vertex -0.00528572127 0.0277391914 0.0285707619
  vertex -0.00528572127 0.0271089692 0.0292891916
  endloop
 endfacet

 facet normal 0 0.751748264 0.659450173
  outer loop
  vertex -0.00273653981 0.0277391914 0.0285707619
  vertex -0.00528572127 0.0271089692 0.0292891916
  vertex -0.00273653981 0.0271089692 0.0292891916
  endloop
 endfacet

 facet normal 0 0.726371288 0.687302589
  outer loop
  vertex -0.00273653981 0.0271089692 0.0292891916
  vertex -0.00528572127 0.0271089692 0.0292891916
  vertex -0.00528572127 0.0265079252 0.029924402
  endloop
 endfacet

 facet normal 0 0.726371288 0.687302589
  outer loop
  vertex -0.00273653981 0.0271089692 0.0292891916
  vertex -0.00528572127 0.0265079252 0.029924402
  vertex -0.00273653981 0.0265079252 0.029924402
  endloop
 endfacet

 facet normal 0 0.712946415 0.701218605
  outer loop
  vertex -0.00273653981 0.0265079252 0.029924402
  vertex -0.00528572127 0.0265079252 0.029924402
  vertex -0.00528572127 0.025877703 0.0305651631
  endloop
 endfacet

 facet normal 0 0.712946415 0.701218605
  outer loop
  vertex -0.00273653981 0.0265079252 0.029924402
  vertex -0.00528572127 0.025877703 0.0305651631
  vertex -0.00273653981 0.025877703 0.0305651631
  endloop
 endfacet

 facet normal 0.238625273 0.692350626 0.680961609
  outer loop
  vertex -0.00273653981 0.0265079252 0.029924402
  vertex -0.00273653981 0.025877703 0.0305651631
  vertex -0.00185195298 0.0257201474 0.0304153748
  endloop
 endfacet

 facet normal 0.238417745 0.672209382 0.700921953
  outer loop
  vertex -0.00185195298 0.0257201474 0.0304153748
  vertex -0.00273653981 0.025877703 0.0305651631
  vertex -0.00273653981 0.0252124704 0.031203147
  endloop
 endfacet

 facet normal 0.243880853 0.667196512 0.703825951
  outer loop
  vertex -0.00185195298 0.0257201474 0.0304153748
  vertex -0.00273653981 0.0252124704 0.031203147
  vertex -0.00186211895 0.024436364 0.0316358693
  endloop
 endfacet

 facet normal 0.212493092 0.64746803 0.731868744
  outer loop
  vertex -0.00186211895 0.024436364 0.0316358693
  vertex -0.00273653981 0.0252124704 0.031203147
  vertex -0.00273653981 0.0245822463 0.0317606889
  endloop
 endfacet

 facet normal 0.212351382 0.643884182 0.735064685
  outer loop
  vertex -0.00186211895 0.024436364 0.0316358693
  vertex -0.00273653981 0.0245822463 0.0317606889
  vertex -0.00189552829 0.0230825525 0.0328313969
  endloop
 endfacet

 facet normal 0.153037831 0.608382463 0.778749168
  outer loop
  vertex -0.00189552829 0.0230825525 0.0328313969
  vertex -0.00273653981 0.0231875908 0.0329146124
  vertex -0.00204658997 0.0216470473 0.0339825451
  endloop
 endfacet

 facet normal 0.166357622 0.633053541 0.75602144
  outer loop
  vertex -0.00189552829 0.0230825525 0.0328313969
  vertex -0.00273653981 0.0245822463 0.0317606889
  vertex -0.00273653981 0.0238236468 0.032395903
  endloop
 endfacet

 facet normal 0.153762668 0.624480426 0.765755355
  outer loop
  vertex -0.00189552829 0.0230825525 0.0328313969
  vertex -0.00273653981 0.0238236468 0.032395903
  vertex -0.00273653981 0.0231875908 0.0329146124
  endloop
 endfacet

 facet normal 0.0585979745 0.586329401 0.807950616
  outer loop
  vertex -0.00204658997 0.0216470473 0.0339825451
  vertex -0.00273653981 0.0231875908 0.0329146124
  vertex -0.00273653981 0.0223122817 0.0335498229
  endloop
 endfacet

 facet normal 0.0373635218 0.571831584 0.819519758
  outer loop
  vertex -0.00204658997 0.0216470473 0.0339825451
  vertex -0.00273653981 0.0223122817 0.0335498229
  vertex -0.00273653981 0.0216762256 0.0339936428
  endloop
 endfacet

 facet normal 0.0364944153 0.544187069 0.838169813
  outer loop
  vertex -0.00204658997 0.0216470473 0.0339825451
  vertex -0.00273653981 0.0216762256 0.0339936428
  vertex -0.00273653981 0.020958472 0.0344596468
  endloop
 endfacet

 facet normal 0.0531647354 0.532185972 0.844956636
  outer loop
  vertex -0.00204658997 0.0216470473 0.0339825451
  vertex -0.00273653981 0.020958472 0.0344596468
  vertex -0.00273653981 0.02002481 0.0350477025
  endloop
 endfacet

 facet normal 0.145264596 0.499127567 0.85426569
  outer loop
  vertex -0.00204658997 0.0216470473 0.0339825451
  vertex -0.00273653981 0.02002481 0.0350477025
  vertex -0.00193184102 0.0192778818 0.0353472792
  endloop
 endfacet

 facet normal 0.139070377 0.494048208 0.858239889
  outer loop
  vertex -0.00193184102 0.0192778818 0.0353472792
  vertex -0.00273653981 0.02002481 0.0350477025
  vertex -0.00273653981 0.0193887521 0.0354138501
  endloop
 endfacet

 facet normal 0.135753453 0.457699507 0.878682077
  outer loop
  vertex -0.00193184102 0.0192778818 0.0353472792
  vertex -0.00273653981 0.0193887521 0.0354138501
  vertex -0.00273653981 0.0184142441 0.0359214656
  endloop
 endfacet

 facet normal 0.005787862 0.461968482 0.886877477
  outer loop
  vertex -0.00273653981 0.0184142441 0.0359214656
  vertex -0.00273653981 0.0193887521 0.0354138501
  vertex -0.00401185639 0.0184142441 0.0359297879
  endloop
 endfacet

 facet normal 0.00585131627 0.442801416 0.896600664
  outer loop
  vertex -0.00273653981 0.0184142441 0.0359214656
  vertex -0.00401185639 0.0184142441 0.0359297879
  vertex -0.00401185639 0.0175155941 0.0363736041
  endloop
 endfacet

 facet normal 0.00584863452 0.442804426 0.896599174
  outer loop
  vertex -0.00273653981 0.0184142441 0.0359214656
  vertex -0.00401185639 0.0175155941 0.0363736041
  vertex -0.00273653981 0.0175155941 0.0363652855
  endloop
 endfacet

 facet normal 0.00589130446 0.429304898 0.903140485
  outer loop
  vertex -0.00273653981 0.0175155941 0.0363652855
  vertex -0.00401185639 0.0175155941 0.0363736041
  vertex -0.00273653981 0.0168795362 0.0366676301
  endloop
 endfacet

 facet normal -0.00976300891 0.442787856 0.896573246
  outer loop
  vertex -0.00401185639 0.0175155941 0.0363736041
  vertex -0.00401185639 0.0184142441 0.0359297879
  vertex -0.00528572127 0.0184142441 0.0359159186
  endloop
 endfacet

 facet normal -0.00976031832 0.442790926 0.896571815
  outer loop
  vertex -0.00401185639 0.0175155941 0.0363736041
  vertex -0.00528572127 0.0184142441 0.0359159186
  vertex -0.00528572127 0.0175155941 0.0363597348
  endloop
 endfacet

 facet normal -0.00967962295 0.457968831 0.888915539
  outer loop
  vertex -0.00528572127 0.0184142441 0.0359159186
  vertex -0.00401185639 0.0184142441 0.0359297879
  vertex -0.00528572127 0.0193887521 0.0354138501
  endloop
 endfacet

 facet normal -0.137331605 0.453650922 0.88053453
  outer loop
  vertex -0.00528572127 0.0184142441 0.0359159186
  vertex -0.00528572127 0.0193887521 0.0354138501
  vertex -0.00607880251 0.0192778818 0.0353472792
  endloop
 endfacet

 facet normal -0.861563623 0.257454276 0.437522054
  outer loop
  vertex -0.00607880251 0.0192778818 0.0353472792
  vertex -0.00631701481 0.0196921937 0.0346344002
  vertex -0.0062284125 0.0184142441 0.035560865
  endloop
 endfacet

 facet normal -0.141508073 0.498808682 0.855082154
  outer loop
  vertex -0.00607880251 0.0192778818 0.0353472792
  vertex -0.00528572127 0.0193887521 0.0354138501
  vertex -0.00597421918 0.0216470473 0.0339825451
  endloop
 endfacet

 facet normal -0.72718662 0.366456687 0.580438673
  outer loop
  vertex -0.00607880251 0.0192778818 0.0353472792
  vertex -0.00597421918 0.0216470473 0.0339825451
  vertex -0.00614852039 0.020958472 0.0341989025
  endloop
 endfacet

 facet normal -0.857322216 0.265711486 0.440903664
  outer loop
  vertex -0.00607880251 0.0192778818 0.0353472792
  vertex -0.00614852039 0.020958472 0.0341989025
  vertex -0.00631701481 0.0196921937 0.0346344002
  endloop
 endfacet

 facet normal -0.916778266 0.19080703 0.350870788
  outer loop
  vertex -0.0062284125 0.0184142441 0.035560865
  vertex -0.00631701481 0.0196921937 0.0346344002
  vertex -0.00660316134 0.0184142441 0.0345816985
  endloop
 endfacet

 facet normal -0.924850225 0.19358319 0.327379882
  outer loop
  vertex -0.00660316134 0.0184142441 0.0345816985
  vertex -0.00631701481 0.0196921937 0.0346344002
  vertex -0.00652327342 0.020958472 0.0333029516
  endloop
 endfacet

 facet normal -0.968304992 0.13577348 0.209645197
  outer loop
  vertex -0.00660316134 0.0184142441 0.0345816985
  vertex -0.00652327342 0.020958472 0.0333029516
  vertex -0.00661913818 0.0222364217 0.032032527
  endloop
 endfacet

 facet normal -0.982895315 0.0993243083 0.155085385
  outer loop
  vertex -0.00660316134 0.0184142441 0.0345816985
  vertex -0.00661913818 0.0222364217 0.032032527
  vertex -0.0066757868 0.0196921937 0.0333029516
  endloop
 endfacet

 facet normal -0.993501425 0.0677789077 0.0914377049
  outer loop
  vertex -0.0066757868 0.0196921937 0.0333029516
  vertex -0.00661913818 0.0222364217 0.032032527
  vertex -0.00664964411 0.0235143714 0.0307537839
  endloop
 endfacet

 facet normal -0.948699713 0.212038606 0.234538764
  outer loop
  vertex -0.00664964411 0.0235143714 0.0307537839
  vertex -0.00661913818 0.0222364217 0.032032527
  vertex -0.00634316169 0.024827335 0.0308064874
  endloop
 endfacet

 facet normal -0.951517045 0.213211104 0.221712232
  outer loop
  vertex -0.00664964411 0.0235143714 0.0307537839
  vertex -0.00634316169 0.024827335 0.0308064874
  vertex -0.0066612619 0.0247864854 0.0294805858
  endloop
 endfacet

 facet normal -0.951456189 0.213507444 0.221688479
  outer loop
  vertex -0.0066612619 0.0247864854 0.0294805858
  vertex -0.00634316169 0.024827335 0.0308064874
  vertex -0.00635042414 0.0261169542 0.0295332894
  endloop
 endfacet

 facet normal -0.953110397 0.214207768 0.213765368
  outer loop
  vertex -0.0066612619 0.0247864854 0.0294805858
  vertex -0.00635042414 0.0261169542 0.0295332894
  vertex -0.0066583585 0.026064435 0.0282129366
  endloop
 endfacet

 facet normal -0.94913435 0.23271589 0.212101877
  outer loop
  vertex -0.0066583585 0.026064435 0.0282129366
  vertex -0.00635042414 0.0261169542 0.0295332894
  vertex -0.00663221162 0.027336549 0.0269341916
  endloop
 endfacet

 facet normal -0.917256773 0.340498626 0.206641659
  outer loop
  vertex -0.00663221162 0.027336549 0.0269341916
  vertex -0.00632863631 0.0273715612 0.0282240324
  vertex -0.00625746278 0.028346071 0.0269341916
  endloop
 endfacet

 facet normal -0.930217922 0.345309943 0.124320798
  outer loop
  vertex -0.00663221162 0.027336549 0.0269341916
  vertex -0.00625746278 0.028346071 0.0269341916
  vertex -0.00640416518 0.0311645623 0.0180079434
  endloop
 endfacet

 facet normal -0.975923479 0.208379254 0.0644305125
  outer loop
  vertex -0.00663221162 0.027336549 0.0269341916
  vertex -0.00640416518 0.0311645623 0.0180079434
  vertex -0.0066757868 0.0298924502 0.0180079434
  endloop
 endfacet

 facet normal -0.994213998 0.101886123 0.0340270549
  outer loop
  vertex -0.00663221162 0.027336549 0.0269341916
  vertex -0.0066757868 0.0298924502 0.0180079434
  vertex -0.0066757868 0.027336549 0.0256609935
  endloop
 endfacet

 facet normal -0.945936501 0.241906956 0.216068
  outer loop
  vertex -0.00663221162 0.027336549 0.0269341916
  vertex -0.00635042414 0.0261169542 0.0295332894
  vertex -0.00632863631 0.0273715612 0.0282240324
  endloop
 endfacet

 facet normal -0.97795552 0.208813131 0
  outer loop
  vertex -0.0066757868 0.0298924502 0.0180079434
  vertex -0.00640416518 0.0311645623 0.0180079434
  vertex -0.0066757868 0.0298924502 0.012571197
  endloop
 endfacet

 facet normal -0.97670716 0.214571953 -0.00140984345
  outer loop
  vertex -0.0066757868 0.0298924502 0.012571197
  vertex -0.00640416518 0.0311645623 0.0180079434
  vertex -0.00639399933 0.0311645623 0.0109651377
  endloop
 endfacet

 facet normal -0.977003217 0.21320948 -0.0025409481
  outer loop
  vertex -0.0066757868 0.0298924502 0.012571197
  vertex -0.00639399933 0.0311645623 0.0109651377
  vertex -0.00667288341 0.0298866145 0.0109651377
  endloop
 endfacet

 facet normal -0.985026836 -0.128424644 0.115018368
  outer loop
  vertex -0.00802663621 -0.0221358556 0.0109651377
  vertex -0.00799468253 -0.0223809425 0.0109651377
  vertex -0.00664673699 -0.0172749795 0.0282101631
  endloop
 endfacet

 facet normal -0.987123966 -0.11483191 0.111354768
  outer loop
  vertex -0.00802663621 -0.0221358556 0.0109651377
  vertex -0.00664673699 -0.0172749795 0.0282101631
  vertex -0.00665109605 -0.0160028618 0.0294833612
  endloop
 endfacet

 facet normal -0.989852905 -0.0955511257 0.105171934
  outer loop
  vertex -0.00802663621 -0.0221358556 0.0109651377
  vertex -0.00665109605 -0.0160028618 0.0294833612
  vertex -0.00663947407 -0.0147249158 0.0307537839
  endloop
 endfacet

 facet normal -0.992510796 -0.0739163607 0.0972559303
  outer loop
  vertex -0.00802663621 -0.0221358556 0.0109651377
  vertex -0.00663947407 -0.0147249158 0.0307537839
  vertex -0.00667433534 -0.0109027354 0.0333029516
  endloop
 endfacet

 facet normal -0.990345001 -0.0830556601 0.110988855
  outer loop
  vertex -0.00667433534 -0.0109027354 0.0333029516
  vertex -0.00663947407 -0.0147249158 0.0307537839
  vertex -0.00660316134 -0.0134528009 0.0320297554
  endloop
 endfacet

 facet normal -0.976532817 -0.117403291 0.18055521
  outer loop
  vertex -0.00667433534 -0.0109027354 0.0333029516
  vertex -0.00660316134 -0.0134528009 0.0320297554
  vertex -0.00659154356 -0.00962478761 0.0345816985
  endloop
 endfacet

 facet normal -0.964244366 -0.144968763 0.221848547
  outer loop
  vertex -0.00659154356 -0.00962478761 0.0345816985
  vertex -0.00660316134 -0.0134528009 0.0320297554
  vertex -0.00650148559 -0.012180686 0.0333029516
  endloop
 endfacet

 facet normal -0.924150646 -0.196479663 0.327629983
  outer loop
  vertex -0.00659154356 -0.00962478761 0.0345816985
  vertex -0.00650148559 -0.012180686 0.0333029516
  vertex -0.00630684849 -0.0108852312 0.0346288532
  endloop
 endfacet

 facet normal -0.913201928 -0.19283326 0.358995229
  outer loop
  vertex -0.00659154356 -0.00962478761 0.0345816985
  vertex -0.00630684849 -0.0108852312 0.0346288532
  vertex -0.00621533906 -0.00962478761 0.0355386771
  endloop
 endfacet

 facet normal -0.843245685 -0.273011148 0.463035285
  outer loop
  vertex -0.00621533906 -0.00962478761 0.0355386771
  vertex -0.00630684849 -0.0108852312 0.0346288532
  vertex -0.00606282195 -0.0104534114 0.0353278629
  endloop
 endfacet

 facet normal -0.00782916136 -0.435693353 0.900061131
  outer loop
  vertex -0.00528717693 -0.00803756248 0.0366454422
  vertex -0.00528717693 -0.00867361948 0.0363375433
  vertex -0.00401185639 -0.00867361948 0.0363486372
  endloop
 endfacet

 facet normal -0.121565163 -0.458065838 0.880566716
  outer loop
  vertex -0.00606282195 -0.0104534114 0.0353278629
  vertex -0.00528717693 -0.0105526131 0.03538334
  vertex -0.00528717693 -0.00962478761 0.0358659886
  endloop
 endfacet

 facet normal -0.838546753 -0.281364232 0.466555089
  outer loop
  vertex -0.00606282195 -0.0104534114 0.0353278629
  vertex -0.00630684849 -0.0108852312 0.0346288532
  vertex -0.0061252811 -0.012180686 0.0341739394
  endloop
 endfacet

 facet normal -0.667679727 -0.396698833 0.629947543
  outer loop
  vertex -0.00606282195 -0.0104534114 0.0353278629
  vertex -0.0061252811 -0.012180686 0.0341739394
  vertex -0.00594371744 -0.0128342509 0.0339548066
  endloop
 endfacet

 facet normal -0.128167912 -0.500267684 0.856332481
  outer loop
  vertex -0.00606282195 -0.0104534114 0.0353278629
  vertex -0.00594371744 -0.0128342509 0.0339548066
  vertex -0.00528717693 -0.0111886691 0.035014417
  endloop
 endfacet

 facet normal -0.125048384 -0.497788429 0.858236313
  outer loop
  vertex -0.00606282195 -0.0104534114 0.0353278629
  vertex -0.00528717693 -0.0111886691 0.035014417
  vertex -0.00528717693 -0.0105526131 0.03538334
  endloop
 endfacet

 facet normal -0.00974451099 -0.444155037 0.895896912
  outer loop
  vertex -0.00528717693 -0.00962478761 0.0358659886
  vertex -0.00401185639 -0.00962478761 0.0358798578
  vertex -0.00528717693 -0.00867361948 0.0363375433
  endloop
 endfacet

 facet normal -0.00964888092 -0.461466998 0.887104928
  outer loop
  vertex -0.00528717693 -0.00962478761 0.0358659886
  vertex -0.00528717693 -0.0105526131 0.03538334
  vertex -0.00401185639 -0.00962478761 0.0358798578
  endloop
 endfacet

 facet normal -0.00780211901 -0.442058504 0.896952331
  outer loop
  vertex -0.00528717693 -0.00867361948 0.0363375433
  vertex -0.00401185639 -0.00962478761 0.0358798578
  vertex -0.00401185639 -0.00867361948 0.0363486372
  endloop
 endfacet

 facet normal 0 -0.471831262 0.881688952
  outer loop
  vertex -0.00401185639 -0.00962478761 0.0358798578
  vertex -0.00528717693 -0.0105526131 0.03538334
  vertex -0.00273653981 -0.0105526131 0.03538334
  endloop
 endfacet

 facet normal 0 -0.498895466 0.866662204
  outer loop
  vertex -0.00273653981 -0.0105526131 0.03538334
  vertex -0.00528717693 -0.0105526131 0.03538334
  vertex -0.00401185639 -0.0111886691 0.0350171924
  endloop
 endfacet

 facet normal 0 -0.498895466 0.866662204
  outer loop
  vertex -0.00273653981 -0.0105526131 0.03538334
  vertex -0.00401185639 -0.0111886691 0.0350171924
  vertex -0.00273653981 -0.0111886691 0.0350171924
  endloop
 endfacet

 facet normal 0 -0.529112101 0.848551929
  outer loop
  vertex -0.00273653981 -0.0111886691 0.0350171924
  vertex -0.00401185639 -0.0111886691 0.0350171924
  vertex -0.00528717693 -0.012180686 0.0343986228
  endloop
 endfacet

 facet normal 0 -0.529112101 0.848551929
  outer loop
  vertex -0.00273653981 -0.0111886691 0.0350171924
  vertex -0.00528717693 -0.012180686 0.0343986228
  vertex -0.00273653981 -0.012180686 0.0343986228
  endloop
 endfacet

 facet normal 0 -0.547718585 0.83666271
  outer loop
  vertex -0.00273653981 -0.012180686 0.0343986228
  vertex -0.00528717693 -0.012180686 0.0343986228
  vertex -0.00528717693 -0.0128459213 0.0339631289
  endloop
 endfacet

 facet normal 0 -0.547718585 0.83666271
  outer loop
  vertex -0.00273653981 -0.012180686 0.0343986228
  vertex -0.00528717693 -0.0128459213 0.0339631289
  vertex -0.00273653981 -0.0128459213 0.0339631289
  endloop
 endfacet

 facet normal 0 -0.574627817 0.818414867
  outer loop
  vertex -0.00273653981 -0.0128459213 0.0339631289
  vertex -0.00528717693 -0.0128459213 0.0339631289
  vertex -0.00528717693 -0.0134819783 0.0335165374
  endloop
 endfacet

 facet normal 0 -0.574627817 0.818414867
  outer loop
  vertex -0.00273653981 -0.0128459213 0.0339631289
  vertex -0.00528717693 -0.0134819783 0.0335165374
  vertex -0.00273653981 -0.0134819783 0.0335165374
  endloop
 endfacet

 facet normal 0 -0.591587901 0.806240559
  outer loop
  vertex -0.00273653981 -0.0134819783 0.0335165374
  vertex -0.00528717693 -0.0134819783 0.0335165374
  vertex -0.00528717693 -0.0143514508 0.0328785516
  endloop
 endfacet

 facet normal 0 -0.591587901 0.806240559
  outer loop
  vertex -0.00273653981 -0.0134819783 0.0335165374
  vertex -0.00528717693 -0.0143514508 0.0328785516
  vertex -0.00273653981 -0.0143514508 0.0328785516
  endloop
 endfacet

 facet normal 0 -0.632568359 0.774504542
  outer loop
  vertex -0.00273653981 -0.0143514508 0.0328785516
  vertex -0.00528717693 -0.0143514508 0.0328785516
  vertex -0.00528717693 -0.0149933426 0.0323542953
  endloop
 endfacet

 facet normal 0 -0.632568359 0.774504542
  outer loop
  vertex -0.00273653981 -0.0143514508 0.0328785516
  vertex -0.00528717693 -0.0149933426 0.0323542953
  vertex -0.00273653981 -0.0149933426 0.0323542953
  endloop
 endfacet

 facet normal 0 -0.646550596 0.762871087
  outer loop
  vertex -0.00273653981 -0.0149933426 0.0323542953
  vertex -0.00528717693 -0.0149933426 0.0323542953
  vertex -0.00528717693 -0.0157461073 0.0317163095
  endloop
 endfacet

 facet normal 0 -0.646550596 0.762871087
  outer loop
  vertex -0.00273653981 -0.0149933426 0.0323542953
  vertex -0.00528717693 -0.0157461073 0.0317163095
  vertex -0.00273653981 -0.0157461073 0.0317163095
  endloop
 endfacet

 facet normal 0 -0.66285485 0.748748004
  outer loop
  vertex -0.00273653981 -0.0157461073 0.0317163095
  vertex -0.00528717693 -0.0157461073 0.0317163095
  vertex -0.00528717693 -0.0163821634 0.0311532188
  endloop
 endfacet

 facet normal 0 -0.66285485 0.748748004
  outer loop
  vertex -0.00273653981 -0.0157461073 0.0317163095
  vertex -0.00528717693 -0.0163821634 0.0311532188
  vertex -0.00273653981 -0.0163821634 0.0311532188
  endloop
 endfacet

 facet normal 0 -0.696967006 0.717103243
  outer loop
  vertex -0.00273653981 -0.0163821634 0.0311532188
  vertex -0.00528717693 -0.0163821634 0.0311532188
  vertex -0.00528717693 -0.0170357283 0.0305180065
  endloop
 endfacet

 facet normal 0 -0.696967006 0.717103243
  outer loop
  vertex -0.00273653981 -0.0163821634 0.0311532188
  vertex -0.00528717693 -0.0170357283 0.0305180065
  vertex -0.00273653981 -0.0170357283 0.0305180065
  endloop
 endfacet

 facet normal -0.205283672 -0.715621591 0.667640865
  outer loop
  vertex -0.00528717693 -0.0182728283 0.0292392615
  vertex -0.00528717693 -0.0176776182 0.0298772473
  vertex -0.00613835454 -0.0181502886 0.0291088913
  endloop
 endfacet

 facet normal -0.204966396 -0.729630351 0.652402043
  outer loop
  vertex -0.00528717693 -0.0182728283 0.0292392615
  vertex -0.00613835454 -0.0181502886 0.0291088913
  vertex -0.00528572127 -0.0272418186 0.0192090198
  endloop
 endfacet

 facet normal -0.0116826845 -0.745392025 0.666524053
  outer loop
  vertex -0.00528717693 -0.0182728283 0.0292392615
  vertex -0.00528572127 -0.0272418186 0.0192090198
  vertex -0.00401040493 -0.0272593275 0.0192117933
  endloop
 endfacet

 facet normal -0.0136860795 -0.945248842 0.326063335
  outer loop
  vertex -0.00401040493 -0.0272593275 0.0192117933
  vertex -0.00528572127 -0.0272418186 0.0192090198
  vertex -0.00528572127 -0.0276561305 0.0180079434
  endloop
 endfacet

 facet normal -0.211276829 -0.690535247 0.691753745
  outer loop
  vertex -0.00528717693 -0.0176776182 0.0298772473
  vertex -0.00528717693 -0.0170357283 0.0305180065
  vertex -0.0061427136 -0.0169073474 0.0303848609
  endloop
 endfacet

 facet normal -0.225547731 -0.698244214 0.679399192
  outer loop
  vertex -0.00528717693 -0.0176776182 0.0298772473
  vertex -0.0061427136 -0.0169073474 0.0303848609
  vertex -0.00613835454 -0.0181502886 0.0291088913
  endloop
 endfacet

 facet normal -0.207641587 -0.924733758 0.318986624
  outer loop
  vertex -0.00528572127 -0.0276561305 0.0180079434
  vertex -0.00528572127 -0.0272418186 0.0192090198
  vertex -0.00617321534 -0.0271076038 0.0190203972
  endloop
 endfacet

 facet normal -0.37342304 -0.912498593 0.16703783
  outer loop
  vertex -0.00528572127 -0.0276561305 0.0180079434
  vertex -0.00617321534 -0.0271076038 0.0190203972
  vertex -0.00629813457 -0.0272418186 0.0180079434
  endloop
 endfacet

 facet normal -0.378743976 -0.925500989 0.000993057969
  outer loop
  vertex -0.00528572127 -0.0276561305 0.0180079434
  vertex -0.00629813457 -0.0272418186 0.0180079434
  vertex -0.00629813457 -0.0272476524 0.012571197
  endloop
 endfacet

 facet normal -0.764789522 -0.644279778 0.000691308989
  outer loop
  vertex -0.00629813457 -0.0272476524 0.012571197
  vertex -0.00629813457 -0.0272418186 0.0180079434
  vertex -0.00629958604 -0.0272476524 0.0109651377
  endloop
 endfacet

 facet normal -0.379500508 -0.925191522 0.000343038322
  outer loop
  vertex -0.00629813457 -0.0272476524 0.012571197
  vertex -0.00629958604 -0.0272476524 0.0109651377
  vertex -0.00581589527 -0.0274460558 0.0109651377
  endloop
 endfacet

 facet normal -0.879252613 0.476344228 -0.00332031213
  outer loop
  vertex -0.00601779483 0.0318589732 0.0109651377
  vertex -0.00639399933 0.0311645623 0.0109651377
  vertex -0.00602069823 0.0318648107 0.012571197
  endloop
 endfacet

 facet normal -0.881224036 0.472697258 -0.0012720169
  outer loop
  vertex -0.00602069823 0.0318648107 0.012571197
  vertex -0.00639399933 0.0311645623 0.0109651377
  vertex -0.00640416518 0.0311645623 0.0180079434
  endloop
 endfacet

 facet normal -0.880919158 0.473265231 -0.0011773709
  outer loop
  vertex -0.00602069823 0.0318648107 0.012571197
  vertex -0.00640416518 0.0311645623 0.0180079434
  vertex -0.00602796441 0.0318648107 0.0180079434
  endloop
 endfacet

 facet normal -0.879868031 0.472700477 0.0488517694
  outer loop
  vertex -0.00602796441 0.0318648107 0.0180079434
  vertex -0.00640416518 0.0311645623 0.0180079434
  vertex -0.00599455507 0.0318473019 0.0187790729
  endloop
 endfacet

 facet normal -0.91033864 0.39012754 0.138145372
  outer loop
  vertex -0.00599455507 0.0318473019 0.0187790729
  vertex -0.00640416518 0.0311645623 0.0180079434
  vertex -0.00625746278 0.028346071 0.0269341916
  endloop
 endfacet

 facet normal -0.757655025 0.6082201 0.236701161
  outer loop
  vertex -0.00599455507 0.0318473019 0.0187790729
  vertex -0.00625746278 0.028346071 0.0269341916
  vertex -0.00611947058 0.028176846 0.0278107282
  endloop
 endfacet

 facet normal -0.218275055 0.905129194 0.364824831
  outer loop
  vertex -0.00599455507 0.0318473019 0.0187790729
  vertex -0.00611947058 0.028176846 0.0278107282
  vertex -0.00528572127 0.0287312064 0.0269341916
  endloop
 endfacet

 facet normal -0.166618407 0.89721489 0.408954591
  outer loop
  vertex -0.00528572127 0.0287312064 0.0269341916
  vertex -0.00611947058 0.028176846 0.0278107282
  vertex -0.00528572127 0.0282760467 0.027932778
  endloop
 endfacet

 facet normal -0.182189986 0.752338052 0.633083224
  outer loop
  vertex -0.00528572127 0.0282760467 0.027932778
  vertex -0.00611947058 0.028176846 0.0278107282
  vertex -0.00528572127 0.0277391914 0.0285707619
  endloop
 endfacet

 facet normal -0.202266321 0.736210048 0.645819783
  outer loop
  vertex -0.00528572127 0.0277391914 0.0285707619
  vertex -0.00611947058 0.028176846 0.0278107282
  vertex -0.00528572127 0.0271089692 0.0292891916
  endloop
 endfacet

 facet normal -0.22733967 0.724065781 0.651187658
  outer loop
  vertex -0.00528572127 0.0271089692 0.0292891916
  vertex -0.00611947058 0.028176846 0.0278107282
  vertex -0.00615287945 0.0269689206 0.0291421767
  endloop
 endfacet

 facet normal -0.227692634 0.707291722 0.669249177
  outer loop
  vertex -0.00528572127 0.0271089692 0.0292891916
  vertex -0.00615287945 0.0269689206 0.0291421767
  vertex -0.00528572127 0.0265079252 0.029924402
  endloop
 endfacet

 facet normal -0.244081065 0.692607522 0.678763092
  outer loop
  vertex -0.00528572127 0.0265079252 0.029924402
  vertex -0.00615287945 0.0269689206 0.0291421767
  vertex -0.00615578704 0.0257201474 0.0304153748
  endloop
 endfacet

 facet normal -0.242375717 0.691688061 0.680309951
  outer loop
  vertex -0.00528572127 0.0265079252 0.029924402
  vertex -0.00615578704 0.0257201474 0.0304153748
  vertex -0.00528572127 0.025877703 0.0305651631
  endloop
 endfacet

 facet normal 0 0.692169607 0.721734881
  outer loop
  vertex -0.00273653981 0.025877703 0.0305651631
  vertex -0.00528572127 0.025877703 0.0305651631
  vertex -0.00528572127 0.0252124704 0.031203147
  endloop
 endfacet

 facet normal 0 0.692169607 0.721734881
  outer loop
  vertex -0.00273653981 0.025877703 0.0305651631
  vertex -0.00528572127 0.0252124704 0.031203147
  vertex -0.00273653981 0.0252124704 0.031203147
  endloop
 endfacet

 facet normal 0 0.66260016 0.74897337
  outer loop
  vertex -0.00273653981 0.0252124704 0.031203147
  vertex -0.00528572127 0.0252124704 0.031203147
  vertex -0.00528572127 0.0245822463 0.0317606889
  endloop
 endfacet

 facet normal 0 0.66260016 0.74897337
  outer loop
  vertex -0.00273653981 0.0252124704 0.031203147
  vertex -0.00528572127 0.0245822463 0.0317606889
  vertex -0.00273653981 0.0245822463 0.0317606889
  endloop
 endfacet

 facet normal 0 0.641999424 0.766705096
  outer loop
  vertex -0.00273653981 0.0245822463 0.0317606889
  vertex -0.00528572127 0.0245822463 0.0317606889
  vertex -0.00528572127 0.0238236468 0.032395903
  endloop
 endfacet

 facet normal 0 0.641999424 0.766705096
  outer loop
  vertex -0.00273653981 0.0245822463 0.0317606889
  vertex -0.00528572127 0.0238236468 0.032395903
  vertex -0.00273653981 0.0238236468 0.032395903
  endloop
 endfacet

 facet normal 0 0.587338686 0.809341311
  outer loop
  vertex -0.00273653981 0.0231875908 0.0329146124
  vertex -0.00528572127 0.0231875908 0.0329146124
  vertex -0.00528572127 0.0223122817 0.0335498229
  endloop
 endfacet

 facet normal 0 0.587338686 0.809341311
  outer loop
  vertex -0.00273653981 0.0231875908 0.0329146124
  vertex -0.00528572127 0.0223122817 0.0335498229
  vertex -0.00273653981 0.0223122817 0.0335498229
  endloop
 endfacet

 facet normal 0 0.631996274 0.774971426
  outer loop
  vertex -0.00273653981 0.0231875908 0.0329146124
  vertex -0.00273653981 0.0238236468 0.032395903
  vertex -0.00528572127 0.0238236468 0.032395903
  endloop
 endfacet

 facet normal 0 0.631996274 0.774971426
  outer loop
  vertex -0.00273653981 0.0231875908 0.0329146124
  vertex -0.00528572127 0.0238236468 0.032395903
  vertex -0.00528572127 0.0231875908 0.0329146124
  endloop
 endfacet

 facet normal 0 0.572231174 0.82009238
  outer loop
  vertex -0.00273653981 0.0223122817 0.0335498229
  vertex -0.00528572127 0.0223122817 0.0335498229
  vertex -0.00528572127 0.0216762256 0.0339936428
  endloop
 endfacet

 facet normal 0 0.572231174 0.82009238
  outer loop
  vertex -0.00273653981 0.0223122817 0.0335498229
  vertex -0.00528572127 0.0216762256 0.0339936428
  vertex -0.00273653981 0.0216762256 0.0339936428
  endloop
 endfacet

 facet normal 0 0.544549823 0.838728547
  outer loop
  vertex -0.00273653981 0.0216762256 0.0339936428
  vertex -0.00528572127 0.0216762256 0.0339936428
  vertex -0.00401185639 0.020958472 0.0344596468
  endloop
 endfacet

 facet normal 0 0.544549823 0.838728547
  outer loop
  vertex -0.00273653981 0.0216762256 0.0339936428
  vertex -0.00401185639 0.020958472 0.0344596468
  vertex -0.00273653981 0.020958472 0.0344596468
  endloop
 endfacet

 facet normal 0 0.532939672 0.846153259
  outer loop
  vertex -0.00273653981 0.020958472 0.0344596468
  vertex -0.00401185639 0.020958472 0.0344596468
  vertex -0.00401185639 0.02002481 0.0350477025
  endloop
 endfacet

 facet normal 0 0.532939672 0.846153259
  outer loop
  vertex -0.00273653981 0.020958472 0.0344596468
  vertex -0.00401185639 0.02002481 0.0350477025
  vertex -0.00273653981 0.02002481 0.0350477025
  endloop
 endfacet

 facet normal 0 0.498896301 0.866661727
  outer loop
  vertex -0.00273653981 0.02002481 0.0350477025
  vertex -0.00401185639 0.02002481 0.0350477025
  vertex -0.00528572127 0.0193887521 0.0354138501
  endloop
 endfacet

 facet normal 0 0.498896301 0.866661727
  outer loop
  vertex -0.00273653981 0.02002481 0.0350477025
  vertex -0.00528572127 0.0193887521 0.0354138501
  vertex -0.00273653981 0.0193887521 0.0354138501
  endloop
 endfacet

 facet normal 0 0.467902958 0.883779883
  outer loop
  vertex -0.00273653981 0.0193887521 0.0354138501
  vertex -0.00528572127 0.0193887521 0.0354138501
  vertex -0.00401185639 0.0184142441 0.0359297879
  endloop
 endfacet

 facet normal -0.00562888524 0.507331967 0.861732364
  outer loop
  vertex -0.00528572127 0.0193887521 0.0354138501
  vertex -0.00401185639 0.02002481 0.0350477025
  vertex -0.00528572127 0.02002481 0.0350393802
  endloop
 endfacet

 facet normal -0.12635763 0.503273427 0.854838848
  outer loop
  vertex -0.00528572127 0.0193887521 0.0354138501
  vertex -0.00528572127 0.02002481 0.0350393802
  vertex -0.00597421918 0.0216470473 0.0339825451
  endloop
 endfacet

 facet normal -0.893089771 0.247939169 0.375388861
  outer loop
  vertex -0.00631701481 0.0196921937 0.0346344002
  vertex -0.00614852039 0.020958472 0.0341989025
  vertex -0.00620952807 0.0221372209 0.0332752131
  endloop
 endfacet

 facet normal -0.894287825 0.246814892 0.373271644
  outer loop
  vertex -0.00631701481 0.0196921937 0.0346344002
  vertex -0.00620952807 0.0221372209 0.0332752131
  vertex -0.00652327342 0.020958472 0.0333029516
  endloop
 endfacet

 facet normal -0.0490566306 0.530496359 0.846266508
  outer loop
  vertex -0.00597421918 0.0216470473 0.0339825451
  vertex -0.00528572127 0.02002481 0.0350393802
  vertex -0.00528572127 0.020958472 0.0344540998
  endloop
 endfacet

 facet normal -0.036424987 0.539607763 0.84112823
  outer loop
  vertex -0.00597421918 0.0216470473 0.0339825451
  vertex -0.00528572127 0.020958472 0.0344540998
  vertex -0.00528572127 0.0216762256 0.0339936428
  endloop
 endfacet

 facet normal -0.0374421887 0.571829915 0.819517374
  outer loop
  vertex -0.00597421918 0.0216470473 0.0339825451
  vertex -0.00528572127 0.0216762256 0.0339936428
  vertex -0.00528572127 0.0223122817 0.0335498229
  endloop
 endfacet

 facet normal -0.0587211065 0.586325169 0.807944715
  outer loop
  vertex -0.00597421918 0.0216470473 0.0339825451
  vertex -0.00528572127 0.0223122817 0.0335498229
  vertex -0.00528572127 0.0231875908 0.0329146124
  endloop
 endfacet

 facet normal -0.157891557 0.609259367 0.777092934
  outer loop
  vertex -0.00597421918 0.0216470473 0.0339825451
  vertex -0.00528572127 0.0231875908 0.0329146124
  vertex -0.00610058988 0.0230825525 0.0328313969
  endloop
 endfacet

 facet normal -0.764041841 0.361345351 0.534480691
  outer loop
  vertex -0.00597421918 0.0216470473 0.0339825451
  vertex -0.00610058988 0.0230825525 0.0328313969
  vertex -0.00614852039 0.020958472 0.0341989025
  endloop
 endfacet

 facet normal -0.840461135 0.306609571 0.446783841
  outer loop
  vertex -0.00614852039 0.020958472 0.0341989025
  vertex -0.00610058988 0.0230825525 0.0328313969
  vertex -0.00620952807 0.0221372209 0.0332752131
  endloop
 endfacet

 facet normal -0.902164936 0.248426929 0.352679163
  outer loop
  vertex -0.00652327342 0.020958472 0.0333029516
  vertex -0.00620952807 0.0221372209 0.0332752131
  vertex -0.00631120382 0.0235085357 0.0320491716
  endloop
 endfacet

 facet normal -0.930191278 0.221336097 0.292838693
  outer loop
  vertex -0.00652327342 0.020958472 0.0333029516
  vertex -0.00631120382 0.0235085357 0.0320491716
  vertex -0.00661913818 0.0222364217 0.032032527
  endloop
 endfacet

 facet normal -0.938837349 0.223836482 0.261690438
  outer loop
  vertex -0.00661913818 0.0222364217 0.032032527
  vertex -0.00631120382 0.0235085357 0.0320491716
  vertex -0.00634316169 0.024827335 0.0308064874
  endloop
 endfacet

 facet normal -0.873536766 0.32243517 0.364649147
  outer loop
  vertex -0.00634316169 0.024827335 0.0308064874
  vertex -0.00631120382 0.0235085357 0.0320491716
  vertex -0.00614125794 0.024436364 0.0316358693
  endloop
 endfacet

 facet normal -0.862171829 0.343907565 0.372004598
  outer loop
  vertex -0.00634316169 0.024827335 0.0308064874
  vertex -0.00614125794 0.024436364 0.0316358693
  vertex -0.00615578704 0.0257201474 0.0304153748
  endloop
 endfacet

 facet normal -0.877153397 0.334866703 0.344189167
  outer loop
  vertex -0.00634316169 0.024827335 0.0308064874
  vertex -0.00615578704 0.0257201474 0.0304153748
  vertex -0.00635042414 0.0261169542 0.0295332894
  endloop
 endfacet

 facet normal -0.878763199 0.35180831 0.322499812
  outer loop
  vertex -0.00635042414 0.0261169542 0.0295332894
  vertex -0.00615287945 0.0269689206 0.0291421767
  vertex -0.00632863631 0.0273715612 0.0282240324
  endloop
 endfacet

 facet normal -0.862576604 0.362175047 0.353257388
  outer loop
  vertex -0.00635042414 0.0261169542 0.0295332894
  vertex -0.00615578704 0.0257201474 0.0304153748
  vertex -0.00615287945 0.0269689206 0.0291421767
  endloop
 endfacet

 facet normal -0.914408803 0.345642179 0.21068494
  outer loop
  vertex -0.00632863631 0.0273715612 0.0282240324
  vertex -0.00611947058 0.028176846 0.0278107282
  vertex -0.00625746278 0.028346071 0.0269341916
  endloop
 endfacet

 facet normal -0.854775071 0.394877791 0.336795509
  outer loop
  vertex -0.00632863631 0.0273715612 0.0282240324
  vertex -0.00615287945 0.0269689206 0.0291421767
  vertex -0.00611947058 0.028176846 0.0278107282
  endloop
 endfacet

 facet normal -0.984997213 -0.128605932 0.115069717
  outer loop
  vertex -0.00799468253 -0.0223809425 0.0109651377
  vertex -0.00667288341 -0.026203122 0.0180079434
  vertex -0.00664673699 -0.0172749795 0.0282101631
  endloop
 endfacet

 facet normal -0.946336389 -0.323175699 0.0022194148
  outer loop
  vertex -0.00799468253 -0.0223809425 0.0109651377
  vertex -0.00668740878 -0.0262089558 0.0109651377
  vertex -0.00667288341 -0.026203122 0.0180079434
  endloop
 endfacet

 facet normal -0.948528469 -0.225647837 0.222208738
  outer loop
  vertex -0.00664673699 -0.0172749795 0.0282101631
  vertex -0.00633299164 -0.0173099916 0.0295138713
  vertex -0.00665109605 -0.0160028618 0.0294833612
  endloop
 endfacet

 facet normal -0.962995172 -0.201593846 0.178886384
  outer loop
  vertex -0.00664673699 -0.0172749795 0.0282101631
  vertex -0.00667288341 -0.026203122 0.0180079434
  vertex -0.00661623478 -0.0185529292 0.0269341916
  endloop
 endfacet

 facet normal -0.944566965 -0.242992312 0.220789596
  outer loop
  vertex -0.00664673699 -0.0172749795 0.0282101631
  vertex -0.00661623478 -0.0185529292 0.0269341916
  vertex -0.00633299164 -0.0173099916 0.0295138713
  endloop
 endfacet

 facet normal -0.946554124 -0.224958748 0.231147036
  outer loop
  vertex -0.00665109605 -0.0160028618 0.0294833612
  vertex -0.00633299164 -0.0173099916 0.0295138713
  vertex -0.00632718438 -0.0160262045 0.0307870694
  endloop
 endfacet

 facet normal -0.947324872 -0.221424639 0.231401771
  outer loop
  vertex -0.00665109605 -0.0160028618 0.0294833612
  vertex -0.00632718438 -0.0160262045 0.0307870694
  vertex -0.00663947407 -0.0147249158 0.0307537839
  endloop
 endfacet

 facet normal -0.943822563 -0.220200628 0.246395439
  outer loop
  vertex -0.00663947407 -0.0147249158 0.0307537839
  vertex -0.00632718438 -0.0160262045 0.0307870694
  vertex -0.00660316134 -0.0134528009 0.0320297554
  endloop
 endfacet

 facet normal -0.93419528 -0.231336042 0.271593153
  outer loop
  vertex -0.00660316134 -0.0134528009 0.0320297554
  vertex -0.00632718438 -0.0160262045 0.0307870694
  vertex -0.00629086792 -0.0147074088 0.0320353024
  endloop
 endfacet

 facet normal -0.92519325 -0.228957921 0.30264768
  outer loop
  vertex -0.00660316134 -0.0134528009 0.0320297554
  vertex -0.00629086792 -0.0147074088 0.0320353024
  vertex -0.00650148559 -0.012180686 0.0333029516
  endloop
 endfacet

 facet normal -0.890810251 -0.260891616 0.372011662
  outer loop
  vertex -0.00650148559 -0.012180686 0.0333029516
  vertex -0.00629086792 -0.0147074088 0.0320353024
  vertex -0.00618047826 -0.0133360922 0.0332613438
  endloop
 endfacet

 facet normal -0.886436462 -0.260067731 0.382877648
  outer loop
  vertex -0.00650148559 -0.012180686 0.0333029516
  vertex -0.00618047826 -0.0133360922 0.0332613438
  vertex -0.0061252811 -0.012180686 0.0341739394
  endloop
 endfacet

 facet normal -0.886752844 -0.258784443 0.383014262
  outer loop
  vertex -0.00650148559 -0.012180686 0.0333029516
  vertex -0.0061252811 -0.012180686 0.0341739394
  vertex -0.00630684849 -0.0108852312 0.0346288532
  endloop
 endfacet

 facet normal -0.00188174355 -0.501725733 0.865024686
  outer loop
  vertex -0.00528717693 -0.0105526131 0.03538334
  vertex -0.00528717693 -0.0111886691 0.035014417
  vertex -0.00401185639 -0.0111886691 0.0350171924
  endloop
 endfacet

 facet normal -0.847005606 -0.303982556 0.43609184
  outer loop
  vertex -0.0061252811 -0.012180686 0.0341739394
  vertex -0.00618047826 -0.0133360922 0.0332613438
  vertex -0.00608170591 -0.0142639205 0.0328064337
  endloop
 endfacet

 facet normal -0.718332529 -0.392213583 0.574601531
  outer loop
  vertex -0.0061252811 -0.012180686 0.0341739394
  vertex -0.00608170591 -0.0142639205 0.0328064337
  vertex -0.00594371744 -0.0128342509 0.0339548066
  endloop
 endfacet

 facet normal -0.0492637753 -0.526759803 0.848585486
  outer loop
  vertex -0.00594371744 -0.0128342509 0.0339548066
  vertex -0.00528717693 -0.012180686 0.0343986228
  vertex -0.00528717693 -0.0111886691 0.035014417
  endloop
 endfacet

 facet normal -0.13810955 -0.612098455 0.778627872
  outer loop
  vertex -0.00594371744 -0.0128342509 0.0339548066
  vertex -0.00608170591 -0.0142639205 0.0328064337
  vertex -0.00528717693 -0.0143514508 0.0328785516
  endloop
 endfacet

 facet normal -0.0453997999 -0.590977848 0.805409312
  outer loop
  vertex -0.00594371744 -0.0128342509 0.0339548066
  vertex -0.00528717693 -0.0143514508 0.0328785516
  vertex -0.00528717693 -0.0134819783 0.0335165374
  endloop
 endfacet

 facet normal -0.0205830652 -0.574506104 0.818241537
  outer loop
  vertex -0.00594371744 -0.0128342509 0.0339548066
  vertex -0.00528717693 -0.0134819783 0.0335165374
  vertex -0.00528717693 -0.0128459213 0.0339631289
  endloop
 endfacet

 facet normal -0.0203361399 -0.547605276 0.836489618
  outer loop
  vertex -0.00594371744 -0.0128342509 0.0339548066
  vertex -0.00528717693 -0.0128459213 0.0339631289
  vertex -0.00528717693 -0.012180686 0.0343986228
  endloop
 endfacet

 facet normal -0.00184822339 -0.527399242 0.849615574
  outer loop
  vertex -0.00528717693 -0.0111886691 0.035014417
  vertex -0.00528717693 -0.012180686 0.0343986228
  vertex -0.00401185639 -0.0111886691 0.0350171924
  endloop
 endfacet

 facet normal -0.138638481 -0.626459658 0.767025173
  outer loop
  vertex -0.00528717693 -0.0143514508 0.0328785516
  vertex -0.00608170591 -0.0142639205 0.0328064337
  vertex -0.00528717693 -0.0149933426 0.0323542953
  endloop
 endfacet

 facet normal -0.157458097 -0.638485312 0.753354788
  outer loop
  vertex -0.00528717693 -0.0149933426 0.0323542953
  vertex -0.00608170591 -0.0142639205 0.0328064337
  vertex -0.00528717693 -0.0157461073 0.0317163095
  endloop
 endfacet

 facet normal -0.191554084 -0.646085322 0.738837421
  outer loop
  vertex -0.00528717693 -0.0157461073 0.0317163095
  vertex -0.00608170591 -0.0142639205 0.0328064337
  vertex -0.00612673303 -0.0156177301 0.0316109024
  endloop
 endfacet

 facet normal -0.19173786 -0.650556326 0.734855831
  outer loop
  vertex -0.00528717693 -0.0157461073 0.0317163095
  vertex -0.00612673303 -0.0156177301 0.0316109024
  vertex -0.00528717693 -0.0163821634 0.0311532188
  endloop
 endfacet

 facet normal -0.211305559 -0.681229532 0.700911105
  outer loop
  vertex -0.00528717693 -0.0163821634 0.0311532188
  vertex -0.0061427136 -0.0169073474 0.0303848609
  vertex -0.00528717693 -0.0170357283 0.0305180065
  endloop
 endfacet

 facet normal -0.224266499 -0.670005202 0.707670569
  outer loop
  vertex -0.00528717693 -0.0163821634 0.0311532188
  vertex -0.00612673303 -0.0156177301 0.0316109024
  vertex -0.0061427136 -0.0169073474 0.0303848609
  endloop
 endfacet

 facet normal -0.864991903 -0.373740613 0.334823787
  outer loop
  vertex -0.00613835454 -0.0181502886 0.0291088913
  vertex -0.00630684849 -0.018570438 0.0282046162
  vertex -0.00617321534 -0.0271076038 0.0190203972
  endloop
 endfacet

 facet normal -0.246396169 -0.724308133 0.643946111
  outer loop
  vertex -0.00613835454 -0.0181502886 0.0291088913
  vertex -0.00617321534 -0.0271076038 0.0190203972
  vertex -0.00528572127 -0.0272418186 0.0192090198
  endloop
 endfacet

 facet normal -0.85643357 -0.371263325 0.358727157
  outer loop
  vertex -0.00613835454 -0.0181502886 0.0291088913
  vertex -0.0061427136 -0.0169073474 0.0303848609
  vertex -0.00633299164 -0.0173099916 0.0295138713
  endloop
 endfacet

 facet normal -0.872039497 -0.361177534 0.330299795
  outer loop
  vertex -0.00613835454 -0.0181502886 0.0291088913
  vertex -0.00633299164 -0.0173099916 0.0295138713
  vertex -0.00630684849 -0.018570438 0.0282046162
  endloop
 endfacet

 facet normal -0.853480816 -0.353469431 0.382922679
  outer loop
  vertex -0.0061427136 -0.0169073474 0.0303848609
  vertex -0.00612673303 -0.0156177301 0.0316109024
  vertex -0.00632718438 -0.0160262045 0.0307870694
  endloop
 endfacet

 facet normal -0.872671723 -0.341856778 0.348680407
  outer loop
  vertex -0.0061427136 -0.0169073474 0.0303848609
  vertex -0.00632718438 -0.0160262045 0.0307870694
  vertex -0.00633299164 -0.0173099916 0.0295138713
  endloop
 endfacet

 facet normal -0.937623978 -0.261330456 0.229276389
  outer loop
  vertex -0.00617321534 -0.0271076038 0.0190203972
  vertex -0.00630684849 -0.018570438 0.0282046162
  vertex -0.00667288341 -0.026203122 0.0180079434
  endloop
 endfacet

 facet normal -0.928684771 -0.335058123 0.158999667
  outer loop
  vertex -0.00617321534 -0.0271076038 0.0190203972
  vertex -0.00667288341 -0.026203122 0.0180079434
  vertex -0.00629813457 -0.0272418186 0.0180079434
  endloop
 endfacet

 facet normal -0.940648675 -0.339374572 0.00222110213
  outer loop
  vertex -0.00629813457 -0.0272418186 0.0180079434
  vertex -0.00667288341 -0.026203122 0.0180079434
  vertex -0.00668740878 -0.0262089558 0.0109651377
  endloop
 endfacet

 facet normal -0.936828971 -0.349787652 0.000482842181
  outer loop
  vertex -0.00629813457 -0.0272418186 0.0180079434
  vertex -0.00668740878 -0.0262089558 0.0109651377
  vertex -0.00629958604 -0.0272476524 0.0109651377
  endloop
 endfacet

 facet normal -0.248330697 0.665955424 0.703445315
  outer loop
  vertex -0.00615578704 0.0257201474 0.0304153748
  vertex -0.00614125794 0.024436364 0.0316358693
  vertex -0.00528572127 0.0252124704 0.031203147
  endloop
 endfacet

 facet normal -0.242165372 0.671567202 0.700252414
  outer loop
  vertex -0.00615578704 0.0257201474 0.0304153748
  vertex -0.00528572127 0.0252124704 0.031203147
  vertex -0.00528572127 0.025877703 0.0305651631
  endloop
 endfacet

 facet normal -0.216964886 0.646816611 0.731132388
  outer loop
  vertex -0.00528572127 0.0252124704 0.031203147
  vertex -0.00614125794 0.024436364 0.0316358693
  vertex -0.00528572127 0.0245822463 0.0317606889
  endloop
 endfacet

 facet normal -0.216791123 0.642521143 0.73496145
  outer loop
  vertex -0.00528572127 0.0245822463 0.0317606889
  vertex -0.00614125794 0.024436364 0.0316358693
  vertex -0.00610058988 0.0230825525 0.0328313969
  endloop
 endfacet

 facet normal -0.171540082 0.632483184 0.755340338
  outer loop
  vertex -0.00528572127 0.0245822463 0.0317606889
  vertex -0.00610058988 0.0230825525 0.0328313969
  vertex -0.00528572127 0.0238236468 0.032395903
  endloop
 endfacet

 facet normal -0.158573568 0.623999715 0.765165925
  outer loop
  vertex -0.00528572127 0.0231875908 0.0329146124
  vertex -0.00528572127 0.0238236468 0.032395903
  vertex -0.00610058988 0.0230825525 0.0328313969
  endloop
 endfacet

 facet normal -0.00366485468 0.539962471 0.841681182
  outer loop
  vertex -0.00528572127 0.0216762256 0.0339936428
  vertex -0.00528572127 0.020958472 0.0344540998
  vertex -0.00401185639 0.020958472 0.0344596468
  endloop
 endfacet

 facet normal -0.00368430233 0.532936037 0.846147537
  outer loop
  vertex -0.00401185639 0.020958472 0.0344596468
  vertex -0.00528572127 0.020958472 0.0344540998
  vertex -0.00401185639 0.02002481 0.0350477025
  endloop
 endfacet

 facet normal -0.00553444121 0.53112781 0.847273707
  outer loop
  vertex -0.00401185639 0.02002481 0.0350477025
  vertex -0.00528572127 0.020958472 0.0344540998
  vertex -0.00528572127 0.02002481 0.0350393802
  endloop
 endfacet

 facet normal -0.875593841 0.28425917 0.390553594
  outer loop
  vertex -0.00620952807 0.0221372209 0.0332752131
  vertex -0.00610058988 0.0230825525 0.0328313969
  vertex -0.00631120382 0.0235085357 0.0320491716
  endloop
 endfacet

 facet normal -0.845914483 0.338517249 0.41211006
  outer loop
  vertex -0.00610058988 0.0230825525 0.0328313969
  vertex -0.00614125794 0.024436364 0.0316358693
  vertex -0.00631120382 0.0235085357 0.0320491716
  endloop
 endfacet

 facet normal -0.940024078 -0.256030768 0.225395441
  outer loop
  vertex -0.00667288341 -0.026203122 0.0180079434
  vertex -0.00630684849 -0.018570438 0.0282046162
  vertex -0.00661623478 -0.0185529292 0.0269341916
  endloop
 endfacet

 facet normal -0.940586746 -0.25380671 0.225563139
  outer loop
  vertex -0.00633299164 -0.0173099916 0.0295138713
  vertex -0.00661623478 -0.0185529292 0.0269341916
  vertex -0.00630684849 -0.018570438 0.0282046162
  endloop
 endfacet

 facet normal -0.866057396 -0.330881089 0.374783009
  outer loop
  vertex -0.00632718438 -0.0160262045 0.0307870694
  vertex -0.00612673303 -0.0156177301 0.0316109024
  vertex -0.00629086792 -0.0147074088 0.0320353024
  endloop
 endfacet

 facet normal -0.833876073 -0.349511743 0.427191108
  outer loop
  vertex -0.00629086792 -0.0147074088 0.0320353024
  vertex -0.00612673303 -0.0156177301 0.0316109024
  vertex -0.00608170591 -0.0142639205 0.0328064337
  endloop
 endfacet

 facet normal -0.868547142 -0.289640248 0.402162254
  outer loop
  vertex -0.00629086792 -0.0147074088 0.0320353024
  vertex -0.00608170591 -0.0142639205 0.0328064337
  vertex -0.00618047826 -0.0133360922 0.0332613438
  endloop
 endfacet

endsolid AssimpScene
