solid AssimpScene
 facet normal -1 0 0
  outer loop
  vertex 0.0453318059 0.0141810412 -0.0125928363
  vertex 0.0453318059 0.0141810412 -0.00112442265
  vertex 0.0453318059 0.0142385131 0.000150480148
  endloop
 endfacet

 facet normal -1 0 0
  outer loop
  vertex 0.0453318059 0.0141810412 -0.0125928363
  vertex 0.0453318059 0.0142385131 0.000150480148
  vertex 0.0453318059 0.014583352 0.00120527658
  endloop
 endfacet

 facet normal -1 0 0
  outer loop
  vertex 0.0453318059 0.0141810412 -0.0125928363
  vertex 0.0453318059 0.014583352 0.00120527658
  vertex 0.0453318059 0.0146480091 0.0013396272
  endloop
 endfacet

 facet normal -1 0 0
  outer loop
  vertex 0.0453318059 0.0141810412 -0.0125928363
  vertex 0.0453318059 0.0146480091 0.0013396272
  vertex 0.0453318059 0.015869312 0.00163405586
  endloop
 endfacet

 facet normal -1 0 0
  outer loop
  vertex 0.0453318059 0.0141810412 -0.0125928363
  vertex 0.0453318059 0.015869312 0.00163405586
  vertex 0.0453318059 0.0169972219 0.00163977267
  endloop
 endfacet

 facet normal -1 0 0
  outer loop
  vertex 0.0453318059 0.0141810412 -0.0125928363
  vertex 0.0453318059 0.0169972219 0.00163977267
  vertex 0.0453318059 0.0171480887 0.00163977267
  endloop
 endfacet

 facet normal -1 0 0
  outer loop
  vertex 0.0453318059 0.0141810412 -0.0125928363
  vertex 0.0453318059 0.0171480887 0.00163977267
  vertex 0.0453318059 0.0247848239 0.00163405586
  endloop
 endfacet

 facet normal -1 0 0
  outer loop
  vertex 0.0453318059 0.0141810412 -0.0125928363
  vertex 0.0453318059 0.0247848239 0.00163405586
  vertex 0.0453318059 0.0256756563 0.00143395865
  endloop
 endfacet

 facet normal -1 0 0
  outer loop
  vertex 0.0453318059 0.0141810412 -0.0125928363
  vertex 0.0453318059 0.0256756563 0.00143395865
  vertex 0.0453318059 0.0256756563 -0.0152712762
  endloop
 endfacet

 facet normal -1 0 0
  outer loop
  vertex 0.0453318059 0.0141810412 -0.0125928363
  vertex 0.0453318059 0.0256756563 -0.0152712762
  vertex 0.0453318059 0.0247848239 -0.0156114418
  endloop
 endfacet

 facet normal -1 0 0
  outer loop
  vertex 0.0453318059 0.0141810412 -0.0125928363
  vertex 0.0453318059 0.0247848239 -0.0156114418
  vertex 0.0453318059 0.0235204156 -0.015654318
  endloop
 endfacet

 facet normal -1 0 0
  outer loop
  vertex 0.0453318059 0.0141810412 -0.0125928363
  vertex 0.0453318059 0.0235204156 -0.015654318
  vertex 0.0453318059 0.0171480887 -0.015654318
  endloop
 endfacet

 facet normal -1 0 0
  outer loop
  vertex 0.0453318059 0.0141810412 -0.0125928363
  vertex 0.0453318059 0.0171480887 -0.015654318
  vertex 0.0453318059 0.0170403253 -0.0156514607
  endloop
 endfacet

 facet normal -1 0 0
  outer loop
  vertex 0.0453318059 0.0141810412 -0.0125928363
  vertex 0.0453318059 0.0170403253 -0.0156514607
  vertex 0.0453318059 0.015869312 -0.0156171573
  endloop
 endfacet

 facet normal -1 0 0
  outer loop
  vertex 0.0453318059 0.0141810412 -0.0125928363
  vertex 0.0453318059 0.015869312 -0.0156171573
  vertex 0.0453318059 0.0157902855 -0.0156028643
  endloop
 endfacet

 facet normal -1 0 0
  outer loop
  vertex 0.0453318059 0.0141810412 -0.0125928363
  vertex 0.0453318059 0.0157902855 -0.0156028643
  vertex 0.0453318059 0.0147198513 -0.0151798027
  endloop
 endfacet

 facet normal -1 0 0
  outer loop
  vertex 0.0453318059 0.0141810412 -0.0125928363
  vertex 0.0453318059 0.0147198513 -0.0151798027
  vertex 0.0453318059 0.0146120889 -0.0151340673
  endloop
 endfacet

 facet normal -1 0 0
  outer loop
  vertex 0.0453318059 0.0141810412 -0.0125928363
  vertex 0.0453318059 0.0146120889 -0.0151340673
  vertex 0.0453318059 0.0142169613 -0.0138677387
  endloop
 endfacet

 facet normal -0.999520779 -0.0309434757 -0.000871832017
  outer loop
  vertex 0.0453318059 0.0141810412 -0.0125928363
  vertex 0.0453318059 0.0142169613 -0.0138677387
  vertex 0.0458738171 -0.00325485668 -0.0151426429
  endloop
 endfacet

 facet normal -0.999517143 -0.031070862 0
  outer loop
  vertex 0.0453318059 0.0141810412 -0.0125928363
  vertex 0.0458738171 -0.00325485668 -0.0151426429
  vertex 0.0458738171 -0.00325485668 0.00270028622
  endloop
 endfacet

 facet normal -0.999517143 -0.031070862 0
  outer loop
  vertex 0.0453318059 0.0141810412 -0.0125928363
  vertex 0.0458738171 -0.00325485668 0.00270028622
  vertex 0.0453318059 0.0141810412 -0.00112442265
  endloop
 endfacet

 facet normal -0.999525666 -0.030766882 0.00138696539
  outer loop
  vertex 0.0453318059 0.0141810412 -0.00112442265
  vertex 0.0458738171 -0.00325485668 0.00270028622
  vertex 0.0453318059 0.0142385131 0.000150480148
  endloop
 endfacet

 facet normal -0.999508083 -0.0299386382 -0.0093416404
  outer loop
  vertex 0.0453318059 0.0142169613 -0.0138677387
  vertex 0.0453318059 0.0146120889 -0.0151340673
  vertex 0.0458789766 -0.00325485668 -0.0164175462
  endloop
 endfacet

 facet normal -0.999520183 -0.0307118315 -0.00404615188
  outer loop
  vertex 0.0453318059 0.0142169613 -0.0138677387
  vertex 0.0458789766 -0.00325485668 -0.0164175462
  vertex 0.0458738171 -0.00325485668 -0.0151426429
  endloop
 endfacet

 facet normal -0.999168873 -0.040561609 -0.00404472975
  outer loop
  vertex 0.0458738171 -0.00325485668 -0.0151426429
  vertex 0.0458789766 -0.00325485668 -0.0164175462
  vertex 0.0459305979 -0.0045264489 -0.0164175462
  endloop
 endfacet

 facet normal -0.999168873 -0.0405601151 -0.00404621894
  outer loop
  vertex 0.0458738171 -0.00325485668 -0.0151426429
  vertex 0.0459305979 -0.0045264489 -0.0164175462
  vertex 0.0459254347 -0.0045264489 -0.0151426429
  endloop
 endfacet

 facet normal -0.999177098 -0.040560443 0
  outer loop
  vertex 0.0458738171 -0.00325485668 -0.0151426429
  vertex 0.0459254347 -0.0045264489 -0.0151426429
  vertex 0.0459254347 -0.0045264489 0.00142538303
  endloop
 endfacet

 facet normal -0.999177098 -0.040560443 0
  outer loop
  vertex 0.0458738171 -0.00325485668 -0.0151426429
  vertex 0.0459254347 -0.0045264489 0.00142538303
  vertex 0.0458738171 -0.00325485668 0.00270028622
  endloop
 endfacet

 facet normal -0.999516368 -0.0295601543 0.00966394506
  outer loop
  vertex 0.0453318059 0.0142385131 0.000150480148
  vertex 0.0458738171 -0.00325485668 0.00270028622
  vertex 0.0453318059 0.014583352 0.00120527658
  endloop
 endfacet

 facet normal -0.998537004 -0.0526955537 0.0121295024
  outer loop
  vertex 0.0458738171 -0.00325485668 0.00270028622
  vertex 0.0459254347 -0.0045264489 0.00142538303
  vertex 0.0459409207 -0.0045264489 0.00270028622
  endloop
 endfacet

 facet normal -0.998406351 -0.0526886545 0.0202126931
  outer loop
  vertex 0.0458738171 -0.00325485668 0.00270028622
  vertex 0.0459409207 -0.0045264489 0.00270028622
  vertex 0.0458996259 -0.00325485668 0.00397518976
  endloop
 endfacet

 facet normal -0.999382854 -0.0287186466 0.0202324633
  outer loop
  vertex 0.0458738171 -0.00325485668 0.00270028622
  vertex 0.0458996259 -0.00325485668 0.00397518976
  vertex 0.0453318059 0.0146480091 0.0013396272
  endloop
 endfacet

 facet normal -0.999475121 -0.0291914269 0.0140485568
  outer loop
  vertex 0.0458738171 -0.00325485668 0.00270028622
  vertex 0.0453318059 0.0146480091 0.0013396272
  vertex 0.0453318059 0.014583352 0.00120527658
  endloop
 endfacet

 facet normal -0.997760296 -0.0261329692 -0.061574094
  outer loop
  vertex 0.0453318059 0.0146120889 -0.0151340673
  vertex 0.0453318059 0.0147198513 -0.0151798027
  vertex 0.0458789766 -0.00325485668 -0.0164175462
  endloop
 endfacet

 facet normal -0.99709034 -0.0404772274 -0.0645945221
  outer loop
  vertex 0.0458789766 -0.00325485668 -0.0164175462
  vertex 0.04596157 -0.00325485668 -0.0176924486
  vertex 0.0459305979 -0.0045264489 -0.0164175462
  endloop
 endfacet

 facet normal -0.997573018 -0.0259171277 -0.0646257848
  outer loop
  vertex 0.0458789766 -0.00325485668 -0.0164175462
  vertex 0.0453318059 0.0147198513 -0.0151798027
  vertex 0.04596157 -0.00325485668 -0.0176924486
  endloop
 endfacet

 facet normal -0.983185649 -0.182565123 -0.00398149388
  outer loop
  vertex 0.0459254347 -0.0045264489 -0.0151426429
  vertex 0.0459305979 -0.0045264489 -0.0164175462
  vertex 0.0461680479 -0.00580522371 -0.0164175462
  endloop
 endfacet

 facet normal -0.983185649 -0.182565123 -0.00398149388
  outer loop
  vertex 0.0459254347 -0.0045264489 -0.0151426429
  vertex 0.0461680479 -0.00580522371 -0.0164175462
  vertex 0.0461628847 -0.00580522371 -0.0151426429
  endloop
 endfacet

 facet normal -0.983193517 -0.182566553 0
  outer loop
  vertex 0.0459254347 -0.0045264489 -0.0151426429
  vertex 0.0461628847 -0.00580522371 -0.0151426429
  vertex 0.0461628847 -0.00580522371 0.00142538303
  endloop
 endfacet

 facet normal -0.983193517 -0.182566553 0
  outer loop
  vertex 0.0459254347 -0.0045264489 -0.0151426429
  vertex 0.0461628847 -0.00580522371 0.00142538303
  vertex 0.0459254347 -0.0045264489 0.00142538303
  endloop
 endfacet

 facet normal -0.983162344 -0.182560787 0.00796280429
  outer loop
  vertex 0.0459254347 -0.0045264489 0.00142538303
  vertex 0.0461628847 -0.00580522371 0.00142538303
  vertex 0.0461732112 -0.00580522371 0.00270028622
  endloop
 endfacet

 facet normal -0.983828604 -0.178713918 0.0119508347
  outer loop
  vertex 0.0459254347 -0.0045264489 0.00142538303
  vertex 0.0461732112 -0.00580522371 0.00270028622
  vertex 0.0459409207 -0.0045264489 0.00270028622
  endloop
 endfacet

 facet normal -0.98339951 -0.178635985 0.0318545029
  outer loop
  vertex 0.0459409207 -0.0045264489 0.00270028622
  vertex 0.0461732112 -0.00580522371 0.00270028622
  vertex 0.0459822193 -0.0045264489 0.00397518976
  endloop
 endfacet

 facet normal -0.997376502 -0.064781256 0.0323072486
  outer loop
  vertex 0.0459409207 -0.0045264489 0.00270028622
  vertex 0.0459822193 -0.0045264489 0.00397518976
  vertex 0.0458996259 -0.00325485668 0.00397518976
  endloop
 endfacet

 facet normal -0.985170782 -0.063988477 0.159198016
  outer loop
  vertex 0.0458996259 -0.00325485668 0.00397518976
  vertex 0.0459822193 -0.0045264489 0.00397518976
  vertex 0.0461061038 -0.00325485668 0.00525295176
  endloop
 endfacet

 facet normal -0.987146735 -0.00978189893 0.159517288
  outer loop
  vertex 0.0458996259 -0.00325485668 0.00397518976
  vertex 0.0461061038 -0.00325485668 0.00525295176
  vertex 0.0453318059 0.015869312 0.00163405586
  endloop
 endfacet

 facet normal -0.99648869 -0.0196227077 0.081395857
  outer loop
  vertex 0.0458996259 -0.00325485668 0.00397518976
  vertex 0.0453318059 0.015869312 0.00163405586
  vertex 0.0453318059 0.0146480091 0.0013396272
  endloop
 endfacet

 facet normal -0.997529984 -0.0258179121 -0.0653247982
  outer loop
  vertex 0.0453318059 0.0147198513 -0.0151798027
  vertex 0.0453318059 0.0157902855 -0.0156028643
  vertex 0.04596157 -0.00325485668 -0.0176924486
  endloop
 endfacet

 facet normal -0.968614995 -0.0512450263 -0.243226275
  outer loop
  vertex 0.04596157 -0.00325485668 -0.0176924486
  vertex 0.0462041833 -0.00325485668 -0.0186586305
  vertex 0.0462506413 -0.0045264489 -0.0185757317
  endloop
 endfacet

 facet normal -0.969696701 -0.0551106595 -0.23801522
  outer loop
  vertex 0.04596157 -0.00325485668 -0.0176924486
  vertex 0.0462506413 -0.0045264489 -0.0185757317
  vertex 0.0460338369 -0.0045264489 -0.0176924486
  endloop
 endfacet

 facet normal -0.995141923 -0.0565567911 -0.0805850029
  outer loop
  vertex 0.04596157 -0.00325485668 -0.0176924486
  vertex 0.0460338369 -0.0045264489 -0.0176924486
  vertex 0.0459305979 -0.0045264489 -0.0164175462
  endloop
 endfacet

 facet normal -0.993379951 -0.0204453953 -0.113040857
  outer loop
  vertex 0.04596157 -0.00325485668 -0.0176924486
  vertex 0.0453318059 0.0157902855 -0.0156028643
  vertex 0.0453318059 0.015869312 -0.0156171573
  endloop
 endfacet

 facet normal -0.972595096 -0.0068078367 -0.232405961
  outer loop
  vertex 0.04596157 -0.00325485668 -0.0176924486
  vertex 0.0453318059 0.015869312 -0.0156171573
  vertex 0.0453318059 0.0170403253 -0.0156514607
  endloop
 endfacet

 facet normal -0.971441925 -0.00629049866 -0.237194493
  outer loop
  vertex 0.04596157 -0.00325485668 -0.0176924486
  vertex 0.0453318059 0.0170403253 -0.0156514607
  vertex 0.0453318059 0.0171480887 -0.015654318
  endloop
 endfacet

 facet normal -0.969874024 -0.00560798217 -0.243542373
  outer loop
  vertex 0.04596157 -0.00325485668 -0.0176924486
  vertex 0.0453318059 0.0171480887 -0.015654318
  vertex 0.0462041833 -0.00325485668 -0.0186586305
  endloop
 endfacet

 facet normal -0.98157537 -0.173758149 -0.0794863999
  outer loop
  vertex 0.0459305979 -0.0045264489 -0.0164175462
  vertex 0.0460338369 -0.0045264489 -0.0176924486
  vertex 0.0462558046 -0.00581959309 -0.0176066943
  endloop
 endfacet

 facet normal -0.980769515 -0.182116479 -0.0701767206
  outer loop
  vertex 0.0459305979 -0.0045264489 -0.0164175462
  vertex 0.0462558046 -0.00581959309 -0.0176066943
  vertex 0.0461680479 -0.00580522371 -0.0164175462
  endloop
 endfacet

 facet normal -0.961478055 -0.274854511 -0.00389358704
  outer loop
  vertex 0.0461628847 -0.00580522371 -0.0151426429
  vertex 0.0461680479 -0.00580522371 -0.0164175462
  vertex 0.0463590436 -0.00647334801 -0.0164175462
  endloop
 endfacet

 facet normal -0.959689319 -0.281062931 -0.000364792999
  outer loop
  vertex 0.0461628847 -0.00580522371 -0.0151426429
  vertex 0.0463590436 -0.00647334801 -0.0164175462
  vertex 0.0463538803 -0.0064805327 0.00270028622
  endloop
 endfacet

 facet normal -0.962254882 -0.27215001 0
  outer loop
  vertex 0.0461628847 -0.00580522371 -0.0151426429
  vertex 0.0463538803 -0.0064805327 0.00270028622
  vertex 0.0461628847 -0.00580522371 0.00142538303
  endloop
 endfacet

 facet normal -0.963193536 -0.268802255 0.00191390747
  outer loop
  vertex 0.0461628847 -0.00580522371 0.00142538303
  vertex 0.0463538803 -0.0064805327 0.00270028622
  vertex 0.0463538803 -0.00647334801 0.00370934652
  endloop
 endfacet

 facet normal -0.968220592 -0.249975026 0.00784178823
  outer loop
  vertex 0.0461628847 -0.00580522371 0.00142538303
  vertex 0.0463538803 -0.00647334801 0.00370934652
  vertex 0.0461732112 -0.00580522371 0.00270028622
  endloop
 endfacet

 facet normal -0.974793136 -0.221349984 0.0279719587
  outer loop
  vertex 0.0461732112 -0.00580522371 0.00270028622
  vertex 0.0463538803 -0.00647334801 0.00370934652
  vertex 0.0462403186 -0.00592735503 0.00407237979
  endloop
 endfacet

 facet normal -0.98333478 -0.1789359 0.0321650244
  outer loop
  vertex 0.0461732112 -0.00580522371 0.00270028622
  vertex 0.0462403186 -0.00592735503 0.00407237979
  vertex 0.0459822193 -0.0045264489 0.00397518976
  endloop
 endfacet

 facet normal -0.981357276 -0.175343603 0.0786928758
  outer loop
  vertex 0.0459822193 -0.0045264489 0.00397518976
  vertex 0.0462403186 -0.00592735503 0.00407237979
  vertex 0.0463693663 -0.00643024407 0.00456118817
  endloop
 endfacet

 facet normal -0.979213178 -0.161259532 0.123032801
  outer loop
  vertex 0.0459822193 -0.0045264489 0.00397518976
  vertex 0.0463693663 -0.00643024407 0.00456118817
  vertex 0.0462764502 -0.00558251515 0.00493279612
  endloop
 endfacet

 facet normal -0.978440702 -0.120539472 0.167702287
  outer loop
  vertex 0.0459822193 -0.0045264489 0.00397518976
  vertex 0.0462764502 -0.00558251515 0.00493279612
  vertex 0.0462093465 -0.00450489484 0.00531583885
  endloop
 endfacet

 facet normal -0.983144045 -0.072760269 0.167730942
  outer loop
  vertex 0.0459822193 -0.0045264489 0.00397518976
  vertex 0.0462093465 -0.00450489484 0.00531583885
  vertex 0.0461061038 -0.00325485668 0.00525295176
  endloop
 endfacet

 facet normal -0.950469017 -0.00453073205 0.310786039
  outer loop
  vertex 0.0461061038 -0.00325485668 0.00525295176
  vertex 0.0463332348 -0.00325485668 0.00594757311
  vertex 0.0463280715 -0.00197607977 0.00595043227
  endloop
 endfacet

 facet normal -0.950847566 -0.00383746391 0.309635431
  outer loop
  vertex 0.0461061038 -0.00325485668 0.00525295176
  vertex 0.0463280715 -0.00197607977 0.00595043227
  vertex 0.0461009443 -0.00197607977 0.00525295176
  endloop
 endfacet

 facet normal -0.981939614 -0.00396294659 0.189153641
  outer loop
  vertex 0.0461061038 -0.00325485668 0.00525295176
  vertex 0.0461009443 -0.00197607977 0.00525295176
  vertex 0.0453318059 0.015869312 0.00163405586
  endloop
 endfacet

 facet normal -0.963561654 -0.0665475354 0.259076416
  outer loop
  vertex 0.0461061038 -0.00325485668 0.00525295176
  vertex 0.0462093465 -0.00450489484 0.00531583885
  vertex 0.0463435575 -0.00406666426 0.00592756411
  endloop
 endfacet

 facet normal -0.950293541 -0.0197435934 0.310728639
  outer loop
  vertex 0.0461061038 -0.00325485668 0.00525295176
  vertex 0.0463435575 -0.00406666426 0.00592756411
  vertex 0.0463332348 -0.00325485668 0.00594757311
  endloop
 endfacet

 facet normal -0.979171395 -0.00102905964 0.203032777
  outer loop
  vertex 0.0453318059 0.015869312 0.00163405586
  vertex 0.0461009443 -0.00197607977 0.00525295176
  vertex 0.0453318059 0.0169972219 0.00163977267
  endloop
 endfacet

 facet normal -0.961442471 -0.000614599849 -0.275005251
  outer loop
  vertex 0.0462041833 -0.00325485668 -0.0186586305
  vertex 0.0453318059 0.0171480887 -0.015654318
  vertex 0.0462041833 -0.00197607977 -0.0186614878
  endloop
 endfacet

 facet normal -0.872969389 -0.00109010912 -0.487773776
  outer loop
  vertex 0.0462041833 -0.00325485668 -0.0186586305
  vertex 0.0462041833 -0.00197607977 -0.0186614878
  vertex 0.046560362 -0.00197607977 -0.0192989409
  endloop
 endfacet

 facet normal -0.872968793 -0.00109083613 -0.487774849
  outer loop
  vertex 0.0462041833 -0.00325485668 -0.0186586305
  vertex 0.046560362 -0.00197607977 -0.0192989409
  vertex 0.046560362 -0.00325485668 -0.0192960817
  endloop
 endfacet

 facet normal -0.871394515 -0.0600396767 -0.486895204
  outer loop
  vertex 0.0462041833 -0.00325485668 -0.0186586305
  vertex 0.046560362 -0.00325485668 -0.0192960817
  vertex 0.0466016568 -0.0045264489 -0.0192131866
  endloop
 endfacet

 facet normal -0.874216199 -0.0633225664 -0.48138997
  outer loop
  vertex 0.0462041833 -0.00325485668 -0.0186586305
  vertex 0.0466016568 -0.0045264489 -0.0192131866
  vertex 0.0462506413 -0.0045264489 -0.0185757317
  endloop
 endfacet

 facet normal -0.867530465 -0.138512045 -0.477708459
  outer loop
  vertex 0.0462506413 -0.0045264489 -0.0185757317
  vertex 0.0466016568 -0.0045264489 -0.0192131866
  vertex 0.046317745 -0.00541009707 -0.0184413828
  endloop
 endfacet

 facet normal -0.96535033 -0.109335542 -0.236948371
  outer loop
  vertex 0.0462506413 -0.0045264489 -0.0185757317
  vertex 0.046317745 -0.00541009707 -0.0184413828
  vertex 0.0460338369 -0.0045264489 -0.0176924486
  endloop
 endfacet

 facet normal -0.971229494 -0.177257761 -0.159037367
  outer loop
  vertex 0.0460338369 -0.0045264489 -0.0176924486
  vertex 0.046317745 -0.00541009707 -0.0184413828
  vertex 0.0462558046 -0.00581959309 -0.0176066943
  endloop
 endfacet

 facet normal -0.960913897 0 -0.276847452
  outer loop
  vertex 0.0453318059 0.0171480887 -0.015654318
  vertex 0.0453318059 0.0235204156 -0.015654318
  vertex 0.04619902 0.0502956882 -0.0186643489
  endloop
 endfacet

 facet normal -0.960913897 0 -0.276847452
  outer loop
  vertex 0.0453318059 0.0171480887 -0.015654318
  vertex 0.04619902 0.0502956882 -0.0186643489
  vertex 0.04619902 0.0387867056 -0.0186643489
  endloop
 endfacet

 facet normal -0.960859299 -2.85404567e-05 -0.277036875
  outer loop
  vertex 0.0453318059 0.0171480887 -0.015654318
  vertex 0.04619902 0.0387867056 -0.0186643489
  vertex 0.04619902 0.0110272057 -0.0186614878
  endloop
 endfacet

 facet normal -0.961050391 -0.000381576072 -0.276373416
  outer loop
  vertex 0.0453318059 0.0171480887 -0.015654318
  vertex 0.04619902 0.0110272057 -0.0186614878
  vertex 0.0462041833 -0.00197607977 -0.0186614878
  endloop
 endfacet

 facet normal -0.965333462 -0.198785454 -0.16916123
  outer loop
  vertex 0.0462558046 -0.00581959309 -0.0176066943
  vertex 0.046317745 -0.00541009707 -0.0184413828
  vertex 0.0464106649 -0.00625782413 -0.0179754421
  endloop
 endfacet

 facet normal -0.963108778 -0.24295406 -0.115735732
  outer loop
  vertex 0.0462558046 -0.00581959309 -0.0176066943
  vertex 0.0464106649 -0.00625782413 -0.0179754421
  vertex 0.0463590436 -0.0064589805 -0.0171236023
  endloop
 endfacet

 facet normal -0.97524786 -0.209930092 -0.0694331527
  outer loop
  vertex 0.0462558046 -0.00581959309 -0.0176066943
  vertex 0.0463590436 -0.0064589805 -0.0171236023
  vertex 0.0461680479 -0.00580522371 -0.0164175462
  endloop
 endfacet

 facet normal -0.961470306 -0.274852306 -0.00559291197
  outer loop
  vertex 0.0461680479 -0.00580522371 -0.0164175462
  vertex 0.0463590436 -0.0064589805 -0.0171236023
  vertex 0.0463590436 -0.00647334801 -0.0164175462
  endloop
 endfacet

 facet normal -0.932410121 -0.36132741 -0.00735257613
  outer loop
  vertex 0.0463590436 -0.00647334801 -0.0164175462
  vertex 0.0463590436 -0.0064589805 -0.0171236023
  vertex 0.0466068201 -0.00711273728 -0.0164175462
  endloop
 endfacet

 facet normal -0.932428598 -0.361334562 -0.00377594843
  outer loop
  vertex 0.0463590436 -0.00647334801 -0.0164175462
  vertex 0.0466068201 -0.00711273728 -0.0164175462
  vertex 0.0466016568 -0.00711273728 -0.0151426429
  endloop
 endfacet

 facet normal -0.934700131 -0.3554371 -0.000385995052
  outer loop
  vertex 0.0463590436 -0.00647334801 -0.0164175462
  vertex 0.0466016568 -0.00711273728 -0.0151426429
  vertex 0.0463538803 -0.0064805327 0.00270028622
  endloop
 endfacet

 facet normal -0.931046903 -0.364899427 0
  outer loop
  vertex 0.0463538803 -0.0064805327 0.00270028622
  vertex 0.0466016568 -0.00711273728 -0.0151426429
  vertex 0.0466016568 -0.00711273728 0.00142538303
  endloop
 endfacet

 facet normal -0.929230034 -0.36949268 0.00263083656
  outer loop
  vertex 0.0463538803 -0.0064805327 0.00270028622
  vertex 0.0466016568 -0.00711273728 0.00142538303
  vertex 0.0463538803 -0.00647334801 0.00370934652
  endloop
 endfacet

 facet normal -0.925811112 -0.377948642 0.00536896288
  outer loop
  vertex 0.0463538803 -0.00647334801 0.00370934652
  vertex 0.0466016568 -0.00711273728 0.00142538303
  vertex 0.0466119833 -0.0071199201 0.00270028622
  endloop
 endfacet

 facet normal -0.920166314 -0.39122808 0.0153218182
  outer loop
  vertex 0.0463538803 -0.00647334801 0.00370934652
  vertex 0.0466119833 -0.0071199201 0.00270028622
  vertex 0.0465706848 -0.00696905423 0.00407237979
  endloop
 endfacet

 facet normal -0.92501086 -0.3782354 0.0359559096
  outer loop
  vertex 0.0463538803 -0.00647334801 0.00370934652
  vertex 0.0465706848 -0.00696905423 0.00407237979
  vertex 0.0463693663 -0.00643024407 0.00456118817
  endloop
 endfacet

 facet normal -0.974624574 -0.221965536 0.0289504863
  outer loop
  vertex 0.0463538803 -0.00647334801 0.00370934652
  vertex 0.0463693663 -0.00643024407 0.00456118817
  vertex 0.0462403186 -0.00592735503 0.00407237979
  endloop
 endfacet

 facet normal -0.878128409 -0.456880212 0.141954362
  outer loop
  vertex 0.0463693663 -0.00643024407 0.00456118817
  vertex 0.0465706848 -0.00696905423 0.00407237979
  vertex 0.0473707989 -0.0081400685 0.00525295176
  endloop
 endfacet

 facet normal -0.878664851 -0.435116947 0.1965231
  outer loop
  vertex 0.0463693663 -0.00643024407 0.00456118817
  vertex 0.0473707989 -0.0081400685 0.00525295176
  vertex 0.0468442738 -0.00707681617 0.00525295176
  endloop
 endfacet

 facet normal -0.893856883 -0.310715497 0.323227227
  outer loop
  vertex 0.0463693663 -0.00643024407 0.00456118817
  vertex 0.0468442738 -0.00707681617 0.00525295176
  vertex 0.0464674458 -0.00592735503 0.00531583885
  endloop
 endfacet

 facet normal -0.937567115 -0.220624968 0.268872947
  outer loop
  vertex 0.0463693663 -0.00643024407 0.00456118817
  vertex 0.0464674458 -0.00592735503 0.00531583885
  vertex 0.0462764502 -0.00558251515 0.00493279612
  endloop
 endfacet

 facet normal -0.936443448 -0.193935558 0.292340219
  outer loop
  vertex 0.0462764502 -0.00558251515 0.00493279612
  vertex 0.0464674458 -0.00592735503 0.00531583885
  vertex 0.0464055017 -0.00492157554 0.00578463823
  endloop
 endfacet

 facet normal -0.952669263 -0.152753457 0.262845367
  outer loop
  vertex 0.0462764502 -0.00558251515 0.00493279612
  vertex 0.0464055017 -0.00492157554 0.00578463823
  vertex 0.0462093465 -0.00450489484 0.00531583885
  endloop
 endfacet

 facet normal -0.948999286 -0.117662571 0.292499483
  outer loop
  vertex 0.0462093465 -0.00450489484 0.00531583885
  vertex 0.0464055017 -0.00492157554 0.00578463823
  vertex 0.0463435575 -0.00406666426 0.00592756411
  endloop
 endfacet

 facet normal -0.755510747 -0.0257428735 0.654630423
  outer loop
  vertex 0.0463332348 -0.00325485668 0.00594757311
  vertex 0.0463435575 -0.00406666426 0.00592756411
  vertex 0.0468855686 -0.00325485668 0.00658502523
  endloop
 endfacet

 facet normal -0.755753458 -0.00451406417 0.654840708
  outer loop
  vertex 0.0463332348 -0.00325485668 0.00594757311
  vertex 0.0468855686 -0.00325485668 0.00658502523
  vertex 0.0463280715 -0.00197607977 0.00595043227
  endloop
 endfacet

 facet normal -0.75273627 -0.00147174753 0.658320606
  outer loop
  vertex 0.0463280715 -0.00197607977 0.00595043227
  vertex 0.0468855686 -0.00325485668 0.00658502523
  vertex 0.0468855686 -0.00197607977 0.00658788439
  endloop
 endfacet

 facet normal -0.752736986 -0.000382006605 0.658321381
  outer loop
  vertex 0.0463280715 -0.00197607977 0.00595043227
  vertex 0.0468855686 -0.00197607977 0.00658788439
  vertex 0.0464364737 0.0110272057 0.00608192477
  endloop
 endfacet

 facet normal -0.768384933 -6.61667873e-05 0.639987946
  outer loop
  vertex 0.0463280715 -0.00197607977 0.00595043227
  vertex 0.0464364737 0.0110272057 0.00608192477
  vertex 0.0463280715 0.0256756563 0.00595329097
  endloop
 endfacet

 facet normal -0.873270988 -5.03740157e-05 0.48723489
  outer loop
  vertex 0.0463280715 -0.00197607977 0.00595043227
  vertex 0.0463280715 0.0256756563 0.00595329097
  vertex 0.046317745 0.0387867056 0.00593613973
  endloop
 endfacet

 facet normal -0.950854659 -0.000132296263 0.309637725
  outer loop
  vertex 0.0463280715 -0.00197607977 0.00595043227
  vertex 0.046317745 0.0387867056 0.00593613973
  vertex 0.0461009443 -0.00197607977 0.00525295176
  endloop
 endfacet

 facet normal -0.978108168 -2.15075124e-05 0.208097264
  outer loop
  vertex 0.0461009443 -0.00197607977 0.00525295176
  vertex 0.0461009443 0.0256756563 0.00525580952
  vertex 0.0453318059 0.0169972219 0.00163977267
  endloop
 endfacet

 facet normal -0.952615023 -3.14378267e-05 0.304178655
  outer loop
  vertex 0.0461009443 -0.00197607977 0.00525295176
  vertex 0.046317745 0.0387867056 0.00593613973
  vertex 0.0461009443 0.0256756563 0.00525580952
  endloop
 endfacet

 facet normal -0.774188995 -0.158541113 0.612777412
  outer loop
  vertex 0.0463435575 -0.00406666426 0.00592756411
  vertex 0.0464055017 -0.00492157554 0.00578463823
  vertex 0.0472210981 -0.00573338335 0.00660503563
  endloop
 endfacet

 facet normal -0.761890411 -0.144504115 0.631380737
  outer loop
  vertex 0.0463435575 -0.00406666426 0.00592756411
  vertex 0.0472210981 -0.00573338335 0.00660503563
  vertex 0.0476134121 -0.00526641356 0.00718531618
  endloop
 endfacet

 facet normal -0.742608905 -0.0903102458 0.663608432
  outer loop
  vertex 0.0463435575 -0.00406666426 0.00592756411
  vertex 0.0476134121 -0.00526641356 0.00718531618
  vertex 0.0475566275 -0.0045264489 0.00722247642
  endloop
 endfacet

 facet normal -0.737974763 -0.0521729402 0.672808528
  outer loop
  vertex 0.0463435575 -0.00406666426 0.00592756411
  vertex 0.0475566275 -0.0045264489 0.00722247642
  vertex 0.0468855686 -0.00325485668 0.00658502523
  endloop
 endfacet

 facet normal -0.978118658 0 0.208047867
  outer loop
  vertex 0.0453318059 0.0169972219 0.00163977267
  vertex 0.0461009443 0.0256756563 0.00525580952
  vertex 0.0461009443 0.0502956882 0.00525580952
  endloop
 endfacet

 facet normal -0.978118658 0 0.208047867
  outer loop
  vertex 0.0453318059 0.0169972219 0.00163977267
  vertex 0.0461009443 0.0502956882 0.00525580952
  vertex 0.0453318059 0.0171480887 0.00163977267
  endloop
 endfacet

 facet normal -0.872969866 -0.00034660456 -0.487774014
  outer loop
  vertex 0.0462041833 -0.00197607977 -0.0186614878
  vertex 0.04619902 0.0110272057 -0.0186614878
  vertex 0.0465551987 0.0110272057 -0.0192989409
  endloop
 endfacet

 facet normal -0.872969866 -0.00034660456 -0.487774014
  outer loop
  vertex 0.0462041833 -0.00197607977 -0.0186614878
  vertex 0.0465551987 0.0110272057 -0.0192989409
  vertex 0.046560362 -0.00197607977 -0.0192989409
  endloop
 endfacet

 facet normal -0.74086833 -0.00150204264 -0.671648681
  outer loop
  vertex 0.046560362 -0.00325485668 -0.0192960817
  vertex 0.046560362 -0.00197607977 -0.0192989409
  vertex 0.0472004488 -0.00325485668 -0.0200021379
  endloop
 endfacet

 facet normal -0.740301847 -0.0391270891 -0.671135068
  outer loop
  vertex 0.046560362 -0.00325485668 -0.0192960817
  vertex 0.0472004488 -0.00325485668 -0.0200021379
  vertex 0.0472417474 -0.0045264489 -0.0199735556
  endloop
 endfacet

 facet normal -0.763318777 -0.0666785762 -0.642571688
  outer loop
  vertex 0.046560362 -0.00325485668 -0.0192960817
  vertex 0.0472417474 -0.0045264489 -0.0199735556
  vertex 0.0466016568 -0.0045264489 -0.0192131866
  endloop
 endfacet

 facet normal -0.759025514 -0.12495406 -0.63895762
  outer loop
  vertex 0.0466016568 -0.0045264489 -0.0192131866
  vertex 0.0472417474 -0.0045264489 -0.0199735556
  vertex 0.0473656356 -0.00580522371 -0.0198706482
  endloop
 endfacet

 facet normal -0.799268186 -0.183236882 -0.572358847
  outer loop
  vertex 0.0466016568 -0.0045264489 -0.0192131866
  vertex 0.0473656356 -0.00580522371 -0.0198706482
  vertex 0.046679087 -0.00581959309 -0.0189073216
  endloop
 endfacet

 facet normal -0.845531166 -0.170318991 -0.506032169
  outer loop
  vertex 0.0466016568 -0.0045264489 -0.0192131866
  vertex 0.046679087 -0.00581959309 -0.0189073216
  vertex 0.046317745 -0.00541009707 -0.0184413828
  endloop
 endfacet

 facet normal -0.863301277 -0.299967378 -0.405870169
  outer loop
  vertex 0.046317745 -0.00541009707 -0.0184413828
  vertex 0.046679087 -0.00581959309 -0.0189073216
  vertex 0.0472107753 -0.00714865699 -0.0190559644
  endloop
 endfacet

 facet normal -0.86823988 -0.30866617 -0.38843888
  outer loop
  vertex 0.046317745 -0.00541009707 -0.0184413828
  vertex 0.0472107753 -0.00714865699 -0.0190559644
  vertex 0.0464106649 -0.00625782413 -0.0179754421
  endloop
 endfacet

 facet normal -0.999833047 0.000619260594 -0.0182619058
  outer loop
  vertex 0.0453318059 0.0235204156 -0.015654318
  vertex 0.0453318059 0.0247848239 -0.0156114418
  vertex 0.0453369655 0.0324431136 -0.0156343095
  endloop
 endfacet

 facet normal -0.998661697 0.000693599577 -0.0517142043
  outer loop
  vertex 0.0453318059 0.0235204156 -0.015654318
  vertex 0.0453369655 0.0324431136 -0.0156343095
  vertex 0.0453369655 0.0311643369 -0.0156514607
  endloop
 endfacet

 facet normal -0.962671399 0.000751163578 -0.270671934
  outer loop
  vertex 0.0453318059 0.0235204156 -0.015654318
  vertex 0.0453369655 0.0311643369 -0.0156514607
  vertex 0.04619902 0.0502956882 -0.0186643489
  endloop
 endfacet

 facet normal -0.872969329 0 -0.487775177
  outer loop
  vertex 0.04619902 0.0387867056 -0.0186643489
  vertex 0.04619902 0.0502956882 -0.0186643489
  vertex 0.0465551987 0.0502956882 -0.0193018001
  endloop
 endfacet

 facet normal -0.872969329 0 -0.487775177
  outer loop
  vertex 0.04619902 0.0387867056 -0.0186643489
  vertex 0.0465551987 0.0502956882 -0.0193018001
  vertex 0.0465551987 0.0387867056 -0.0193018001
  endloop
 endfacet

 facet normal -0.872969329 -5.02174153e-05 -0.487775177
  outer loop
  vertex 0.04619902 0.0387867056 -0.0186643489
  vertex 0.0465551987 0.0387867056 -0.0193018001
  vertex 0.0465551987 0.0110272057 -0.0192989409
  endloop
 endfacet

 facet normal -0.872969985 -5.02506846e-05 -0.487774074
  outer loop
  vertex 0.04619902 0.0387867056 -0.0186643489
  vertex 0.0465551987 0.0110272057 -0.0192989409
  vertex 0.04619902 0.0110272057 -0.0186614878
  endloop
 endfacet

 facet normal -0.866509378 -0.364106655 -0.341449767
  outer loop
  vertex 0.0464106649 -0.00625782413 -0.0179754421
  vertex 0.0472107753 -0.00714865699 -0.0190559644
  vertex 0.0474379025 -0.00803230517 -0.0186900757
  endloop
 endfacet

 facet normal -0.877085209 -0.401642144 -0.263448834
  outer loop
  vertex 0.0464106649 -0.00625782413 -0.0179754421
  vertex 0.0474379025 -0.00803230517 -0.0186900757
  vertex 0.0466223061 -0.00696186954 -0.0176066943
  endloop
 endfacet

 facet normal -0.925933301 -0.351164311 -0.139036134
  outer loop
  vertex 0.0464106649 -0.00625782413 -0.0179754421
  vertex 0.0466223061 -0.00696186954 -0.0176066943
  vertex 0.0463590436 -0.0064589805 -0.0171236023
  endloop
 endfacet

 facet normal -0.908162713 -0.413648427 -0.0643071607
  outer loop
  vertex 0.0463590436 -0.0064589805 -0.0171236023
  vertex 0.0466223061 -0.00696186954 -0.0176066943
  vertex 0.0466068201 -0.00711273728 -0.0164175462
  endloop
 endfacet

 facet normal -0.890355289 -0.45005399 -0.06869407
  outer loop
  vertex 0.0466068201 -0.00711273728 -0.0164175462
  vertex 0.0466223061 -0.00696186954 -0.0176066943
  vertex 0.0472314209 -0.00834840629 -0.0164175462
  endloop
 endfacet

 facet normal -0.892457724 -0.451116741 -0.00361275324
  outer loop
  vertex 0.0466068201 -0.00711273728 -0.0164175462
  vertex 0.0472314209 -0.00834840629 -0.0164175462
  vertex 0.0472262613 -0.00834840629 -0.0151426429
  endloop
 endfacet

 facet normal -0.892457128 -0.451117724 -0.00361408014
  outer loop
  vertex 0.0466068201 -0.00711273728 -0.0164175462
  vertex 0.0472262613 -0.00834840629 -0.0151426429
  vertex 0.0466016568 -0.00711273728 -0.0151426429
  endloop
 endfacet

 facet normal -0.892462969 -0.451120704 0
  outer loop
  vertex 0.0466016568 -0.00711273728 -0.0151426429
  vertex 0.0472262613 -0.00834840629 -0.0151426429
  vertex 0.0472262613 -0.00834840629 0.00142538303
  endloop
 endfacet

 facet normal -0.892462969 -0.451120704 0
  outer loop
  vertex 0.0466016568 -0.00711273728 -0.0151426429
  vertex 0.0472262613 -0.00834840629 0.00142538303
  vertex 0.0466016568 -0.00711273728 0.00142538303
  endloop
 endfacet

 facet normal -0.892453194 -0.451115817 0.00468657166
  outer loop
  vertex 0.0466016568 -0.00711273728 0.00142538303
  vertex 0.0472262613 -0.00834840629 0.00142538303
  vertex 0.0466119833 -0.0071199201 0.00270028622
  endloop
 endfacet

 facet normal -0.886193454 -0.462922424 0.0190794282
  outer loop
  vertex 0.0466119833 -0.0071199201 0.00270028622
  vertex 0.0472262613 -0.00834840629 0.00142538303
  vertex 0.0472623967 -0.00831248891 0.00397518976
  endloop
 endfacet

 facet normal -0.888121843 -0.458994508 0.023737425
  outer loop
  vertex 0.0466119833 -0.0071199201 0.00270028622
  vertex 0.0472623967 -0.00831248891 0.00397518976
  vertex 0.0465706848 -0.00696905423 0.00407237979
  endloop
 endfacet

 facet normal -0.876678944 -0.4612692 0.136618629
  outer loop
  vertex 0.0465706848 -0.00696905423 0.00407237979
  vertex 0.0472623967 -0.00831248891 0.00397518976
  vertex 0.0473707989 -0.0081400685 0.00525295176
  endloop
 endfacet

 facet normal -0.857367873 -0.42457062 0.290964544
  outer loop
  vertex 0.0473707989 -0.0081400685 0.00525295176
  vertex 0.047520496 -0.00789580587 0.00605048006
  vertex 0.0468442738 -0.00707681617 0.00525295176
  endloop
 endfacet

 facet normal -0.834495962 -0.532237887 0.142616361
  outer loop
  vertex 0.0473707989 -0.0081400685 0.00525295176
  vertex 0.0472623967 -0.00831248891 0.00397518976
  vertex 0.047670193 -0.00895187445 0.00397518976
  endloop
 endfacet

 facet normal -0.816895366 -0.553988218 0.160559162
  outer loop
  vertex 0.0473707989 -0.0081400685 0.00525295176
  vertex 0.047670193 -0.00895187445 0.00397518976
  vertex 0.0478044041 -0.00877945404 0.00525295176
  endloop
 endfacet

 facet normal -0.786585033 -0.533432841 0.311020195
  outer loop
  vertex 0.0473707989 -0.0081400685 0.00525295176
  vertex 0.0478044041 -0.00877945404 0.00525295176
  vertex 0.047520496 -0.00789580587 0.00605048006
  endloop
 endfacet

 facet normal -0.857542455 -0.303836703 0.415095538
  outer loop
  vertex 0.0468442738 -0.00707681617 0.00525295176
  vertex 0.047520496 -0.00789580587 0.00605048006
  vertex 0.0464674458 -0.00592735503 0.00531583885
  endloop
 endfacet

 facet normal -0.852777362 -0.295481533 0.43065244
  outer loop
  vertex 0.0464674458 -0.00592735503 0.00531583885
  vertex 0.047520496 -0.00789580587 0.00605048006
  vertex 0.0473449863 -0.00707681617 0.00626487006
  endloop
 endfacet

 facet normal -0.846867979 -0.266628653 0.460134715
  outer loop
  vertex 0.0464674458 -0.00592735503 0.00531583885
  vertex 0.0473449863 -0.00707681617 0.00626487006
  vertex 0.0464055017 -0.00492157554 0.00578463823
  endloop
 endfacet

 facet normal -0.791331291 -0.217641443 0.571337879
  outer loop
  vertex 0.0464055017 -0.00492157554 0.00578463823
  vertex 0.0473449863 -0.00707681617 0.00626487006
  vertex 0.0472210981 -0.00573338335 0.00660503563
  endloop
 endfacet

 facet normal -0.728082836 -0.00153248198 0.685487509
  outer loop
  vertex 0.0468855686 -0.00325485668 0.00658502523
  vertex 0.0475153327 -0.00325485668 0.00725392113
  vertex 0.0468855686 -0.00197607977 0.00658788439
  endloop
 endfacet

 facet normal -0.727484405 -0.0405632816 0.684924126
  outer loop
  vertex 0.0468855686 -0.00325485668 0.00658502523
  vertex 0.0475566275 -0.0045264489 0.00722247642
  vertex 0.0475153327 -0.00325485668 0.00725392113
  endloop
 endfacet

 facet normal -0.727194667 -0.00060362689 0.68643111
  outer loop
  vertex 0.0468855686 -0.00197607977 0.00658788439
  vertex 0.0475153327 -0.00325485668 0.00725392113
  vertex 0.0470042937 0.0110272057 0.00672509382
  endloop
 endfacet

 facet normal -0.742220879 -0.000294691854 0.670155287
  outer loop
  vertex 0.0468855686 -0.00197607977 0.00658788439
  vertex 0.0470042937 0.0110272057 0.00672509382
  vertex 0.0468804054 0.0110272057 0.00658788439
  endloop
 endfacet

 facet normal -0.751678646 -0.000298446976 0.659529448
  outer loop
  vertex 0.0468855686 -0.00197607977 0.00658788439
  vertex 0.0468804054 0.0110272057 0.00658788439
  vertex 0.0464364737 0.0110272057 0.00608192477
  endloop
 endfacet

 facet normal -0.751678705 -0.000147682877 0.659529448
  outer loop
  vertex 0.0464364737 0.0110272057 0.00608192477
  vertex 0.0468804054 0.0110272057 0.00658788439
  vertex 0.0468649194 0.0387867056 0.00657644961
  endloop
 endfacet

 facet normal -0.757172465 4.95984095e-05 0.653215051
  outer loop
  vertex 0.0464364737 0.0110272057 0.00608192477
  vertex 0.0468649194 0.0387867056 0.00657644961
  vertex 0.0463280715 0.0502956882 0.00595329097
  endloop
 endfacet

 facet normal -0.764684796 0 0.64440459
  outer loop
  vertex 0.0464364737 0.0110272057 0.00608192477
  vertex 0.0463280715 0.0502956882 0.00595329097
  vertex 0.0463280715 0.0256756563 0.00595329097
  endloop
 endfacet

 facet normal -0.856721401 0 0.515779316
  outer loop
  vertex 0.0463280715 0.0256756563 0.00595329097
  vertex 0.0463280715 0.0502956882 0.00595329097
  vertex 0.046317745 0.0387867056 0.00593613973
  endloop
 endfacet

 facet normal -0.950854719 0.000391656271 0.309637398
  outer loop
  vertex 0.046317745 0.0387867056 0.00593613973
  vertex 0.0463280715 0.0502956882 0.00595329097
  vertex 0.0461009443 0.0502956882 0.00525580952
  endloop
 endfacet

 facet normal -0.952790558 0 0.303628683
  outer loop
  vertex 0.046317745 0.0387867056 0.00593613973
  vertex 0.0461009443 0.0502956882 0.00525580952
  vertex 0.0461009443 0.0256756563 0.00525580952
  endloop
 endfacet

 facet normal -0.731004596 -0.230075479 0.642415404
  outer loop
  vertex 0.0472210981 -0.00573338335 0.00660503563
  vertex 0.0473449863 -0.00707681617 0.00626487006
  vertex 0.047757946 -0.00611414248 0.00707955053
  endloop
 endfacet

 facet normal -0.725943923 -0.205653191 0.656286716
  outer loop
  vertex 0.0472210981 -0.00573338335 0.00660503563
  vertex 0.047757946 -0.00611414248 0.00707955053
  vertex 0.0476134121 -0.00526641356 0.00718531618
  endloop
 endfacet

 facet normal -0.475264132 -0.188262045 0.859465778
  outer loop
  vertex 0.0476134121 -0.00526641356 0.00718531618
  vertex 0.047757946 -0.00611414248 0.00707955053
  vertex 0.0485993549 -0.00707681617 0.00733395899
  endloop
 endfacet

 facet normal -0.448698133 -0.172362462 0.876904249
  outer loop
  vertex 0.0476134121 -0.00526641356 0.00718531618
  vertex 0.0485993549 -0.00707681617 0.00733395899
  vertex 0.0482173637 -0.00573338335 0.00740256393
  endloop
 endfacet

 facet normal -0.399176538 -0.0918650255 0.912260413
  outer loop
  vertex 0.0476134121 -0.00526641356 0.00718531618
  vertex 0.0482173637 -0.00573338335 0.00740256393
  vertex 0.0482793115 -0.0045264489 0.00755120767
  endloop
 endfacet

 facet normal -0.412815928 -0.0772529766 0.907532394
  outer loop
  vertex 0.0476134121 -0.00526641356 0.00718531618
  vertex 0.0482793115 -0.0045264489 0.00755120767
  vertex 0.0475566275 -0.0045264489 0.00722247642
  endloop
 endfacet

 facet normal -0.413785905 -0.035932906 0.90966481
  outer loop
  vertex 0.0475566275 -0.0045264489 0.00722247642
  vertex 0.0482793115 -0.0045264489 0.00755120767
  vertex 0.0475153327 -0.00325485668 0.00725392113
  endloop
 endfacet

 facet normal -0.97840637 0.000154725436 0.206690729
  outer loop
  vertex 0.0453318059 0.0171480887 0.00163977267
  vertex 0.0461009443 0.0502956882 0.00525580952
  vertex 0.0453318059 0.0247848239 0.00163405586
  endloop
 endfacet

 facet normal -0.73977679 -0.000293721445 -0.672852397
  outer loop
  vertex 0.046560362 -0.00197607977 -0.0192989409
  vertex 0.0465551987 0.0110272057 -0.0192989409
  vertex 0.0472004488 -0.00325485668 -0.0200021379
  endloop
 endfacet

 facet normal -0.739510953 -0.000267326337 -0.673144519
  outer loop
  vertex 0.0472004488 -0.00325485668 -0.0200021379
  vertex 0.0465551987 0.0110272057 -0.0192989409
  vertex 0.0471952893 0.0110272057 -0.0200021379
  endloop
 endfacet

 facet normal -0.519797921 -0.000187902115 -0.854289234
  outer loop
  vertex 0.0472004488 -0.00325485668 -0.0200021379
  vertex 0.0471952893 0.0110272057 -0.0200021379
  vertex 0.048031535 0.0110272057 -0.0205109566
  endloop
 endfacet

 facet normal -0.517851055 -0.000343280553 -0.855470777
  outer loop
  vertex 0.0472004488 -0.00325485668 -0.0200021379
  vertex 0.048031535 0.0110272057 -0.0205109566
  vertex 0.048253499 -0.00325485668 -0.0206395909
  endloop
 endfacet

 facet normal -0.517515063 -0.0360230692 -0.854915559
  outer loop
  vertex 0.0472004488 -0.00325485668 -0.0200021379
  vertex 0.048253499 -0.00325485668 -0.0206395909
  vertex 0.0472417474 -0.0045264489 -0.0199735556
  endloop
 endfacet

 facet normal -0.512699068 -0.0856226236 -0.85428822
  outer loop
  vertex 0.0472417474 -0.0045264489 -0.0199735556
  vertex 0.0483980365 -0.00457673753 -0.0206624586
  vertex 0.0482793115 -0.00580522371 -0.0204680786
  endloop
 endfacet

 facet normal -0.543345213 -0.119509719 -0.83095932
  outer loop
  vertex 0.0472417474 -0.0045264489 -0.0199735556
  vertex 0.0482793115 -0.00580522371 -0.0204680786
  vertex 0.0473656356 -0.00580522371 -0.0198706482
  endloop
 endfacet

 facet normal -0.512720704 -0.0412255898 -0.857565165
  outer loop
  vertex 0.0472417474 -0.0045264489 -0.0199735556
  vertex 0.048253499 -0.00325485668 -0.0206395909
  vertex 0.0483980365 -0.00457673753 -0.0206624586
  endloop
 endfacet

 facet normal -0.53663826 -0.196130916 -0.820702195
  outer loop
  vertex 0.0473656356 -0.00580522371 -0.0198706482
  vertex 0.0482793115 -0.00580522371 -0.0204680786
  vertex 0.0475050099 -0.00676071458 -0.0197334383
  endloop
 endfacet

 facet normal -0.796795547 -0.198195666 -0.570819795
  outer loop
  vertex 0.0473656356 -0.00580522371 -0.0198706482
  vertex 0.0475050099 -0.00676071458 -0.0197334383
  vertex 0.046679087 -0.00581959309 -0.0189073216
  endloop
 endfacet

 facet normal -0.817092299 -0.269900054 -0.509425282
  outer loop
  vertex 0.046679087 -0.00581959309 -0.0189073216
  vertex 0.0475050099 -0.00676071458 -0.0197334383
  vertex 0.0472107753 -0.00714865699 -0.0190559644
  endloop
 endfacet

 facet normal -0.809349179 -0.389904648 -0.439236045
  outer loop
  vertex 0.0472107753 -0.00714865699 -0.0190559644
  vertex 0.0476960018 -0.00760844164 -0.0195419155
  vertex 0.0474379025 -0.00803230517 -0.0186900757
  endloop
 endfacet

 facet normal -0.801501393 -0.297744006 -0.518598199
  outer loop
  vertex 0.0472107753 -0.00714865699 -0.0190559644
  vertex 0.0475050099 -0.00676071458 -0.0197334383
  vertex 0.0476960018 -0.00760844164 -0.0195419155
  endloop
 endfacet

 facet normal -0.999998271 0.000668671622 -0.00175113173
  outer loop
  vertex 0.0453318059 0.0247848239 -0.0156114418
  vertex 0.0453318059 0.0256756563 -0.0152712762
  vertex 0.0453369655 0.0324431136 -0.0156343095
  endloop
 endfacet

 facet normal -0.999998271 0.000670611509 -0.0017149694
  outer loop
  vertex 0.0453369655 0.0324431136 -0.0156343095
  vertex 0.0453318059 0.0256756563 -0.0152712762
  vertex 0.0453369655 0.0336931534 -0.0151455002
  endloop
 endfacet

 facet normal -0.997497022 0.0257509183 -0.0658533797
  outer loop
  vertex 0.0453369655 0.0324431136 -0.0156343095
  vertex 0.0453369655 0.0336931534 -0.0151455002
  vertex 0.0459667295 0.0515672825 -0.0176953077
  endloop
 endfacet

 facet normal -0.974476039 0.0079115238 -0.224352181
  outer loop
  vertex 0.0453369655 0.0324431136 -0.0156343095
  vertex 0.0459667295 0.0515672825 -0.0176953077
  vertex 0.0459564067 0.0502956882 -0.0176953077
  endloop
 endfacet

 facet normal -0.970044017 0.00562060019 -0.242864341
  outer loop
  vertex 0.0453369655 0.0324431136 -0.0156343095
  vertex 0.0459564067 0.0502956882 -0.0176953077
  vertex 0.04619902 0.0502956882 -0.0186643489
  endloop
 endfacet

 facet normal -0.966947675 0.00341946166 -0.254952192
  outer loop
  vertex 0.0453369655 0.0324431136 -0.0156343095
  vertex 0.04619902 0.0502956882 -0.0186643489
  vertex 0.0453369655 0.0311643369 -0.0156514607
  endloop
 endfacet

 facet normal -0.970029294 0.00787542202 -0.24286066
  outer loop
  vertex 0.04619902 0.0502956882 -0.0186643489
  vertex 0.0459564067 0.0502956882 -0.0176953077
  vertex 0.0459667295 0.0515672825 -0.0176953077
  endloop
 endfacet

 facet normal -0.969323039 0.0100792842 -0.245583296
  outer loop
  vertex 0.04619902 0.0502956882 -0.0186643489
  vertex 0.0459667295 0.0515672825 -0.0176953077
  vertex 0.0462093465 0.0515672825 -0.0186529141
  endloop
 endfacet

 facet normal -0.875916123 0.0114494683 -0.482327521
  outer loop
  vertex 0.04619902 0.0502956882 -0.0186643489
  vertex 0.0462093465 0.0515672825 -0.0186529141
  vertex 0.046560362 0.0515672825 -0.0192903653
  endloop
 endfacet

 facet normal -0.872941852 0.00792991277 -0.487759829
  outer loop
  vertex 0.04619902 0.0502956882 -0.0186643489
  vertex 0.046560362 0.0515672825 -0.0192903653
  vertex 0.0465551987 0.0502956882 -0.0193018001
  endloop
 endfacet

 facet normal -0.74220556 0 -0.670172393
  outer loop
  vertex 0.0465551987 0.0387867056 -0.0193018001
  vertex 0.0465551987 0.0502956882 -0.0193018001
  vertex 0.0465706848 0.0387867056 -0.0193189513
  endloop
 endfacet

 facet normal -0.74220556 -6.89955632e-05 -0.670172393
  outer loop
  vertex 0.0465551987 0.0387867056 -0.0193018001
  vertex 0.0465706848 0.0387867056 -0.0193189513
  vertex 0.0465551987 0.0110272057 -0.0192989409
  endloop
 endfacet

 facet normal -0.739510953 -7.26411963e-05 -0.673144519
  outer loop
  vertex 0.0465551987 0.0110272057 -0.0192989409
  vertex 0.0465706848 0.0387867056 -0.0193189513
  vertex 0.0471952893 0.0110272057 -0.0200021379
  endloop
 endfacet

 facet normal -0.729008198 -0.498602897 -0.468980163
  outer loop
  vertex 0.0474379025 -0.00803230517 -0.0186900757
  vertex 0.0476960018 -0.00760844164 -0.0195419155
  vertex 0.0479386188 -0.00842024945 -0.0190559644
  endloop
 endfacet

 facet normal -0.724770546 -0.56894505 -0.388599098
  outer loop
  vertex 0.0474379025 -0.00803230517 -0.0186900757
  vertex 0.0479386188 -0.00842024945 -0.0190559644
  vertex 0.0477166511 -0.00888721831 -0.0179582909
  endloop
 endfacet

 facet normal -0.851444662 -0.472466379 -0.227635115
  outer loop
  vertex 0.0474379025 -0.00803230517 -0.0186900757
  vertex 0.0477166511 -0.00888721831 -0.0179582909
  vertex 0.0473604724 -0.00842024945 -0.0175952576
  endloop
 endfacet

 facet normal -0.870033979 -0.442082405 -0.218183443
  outer loop
  vertex 0.0474379025 -0.00803230517 -0.0186900757
  vertex 0.0473604724 -0.00842024945 -0.0175952576
  vertex 0.0466223061 -0.00696186954 -0.0176066943
  endloop
 endfacet

 facet normal -0.889810324 -0.450930327 -0.0699950382
  outer loop
  vertex 0.0466223061 -0.00696186954 -0.0176066943
  vertex 0.0473604724 -0.00842024945 -0.0175952576
  vertex 0.0472314209 -0.00834840629 -0.0164175462
  endloop
 endfacet

 facet normal -0.882833123 -0.464680791 -0.0683916882
  outer loop
  vertex 0.0472314209 -0.00834840629 -0.0164175462
  vertex 0.0473604724 -0.00842024945 -0.0175952576
  vertex 0.0476288982 -0.00900216494 -0.0171064511
  endloop
 endfacet

 facet normal -0.859864593 -0.510386646 -0.0117655061
  outer loop
  vertex 0.0472314209 -0.00834840629 -0.0164175462
  vertex 0.0476288982 -0.00900216494 -0.0171064511
  vertex 0.0476237349 -0.00900934823 -0.0164175462
  endloop
 endfacet

 facet normal -0.859918833 -0.510418892 -0.00348103279
  outer loop
  vertex 0.0472314209 -0.00834840629 -0.0164175462
  vertex 0.0476237349 -0.00900934823 -0.0164175462
  vertex 0.0472262613 -0.00834840629 -0.0151426429
  endloop
 endfacet

 facet normal -0.856972694 -0.515361786 0
  outer loop
  vertex 0.0472262613 -0.00834840629 -0.0151426429
  vertex 0.0476237349 -0.00900934823 -0.0164175462
  vertex 0.0476237349 -0.00900934823 0.00142538303
  endloop
 endfacet

 facet normal -0.856972694 -0.515361786 0
  outer loop
  vertex 0.0472262613 -0.00834840629 -0.0151426429
  vertex 0.0476237349 -0.00900934823 0.00142538303
  vertex 0.0472262613 -0.00834840629 0.00142538303
  endloop
 endfacet

 facet normal -0.856934488 -0.515338838 0.0094439704
  outer loop
  vertex 0.0472262613 -0.00834840629 0.00142538303
  vertex 0.0476237349 -0.00900934823 0.00142538303
  vertex 0.0476288982 -0.00900216494 0.00228580041
  endloop
 endfacet

 facet normal -0.861481607 -0.507485926 0.0175385941
  outer loop
  vertex 0.0472262613 -0.00834840629 0.00142538303
  vertex 0.0476288982 -0.00900216494 0.00228580041
  vertex 0.0473243371 -0.00847053993 0.00270886184
  endloop
 endfacet

 facet normal -0.868704081 -0.494955987 0.0192828141
  outer loop
  vertex 0.0472262613 -0.00834840629 0.00142538303
  vertex 0.0473243371 -0.00847053993 0.00270886184
  vertex 0.0472623967 -0.00831248891 0.00397518976
  endloop
 endfacet

 facet normal -0.859998107 -0.509841383 0.0215665214
  outer loop
  vertex 0.0472623967 -0.00831248891 0.00397518976
  vertex 0.0473243371 -0.00847053993 0.00270886184
  vertex 0.0476288982 -0.00900216494 0.00228580041
  endloop
 endfacet

 facet normal -0.842549562 -0.537374377 0.0365919285
  outer loop
  vertex 0.0472623967 -0.00831248891 0.00397518976
  vertex 0.0476288982 -0.00900216494 0.00228580041
  vertex 0.047670193 -0.00895187445 0.00397518976
  endloop
 endfacet

 facet normal -0.713372171 -0.581791878 0.390664041
  outer loop
  vertex 0.047520496 -0.00789580587 0.00605048006
  vertex 0.0478044041 -0.00877945404 0.00525295176
  vertex 0.0486767851 -0.00924642384 0.00615052925
  endloop
 endfacet

 facet normal -0.616107464 -0.481271923 0.623529434
  outer loop
  vertex 0.047520496 -0.00789580587 0.00605048006
  vertex 0.0486767851 -0.00924642384 0.00615052925
  vertex 0.0483206064 -0.00830530282 0.00652499637
  endloop
 endfacet

 facet normal -0.610418558 -0.401498258 0.682779908
  outer loop
  vertex 0.047520496 -0.00789580587 0.00605048006
  vertex 0.0483206064 -0.00830530282 0.00652499637
  vertex 0.0488109961 -0.00785988662 0.00722533558
  endloop
 endfacet

 facet normal -0.61625427 -0.382180274 0.688599348
  outer loop
  vertex 0.047520496 -0.00789580587 0.00605048006
  vertex 0.0488109961 -0.00785988662 0.00722533558
  vertex 0.0479644276 -0.00707681617 0.00690232217
  endloop
 endfacet

 facet normal -0.679793358 -0.318601906 0.660585999
  outer loop
  vertex 0.047520496 -0.00789580587 0.00605048006
  vertex 0.0479644276 -0.00707681617 0.00690232217
  vertex 0.0473449863 -0.00707681617 0.00626487006
  endloop
 endfacet

 facet normal -0.739912689 -0.671624422 0.0380795188
  outer loop
  vertex 0.047670193 -0.00895187445 0.00397518976
  vertex 0.0476288982 -0.00900216494 0.00228580041
  vertex 0.0489039123 -0.0102737574 0.00463265087
  endloop
 endfacet

 facet normal -0.760605216 -0.627993464 0.164632782
  outer loop
  vertex 0.047670193 -0.00895187445 0.00397518976
  vertex 0.0489039123 -0.0102737574 0.00463265087
  vertex 0.0478044041 -0.00877945404 0.00525295176
  endloop
 endfacet

 facet normal -0.729437351 -0.638549328 0.245308056
  outer loop
  vertex 0.0478044041 -0.00877945404 0.00525295176
  vertex 0.0489039123 -0.0102737574 0.00463265087
  vertex 0.0485322475 -0.00965591986 0.00513575133
  endloop
 endfacet

 facet normal -0.696551979 -0.625453651 0.351600766
  outer loop
  vertex 0.0478044041 -0.00877945404 0.00525295176
  vertex 0.0485322475 -0.00965591986 0.00513575133
  vertex 0.0486767851 -0.00924642384 0.00615052925
  endloop
 endfacet

 facet normal -0.690223157 -0.271523893 0.670721173
  outer loop
  vertex 0.0473449863 -0.00707681617 0.00626487006
  vertex 0.0479644276 -0.00707681617 0.00690232217
  vertex 0.047757946 -0.00611414248 0.00707955053
  endloop
 endfacet

 facet normal -0.400884151 -0.0267616492 0.915737867
  outer loop
  vertex 0.0475153327 -0.00325485668 0.00725392113
  vertex 0.0482793115 -0.0045264489 0.00755120767
  vertex 0.0482793115 -0.00325485668 0.00758836884
  endloop
 endfacet

 facet normal -0.401027769 -0.000144967809 0.916065872
  outer loop
  vertex 0.0475153327 -0.00325485668 0.00725392113
  vertex 0.0482793115 -0.00325485668 0.00758836884
  vertex 0.0482741483 0.0110272057 0.00758836884
  endloop
 endfacet

 facet normal -0.401087999 -0.000141149998 0.916039586
  outer loop
  vertex 0.0475153327 -0.00325485668 0.00725392113
  vertex 0.0482741483 0.0110272057 0.00758836884
  vertex 0.048047021 0.0256756563 0.00749117881
  endloop
 endfacet

 facet normal -0.403397262 -9.03905675e-05 0.915024996
  outer loop
  vertex 0.0475153327 -0.00325485668 0.00725392113
  vertex 0.048047021 0.0256756563 0.00749117881
  vertex 0.0475153327 0.0256756563 0.00725677889
  endloop
 endfacet

 facet normal -0.72002238 -6.85517953e-05 0.693950891
  outer loop
  vertex 0.0475153327 -0.00325485668 0.00725392113
  vertex 0.0475153327 0.0256756563 0.00725677889
  vertex 0.0470042937 0.0110272057 0.00672509382
  endloop
 endfacet

 facet normal -0.720966697 0 0.692969799
  outer loop
  vertex 0.0470042937 0.0110272057 0.00672509382
  vertex 0.0475153327 0.0256756563 0.00725677889
  vertex 0.0475153327 0.0502956882 0.00725677889
  endloop
 endfacet

 facet normal -0.723372519 6.53185998e-05 0.690458059
  outer loop
  vertex 0.0470042937 0.0110272057 0.00672509382
  vertex 0.0475153327 0.0502956882 0.00725677889
  vertex 0.0468649194 0.0387867056 0.00657644961
  endloop
 endfacet

 facet normal -0.742220879 -0.000138029602 0.670155287
  outer loop
  vertex 0.0470042937 0.0110272057 0.00672509382
  vertex 0.0468649194 0.0387867056 0.00657644961
  vertex 0.0468804054 0.0110272057 0.00658788439
  endloop
 endfacet

 facet normal -0.723809481 0.000117094925 0.689999938
  outer loop
  vertex 0.0468649194 0.0387867056 0.00657644961
  vertex 0.0475153327 0.0502956882 0.00725677889
  vertex 0.0468804054 0.0502956882 0.00659074215
  endloop
 endfacet

 facet normal -0.755761743 0.000203745003 0.654846609
  outer loop
  vertex 0.0468649194 0.0387867056 0.00657644961
  vertex 0.0468804054 0.0502956882 0.00659074215
  vertex 0.0463280715 0.0502956882 0.00595329097
  endloop
 endfacet

 facet normal -0.755740643 0.00748453056 0.65482837
  outer loop
  vertex 0.0463280715 0.0502956882 0.00595329097
  vertex 0.0468804054 0.0502956882 0.00659074215
  vertex 0.0468855686 0.0515672825 0.00658216653
  endloop
 endfacet

 facet normal -0.75573951 0.00748340413 0.654829562
  outer loop
  vertex 0.0463280715 0.0502956882 0.00595329097
  vertex 0.0468855686 0.0515672825 0.00658216653
  vertex 0.0463332348 0.0515672825 0.00594471535
  endloop
 endfacet

 facet normal -0.950837851 0.0059472383 0.309631854
  outer loop
  vertex 0.0463280715 0.0502956882 0.00595329097
  vertex 0.0463332348 0.0515672825 0.00594471535
  vertex 0.0461009443 0.0502956882 0.00525580952
  endloop
 endfacet

 facet normal -0.951785803 0.00772730727 0.306665808
  outer loop
  vertex 0.0461009443 0.0502956882 0.00525580952
  vertex 0.0463332348 0.0515672825 0.00594471535
  vertex 0.0461112671 0.0515672825 0.00525580952
  endloop
 endfacet

 facet normal -0.985651672 0.00800225511 0.168602511
  outer loop
  vertex 0.0461009443 0.0502956882 0.00525580952
  vertex 0.0461112671 0.0515672825 0.00525580952
  vertex 0.0453369655 0.0324431136 0.00163691374
  endloop
 endfacet

 facet normal -0.979327023 0.000904446584 0.202281937
  outer loop
  vertex 0.0461009443 0.0502956882 0.00525580952
  vertex 0.0453369655 0.0324431136 0.00163691374
  vertex 0.0453369655 0.0311643369 0.00164263148
  endloop
 endfacet

 facet normal -0.978919625 0.000517377339 0.204245254
  outer loop
  vertex 0.0461009443 0.0502956882 0.00525580952
  vertex 0.0453369655 0.0311643369 0.00164263148
  vertex 0.0453318059 0.0247848239 0.00163405586
  endloop
 endfacet

 facet normal -0.546995044 -0.263600409 0.794551015
  outer loop
  vertex 0.047757946 -0.00611414248 0.00707955053
  vertex 0.0479644276 -0.00707681617 0.00690232217
  vertex 0.0488109961 -0.00785988662 0.00722533558
  endloop
 endfacet

 facet normal -0.53658092 -0.25653702 0.803909004
  outer loop
  vertex 0.047757946 -0.00611414248 0.00707955053
  vertex 0.0488109961 -0.00785988662 0.00722533558
  vertex 0.0485993549 -0.00707681617 0.00733395899
  endloop
 endfacet

 facet normal -0.332149833 -0.142060786 0.932467222
  outer loop
  vertex 0.0485993549 -0.00707681617 0.00733395899
  vertex 0.0495543256 -0.00707681617 0.00767412456
  vertex 0.0482173637 -0.00573338335 0.00740256393
  endloop
 endfacet

 facet normal -0.327622026 -0.216131032 0.919756055
  outer loop
  vertex 0.0485993549 -0.00707681617 0.00733395899
  vertex 0.0488109961 -0.00785988662 0.00722533558
  vertex 0.0495543256 -0.00707681617 0.00767412456
  endloop
 endfacet

 facet normal -0.303241789 -0.101132736 0.947531879
  outer loop
  vertex 0.0482173637 -0.00573338335 0.00740256393
  vertex 0.0495543256 -0.00580522371 0.00782276783
  vertex 0.0482793115 -0.0045264489 0.00755120767
  endloop
 endfacet

 facet normal -0.303402245 -0.11063163 0.946418405
  outer loop
  vertex 0.0482173637 -0.00573338335 0.00740256393
  vertex 0.0495543256 -0.00707681617 0.00767412456
  vertex 0.0495543256 -0.00580522371 0.00782276783
  endloop
 endfacet

 facet normal -0.241346523 -0.0346866213 0.96981895
  outer loop
  vertex 0.0482793115 -0.0045264489 0.00755120767
  vertex 0.0495543256 -0.00580522371 0.00782276783
  vertex 0.0495543256 -0.0045264489 0.00786850415
  endloop
 endfacet

 facet normal -0.241394803 -0.0283477902 0.970012963
  outer loop
  vertex 0.0482793115 -0.0045264489 0.00755120767
  vertex 0.0495543256 -0.0045264489 0.00786850415
  vertex 0.0482793115 -0.00325485668 0.00758836884
  endloop
 endfacet

 facet normal -0.990462303 0.000616056728 0.137782753
  outer loop
  vertex 0.0453318059 0.0247848239 0.00163405586
  vertex 0.0453369655 0.0311643369 0.00164263148
  vertex 0.0453369655 0.0324431136 0.00163691374
  endloop
 endfacet

 facet normal -0.999995232 0.000672780559 0.00299521792
  outer loop
  vertex 0.0453318059 0.0247848239 0.00163405586
  vertex 0.0453369655 0.0324431136 0.00163691374
  vertex 0.0453318059 0.0256756563 0.00143395865
  endloop
 endfacet

 facet normal -0.739444673 -6.9355141e-05 -0.673217475
  outer loop
  vertex 0.0471952893 0.0110272057 -0.0200021379
  vertex 0.0465706848 0.0387867056 -0.0193189513
  vertex 0.0471952893 0.0387867056 -0.020004997
  endloop
 endfacet

 facet normal -0.553454399 -8.58036001e-05 -0.832879543
  outer loop
  vertex 0.0471952893 0.0110272057 -0.0200021379
  vertex 0.0471952893 0.0387867056 -0.020004997
  vertex 0.0472210981 0.0387867056 -0.0200221483
  endloop
 endfacet

 facet normal -0.519797921 -0.000132530462 -0.854289234
  outer loop
  vertex 0.0471952893 0.0110272057 -0.0200021379
  vertex 0.0472210981 0.0387867056 -0.0200221483
  vertex 0.048031535 0.0110272057 -0.0205109566
  endloop
 endfacet

 facet normal -0.510262847 -0.000184387405 -0.860018492
  outer loop
  vertex 0.048031535 0.0110272057 -0.0205109566
  vertex 0.0482483394 0.0110272057 -0.0206395909
  vertex 0.048253499 -0.00325485668 -0.0206395909
  endloop
 endfacet

 facet normal -0.516918778 -1.77440706e-05 -0.856034458
  outer loop
  vertex 0.048031535 0.0110272057 -0.0205109566
  vertex 0.0472210981 0.0387867056 -0.0200221483
  vertex 0.0482483394 0.0387867056 -0.0206424501
  endloop
 endfacet

 facet normal -0.510262847 -8.85994668e-05 -0.860018492
  outer loop
  vertex 0.048031535 0.0110272057 -0.0205109566
  vertex 0.0482483394 0.0387867056 -0.0206424501
  vertex 0.0482483394 0.0110272057 -0.0206395909
  endloop
 endfacet

 facet normal -0.3621535 -0.000362538849 -0.932118416
  outer loop
  vertex 0.048253499 -0.00325485668 -0.0206395909
  vertex 0.0487542152 0.0110272057 -0.0208396874
  vertex 0.0488935895 -0.00325485668 -0.020888282
  endloop
 endfacet

 facet normal -0.362144917 -0.00690856948 -0.932096303
  outer loop
  vertex 0.048253499 -0.00325485668 -0.0206395909
  vertex 0.0488935895 -0.00325485668 -0.020888282
  vertex 0.0489039123 -0.00418160902 -0.0208854247
  endloop
 endfacet

 facet normal -0.381100416 -0.0222892668 -0.924264908
  outer loop
  vertex 0.048253499 -0.00325485668 -0.0206395909
  vertex 0.0489039123 -0.00418160902 -0.0208854247
  vertex 0.0489400476 -0.00503652217 -0.0208797064
  endloop
 endfacet

 facet normal -0.391482562 -0.0268926825 -0.919792533
  outer loop
  vertex 0.048253499 -0.00325485668 -0.0206395909
  vertex 0.0489400476 -0.00503652217 -0.0208797064
  vertex 0.0483980365 -0.00457673753 -0.0206624586
  endloop
 endfacet

 facet normal -0.408917725 -0.000147765531 -0.912571192
  outer loop
  vertex 0.048253499 -0.00325485668 -0.0206395909
  vertex 0.0482483394 0.0110272057 -0.0206395909
  vertex 0.0482638218 0.0387867056 -0.0206510238
  endloop
 endfacet

 facet normal -0.367079079 -0.00016283094 -0.930189729
  outer loop
  vertex 0.048253499 -0.00325485668 -0.0206395909
  vertex 0.0482638218 0.0387867056 -0.0206510238
  vertex 0.0487542152 0.0110272057 -0.0208396874
  endloop
 endfacet

 facet normal -0.441110015 -0.0985130668 -0.892029762
  outer loop
  vertex 0.0483980365 -0.00457673753 -0.0206624586
  vertex 0.0489400476 -0.00503652217 -0.0208797064
  vertex 0.0482793115 -0.00580522371 -0.0204680786
  endloop
 endfacet

 facet normal -0.393505573 -0.14765501 -0.907387137
  outer loop
  vertex 0.0482793115 -0.00580522371 -0.0204680786
  vertex 0.0489400476 -0.00503652217 -0.0208797064
  vertex 0.0491362028 -0.00580522371 -0.0208396874
  endloop
 endfacet

 facet normal -0.39076823 -0.188053459 -0.901075006
  outer loop
  vertex 0.0482793115 -0.00580522371 -0.0204680786
  vertex 0.0491362028 -0.00580522371 -0.0208396874
  vertex 0.0495852977 -0.0071630259 -0.020751074
  endloop
 endfacet

 facet normal -0.429075092 -0.230684206 -0.873315215
  outer loop
  vertex 0.0482793115 -0.00580522371 -0.0204680786
  vertex 0.0495852977 -0.0071630259 -0.020751074
  vertex 0.0481812321 -0.00714865699 -0.0200650264
  endloop
 endfacet

 facet normal -0.524680734 -0.20926258 -0.825178385
  outer loop
  vertex 0.0482793115 -0.00580522371 -0.0204680786
  vertex 0.0481812321 -0.00714865699 -0.0200650264
  vertex 0.0475050099 -0.00676071458 -0.0197334383
  endloop
 endfacet

 facet normal -0.553247929 -0.300201237 -0.777043104
  outer loop
  vertex 0.0475050099 -0.00676071458 -0.0197334383
  vertex 0.0481812321 -0.00714865699 -0.0200650264
  vertex 0.0476960018 -0.00760844164 -0.0195419155
  endloop
 endfacet

 facet normal -0.577415824 -0.410615772 -0.705681026
  outer loop
  vertex 0.0476960018 -0.00760844164 -0.0195419155
  vertex 0.0485890284 -0.00834840629 -0.0198420621
  vertex 0.0488626175 -0.0090524517 -0.0196562558
  endloop
 endfacet

 facet normal -0.68612355 -0.513515234 -0.515302658
  outer loop
  vertex 0.0476960018 -0.00760844164 -0.0195419155
  vertex 0.0488626175 -0.0090524517 -0.0196562558
  vertex 0.0479386188 -0.00842024945 -0.0190559644
  endloop
 endfacet

 facet normal -0.532745719 -0.326203316 -0.780879915
  outer loop
  vertex 0.0476960018 -0.00760844164 -0.0195419155
  vertex 0.0481812321 -0.00714865699 -0.0200650264
  vertex 0.0485890284 -0.00834840629 -0.0198420621
  endloop
 endfacet

 facet normal -0.999999762 0.000616634148 0
  outer loop
  vertex 0.0453318059 0.0256756563 -0.0152712762
  vertex 0.0453318059 0.0256756563 0.00143395865
  vertex 0.0453369655 0.0340451747 -0.0137105202
  endloop
 endfacet

 facet normal -0.999999762 0.000616634148 0
  outer loop
  vertex 0.0453318059 0.0256756563 -0.0152712762
  vertex 0.0453369655 0.0340451747 -0.0137105202
  vertex 0.0453369655 0.0340451747 -0.0138705978
  endloop
 endfacet

 facet normal -0.999999762 0.000645350432 -0.00017158917
  outer loop
  vertex 0.0453318059 0.0256756563 -0.0152712762
  vertex 0.0453369655 0.0340451747 -0.0138705978
  vertex 0.0453369655 0.0337434411 -0.015005433
  endloop
 endfacet

 facet normal -0.999999702 0.000647354522 -0.000232412509
  outer loop
  vertex 0.0453318059 0.0256756563 -0.0152712762
  vertex 0.0453369655 0.0337434411 -0.015005433
  vertex 0.0453369655 0.0336931534 -0.0151455002
  endloop
 endfacet

 facet normal -0.999497533 0.0298332162 -0.0107106883
  outer loop
  vertex 0.0453369655 0.0336931534 -0.0151455002
  vertex 0.0453369655 0.0337434411 -0.015005433
  vertex 0.0458841398 0.0515672825 -0.0164204054
  endloop
 endfacet

 facet normal -0.99757266 0.0259287041 -0.0646257699
  outer loop
  vertex 0.0453369655 0.0336931534 -0.0151455002
  vertex 0.0458841398 0.0515672825 -0.0164204054
  vertex 0.0459667295 0.0515672825 -0.0176953077
  endloop
 endfacet

 facet normal -0.99584192 0.0643184632 -0.0645136461
  outer loop
  vertex 0.0459667295 0.0515672825 -0.0176953077
  vertex 0.0458841398 0.0515672825 -0.0164204054
  vertex 0.0459667295 0.0528460555 -0.0164204054
  endloop
 endfacet

 facet normal -0.994151413 0.0762489811 -0.0764803663
  outer loop
  vertex 0.0459667295 0.0515672825 -0.0176953077
  vertex 0.0459667295 0.0528460555 -0.0164204054
  vertex 0.046064809 0.0528460555 -0.0176953077
  endloop
 endfacet

 facet normal -0.973811567 0.074688971 -0.214738786
  outer loop
  vertex 0.0459667295 0.0515672825 -0.0176953077
  vertex 0.046064809 0.0528460555 -0.0176953077
  vertex 0.0462558046 0.0528460555 -0.0185614415
  endloop
 endfacet

 facet normal -0.968024671 0.052712068 -0.245254368
  outer loop
  vertex 0.0459667295 0.0515672825 -0.0176953077
  vertex 0.0462558046 0.0528460555 -0.0185614415
  vertex 0.0462093465 0.0515672825 -0.0186529141
  endloop
 endfacet

 facet normal -0.874052942 0.0661830753 -0.481301546
  outer loop
  vertex 0.0462093465 0.0515672825 -0.0186529141
  vertex 0.0462558046 0.0528460555 -0.0185614415
  vertex 0.0466068201 0.0528460555 -0.0191988926
  endloop
 endfacet

 facet normal -0.874052942 0.0661830753 -0.481301546
  outer loop
  vertex 0.0462093465 0.0515672825 -0.0186529141
  vertex 0.0466068201 0.0528460555 -0.0191988926
  vertex 0.046560362 0.0515672825 -0.0192903653
  endloop
 endfacet

 facet normal -0.742187202 0.009038819 -0.670131683
  outer loop
  vertex 0.046560362 0.0515672825 -0.0192903653
  vertex 0.0472004488 0.0515672825 -0.0199992806
  vertex 0.0465551987 0.0502956882 -0.0193018001
  endloop
 endfacet

 facet normal -0.767651975 0.0734297037 -0.63664639
  outer loop
  vertex 0.046560362 0.0515672825 -0.0192903653
  vertex 0.0466068201 0.0528460555 -0.0191988926
  vertex 0.0472469069 0.0528460555 -0.0199706946
  endloop
 endfacet

 facet normal -0.741565466 0.0419082083 -0.669570386
  outer loop
  vertex 0.046560362 0.0515672825 -0.0192903653
  vertex 0.0472469069 0.0528460555 -0.0199706946
  vertex 0.0472004488 0.0515672825 -0.0199992806
  endloop
 endfacet

 facet normal -0.739498436 0.00602916488 -0.673131287
  outer loop
  vertex 0.0465551987 0.0502956882 -0.0193018001
  vertex 0.0472004488 0.0515672825 -0.0199992806
  vertex 0.0471952893 0.0502956882 -0.020004997
  endloop
 endfacet

 facet normal -0.739511847 8.05247691e-06 -0.673143566
  outer loop
  vertex 0.0465551987 0.0502956882 -0.0193018001
  vertex 0.0471952893 0.0502956882 -0.020004997
  vertex 0.0465706848 0.0387867056 -0.0193189513
  endloop
 endfacet

 facet normal -0.739444613 0 -0.673217475
  outer loop
  vertex 0.0465706848 0.0387867056 -0.0193189513
  vertex 0.0471952893 0.0502956882 -0.020004997
  vertex 0.0471952893 0.0387867056 -0.020004997
  endloop
 endfacet

 facet normal -0.685715795 -0.554505229 -0.47150597
  outer loop
  vertex 0.0479386188 -0.00842024945 -0.0190559644
  vertex 0.0488626175 -0.0090524517 -0.0196562558
  vertex 0.0486096777 -0.00932544935 -0.0189673509
  endloop
 endfacet

 facet normal -0.721225441 -0.572804391 -0.389524072
  outer loop
  vertex 0.0479386188 -0.00842024945 -0.0190559644
  vertex 0.0486096777 -0.00932544935 -0.0189673509
  vertex 0.0477166511 -0.00888721831 -0.0179582909
  endloop
 endfacet

 facet normal -0.840226293 -0.519127965 -0.156607494
  outer loop
  vertex 0.0477166511 -0.00888721831 -0.0179582909
  vertex 0.0476288982 -0.00900216494 -0.0171064511
  vertex 0.0473604724 -0.00842024945 -0.0175952576
  endloop
 endfacet

 facet normal -0.700535178 -0.621971369 -0.349860132
  outer loop
  vertex 0.0477166511 -0.00888721831 -0.0179582909
  vertex 0.0486096777 -0.00932544935 -0.0189673509
  vertex 0.0489658564 -0.0102234669 -0.0180840679
  endloop
 endfacet

 facet normal -0.728202462 -0.665256917 -0.164785817
  outer loop
  vertex 0.0477166511 -0.00888721831 -0.0179582909
  vertex 0.0489658564 -0.0102234669 -0.0180840679
  vertex 0.0476288982 -0.00900216494 -0.0171064511
  endloop
 endfacet

 facet normal -0.716868043 -0.686266482 -0.123038784
  outer loop
  vertex 0.0476288982 -0.00900216494 -0.0171064511
  vertex 0.0489658564 -0.0102234669 -0.0180840679
  vertex 0.0488884263 -0.0102953091 -0.0172322262
  endloop
 endfacet

 facet normal -0.717502952 -0.695889175 -0.0304604229
  outer loop
  vertex 0.0476288982 -0.00900216494 -0.0171064511
  vertex 0.0488884263 -0.0102953091 -0.0172322262
  vertex 0.048867777 -0.0103096785 -0.0164175462
  endloop
 endfacet

 facet normal -0.718055367 -0.695400655 -0.0285396464
  outer loop
  vertex 0.0476288982 -0.00900216494 -0.0171064511
  vertex 0.048867777 -0.0103096785 -0.0164175462
  vertex 0.0482276902 -0.0096487375 -0.0164175462
  endloop
 endfacet

 facet normal -0.72690618 -0.68662113 -0.0126065575
  outer loop
  vertex 0.0476288982 -0.00900216494 -0.0171064511
  vertex 0.0482276902 -0.0096487375 -0.0164175462
  vertex 0.0476237349 -0.00900934823 -0.0164175462
  endloop
 endfacet

 facet normal -0.726963878 -0.686675727 0
  outer loop
  vertex 0.0476237349 -0.00900934823 -0.0164175462
  vertex 0.0482276902 -0.0096487375 -0.0164175462
  vertex 0.0482276902 -0.0096487375 0.00142538303
  endloop
 endfacet

 facet normal -0.726963878 -0.686675727 0
  outer loop
  vertex 0.0476237349 -0.00900934823 -0.0164175462
  vertex 0.0482276902 -0.0096487375 0.00142538303
  vertex 0.0476237349 -0.00900934823 0.00142538303
  endloop
 endfacet

 facet normal -0.726926923 -0.68664068 0.0100938976
  outer loop
  vertex 0.0476237349 -0.00900934823 0.00142538303
  vertex 0.0482276902 -0.0096487375 0.00142538303
  vertex 0.0476288982 -0.00900216494 0.00228580041
  endloop
 endfacet

 facet normal -0.726193428 -0.687399626 0.0111746024
  outer loop
  vertex 0.0476288982 -0.00900216494 0.00228580041
  vertex 0.0482276902 -0.0096487375 0.00142538303
  vertex 0.0488729402 -0.0103096785 0.00270028622
  endloop
 endfacet

 facet normal -0.727547407 -0.685753107 0.0204323009
  outer loop
  vertex 0.0476288982 -0.00900216494 0.00228580041
  vertex 0.0488729402 -0.0103096785 0.00270028622
  vertex 0.0488884263 -0.010288123 0.00397518976
  endloop
 endfacet

 facet normal -0.734803855 -0.677519202 0.0321100429
  outer loop
  vertex 0.0476288982 -0.00900216494 0.00228580041
  vertex 0.0488884263 -0.010288123 0.00397518976
  vertex 0.0489039123 -0.0102737574 0.00463265087
  endloop
 endfacet

 facet normal -0.694265246 -0.627671897 0.352170199
  outer loop
  vertex 0.0486767851 -0.00924642384 0.00615052925
  vertex 0.0485322475 -0.00965591986 0.00513575133
  vertex 0.049110394 -0.010101337 0.00548163382
  endloop
 endfacet

 facet normal -0.595571458 -0.66016829 0.457681656
  outer loop
  vertex 0.0486767851 -0.00924642384 0.00615052925
  vertex 0.049110394 -0.010101337 0.00548163382
  vertex 0.0499569587 -0.0104389908 0.00609621685
  endloop
 endfacet

 facet normal -0.52337867 -0.589834511 0.614955246
  outer loop
  vertex 0.0486767851 -0.00924642384 0.00615052925
  vertex 0.0499569587 -0.0104389908 0.00609621685
  vertex 0.0495646484 -0.00961999875 0.00654786406
  endloop
 endfacet

 facet normal -0.522993922 -0.554615021 0.647209048
  outer loop
  vertex 0.0486767851 -0.00924642384 0.00615052925
  vertex 0.0495646484 -0.00961999875 0.00654786406
  vertex 0.0491671748 -0.00871479884 0.00700237043
  endloop
 endfacet

 facet normal -0.595511079 -0.48130545 0.643204212
  outer loop
  vertex 0.0486767851 -0.00924642384 0.00615052925
  vertex 0.0491671748 -0.00871479884 0.00700237043
  vertex 0.0483206064 -0.00830530282 0.00652499637
  endloop
 endfacet

 facet normal -0.591823578 -0.425172657 0.684816122
  outer loop
  vertex 0.0483206064 -0.00830530282 0.00652499637
  vertex 0.0491671748 -0.00871479884 0.00700237043
  vertex 0.0488109961 -0.00785988662 0.00722533558
  endloop
 endfacet

 facet normal -0.427030265 -0.39060384 0.815520644
  outer loop
  vertex 0.0488109961 -0.00785988662 0.00722533558
  vertex 0.0491671748 -0.00871479884 0.00700237043
  vertex 0.0500189066 -0.00913866423 0.00724534551
  endloop
 endfacet

 facet normal -0.361646563 -0.327948362 0.872732282
  outer loop
  vertex 0.0488109961 -0.00785988662 0.00722533558
  vertex 0.0500189066 -0.00913866423 0.00724534551
  vertex 0.0495801345 -0.00831248891 0.00737397932
  endloop
 endfacet

 facet normal -0.313562155 -0.230312824 0.921213806
  outer loop
  vertex 0.0488109961 -0.00785988662 0.00722533558
  vertex 0.0495801345 -0.00831248891 0.00737397932
  vertex 0.0495543256 -0.00707681617 0.00767412456
  endloop
 endfacet

 facet normal -0.602355182 -0.797601879 0.0316143744
  outer loop
  vertex 0.0489039123 -0.0102737574 0.00463265087
  vertex 0.0488884263 -0.010288123 0.00397518976
  vertex 0.0495543256 -0.0107910139 0.00397518976
  endloop
 endfacet

 facet normal -0.555179417 -0.825654149 0.100354306
  outer loop
  vertex 0.0489039123 -0.0102737574 0.00463265087
  vertex 0.0495543256 -0.0107910139 0.00397518976
  vertex 0.050473161 -0.0114088506 0.00397518976
  endloop
 endfacet

 facet normal -0.525267363 -0.831340909 0.181567535
  outer loop
  vertex 0.0489039123 -0.0102737574 0.00463265087
  vertex 0.050473161 -0.0114088506 0.00397518976
  vertex 0.0495439991 -0.0105683068 0.00513575133
  endloop
 endfacet

 facet normal -0.581103921 -0.758347392 0.295343012
  outer loop
  vertex 0.0489039123 -0.0102737574 0.00463265087
  vertex 0.0495439991 -0.0105683068 0.00513575133
  vertex 0.049110394 -0.010101337 0.00548163382
  endloop
 endfacet

 facet normal -0.688513696 -0.659619391 0.301415473
  outer loop
  vertex 0.0489039123 -0.0102737574 0.00463265087
  vertex 0.049110394 -0.010101337 0.00548163382
  vertex 0.0485322475 -0.00965591986 0.00513575133
  endloop
 endfacet

 facet normal -0.218762606 -0.00438679475 0.975768268
  outer loop
  vertex 0.0482793115 -0.00325485668 0.00758836884
  vertex 0.0495543256 -0.0045264489 0.00786850415
  vertex 0.0495543256 -0.00325485668 0.00787422061
  endloop
 endfacet

 facet normal -0.218764722 -0.000175027992 0.975777626
  outer loop
  vertex 0.0482793115 -0.00325485668 0.00758836884
  vertex 0.0495543256 -0.00325485668 0.00787422061
  vertex 0.0495543256 0.028621152 0.00787993893
  endloop
 endfacet

 facet normal -0.219943434 -0.000125456456 0.975512624
  outer loop
  vertex 0.0482793115 -0.00325485668 0.00758836884
  vertex 0.0495543256 0.028621152 0.00787993893
  vertex 0.0485374108 0.0110272057 0.00764839817
  endloop
 endfacet

 facet normal -0.221474499 -9.63315979e-05 0.975166202
  outer loop
  vertex 0.0482793115 -0.00325485668 0.00758836884
  vertex 0.0485374108 0.0110272057 0.00764839817
  vertex 0.0482793115 0.0256756563 0.0075912266
  endloop
 endfacet

 facet normal -0.243324906 -9.58158198e-05 0.969944894
  outer loop
  vertex 0.0482793115 -0.00325485668 0.00758836884
  vertex 0.0482793115 0.0256756563 0.0075912266
  vertex 0.0482741483 0.0387867056 0.0075912266
  endloop
 endfacet

 facet normal -0.273906648 -9.90146946e-05 0.961756349
  outer loop
  vertex 0.0482793115 -0.00325485668 0.00758836884
  vertex 0.0482741483 0.0387867056 0.0075912266
  vertex 0.0482741483 0.0110272057 0.00758836884
  endloop
 endfacet

 facet normal -0.346337467 -9.6580261e-05 0.938109994
  outer loop
  vertex 0.0482741483 0.0110272057 0.00758836884
  vertex 0.0482741483 0.0387867056 0.0075912266
  vertex 0.0482586622 0.0387867056 0.00758551015
  endloop
 endfacet

 facet normal -0.400427699 -0.000128995889 0.916328371
  outer loop
  vertex 0.0482741483 0.0110272057 0.00758836884
  vertex 0.0482586622 0.0387867056 0.00758551015
  vertex 0.048047021 0.0256756563 0.00749117881
  endloop
 endfacet

 facet normal -0.403397202 -7.16838258e-05 0.915024996
  outer loop
  vertex 0.048047021 0.0256756563 0.00749117881
  vertex 0.0482586622 0.0387867056 0.00758551015
  vertex 0.0475153327 0.0256756563 0.00725677889
  endloop
 endfacet

 facet normal -0.404455036 0 0.914557874
  outer loop
  vertex 0.0475153327 0.0256756563 0.00725677889
  vertex 0.0482586622 0.0387867056 0.00758551015
  vertex 0.0475153327 0.0502956882 0.00725677889
  endloop
 endfacet

 facet normal -0.403312862 0.00205658469 0.915059924
  outer loop
  vertex 0.0475153327 0.0502956882 0.00725677889
  vertex 0.0482741483 0.0502956882 0.0075912266
  vertex 0.0482741483 0.0515672825 0.00758836884
  endloop
 endfacet

 facet normal -0.405620545 0.00370114786 0.914034128
  outer loop
  vertex 0.0475153327 0.0502956882 0.00725677889
  vertex 0.0482741483 0.0515672825 0.00758836884
  vertex 0.047520496 0.0515672825 0.00725392113
  endloop
 endfacet

 facet normal -0.723802209 0.00448947353 0.689993024
  outer loop
  vertex 0.0475153327 0.0502956882 0.00725677889
  vertex 0.047520496 0.0515672825 0.00725392113
  vertex 0.0468804054 0.0502956882 0.00659074215
  endloop
 endfacet

 facet normal -0.403313726 8.81068918e-05 0.915061831
  outer loop
  vertex 0.0475153327 0.0502956882 0.00725677889
  vertex 0.0482586622 0.0387867056 0.00758551015
  vertex 0.0482741483 0.0502956882 0.0075912266
  endloop
 endfacet

 facet normal -0.726727009 0.00758291688 0.686884582
  outer loop
  vertex 0.0468804054 0.0502956882 0.00659074215
  vertex 0.047520496 0.0515672825 0.00725392113
  vertex 0.0468855686 0.0515672825 0.00658216653
  endloop
 endfacet

 facet normal -0.755305946 0.0346868895 0.654453874
  outer loop
  vertex 0.0463332348 0.0515672825 0.00594471535
  vertex 0.0468855686 0.0515672825 0.00658216653
  vertex 0.0463487208 0.0523359813 0.00592184672
  endloop
 endfacet

 facet normal -0.951433361 0.0282880627 0.306552261
  outer loop
  vertex 0.0463332348 0.0515672825 0.00594471535
  vertex 0.0463487208 0.0523359813 0.00592184672
  vertex 0.0461112671 0.0515672825 0.00525580952
  endloop
 endfacet

 facet normal -0.987090707 0.00971347932 0.159867391
  outer loop
  vertex 0.0461112671 0.0515672825 0.00525580952
  vertex 0.0459047854 0.0515672825 0.00398090621
  vertex 0.0453369655 0.0324431136 0.00163691374
  endloop
 endfacet

 facet normal -0.962410152 0.0698865652 0.262455285
  outer loop
  vertex 0.0461112671 0.0515672825 0.00525580952
  vertex 0.0463487208 0.0523359813 0.00592184672
  vertex 0.046214506 0.0527957678 0.00530726323
  endloop
 endfacet

 facet normal -0.983601213 0.0758056492 0.163652375
  outer loop
  vertex 0.0461112671 0.0515672825 0.00525580952
  vertex 0.046214506 0.0527957678 0.00530726323
  vertex 0.0459977016 0.0528460555 0.00398090621
  endloop
 endfacet

 facet normal -0.984607816 0.0715418085 0.159465268
  outer loop
  vertex 0.0461112671 0.0515672825 0.00525580952
  vertex 0.0459977016 0.0528460555 0.00398090621
  vertex 0.0459047854 0.0515672825 0.00398090621
  endloop
 endfacet

 facet normal -0.999996126 0.000680840283 0.00272649433
  outer loop
  vertex 0.0453369655 0.0324431136 0.00163691374
  vertex 0.0453369655 0.0334848128 0.00137678836
  vertex 0.0453318059 0.0256756563 0.00143395865
  endloop
 endfacet

 facet normal -0.996638358 0.0198489353 0.0794870928
  outer loop
  vertex 0.0453369655 0.0324431136 0.00163691374
  vertex 0.0459047854 0.0515672825 0.00398090621
  vertex 0.0453369655 0.0334848128 0.00137678836
  endloop
 endfacet

 facet normal -0.259742022 -0.233055577 0.93713361
  outer loop
  vertex 0.0495543256 -0.00707681617 0.00767412456
  vertex 0.0495801345 -0.00831248891 0.00737397932
  vertex 0.0508293398 -0.00834840629 0.00771128479
  endloop
 endfacet

 facet normal -0.158009142 -0.129829079 0.978865504
  outer loop
  vertex 0.0495543256 -0.00707681617 0.00767412456
  vertex 0.0508293398 -0.00834840629 0.00771128479
  vertex 0.0508293398 -0.00707681617 0.00787993893
  endloop
 endfacet

 facet normal -0.158307269 -0.114640407 0.980712295
  outer loop
  vertex 0.0495543256 -0.00707681617 0.00767412456
  vertex 0.0508293398 -0.00707681617 0.00787993893
  vertex 0.0495543256 -0.00580522371 0.00782276783
  endloop
 endfacet

 facet normal -0.0801990032 -0.035628099 0.99614203
  outer loop
  vertex 0.0495543256 -0.00580522371 0.00782276783
  vertex 0.0508293398 -0.00707681617 0.00787993893
  vertex 0.0495543256 -0.0045264489 0.00786850415
  endloop
 endfacet

 facet normal -0.0627799705 -0.026912896 0.997664571
  outer loop
  vertex 0.0495543256 -0.0045264489 0.00786850415
  vertex 0.0508293398 -0.00707681617 0.00787993893
  vertex 0.0508293398 -0.00580522371 0.0079142414
  endloop
 endfacet

 facet normal -0.0413074121 -0.00545097794 0.99913162
  outer loop
  vertex 0.0495543256 -0.0045264489 0.00786850415
  vertex 0.0508293398 -0.00580522371 0.0079142414
  vertex 0.0521043539 0.0311643369 0.00816864986
  endloop
 endfacet

 facet normal -0.0546968691 -0.00448895851 0.998493016
  outer loop
  vertex 0.0495543256 -0.0045264489 0.00786850415
  vertex 0.0521043539 0.0311643369 0.00816864986
  vertex 0.0495543256 -0.00325485668 0.00787422061
  endloop
 endfacet

 facet normal -0.999996185 0.000680556637 0.00268774736
  outer loop
  vertex 0.0453318059 0.0256756563 0.00143395865
  vertex 0.0453369655 0.0334848128 0.00137678836
  vertex 0.0453369655 0.033642862 0.00133676874
  endloop
 endfacet

 facet normal -0.999999762 0.000650130911 0.000193387707
  outer loop
  vertex 0.0453318059 0.0256756563 0.00143395865
  vertex 0.0453369655 0.033642862 0.00133676874
  vertex 0.0453369655 0.033994887 0.000153338522
  endloop
 endfacet

 facet normal -0.999999762 0.000623607368 2.10839535e-05
  outer loop
  vertex 0.0453318059 0.0256756563 0.00143395865
  vertex 0.0453369655 0.033994887 0.000153338522
  vertex 0.0453369655 0.0340379886 -0.00112156477
  endloop
 endfacet

 facet normal -0.999999762 0.000617271813 3.52376276e-07
  outer loop
  vertex 0.0453318059 0.0256756563 0.00143395865
  vertex 0.0453369655 0.0340379886 -0.00112156477
  vertex 0.0453369655 0.0340451747 -0.0137105202
  endloop
 endfacet

 facet normal -0.553454399 0 -0.832879543
  outer loop
  vertex 0.0471952893 0.0387867056 -0.020004997
  vertex 0.0471952893 0.0502956882 -0.020004997
  vertex 0.0472210981 0.0387867056 -0.0200221483
  endloop
 endfacet

 facet normal -0.517850399 0.000113513408 -0.855471253
  outer loop
  vertex 0.0472210981 0.0387867056 -0.0200221483
  vertex 0.0471952893 0.0502956882 -0.020004997
  vertex 0.0482483394 0.0502956882 -0.0206424501
  endloop
 endfacet

 facet normal -0.516918778 0 -0.856034458
  outer loop
  vertex 0.0472210981 0.0387867056 -0.0200221483
  vertex 0.0482483394 0.0502956882 -0.0206424501
  vertex 0.0482483394 0.0387867056 -0.0206424501
  endloop
 endfacet

 facet normal -0.484393686 -9.01274252e-05 -0.874850154
  outer loop
  vertex 0.0482483394 0.0110272057 -0.0206395909
  vertex 0.0482483394 0.0387867056 -0.0206424501
  vertex 0.0482638218 0.0387867056 -0.0206510238
  endloop
 endfacet

 facet normal -0.484393686 0 -0.874850154
  outer loop
  vertex 0.0482483394 0.0387867056 -0.0206424501
  vertex 0.0482483394 0.0502956882 -0.0206424501
  vertex 0.0482638218 0.0387867056 -0.0206510238
  endloop
 endfacet

 facet normal -0.343268037 -0.000154018213 -0.939237535
  outer loop
  vertex 0.0487542152 0.0110272057 -0.0208396874
  vertex 0.0488884263 0.0256756563 -0.0208911411
  vertex 0.0488935895 -0.00325485668 -0.020888282
  endloop
 endfacet

 facet normal -0.358885974 3.5988312e-06 -0.933381498
  outer loop
  vertex 0.0487542152 0.0110272057 -0.0208396874
  vertex 0.0482638218 0.0387867056 -0.0206510238
  vertex 0.0488884263 0.0502956882 -0.0208911411
  endloop
 endfacet

 facet normal -0.357968122 0 -0.933733881
  outer loop
  vertex 0.0487542152 0.0110272057 -0.0208396874
  vertex 0.0488884263 0.0502956882 -0.0208911411
  vertex 0.0488884263 0.0256756563 -0.0208911411
  endloop
 endfacet

 facet normal -0.0733490139 -0.00389253232 -0.997298717
  outer loop
  vertex 0.0488935895 -0.00325485668 -0.020888282
  vertex 0.0495543256 -0.00325485668 -0.0209368784
  vertex 0.0489039123 -0.00418160902 -0.0208854247
  endloop
 endfacet

 facet normal -0.0873421654 -0.00011398831 -0.996178389
  outer loop
  vertex 0.0488935895 -0.00325485668 -0.020888282
  vertex 0.0488884263 0.0256756563 -0.0208911411
  vertex 0.0489039123 0.0387867056 -0.0208939984
  endloop
 endfacet

 facet normal -0.0847274959 -0.000114661059 -0.996404171
  outer loop
  vertex 0.0488935895 -0.00325485668 -0.020888282
  vertex 0.0489039123 0.0387867056 -0.0208939984
  vertex 0.0490897447 0.0256756563 -0.0209082924
  endloop
 endfacet

 facet normal -0.0733495653 -0.000192430656 -0.997306287
  outer loop
  vertex 0.0488935895 -0.00325485668 -0.020888282
  vertex 0.0490897447 0.0256756563 -0.0209082924
  vertex 0.0495543256 -0.00325485668 -0.0209368784
  endloop
 endfacet

 facet normal -0.076295346 -0.00989294332 -0.997036278
  outer loop
  vertex 0.0489039123 -0.00418160902 -0.0208854247
  vertex 0.0494407602 -0.00457673753 -0.0209225845
  vertex 0.0489400476 -0.00503652217 -0.0208797064
  endloop
 endfacet

 facet normal -0.0723965019 -0.00456473324 -0.997365475
  outer loop
  vertex 0.0489039123 -0.00418160902 -0.0208854247
  vertex 0.0495543256 -0.00325485668 -0.0209368784
  vertex 0.0494407602 -0.00457673753 -0.0209225845
  endloop
 endfacet

 facet normal -0.0716857016 -0.0149389729 -0.997315407
  outer loop
  vertex 0.0489400476 -0.00503652217 -0.0208797064
  vertex 0.0494407602 -0.00457673753 -0.0209225845
  vertex 0.0497762933 -0.00580522371 -0.0209283009
  endloop
 endfacet

 facet normal -0.0967511237 -0.0423907973 -0.994405568
  outer loop
  vertex 0.0489400476 -0.00503652217 -0.0208797064
  vertex 0.0497762933 -0.00580522371 -0.0209283009
  vertex 0.0500343926 -0.00679663429 -0.0209111497
  endloop
 endfacet

 facet normal -0.168320909 -0.0871129856 -0.98187542
  outer loop
  vertex 0.0489400476 -0.00503652217 -0.0208797064
  vertex 0.0500343926 -0.00679663429 -0.0209111497
  vertex 0.0502563566 -0.00764436275 -0.0208739899
  endloop
 endfacet

 facet normal -0.194953427 -0.100542143 -0.975645721
  outer loop
  vertex 0.0489400476 -0.00503652217 -0.0208797064
  vertex 0.0502563566 -0.00764436275 -0.0208739899
  vertex 0.0491362028 -0.00580522371 -0.0208396874
  endloop
 endfacet

 facet normal -0.362151116 0.000207133591 -0.93211937
  outer loop
  vertex 0.0482638218 0.0387867056 -0.0206510238
  vertex 0.0482483394 0.0502956882 -0.0206424501
  vertex 0.0488884263 0.0502956882 -0.0208911411
  endloop
 endfacet

 facet normal -0.285137236 -0.15602836 -0.945701838
  outer loop
  vertex 0.0491362028 -0.00580522371 -0.0208396874
  vertex 0.0502563566 -0.00764436275 -0.0208739899
  vertex 0.0495852977 -0.0071630259 -0.020751074
  endloop
 endfacet

 facet normal -0.362352252 -0.278000772 -0.889615893
  outer loop
  vertex 0.0495852977 -0.0071630259 -0.020751074
  vertex 0.0502563566 -0.00764436275 -0.0208739899
  vertex 0.0495543256 -0.00834840629 -0.0203680322
  endloop
 endfacet

 facet normal -0.42513749 -0.26823464 -0.864470005
  outer loop
  vertex 0.0495852977 -0.0071630259 -0.020751074
  vertex 0.0495543256 -0.00834840629 -0.0203680322
  vertex 0.0481812321 -0.00714865699 -0.0200650264
  endloop
 endfacet

 facet normal -0.454925627 -0.309792727 -0.834907889
  outer loop
  vertex 0.0481812321 -0.00714865699 -0.0200650264
  vertex 0.0495543256 -0.00834840629 -0.0203680322
  vertex 0.0485890284 -0.00834840629 -0.0198420621
  endloop
 endfacet

 facet normal -0.441501856 -0.385403335 -0.810271859
  outer loop
  vertex 0.0485890284 -0.00834840629 -0.0198420621
  vertex 0.0495543256 -0.00834840629 -0.0203680322
  vertex 0.0488626175 -0.0090524517 -0.0196562558
  endloop
 endfacet

 facet normal -0.434989214 -0.513818026 -0.739442706
  outer loop
  vertex 0.0488626175 -0.0090524517 -0.0196562558
  vertex 0.0495543256 -0.00935418811 -0.0198534969
  vertex 0.0501995757 -0.0102665704 -0.0195990875
  endloop
 endfacet

 facet normal -0.563449264 -0.644778013 -0.516513586
  outer loop
  vertex 0.0488626175 -0.0090524517 -0.0196562558
  vertex 0.0501995757 -0.0102665704 -0.0195990875
  vertex 0.0494562462 -0.0100223124 -0.0190931279
  endloop
 endfacet

 facet normal -0.60018003 -0.643330336 -0.475299954
  outer loop
  vertex 0.0488626175 -0.0090524517 -0.0196562558
  vertex 0.0494562462 -0.0100223124 -0.0190931279
  vertex 0.0486096777 -0.00932544935 -0.0189673509
  endloop
 endfacet

 facet normal -0.412281394 -0.414931834 -0.811083019
  outer loop
  vertex 0.0488626175 -0.0090524517 -0.0196562558
  vertex 0.0495543256 -0.00834840629 -0.0203680322
  vertex 0.0495543256 -0.00935418811 -0.0198534969
  endloop
 endfacet

 facet normal -0.99952203 0.03091814 0
  outer loop
  vertex 0.0453369655 0.0340451747 -0.0138705978
  vertex 0.0453369655 0.0340451747 -0.0137105202
  vertex 0.0458789766 0.0515672825 0.00270314515
  endloop
 endfacet

 facet normal -0.99952203 0.03091814 0
  outer loop
  vertex 0.0453369655 0.0340451747 -0.0138705978
  vertex 0.0458789766 0.0515672825 0.00270314515
  vertex 0.0458789766 0.0515672825 -0.0151455002
  endloop
 endfacet

 facet normal -0.999522805 0.0306236558 -0.00404765178
  outer loop
  vertex 0.0453369655 0.0340451747 -0.0138705978
  vertex 0.0458789766 0.0515672825 -0.0151455002
  vertex 0.0458841398 0.0515672825 -0.0164204054
  endloop
 endfacet

 facet normal -0.999516487 0.0300498009 -0.0079897996
  outer loop
  vertex 0.0453369655 0.0340451747 -0.0138705978
  vertex 0.0458841398 0.0515672825 -0.0164204054
  vertex 0.0453369655 0.0337434411 -0.015005433
  endloop
 endfacet

 facet normal -0.99839884 0.0564233474 -0.00404310087
  outer loop
  vertex 0.0458841398 0.0515672825 -0.0164204054
  vertex 0.0458789766 0.0515672825 -0.0151455002
  vertex 0.0459512435 0.0528460555 -0.0151455002
  endloop
 endfacet

 facet normal -0.997847438 0.064447999 -0.0121211167
  outer loop
  vertex 0.0458841398 0.0515672825 -0.0164204054
  vertex 0.0459512435 0.0528460555 -0.0151455002
  vertex 0.0459667295 0.0528460555 -0.0164204054
  endloop
 endfacet

 facet normal -0.981962681 0.188697964 -0.0119281588
  outer loop
  vertex 0.0459667295 0.0528460555 -0.0164204054
  vertex 0.0459512435 0.0528460555 -0.0151455002
  vertex 0.0462041833 0.0540817305 -0.0164204054
  endloop
 endfacet

 facet normal -0.98007983 0.188336164 -0.0630315691
  outer loop
  vertex 0.0459667295 0.0528460555 -0.0164204054
  vertex 0.0462041833 0.0540817305 -0.0164204054
  vertex 0.0462558046 0.0539236777 -0.0176953077
  endloop
 endfacet

 facet normal -0.981841326 0.174018234 -0.0755333453
  outer loop
  vertex 0.0459667295 0.0528460555 -0.0164204054
  vertex 0.0462558046 0.0539236777 -0.0176953077
  vertex 0.046064809 0.0528460555 -0.0176953077
  endloop
 endfacet

 facet normal -0.974847257 0.172778606 -0.140784949
  outer loop
  vertex 0.046064809 0.0528460555 -0.0176953077
  vertex 0.0462558046 0.0539236777 -0.0176953077
  vertex 0.046317745 0.0536722317 -0.0184328072
  endloop
 endfacet

 facet normal -0.971022785 0.106140748 -0.214123785
  outer loop
  vertex 0.046064809 0.0528460555 -0.0176953077
  vertex 0.046317745 0.0536722317 -0.0184328072
  vertex 0.0462558046 0.0528460555 -0.0185614415
  endloop
 endfacet

 facet normal -0.867420316 0.139403373 -0.477649271
  outer loop
  vertex 0.0462558046 0.0528460555 -0.0185614415
  vertex 0.046317745 0.0536722317 -0.0184328072
  vertex 0.0466068201 0.0528460555 -0.0191988926
  endloop
 endfacet

 facet normal -0.519537866 0.00595128769 -0.854426622
  outer loop
  vertex 0.0472004488 0.0515672825 -0.0199992806
  vertex 0.048253499 0.0515672825 -0.0206395909
  vertex 0.0471952893 0.0502956882 -0.020004997
  endloop
 endfacet

 facet normal -0.519172907 0.0379473791 -0.853826404
  outer loop
  vertex 0.0472004488 0.0515672825 -0.0199992806
  vertex 0.0472469069 0.0528460555 -0.0199706946
  vertex 0.048253499 0.0515672825 -0.0206395909
  endloop
 endfacet

 facet normal -0.838771999 0.182270095 -0.513068438
  outer loop
  vertex 0.0466068201 0.0528460555 -0.0191988926
  vertex 0.046317745 0.0536722317 -0.0184328072
  vertex 0.0466997363 0.0541104637 -0.0189016052
  endloop
 endfacet

 facet normal -0.800252855 0.192349419 -0.567976356
  outer loop
  vertex 0.0466068201 0.0528460555 -0.0191988926
  vertex 0.0466997363 0.0541104637 -0.0189016052
  vertex 0.0473811217 0.0541176498 -0.0198592115
  endloop
 endfacet

 facet normal -0.762585104 0.135935605 -0.632444143
  outer loop
  vertex 0.0466068201 0.0528460555 -0.0191988926
  vertex 0.0473811217 0.0541176498 -0.0198592115
  vertex 0.0472469069 0.0528460555 -0.0199706946
  endloop
 endfacet

 facet normal -0.543961346 0.130089834 -0.828964829
  outer loop
  vertex 0.0472469069 0.0528460555 -0.0199706946
  vertex 0.0473811217 0.0541176498 -0.0198592115
  vertex 0.0482741483 0.0541176498 -0.0204452109
  endloop
 endfacet

 facet normal -0.513563395 0.0967197865 -0.85258311
  outer loop
  vertex 0.0472469069 0.0528460555 -0.0199706946
  vertex 0.0482741483 0.0541176498 -0.0204452109
  vertex 0.0483980365 0.0528604276 -0.0206624586
  endloop
 endfacet

 facet normal -0.515016794 0.0424237438 -0.856129766
  outer loop
  vertex 0.0472469069 0.0528460555 -0.0199706946
  vertex 0.0483980365 0.0528604276 -0.0206624586
  vertex 0.048253499 0.0515672825 -0.0206395909
  endloop
 endfacet

 facet normal -0.517846227 0.00402566697 -0.85546422
  outer loop
  vertex 0.0471952893 0.0502956882 -0.020004997
  vertex 0.048253499 0.0515672825 -0.0206395909
  vertex 0.0482483394 0.0502956882 -0.0206424501
  endloop
 endfacet

 facet normal -0.611108541 -0.664867282 -0.42953223
  outer loop
  vertex 0.0486096777 -0.00932544935 -0.0189673509
  vertex 0.0494562462 -0.0100223124 -0.0190931279
  vertex 0.0489658564 -0.0102234669 -0.0180840679
  endloop
 endfacet

 facet normal -0.516368032 -0.810838163 -0.275509655
  outer loop
  vertex 0.0489658564 -0.0102234669 -0.0180840679
  vertex 0.0498175882 -0.010539568 -0.0187501032
  vertex 0.0505505912 -0.0113657434 -0.0176924486
  endloop
 endfacet

 facet normal -0.540433526 -0.817713916 -0.198180765
  outer loop
  vertex 0.0489658564 -0.0102234669 -0.0180840679
  vertex 0.0505505912 -0.0113657434 -0.0176924486
  vertex 0.0494562462 -0.0106473323 -0.01767244
  endloop
 endfacet

 facet normal -0.589080453 -0.798974633 -0.120928958
  outer loop
  vertex 0.0489658564 -0.0102234669 -0.0180840679
  vertex 0.0494562462 -0.0106473323 -0.01767244
  vertex 0.0488884263 -0.0102953091 -0.0172322262
  endloop
 endfacet

 facet normal -0.586919487 -0.690437019 -0.422873914
  outer loop
  vertex 0.0489658564 -0.0102234669 -0.0180840679
  vertex 0.0494562462 -0.0100223124 -0.0190931279
  vertex 0.0498175882 -0.010539568 -0.0187501032
  endloop
 endfacet

 facet normal -0.561573803 -0.82489121 -0.0647244528
  outer loop
  vertex 0.0488884263 -0.0102953091 -0.0172322262
  vertex 0.0494562462 -0.0106473323 -0.01767244
  vertex 0.0495543256 -0.0108125657 -0.0164175462
  endloop
 endfacet

 facet normal -0.590668082 -0.806386352 -0.0291945226
  outer loop
  vertex 0.0488884263 -0.0102953091 -0.0172322262
  vertex 0.0495543256 -0.0108125657 -0.0164175462
  vertex 0.048867777 -0.0103096785 -0.0164175462
  endloop
 endfacet

 facet normal -0.590919971 -0.806730211 0
  outer loop
  vertex 0.048867777 -0.0103096785 -0.0164175462
  vertex 0.0495543256 -0.0108125657 -0.0164175462
  vertex 0.0495543256 -0.0108125657 0.00270028622
  endloop
 endfacet

 facet normal -0.590919971 -0.806730211 0
  outer loop
  vertex 0.048867777 -0.0103096785 -0.0164175462
  vertex 0.0495543256 -0.0108125657 0.00270028622
  vertex 0.048867777 -0.0103096785 0.00142538303
  endloop
 endfacet

 facet normal -0.718347967 -0.695684075 0
  outer loop
  vertex 0.048867777 -0.0103096785 -0.0164175462
  vertex 0.048867777 -0.0103096785 0.00142538303
  vertex 0.0482276902 -0.0096487375 0.00142538303
  endloop
 endfacet

 facet normal -0.718347967 -0.695684075 0
  outer loop
  vertex 0.048867777 -0.0103096785 -0.0164175462
  vertex 0.0482276902 -0.0096487375 0.00142538303
  vertex 0.0482276902 -0.0096487375 -0.0164175462
  endloop
 endfacet

 facet normal -0.718344927 -0.695681036 0.00290900073
  outer loop
  vertex 0.0482276902 -0.0096487375 0.00142538303
  vertex 0.048867777 -0.0103096785 0.00142538303
  vertex 0.0488729402 -0.0103096785 0.00270028622
  endloop
 endfacet

 facet normal -0.593820632 -0.804593861 0.00240472844
  outer loop
  vertex 0.0488729402 -0.0103096785 0.00270028622
  vertex 0.048867777 -0.0103096785 0.00142538303
  vertex 0.0495543256 -0.0108125657 0.00270028622
  endloop
 endfacet

 facet normal -0.593767405 -0.804521739 0.0136003038
  outer loop
  vertex 0.0488729402 -0.0103096785 0.00270028622
  vertex 0.0495543256 -0.0108125657 0.00270028622
  vertex 0.0495543256 -0.0107910139 0.00397518976
  endloop
 endfacet

 facet normal -0.60252589 -0.797828019 0.0208085719
  outer loop
  vertex 0.0488729402 -0.0103096785 0.00270028622
  vertex 0.0495543256 -0.0107910139 0.00397518976
  vertex 0.0488884263 -0.010288123 0.00397518976
  endloop
 endfacet

 facet normal -0.550591111 -0.762658 0.339414567
  outer loop
  vertex 0.049110394 -0.010101337 0.00548163382
  vertex 0.0495439991 -0.0105683068 0.00513575133
  vertex 0.0499569587 -0.0104389908 0.00609621685
  endloop
 endfacet

 facet normal -0.501269221 -0.802514076 0.323574394
  outer loop
  vertex 0.0499569587 -0.0104389908 0.00609621685
  vertex 0.0495439991 -0.0105683068 0.00513575133
  vertex 0.0508241765 -0.0113010872 0.00530154631
  endloop
 endfacet

 facet normal -0.442485988 -0.80652523 0.392075539
  outer loop
  vertex 0.0499569587 -0.0104389908 0.00609621685
  vertex 0.0508241765 -0.0113010872 0.00530154631
  vertex 0.0515829921 -0.0114950594 0.00575891137
  endloop
 endfacet

 facet normal -0.374335855 -0.750374973 0.544802785
  outer loop
  vertex 0.0499569587 -0.0104389908 0.00609621685
  vertex 0.0515829921 -0.0114950594 0.00575891137
  vertex 0.0508293398 -0.0106832534 0.00635920139
  endloop
 endfacet

 facet normal -0.380210102 -0.656699538 0.651295662
  outer loop
  vertex 0.0499569587 -0.0104389908 0.00609621685
  vertex 0.0508293398 -0.0106832534 0.00635920139
  vertex 0.0508293398 -0.0100510465 0.00699665351
  endloop
 endfacet

 facet normal -0.440970868 -0.58608675 0.679740429
  outer loop
  vertex 0.0499569587 -0.0104389908 0.00609621685
  vertex 0.0508293398 -0.0100510465 0.00699665351
  vertex 0.0495646484 -0.00961999875 0.00654786406
  endloop
 endfacet

 facet normal -0.440736383 -0.578559637 0.686309099
  outer loop
  vertex 0.0495646484 -0.00961999875 0.00654786406
  vertex 0.0508293398 -0.0100510465 0.00699665351
  vertex 0.0500189066 -0.00913866423 0.00724534551
  endloop
 endfacet

 facet normal -0.471044958 -0.552221417 0.687872291
  outer loop
  vertex 0.0495646484 -0.00961999875 0.00654786406
  vertex 0.0500189066 -0.00913866423 0.00724534551
  vertex 0.0491671748 -0.00871479884 0.00700237043
  endloop
 endfacet

 facet normal -0.355862081 -0.526548266 0.772081077
  outer loop
  vertex 0.0500189066 -0.00913866423 0.00724534551
  vertex 0.0508293398 -0.0100510465 0.00699665351
  vertex 0.0514849164 -0.010259388 0.00715673063
  endloop
 endfacet

 facet normal -0.274580568 -0.427287817 0.861411989
  outer loop
  vertex 0.0500189066 -0.00913866423 0.00724534551
  vertex 0.0514849164 -0.010259388 0.00715673063
  vertex 0.0508293398 -0.00941166095 0.00736826146
  endloop
 endfacet

 facet normal -0.240494296 -0.29802233 0.923766851
  outer loop
  vertex 0.0500189066 -0.00913866423 0.00724534551
  vertex 0.0508293398 -0.00941166095 0.00736826146
  vertex 0.0508293398 -0.00834840629 0.00771128479
  endloop
 endfacet

 facet normal -0.257708371 -0.280810922 0.924516916
  outer loop
  vertex 0.0500189066 -0.00913866423 0.00724534551
  vertex 0.0508293398 -0.00834840629 0.00771128479
  vertex 0.0495801345 -0.00831248891 0.00737397932
  endloop
 endfacet

 facet normal -0.557941496 -0.829761684 0.0140269799
  outer loop
  vertex 0.0495543256 -0.0107910139 0.00397518976
  vertex 0.0495543256 -0.0108125657 0.00270028622
  vertex 0.050473161 -0.0114088506 0.00397518976
  endloop
 endfacet

 facet normal -0.434618205 -0.900552928 0.0105582047
  outer loop
  vertex 0.050473161 -0.0114088506 0.00397518976
  vertex 0.050442189 -0.0114088506 0.00270028622
  vertex 0.0510822795 -0.0117177656 0.00270028622
  endloop
 endfacet

 facet normal -0.400803626 -0.915660381 0.0303746145
  outer loop
  vertex 0.050473161 -0.0114088506 0.00397518976
  vertex 0.0510822795 -0.0117177656 0.00270028622
  vertex 0.0511132516 -0.0116890306 0.00397518976
  endloop
 endfacet

 facet normal -0.398296118 -0.909931898 0.115689605
  outer loop
  vertex 0.050473161 -0.0114088506 0.00397518976
  vertex 0.0511132516 -0.0116890306 0.00397518976
  vertex 0.0512526259 -0.0116315577 0.00490706973
  endloop
 endfacet

 facet normal -0.479130238 -0.855509996 0.196308643
  outer loop
  vertex 0.050473161 -0.0114088506 0.00397518976
  vertex 0.0512526259 -0.0116315577 0.00490706973
  vertex 0.0508241765 -0.0113010872 0.00530154631
  endloop
 endfacet

 facet normal -0.506110489 -0.8384642 0.202063948
  outer loop
  vertex 0.050473161 -0.0114088506 0.00397518976
  vertex 0.0508241765 -0.0113010872 0.00530154631
  vertex 0.0495439991 -0.0105683068 0.00513575133
  endloop
 endfacet

 facet normal -0.557477295 -0.830081642 0.0135428272
  outer loop
  vertex 0.050473161 -0.0114088506 0.00397518976
  vertex 0.0495543256 -0.0108125657 0.00270028622
  vertex 0.050442189 -0.0114088506 0.00270028622
  endloop
 endfacet

 facet normal -0.112324402 -0.000178237708 0.993671596
  outer loop
  vertex 0.0495543256 -0.00325485668 0.00787422061
  vertex 0.0521043539 0.0311643369 0.00816864986
  vertex 0.0495543256 0.028621152 0.00787993893
  endloop
 endfacet

 facet normal -0.112435929 -6.49811918e-05 0.993659079
  outer loop
  vertex 0.0495543256 0.028621152 0.00787993893
  vertex 0.0521043539 0.0311643369 0.00816864986
  vertex 0.0520991944 0.0400942154 0.00816864986
  endloop
 endfacet

 facet normal -0.112470999 -5.71002129e-05 0.993654966
  outer loop
  vertex 0.0495543256 0.028621152 0.00787993893
  vertex 0.0520991944 0.0400942154 0.00816864986
  vertex 0.0495491624 0.0387867056 0.00787993893
  endloop
 endfacet

 facet normal -0.220168576 -0.000111777015 0.9754619
  outer loop
  vertex 0.0495543256 0.028621152 0.00787993893
  vertex 0.0495491624 0.0387867056 0.00787993893
  vertex 0.0485374108 0.0110272057 0.00764839817
  endloop
 endfacet

 facet normal -0.220846772 -8.57780324e-05 0.975308537
  outer loop
  vertex 0.0485374108 0.0110272057 0.00764839817
  vertex 0.0495491624 0.0387867056 0.00787993893
  vertex 0.0482741483 0.0387867056 0.0075912266
  endloop
 endfacet

 facet normal -0.220970914 -8.70133299e-05 0.975280404
  outer loop
  vertex 0.0485374108 0.0110272057 0.00764839817
  vertex 0.0482741483 0.0387867056 0.0075912266
  vertex 0.0482793115 0.0256756563 0.0075912266
  endloop
 endfacet

 facet normal -0.220846772 0 0.975308537
  outer loop
  vertex 0.0482741483 0.0387867056 0.0075912266
  vertex 0.0495491624 0.0387867056 0.00787993893
  vertex 0.0495491624 0.0477453209 0.00787993893
  endloop
 endfacet

 facet normal -0.220846772 0 0.975308537
  outer loop
  vertex 0.0482741483 0.0387867056 0.0075912266
  vertex 0.0495491624 0.0477453209 0.00787993893
  vertex 0.0482741483 0.0502956882 0.0075912266
  endloop
 endfacet

 facet normal -0.346337467 0 0.938109994
  outer loop
  vertex 0.0482741483 0.0387867056 0.0075912266
  vertex 0.0482741483 0.0502956882 0.0075912266
  vertex 0.0482586622 0.0387867056 0.00758551015
  endloop
 endfacet

 facet normal -0.219457954 0.000729769177 0.975621641
  outer loop
  vertex 0.0482741483 0.0502956882 0.0075912266
  vertex 0.0495491624 0.0477453209 0.00787993893
  vertex 0.0495491624 0.0515672825 0.00787707977
  endloop
 endfacet

 facet normal -0.22084555 0.00219198759 0.975306273
  outer loop
  vertex 0.0482741483 0.0502956882 0.0075912266
  vertex 0.0495491624 0.0515672825 0.00787707977
  vertex 0.0482741483 0.0515672825 0.00758836884
  endloop
 endfacet

 facet normal -0.220841393 0.00654039159 0.975287855
  outer loop
  vertex 0.0482741483 0.0515672825 0.00758836884
  vertex 0.0495491624 0.0515672825 0.00787707977
  vertex 0.0495491624 0.0528460555 0.00786850415
  endloop
 endfacet

 facet normal -0.245452568 0.0324865617 0.968864083
  outer loop
  vertex 0.0482741483 0.0515672825 0.00758836884
  vertex 0.0495491624 0.0528460555 0.00786850415
  vertex 0.0482741483 0.0528460555 0.00754549075
  endloop
 endfacet

 facet normal -0.40543294 0.0306339096 0.913611412
  outer loop
  vertex 0.0482741483 0.0515672825 0.00758836884
  vertex 0.0482741483 0.0528460555 0.00754549075
  vertex 0.047520496 0.0515672825 0.00725392113
  endloop
 endfacet

 facet normal -0.418175042 0.0395356938 0.907505691
  outer loop
  vertex 0.047520496 0.0515672825 0.00725392113
  vertex 0.0482741483 0.0528460555 0.00754549075
  vertex 0.047566954 0.0528460555 0.00721961865
  endloop
 endfacet

 facet normal -0.726018786 0.0447836891 0.686215103
  outer loop
  vertex 0.047520496 0.0515672825 0.00725392113
  vertex 0.047566954 0.0528460555 0.00721961865
  vertex 0.0468855686 0.0515672825 0.00658216653
  endloop
 endfacet

 facet normal -0.739395797 0.0596853904 0.670620322
  outer loop
  vertex 0.0468855686 0.0515672825 0.00658216653
  vertex 0.047566954 0.0528460555 0.00721961865
  vertex 0.0463487208 0.0523359813 0.00592184672
  endloop
 endfacet

 facet normal -0.742320657 0.0804753229 0.665194631
  outer loop
  vertex 0.0463487208 0.0523359813 0.00592184672
  vertex 0.047566954 0.0528460555 0.00721961865
  vertex 0.0468442738 0.0527957678 0.00641923025
  endloop
 endfacet

 facet normal -0.767636836 0.154507264 0.62198168
  outer loop
  vertex 0.0463487208 0.0523359813 0.00592184672
  vertex 0.0468442738 0.0527957678 0.00641923025
  vertex 0.0472365841 0.0540314391 0.00659646001
  endloop
 endfacet

 facet normal -0.774147153 0.161908329 0.611949325
  outer loop
  vertex 0.0463487208 0.0523359813 0.00592184672
  vertex 0.0472365841 0.0540314391 0.00659646001
  vertex 0.0464055017 0.0531908944 0.00576748699
  endloop
 endfacet

 facet normal -0.948715329 0.116102412 0.294039905
  outer loop
  vertex 0.0463487208 0.0523359813 0.00592184672
  vertex 0.0464055017 0.0531908944 0.00576748699
  vertex 0.046214506 0.0527957678 0.00530726323
  endloop
 endfacet

 facet normal -0.999384761 0.0286811627 0.0201872494
  outer loop
  vertex 0.0459047854 0.0515672825 0.00398090621
  vertex 0.0458789766 0.0515672825 0.00270314515
  vertex 0.0453369655 0.033642862 0.00133676874
  endloop
 endfacet

 facet normal -0.996691525 0.0199507009 0.078792043
  outer loop
  vertex 0.0459047854 0.0515672825 0.00398090621
  vertex 0.0453369655 0.033642862 0.00133676874
  vertex 0.0453369655 0.0334848128 0.00137678836
  endloop
 endfacet

 facet normal -0.996974289 0.0724403635 0.0281936862
  outer loop
  vertex 0.0459047854 0.0515672825 0.00398090621
  vertex 0.0459977016 0.0528460555 0.00398090621
  vertex 0.04596157 0.0528460555 0.00270314515
  endloop
 endfacet

 facet normal -0.997718036 0.064439632 0.0201535802
  outer loop
  vertex 0.0459047854 0.0515672825 0.00398090621
  vertex 0.04596157 0.0528460555 0.00270314515
  vertex 0.0458789766 0.0515672825 0.00270314515
  endloop
 endfacet

 facet normal -0.952546537 0.15598537 0.261388272
  outer loop
  vertex 0.046214506 0.0527957678 0.00530726323
  vertex 0.0464055017 0.0531908944 0.00576748699
  vertex 0.0462764502 0.0538302846 0.00491564535
  endloop
 endfacet

 facet normal -0.978920341 0.120924376 0.164597869
  outer loop
  vertex 0.046214506 0.0527957678 0.00530726323
  vertex 0.0462764502 0.0538302846 0.00491564535
  vertex 0.0459977016 0.0528460555 0.00398090621
  endloop
 endfacet

 facet normal -0.978032529 0.18405208 0.0978630632
  outer loop
  vertex 0.0459977016 0.0528460555 0.00398090621
  vertex 0.0462764502 0.0538302846 0.00491564535
  vertex 0.0462248325 0.0540529899 0.00398090621
  endloop
 endfacet

 facet normal -0.982370675 0.18486844 0.0277807042
  outer loop
  vertex 0.0459977016 0.0528460555 0.00398090621
  vertex 0.0462248325 0.0540529899 0.00398090621
  vertex 0.04596157 0.0528460555 0.00270314515
  endloop
 endfacet

 facet normal -0.112626038 -0.130644232 0.985011458
  outer loop
  vertex 0.0508293398 -0.00834840629 0.00771128479
  vertex 0.0521043539 -0.00834840629 0.0078570703
  vertex 0.0508293398 -0.00707681617 0.00787993893
  endloop
 endfacet

 facet normal -0.178502053 -0.302102506 0.936413944
  outer loop
  vertex 0.0508293398 -0.00834840629 0.00771128479
  vertex 0.0508293398 -0.00941166095 0.00736826146
  vertex 0.0519856289 -0.00974931475 0.00747974403
  endloop
 endfacet

 facet normal -0.122641057 -0.259548724 0.957911134
  outer loop
  vertex 0.0508293398 -0.00834840629 0.00771128479
  vertex 0.0519856289 -0.00974931475 0.00747974403
  vertex 0.0533793718 -0.00962718483 0.00769127579
  endloop
 endfacet

 facet normal -0.110410653 -0.235280737 0.965635896
  outer loop
  vertex 0.0508293398 -0.00834840629 0.00771128479
  vertex 0.0533793718 -0.00962718483 0.00769127579
  vertex 0.0521043539 -0.00834840629 0.0078570703
  endloop
 endfacet

 facet normal -0.0311315246 -0.0491693281 0.998305202
  outer loop
  vertex 0.0508293398 -0.00707681617 0.00787993893
  vertex 0.0521043539 -0.00834840629 0.0078570703
  vertex 0.0676936135 -0.0109059606 0.00821724441
  endloop
 endfacet

 facet normal -0.0302070491 -0.045078259 0.998526692
  outer loop
  vertex 0.0508293398 -0.00707681617 0.00787993893
  vertex 0.0676936135 -0.0109059606 0.00821724441
  vertex 0.0674148649 -0.0107191708 0.00821724441
  endloop
 endfacet

 facet normal -0.028522037 -0.0373714902 0.998894334
  outer loop
  vertex 0.0508293398 -0.00707681617 0.00787993893
  vertex 0.0674148649 -0.0107191708 0.00821724441
  vertex 0.0667747781 -0.010230653 0.00821724441
  endloop
 endfacet

 facet normal -0.0277680513 -0.0335425921 0.999051511
  outer loop
  vertex 0.0508293398 -0.00707681617 0.00787993893
  vertex 0.0667747781 -0.010230653 0.00821724441
  vertex 0.0661759824 -0.00973494537 0.00821724441
  endloop
 endfacet

 facet normal -0.0268829055 -0.0284089744 0.999234796
  outer loop
  vertex 0.0508293398 -0.00707681617 0.00787993893
  vertex 0.0661759824 -0.00973494537 0.00821724441
  vertex 0.0521043539 -0.00707681617 0.0079142414
  endloop
 endfacet

 facet normal -0.0268839858 -0.0269563403 0.999275088
  outer loop
  vertex 0.0508293398 -0.00707681617 0.00787993893
  vertex 0.0521043539 -0.00707681617 0.0079142414
  vertex 0.0508293398 -0.00580522371 0.0079142414
  endloop
 endfacet

 facet normal -0.0265456811 -0.0266171228 0.999293208
  outer loop
  vertex 0.0508293398 -0.00580522371 0.0079142414
  vertex 0.0521043539 -0.00707681617 0.0079142414
  vertex 0.0661759824 -0.00973494537 0.00821724441
  endloop
 endfacet

 facet normal -0.0258551706 -0.0239138249 0.999379575
  outer loop
  vertex 0.0508293398 -0.00580522371 0.0079142414
  vertex 0.0661759824 -0.00973494537 0.00821724441
  vertex 0.0649267808 -0.0083843274 0.00821724441
  endloop
 endfacet

 facet normal -0.0247352179 -0.0177737661 0.999536037
  outer loop
  vertex 0.0508293398 -0.00580522371 0.0079142414
  vertex 0.0649267808 -0.0083843274 0.00821724441
  vertex 0.0648906454 -0.00833404064 0.00821724441
  endloop
 endfacet

 facet normal -0.0235195234 -0.0109987892 0.999662876
  outer loop
  vertex 0.0508293398 -0.00580522371 0.0079142414
  vertex 0.0648906454 -0.00833404064 0.00821724441
  vertex 0.0636878982 -0.00576211978 0.00821724441
  endloop
 endfacet

 facet normal -0.0235350095 -0.00664751697 0.999700963
  outer loop
  vertex 0.0508293398 -0.00580522371 0.0079142414
  vertex 0.0636878982 -0.00576211978 0.00821724441
  vertex 0.0533793718 0.0311643369 0.00822010357
  endloop
 endfacet

 facet normal -0.0403217524 -0.00548524735 0.999171793
  outer loop
  vertex 0.0508293398 -0.00580522371 0.0079142414
  vertex 0.0533793718 0.0311643369 0.00822010357
  vertex 0.0521043539 0.0311643369 0.00816864986
  endloop
 endfacet

 facet normal -0.0403223597 -2.33038954e-05 0.999186814
  outer loop
  vertex 0.0521043539 0.0311643369 0.00816864986
  vertex 0.0533793718 0.0311643369 0.00822010357
  vertex 0.0520991944 0.0400942154 0.00816864986
  endloop
 endfacet

 facet normal -0.999524534 0.02955411 0.00879115425
  outer loop
  vertex 0.0453369655 0.033642862 0.00133676874
  vertex 0.0458789766 0.0515672825 0.00270314515
  vertex 0.0453369655 0.033994887 0.000153338522
  endloop
 endfacet

 facet normal -0.999528825 0.0306793563 0.00103725865
  outer loop
  vertex 0.0453369655 0.033994887 0.000153338522
  vertex 0.0458789766 0.0515672825 0.00270314515
  vertex 0.0453369655 0.0340379886 -0.00112156477
  endloop
 endfacet

 facet normal -0.999522388 0.0309016258 1.76405283e-05
  outer loop
  vertex 0.0453369655 0.0340379886 -0.00112156477
  vertex 0.0458789766 0.0515672825 0.00270314515
  vertex 0.0453369655 0.0340451747 -0.0137105202
  endloop
 endfacet

 facet normal -0.365758955 0.00357761141 -0.930702806
  outer loop
  vertex 0.0482483394 0.0502956882 -0.0206424501
  vertex 0.048253499 0.0515672825 -0.0206395909
  vertex 0.0488935895 0.0515672825 -0.0208911411
  endloop
 endfacet

 facet normal -0.362150788 0.00146983459 -0.932118475
  outer loop
  vertex 0.0482483394 0.0502956882 -0.0206424501
  vertex 0.0488935895 0.0515672825 -0.0208911411
  vertex 0.0488884263 0.0502956882 -0.0208911411
  endloop
 endfacet

 facet normal -0.181497216 0 -0.983391464
  outer loop
  vertex 0.0488884263 0.0256756563 -0.0208911411
  vertex 0.0488884263 0.0502956882 -0.0208911411
  vertex 0.0489039123 0.0387867056 -0.0208939984
  endloop
 endfacet

 facet normal -0.073923856 0.000300029264 -0.997263849
  outer loop
  vertex 0.0488884263 0.0502956882 -0.0208911411
  vertex 0.0488935895 0.0515672825 -0.0208911411
  vertex 0.0495491624 0.0515672825 -0.0209397357
  endloop
 endfacet

 facet normal -0.0736339614 0.000148574167 -0.997285426
  outer loop
  vertex 0.0488884263 0.0502956882 -0.0208911411
  vertex 0.0495491624 0.0515672825 -0.0209397357
  vertex 0.0489039123 0.0387867056 -0.0208939984
  endloop
 endfacet

 facet normal -0.0380733944 -0.00223472831 -0.999272466
  outer loop
  vertex 0.0495543256 -0.00325485668 -0.0209368784
  vertex 0.0508293398 -0.0045264489 -0.0209826138
  vertex 0.0508293398 -0.00580522371 -0.0209797546
  endloop
 endfacet

 facet normal -0.0470999293 -0.00675421022 -0.998867393
  outer loop
  vertex 0.0495543256 -0.00325485668 -0.0209368784
  vertex 0.0508293398 -0.00580522371 -0.0209797546
  vertex 0.0494407602 -0.00457673753 -0.0209225845
  endloop
 endfacet

 facet normal -0.0675292537 -9.85593069e-05 -0.997717321
  outer loop
  vertex 0.0495543256 -0.00325485668 -0.0209368784
  vertex 0.0490897447 0.0256756563 -0.0209082924
  vertex 0.0495543256 0.0256756563 -0.0209397357
  endloop
 endfacet

 facet normal -0.060435649 -9.86042214e-05 -0.998172045
  outer loop
  vertex 0.0495543256 -0.00325485668 -0.0209368784
  vertex 0.0495543256 0.0256756563 -0.0209397357
  vertex 0.0495801345 0.0387867056 -0.0209425949
  endloop
 endfacet

 facet normal -0.035961058 -0.000113790382 -0.99935329
  outer loop
  vertex 0.0495543256 -0.00325485668 -0.0209368784
  vertex 0.0495801345 0.0387867056 -0.0209425949
  vertex 0.0508293398 -0.0045264489 -0.0209826138
  endloop
 endfacet

 facet normal -0.0720180422 6.65695261e-05 -0.997403324
  outer loop
  vertex 0.0489039123 0.0387867056 -0.0208939984
  vertex 0.0495491624 0.0515672825 -0.0209397357
  vertex 0.0490897447 0.0256756563 -0.0209082924
  endloop
 endfacet

 facet normal -0.0711271018 5.06830111e-05 -0.997467279
  outer loop
  vertex 0.0490897447 0.0256756563 -0.0209082924
  vertex 0.0495491624 0.0515672825 -0.0209397357
  vertex 0.0495801345 0.0387867056 -0.0209425949
  endloop
 endfacet

 facet normal -0.0675292388 -8.45406685e-05 -0.997717261
  outer loop
  vertex 0.0490897447 0.0256756563 -0.0209082924
  vertex 0.0495801345 0.0387867056 -0.0209425949
  vertex 0.0495543256 0.0256756563 -0.0209397357
  endloop
 endfacet

 facet normal -0.0488014035 -0.00868191756 -0.998770714
  outer loop
  vertex 0.0494407602 -0.00457673753 -0.0209225845
  vertex 0.0508293398 -0.00580522371 -0.0209797546
  vertex 0.0497762933 -0.00580522371 -0.0209283009
  endloop
 endfacet

 facet normal -0.0487838537 -0.0281890295 -0.998411536
  outer loop
  vertex 0.0497762933 -0.00580522371 -0.0209283009
  vertex 0.0508293398 -0.00580522371 -0.0209797546
  vertex 0.0507364236 -0.0071630259 -0.0209368784
  endloop
 endfacet

 facet normal -0.0527604893 -0.0310028084 -0.998125792
  outer loop
  vertex 0.0497762933 -0.00580522371 -0.0209283009
  vertex 0.0507364236 -0.0071630259 -0.0209368784
  vertex 0.0500343926 -0.00679663429 -0.0209111497
  endloop
 endfacet

 facet normal -0.0668543354 -0.05815221 -0.996066689
  outer loop
  vertex 0.0500343926 -0.00679663429 -0.0209111497
  vertex 0.0507364236 -0.0071630259 -0.0209368784
  vertex 0.0511080883 -0.0079820184 -0.0209140088
  endloop
 endfacet

 facet normal -0.0714954287 -0.0623574071 -0.995489836
  outer loop
  vertex 0.0500343926 -0.00679663429 -0.0209111497
  vertex 0.0511080883 -0.0079820184 -0.0209140088
  vertex 0.0502563566 -0.00764436275 -0.0208739899
  endloop
 endfacet

 facet normal -0.101419002 -0.139073581 -0.985074997
  outer loop
  vertex 0.0502563566 -0.00764436275 -0.0208739899
  vertex 0.0511080883 -0.0079820184 -0.0209140088
  vertex 0.0517430156 -0.00882974546 -0.020859696
  endloop
 endfacet

 facet normal -0.18183282 -0.239547059 -0.95370543
  outer loop
  vertex 0.0502563566 -0.00764436275 -0.0208739899
  vertex 0.0517430156 -0.00882974546 -0.020859696
  vertex 0.0507364236 -0.0083843274 -0.0207796581
  endloop
 endfacet

 facet normal -0.320106268 -0.321291327 -0.891237259
  outer loop
  vertex 0.0502563566 -0.00764436275 -0.0208739899
  vertex 0.0507364236 -0.0083843274 -0.0207796581
  vertex 0.0495543256 -0.00834840629 -0.0203680322
  endloop
 endfacet

 facet normal -0.312200308 -0.400100648 -0.861655653
  outer loop
  vertex 0.0495543256 -0.00834840629 -0.0203680322
  vertex 0.0507364236 -0.0083843274 -0.0207796581
  vertex 0.0507106148 -0.00974931475 -0.0201364886
  endloop
 endfacet

 facet normal -0.349906057 -0.426649511 -0.83398807
  outer loop
  vertex 0.0495543256 -0.00834840629 -0.0203680322
  vertex 0.0507106148 -0.00974931475 -0.0201364886
  vertex 0.0495543256 -0.00935418811 -0.0198534969
  endloop
 endfacet

 facet normal -0.359435618 -0.477721751 -0.801615894
  outer loop
  vertex 0.0495543256 -0.00935418811 -0.0198534969
  vertex 0.0507106148 -0.00974931475 -0.0201364886
  vertex 0.0501995757 -0.0102665704 -0.0195990875
  endloop
 endfacet

 facet normal -0.337629139 -0.747939289 -0.571483493
  outer loop
  vertex 0.0501995757 -0.0102665704 -0.0195990875
  vertex 0.0510461442 -0.0104892813 -0.0198077597
  vertex 0.0521043539 -0.0113513777 -0.0193046592
  endloop
 endfacet

 facet normal -0.353128612 -0.76588428 -0.537328184
  outer loop
  vertex 0.0501995757 -0.0102665704 -0.0195990875
  vertex 0.0521043539 -0.0113513777 -0.0193046592
  vertex 0.0507725589 -0.0109418817 -0.0190130901
  endloop
 endfacet

 facet normal -0.449110329 -0.771745265 -0.450232327
  outer loop
  vertex 0.0501995757 -0.0102665704 -0.0195990875
  vertex 0.0507725589 -0.0109418817 -0.0190130901
  vertex 0.0498175882 -0.010539568 -0.0187501032
  endloop
 endfacet

 facet normal -0.547105968 -0.693273842 -0.469091058
  outer loop
  vertex 0.0501995757 -0.0102665704 -0.0195990875
  vertex 0.0498175882 -0.010539568 -0.0187501032
  vertex 0.0494562462 -0.0100223124 -0.0190931279
  endloop
 endfacet

 facet normal -0.32939896 -0.504048765 -0.798392951
  outer loop
  vertex 0.0501995757 -0.0102665704 -0.0195990875
  vertex 0.0507106148 -0.00974931475 -0.0201364886
  vertex 0.0510461442 -0.0104892813 -0.0198077597
  endloop
 endfacet

 facet normal -0.998406887 0.0564237982 0
  outer loop
  vertex 0.0458789766 0.0515672825 -0.0151455002
  vertex 0.0458789766 0.0515672825 0.00270314515
  vertex 0.0459512435 0.0528460555 0.00142824184
  endloop
 endfacet

 facet normal -0.998406887 0.0564237982 0
  outer loop
  vertex 0.0458789766 0.0515672825 -0.0151455002
  vertex 0.0459512435 0.0528460555 0.00142824184
  vertex 0.0459512435 0.0528460555 -0.0151455002
  endloop
 endfacet

 facet normal -0.98126483 0.192663729 0
  outer loop
  vertex 0.0459512435 0.0528460555 -0.0151455002
  vertex 0.0459512435 0.0528460555 0.00142824184
  vertex 0.0461938605 0.0540817305 0.00142824184
  endloop
 endfacet

 facet normal -0.98126483 0.192663729 0
  outer loop
  vertex 0.0459512435 0.0528460555 -0.0151455002
  vertex 0.0461938605 0.0540817305 0.00142824184
  vertex 0.0461938605 0.0540817305 -0.0151455002
  endloop
 endfacet

 facet normal -0.981233835 0.19265765 -0.00794571638
  outer loop
  vertex 0.0459512435 0.0528460555 -0.0151455002
  vertex 0.0461938605 0.0540817305 -0.0151455002
  vertex 0.0462041833 0.0540817305 -0.0164204054
  endloop
 endfacet

 facet normal -0.966264009 0.257434726 -0.00782449543
  outer loop
  vertex 0.0462041833 0.0540817305 -0.0164204054
  vertex 0.0461938605 0.0540817305 -0.0151455002
  vertex 0.0463745296 0.0547211133 -0.0164204054
  endloop
 endfacet

 facet normal -0.964455783 0.256952971 -0.0616464727
  outer loop
  vertex 0.0462041833 0.0540817305 -0.0164204054
  vertex 0.0463745296 0.0547211133 -0.0164204054
  vertex 0.0464158244 0.0545702465 -0.0176953077
  endloop
 endfacet

 facet normal -0.968404114 0.239673361 -0.0689231381
  outer loop
  vertex 0.0462041833 0.0540817305 -0.0164204054
  vertex 0.0464158244 0.0545702465 -0.0176953077
  vertex 0.0462558046 0.0539236777 -0.0176953077
  endloop
 endfacet

 facet normal -0.958001375 0.237098753 -0.161299556
  outer loop
  vertex 0.0462558046 0.0539236777 -0.0176953077
  vertex 0.0464158244 0.0545702465 -0.0176953077
  vertex 0.046317745 0.0536722317 -0.0184328072
  endloop
 endfacet

 facet normal -0.885658383 0.348620027 -0.306713641
  outer loop
  vertex 0.046317745 0.0536722317 -0.0184328072
  vertex 0.0464158244 0.0545702465 -0.0176953077
  vertex 0.0467410311 0.0553964265 -0.0176953077
  endloop
 endfacet

 facet normal -0.879235148 0.35278517 -0.320137799
  outer loop
  vertex 0.046317745 0.0536722317 -0.0184328072
  vertex 0.0467410311 0.0553964265 -0.0176953077
  vertex 0.0472417474 0.0554251596 -0.0190388151
  endloop
 endfacet

 facet normal -0.858146429 0.311169267 -0.4083606
  outer loop
  vertex 0.046317745 0.0536722317 -0.0184328072
  vertex 0.0472417474 0.0554251596 -0.0190388151
  vertex 0.0466997363 0.0541104637 -0.0189016052
  endloop
 endfacet

 facet normal -0.389037311 0.027198812 -0.920820415
  outer loop
  vertex 0.048253499 0.0515672825 -0.0206395909
  vertex 0.0483980365 0.0528604276 -0.0206624586
  vertex 0.0489039123 0.0524509288 -0.020888282
  endloop
 endfacet

 facet normal -0.365751594 0.00728316791 -0.93068403
  outer loop
  vertex 0.048253499 0.0515672825 -0.0206395909
  vertex 0.0489039123 0.0524509288 -0.020888282
  vertex 0.0488935895 0.0515672825 -0.0208911411
  endloop
 endfacet

 facet normal -0.816495657 0.284164786 -0.502578616
  outer loop
  vertex 0.0466997363 0.0541104637 -0.0189016052
  vertex 0.0472417474 0.0554251596 -0.0190388151
  vertex 0.047520496 0.0550228506 -0.0197191443
  endloop
 endfacet

 facet normal -0.797309577 0.210303351 -0.565747261
  outer loop
  vertex 0.0466997363 0.0541104637 -0.0189016052
  vertex 0.047520496 0.0550228506 -0.0197191443
  vertex 0.0473811217 0.0541176498 -0.0198592115
  endloop
 endfacet

 facet normal -0.536494136 0.209114045 -0.81758517
  outer loop
  vertex 0.0473811217 0.0541176498 -0.0198592115
  vertex 0.047520496 0.0550228506 -0.0197191443
  vertex 0.0482741483 0.0541176498 -0.0204452109
  endloop
 endfacet

 facet normal -0.526645064 0.220125884 -0.821090579
  outer loop
  vertex 0.0482741483 0.0541176498 -0.0204452109
  vertex 0.047520496 0.0550228506 -0.0197191443
  vertex 0.0481967181 0.0554251596 -0.0200450178
  endloop
 endfacet

 facet normal -0.430794358 0.240698144 -0.869759023
  outer loop
  vertex 0.0482741483 0.0541176498 -0.0204452109
  vertex 0.0481967181 0.0554251596 -0.0200450178
  vertex 0.0495956205 0.0554395281 -0.0207339227
  endloop
 endfacet

 facet normal -0.395451635 0.199513525 -0.896555841
  outer loop
  vertex 0.0482741483 0.0541176498 -0.0204452109
  vertex 0.0495956205 0.0554395281 -0.0207339227
  vertex 0.0491620153 0.0541176498 -0.0208368283
  endloop
 endfacet

 facet normal -0.398890942 0.151759282 -0.90435338
  outer loop
  vertex 0.0482741483 0.0541176498 -0.0204452109
  vertex 0.0491620153 0.0541176498 -0.0208368283
  vertex 0.0489503704 0.053305842 -0.0208797064
  endloop
 endfacet

 facet normal -0.439799637 0.110670462 -0.891251028
  outer loop
  vertex 0.0482741483 0.0541176498 -0.0204452109
  vertex 0.0489503704 0.053305842 -0.0208797064
  vertex 0.0483980365 0.0528604276 -0.0206624586
  endloop
 endfacet

 facet normal -0.386908501 0.0302701928 -0.921621084
  outer loop
  vertex 0.0483980365 0.0528604276 -0.0206624586
  vertex 0.0489503704 0.053305842 -0.0208797064
  vertex 0.0489039123 0.0524509288 -0.020888282
  endloop
 endfacet

 facet normal -0.448283404 -0.786956489 -0.423959434
  outer loop
  vertex 0.0498175882 -0.010539568 -0.0187501032
  vertex 0.0507725589 -0.0109418817 -0.0190130901
  vertex 0.0513507016 -0.0115884533 -0.0184242316
  endloop
 endfacet

 facet normal -0.496319652 -0.816815615 -0.294073284
  outer loop
  vertex 0.0498175882 -0.010539568 -0.0187501032
  vertex 0.0513507016 -0.0115884533 -0.0184242316
  vertex 0.0505505912 -0.0113657434 -0.0176924486
  endloop
 endfacet

 facet normal -0.418830723 -0.888488054 -0.18753612
  outer loop
  vertex 0.0505505912 -0.0113657434 -0.0176924486
  vertex 0.0513507016 -0.0115884533 -0.0184242316
  vertex 0.0511906818 -0.0116674788 -0.0176924486
  endloop
 endfacet

 facet normal -0.425797671 -0.903267503 -0.0529540554
  outer loop
  vertex 0.0505505912 -0.0113657434 -0.0176924486
  vertex 0.0511906818 -0.0116674788 -0.0176924486
  vertex 0.0504834875 -0.0114088506 -0.0164175462
  endloop
 endfacet

 facet normal -0.539223671 -0.840245426 -0.0567933731
  outer loop
  vertex 0.0505505912 -0.0113657434 -0.0176924486
  vertex 0.0504834875 -0.0114088506 -0.0164175462
  vertex 0.0495543256 -0.0108125657 -0.0164175462
  endloop
 endfacet

 facet normal -0.548414111 -0.833527267 -0.0668901056
  outer loop
  vertex 0.0505505912 -0.0113657434 -0.0176924486
  vertex 0.0495543256 -0.0108125657 -0.0164175462
  vertex 0.0494562462 -0.0106473323 -0.01767244
  endloop
 endfacet

 facet normal -0.540095091 -0.84160322 -0.00116662064
  outer loop
  vertex 0.0495543256 -0.0108125657 -0.0164175462
  vertex 0.0504834875 -0.0114088506 -0.0164175462
  vertex 0.050442189 -0.0114088506 0.00270028622
  endloop
 endfacet

 facet normal -0.557528496 -0.830157876 0
  outer loop
  vertex 0.0495543256 -0.0108125657 -0.0164175462
  vertex 0.050442189 -0.0114088506 0.00270028622
  vertex 0.0495543256 -0.0108125657 0.00270028622
  endloop
 endfacet

 facet normal -0.399191827 -0.868459642 0.293979317
  outer loop
  vertex 0.0508241765 -0.0113010872 0.00530154631
  vertex 0.0512526259 -0.0116315577 0.00490706973
  vertex 0.0515829921 -0.0114950594 0.00575891137
  endloop
 endfacet

 facet normal -0.313958675 -0.910907865 0.267725378
  outer loop
  vertex 0.0515829921 -0.0114950594 0.00575891137
  vertex 0.0512526259 -0.0116315577 0.00490706973
  vertex 0.052047573 -0.0117896087 0.00530154631
  endloop
 endfacet

 facet normal -0.269115418 -0.910764873 0.313184083
  outer loop
  vertex 0.0515829921 -0.0114950594 0.00575891137
  vertex 0.052047573 -0.0117896087 0.00530154631
  vertex 0.0524295606 -0.0116459271 0.0060476223
  endloop
 endfacet

 facet normal -0.331419051 -0.740242362 0.584980965
  outer loop
  vertex 0.0515829921 -0.0114950594 0.00575891137
  vertex 0.0524295606 -0.0116459271 0.0060476223
  vertex 0.0508293398 -0.0106832534 0.00635920139
  endloop
 endfacet

 facet normal -0.369459122 -0.659785867 0.654356599
  outer loop
  vertex 0.0508293398 -0.0106832534 0.00635920139
  vertex 0.0514849164 -0.010259388 0.00715673063
  vertex 0.0508293398 -0.0100510465 0.00699665351
  endloop
 endfacet

 facet normal -0.307602704 -0.714647651 0.628219247
  outer loop
  vertex 0.0508293398 -0.0106832534 0.00635920139
  vertex 0.0524295606 -0.0116459271 0.0060476223
  vertex 0.0519598201 -0.0109562511 0.00660217647
  endloop
 endfacet

 facet normal -0.307607472 -0.711970806 0.631248951
  outer loop
  vertex 0.0508293398 -0.0106832534 0.00635920139
  vertex 0.0519598201 -0.0109562511 0.00660217647
  vertex 0.0514849164 -0.010259388 0.00715673063
  endloop
 endfacet

 facet normal -0.222979113 -0.695511997 0.683039844
  outer loop
  vertex 0.0514849164 -0.010259388 0.00715673063
  vertex 0.0519598201 -0.0109562511 0.00660217647
  vertex 0.0523418076 -0.0104246214 0.0072682132
  endloop
 endfacet

 facet normal -0.191554815 -0.38396585 0.903259158
  outer loop
  vertex 0.0514849164 -0.010259388 0.00715673063
  vertex 0.0523418076 -0.0104246214 0.0072682132
  vertex 0.0519856289 -0.00974931475 0.00747974403
  endloop
 endfacet

 facet normal -0.1977164 -0.37852937 0.904225528
  outer loop
  vertex 0.0514849164 -0.010259388 0.00715673063
  vertex 0.0519856289 -0.00974931475 0.00747974403
  vertex 0.0508293398 -0.00941166095 0.00736826146
  endloop
 endfacet

 facet normal -0.434642285 -0.900602758 -0.000938839687
  outer loop
  vertex 0.050442189 -0.0114088506 0.00270028622
  vertex 0.0504834875 -0.0114088506 -0.0164175462
  vertex 0.0510822795 -0.0117177656 0.00270028622
  endloop
 endfacet

 facet normal -0.400987625 -0.916080832 -0.00224304595
  outer loop
  vertex 0.0510822795 -0.0117177656 0.00270028622
  vertex 0.0504834875 -0.0114088506 -0.0164175462
  vertex 0.0511235744 -0.0116890306 -0.0164175462
  endloop
 endfacet

 facet normal -0.349949449 -0.936766088 -0.00216389261
  outer loop
  vertex 0.0510822795 -0.0117177656 0.00270028622
  vertex 0.0511235744 -0.0116890306 -0.0164175462
  vertex 0.0521043539 -0.0120554231 -0.0164175462
  endloop
 endfacet

 facet normal -0.325645715 -0.945491552 -0.000710459251
  outer loop
  vertex 0.0510822795 -0.0117177656 0.00270028622
  vertex 0.0521043539 -0.0120554231 -0.0164175462
  vertex 0.0521043539 -0.0120697888 0.00270028622
  endloop
 endfacet

 facet normal -0.32553038 -0.945156693 0.026627643
  outer loop
  vertex 0.0510822795 -0.0117177656 0.00270028622
  vertex 0.0521043539 -0.0120697888 0.00270028622
  vertex 0.0521043539 -0.0120338714 0.00397518976
  endloop
 endfacet

 facet normal -0.328471869 -0.944060624 0.0292575601
  outer loop
  vertex 0.0510822795 -0.0117177656 0.00270028622
  vertex 0.0521043539 -0.0120338714 0.00397518976
  vertex 0.0511132516 -0.0116890306 0.00397518976
  endloop
 endfacet

 facet normal -0.326733589 -0.939064682 0.10678333
  outer loop
  vertex 0.0511132516 -0.0116890306 0.00397518976
  vertex 0.0521043539 -0.0120338714 0.00397518976
  vertex 0.0512526259 -0.0116315577 0.00490706973
  endloop
 endfacet

 facet normal -0.269679576 -0.949015319 0.163226143
  outer loop
  vertex 0.0512526259 -0.0116315577 0.00490706973
  vertex 0.0521043539 -0.0120338714 0.00397518976
  vertex 0.052047573 -0.0117896087 0.00530154631
  endloop
 endfacet

 facet normal -0.0401600637 0 0.999193192
  outer loop
  vertex 0.0520991944 0.0400942154 0.00816864986
  vertex 0.0533793718 0.0311643369 0.00822010357
  vertex 0.0533793718 0.0464665443 0.00822010357
  endloop
 endfacet

 facet normal -0.0401600637 0 0.999193192
  outer loop
  vertex 0.0520991944 0.0400942154 0.00816864986
  vertex 0.0533793718 0.0464665443 0.00822010357
  vertex 0.0520991944 0.0464665443 0.00816864986
  endloop
 endfacet

 facet normal -0.112499923 0 0.993651807
  outer loop
  vertex 0.0520991944 0.0400942154 0.00816864986
  vertex 0.0520991944 0.0464665443 0.00816864986
  vertex 0.0495491624 0.0477453209 0.00787993893
  endloop
 endfacet

 facet normal -0.112499923 0 0.993651807
  outer loop
  vertex 0.0520991944 0.0400942154 0.00816864986
  vertex 0.0495491624 0.0477453209 0.00787993893
  vertex 0.0495491624 0.0387867056 0.00787993893
  endloop
 endfacet

 facet normal -0.112131856 0.000743286801 0.993693173
  outer loop
  vertex 0.0495491624 0.0477453209 0.00787993893
  vertex 0.0520991944 0.0464665443 0.00816864986
  vertex 0.0495491624 0.0515672825 0.00787707977
  endloop
 endfacet

 facet normal -0.100413397 0.00667207036 0.994923472
  outer loop
  vertex 0.0495491624 0.0515672825 0.00787707977
  vertex 0.0520991944 0.0464665443 0.00816864986
  vertex 0.0495491624 0.0528460555 0.00786850415
  endloop
 endfacet

 facet normal -0.0691075996 0.0334315225 0.997048974
  outer loop
  vertex 0.0495491624 0.0528460555 0.00786850415
  vertex 0.0508241765 0.0541176498 0.0079142414
  vertex 0.0508241765 0.0553964265 0.00787136331
  endloop
 endfacet

 facet normal -0.0872635469 0.0425102636 0.995277822
  outer loop
  vertex 0.0495491624 0.0528460555 0.00786850415
  vertex 0.0508241765 0.0553964265 0.00787136331
  vertex 0.0495491624 0.0541176498 0.00781419221
  endloop
 endfacet

 facet normal -0.245371982 0.0413684919 0.968545914
  outer loop
  vertex 0.0495491624 0.0528460555 0.00786850415
  vertex 0.0495491624 0.0541176498 0.00781419221
  vertex 0.0482741483 0.0528460555 0.00754549075
  endloop
 endfacet

 facet normal -0.0590759553 0.0233393963 0.997980714
  outer loop
  vertex 0.0495491624 0.0528460555 0.00786850415
  vertex 0.0520991944 0.0464665443 0.00816864986
  vertex 0.0508241765 0.0541176498 0.0079142414
  endloop
 endfacet

 facet normal -0.30384165 0.104555011 0.946968079
  outer loop
  vertex 0.0482741483 0.0528460555 0.00754549075
  vertex 0.0495491624 0.0541176498 0.00781419221
  vertex 0.0482276902 0.0540314391 0.00739970617
  endloop
 endfacet

 facet normal -0.401029885 0.0963208377 0.910987079
  outer loop
  vertex 0.0482741483 0.0528460555 0.00754549075
  vertex 0.0482276902 0.0540314391 0.00739970617
  vertex 0.0476185717 0.0535501018 0.00718245748
  endloop
 endfacet

 facet normal -0.417214721 0.0783805475 0.905421674
  outer loop
  vertex 0.0482741483 0.0528460555 0.00754549075
  vertex 0.0476185717 0.0535501018 0.00718245748
  vertex 0.047566954 0.0528460555 0.00721961865
  endloop
 endfacet

 facet normal -0.742031097 0.0894727483 0.664367855
  outer loop
  vertex 0.047566954 0.0528460555 0.00721961865
  vertex 0.0476185717 0.0535501018 0.00718245748
  vertex 0.0468442738 0.0527957678 0.00641923025
  endloop
 endfacet

 facet normal -0.765444756 0.153385043 0.624953866
  outer loop
  vertex 0.0468442738 0.0527957678 0.00641923025
  vertex 0.0476185717 0.0535501018 0.00718245748
  vertex 0.0472365841 0.0540314391 0.00659646001
  endloop
 endfacet

 facet normal -0.72414875 0.220742196 0.653361797
  outer loop
  vertex 0.0472365841 0.0540314391 0.00659646001
  vertex 0.0476185717 0.0535501018 0.00718245748
  vertex 0.047773432 0.054405015 0.00706525799
  endloop
 endfacet

 facet normal -0.728289127 0.242110342 0.641075313
  outer loop
  vertex 0.0472365841 0.0540314391 0.00659646001
  vertex 0.047773432 0.054405015 0.00706525799
  vertex 0.0473707989 0.0553964265 0.00623342628
  endloop
 endfacet

 facet normal -0.793483496 0.228084177 0.564235389
  outer loop
  vertex 0.0472365841 0.0540314391 0.00659646001
  vertex 0.0473707989 0.0553964265 0.00623342628
  vertex 0.0464055017 0.0531908944 0.00576748699
  endloop
 endfacet

 facet normal -0.849841952 0.277261466 0.448212862
  outer loop
  vertex 0.0464055017 0.0531908944 0.00576748699
  vertex 0.0473707989 0.0553964265 0.00623342628
  vertex 0.0464932583 0.0542038605 0.00530726323
  endloop
 endfacet

 facet normal -0.927034259 0.218698651 0.304595649
  outer loop
  vertex 0.0464055017 0.0531908944 0.00576748699
  vertex 0.0464932583 0.0542038605 0.00530726323
  vertex 0.0462764502 0.0538302846 0.00491564535
  endloop
 endfacet

 facet normal -0.997888207 0.0644506291 0.008080584
  outer loop
  vertex 0.0458789766 0.0515672825 0.00270314515
  vertex 0.04596157 0.0528460555 0.00270314515
  vertex 0.0459512435 0.0528460555 0.00142824184
  endloop
 endfacet

 facet normal -0.981253386 0.191548049 0.0212411489
  outer loop
  vertex 0.04596157 0.0528460555 0.00270314515
  vertex 0.0462248325 0.0540529899 0.00398090621
  vertex 0.0462041833 0.0540889129 0.00270314515
  endloop
 endfacet

 facet normal -0.981443822 0.191585228 0.00794742256
  outer loop
  vertex 0.04596157 0.0528460555 0.00270314515
  vertex 0.0462041833 0.0540889129 0.00270314515
  vertex 0.0459512435 0.0528460555 0.00142824184
  endloop
 endfacet

 facet normal -0.924493015 0.320999533 0.20560129
  outer loop
  vertex 0.0462764502 0.0538302846 0.00491564535
  vertex 0.0464932583 0.0542038605 0.00530726323
  vertex 0.0468958914 0.0553964265 0.00525580952
  endloop
 endfacet

 facet normal -0.926389635 0.325149775 0.189947009
  outer loop
  vertex 0.0462764502 0.0538302846 0.00491564535
  vertex 0.0468958914 0.0553964265 0.00525580952
  vertex 0.0463848524 0.054685194 0.00398090621
  endloop
 endfacet

 facet normal -0.963403106 0.243856475 0.111303888
  outer loop
  vertex 0.0462764502 0.0538302846 0.00491564535
  vertex 0.0463848524 0.054685194 0.00398090621
  vertex 0.0462248325 0.0540529899 0.00398090621
  endloop
 endfacet

 facet normal -0.969180048 0.245318756 0.0225576926
  outer loop
  vertex 0.0462248325 0.0540529899 0.00398090621
  vertex 0.0463848524 0.054685194 0.00398090621
  vertex 0.0462041833 0.0540889129 0.00270314515
  endloop
 endfacet

 facet normal -0.0567079 -0.183770999 0.981331944
  outer loop
  vertex 0.0521043539 -0.00834840629 0.0078570703
  vertex 0.0533793718 -0.00962718483 0.00769127579
  vertex 0.0699545741 -0.0119332895 0.00821724441
  endloop
 endfacet

 facet normal -0.0405220315 -0.101907067 0.993968248
  outer loop
  vertex 0.0521043539 -0.00834840629 0.0078570703
  vertex 0.0699545741 -0.0119332895 0.00821724441
  vertex 0.0694125593 -0.0117177656 0.00821724441
  endloop
 endfacet

 facet normal -0.0381366275 -0.0895158276 0.995255113
  outer loop
  vertex 0.0521043539 -0.00834840629 0.0078570703
  vertex 0.0694125593 -0.0117177656 0.00821724441
  vertex 0.0691596195 -0.011610006 0.00821724441
  endloop
 endfacet

 facet normal -0.0349771678 -0.0728317127 0.996730745
  outer loop
  vertex 0.0521043539 -0.00834840629 0.0078570703
  vertex 0.0691596195 -0.011610006 0.00821724441
  vertex 0.0676936135 -0.0109059606 0.00821724441
  endloop
 endfacet

 facet normal -0.110551022 -0.349715412 0.930310488
  outer loop
  vertex 0.0519856289 -0.00974931475 0.00747974403
  vertex 0.0523418076 -0.0104246214 0.0072682132
  vertex 0.0533793718 -0.00962718483 0.00769127579
  endloop
 endfacet

 facet normal -0.103546523 -0.357654124 0.928095758
  outer loop
  vertex 0.0533793718 -0.00962718483 0.00769127579
  vertex 0.0523418076 -0.0104246214 0.0072682132
  vertex 0.0533793718 -0.010539568 0.00733967684
  endloop
 endfacet

 facet normal -0.0806338117 -0.3584162 0.930073202
  outer loop
  vertex 0.0533793718 -0.00962718483 0.00769127579
  vertex 0.0533793718 -0.010539568 0.00733967684
  vertex 0.0712295845 -0.0122781293 0.00821724441
  endloop
 endfacet

 facet normal -0.0643872321 -0.241439342 0.968277574
  outer loop
  vertex 0.0533793718 -0.00962718483 0.00769127579
  vertex 0.0712295845 -0.0122781293 0.00821724441
  vertex 0.07036753 -0.0120482361 0.00821724441
  endloop
 endfacet

 facet normal -0.0617395863 -0.221806094 0.973134279
  outer loop
  vertex 0.0533793718 -0.00962718483 0.00769127579
  vertex 0.07036753 -0.0120482361 0.00821724441
  vertex 0.0699545741 -0.0119332895 0.00821724441
  endloop
 endfacet

 facet normal -3.90087662e-05 -8.12265716e-05 1
  outer loop
  vertex 0.0676936135 -0.0109059606 0.00821724441
  vertex 0.0691596195 -0.011610006 0.00821724441
  vertex 0.0533793718 0.0311643369 0.00822010357
  endloop
 endfacet

 facet normal -5.89846022e-05 -8.80232765e-05 1
  outer loop
  vertex 0.0676936135 -0.0109059606 0.00821724441
  vertex 0.0533793718 0.0311643369 0.00822010357
  vertex 0.0674148649 -0.0107191708 0.00821724441
  endloop
 endfacet

 facet normal -6.99958036e-05 -9.17132056e-05 1
  outer loop
  vertex 0.0674148649 -0.0107191708 0.00821724441
  vertex 0.0533793718 0.0311643369 0.00822010357
  vertex 0.0667747781 -0.010230653 0.00821724441
  endloop
 endfacet

 facet normal -7.80935952e-05 -9.4333649e-05 1
  outer loop
  vertex 0.0667747781 -0.010230653 0.00821724441
  vertex 0.0533793718 0.0311643369 0.00822010357
  vertex 0.0661759824 -0.00973494537 0.00821724441
  endloop
 endfacet

 facet normal -0.000114208829 -0.000105633422 1
  outer loop
  vertex 0.0661759824 -0.00973494537 0.00821724441
  vertex 0.0533793718 0.0311643369 0.00822010357
  vertex 0.0649267808 -0.0083843274 0.00821724441
  endloop
 endfacet

 facet normal -0.000169455976 -0.000121764475 1
  outer loop
  vertex 0.0649267808 -0.0083843274 0.00821724441
  vertex 0.0533793718 0.0311643369 0.00822010357
  vertex 0.0648906454 -0.00833404064 0.00821724441
  endloop
 endfacet

 facet normal -0.00041075662 -0.000192088293 0.99999994
  outer loop
  vertex 0.0648906454 -0.00833404064 0.00821724441
  vertex 0.0533793718 0.0311643369 0.00822010357
  vertex 0.0636878982 -0.00576211978 0.00821724441
  endloop
 endfacet

 facet normal -3.37839447e-05 -7.92990468e-05 1
  outer loop
  vertex 0.0533793718 0.0311643369 0.00822010357
  vertex 0.0691596195 -0.011610006 0.00821724441
  vertex 0.0694125593 -0.0117177656 0.00821724441
  endloop
 endfacet

 facet normal -3.11390104e-05 -7.83101277e-05 1
  outer loop
  vertex 0.0533793718 0.0311643369 0.00822010357
  vertex 0.0694125593 -0.0117177656 0.00821724441
  vertex 0.0699545741 -0.0119332895 0.00821724441
  endloop
 endfacet

 facet normal -2.06776658e-05 -7.42867269e-05 1
  outer loop
  vertex 0.0533793718 0.0311643369 0.00822010357
  vertex 0.0699545741 -0.0119332895 0.00821724441
  vertex 0.07036753 -0.0120482361 0.00821724441
  endloop
 endfacet

 facet normal -1.97093214e-05 -7.39060488e-05 1
  outer loop
  vertex 0.0533793718 0.0311643369 0.00822010357
  vertex 0.07036753 -0.0120482361 0.00821724441
  vertex 0.0712295845 -0.0122781293 0.00821724441
  endloop
 endfacet

 facet normal -9.12516953e-06 -6.95570925e-05 1
  outer loop
  vertex 0.0533793718 0.0311643369 0.00822010357
  vertex 0.0712295845 -0.0122781293 0.00821724441
  vertex 0.0724891126 -0.0124433674 0.00821724441
  endloop
 endfacet

 facet normal -3.40001452e-06 -6.70482113e-05 1
  outer loop
  vertex 0.0533793718 0.0311643369 0.00822010357
  vertex 0.0724891126 -0.0124433674 0.00821724441
  vertex 0.0737641305 -0.0125080235 0.00821724441
  endloop
 endfacet

 facet normal 0 -6.54612013e-05 1
  outer loop
  vertex 0.0533793718 0.0311643369 0.00822010357
  vertex 0.0737641305 -0.0125080235 0.00821724441
  vertex 0.0877944604 -0.0125080235 0.00821724441
  endloop
 endfacet

 facet normal 2.50415724e-06 -6.34878525e-05 1
  outer loop
  vertex 0.0533793718 0.0311643369 0.00822010357
  vertex 0.0877944604 -0.0125080235 0.00821724441
  vertex 0.0890694782 -0.0124577321 0.00821724441
  endloop
 endfacet

 facet normal 6.76187983e-06 -6.00043277e-05 1
  outer loop
  vertex 0.0533793718 0.0311643369 0.00822010357
  vertex 0.0890694782 -0.0124577321 0.00821724441
  vertex 0.0903444961 -0.0123140514 0.00821724441
  endloop
 endfacet

 facet normal 1.39651584e-05 -5.3880136e-05 1
  outer loop
  vertex 0.0533793718 0.0311643369 0.00822010357
  vertex 0.0903444961 -0.0123140514 0.00821724441
  vertex 0.0916195139 -0.01198358 0.00821724441
  endloop
 endfacet

 facet normal 1.93505166e-05 -4.91073224e-05 1
  outer loop
  vertex 0.0533793718 0.0311643369 0.00822010357
  vertex 0.0916195139 -0.01198358 0.00821724441
  vertex 0.0924763978 -0.0116459271 0.00821724441
  endloop
 endfacet

 facet normal 2.32096045e-05 -4.55829577e-05 1
  outer loop
  vertex 0.0533793718 0.0311643369 0.00822010357
  vertex 0.0924763978 -0.0116459271 0.00821724441
  vertex 0.0931113288 -0.011322639 0.00821724441
  endloop
 endfacet

 facet normal 2.75029597e-05 -4.15680042e-05 1
  outer loop
  vertex 0.0533793718 0.0311643369 0.00822010357
  vertex 0.0931113288 -0.011322639 0.00821724441
  vertex 0.0934262127 -0.0111143012 0.00821724441
  endloop
 endfacet

 facet normal 2.75308121e-05 -4.15416216e-05 1
  outer loop
  vertex 0.0533793718 0.0311643369 0.00822010357
  vertex 0.0934262127 -0.0111143012 0.00821724441
  vertex 0.094076626 -0.0106832534 0.00821724441
  endloop
 endfacet

 facet normal 3.05654648e-05 -3.85903841e-05 1
  outer loop
  vertex 0.0533793718 0.0311643369 0.00822010357
  vertex 0.094076626 -0.0106832534 0.00821724441
  vertex 0.0947115496 -0.0101803625 0.00821724441
  endloop
 endfacet

 facet normal 3.62778446e-05 -3.28797396e-05 1
  outer loop
  vertex 0.0533793718 0.0311643369 0.00822010357
  vertex 0.0947115496 -0.0101803625 0.00821724441
  vertex 0.0952845365 -0.00954816025 0.00821724441
  endloop
 endfacet

 facet normal 3.80247002e-05 -3.10817086e-05 1
  outer loop
  vertex 0.0533793718 0.0311643369 0.00822010357
  vertex 0.0952845365 -0.00954816025 0.00821724441
  vertex 0.0959246233 -0.00876508933 0.00821724441
  endloop
 endfacet

 facet normal 4.20343349e-05 -2.68093991e-05 1
  outer loop
  vertex 0.0533793718 0.0311643369 0.00822010357
  vertex 0.0959246233 -0.00876508933 0.00821724441
  vertex 0.0963324234 -0.00812570006 0.00821724441
  endloop
 endfacet

 facet normal 4.59225375e-05 -2.25586991e-05 1
  outer loop
  vertex 0.0533793718 0.0311643369 0.00822010357
  vertex 0.0963324234 -0.00812570006 0.00821724441
  vertex 0.0966782719 -0.00742165418 0.00821724441
  endloop
 endfacet

 facet normal 4.62725402e-05 -2.21659429e-05 1
  outer loop
  vertex 0.0533793718 0.0311643369 0.00822010357
  vertex 0.0966782719 -0.00742165418 0.00821724441
  vertex 0.0968434587 -0.00707681617 0.00821724441
  endloop
 endfacet

 facet normal 5.1297553e-05 -1.64546182e-05 1
  outer loop
  vertex 0.0533793718 0.0311643369 0.00822010357
  vertex 0.0968434587 -0.00707681617 0.00821724441
  vertex 0.0972306058 -0.00586988172 0.00821724441
  endloop
 endfacet

 facet normal 5.48619355e-05 -1.2234128e-05 1
  outer loop
  vertex 0.0533793718 0.0311643369 0.00822010357
  vertex 0.0972306058 -0.00586988172 0.00821724441
  vertex 0.0972770676 -0.00566154066 0.00821724441
  endloop
 endfacet

 facet normal 5.50091499e-05 -1.20586446e-05 1
  outer loop
  vertex 0.0533793718 0.0311643369 0.00822010357
  vertex 0.0972770676 -0.00566154066 0.00821724441
  vertex 0.0973699838 -0.00523767713 0.00821724441
  endloop
 endfacet

 facet normal 5.78057879e-05 -8.67900417e-06 1
  outer loop
  vertex 0.0533793718 0.0311643369 0.00822010357
  vertex 0.0973699838 -0.00523767713 0.00821724441
  vertex 0.0974422544 -0.00475634029 0.00821724441
  endloop
 endfacet

 facet normal 5.84601476e-05 -7.87631689e-06 1
  outer loop
  vertex 0.0533793718 0.0311643369 0.00822010357
  vertex 0.0974422544 -0.00475634029 0.00821724441
  vertex 0.0974732265 -0.0045264489 0.00821724441
  endloop
 endfacet

 facet normal 6.14054879e-05 -4.23751908e-06 1
  outer loop
  vertex 0.0533793718 0.0311643369 0.00822010357
  vertex 0.0974732265 -0.0045264489 0.00821724441
  vertex 0.097560972 -0.00325485668 0.00821724441
  endloop
 endfacet

 facet normal 6.45038817e-05 -2.60327027e-07 1
  outer loop
  vertex 0.0533793718 0.0311643369 0.00822010357
  vertex 0.097560972 -0.00325485668 0.00821724441
  vertex 0.0975661352 -0.00197607977 0.00821724441
  endloop
 endfacet

 facet normal 6.46991248e-05 0 1
  outer loop
  vertex 0.0533793718 0.0311643369 0.00822010357
  vertex 0.0975661352 -0.00197607977 0.00821724441
  vertex 0.0975661352 0.0107685765 0.00821724441
  endloop
 endfacet

 facet normal 6.46991248e-05 0 1
  outer loop
  vertex 0.0533793718 0.0311643369 0.00822010357
  vertex 0.0975661352 0.0107685765 0.00821724441
  vertex 0.0533793718 0.0464665443 0.00822010357
  endloop
 endfacet

 facet normal -0.0739232376 0.00408899505 -0.997255504
  outer loop
  vertex 0.0488935895 0.0515672825 -0.0208911411
  vertex 0.0489039123 0.0524509288 -0.020888282
  vertex 0.0495491624 0.0515672825 -0.0209397357
  endloop
 endfacet

 facet normal -0.0723444149 0.00524831004 -0.997366011
  outer loop
  vertex 0.0495491624 0.0515672825 -0.0209397357
  vertex 0.0489039123 0.0524509288 -0.020888282
  vertex 0.0494459234 0.0528604276 -0.0209254436
  endloop
 endfacet

 facet normal -0.0441519208 0.00751710963 -0.998996496
  outer loop
  vertex 0.0495491624 0.0515672825 -0.0209397357
  vertex 0.0494459234 0.0528604276 -0.0209254436
  vertex 0.0508241765 0.0541176498 -0.0209768955
  endloop
 endfacet

 facet normal -0.0381109826 0.00449315505 -0.999263406
  outer loop
  vertex 0.0495491624 0.0515672825 -0.0209397357
  vertex 0.0508241765 0.0541176498 -0.0209768955
  vertex 0.0508241765 0.0528460555 -0.0209826138
  endloop
 endfacet

 facet normal -0.033752311 0.00014169261 -0.99943018
  outer loop
  vertex 0.0495491624 0.0515672825 -0.0209397357
  vertex 0.0508241765 0.0528460555 -0.0209826138
  vertex 0.0495801345 0.0387867056 -0.0209425949
  endloop
 endfacet

 facet normal 0 0 -1
  outer loop
  vertex 0.0508293398 -0.0045264489 -0.0209826138
  vertex 0.0508241765 0.0110272057 -0.0209826138
  vertex 0.0508241765 0.0528460555 -0.0209826138
  endloop
 endfacet

 facet normal 0 0 -1
  outer loop
  vertex 0.0508293398 -0.0045264489 -0.0209826138
  vertex 0.0508241765 0.0528460555 -0.0209826138
  vertex 0.0533793718 0.0553964265 -0.0209826138
  endloop
 endfacet

 facet normal 0 0 -1
  outer loop
  vertex 0.0508293398 -0.0045264489 -0.0209826138
  vertex 0.0533793718 0.0553964265 -0.0209826138
  vertex 0.0903496519 0.0553964265 -0.0209826138
  endloop
 endfacet

 facet normal 0 0 -1
  outer loop
  vertex 0.0508293398 -0.0045264489 -0.0209826138
  vertex 0.0903496519 0.0553964265 -0.0209826138
  vertex 0.0928996876 0.0528460555 -0.0209826138
  endloop
 endfacet

 facet normal 0 0 -1
  outer loop
  vertex 0.0508293398 -0.0045264489 -0.0209826138
  vertex 0.0928996876 0.0528460555 -0.0209826138
  vertex 0.0928996876 0.0387867056 -0.0209826138
  endloop
 endfacet

 facet normal 0 0 -1
  outer loop
  vertex 0.0508293398 -0.0045264489 -0.0209826138
  vertex 0.0928996876 0.0387867056 -0.0209826138
  vertex 0.0928945243 -0.0045264489 -0.0209826138
  endloop
 endfacet

 facet normal 0 0 -1
  outer loop
  vertex 0.0508293398 -0.0045264489 -0.0209826138
  vertex 0.0928945243 -0.0045264489 -0.0209826138
  vertex 0.0903444961 -0.00707681617 -0.0209826138
  endloop
 endfacet

 facet normal 0 0 -1
  outer loop
  vertex 0.0508293398 -0.0045264489 -0.0209826138
  vertex 0.0903444961 -0.00707681617 -0.0209826138
  vertex 0.0533793718 -0.00707681617 -0.0209826138
  endloop
 endfacet

 facet normal -0.00223663915 -0.00223634439 -0.999994993
  outer loop
  vertex 0.0508293398 -0.0045264489 -0.0209826138
  vertex 0.0533793718 -0.00707681617 -0.0209826138
  vertex 0.0508293398 -0.00580522371 -0.0209797546
  endloop
 endfacet

 facet normal -0.0323923677 -1.07522246e-05 -0.999475241
  outer loop
  vertex 0.0508293398 -0.0045264489 -0.0209826138
  vertex 0.0495801345 0.0387867056 -0.0209425949
  vertex 0.0508241765 0.0110272057 -0.0209826138
  endloop
 endfacet

 facet normal -0.00224293675 -0.00224897312 -0.999995053
  outer loop
  vertex 0.0508293398 -0.00580522371 -0.0209797546
  vertex 0.0533793718 -0.00707681617 -0.0209826138
  vertex 0.0521043539 -0.00707681617 -0.0209797546
  endloop
 endfacet

 facet normal -0.0294551235 -0.0295343958 -0.999129713
  outer loop
  vertex 0.0508293398 -0.00580522371 -0.0209797546
  vertex 0.0521043539 -0.00707681617 -0.0209797546
  vertex 0.0507364236 -0.0071630259 -0.0209368784
  endloop
 endfacet

 facet normal -0.0321526937 0 -0.999482989
  outer loop
  vertex 0.0495801345 0.0387867056 -0.0209425949
  vertex 0.0508241765 0.0528460555 -0.0209826138
  vertex 0.0508241765 0.0110272057 -0.0209826138
  endloop
 endfacet

 facet normal -0.0287253968 -0.040923994 -0.998749256
  outer loop
  vertex 0.0507364236 -0.0071630259 -0.0209368784
  vertex 0.0521043539 -0.00707681617 -0.0209797546
  vertex 0.0511080883 -0.0079820184 -0.0209140088
  endloop
 endfacet

 facet normal -0.027523037 -0.0422457829 -0.998728156
  outer loop
  vertex 0.0511080883 -0.0079820184 -0.0209140088
  vertex 0.0521043539 -0.00707681617 -0.0209797546
  vertex 0.0521404892 -0.0083843274 -0.0209254436
  endloop
 endfacet

 facet normal -0.0433396064 -0.0829225704 -0.995613098
  outer loop
  vertex 0.0511080883 -0.0079820184 -0.0209140088
  vertex 0.0521404892 -0.0083843274 -0.0209254436
  vertex 0.0525895841 -0.00903089996 -0.0208911411
  endloop
 endfacet

 facet normal -0.0631834939 -0.110868528 -0.991824687
  outer loop
  vertex 0.0511080883 -0.0079820184 -0.0209140088
  vertex 0.0525895841 -0.00903089996 -0.0208911411
  vertex 0.0517430156 -0.00882974546 -0.020859696
  endloop
 endfacet

 facet normal -0.114057288 -0.333740115 -0.935739517
  outer loop
  vertex 0.0517430156 -0.00882974546 -0.020859696
  vertex 0.0525895841 -0.00903089996 -0.0208911411
  vertex 0.0521404892 -0.00952660758 -0.0206596013
  endloop
 endfacet

 facet normal -0.244787499 -0.393998802 -0.885914266
  outer loop
  vertex 0.0517430156 -0.00882974546 -0.020859696
  vertex 0.0521404892 -0.00952660758 -0.0206596013
  vertex 0.0507364236 -0.0083843274 -0.0207796581
  endloop
 endfacet

 facet normal -0.25697583 -0.407948345 -0.87609452
  outer loop
  vertex 0.0507364236 -0.0083843274 -0.0207796581
  vertex 0.0521404892 -0.00952660758 -0.0206596013
  vertex 0.0507106148 -0.00974931475 -0.0201364886
  endloop
 endfacet

 facet normal -0.23555176 -0.476816744 -0.846853673
  outer loop
  vertex 0.0507106148 -0.00974931475 -0.0201364886
  vertex 0.0521404892 -0.00952660758 -0.0206596013
  vertex 0.0521043539 -0.0107119884 -0.0199821293
  endloop
 endfacet

 facet normal -0.240393981 -0.483041137 -0.841951311
  outer loop
  vertex 0.0507106148 -0.00974931475 -0.0201364886
  vertex 0.0521043539 -0.0107119884 -0.0199821293
  vertex 0.0510461442 -0.0104892813 -0.0198077597
  endloop
 endfacet

 facet normal -0.25698024 -0.696566403 -0.669892848
  outer loop
  vertex 0.0510461442 -0.0104892813 -0.0198077597
  vertex 0.0521043539 -0.0107119884 -0.0199821293
  vertex 0.0530644879 -0.0114950594 -0.0195361972
  endloop
 endfacet

 facet normal -0.264020026 -0.706972659 -0.656112194
  outer loop
  vertex 0.0510461442 -0.0104892813 -0.0198077597
  vertex 0.0530644879 -0.0114950594 -0.0195361972
  vertex 0.0521043539 -0.0113513777 -0.0193046592
  endloop
 endfacet

 facet normal -0.242457747 -0.841123521 -0.483451664
  outer loop
  vertex 0.0521043539 -0.0113513777 -0.0193046592
  vertex 0.0530644879 -0.0114950594 -0.0195361972
  vertex 0.0521043539 -0.0117177656 -0.0186672062
  endloop
 endfacet

 facet normal -0.295589507 -0.828251362 -0.476053119
  outer loop
  vertex 0.0521043539 -0.0113513777 -0.0193046592
  vertex 0.0521043539 -0.0117177656 -0.0186672062
  vertex 0.0513507016 -0.0115884533 -0.0184242316
  endloop
 endfacet

 facet normal -0.352904975 -0.782604396 -0.512823999
  outer loop
  vertex 0.0521043539 -0.0113513777 -0.0193046592
  vertex 0.0513507016 -0.0115884533 -0.0184242316
  vertex 0.0507725589 -0.0109418817 -0.0190130901
  endloop
 endfacet

 facet normal -0.981241822 0.192659199 0.00686035445
  outer loop
  vertex 0.0459512435 0.0528460555 0.00142824184
  vertex 0.0462041833 0.0540889129 0.00270314515
  vertex 0.0461938605 0.0540817305 0.00142824184
  endloop
 endfacet

 facet normal -0.962319374 0.271921813 0
  outer loop
  vertex 0.0461938605 0.0540817305 -0.0151455002
  vertex 0.0461938605 0.0540817305 0.00142824184
  vertex 0.0463745296 0.0547211133 0.00270314515
  endloop
 endfacet

 facet normal -0.962319374 0.271921813 0
  outer loop
  vertex 0.0461938605 0.0540817305 -0.0151455002
  vertex 0.0463745296 0.0547211133 0.00270314515
  vertex 0.0463745296 0.0547211133 -0.0164204054
  endloop
 endfacet

 facet normal -0.931706131 0.363213062 0
  outer loop
  vertex 0.0463745296 0.0547211133 -0.0164204054
  vertex 0.0463745296 0.0547211133 0.00270314515
  vertex 0.0466377921 0.0553964265 0.000153338522
  endloop
 endfacet

 facet normal -0.931706131 0.363213062 0
  outer loop
  vertex 0.0463745296 0.0547211133 -0.0164204054
  vertex 0.0466377921 0.0553964265 0.000153338522
  vertex 0.0466377921 0.0553964265 -0.0151455002
  endloop
 endfacet

 facet normal -0.926803052 0.375472724 -0.00750633469
  outer loop
  vertex 0.0463745296 0.0547211133 -0.0164204054
  vertex 0.0466377921 0.0553964265 -0.0151455002
  vertex 0.0466481149 0.0553964265 -0.0164204054
  endloop
 endfacet

 facet normal -0.924721897 0.374629587 -0.0673943833
  outer loop
  vertex 0.0463745296 0.0547211133 -0.0164204054
  vertex 0.0466481149 0.0553964265 -0.0164204054
  vertex 0.0467410311 0.0553964265 -0.0176953077
  endloop
 endfacet

 facet normal -0.92800498 0.365288854 -0.0732859373
  outer loop
  vertex 0.0463745296 0.0547211133 -0.0164204054
  vertex 0.0467410311 0.0553964265 -0.0176953077
  vertex 0.0464158244 0.0545702465 -0.0176953077
  endloop
 endfacet

 facet normal -0.883984268 0.463056415 -0.0644254014
  outer loop
  vertex 0.0467410311 0.0553964265 -0.0176953077
  vertex 0.0466481149 0.0553964265 -0.0164204054
  vertex 0.0473243371 0.0565099679 -0.0176953077
  endloop
 endfacet

 facet normal -0.865079582 0.45315358 -0.215149671
  outer loop
  vertex 0.0467410311 0.0553964265 -0.0176953077
  vertex 0.0473243371 0.0565099679 -0.0176953077
  vertex 0.0474585518 0.0563088134 -0.0186586305
  endloop
 endfacet

 facet normal -0.879032314 0.353369921 -0.320049673
  outer loop
  vertex 0.0467410311 0.0553964265 -0.0176953077
  vertex 0.0474585518 0.0563088134 -0.0186586305
  vertex 0.0472417474 0.0554251596 -0.0190388151
  endloop
 endfacet

 facet normal -0.804734826 0.389998019 -0.447552621
  outer loop
  vertex 0.0472417474 0.0554251596 -0.0190388151
  vertex 0.0474585518 0.0563088134 -0.0186586305
  vertex 0.0477218144 0.0558777638 -0.019507613
  endloop
 endfacet

 facet normal -0.798278451 0.31499967 -0.51334846
  outer loop
  vertex 0.0472417474 0.0554251596 -0.0190388151
  vertex 0.0477218144 0.0558777638 -0.019507613
  vertex 0.047520496 0.0550228506 -0.0197191443
  endloop
 endfacet

 facet normal -0.0791410133 0.0142991468 -0.996760964
  outer loop
  vertex 0.0489039123 0.0524509288 -0.020888282
  vertex 0.0489503704 0.053305842 -0.0208797064
  vertex 0.0494459234 0.0528604276 -0.0209254436
  endloop
 endfacet

 facet normal -0.559241414 0.320829809 -0.764406562
  outer loop
  vertex 0.047520496 0.0550228506 -0.0197191443
  vertex 0.0477218144 0.0558777638 -0.019507613
  vertex 0.0481967181 0.0554251596 -0.0200450178
  endloop
 endfacet

 facet normal -0.546109378 0.337404698 -0.766761243
  outer loop
  vertex 0.0481967181 0.0554251596 -0.0200450178
  vertex 0.0477218144 0.0558777638 -0.019507613
  vertex 0.0486354865 0.0566680171 -0.019810617
  endloop
 endfacet

 facet normal -0.459214658 0.318514913 -0.829258859
  outer loop
  vertex 0.0481967181 0.0554251596 -0.0200450178
  vertex 0.0486354865 0.0566680171 -0.019810617
  vertex 0.0495491624 0.0566680171 -0.0203165784
  endloop
 endfacet

 facet normal -0.426869929 0.27637282 -0.861045957
  outer loop
  vertex 0.0481967181 0.0554251596 -0.0200450178
  vertex 0.0495491624 0.0566680171 -0.0203165784
  vertex 0.0495956205 0.0554395281 -0.0207339227
  endloop
 endfacet

 facet normal -0.350355834 0.289372563 -0.890794277
  outer loop
  vertex 0.0495956205 0.0554395281 -0.0207339227
  vertex 0.0495491624 0.0566680171 -0.0203165784
  vertex 0.0503183007 0.0558921285 -0.0208711307
  endloop
 endfacet

 facet normal -0.283604264 0.16654706 -0.944367886
  outer loop
  vertex 0.0495956205 0.0554395281 -0.0207339227
  vertex 0.0503183007 0.0558921285 -0.0208711307
  vertex 0.0491620153 0.0541176498 -0.0208368283
  endloop
 endfacet

 facet normal -0.180610687 0.0987728462 -0.978582501
  outer loop
  vertex 0.0491620153 0.0541176498 -0.0208368283
  vertex 0.0503183007 0.0558921285 -0.0208711307
  vertex 0.0489503704 0.053305842 -0.0208797064
  endloop
 endfacet

 facet normal -0.177921474 0.0973525792 -0.97921735
  outer loop
  vertex 0.0489503704 0.053305842 -0.0208797064
  vertex 0.0503183007 0.0558921285 -0.0208711307
  vertex 0.0500550382 0.0550372154 -0.0209082924
  endloop
 endfacet

 facet normal -0.106340036 0.0514539666 -0.992997587
  outer loop
  vertex 0.0489503704 0.053305842 -0.0208797064
  vertex 0.0500550382 0.0550372154 -0.0209082924
  vertex 0.0497969389 0.0541176498 -0.0209283009
  endloop
 endfacet

 facet normal -0.0751843899 0.018725073 -0.996993899
  outer loop
  vertex 0.0489503704 0.053305842 -0.0208797064
  vertex 0.0497969389 0.0541176498 -0.0209283009
  vertex 0.0494459234 0.0528604276 -0.0209254436
  endloop
 endfacet

 facet normal -0.242860392 -0.935886979 -0.25521487
  outer loop
  vertex 0.0513507016 -0.0115884533 -0.0184242316
  vertex 0.0521043539 -0.0117177656 -0.0186672062
  vertex 0.0521043539 -0.01198358 -0.0176924486
  endloop
 endfacet

 facet normal -0.322137415 -0.931121826 -0.170995668
  outer loop
  vertex 0.0513507016 -0.0115884533 -0.0184242316
  vertex 0.0521043539 -0.01198358 -0.0176924486
  vertex 0.0511906818 -0.0116674788 -0.0176924486
  endloop
 endfacet

 facet normal -0.326490223 -0.943703413 -0.0531790666
  outer loop
  vertex 0.0511906818 -0.0116674788 -0.0176924486
  vertex 0.0521043539 -0.01198358 -0.0176924486
  vertex 0.0521043539 -0.0120554231 -0.0164175462
  endloop
 endfacet

 facet normal -0.349745125 -0.936219156 -0.0342357308
  outer loop
  vertex 0.0511906818 -0.0116674788 -0.0176924486
  vertex 0.0521043539 -0.0120554231 -0.0164175462
  vertex 0.0511235744 -0.0116890306 -0.0164175462
  endloop
 endfacet

 facet normal -0.400720388 -0.915470302 -0.036568094
  outer loop
  vertex 0.0511906818 -0.0116674788 -0.0176924486
  vertex 0.0511235744 -0.0116890306 -0.0164175462
  vertex 0.0504834875 -0.0114088506 -0.0164175462
  endloop
 endfacet

 facet normal -0.231740206 -0.958408833 0.166580245
  outer loop
  vertex 0.052047573 -0.0117896087 0.00530154631
  vertex 0.0521043539 -0.0120338714 0.00397518976
  vertex 0.0533793718 -0.0121200792 0.00525295176
  endloop
 endfacet

 facet normal -0.220286652 -0.930696905 0.292022437
  outer loop
  vertex 0.052047573 -0.0117896087 0.00530154631
  vertex 0.0533793718 -0.0121200792 0.00525295176
  vertex 0.0524295606 -0.0116459271 0.0060476223
  endloop
 endfacet

 facet normal -0.208328605 -0.698838174 0.684269369
  outer loop
  vertex 0.0524295606 -0.0116459271 0.0060476223
  vertex 0.0533793718 -0.0111789573 0.0068137073
  vertex 0.0523418076 -0.0104246214 0.0072682132
  endloop
 endfacet

 facet normal -0.218749851 -0.697598219 0.682279468
  outer loop
  vertex 0.0524295606 -0.0116459271 0.0060476223
  vertex 0.0523418076 -0.0104246214 0.0072682132
  vertex 0.0519598201 -0.0109562511 0.00660217647
  endloop
 endfacet

 facet normal -0.141109273 -0.915225625 0.377425969
  outer loop
  vertex 0.0524295606 -0.0116459271 0.0060476223
  vertex 0.0533793718 -0.0121200792 0.00525295176
  vertex 0.0533793718 -0.011739322 0.00617625611
  endloop
 endfacet

 facet normal -0.161134407 -0.741245449 0.651606441
  outer loop
  vertex 0.0524295606 -0.0116459271 0.0060476223
  vertex 0.0533793718 -0.011739322 0.00617625611
  vertex 0.0533793718 -0.0111789573 0.0068137073
  endloop
 endfacet

 facet normal -0.122638933 -0.630489528 0.76644814
  outer loop
  vertex 0.0523418076 -0.0104246214 0.0072682132
  vertex 0.0533793718 -0.0111789573 0.0068137073
  vertex 0.0533793718 -0.010539568 0.00733967684
  endloop
 endfacet

 facet normal -0.235118121 -0.970427334 -0.0546850041
  outer loop
  vertex 0.0521043539 -0.0120554231 -0.0164175462
  vertex 0.0521043539 -0.01198358 -0.0176924486
  vertex 0.0533793718 -0.0123643382 -0.0164175462
  endloop
 endfacet

 facet normal -0.235464185 -0.9718557 -0.00730244396
  outer loop
  vertex 0.0521043539 -0.0120554231 -0.0164175462
  vertex 0.0533793718 -0.0123643382 -0.0164175462
  vertex 0.0533793718 -0.0123930769 -0.0125928363
  endloop
 endfacet

 facet normal -0.253960311 -0.967214346 -0.000726782193
  outer loop
  vertex 0.0521043539 -0.0120554231 -0.0164175462
  vertex 0.0533793718 -0.0123930769 -0.0125928363
  vertex 0.0521043539 -0.0120697888 0.00270028622
  endloop
 endfacet

 facet normal -0.245778352 -0.969326019 0
  outer loop
  vertex 0.0521043539 -0.0120697888 0.00270028622
  vertex 0.0533793718 -0.0123930769 -0.0125928363
  vertex 0.0533793718 -0.0123930769 -0.00622403622
  endloop
 endfacet

 facet normal -0.236767933 -0.971565247 0.00136843743
  outer loop
  vertex 0.0521043539 -0.0120697888 0.00270028622
  vertex 0.0533793718 -0.0123930769 -0.00622403622
  vertex 0.0533793718 -0.0123858936 -0.00112442265
  endloop
 endfacet

 facet normal -0.225081787 -0.974324405 0.00549220107
  outer loop
  vertex 0.0521043539 -0.0120697888 0.00270028622
  vertex 0.0533793718 -0.0123858936 -0.00112442265
  vertex 0.0533793718 -0.0123787075 0.000150480148
  endloop
 endfacet

 facet normal -0.209347591 -0.977744281 0.0137743233
  outer loop
  vertex 0.0521043539 -0.0120697888 0.00270028622
  vertex 0.0533793718 -0.0123787075 0.000150480148
  vertex 0.0533793718 -0.0123427855 0.00270028622
  endloop
 endfacet

 facet normal -0.209338889 -0.977703512 0.0165279135
  outer loop
  vertex 0.0521043539 -0.0120697888 0.00270028622
  vertex 0.0533793718 -0.0123427855 0.00270028622
  vertex 0.0533793718 -0.0123212337 0.00397518976
  endloop
 endfacet

 facet normal -0.219781786 -0.975162148 0.0274729785
  outer loop
  vertex 0.0521043539 -0.0120697888 0.00270028622
  vertex 0.0533793718 -0.0123212337 0.00397518976
  vertex 0.0521043539 -0.0120338714 0.00397518976
  endloop
 endfacet

 facet normal -0.217316955 -0.964225769 0.151795536
  outer loop
  vertex 0.0521043539 -0.0120338714 0.00397518976
  vertex 0.0533793718 -0.0123212337 0.00397518976
  vertex 0.0533793718 -0.0121200792 0.00525295176
  endloop
 endfacet

 facet normal -0.0401459336 0.0265226141 0.998841763
  outer loop
  vertex 0.0520991944 0.0464665443 0.00816864986
  vertex 0.0533793718 0.0464665443 0.00822010357
  vertex 0.0508241765 0.0541176498 0.0079142414
  endloop
 endfacet

 facet normal -0.033591453 0.0334927216 0.998874307
  outer loop
  vertex 0.0508241765 0.0541176498 0.0079142414
  vertex 0.0520991944 0.0553964265 0.0079142414
  vertex 0.0508241765 0.0553964265 0.00787136331
  endloop
 endfacet

 facet normal -0.0300071873 0.0299189892 0.999101818
  outer loop
  vertex 0.0508241765 0.0541176498 0.0079142414
  vertex 0.0533793718 0.0464665443 0.00822010357
  vertex 0.0520991944 0.0553964265 0.0079142414
  endloop
 endfacet

 facet normal -0.168789715 0.124580435 0.977747321
  outer loop
  vertex 0.0508241765 0.0553964265 0.00787136331
  vertex 0.0495491624 0.0553964265 0.00765125593
  vertex 0.0495491624 0.0541176498 0.00781419221
  endloop
 endfacet

 facet normal -0.0335574225 0.0560798869 0.99786222
  outer loop
  vertex 0.0508241765 0.0553964265 0.00787136331
  vertex 0.0520991944 0.0553964265 0.0079142414
  vertex 0.0520991944 0.0566680171 0.0078427773
  endloop
 endfacet

 facet normal -0.125369117 0.147760764 0.981045127
  outer loop
  vertex 0.0508241765 0.0553964265 0.00787136331
  vertex 0.0520991944 0.0566680171 0.0078427773
  vertex 0.0508241765 0.0566680171 0.00767984148
  endloop
 endfacet

 facet normal -0.16827172 0.146812126 0.974746644
  outer loop
  vertex 0.0508241765 0.0553964265 0.00787136331
  vertex 0.0508241765 0.0566680171 0.00767984148
  vertex 0.0495491624 0.0553964265 0.00765125593
  endloop
 endfacet

 facet normal -0.304243863 0.120402113 0.944954515
  outer loop
  vertex 0.0495491624 0.0541176498 0.00781419221
  vertex 0.0495491624 0.0553964265 0.00765125593
  vertex 0.0482276902 0.0540314391 0.00739970617
  endloop
 endfacet

 facet normal -0.34104234 0.15944171 0.926427841
  outer loop
  vertex 0.0482276902 0.0540314391 0.00739970617
  vertex 0.0495491624 0.0553964265 0.00765125593
  vertex 0.0486406498 0.0553964265 0.00731680822
  endloop
 endfacet

 facet normal -0.460789382 0.192029357 0.866486013
  outer loop
  vertex 0.0482276902 0.0540314391 0.00739970617
  vertex 0.0486406498 0.0553964265 0.00731680822
  vertex 0.0476185717 0.0535501018 0.00718245748
  endloop
 endfacet

 facet normal -0.480585188 0.203976676 0.852895916
  outer loop
  vertex 0.0476185717 0.0535501018 0.00718245748
  vertex 0.0486406498 0.0553964265 0.00731680822
  vertex 0.047773432 0.054405015 0.00706525799
  endloop
 endfacet

 facet normal -0.533437967 0.262604207 0.804041624
  outer loop
  vertex 0.047773432 0.054405015 0.00706525799
  vertex 0.0486406498 0.0553964265 0.00731680822
  vertex 0.0488419682 0.056129206 0.00721104303
  endloop
 endfacet

 facet normal -0.55990231 0.281086534 0.77942276
  outer loop
  vertex 0.047773432 0.054405015 0.00706525799
  vertex 0.0488419682 0.056129206 0.00721104303
  vertex 0.0480005592 0.0553964265 0.00687087839
  endloop
 endfacet

 facet normal -0.681238353 0.288022459 0.673021078
  outer loop
  vertex 0.047773432 0.054405015 0.00706525799
  vertex 0.0480005592 0.0553964265 0.00687087839
  vertex 0.0473707989 0.0553964265 0.00623342628
  endloop
 endfacet

 facet normal -0.672445834 0.32630685 0.664334595
  outer loop
  vertex 0.0473707989 0.0553964265 0.00623342628
  vertex 0.0480005592 0.0553964265 0.00687087839
  vertex 0.0475411415 0.0561723113 0.00602475367
  endloop
 endfacet

 facet normal -0.854986072 0.301258415 0.422187448
  outer loop
  vertex 0.0473707989 0.0553964265 0.00623342628
  vertex 0.0475411415 0.0561723113 0.00602475367
  vertex 0.0464932583 0.0542038605 0.00530726323
  endloop
 endfacet

 facet normal -0.858598113 0.307576388 0.410129309
  outer loop
  vertex 0.0464932583 0.0542038605 0.00530726323
  vertex 0.0475411415 0.0561723113 0.00602475367
  vertex 0.0468958914 0.0553964265 0.00525580952
  endloop
 endfacet

 facet normal -0.965452373 0.260140866 0.0151137039
  outer loop
  vertex 0.0462041833 0.0540889129 0.00270314515
  vertex 0.0463848524 0.054685194 0.00398090621
  vertex 0.0463745296 0.0547211133 0.00270314515
  endloop
 endfacet

 facet normal -0.965543211 0.260165334 0.00635290658
  outer loop
  vertex 0.0462041833 0.0540889129 0.00270314515
  vertex 0.0463745296 0.0547211133 0.00270314515
  vertex 0.0461938605 0.0540817305 0.00142824184
  endloop
 endfacet

 facet normal -0.917933345 0.359758139 0.167250335
  outer loop
  vertex 0.0468958914 0.0553964265 0.00525580952
  vertex 0.046663601 0.0553964265 0.00398090621
  vertex 0.0463848524 0.054685194 0.00398090621
  endloop
 endfacet

 facet normal -0.856171846 0.433726162 0.280804962
  outer loop
  vertex 0.0468958914 0.0553964265 0.00525580952
  vertex 0.0475411415 0.0561723113 0.00602475367
  vertex 0.0474017672 0.0563950203 0.00525580952
  endloop
 endfacet

 facet normal -0.880509257 0.446055174 0.160431534
  outer loop
  vertex 0.0468958914 0.0553964265 0.00525580952
  vertex 0.0474017672 0.0563950203 0.00525580952
  vertex 0.046663601 0.0553964265 0.00398090621
  endloop
 endfacet

 facet normal -0.930900455 0.364840209 0.0177779179
  outer loop
  vertex 0.0463848524 0.054685194 0.00398090621
  vertex 0.046663601 0.0553964265 0.00398090621
  vertex 0.0463745296 0.0547211133 0.00270314515
  endloop
 endfacet

 facet normal -0.0993484482 -0.632142186 0.768457055
  outer loop
  vertex 0.0533793718 -0.010539568 0.00733967684
  vertex 0.0533793718 -0.0111789573 0.0068137073
  vertex 0.0712295845 -0.0122781293 0.00821724441
  endloop
 endfacet

 facet normal -0.09775538 -0.745145619 0.659698308
  outer loop
  vertex 0.0712295845 -0.0122781293 0.00821724441
  vertex 0.0533793718 -0.0111789573 0.0068137073
  vertex 0.0724891126 -0.0124433674 0.00821724441
  endloop
 endfacet

 facet normal 0.0030356932 0.0210358091 0.999774158
  outer loop
  vertex 0.0533793718 0.0464665443 0.00822010357
  vertex 0.0903496519 0.0553964265 0.00791995786
  vertex 0.0890694782 0.0566680171 0.00789709017
  endloop
 endfacet

 facet normal 0.00224992493 0.0237829536 0.999714613
  outer loop
  vertex 0.0533793718 0.0464665443 0.00822010357
  vertex 0.0890694782 0.0566680171 0.00789709017
  vertex 0.0877996236 0.0566680171 0.00789994746
  endloop
 endfacet

 facet normal 0 0.0313678198 0.999507904
  outer loop
  vertex 0.0533793718 0.0464665443 0.00822010357
  vertex 0.0877996236 0.0566680171 0.00789994746
  vertex 0.0559294038 0.0566680171 0.00789994746
  endloop
 endfacet

 facet normal -0.00223127799 0.0319249369 0.999487817
  outer loop
  vertex 0.0533793718 0.0464665443 0.00822010357
  vertex 0.0559294038 0.0566680171 0.00789994746
  vertex 0.0546492264 0.0566680171 0.00789709017
  endloop
 endfacet

 facet normal -0.0089993272 0.0327653363 0.99942255
  outer loop
  vertex 0.0533793718 0.0464665443 0.00822010357
  vertex 0.0546492264 0.0566680171 0.00789709017
  vertex 0.0533793718 0.0566680171 0.00788565539
  endloop
 endfacet

 facet normal -0.0102289738 0.0327649452 0.999410748
  outer loop
  vertex 0.0533793718 0.0464665443 0.00822010357
  vertex 0.0533793718 0.0566680171 0.00788565539
  vertex 0.0520991944 0.0553964265 0.0079142414
  endloop
 endfacet

 facet normal 6.57592536e-05 1.31222339e-06 1
  outer loop
  vertex 0.0533793718 0.0464665443 0.00822010357
  vertex 0.0975661352 0.0107685765 0.00821724441
  vertex 0.097560972 0.0110272057 0.00821724441
  endloop
 endfacet

 facet normal 6.60467631e-05 1.67065605e-06 1
  outer loop
  vertex 0.0533793718 0.0464665443 0.00822010357
  vertex 0.097560972 0.0110272057 0.00821724441
  vertex 0.0975351706 0.0120473523 0.00821724441
  endloop
 endfacet

 facet normal 6.91530149e-05 5.65560822e-06 1
  outer loop
  vertex 0.0533793718 0.0464665443 0.00822010357
  vertex 0.0975351706 0.0120473523 0.00821724441
  vertex 0.0974629 0.0129310004 0.00821724441
  endloop
 endfacet

 facet normal 7.0139562e-05 6.95246399e-06 1
  outer loop
  vertex 0.0533793718 0.0464665443 0.00822010357
  vertex 0.0974629 0.0129310004 0.00821724441
  vertex 0.0974216014 0.0133476807 0.00821724441
  endloop
 endfacet

 facet normal 7.11069952e-05 8.23897972e-06 1
  outer loop
  vertex 0.0533793718 0.0464665443 0.00822010357
  vertex 0.0974216014 0.0133476807 0.00821724441
  vertex 0.0973957926 0.0135703888 0.00821724441
  endloop
 endfacet

 facet normal 7.27647421e-05 1.04571e-05 1
  outer loop
  vertex 0.0533793718 0.0464665443 0.00822010357
  vertex 0.0973957926 0.0135703888 0.00821724441
  vertex 0.0973493382 0.0138936751 0.00821724441
  endloop
 endfacet

 facet normal 8.27347903e-05 2.3915627e-05 1
  outer loop
  vertex 0.0533793718 0.0464665443 0.00822010357
  vertex 0.0973493382 0.0138936751 0.00821724441
  vertex 0.0971686617 0.014518695 0.00821724441
  endloop
 endfacet

 facet normal 8.82380555e-05 3.1458665e-05 1
  outer loop
  vertex 0.0533793718 0.0464665443 0.00822010357
  vertex 0.0971686617 0.014518695 0.00821724441
  vertex 0.0968331397 0.0154598169 0.00821724441
  endloop
 endfacet

 facet normal 8.88394279e-05 3.23014465e-05 1
  outer loop
  vertex 0.0533793718 0.0464665443 0.00822010357
  vertex 0.0968331397 0.0154598169 0.00821724441
  vertex 0.0963995233 0.0166523829 0.00821724441
  endloop
 endfacet

 facet normal 0.000102886072 5.25699688e-05 1
  outer loop
  vertex 0.0533793718 0.0464665443 0.00822010357
  vertex 0.0963995233 0.0166523829 0.00821724441
  vertex 0.0962343439 0.0169756692 0.00821724441
  endloop
 endfacet

 facet normal 0.000106567772 5.79200678e-05 1
  outer loop
  vertex 0.0533793718 0.0464665443 0.00822010357
  vertex 0.0962343439 0.0169756692 0.00821724441
  vertex 0.0956252217 0.0180963948 0.00821724441
  endloop
 endfacet

 facet normal 0.000158783601 0.000135674418 1
  outer loop
  vertex 0.0533793718 0.0464665443 0.00822010357
  vertex 0.0956252217 0.0180963948 0.00821724441
  vertex 0.0953980982 0.0183622073 0.00821724441
  endloop
 endfacet

 facet normal 0.000198302092 0.000194758439 0.99999994
  outer loop
  vertex 0.0533793718 0.0464665443 0.00822010357
  vertex 0.0953980982 0.0183622073 0.00821724441
  vertex 0.0942056775 0.019576326 0.00821724441
  endloop
 endfacet

 facet normal 0.000336062105 0.000403913669 0.999999881
  outer loop
  vertex 0.0533793718 0.0464665443 0.00822010357
  vertex 0.0942056775 0.019576326 0.00821724441
  vertex 0.0927809626 0.0207617078 0.00821724441
  endloop
 endfacet

 facet normal 0.00594414677 0.00900025852 0.999941826
  outer loop
  vertex 0.0533793718 0.0464665443 0.00822010357
  vertex 0.0927809626 0.0207617078 0.00821724441
  vertex 0.0903496519 0.0553964265 0.00791995786
  endloop
 endfacet

 facet normal -0.0977161676 -0.747465611 0.657074392
  outer loop
  vertex 0.0724891126 -0.0124433674 0.00821724441
  vertex 0.0533793718 -0.0111789573 0.0068137073
  vertex 0.0533793718 -0.011739322 0.00617625611
  endloop
 endfacet

 facet normal -0.0753632858 -0.918196321 0.388890654
  outer loop
  vertex 0.0724891126 -0.0124433674 0.00821724441
  vertex 0.0533793718 -0.011739322 0.00617625611
  vertex 0.0546543859 -0.0122350259 0.00525295176
  endloop
 endfacet

 facet normal -0.0493072085 -0.972337127 0.228318483
  outer loop
  vertex 0.0724891126 -0.0124433674 0.00821724441
  vertex 0.0546543859 -0.0122350259 0.00525295176
  vertex 0.0737641305 -0.0125080235 0.00821724441
  endloop
 endfacet

 facet normal 0 -0.999876678 0.0157055762
  outer loop
  vertex 0.0737641305 -0.0125080235 0.00821724441
  vertex 0.081419386 -0.0126948087 -0.00367422937
  vertex 0.0877944604 -0.0125080235 0.00821724441
  endloop
 endfacet

 facet normal -0.0382070057 -0.98711282 0.155398592
  outer loop
  vertex 0.0737641305 -0.0125080235 0.00821724441
  vertex 0.0546543859 -0.0122350259 0.00525295176
  vertex 0.0546543859 -0.0124361804 0.00397518976
  endloop
 endfacet

 facet normal -0.0279933866 -0.993617117 0.109277807
  outer loop
  vertex 0.0737641305 -0.0125080235 0.00821724441
  vertex 0.0546543859 -0.0124361804 0.00397518976
  vertex 0.0559294038 -0.0124721015 0.00397518976
  endloop
 endfacet

 facet normal -0.00498619908 -0.999909401 0.0124961752
  outer loop
  vertex 0.0737641305 -0.0125080235 0.00821724441
  vertex 0.0559294038 -0.0124721015 0.00397518976
  vertex 0.081419386 -0.0126948087 -0.00367422937
  endloop
 endfacet

 facet normal 0.00026816639 -0.999878883 0.0155618452
  outer loop
  vertex 0.0877944604 -0.0125080235 0.00821724441
  vertex 0.081419386 -0.0126948087 -0.00367422937
  vertex 0.0877944604 -0.0126732569 -0.002399327
  endloop
 endfacet

 facet normal 0.0394076779 -0.999102235 0.0155497566
  outer loop
  vertex 0.0877944604 -0.0125080235 0.00821724441
  vertex 0.0877944604 -0.0126732569 -0.002399327
  vertex 0.0890694782 -0.0124577321 0.00821724441
  endloop
 endfacet

 facet normal 0.111978546 -0.993687809 0.00672431104
  outer loop
  vertex 0.0890694782 -0.0124577321 0.00821724441
  vertex 0.0877944604 -0.0126732569 -0.002399327
  vertex 0.0903444961 -0.0123140514 0.00821724441
  endloop
 endfacet

 facet normal 0.250898749 -0.968013287 0
  outer loop
  vertex 0.0903444961 -0.0123140514 0.00821724441
  vertex 0.0903444961 -0.0123140514 -0.0151426429
  vertex 0.0916195139 -0.01198358 -0.0151426429
  endloop
 endfacet

 facet normal 0.250898749 -0.968013287 0
  outer loop
  vertex 0.0903444961 -0.0123140514 0.00821724441
  vertex 0.0916195139 -0.01198358 -0.0151426429
  vertex 0.0916195139 -0.01198358 0.00821724441
  endloop
 endfacet

 facet normal 0.117042169 -0.993111789 0.00548857357
  outer loop
  vertex 0.0903444961 -0.0123140514 0.00821724441
  vertex 0.0877944604 -0.0126732569 -0.002399327
  vertex 0.0890694782 -0.012551127 -0.0074903639
  endloop
 endfacet

 facet normal 0.182806358 -0.983148992 0
  outer loop
  vertex 0.0903444961 -0.0123140514 0.00821724441
  vertex 0.0890694782 -0.012551127 -0.0074903639
  vertex 0.0890694782 -0.012551127 -0.00876812637
  endloop
 endfacet

 facet normal 0.182806358 -0.983148992 0
  outer loop
  vertex 0.0903444961 -0.0123140514 0.00821724441
  vertex 0.0890694782 -0.012551127 -0.00876812637
  vertex 0.0903444961 -0.0123140514 -0.0151426429
  endloop
 endfacet

 facet normal 0.366609901 -0.930374742 0
  outer loop
  vertex 0.0916195139 -0.01198358 0.00821724441
  vertex 0.0916195139 -0.01198358 -0.0151426429
  vertex 0.0924763978 -0.0116459271 -0.0151426429
  endloop
 endfacet

 facet normal 0.366609901 -0.930374742 0
  outer loop
  vertex 0.0916195139 -0.01198358 0.00821724441
  vertex 0.0924763978 -0.0116459271 -0.0151426429
  vertex 0.0924763978 -0.0116459271 0.00821724441
  endloop
 endfacet

 facet normal 0.453741014 -0.891133547 0
  outer loop
  vertex 0.0924763978 -0.0116459271 0.00821724441
  vertex 0.0924763978 -0.0116459271 -0.0151426429
  vertex 0.0931113288 -0.011322639 -0.0151426429
  endloop
 endfacet

 facet normal 0.453741014 -0.891133547 0
  outer loop
  vertex 0.0924763978 -0.0116459271 0.00821724441
  vertex 0.0931113288 -0.011322639 -0.0151426429
  vertex 0.0931113288 -0.011322639 0.00821724441
  endloop
 endfacet

 facet normal 0.551793337 -0.833980978 0
  outer loop
  vertex 0.0931113288 -0.011322639 0.00821724441
  vertex 0.0931113288 -0.011322639 -0.0151426429
  vertex 0.0934262127 -0.0111143012 0.00821724441
  endloop
 endfacet

 facet normal 0.552219331 -0.833698928 -8.25857842e-06
  outer loop
  vertex 0.0934262127 -0.0111143012 0.00821724441
  vertex 0.0931113288 -0.011322639 -0.0151426429
  vertex 0.094076626 -0.0106832534 -0.0151426429
  endloop
 endfacet

 facet normal 0.552425504 -0.833562315 0
  outer loop
  vertex 0.0934262127 -0.0111143012 0.00821724441
  vertex 0.094076626 -0.0106832534 -0.0151426429
  vertex 0.094076626 -0.0106832534 0.00821724441
  endloop
 endfacet

 facet normal 0.620887041 -0.783900023 0
  outer loop
  vertex 0.094076626 -0.0106832534 0.00821724441
  vertex 0.094076626 -0.0106832534 -0.0151426429
  vertex 0.0947115496 -0.0101803625 -0.0151426429
  endloop
 endfacet

 facet normal 0.620887041 -0.783900023 0
  outer loop
  vertex 0.094076626 -0.0106832534 0.00821724441
  vertex 0.0947115496 -0.0101803625 -0.0151426429
  vertex 0.0947115496 -0.0101803625 0.00821724441
  endloop
 endfacet

 facet normal 0.740957022 -0.67155242 0
  outer loop
  vertex 0.0947115496 -0.0101803625 0.00821724441
  vertex 0.0947115496 -0.0101803625 -0.0151426429
  vertex 0.0952845365 -0.00954816025 -0.0164175462
  endloop
 endfacet

 facet normal 0.740957022 -0.67155242 0
  outer loop
  vertex 0.0947115496 -0.0101803625 0.00821724441
  vertex 0.0952845365 -0.00954816025 -0.0164175462
  vertex 0.0952845365 -0.00954816025 0.00821724441
  endloop
 endfacet

 facet normal 0.774250686 -0.632879019 0
  outer loop
  vertex 0.0952845365 -0.00954816025 0.00821724441
  vertex 0.0952845365 -0.00954816025 -0.0164175462
  vertex 0.0959246233 -0.00876508933 -0.0151426429
  endloop
 endfacet

 facet normal 0.774250686 -0.632879019 0
  outer loop
  vertex 0.0952845365 -0.00954816025 0.00821724441
  vertex 0.0959246233 -0.00876508933 -0.0151426429
  vertex 0.0959246233 -0.00876508933 0.00821724441
  endloop
 endfacet

 facet normal 0.843113422 -0.53773582 0
  outer loop
  vertex 0.0959246233 -0.00876508933 0.00821724441
  vertex 0.0959246233 -0.00876508933 -0.0151426429
  vertex 0.0963324234 -0.00812570006 -0.0164175462
  endloop
 endfacet

 facet normal 0.843113422 -0.53773582 0
  outer loop
  vertex 0.0959246233 -0.00876508933 0.00821724441
  vertex 0.0963324234 -0.00812570006 -0.0164175462
  vertex 0.0963324234 -0.00812570006 0.00821724441
  endloop
 endfacet

 facet normal 0.897552371 -0.440908015 0
  outer loop
  vertex 0.0963324234 -0.00812570006 0.00821724441
  vertex 0.0963324234 -0.00812570006 -0.0164175462
  vertex 0.0966782719 -0.00742165418 0.00821724441
  endloop
 endfacet

 facet normal 0.898975015 -0.438000053 -0.000103080078
  outer loop
  vertex 0.0966782719 -0.00742165418 0.00821724441
  vertex 0.0963324234 -0.00812570006 -0.0164175462
  vertex 0.0968434587 -0.00707681617 -0.0164175462
  endloop
 endfacet

 facet normal 0.901863992 -0.432020068 0
  outer loop
  vertex 0.0966782719 -0.00742165418 0.00821724441
  vertex 0.0968434587 -0.00707681617 -0.0164175462
  vertex 0.0968434587 -0.00707681617 0.00821724441
  endloop
 endfacet

 facet normal 0.952211618 -0.305439085 0
  outer loop
  vertex 0.0968434587 -0.00707681617 0.00821724441
  vertex 0.0968434587 -0.00707681617 -0.0164175462
  vertex 0.0972306058 -0.00586988172 -0.0164175462
  endloop
 endfacet

 facet normal 0.952211618 -0.305439085 0
  outer loop
  vertex 0.0968434587 -0.00707681617 0.00821724441
  vertex 0.0972306058 -0.00586988172 -0.0164175462
  vertex 0.0972306058 -0.00586988172 0.00821724441
  endloop
 endfacet

 facet normal 0.976026297 -0.21765238 0
  outer loop
  vertex 0.0972306058 -0.00586988172 0.00821724441
  vertex 0.0972306058 -0.00586988172 -0.0164175462
  vertex 0.0972770676 -0.00566154066 0.00821724441
  endloop
 endfacet

 facet normal 0.976559281 -0.215248808 -2.13326475e-05
  outer loop
  vertex 0.0972770676 -0.00566154066 0.00821724441
  vertex 0.0972306058 -0.00586988172 -0.0164175462
  vertex 0.0973699838 -0.00523767713 -0.0151426429
  endloop
 endfacet

 facet normal 0.976805806 -0.214127153 0
  outer loop
  vertex 0.0972770676 -0.00566154066 0.00821724441
  vertex 0.0973699838 -0.00523767713 -0.0151426429
  vertex 0.0973699838 -0.00523767713 0.00821724441
  endloop
 endfacet

 facet normal 0.988916039 -0.148476586 0
  outer loop
  vertex 0.0973699838 -0.00523767713 0.00821724441
  vertex 0.0973699838 -0.00523767713 -0.0151426429
  vertex 0.0974422544 -0.00475634029 0.00821724441
  endloop
 endfacet

 facet normal 0.989628017 -0.143653795 -0.000101577316
  outer loop
  vertex 0.0974422544 -0.00475634029 0.00821724441
  vertex 0.0973699838 -0.00523767713 -0.0151426429
  vertex 0.0974732265 -0.0045264489 -0.0151426429
  endloop
 endfacet

 facet normal 0.991045773 -0.13352327 0
  outer loop
  vertex 0.0974422544 -0.00475634029 0.00821724441
  vertex 0.0974732265 -0.0045264489 -0.0151426429
  vertex 0.0974732265 -0.0045264489 0.00821724441
  endloop
 endfacet

 facet normal 0.997627378 -0.0688450709 0
  outer loop
  vertex 0.0974732265 -0.0045264489 0.00821724441
  vertex 0.0974732265 -0.0045264489 -0.0151426429
  vertex 0.097560972 -0.00325485668 -0.0151426429
  endloop
 endfacet

 facet normal 0.997627378 -0.0688450709 0
  outer loop
  vertex 0.0974732265 -0.0045264489 0.00821724441
  vertex 0.097560972 -0.00325485668 -0.0151426429
  vertex 0.097560972 -0.00325485668 0.00821724441
  endloop
 endfacet

 facet normal 0.999903679 -0.0138805714 0
  outer loop
  vertex 0.097560972 -0.00325485668 0.00821724441
  vertex 0.097560972 -0.00325485668 -0.0151426429
  vertex 0.0980565324 0.0324431136 -0.0100430297
  endloop
 endfacet

 facet normal 0.999903679 -0.0138805714 0
  outer loop
  vertex 0.097560972 -0.00325485668 0.00821724441
  vertex 0.0980565324 0.0324431136 -0.0100430297
  vertex 0.0980565324 0.0324431136 -0.00495199161
  endloop
 endfacet

 facet normal 0.999915123 -0.0123573346 0.00412948523
  outer loop
  vertex 0.097560972 -0.00325485668 0.00821724441
  vertex 0.0980565324 0.0324431136 -0.00495199161
  vertex 0.0980616957 0.0337147042 -0.00239646807
  endloop
 endfacet

 facet normal 0.999606311 -0.00564805325 0.0274846032
  outer loop
  vertex 0.097560972 -0.00325485668 0.00821724441
  vertex 0.0980616957 0.0337147042 -0.00239646807
  vertex 0.0980410501 0.0362650715 -0.00112156477
  endloop
 endfacet

 facet normal 0.999403298 -0.00403342722 0.034306936
  outer loop
  vertex 0.097560972 -0.00325485668 0.00821724441
  vertex 0.0980410501 0.0362650715 -0.00112156477
  vertex 0.0975661352 -0.00197607977 0.00821724441
  endloop
 endfacet

 facet normal 0.998709559 0 0.0507879928
  outer loop
  vertex 0.0975661352 -0.00197607977 0.00821724441
  vertex 0.0980410501 0.0362650715 -0.00112156477
  vertex 0.0980410501 0.0400942154 -0.00112156477
  endloop
 endfacet

 facet normal 0.998709559 0 0.0507879928
  outer loop
  vertex 0.0975661352 -0.00197607977 0.00821724441
  vertex 0.0980410501 0.0400942154 -0.00112156477
  vertex 0.0975661352 0.0107685765 0.00821724441
  endloop
 endfacet

 facet normal -0.0472513847 0.0109220408 -0.998823345
  outer loop
  vertex 0.0494459234 0.0528604276 -0.0209254436
  vertex 0.0497969389 0.0541176498 -0.0209283009
  vertex 0.0508241765 0.0541176498 -0.0209768955
  endloop
 endfacet

 facet normal -0.0472318903 0.0307255872 -0.998411298
  outer loop
  vertex 0.0508241765 0.0541176498 -0.0209768955
  vertex 0.0497969389 0.0541176498 -0.0209283009
  vertex 0.0507777184 0.0554395281 -0.0209340192
  endloop
 endfacet

 facet normal -0.0313941278 0.0313018486 -0.999016762
  outer loop
  vertex 0.0508241765 0.0541176498 -0.0209768955
  vertex 0.0507777184 0.0554395281 -0.0209340192
  vertex 0.0520991944 0.0553964265 -0.0209768955
  endloop
 endfacet

 facet normal -0.00450963061 0.00449637556 -0.999979675
  outer loop
  vertex 0.0508241765 0.0541176498 -0.0209768955
  vertex 0.0520991944 0.0553964265 -0.0209768955
  vertex 0.0508241765 0.0528460555 -0.0209826138
  endloop
 endfacet

 facet normal -0.00446623703 0.00447468227 -0.999979973
  outer loop
  vertex 0.0508241765 0.0528460555 -0.0209826138
  vertex 0.0520991944 0.0553964265 -0.0209768955
  vertex 0.0533793718 0.0553964265 -0.0209826138
  endloop
 endfacet

 facet normal 0 -0.00899111666 -0.999959588
  outer loop
  vertex 0.0533793718 -0.00707681617 -0.0209826138
  vertex 0.0903444961 -0.00707681617 -0.0209826138
  vertex 0.0877944604 -0.00834840629 -0.0209711809
  endloop
 endfacet

 facet normal 0 -0.00899111666 -0.999959588
  outer loop
  vertex 0.0533793718 -0.00707681617 -0.0209826138
  vertex 0.0877944604 -0.00834840629 -0.0209711809
  vertex 0.0559294038 -0.00834840629 -0.0209711809
  endloop
 endfacet

 facet normal -0.00224273815 -0.0134881986 -0.99990654
  outer loop
  vertex 0.0533793718 -0.00707681617 -0.0209826138
  vertex 0.0559294038 -0.00834840629 -0.0209711809
  vertex 0.0546543859 -0.00834840629 -0.0209683217
  endloop
 endfacet

 facet normal -0.00224273815 -0.0134881986 -0.99990654
  outer loop
  vertex 0.0533793718 -0.00707681617 -0.0209826138
  vertex 0.0546543859 -0.00834840629 -0.0209683217
  vertex 0.0521043539 -0.00707681617 -0.0209797546
  endloop
 endfacet

 facet normal -0.0112025468 -0.0314519107 -0.999442518
  outer loop
  vertex 0.0521043539 -0.00707681617 -0.0209797546
  vertex 0.0546543859 -0.00834840629 -0.0209683217
  vertex 0.0533793718 -0.00834840629 -0.0209540296
  endloop
 endfacet

 facet normal -0.0218279865 -0.0420944989 -0.998875141
  outer loop
  vertex 0.0521043539 -0.00707681617 -0.0209797546
  vertex 0.0533793718 -0.00834840629 -0.0209540296
  vertex 0.0521404892 -0.0083843274 -0.0209254436
  endloop
 endfacet

 facet normal -0.0230660569 -0.0689334124 -0.997354507
  outer loop
  vertex 0.0521404892 -0.0083843274 -0.0209254436
  vertex 0.0533793718 -0.00908837281 -0.0209054332
  vertex 0.0525895841 -0.00903089996 -0.0208911411
  endloop
 endfacet

 facet normal -0.0211200789 -0.0655169263 -0.997628033
  outer loop
  vertex 0.0521404892 -0.0083843274 -0.0209254436
  vertex 0.0533793718 -0.00834840629 -0.0209540296
  vertex 0.0533793718 -0.00908837281 -0.0209054332
  endloop
 endfacet

 facet normal -0.0373915806 -0.274896324 -0.960746527
  outer loop
  vertex 0.0525895841 -0.00903089996 -0.0208911411
  vertex 0.0533793718 -0.00908837281 -0.0209054332
  vertex 0.0533793718 -0.00972776301 -0.0207224861
  endloop
 endfacet

 facet normal -0.10305284 -0.342778862 -0.933746576
  outer loop
  vertex 0.0525895841 -0.00903089996 -0.0208911411
  vertex 0.0533793718 -0.00972776301 -0.0207224861
  vertex 0.0521404892 -0.00952660758 -0.0206596013
  endloop
 endfacet

 facet normal -0.12330731 -0.489578545 -0.863196492
  outer loop
  vertex 0.0521404892 -0.00952660758 -0.0206596013
  vertex 0.0533793718 -0.00972776301 -0.0207224861
  vertex 0.0521043539 -0.0107119884 -0.0199821293
  endloop
 endfacet

 facet normal -0.144267827 -0.617303073 -0.773384571
  outer loop
  vertex 0.0521043539 -0.0107119884 -0.0199821293
  vertex 0.0534413159 -0.0110065378 -0.0199964214
  vertex 0.0530644879 -0.0114950594 -0.0195361972
  endloop
 endfacet

 facet normal -0.118174002 -0.494609296 -0.86104387
  outer loop
  vertex 0.0521043539 -0.0107119884 -0.0199821293
  vertex 0.0533793718 -0.00972776301 -0.0207224861
  vertex 0.0534413159 -0.0110065378 -0.0199964214
  endloop
 endfacet

 facet normal -0.117210373 -0.631587863 -0.766393185
  outer loop
  vertex 0.0530644879 -0.0114950594 -0.0195361972
  vertex 0.0534413159 -0.0110065378 -0.0199964214
  vertex 0.0539162196 -0.0115525322 -0.0196190961
  endloop
 endfacet

 facet normal -0.105802856 -0.867890298 -0.48535797
  outer loop
  vertex 0.0530644879 -0.0114950594 -0.0195361972
  vertex 0.0539162196 -0.0115525322 -0.0196190961
  vertex 0.0534413159 -0.0118111605 -0.0190531071
  endloop
 endfacet

 facet normal -0.186341792 -0.882399201 -0.432028353
  outer loop
  vertex 0.0530644879 -0.0114950594 -0.0195361972
  vertex 0.0534413159 -0.0118111605 -0.0190531071
  vertex 0.0521043539 -0.0117177656 -0.0186672062
  endloop
 endfacet

 facet normal -0.159439608 -0.931497514 -0.326942682
  outer loop
  vertex 0.0521043539 -0.0117177656 -0.0186672062
  vertex 0.0534413159 -0.0118111605 -0.0190531071
  vertex 0.0533793718 -0.0122781293 -0.0176924486
  endloop
 endfacet

 facet normal -0.21754007 -0.941666007 -0.256790817
  outer loop
  vertex 0.0521043539 -0.0117177656 -0.0186672062
  vertex 0.0533793718 -0.0122781293 -0.0176924486
  vertex 0.0521043539 -0.01198358 -0.0176924486
  endloop
 endfacet

 facet normal -0.929176688 0.369330704 0.0150147025
  outer loop
  vertex 0.0463745296 0.0547211133 0.00270314515
  vertex 0.046663601 0.0553964265 0.00398090621
  vertex 0.0466429554 0.0553964265 0.00270314515
  endloop
 endfacet

 facet normal -0.929279923 0.369371712 0.00188160012
  outer loop
  vertex 0.0463745296 0.0547211133 0.00270314515
  vertex 0.0466429554 0.0553964265 0.00270314515
  vertex 0.0466377921 0.0553964265 0.000153338522
  endloop
 endfacet

 facet normal -0.885429382 0.464773953 0
  outer loop
  vertex 0.0466377921 0.0553964265 -0.0151455002
  vertex 0.0466377921 0.0553964265 0.000153338522
  vertex 0.0472675562 0.0565961748 0.00142824184
  endloop
 endfacet

 facet normal -0.885429382 0.464773953 0
  outer loop
  vertex 0.0466377921 0.0553964265 -0.0151455002
  vertex 0.0472675562 0.0565961748 0.00142824184
  vertex 0.0472675562 0.0565961748 -0.0151455002
  endloop
 endfacet

 facet normal -0.885406673 0.464761972 -0.00717105856
  outer loop
  vertex 0.0466377921 0.0553964265 -0.0151455002
  vertex 0.0472675562 0.0565961748 -0.0151455002
  vertex 0.0466481149 0.0553964265 -0.0164204054
  endloop
 endfacet

 facet normal -0.884234428 0.46694082 -0.00979096722
  outer loop
  vertex 0.0466481149 0.0553964265 -0.0164204054
  vertex 0.0472675562 0.0565961748 -0.0151455002
  vertex 0.047277879 0.0565889925 -0.0164204054
  endloop
 endfacet

 facet normal -0.88262713 0.46609199 -0.0610541478
  outer loop
  vertex 0.0466481149 0.0553964265 -0.0164204054
  vertex 0.047277879 0.0565889925 -0.0164204054
  vertex 0.0473243371 0.0565099679 -0.0176953077
  endloop
 endfacet

 facet normal -0.82920903 0.55518949 -0.0646303222
  outer loop
  vertex 0.0473243371 0.0565099679 -0.0176953077
  vertex 0.047277879 0.0565889925 -0.0164204054
  vertex 0.0477011651 0.0572211966 -0.0164204054
  endloop
 endfacet

 facet normal -0.822401881 0.564363122 -0.0717600212
  outer loop
  vertex 0.0473243371 0.0565099679 -0.0176953077
  vertex 0.0477011651 0.0572211966 -0.0164204054
  vertex 0.0477631092 0.0571493544 -0.0176953077
  endloop
 endfacet

 facet normal -0.803013384 0.551057994 -0.226946175
  outer loop
  vertex 0.0473243371 0.0565099679 -0.0176953077
  vertex 0.0477631092 0.0571493544 -0.0176953077
  vertex 0.0474585518 0.0563088134 -0.0186586305
  endloop
 endfacet

 facet normal -0.726184249 0.615093589 -0.307109684
  outer loop
  vertex 0.0474585518 0.0563088134 -0.0186586305
  vertex 0.0477631092 0.0571493544 -0.0176953077
  vertex 0.048661299 0.0575732179 -0.0189702101
  endloop
 endfacet

 facet normal -0.710365057 0.576078773 -0.404369682
  outer loop
  vertex 0.0474585518 0.0563088134 -0.0186586305
  vertex 0.048661299 0.0575732179 -0.0189702101
  vertex 0.0479953997 0.05670394 -0.0190388151
  endloop
 endfacet

 facet normal -0.714529634 0.508977294 -0.479989231
  outer loop
  vertex 0.0474585518 0.0563088134 -0.0186586305
  vertex 0.0479953997 0.05670394 -0.0190388151
  vertex 0.0477218144 0.0558777638 -0.019507613
  endloop
 endfacet

 facet normal -0.690974951 0.516052723 -0.506204724
  outer loop
  vertex 0.0477218144 0.0558777638 -0.019507613
  vertex 0.0479953997 0.05670394 -0.0190388151
  vertex 0.0488935895 0.0573289581 -0.0196276717
  endloop
 endfacet

 facet normal -0.592222452 0.421372354 -0.686817288
  outer loop
  vertex 0.0477218144 0.0558777638 -0.019507613
  vertex 0.0488935895 0.0573289581 -0.0196276717
  vertex 0.0486354865 0.0566680171 -0.019810617
  endloop
 endfacet

 facet normal -0.444831342 0.396053314 -0.803285122
  outer loop
  vertex 0.0486354865 0.0566680171 -0.019810617
  vertex 0.0488935895 0.0573289581 -0.0196276717
  vertex 0.0495491624 0.0566680171 -0.0203165784
  endloop
 endfacet

 facet normal -0.413090199 0.428079695 -0.803806186
  outer loop
  vertex 0.0495491624 0.0566680171 -0.0203165784
  vertex 0.0488935895 0.0573289581 -0.0196276717
  vertex 0.0495491624 0.0576019548 -0.0198191945
  endloop
 endfacet

 facet normal -0.353967965 0.439627886 -0.825490177
  outer loop
  vertex 0.0495491624 0.0566680171 -0.0203165784
  vertex 0.0495491624 0.0576019548 -0.0198191945
  vertex 0.0507467501 0.0580401868 -0.0200993288
  endloop
 endfacet

 facet normal -0.306476355 0.403946012 -0.861916482
  outer loop
  vertex 0.0495491624 0.0566680171 -0.0203165784
  vertex 0.0507467501 0.0580401868 -0.0200993288
  vertex 0.0507777184 0.0566608347 -0.0207567886
  endloop
 endfacet

 facet normal -0.317624807 0.322466552 -0.891700506
  outer loop
  vertex 0.0495491624 0.0566680171 -0.0203165784
  vertex 0.0507777184 0.0566608347 -0.0207567886
  vertex 0.0503183007 0.0558921285 -0.0208711307
  endloop
 endfacet

 facet normal -0.0721686929 0.0654834658 -0.995240569
  outer loop
  vertex 0.0503183007 0.0558921285 -0.0208711307
  vertex 0.0511700325 0.0562226027 -0.0209111497
  vertex 0.0500550382 0.0550372154 -0.0209082924
  endloop
 endfacet

 facet normal -0.179431438 0.248812556 -0.951786041
  outer loop
  vertex 0.0503183007 0.0558921285 -0.0208711307
  vertex 0.0507777184 0.0566608347 -0.0207567886
  vertex 0.0518307686 0.0570703261 -0.0208482631
  endloop
 endfacet

 facet normal -0.1066586 0.15597932 -0.981984973
  outer loop
  vertex 0.0503183007 0.0558921285 -0.0208711307
  vertex 0.0518307686 0.0570703261 -0.0208482631
  vertex 0.0511700325 0.0562226027 -0.0209111497
  endloop
 endfacet

 facet normal -0.0715767592 0.0649264976 -0.995319724
  outer loop
  vertex 0.0500550382 0.0550372154 -0.0209082924
  vertex 0.0511700325 0.0562226027 -0.0209111497
  vertex 0.0507777184 0.0554395281 -0.0209340192
  endloop
 endfacet

 facet normal -0.0564180464 0.0375444144 -0.997701108
  outer loop
  vertex 0.0500550382 0.0550372154 -0.0209082924
  vertex 0.0507777184 0.0554395281 -0.0209340192
  vertex 0.0497969389 0.0541176498 -0.0209283009
  endloop
 endfacet

 facet normal -0.224601001 -0.972230673 -0.0657416284
  outer loop
  vertex 0.0521043539 -0.01198358 -0.0176924486
  vertex 0.0533793718 -0.0122781293 -0.0176924486
  vertex 0.0533793718 -0.0123643382 -0.0164175462
  endloop
 endfacet

 facet normal -0.0887053534 -0.983939946 0.154899105
  outer loop
  vertex 0.0533793718 -0.0121200792 0.00525295176
  vertex 0.0533793718 -0.0123212337 0.00397518976
  vertex 0.0546543859 -0.0124361804 0.00397518976
  endloop
 endfacet

 facet normal -0.0887053534 -0.983939946 0.154899105
  outer loop
  vertex 0.0533793718 -0.0121200792 0.00525295176
  vertex 0.0546543859 -0.0124361804 0.00397518976
  vertex 0.0546543859 -0.0122350259 0.00525295176
  endloop
 endfacet

 facet normal -0.0830565095 -0.921281695 0.379923403
  outer loop
  vertex 0.0533793718 -0.0121200792 0.00525295176
  vertex 0.0546543859 -0.0122350259 0.00525295176
  vertex 0.0533793718 -0.011739322 0.00617625611
  endloop
 endfacet

 facet normal -0.0897865668 -0.995932996 -0.00748335896
  outer loop
  vertex 0.0533793718 -0.0123643382 -0.0164175462
  vertex 0.0546543859 -0.0124792848 -0.0164175462
  vertex 0.0533793718 -0.0123930769 -0.0125928363
  endloop
 endfacet

 facet normal -0.0895861536 -0.993709922 -0.0671940371
  outer loop
  vertex 0.0533793718 -0.0123643382 -0.0164175462
  vertex 0.0533793718 -0.0122781293 -0.0176924486
  vertex 0.0546543859 -0.0123930769 -0.0176924486
  endloop
 endfacet

 facet normal -0.0895861536 -0.993709922 -0.0671940371
  outer loop
  vertex 0.0533793718 -0.0123643382 -0.0164175462
  vertex 0.0546543859 -0.0123930769 -0.0176924486
  vertex 0.0546543859 -0.0124792848 -0.0164175462
  endloop
 endfacet

 facet normal -0.0842210874 -0.996431231 -0.00561680924
  outer loop
  vertex 0.0533793718 -0.0123930769 -0.0125928363
  vertex 0.0546543859 -0.0124792848 -0.0164175462
  vertex 0.0546543859 -0.0124864709 -0.0151426429
  endloop
 endfacet

 facet normal -0.0730541572 -0.997328103 0
  outer loop
  vertex 0.0533793718 -0.0123930769 -0.0125928363
  vertex 0.0546543859 -0.0124864709 -0.0151426429
  vertex 0.0546543859 -0.0124864709 0.000150480148
  endloop
 endfacet

 facet normal -0.0730541572 -0.997328103 0
  outer loop
  vertex 0.0533793718 -0.0123930769 -0.0125928363
  vertex 0.0546543859 -0.0124864709 0.000150480148
  vertex 0.0533793718 -0.0123930769 -0.00622403622
  endloop
 endfacet

 facet normal -0.0800340399 -0.996791124 0.00140396785
  outer loop
  vertex 0.0533793718 -0.0123930769 -0.00622403622
  vertex 0.0546543859 -0.0124864709 0.000150480148
  vertex 0.0533793718 -0.0123858936 -0.00112442265
  endloop
 endfacet

 facet normal -0.0842181593 -0.99643153 0.00561681762
  outer loop
  vertex 0.0533793718 -0.0123858936 -0.00112442265
  vertex 0.0546543859 -0.0124864709 0.000150480148
  vertex 0.0533793718 -0.0123787075 0.000150480148
  endloop
 endfacet

 facet normal -0.0842141733 -0.996384382 0.0112301335
  outer loop
  vertex 0.0533793718 -0.0123787075 0.000150480148
  vertex 0.0546543859 -0.0124864709 0.000150480148
  vertex 0.0546543859 -0.0124721015 0.00142538303
  endloop
 endfacet

 facet normal -0.0869967192 -0.996109724 0.0140330493
  outer loop
  vertex 0.0533793718 -0.0123787075 0.000150480148
  vertex 0.0546543859 -0.0124721015 0.00142538303
  vertex 0.0546543859 -0.0124361804 0.00397518976
  endloop
 endfacet

 facet normal -0.0869967416 -0.996109843 0.0140330549
  outer loop
  vertex 0.0533793718 -0.0123787075 0.000150480148
  vertex 0.0546543859 -0.0124361804 0.00397518976
  vertex 0.0533793718 -0.0123427855 0.00270028622
  endloop
 endfacet

 facet normal -0.089776352 -0.995819688 0.0168341603
  outer loop
  vertex 0.0533793718 -0.0123427855 0.00270028622
  vertex 0.0546543859 -0.0124361804 0.00397518976
  vertex 0.0533793718 -0.0123212337 0.00397518976
  endloop
 endfacet

 facet normal -0.0334222876 0.0560801439 0.99786675
  outer loop
  vertex 0.0520991944 0.0553964265 0.0079142414
  vertex 0.0533793718 0.0566680171 0.00788565539
  vertex 0.0520991944 0.0566680171 0.0078427773
  endloop
 endfacet

 facet normal -0.266984582 0.246761233 0.931572914
  outer loop
  vertex 0.0495491624 0.0553964265 0.00765125593
  vertex 0.0508241765 0.0566680171 0.00767984148
  vertex 0.0496007837 0.0565961748 0.00734825246
  endloop
 endfacet

 facet normal -0.316508651 0.245057315 0.916389227
  outer loop
  vertex 0.0495491624 0.0553964265 0.00765125593
  vertex 0.0496007837 0.0565961748 0.00734825246
  vertex 0.0488419682 0.056129206 0.00721104303
  endloop
 endfacet

 facet normal -0.336645126 0.224478826 0.91448307
  outer loop
  vertex 0.0495491624 0.0553964265 0.00765125593
  vertex 0.0488419682 0.056129206 0.00721104303
  vertex 0.0486406498 0.0553964265 0.00731680822
  endloop
 endfacet

 facet normal -0.0329356156 0.178786248 0.983336568
  outer loop
  vertex 0.0520991944 0.0566680171 0.0078427773
  vertex 0.0533793718 0.0566680171 0.00788565539
  vertex 0.0546492264 0.0579396077 0.00769699272
  endloop
 endfacet

 facet normal -0.0331998989 0.179304391 0.983233333
  outer loop
  vertex 0.0520991944 0.0566680171 0.0078427773
  vertex 0.0546492264 0.0579396077 0.00769699272
  vertex 0.0533793718 0.0579396077 0.00765411463
  endloop
 endfacet

 facet normal -0.122229837 0.26496622 0.95647943
  outer loop
  vertex 0.0520991944 0.0566680171 0.0078427773
  vertex 0.0533793718 0.0579396077 0.00765411463
  vertex 0.0508241765 0.0566680171 0.00767984148
  endloop
 endfacet

 facet normal -0.123293445 0.26708883 0.955752254
  outer loop
  vertex 0.0508241765 0.0566680171 0.00767984148
  vertex 0.0533793718 0.0579396077 0.00765411463
  vertex 0.0520527363 0.0580330044 0.00745687634
  endloop
 endfacet

 facet normal -0.182514921 0.316335648 0.930924356
  outer loop
  vertex 0.0508241765 0.0566680171 0.00767984148
  vertex 0.0520527363 0.0580330044 0.00745687634
  vertex 0.0508241765 0.0576522425 0.00734539377
  endloop
 endfacet

 facet normal -0.244050562 0.312011212 0.918198347
  outer loop
  vertex 0.0508241765 0.0566680171 0.00767984148
  vertex 0.0508241765 0.0576522425 0.00734539377
  vertex 0.0500602014 0.0574079864 0.00722533558
  endloop
 endfacet

 facet normal -0.266191304 0.289836943 0.919313192
  outer loop
  vertex 0.0508241765 0.0566680171 0.00767984148
  vertex 0.0500602014 0.0574079864 0.00722533558
  vertex 0.0496007837 0.0565961748 0.00734825246
  endloop
 endfacet

 facet normal -0.614505649 0.3862831 0.687872291
  outer loop
  vertex 0.0488419682 0.056129206 0.00721104303
  vertex 0.0475411415 0.0561723113 0.00602475367
  vertex 0.0480005592 0.0553964265 0.00687087839
  endloop
 endfacet

 facet normal -0.364773005 0.337804794 0.867656946
  outer loop
  vertex 0.0488419682 0.056129206 0.00721104303
  vertex 0.0496007837 0.0565961748 0.00734825246
  vertex 0.0500602014 0.0574079864 0.00722533558
  endloop
 endfacet

 facet normal -0.440077722 0.410314411 0.798732638
  outer loop
  vertex 0.0488419682 0.056129206 0.00721104303
  vertex 0.0500602014 0.0574079864 0.00722533558
  vertex 0.0492136329 0.0569841191 0.00697664358
  endloop
 endfacet

 facet normal -0.585961282 0.441114426 0.679755449
  outer loop
  vertex 0.0488419682 0.056129206 0.00721104303
  vertex 0.0492136329 0.0569841191 0.00697664358
  vertex 0.0483515784 0.0565746278 0.00649926951
  endloop
 endfacet

 facet normal -0.604534864 0.418006718 0.678091526
  outer loop
  vertex 0.0488419682 0.056129206 0.00721104303
  vertex 0.0483515784 0.0565746278 0.00649926951
  vertex 0.0475411415 0.0561723113 0.00602475367
  endloop
 endfacet

 facet normal -0.608308256 0.478525877 0.633225143
  outer loop
  vertex 0.0475411415 0.0561723113 0.00602475367
  vertex 0.0483515784 0.0565746278 0.00649926951
  vertex 0.0487077571 0.0575229302 0.00612480287
  endloop
 endfacet

 facet normal -0.717703879 0.59286803 0.365251452
  outer loop
  vertex 0.0475411415 0.0561723113 0.00602475367
  vertex 0.0487077571 0.0575229302 0.00612480287
  vertex 0.0478560254 0.0570272245 0.00525580952
  endloop
 endfacet

 facet normal -0.774312675 0.556367338 0.301488489
  outer loop
  vertex 0.0475411415 0.0561723113 0.00602475367
  vertex 0.0478560254 0.0570272245 0.00525580952
  vertex 0.0474017672 0.0563950203 0.00525580952
  endloop
 endfacet

 facet normal -0.872642159 0.468329996 0.138429254
  outer loop
  vertex 0.046663601 0.0553964265 0.00398090621
  vertex 0.0474017672 0.0563950203 0.00525580952
  vertex 0.0472882055 0.0565602556 0.00398090621
  endloop
 endfacet

 facet normal -0.880925298 0.4727754 0.0213102605
  outer loop
  vertex 0.046663601 0.0553964265 0.00398090621
  vertex 0.0472882055 0.0565602556 0.00398090621
  vertex 0.0472727194 0.0565889925 0.00270314515
  endloop
 endfacet

 facet normal -0.88418597 0.466916621 0.0142876906
  outer loop
  vertex 0.046663601 0.0553964265 0.00398090621
  vertex 0.0472727194 0.0565889925 0.00270314515
  vertex 0.0466429554 0.0553964265 0.00270314515
  endloop
 endfacet

 facet normal -0.80134213 0.575788796 0.16222848
  outer loop
  vertex 0.0474017672 0.0563950203 0.00525580952
  vertex 0.0478560254 0.0570272245 0.00525580952
  vertex 0.0477218144 0.0571996383 0.00398090621
  endloop
 endfacet

 facet normal -0.818895876 0.55534488 0.144919291
  outer loop
  vertex 0.0474017672 0.0563950203 0.00525580952
  vertex 0.0477218144 0.0571996383 0.00398090621
  vertex 0.0472882055 0.0565602556 0.00398090621
  endloop
 endfacet

 facet normal 0.0090008555 0.0270380005 0.999593854
  outer loop
  vertex 0.0903496519 0.0553964265 0.00791995786
  vertex 0.0916195139 0.0553964265 0.00790852308
  vertex 0.0890694782 0.0566680171 0.00789709017
  endloop
 endfacet

 facet normal 0.00758403866 0.00911527127 0.999929667
  outer loop
  vertex 0.0903496519 0.0553964265 0.00791995786
  vertex 0.0927809626 0.0207617078 0.00821724441
  vertex 0.0942056775 0.019576326 0.00821724441
  endloop
 endfacet

 facet normal 0.00900376122 0.00926799513 0.999916494
  outer loop
  vertex 0.0903496519 0.0553964265 0.00791995786
  vertex 0.0942056775 0.019576326 0.00821724441
  vertex 0.0916195139 0.0553964265 0.00790852308
  endloop
 endfacet

 facet normal 0.0110250069 0.157516569 0.987454832
  outer loop
  vertex 0.0890694782 0.0566680171 0.00789709017
  vertex 0.0903496519 0.0566680171 0.00788279623
  vertex 0.0877996236 0.0579396077 0.00770842703
  endloop
 endfacet

 facet normal 0.00222546095 0.148935169 0.988844514
  outer loop
  vertex 0.0890694782 0.0566680171 0.00789709017
  vertex 0.0877996236 0.0579396077 0.00770842703
  vertex 0.0877996236 0.0566680171 0.00789994746
  endloop
 endfacet

 facet normal 0.0111588854 0.0313643478 0.999445677
  outer loop
  vertex 0.0890694782 0.0566680171 0.00789709017
  vertex 0.0916195139 0.0553964265 0.00790852308
  vertex 0.0903496519 0.0566680171 0.00788279623
  endloop
 endfacet

 facet normal 0 0.148935527 0.988846898
  outer loop
  vertex 0.0877996236 0.0566680171 0.00789994746
  vertex 0.0877996236 0.0579396077 0.00770842703
  vertex 0.0559294038 0.0579396077 0.00770842703
  endloop
 endfacet

 facet normal 0 0.148935527 0.988846898
  outer loop
  vertex 0.0877996236 0.0566680171 0.00789994746
  vertex 0.0559294038 0.0579396077 0.00770842703
  vertex 0.0559294038 0.0566680171 0.00789994746
  endloop
 endfacet

 facet normal -0.00220751716 0.148935169 0.988844514
  outer loop
  vertex 0.0559294038 0.0566680171 0.00789994746
  vertex 0.0559294038 0.0579396077 0.00770842703
  vertex 0.0546492264 0.0566680171 0.00789709017
  endloop
 endfacet

 facet normal -0.00882299431 0.155441239 0.987805784
  outer loop
  vertex 0.0546492264 0.0566680171 0.00789709017
  vertex 0.0559294038 0.0579396077 0.00770842703
  vertex 0.0546492264 0.0579396077 0.00769699272
  endloop
 endfacet

 facet normal -0.00889471732 0.155441135 0.987805128
  outer loop
  vertex 0.0546492264 0.0566680171 0.00789709017
  vertex 0.0546492264 0.0579396077 0.00769699272
  vertex 0.0533793718 0.0566680171 0.00788565539
  endloop
 endfacet

 facet normal 0.997978926 0.00403360976 0.0634171441
  outer loop
  vertex 0.0975661352 0.0107685765 0.00821724441
  vertex 0.0980410501 0.0400942154 -0.00112156477
  vertex 0.0980358794 0.0413729921 -0.00112156477
  endloop
 endfacet

 facet normal 0.996721625 0.00922901835 0.0803798884
  outer loop
  vertex 0.0975661352 0.0107685765 0.00821724441
  vertex 0.0980358794 0.0413729921 -0.00112156477
  vertex 0.0975299999 0.0515672825 0.00398090621
  endloop
 endfacet

 facet normal 0.993972242 0.0121934032 0.108952306
  outer loop
  vertex 0.0975661352 0.0107685765 0.00821724441
  vertex 0.0975299999 0.0515672825 0.00398090621
  vertex 0.0974319279 0.0515672825 0.00487562595
  endloop
 endfacet

 facet normal 0.979733407 0.0195505433 0.199349448
  outer loop
  vertex 0.0975661352 0.0107685765 0.00821724441
  vertex 0.0974319279 0.0515672825 0.00487562595
  vertex 0.097560972 0.0110272057 0.00821724441
  endloop
 endfacet

 facet normal 0.965562999 0.0244239625 0.259020388
  outer loop
  vertex 0.097560972 0.0110272057 0.00821724441
  vertex 0.0974319279 0.0515672825 0.00487562595
  vertex 0.0975351706 0.0120473523 0.00821724441
  endloop
 endfacet

 facet normal 0.95541358 0.0273552462 0.294001043
  outer loop
  vertex 0.0975351706 0.0120473523 0.00821724441
  vertex 0.0974319279 0.0515672825 0.00487562595
  vertex 0.097235769 0.0515672825 0.00551307714
  endloop
 endfacet

 facet normal 0.842849433 0.0430901945 0.536421537
  outer loop
  vertex 0.0975351706 0.0120473523 0.00821724441
  vertex 0.097235769 0.0515672825 0.00551307714
  vertex 0.0966008455 0.0515672825 0.00651070382
  endloop
 endfacet

 facet normal 0.757990241 0.0460161492 0.650640726
  outer loop
  vertex 0.0975351706 0.0120473523 0.00821724441
  vertex 0.0966008455 0.0515672825 0.00651070382
  vertex 0.0960536748 0.0515672825 0.00714815501
  endloop
 endfacet

 facet normal 0.520721436 0.0425866693 0.852663875
  outer loop
  vertex 0.0975351706 0.0120473523 0.00821724441
  vertex 0.0960536748 0.0515672825 0.00714815501
  vertex 0.0974629 0.0129310004 0.00821724441
  endloop
 endfacet

 facet normal 0.47025606 0.0415453278 0.881551683
  outer loop
  vertex 0.0974629 0.0129310004 0.00821724441
  vertex 0.0960536748 0.0515672825 0.00714815501
  vertex 0.0953619629 0.0528460555 0.00745687634
  endloop
 endfacet

 facet normal 0.378908247 0.0375586264 0.924671769
  outer loop
  vertex 0.0974629 0.0129310004 0.00821724441
  vertex 0.0953619629 0.0528460555 0.00745687634
  vertex 0.0974216014 0.0133476807 0.00821724441
  endloop
 endfacet

 facet normal 0.299439281 0.0339698941 0.953510582
  outer loop
  vertex 0.0974216014 0.0133476807 0.00821724441
  vertex 0.0953619629 0.0528460555 0.00745687634
  vertex 0.0941695422 0.0528460555 0.00783134345
  endloop
 endfacet

 facet normal 0.279576302 0.032393761 0.959576845
  outer loop
  vertex 0.0974216014 0.0133476807 0.00821724441
  vertex 0.0941695422 0.0528460555 0.00783134345
  vertex 0.0973957926 0.0135703888 0.00821724441
  endloop
 endfacet

 facet normal 0.157554463 0.0226423237 0.987250745
  outer loop
  vertex 0.0973957926 0.0135703888 0.00821724441
  vertex 0.0941695422 0.0528460555 0.00783134345
  vertex 0.0973493382 0.0138936751 0.00821724441
  endloop
 endfacet

 facet normal 0.0743267909 0.0159458499 0.997106493
  outer loop
  vertex 0.0973493382 0.0138936751 0.00821724441
  vertex 0.0941695422 0.0528460555 0.00783134345
  vertex 0.0928996876 0.0541176498 0.00790566579
  endloop
 endfacet

 facet normal 0.0433653817 0.0125353588 0.998980641
  outer loop
  vertex 0.0973493382 0.0138936751 0.00821724441
  vertex 0.0928996876 0.0541176498 0.00790566579
  vertex 0.0971686617 0.014518695 0.00821724441
  endloop
 endfacet

 facet normal 0.0316182189 0.0112725403 0.999436498
  outer loop
  vertex 0.0971686617 0.014518695 0.00821724441
  vertex 0.0928996876 0.0541176498 0.00790566579
  vertex 0.0968331397 0.0154598169 0.00821724441
  endloop
 endfacet

 facet normal 0.0312333535 0.0112334816 0.999449015
  outer loop
  vertex 0.0968331397 0.0154598169 0.00821724441
  vertex 0.0928996876 0.0541176498 0.00790566579
  vertex 0.0928996876 0.0528460555 0.00791995786
  endloop
 endfacet

 facet normal 0.0307586845 0.0111836623 0.999464273
  outer loop
  vertex 0.0968331397 0.0154598169 0.00821724441
  vertex 0.0928996876 0.0528460555 0.00791995786
  vertex 0.0963995233 0.0166523829 0.00821724441
  endloop
 endfacet

 facet normal 0.0198228769 0.0101285614 0.999752223
  outer loop
  vertex 0.0963995233 0.0166523829 0.00821724441
  vertex 0.0928996876 0.0528460555 0.00791995786
  vertex 0.0962343439 0.0169756692 0.00821724441
  endloop
 endfacet

 facet normal 0.0183912106 0.00999570545 0.999780893
  outer loop
  vertex 0.0962343439 0.0169756692 0.00821724441
  vertex 0.0928996876 0.0528460555 0.00791995786
  vertex 0.0956252217 0.0180963948 0.00821724441
  endloop
 endfacet

 facet normal 0.0110230548 0.00941877253 0.999894857
  outer loop
  vertex 0.0956252217 0.0180963948 0.00821724441
  vertex 0.0928996876 0.0528460555 0.00791995786
  vertex 0.0953980982 0.0183622073 0.00821724441
  endloop
 endfacet

 facet normal 0.009632539 0.00931815803 0.999910235
  outer loop
  vertex 0.0953980982 0.0183622073 0.00821724441
  vertex 0.0928996876 0.0528460555 0.00791995786
  vertex 0.0916195139 0.0553964265 0.00790852308
  endloop
 endfacet

 facet normal 0.00947092939 0.00930168293 0.999911904
  outer loop
  vertex 0.0953980982 0.0183622073 0.00821724441
  vertex 0.0916195139 0.0553964265 0.00790852308
  vertex 0.0942056775 0.019576326 0.00821724441
  endloop
 endfacet

 facet normal 0.00140836067 -0.999997258 0.00187987951
  outer loop
  vertex 0.081419386 -0.0126948087 -0.00367422937
  vertex 0.0865194425 -0.0127019947 -0.0113179339
  vertex 0.0865194425 -0.0126876263 -0.00367422937
  endloop
 endfacet

 facet normal 0.00140829477 -0.999950349 0.00986190885
  outer loop
  vertex 0.081419386 -0.0126948087 -0.00367422937
  vertex 0.0865194425 -0.0126876263 -0.00367422937
  vertex 0.0877944604 -0.0126732569 -0.002399327
  endloop
 endfacet

 facet normal -0.00591820292 -0.999938428 0.00939132739
  outer loop
  vertex 0.081419386 -0.0126948087 -0.00367422937
  vertex 0.0559294038 -0.0124721015 0.00397518976
  vertex 0.0559294038 -0.0125080235 0.000150480148
  endloop
 endfacet

 facet normal -0.00732760224 -0.999973178 0
  outer loop
  vertex 0.081419386 -0.0126948087 -0.00367422937
  vertex 0.0559294038 -0.0125080235 0.000150480148
  vertex 0.0559294038 -0.0125080235 -0.0151426429
  endloop
 endfacet

 facet normal -0.00605883216 -0.999977708 -0.00282007339
  outer loop
  vertex 0.081419386 -0.0126948087 -0.00367422937
  vertex 0.0559294038 -0.0125080235 -0.0151426429
  vertex 0.081419386 -0.012680443 -0.00876812637
  endloop
 endfacet

 facet normal -0.00563650858 -0.999980152 -0.00282008061
  outer loop
  vertex 0.081419386 -0.0126948087 -0.00367422937
  vertex 0.081419386 -0.012680443 -0.00876812637
  vertex 0.0839694142 -0.0126876263 -0.0113179339
  endloop
 endfacet

 facet normal -0.00563483685 -0.999980152 -0.00281952275
  outer loop
  vertex 0.081419386 -0.0126948087 -0.00367422937
  vertex 0.0839694142 -0.0126876263 -0.0113179339
  vertex 0.0865194425 -0.0127019947 -0.0113179339
  endloop
 endfacet

 facet normal -0.0281592496 -0.999504387 0.0140808737
  outer loop
  vertex 0.0546543859 -0.0124361804 0.00397518976
  vertex 0.0546543859 -0.0124721015 0.00142538303
  vertex 0.0559294038 -0.0124721015 0.00397518976
  endloop
 endfacet

 facet normal -0.0225326195 -0.999682724 0.0112673081
  outer loop
  vertex 0.0559294038 -0.0124721015 0.00397518976
  vertex 0.0546543859 -0.0124721015 0.00142538303
  vertex 0.0546543859 -0.0124864709 0.000150480148
  endloop
 endfacet

 facet normal -0.0169001743 -0.999813199 0.0093901502
  outer loop
  vertex 0.0559294038 -0.0124721015 0.00397518976
  vertex 0.0546543859 -0.0124864709 0.000150480148
  vertex 0.0559294038 -0.0125080235 0.000150480148
  endloop
 endfacet

 facet normal 0.0093897339 -0.999954164 0.0018797986
  outer loop
  vertex 0.0877944604 -0.0126732569 -0.002399327
  vertex 0.0865194425 -0.0126876263 -0.00367422937
  vertex 0.0865194425 -0.0127019947 -0.0113179339
  endloop
 endfacet

 facet normal 0.00939608086 -0.999954164 0.00187889137
  outer loop
  vertex 0.0877944604 -0.0126732569 -0.002399327
  vertex 0.0865194425 -0.0127019947 -0.0113179339
  vertex 0.0877944604 -0.012680443 -0.00622403622
  endloop
 endfacet

 facet normal 0.102742352 -0.994706273 0.00186903053
  outer loop
  vertex 0.0877944604 -0.0126732569 -0.002399327
  vertex 0.0877944604 -0.012680443 -0.00622403622
  vertex 0.0890694782 -0.012551127 -0.0074903639
  endloop
 endfacet

 facet normal 0.155842245 -0.987766385 -0.00556502678
  outer loop
  vertex 0.0903444961 -0.0123140514 -0.0151426429
  vertex 0.0890694782 -0.012551127 -0.00876812637
  vertex 0.0890694782 -0.0125439446 -0.0100430297
  endloop
 endfacet

 facet normal 0.133998632 -0.990918577 -0.0111685162
  outer loop
  vertex 0.0903444961 -0.0123140514 -0.0151426429
  vertex 0.0890694782 -0.0125439446 -0.0100430297
  vertex 0.0903444961 -0.012299682 -0.0164175462
  endloop
 endfacet

 facet normal 0.245761007 -0.969268978 -0.010924506
  outer loop
  vertex 0.0903444961 -0.0123140514 -0.0151426429
  vertex 0.0903444961 -0.012299682 -0.0164175462
  vertex 0.0916195139 -0.0119763976 -0.0164175462
  endloop
 endfacet

 facet normal 0.250895083 -0.967998922 -0.00545365317
  outer loop
  vertex 0.0903444961 -0.0123140514 -0.0151426429
  vertex 0.0916195139 -0.0119763976 -0.0164175462
  vertex 0.0916195139 -0.01198358 -0.0151426429
  endloop
 endfacet

 facet normal 0.100905307 -0.994896054 0
  outer loop
  vertex 0.0890694782 -0.012551127 -0.0074903639
  vertex 0.0877944604 -0.012680443 -0.00622403622
  vertex 0.0877944604 -0.012680443 -0.0100430297
  endloop
 endfacet

 facet normal 0.100905307 -0.994896054 0
  outer loop
  vertex 0.0890694782 -0.012551127 -0.0074903639
  vertex 0.0877944604 -0.012680443 -0.0100430297
  vertex 0.0890694782 -0.012551127 -0.00876812637
  endloop
 endfacet

 facet normal 0.366604894 -0.930361986 -0.00524160918
  outer loop
  vertex 0.0916195139 -0.01198358 -0.0151426429
  vertex 0.0916195139 -0.0119763976 -0.0164175462
  vertex 0.0924763978 -0.0116459271 -0.0151426429
  endloop
 endfacet

 facet normal 0.368525654 -0.929593205 -0.00673187478
  outer loop
  vertex 0.0924763978 -0.0116459271 -0.0151426429
  vertex 0.0916195139 -0.0119763976 -0.0164175462
  vertex 0.092471242 -0.0116387401 -0.0164175462
  endloop
 endfacet

 facet normal 0.453726143 -0.891114831 -0.00685987528
  outer loop
  vertex 0.0924763978 -0.0116459271 -0.0151426429
  vertex 0.092471242 -0.0116387401 -0.0164175462
  vertex 0.0931061655 -0.0113154566 -0.0164175462
  endloop
 endfacet

 facet normal 0.453730404 -0.891112685 -0.00685722334
  outer loop
  vertex 0.0924763978 -0.0116459271 -0.0151426429
  vertex 0.0931061655 -0.0113154566 -0.0164175462
  vertex 0.0931113288 -0.011322639 -0.0151426429
  endloop
 endfacet

 facet normal 0.547872245 -0.836533427 -0.00693082251
  outer loop
  vertex 0.0931113288 -0.011322639 -0.0151426429
  vertex 0.0931061655 -0.0113154566 -0.0164175462
  vertex 0.0940714628 -0.0106832534 -0.0164175462
  endloop
 endfacet

 facet normal 0.55221802 -0.833696842 -0.00223543053
  outer loop
  vertex 0.0931113288 -0.011322639 -0.0151426429
  vertex 0.0940714628 -0.0106832534 -0.0164175462
  vertex 0.094076626 -0.0106832534 -0.0151426429
  endloop
 endfacet

 facet normal 0.620885074 -0.783897579 -0.00251340121
  outer loop
  vertex 0.094076626 -0.0106832534 -0.0151426429
  vertex 0.0940714628 -0.0106832534 -0.0164175462
  vertex 0.0947063863 -0.0101803625 -0.0164175462
  endloop
 endfacet

 facet normal 0.620885074 -0.783897579 -0.00251340121
  outer loop
  vertex 0.094076626 -0.0106832534 -0.0151426429
  vertex 0.0947063863 -0.0101803625 -0.0164175462
  vertex 0.0947115496 -0.0101803625 -0.0151426429
  endloop
 endfacet

 facet normal 0.737948775 -0.674850166 -0.00298728608
  outer loop
  vertex 0.0947115496 -0.0101803625 -0.0151426429
  vertex 0.0947063863 -0.0101803625 -0.0164175462
  vertex 0.0952845365 -0.00954816025 -0.0164175462
  endloop
 endfacet

 facet normal 0.73644042 -0.673470736 -0.0639751926
  outer loop
  vertex 0.0952845365 -0.00954816025 -0.0164175462
  vertex 0.0947063863 -0.0101803625 -0.0164175462
  vertex 0.0952329114 -0.00948350038 -0.0176924486
  endloop
 endfacet

 facet normal 0.775517046 -0.628149331 -0.0632588044
  outer loop
  vertex 0.0952845365 -0.00954816025 -0.0164175462
  vertex 0.0952329114 -0.00948350038 -0.0176924486
  vertex 0.0959246233 -0.00875790231 -0.0164175462
  endloop
 endfacet

 facet normal 0.777068496 -0.629406095 -0.00354791572
  outer loop
  vertex 0.0952845365 -0.00954816025 -0.0164175462
  vertex 0.0959246233 -0.00875790231 -0.0164175462
  vertex 0.0959246233 -0.00876508933 -0.0151426429
  endloop
 endfacet

 facet normal 0.840336204 -0.542057037 -0.00305553596
  outer loop
  vertex 0.0959246233 -0.00876508933 -0.0151426429
  vertex 0.0959246233 -0.00875790231 -0.0164175462
  vertex 0.0963324234 -0.00812570006 -0.0164175462
  endloop
 endfacet

 facet normal 0.838772416 -0.541048348 -0.0610552803
  outer loop
  vertex 0.0963324234 -0.00812570006 -0.0164175462
  vertex 0.0959246233 -0.00875790231 -0.0164175462
  vertex 0.0962859616 -0.0080538569 -0.0176924486
  endloop
 endfacet

 facet normal 0.897495449 -0.437279165 -0.0573477112
  outer loop
  vertex 0.0963324234 -0.00812570006 -0.0164175462
  vertex 0.0962859616 -0.0080538569 -0.0176924486
  vertex 0.0968434587 -0.00707681617 -0.0164175462
  endloop
 endfacet

 facet normal 0.901153922 -0.42849499 -0.0656794161
  outer loop
  vertex 0.0968434587 -0.00707681617 -0.0164175462
  vertex 0.0962859616 -0.0080538569 -0.0176924486
  vertex 0.0967505425 -0.00707681617 -0.0176924486
  endloop
 endfacet

 facet normal 0.949926794 -0.304706186 -0.06923417
  outer loop
  vertex 0.0968434587 -0.00707681617 -0.0164175462
  vertex 0.0967505425 -0.00707681617 -0.0176924486
  vertex 0.0972306058 -0.00586988172 -0.0164175462
  endloop
 endfacet

 facet normal 0.950709999 -0.301462948 -0.0725993961
  outer loop
  vertex 0.0972306058 -0.00586988172 -0.0164175462
  vertex 0.0967505425 -0.00707681617 -0.0176924486
  vertex 0.0971944705 -0.00569746178 -0.0176066943
  endloop
 endfacet

 facet normal 0.961057663 -0.267841011 -0.0680388287
  outer loop
  vertex 0.0972306058 -0.00586988172 -0.0164175462
  vertex 0.0971944705 -0.00569746178 -0.0176066943
  vertex 0.0973648205 -0.00520894025 -0.0171236023
  endloop
 endfacet

 facet normal 0.976965427 -0.212961197 -0.0136416927
  outer loop
  vertex 0.0972306058 -0.00586988172 -0.0164175462
  vertex 0.0973648205 -0.00520894025 -0.0171236023
  vertex 0.0973699838 -0.00523049245 -0.0164175462
  endloop
 endfacet

 facet normal 0.97705555 -0.212980837 -0.00120023987
  outer loop
  vertex 0.0972306058 -0.00586988172 -0.0164175462
  vertex 0.0973699838 -0.00523049245 -0.0164175462
  vertex 0.0973699838 -0.00523767713 -0.0151426429
  endloop
 endfacet

 facet normal 0.989627719 -0.14365375 -0.000809551566
  outer loop
  vertex 0.0973699838 -0.00523767713 -0.0151426429
  vertex 0.0973699838 -0.00523049245 -0.0164175462
  vertex 0.0974732265 -0.0045264489 -0.0151426429
  endloop
 endfacet

 facet normal 0.990427375 -0.137976736 -0.00400934322
  outer loop
  vertex 0.0974732265 -0.0045264489 -0.0151426429
  vertex 0.0973699838 -0.00523049245 -0.0164175462
  vertex 0.0974680632 -0.0045264489 -0.0164175462
  endloop
 endfacet

 facet normal 0.997619271 -0.0688445121 -0.00403845683
  outer loop
  vertex 0.0974732265 -0.0045264489 -0.0151426429
  vertex 0.0974680632 -0.0045264489 -0.0164175462
  vertex 0.0975558162 -0.00325485668 -0.0164175462
  endloop
 endfacet

 facet normal 0.997619271 -0.0688445121 -0.00403845683
  outer loop
  vertex 0.0974732265 -0.0045264489 -0.0151426429
  vertex 0.0975558162 -0.00325485668 -0.0164175462
  vertex 0.097560972 -0.00325485668 -0.0151426429
  endloop
 endfacet

 facet normal 0.999903321 -0.0133023327 -0.00404770253
  outer loop
  vertex 0.097560972 -0.00325485668 -0.0151426429
  vertex 0.0975558162 -0.00325485668 -0.0164175462
  vertex 0.0980565324 0.0324431136 -0.0100430297
  endloop
 endfacet

 facet normal 0.999991834 -0.00405860506 0
  outer loop
  vertex 0.0980565324 0.0324431136 -0.00495199161
  vertex 0.0980565324 0.0324431136 -0.0100430297
  vertex 0.0980616957 0.0337147042 -0.0113207912
  endloop
 endfacet

 facet normal 0.999991834 -0.00405860506 0
  outer loop
  vertex 0.0980565324 0.0324431136 -0.00495199161
  vertex 0.0980616957 0.0337147042 -0.0113207912
  vertex 0.0980616957 0.0337147042 -0.00239646807
  endloop
 endfacet

 facet normal 1 0 0
  outer loop
  vertex 0.0980616957 0.0337147042 -0.00239646807
  vertex 0.0980616957 0.0337147042 -0.0113207912
  vertex 0.0980616957 0.0349934809 -0.0125956936
  endloop
 endfacet

 facet normal 1 0 0
  outer loop
  vertex 0.0980616957 0.0337147042 -0.00239646807
  vertex 0.0980616957 0.0349934809 -0.0125956936
  vertex 0.0980616957 0.0426445864 -0.0125956936
  endloop
 endfacet

 facet normal 1 0 0
  outer loop
  vertex 0.0980616957 0.0337147042 -0.00239646807
  vertex 0.0980616957 0.0426445864 -0.0125956936
  vertex 0.0980616957 0.043916177 -0.0113207912
  endloop
 endfacet

 facet normal 1 0 0
  outer loop
  vertex 0.0980616957 0.0337147042 -0.00239646807
  vertex 0.0980616957 0.043916177 -0.0113207912
  vertex 0.0980616957 0.043916177 -0.00367137138
  endloop
 endfacet

 facet normal 1 0 0
  outer loop
  vertex 0.0980616957 0.0337147042 -0.00239646807
  vertex 0.0980616957 0.043916177 -0.00367137138
  vertex 0.0980616957 0.0426445864 -0.00239646807
  endloop
 endfacet

 facet normal 0.99986887 0 0.0161902644
  outer loop
  vertex 0.0980616957 0.0337147042 -0.00239646807
  vertex 0.0980616957 0.0426445864 -0.00239646807
  vertex 0.0980410501 0.0400942154 -0.00112156477
  endloop
 endfacet

 facet normal 0.99986887 0 0.0161902644
  outer loop
  vertex 0.0980616957 0.0337147042 -0.00239646807
  vertex 0.0980410501 0.0400942154 -0.00112156477
  vertex 0.0980410501 0.0362650715 -0.00112156477
  endloop
 endfacet

 facet normal -0.0309422966 0.0446625799 -0.998522878
  outer loop
  vertex 0.0507777184 0.0554395281 -0.0209340192
  vertex 0.0511700325 0.0562226027 -0.0209111497
  vertex 0.0520991944 0.0553964265 -0.0209768955
  endloop
 endfacet

 facet normal -0.0305232722 0.0451331884 -0.998514593
  outer loop
  vertex 0.0520991944 0.0553964265 -0.0209768955
  vertex 0.0511700325 0.0562226027 -0.0209111497
  vertex 0.0521921106 0.0566608347 -0.0209225845
  endloop
 endfacet

 facet normal -0.0219115894 0.0445112586 -0.998768568
  outer loop
  vertex 0.0520991944 0.0553964265 -0.0209768955
  vertex 0.0521921106 0.0566608347 -0.0209225845
  vertex 0.0533793718 0.0566680171 -0.0209483113
  endloop
 endfacet

 facet normal -0.00899893884 0.0315270275 -0.999462485
  outer loop
  vertex 0.0520991944 0.0553964265 -0.0209768955
  vertex 0.0533793718 0.0566680171 -0.0209483113
  vertex 0.0546492264 0.0566680171 -0.0209597461
  endloop
 endfacet

 facet normal -0.00446515763 0.0224387739 -0.999738216
  outer loop
  vertex 0.0520991944 0.0553964265 -0.0209768955
  vertex 0.0546492264 0.0566680171 -0.0209597461
  vertex 0.0533793718 0.0553964265 -0.0209826138
  endloop
 endfacet

 facet normal -0.00223195972 0.0202096216 -0.999793291
  outer loop
  vertex 0.0533793718 0.0553964265 -0.0209826138
  vertex 0.0546492264 0.0566680171 -0.0209597461
  vertex 0.0559294038 0.0566680171 -0.0209626034
  endloop
 endfacet

 facet normal 0 0.0157349892 -0.999876201
  outer loop
  vertex 0.0533793718 0.0553964265 -0.0209826138
  vertex 0.0559294038 0.0566680171 -0.0209626034
  vertex 0.0877996236 0.0566680171 -0.0209626034
  endloop
 endfacet

 facet normal 0 0.0157349892 -0.999876201
  outer loop
  vertex 0.0533793718 0.0553964265 -0.0209826138
  vertex 0.0877996236 0.0566680171 -0.0209626034
  vertex 0.0903496519 0.0553964265 -0.0209826138
  endloop
 endfacet

 facet normal 0.0067246235 -0.0179811418 -0.999815702
  outer loop
  vertex 0.0903444961 -0.00707681617 -0.0209826138
  vertex 0.0916195139 -0.00707681617 -0.0209740382
  vertex 0.0890694782 -0.00834840629 -0.0209683217
  endloop
 endfacet

 facet normal 0.00224273815 -0.0134882014 -0.99990654
  outer loop
  vertex 0.0903444961 -0.00707681617 -0.0209826138
  vertex 0.0890694782 -0.00834840629 -0.0209683217
  vertex 0.0877944604 -0.00834840629 -0.0209711809
  endloop
 endfacet

 facet normal 0.00672555808 -0.00672467612 -0.9999547
  outer loop
  vertex 0.0903444961 -0.00707681617 -0.0209826138
  vertex 0.0928945243 -0.0045264489 -0.0209826138
  vertex 0.0916195139 -0.00707681617 -0.0209740382
  endloop
 endfacet

 facet normal 0 -0.0632543489 -0.997997463
  outer loop
  vertex 0.0559294038 -0.00834840629 -0.0209711809
  vertex 0.0877944604 -0.00834840629 -0.0209711809
  vertex 0.0877944604 -0.00916021597 -0.0209197272
  endloop
 endfacet

 facet normal 0 -0.0632543489 -0.997997463
  outer loop
  vertex 0.0559294038 -0.00834840629 -0.0209711809
  vertex 0.0877944604 -0.00916021597 -0.0209197272
  vertex 0.0559294038 -0.00916021597 -0.0209197272
  endloop
 endfacet

 facet normal -0.00223845057 -0.0632541925 -0.997995019
  outer loop
  vertex 0.0559294038 -0.00834840629 -0.0209711809
  vertex 0.0559294038 -0.00916021597 -0.0209197272
  vertex 0.0546543859 -0.00834840629 -0.0209683217
  endloop
 endfacet

 facet normal -0.00296394224 -0.0643891841 -0.997920573
  outer loop
  vertex 0.0546543859 -0.00834840629 -0.0209683217
  vertex 0.0559294038 -0.00916021597 -0.0209197272
  vertex 0.0546543859 -0.00914584659 -0.020916868
  endloop
 endfacet

 facet normal -0.0111848358 -0.064385429 -0.997862458
  outer loop
  vertex 0.0546543859 -0.00834840629 -0.0209683217
  vertex 0.0546543859 -0.00914584659 -0.020916868
  vertex 0.0533793718 -0.00834840629 -0.0209540296
  endloop
 endfacet

 facet normal -0.0119011542 -0.0655268878 -0.997779787
  outer loop
  vertex 0.0533793718 -0.00834840629 -0.0209540296
  vertex 0.0546543859 -0.00914584659 -0.020916868
  vertex 0.0533793718 -0.00908837281 -0.0209054332
  endloop
 endfacet

 facet normal -0.0198169015 -0.246890455 -0.968840718
  outer loop
  vertex 0.0533793718 -0.00908837281 -0.0209054332
  vertex 0.0546543859 -0.00914584659 -0.020916868
  vertex 0.0546543859 -0.00978523586 -0.0207539313
  endloop
 endfacet

 facet normal -0.0360870846 -0.274909467 -0.960792661
  outer loop
  vertex 0.0533793718 -0.00908837281 -0.0209054332
  vertex 0.0546543859 -0.00978523586 -0.0207539313
  vertex 0.0533793718 -0.00972776301 -0.0207224861
  endloop
 endfacet

 facet normal -0.0429279208 -0.469978929 -0.881633162
  outer loop
  vertex 0.0533793718 -0.00972776301 -0.0207224861
  vertex 0.0546543859 -0.00978523586 -0.0207539313
  vertex 0.0546543859 -0.0109059606 -0.020156499
  endloop
 endfacet

 facet normal -0.0731941685 -0.495100826 -0.865746975
  outer loop
  vertex 0.0533793718 -0.00972776301 -0.0207224861
  vertex 0.0546543859 -0.0109059606 -0.020156499
  vertex 0.0534413159 -0.0110065378 -0.0199964214
  endloop
 endfacet

 facet normal -0.0555811338 -0.599915683 -0.798130274
  outer loop
  vertex 0.0534413159 -0.0110065378 -0.0199964214
  vertex 0.0546543859 -0.0109059606 -0.020156499
  vertex 0.0539162196 -0.0115525322 -0.0196190961
  endloop
 endfacet

 facet normal -0.0512204431 -0.603124321 -0.796000957
  outer loop
  vertex 0.0539162196 -0.0115525322 -0.0196190961
  vertex 0.0546543859 -0.0109059606 -0.020156499
  vertex 0.0546543859 -0.0115812672 -0.0196448229
  endloop
 endfacet

 facet normal -0.0510332696 -0.866660833 -0.49628076
  outer loop
  vertex 0.0539162196 -0.0115525322 -0.0196190961
  vertex 0.0546543859 -0.0115812672 -0.0196448229
  vertex 0.0546543859 -0.0119692115 -0.0189673509
  endloop
 endfacet

 facet normal -0.0813057348 -0.878982425 -0.46987164
  outer loop
  vertex 0.0539162196 -0.0115525322 -0.0196190961
  vertex 0.0546543859 -0.0119692115 -0.0189673509
  vertex 0.0534413159 -0.0118111605 -0.0190531071
  endloop
 endfacet

 facet normal -0.099323079 -0.939774215 -0.327046365
  outer loop
  vertex 0.0534413159 -0.0118111605 -0.0190531071
  vertex 0.0546543859 -0.0119692115 -0.0189673509
  vertex 0.0533793718 -0.0122781293 -0.0176924486
  endloop
 endfacet

 facet normal -0.0852376744 -0.945475698 -0.314341247
  outer loop
  vertex 0.0533793718 -0.0122781293 -0.0176924486
  vertex 0.0546543859 -0.0119692115 -0.0189673509
  vertex 0.0546543859 -0.0123930769 -0.0176924486
  endloop
 endfacet

 facet normal -0.884259164 0.466955334 0.00621168828
  outer loop
  vertex 0.0466429554 0.0553964265 0.00270314515
  vertex 0.0472727194 0.0565889925 0.00270314515
  vertex 0.0472675562 0.0565961748 0.00142824184
  endloop
 endfacet

 facet normal -0.886211395 0.463277638 0.00179439539
  outer loop
  vertex 0.0466429554 0.0553964265 0.00270314515
  vertex 0.0472675562 0.0565961748 0.00142824184
  vertex 0.0466377921 0.0553964265 0.000153338522
  endloop
 endfacet

 facet normal -0.839718044 0.543022752 0
  outer loop
  vertex 0.0472675562 0.0565961748 -0.0151455002
  vertex 0.0472675562 0.0565961748 0.00142824184
  vertex 0.047685679 0.0572427511 -0.00112156477
  endloop
 endfacet

 facet normal -0.839718044 0.543022752 0
  outer loop
  vertex 0.0472675562 0.0565961748 -0.0151455002
  vertex 0.047685679 0.0572427511 -0.00112156477
  vertex 0.047685679 0.0572427511 -0.0151455002
  endloop
 endfacet

 facet normal -0.839677274 0.542996347 -0.00985864922
  outer loop
  vertex 0.0472675562 0.0565961748 -0.0151455002
  vertex 0.047685679 0.0572427511 -0.0151455002
  vertex 0.047277879 0.0565889925 -0.0164204054
  endloop
 endfacet

 facet normal -0.830788374 0.556246996 -0.0194967184
  outer loop
  vertex 0.047277879 0.0565889925 -0.0164204054
  vertex 0.047685679 0.0572427511 -0.0151455002
  vertex 0.0477011651 0.0572211966 -0.0164204054
  endloop
 endfacet

 facet normal -0.732814968 0.680122077 -0.0204010643
  outer loop
  vertex 0.0477011651 0.0572211966 -0.0164204054
  vertex 0.047685679 0.0572427511 -0.0151455002
  vertex 0.0483412556 0.0579108745 -0.0164204054
  endloop
 endfacet

 facet normal -0.731502891 0.678904235 -0.0631871223
  outer loop
  vertex 0.0477011651 0.0572211966 -0.0164204054
  vertex 0.0483412556 0.0579108745 -0.0164204054
  vertex 0.0483980365 0.057853397 -0.0176953077
  endloop
 endfacet

 facet normal -0.740603626 0.667896867 -0.0736200362
  outer loop
  vertex 0.0477011651 0.0572211966 -0.0164204054
  vertex 0.0483980365 0.057853397 -0.0176953077
  vertex 0.0477631092 0.0571493544 -0.0176953077
  endloop
 endfacet

 facet normal -0.711196303 0.641376555 -0.287812144
  outer loop
  vertex 0.0477631092 0.0571493544 -0.0176953077
  vertex 0.0483980365 0.057853397 -0.0176953077
  vertex 0.048661299 0.0575732179 -0.0189702101
  endloop
 endfacet

 facet normal -0.690489292 0.663375318 -0.288370818
  outer loop
  vertex 0.048661299 0.0575732179 -0.0189702101
  vertex 0.0483980365 0.057853397 -0.0176953077
  vertex 0.0490123145 0.0584927835 -0.0176953077
  endloop
 endfacet

 facet normal -0.634241164 0.699284017 -0.32975781
  outer loop
  vertex 0.048661299 0.0575732179 -0.0189702101
  vertex 0.0490123145 0.0584927835 -0.0176953077
  vertex 0.0498795323 0.058808893 -0.018692933
  endloop
 endfacet

 facet normal -0.600384176 0.684646249 -0.413277686
  outer loop
  vertex 0.048661299 0.0575732179 -0.0189702101
  vertex 0.0498795323 0.058808893 -0.018692933
  vertex 0.0494923815 0.0582485236 -0.0190588254
  endloop
 endfacet

 facet normal -0.590021789 0.666287303 -0.455999464
  outer loop
  vertex 0.048661299 0.0575732179 -0.0189702101
  vertex 0.0494923815 0.0582485236 -0.0190588254
  vertex 0.0488935895 0.0573289581 -0.0196276717
  endloop
 endfacet

 facet normal -0.689926863 0.564292133 -0.453404158
  outer loop
  vertex 0.048661299 0.0575732179 -0.0189702101
  vertex 0.0488935895 0.0573289581 -0.0196276717
  vertex 0.0479953997 0.05670394 -0.0190388151
  endloop
 endfacet

 facet normal -0.551531196 0.66810298 -0.499451458
  outer loop
  vertex 0.0488935895 0.0573289581 -0.0196276717
  vertex 0.0494923815 0.0582485236 -0.0190588254
  vertex 0.0502718426 0.0585287064 -0.0195447747
  endloop
 endfacet

 facet normal -0.437174976 0.55131954 -0.710580707
  outer loop
  vertex 0.0488935895 0.0573289581 -0.0196276717
  vertex 0.0502718426 0.0585287064 -0.0195447747
  vertex 0.0495491624 0.0576019548 -0.0198191945
  endloop
 endfacet

 facet normal -0.36975807 0.516946316 -0.772039831
  outer loop
  vertex 0.0495491624 0.0576019548 -0.0198191945
  vertex 0.0502718426 0.0585287064 -0.0195447747
  vertex 0.0507467501 0.0580401868 -0.0200993288
  endloop
 endfacet

 facet normal -0.354592174 0.529840708 -0.770411134
  outer loop
  vertex 0.0507467501 0.0580401868 -0.0200993288
  vertex 0.0502718426 0.0585287064 -0.0195447747
  vertex 0.0511184148 0.0587585978 -0.0197763145
  endloop
 endfacet

 facet normal -0.248996824 0.501384616 -0.828621805
  outer loop
  vertex 0.0507467501 0.0580401868 -0.0200993288
  vertex 0.0511184148 0.0587585978 -0.0197763145
  vertex 0.0520991944 0.0589669421 -0.0199449677
  endloop
 endfacet

 facet normal -0.231642157 0.479063451 -0.846664131
  outer loop
  vertex 0.0507467501 0.0580401868 -0.0200993288
  vertex 0.0520991944 0.0589669421 -0.0199449677
  vertex 0.0521921106 0.0578246601 -0.0206167214
  endloop
 endfacet

 facet normal -0.252085567 0.411753744 -0.875734985
  outer loop
  vertex 0.0507467501 0.0580401868 -0.0200993288
  vertex 0.0521921106 0.0578246601 -0.0206167214
  vertex 0.0507777184 0.0566608347 -0.0207567886
  endloop
 endfacet

 facet normal -0.226886556 0.383477837 -0.895246983
  outer loop
  vertex 0.0507777184 0.0566608347 -0.0207567886
  vertex 0.0521921106 0.0578246601 -0.0206167214
  vertex 0.0518307686 0.0570703261 -0.0208482631
  endloop
 endfacet

 facet normal -0.0882178396 0.141899705 -0.985942245
  outer loop
  vertex 0.0511700325 0.0562226027 -0.0209111497
  vertex 0.0518307686 0.0570703261 -0.0208482631
  vertex 0.0526825003 0.0573217757 -0.020888282
  endloop
 endfacet

 facet normal -0.0487944447 0.0878400132 -0.99493891
  outer loop
  vertex 0.0511700325 0.0562226027 -0.0209111497
  vertex 0.0526825003 0.0573217757 -0.020888282
  vertex 0.0521921106 0.0566608347 -0.0209225845
  endloop
 endfacet

 facet normal -0.147983551 0.354306549 -0.923345983
  outer loop
  vertex 0.0518307686 0.0570703261 -0.0208482631
  vertex 0.0521921106 0.0578246601 -0.0206167214
  vertex 0.0526825003 0.0573217757 -0.020888282
  endloop
 endfacet

 facet normal -0.0168624222 -0.997579873 -0.0674557239
  outer loop
  vertex 0.0546543859 -0.0124792848 -0.0164175462
  vertex 0.0546543859 -0.0123930769 -0.0176924486
  vertex 0.0559294038 -0.0124146286 -0.0176924486
  endloop
 endfacet

 facet normal -0.0112475809 -0.998021305 -0.0618627667
  outer loop
  vertex 0.0546543859 -0.0124792848 -0.0164175462
  vertex 0.0559294038 -0.0124146286 -0.0176924486
  vertex 0.0559294038 -0.0124936542 -0.0164175462
  endloop
 endfacet

 facet normal -0.0112684499 -0.999873042 -0.0112694409
  outer loop
  vertex 0.0546543859 -0.0124792848 -0.0164175462
  vertex 0.0559294038 -0.0124936542 -0.0164175462
  vertex 0.0559294038 -0.0125080235 -0.0151426429
  endloop
 endfacet

 facet normal -0.0169006474 -0.999841213 -0.00563603127
  outer loop
  vertex 0.0546543859 -0.0124792848 -0.0164175462
  vertex 0.0559294038 -0.0125080235 -0.0151426429
  vertex 0.0546543859 -0.0124864709 -0.0151426429
  endloop
 endfacet

 facet normal -0.0169009157 -0.999857128 0
  outer loop
  vertex 0.0546543859 -0.0124864709 -0.0151426429
  vertex 0.0559294038 -0.0125080235 -0.0151426429
  vertex 0.0559294038 -0.0125080235 0.000150480148
  endloop
 endfacet

 facet normal -0.0169009157 -0.999857128 0
  outer loop
  vertex 0.0546543859 -0.0124864709 -0.0151426429
  vertex 0.0559294038 -0.0125080235 0.000150480148
  vertex 0.0546543859 -0.0124864709 0.000150480148
  endloop
 endfacet

 facet normal -0.00833363924 0.359731257 0.933018684
  outer loop
  vertex 0.0546492264 0.0579396077 0.00769699272
  vertex 0.0559294038 0.0579396077 0.00770842703
  vertex 0.0559294038 0.058866363 0.00735111022
  endloop
 endfacet

 facet normal -0.0103071397 0.36210686 0.932079554
  outer loop
  vertex 0.0546492264 0.0579396077 0.00769699272
  vertex 0.0559294038 0.058866363 0.00735111022
  vertex 0.0546492264 0.0588519983 0.00734253461
  endloop
 endfacet

 facet normal -0.0314587317 0.361946911 0.931667745
  outer loop
  vertex 0.0546492264 0.0579396077 0.00769699272
  vertex 0.0546492264 0.0588519983 0.00734253461
  vertex 0.0533793718 0.0579396077 0.00765411463
  endloop
 endfacet

 facet normal -0.0419797674 0.374718517 0.926187754
  outer loop
  vertex 0.0533793718 0.0579396077 0.00765411463
  vertex 0.0546492264 0.0588519983 0.00734253461
  vertex 0.0533793718 0.0587945208 0.0073082326
  endloop
 endfacet

 facet normal -0.102227598 0.373084277 0.922148407
  outer loop
  vertex 0.0533793718 0.0579396077 0.00765411463
  vertex 0.0533793718 0.0587945208 0.0073082326
  vertex 0.0524450503 0.0586939454 0.00724534551
  endloop
 endfacet

 facet normal -0.112025425 0.362596273 0.92518878
  outer loop
  vertex 0.0533793718 0.0579396077 0.00765411463
  vertex 0.0524450503 0.0586939454 0.00724534551
  vertex 0.0520527363 0.0580330044 0.00745687634
  endloop
 endfacet

 facet normal -0.207011744 0.407529056 0.889419019
  outer loop
  vertex 0.0520527363 0.0580330044 0.00745687634
  vertex 0.0524450503 0.0586939454 0.00724534551
  vertex 0.0508241765 0.0576522425 0.00734539377
  endloop
 endfacet

 facet normal -0.215846822 0.420491427 0.881247461
  outer loop
  vertex 0.0508241765 0.0576522425 0.00734539377
  vertex 0.0524450503 0.0586939454 0.00724534551
  vertex 0.0515933186 0.058514338 0.00712242862
  endloop
 endfacet

 facet normal -0.281199008 0.467614859 0.838011682
  outer loop
  vertex 0.0508241765 0.0576522425 0.00734539377
  vertex 0.0515933186 0.058514338 0.00712242862
  vertex 0.0500602014 0.0574079864 0.00722533558
  endloop
 endfacet

 facet normal -0.342781663 0.54610312 0.764376998
  outer loop
  vertex 0.0500602014 0.0574079864 0.00722533558
  vertex 0.0515933186 0.058514338 0.00712242862
  vertex 0.0508241765 0.058291629 0.00693662418
  endloop
 endfacet

 facet normal -0.433402508 0.595665455 0.67627281
  outer loop
  vertex 0.0500602014 0.0574079864 0.00722533558
  vertex 0.0508241765 0.058291629 0.00693662418
  vertex 0.0496111065 0.05788932 0.00651356205
  endloop
 endfacet

 facet normal -0.478384614 0.55725956 0.678682506
  outer loop
  vertex 0.0500602014 0.0574079864 0.00722533558
  vertex 0.0496111065 0.05788932 0.00651356205
  vertex 0.0492136329 0.0569841191 0.00697664358
  endloop
 endfacet

 facet normal -0.508545578 0.558539987 0.655297279
  outer loop
  vertex 0.0492136329 0.0569841191 0.00697664358
  vertex 0.0496111065 0.05788932 0.00651356205
  vertex 0.0487077571 0.0575229302 0.00612480287
  endloop
 endfacet

 facet normal -0.588282824 0.478403062 0.651961505
  outer loop
  vertex 0.0492136329 0.0569841191 0.00697664358
  vertex 0.0487077571 0.0575229302 0.00612480287
  vertex 0.0483515784 0.0565746278 0.00649926951
  endloop
 endfacet

 facet normal -0.508968949 0.600170493 0.617046237
  outer loop
  vertex 0.0487077571 0.0575229302 0.00612480287
  vertex 0.0496111065 0.05788932 0.00651356205
  vertex 0.0500189066 0.0587083101 0.00605333922
  endloop
 endfacet

 facet normal -0.60431999 0.692221165 0.394496143
  outer loop
  vertex 0.0487077571 0.0575229302 0.00612480287
  vertex 0.0500189066 0.0587083101 0.00605333922
  vertex 0.0491362028 0.0583922118 0.00525580952
  endloop
 endfacet

 facet normal -0.661516309 0.667585254 0.341652125
  outer loop
  vertex 0.0487077571 0.0575229302 0.00612480287
  vertex 0.0491362028 0.0583922118 0.00525580952
  vertex 0.0484909527 0.0577528253 0.00525580952
  endloop
 endfacet

 facet normal -0.70763284 0.619202793 0.340358078
  outer loop
  vertex 0.0487077571 0.0575229302 0.00612480287
  vertex 0.0484909527 0.0577528253 0.00525580952
  vertex 0.0478560254 0.0570272245 0.00525580952
  endloop
 endfacet

 facet normal -0.742129266 0.649388433 0.165948495
  outer loop
  vertex 0.0478560254 0.0570272245 0.00525580952
  vertex 0.0484909527 0.0577528253 0.00525580952
  vertex 0.0477218144 0.0571996383 0.00398090621
  endloop
 endfacet

 facet normal -0.827353239 0.561080396 0.0259887762
  outer loop
  vertex 0.0472882055 0.0565602556 0.00398090621
  vertex 0.0477218144 0.0571996383 0.00398090621
  vertex 0.0477011651 0.057228379 0.00270314515
  endloop
 endfacet

 facet normal -0.830523133 0.556526303 0.0225830507
  outer loop
  vertex 0.0472882055 0.0565602556 0.00398090621
  vertex 0.0477011651 0.057228379 0.00270314515
  vertex 0.0472727194 0.0565889925 0.00270314515
  endloop
 endfacet

 facet normal -0.830694556 0.556641221 0.00986279082
  outer loop
  vertex 0.0472727194 0.0565889925 0.00270314515
  vertex 0.0477011651 0.057228379 0.00270314515
  vertex 0.0476908423 0.0572355613 0.00142824184
  endloop
 endfacet

 facet normal -0.833816886 0.552003086 0.00648657186
  outer loop
  vertex 0.0472727194 0.0565889925 0.00270314515
  vertex 0.0476908423 0.0572355613 0.00142824184
  vertex 0.0472675562 0.0565961748 0.00142824184
  endloop
 endfacet

 facet normal -0.728238523 0.668908298 0.149098575
  outer loop
  vertex 0.0477218144 0.0571996383 0.00398090621
  vertex 0.0484909527 0.0577528253 0.00525580952
  vertex 0.0483619012 0.0578965023 0.00398090621
  endloop
 endfacet

 facet normal -0.736199975 0.676221013 0.0271054804
  outer loop
  vertex 0.0477218144 0.0571996383 0.00398090621
  vertex 0.0483619012 0.0578965023 0.00398090621
  vertex 0.0477011651 0.057228379 0.00270314515
  endloop
 endfacet

 facet normal 0.0134577136 0.0112379473 0.999846339
  outer loop
  vertex 0.0916195139 0.0553964265 0.00790852308
  vertex 0.0928996876 0.0528460555 0.00791995786
  vertex 0.0928996876 0.0541176498 0.00790566579
  endloop
 endfacet

 facet normal 0.0534428135 0.0512726866 0.997253776
  outer loop
  vertex 0.0916195139 0.0553964265 0.00790852308
  vertex 0.0928996876 0.0541176498 0.00790566579
  vertex 0.0928996876 0.0553964265 0.00783991907
  endloop
 endfacet

 facet normal 0.0533686727 0.0734441504 0.995870352
  outer loop
  vertex 0.0916195139 0.0553964265 0.00790852308
  vertex 0.0928996876 0.0553964265 0.00783991907
  vertex 0.0903496519 0.0566680171 0.00788279623
  endloop
 endfacet

 facet normal 0.0528786033 0.198024511 0.97876972
  outer loop
  vertex 0.0903496519 0.0566680171 0.00788279623
  vertex 0.0916195139 0.0566680171 0.00781419221
  vertex 0.0903496519 0.0579396077 0.00762552908
  endloop
 endfacet

 facet normal 0.0502739958 0.198051199 0.978901565
  outer loop
  vertex 0.0903496519 0.0566680171 0.00788279623
  vertex 0.0903496519 0.0579396077 0.00762552908
  vertex 0.0890694782 0.0579396077 0.00769127579
  endloop
 endfacet

 facet normal 0.0133267101 0.162028357 0.986696184
  outer loop
  vertex 0.0903496519 0.0566680171 0.00788279623
  vertex 0.0890694782 0.0579396077 0.00769127579
  vertex 0.0877996236 0.0579396077 0.00770842703
  endloop
 endfacet

 facet normal 0.0537977666 0.0743075907 0.99578321
  outer loop
  vertex 0.0903496519 0.0566680171 0.00788279623
  vertex 0.0928996876 0.0553964265 0.00783991907
  vertex 0.0916195139 0.0566680171 0.00781419221
  endloop
 endfacet

 facet normal 0.0126011577 0.359715223 0.93297708
  outer loop
  vertex 0.0877996236 0.0579396077 0.00770842703
  vertex 0.0890694782 0.0579396077 0.00769127579
  vertex 0.0877996236 0.058866363 0.00735111022
  endloop
 endfacet

 facet normal 0 0.359743774 0.933051109
  outer loop
  vertex 0.0877996236 0.0579396077 0.00770842703
  vertex 0.0877996236 0.058866363 0.00735111022
  vertex 0.0559294038 0.058866363 0.00735111022
  endloop
 endfacet

 facet normal 0 0.359743774 0.933051109
  outer loop
  vertex 0.0877996236 0.0579396077 0.00770842703
  vertex 0.0559294038 0.058866363 0.00735111022
  vertex 0.0559294038 0.0579396077 0.00770842703
  endloop
 endfacet

 facet normal 0.999697328 0.00404055556 0.0242703818
  outer loop
  vertex 0.0980410501 0.0400942154 -0.00112156477
  vertex 0.0980616957 0.0426445864 -0.00239646807
  vertex 0.0980358794 0.0413729921 -0.00112156477
  endloop
 endfacet

 facet normal 0.998975813 0.0202784073 0.0404514521
  outer loop
  vertex 0.0980358794 0.0413729921 -0.00112156477
  vertex 0.0980616957 0.0426445864 -0.00239646807
  vertex 0.0980358794 0.043916177 -0.00239646807
  endloop
 endfacet

 facet normal 0.998468399 0.0247931071 0.0494573899
  outer loop
  vertex 0.0980358794 0.0413729921 -0.00112156477
  vertex 0.0980358794 0.043916177 -0.00239646807
  vertex 0.0975299999 0.0515672825 0.00398090621
  endloop
 endfacet

 facet normal 0.998585641 0.0491727218 0.0202178117
  outer loop
  vertex 0.0975299999 0.0515672825 0.00398090621
  vertex 0.0980358794 0.043916177 -0.00239646807
  vertex 0.0980616957 0.043916177 -0.00367137138
  endloop
 endfacet

 facet normal 0.998451173 0.0532447249 0.0161370896
  outer loop
  vertex 0.0975299999 0.0515672825 0.00398090621
  vertex 0.0980616957 0.043916177 -0.00367137138
  vertex 0.0975506529 0.0515672825 0.00270314515
  endloop
 endfacet

 facet normal 0.997791052 0.0644428656 0.0161264185
  outer loop
  vertex 0.0975299999 0.0515672825 0.00398090621
  vertex 0.0975506529 0.0515672825 0.00270314515
  vertex 0.0974680632 0.0528460555 0.00270314515
  endloop
 endfacet

 facet normal 0.99653846 0.0777302757 0.029485045
  outer loop
  vertex 0.0975299999 0.0515672825 0.00398090621
  vertex 0.0974680632 0.0528460555 0.00270314515
  vertex 0.0974267721 0.0529178977 0.00390944397
  endloop
 endfacet

 facet normal 0.995142341 0.0791601837 0.0585265607
  outer loop
  vertex 0.0975299999 0.0515672825 0.00398090621
  vertex 0.0974267721 0.0529178977 0.00390944397
  vertex 0.0974061191 0.0525371395 0.00477557769
  endloop
 endfacet

 facet normal 0.993340611 0.0376694165 0.108883053
  outer loop
  vertex 0.0975299999 0.0515672825 0.00398090621
  vertex 0.0974061191 0.0525371395 0.00477557769
  vertex 0.0974319279 0.0515672825 0.00487562595
  endloop
 endfacet

 facet normal 0.954288065 0.0556906722 0.29365465
  outer loop
  vertex 0.0974319279 0.0515672825 0.00487562595
  vertex 0.0974061191 0.0525371395 0.00477557769
  vertex 0.097235769 0.0515672825 0.00551307714
  endloop
 endfacet

 facet normal 0.940217137 0.0855400935 0.329658359
  outer loop
  vertex 0.097235769 0.0515672825 0.00551307714
  vertex 0.0974061191 0.0525371395 0.00477557769
  vertex 0.0972151235 0.0529178977 0.00522150751
  endloop
 endfacet

 facet normal 0.87331295 0.115519032 0.473265111
  outer loop
  vertex 0.097235769 0.0515672825 0.00551307714
  vertex 0.0972151235 0.0529178977 0.00522150751
  vertex 0.0965492204 0.0528460555 0.0064678262
  endloop
 endfacet

 facet normal 0.842492104 0.0519881509 0.536194146
  outer loop
  vertex 0.097235769 0.0515672825 0.00551307714
  vertex 0.0965492204 0.0528460555 0.0064678262
  vertex 0.0966008455 0.0515672825 0.00651070382
  endloop
 endfacet

 facet normal 0.757753909 0.0523979813 0.650433242
  outer loop
  vertex 0.0966008455 0.0515672825 0.00651070382
  vertex 0.0965492204 0.0528460555 0.0064678262
  vertex 0.0960020572 0.0528460555 0.00710527739
  endloop
 endfacet

 facet normal 0.757751822 0.0523957424 0.650436044
  outer loop
  vertex 0.0966008455 0.0515672825 0.00651070382
  vertex 0.0960020572 0.0528460555 0.00710527739
  vertex 0.0960536748 0.0515672825 0.00714815501
  endloop
 endfacet

 facet normal 0.480870903 0.0487639122 0.875434339
  outer loop
  vertex 0.0960536748 0.0515672825 0.00714815501
  vertex 0.0960020572 0.0528460555 0.00710527739
  vertex 0.0953619629 0.0528460555 0.00745687634
  endloop
 endfacet

 facet normal 0.479053199 0.0995278284 0.872125149
  outer loop
  vertex 0.0953619629 0.0528460555 0.00745687634
  vertex 0.0960020572 0.0528460555 0.00710527739
  vertex 0.0952122658 0.0541176498 0.00739398832
  endloop
 endfacet

 facet normal 0.327607721 0.0851039961 0.940973222
  outer loop
  vertex 0.0953619629 0.0528460555 0.00745687634
  vertex 0.0952122658 0.0541176498 0.00739398832
  vertex 0.0941695422 0.0541176498 0.00775702158
  endloop
 endfacet

 facet normal 0.299147457 0.0556758493 0.952581286
  outer loop
  vertex 0.0953619629 0.0528460555 0.00745687634
  vertex 0.0941695422 0.0541176498 0.00775702158
  vertex 0.0941695422 0.0528460555 0.00783134345
  endloop
 endfacet

 facet normal 0.122986615 0.0579048209 0.99071759
  outer loop
  vertex 0.0941695422 0.0528460555 0.00783134345
  vertex 0.0941695422 0.0541176498 0.00775702158
  vertex 0.0928996876 0.0553964265 0.00783991907
  endloop
 endfacet

 facet normal 0.109210625 0.0510389432 0.992707431
  outer loop
  vertex 0.0941695422 0.0528460555 0.00783134345
  vertex 0.0928996876 0.0553964265 0.00783991907
  vertex 0.0928996876 0.0541176498 0.00790566579
  endloop
 endfacet

 facet normal -0.00563476933 -0.999968171 -0.00564696593
  outer loop
  vertex 0.0865194425 -0.0127019947 -0.0113179339
  vertex 0.0839694142 -0.0126876263 -0.0113179339
  vertex 0.0559294038 -0.0125080235 -0.0151426429
  endloop
 endfacet

 facet normal -0.00493143406 -0.999924302 -0.0112700183
  outer loop
  vertex 0.0865194425 -0.0127019947 -0.0113179339
  vertex 0.0559294038 -0.0125080235 -0.0151426429
  vertex 0.0559294038 -0.0124936542 -0.0164175462
  endloop
 endfacet

 facet normal 0 -0.999166489 -0.040820282
  outer loop
  vertex 0.0865194425 -0.0127019947 -0.0113179339
  vertex 0.0559294038 -0.0124936542 -0.0164175462
  vertex 0.0877944604 -0.0124936542 -0.0164175462
  endloop
 endfacet

 facet normal 0.0393905826 -0.998744249 -0.03095451
  outer loop
  vertex 0.0865194425 -0.0127019947 -0.0113179339
  vertex 0.0877944604 -0.0124936542 -0.0164175462
  vertex 0.0890694782 -0.0124433674 -0.0164175462
  endloop
 endfacet

 facet normal 0.0450125113 -0.998590112 -0.0281354822
  outer loop
  vertex 0.0865194425 -0.0127019947 -0.0113179339
  vertex 0.0890694782 -0.0124433674 -0.0164175462
  vertex 0.0877944604 -0.012680443 -0.0100430297
  endloop
 endfacet

 facet normal 0.0169009157 -0.999857128 0
  outer loop
  vertex 0.0865194425 -0.0127019947 -0.0113179339
  vertex 0.0877944604 -0.012680443 -0.0100430297
  vertex 0.0877944604 -0.012680443 -0.00622403622
  endloop
 endfacet

 facet normal -0.0059743342 -0.999977112 -0.00315794325
  outer loop
  vertex 0.0559294038 -0.0125080235 -0.0151426429
  vertex 0.0839694142 -0.0126876263 -0.0113179339
  vertex 0.081419386 -0.012680443 -0.00876812637
  endloop
 endfacet

 facet normal 0.106446497 -0.99430269 -0.00560185174
  outer loop
  vertex 0.0890694782 -0.012551127 -0.00876812637
  vertex 0.0877944604 -0.012680443 -0.0100430297
  vertex 0.0890694782 -0.0125439446 -0.0100430297
  endloop
 endfacet

 facet normal 0.106435053 -0.994195938 -0.0156864636
  outer loop
  vertex 0.0890694782 -0.0125439446 -0.0100430297
  vertex 0.0877944604 -0.012680443 -0.0100430297
  vertex 0.0890694782 -0.0124433674 -0.0164175462
  endloop
 endfacet

 facet normal 0.111970261 -0.993587911 -0.0156768672
  outer loop
  vertex 0.0890694782 -0.0125439446 -0.0100430297
  vertex 0.0890694782 -0.0124433674 -0.0164175462
  vertex 0.0903444961 -0.012299682 -0.0164175462
  endloop
 endfacet

 facet normal 0.245333195 -0.967581749 -0.0599759594
  outer loop
  vertex 0.0903444961 -0.012299682 -0.0164175462
  vertex 0.0903444961 -0.0122206565 -0.0176924486
  vertex 0.0916195139 -0.0119763976 -0.0164175462
  endloop
 endfacet

 facet normal 0.111772195 -0.991830409 -0.0614790209
  outer loop
  vertex 0.0903444961 -0.012299682 -0.0164175462
  vertex 0.0890694782 -0.0124433674 -0.0164175462
  vertex 0.0903444961 -0.0122206565 -0.0176924486
  endloop
 endfacet

 facet normal 0.361148238 -0.930383623 -0.0629147291
  outer loop
  vertex 0.0916195139 -0.0119763976 -0.0164175462
  vertex 0.0916195139 -0.011890186 -0.0176924486
  vertex 0.0923783258 -0.0115956366 -0.0176924486
  endloop
 endfacet

 facet normal 0.367909521 -0.928039074 -0.0581902191
  outer loop
  vertex 0.0916195139 -0.0119763976 -0.0164175462
  vertex 0.0923783258 -0.0115956366 -0.0176924486
  vertex 0.092471242 -0.0116387401 -0.0164175462
  endloop
 endfacet

 facet normal 0.250362962 -0.965946078 -0.065319553
  outer loop
  vertex 0.0916195139 -0.0119763976 -0.0164175462
  vertex 0.0903444961 -0.0122206565 -0.0176924486
  vertex 0.0916195139 -0.011890186 -0.0176924486
  endloop
 endfacet

 facet normal 0.452833384 -0.889361501 -0.0630718544
  outer loop
  vertex 0.092471242 -0.0116387401 -0.0164175462
  vertex 0.0923783258 -0.0115956366 -0.0176924486
  vertex 0.0931061655 -0.0113154566 -0.0164175462
  endloop
 endfacet

 facet normal 0.457740247 -0.886597037 -0.0664807111
  outer loop
  vertex 0.0931061655 -0.0113154566 -0.0164175462
  vertex 0.0923783258 -0.0115956366 -0.0176924486
  vertex 0.0930184126 -0.0112651661 -0.0176924486
  endloop
 endfacet

 facet normal 0.542755067 -0.836937547 -0.0703736022
  outer loop
  vertex 0.0931061655 -0.0113154566 -0.0164175462
  vertex 0.0930184126 -0.0112651661 -0.0176924486
  vertex 0.0940043554 -0.0106257796 -0.0176924486
  endloop
 endfacet

 facet normal 0.54667604 -0.834706962 -0.0664045811
  outer loop
  vertex 0.0931061655 -0.0113154566 -0.0164175462
  vertex 0.0940043554 -0.0106257796 -0.0176924486
  vertex 0.0940714628 -0.0106832534 -0.0164175462
  endloop
 endfacet

 facet normal 0.619453371 -0.782094657 -0.0678635836
  outer loop
  vertex 0.0940714628 -0.0106832534 -0.0164175462
  vertex 0.0940043554 -0.0106257796 -0.0176924486
  vertex 0.0946392864 -0.0101228897 -0.0176924486
  endloop
 endfacet

 facet normal 0.619455814 -0.782092988 -0.0678617954
  outer loop
  vertex 0.0940714628 -0.0106832534 -0.0164175462
  vertex 0.0946392864 -0.0101228897 -0.0176924486
  vertex 0.0947063863 -0.0101803625 -0.0164175462
  endloop
 endfacet

 facet normal 0.731094182 -0.678770363 -0.069079943
  outer loop
  vertex 0.0947063863 -0.0101803625 -0.0164175462
  vertex 0.0946392864 -0.0101228897 -0.0176924486
  vertex 0.0952329114 -0.00948350038 -0.0176924486
  endloop
 endfacet

 facet normal 0.708855212 -0.658123076 -0.253768176
  outer loop
  vertex 0.0952329114 -0.00948350038 -0.0176924486
  vertex 0.0946392864 -0.0101228897 -0.0176924486
  vertex 0.0950574055 -0.00928234495 -0.0187043678
  endloop
 endfacet

 facet normal 0.754810631 -0.605873704 -0.251352221
  outer loop
  vertex 0.0952329114 -0.00948350038 -0.0176924486
  vertex 0.0950574055 -0.00928234495 -0.0187043678
  vertex 0.0958729982 -0.00868606381 -0.0176924486
  endloop
 endfacet

 facet normal 0.778110504 -0.624576151 -0.0666995719
  outer loop
  vertex 0.0952329114 -0.00948350038 -0.0176924486
  vertex 0.0958729982 -0.00868606381 -0.0176924486
  vertex 0.0959246233 -0.00875790231 -0.0164175462
  endloop
 endfacet

 facet normal 0.835466862 -0.545733094 -0.064579241
  outer loop
  vertex 0.0959246233 -0.00875790231 -0.0164175462
  vertex 0.0958729982 -0.00868606381 -0.0176924486
  vertex 0.0962859616 -0.0080538569 -0.0176924486
  endloop
 endfacet

 facet normal 0.887851655 -0.422169864 -0.183008671
  outer loop
  vertex 0.0962859616 -0.0080538569 -0.0176924486
  vertex 0.0961878896 -0.00789580587 -0.0185328573
  vertex 0.0967505425 -0.00707681617 -0.0176924486
  endloop
 endfacet

 facet normal 0.820869148 -0.536197782 -0.196636304
  outer loop
  vertex 0.0962859616 -0.0080538569 -0.0176924486
  vertex 0.0958729982 -0.00868606381 -0.0176924486
  vertex 0.0961878896 -0.00789580587 -0.0185328573
  endloop
 endfacet

 facet normal 0.901705146 -0.300939739 -0.310424209
  outer loop
  vertex 0.0967505425 -0.00707681617 -0.0176924486
  vertex 0.0961878896 -0.00789580587 -0.0185328573
  vertex 0.0963375866 -0.00700497534 -0.0189616363
  endloop
 endfacet

 facet normal 0.906288266 -0.286133677 -0.311077386
  outer loop
  vertex 0.0967505425 -0.00707681617 -0.0176924486
  vertex 0.0963375866 -0.00700497534 -0.0189616363
  vertex 0.0967144072 -0.00580522371 -0.0189673509
  endloop
 endfacet

 facet normal 0.913235188 -0.275238961 -0.300407857
  outer loop
  vertex 0.0967505425 -0.00707681617 -0.0176924486
  vertex 0.0967144072 -0.00580522371 -0.0189673509
  vertex 0.0971944705 -0.00569746178 -0.0176066943
  endloop
 endfacet

 facet normal 0.918376386 -0.253371239 -0.303953707
  outer loop
  vertex 0.0971944705 -0.00569746178 -0.0176066943
  vertex 0.0967144072 -0.00580522371 -0.0189673509
  vertex 0.0973132029 -0.00482818112 -0.017972583
  endloop
 endfacet

 facet normal 0.970095038 -0.193934828 -0.145962656
  outer loop
  vertex 0.0971944705 -0.00569746178 -0.0176066943
  vertex 0.0973132029 -0.00482818112 -0.017972583
  vertex 0.0973648205 -0.00520894025 -0.0171236023
  endloop
 endfacet

 facet normal 0.984557807 -0.129404366 -0.117900774
  outer loop
  vertex 0.0973648205 -0.00520894025 -0.0171236023
  vertex 0.0973132029 -0.00482818112 -0.017972583
  vertex 0.0974061191 -0.00445460621 -0.0176066943
  endloop
 endfacet

 facet normal 0.994190395 -0.0911188573 -0.0572954863
  outer loop
  vertex 0.0973648205 -0.00520894025 -0.0171236023
  vertex 0.0974061191 -0.00445460621 -0.0176066943
  vertex 0.0974680632 -0.0045264489 -0.0164175462
  endloop
 endfacet

 facet normal 0.990370452 -0.137968808 -0.0114505691
  outer loop
  vertex 0.0973648205 -0.00520894025 -0.0171236023
  vertex 0.0974680632 -0.0045264489 -0.0164175462
  vertex 0.0973699838 -0.00523049245 -0.0164175462
  endloop
 endfacet

 facet normal 0.996059597 -0.068736881 -0.0560406409
  outer loop
  vertex 0.0974680632 -0.0045264489 -0.0164175462
  vertex 0.0974061191 -0.00445460621 -0.0176066943
  vertex 0.0975558162 -0.00325485668 -0.0164175462
  endloop
 endfacet

 facet normal 0.99609077 -0.0603281446 -0.064528279
  outer loop
  vertex 0.0975558162 -0.00325485668 -0.0164175462
  vertex 0.0974061191 -0.00445460621 -0.0176066943
  vertex 0.0974732265 -0.00325485668 -0.0176924486
  endloop
 endfacet

 facet normal 0.997885644 -0.00673875678 -0.0646445602
  outer loop
  vertex 0.0975558162 -0.00325485668 -0.0164175462
  vertex 0.0974732265 -0.00325485668 -0.0176924486
  vertex 0.0980616957 0.0349934809 -0.0125956936
  endloop
 endfacet

 facet normal 0.998639762 -0.00806070305 -0.0515145957
  outer loop
  vertex 0.0975558162 -0.00325485668 -0.0164175462
  vertex 0.0980616957 0.0349934809 -0.0125956936
  vertex 0.0980513692 0.0337147042 -0.0125956936
  endloop
 endfacet

 facet normal 0.99988699 -0.0125477565 -0.0082721319
  outer loop
  vertex 0.0975558162 -0.00325485668 -0.0164175462
  vertex 0.0980513692 0.0337147042 -0.0125956936
  vertex 0.0980565324 0.0324431136 -0.0100430297
  endloop
 endfacet

 facet normal 0.99989301 -0.0121928183 -0.00809533428
  outer loop
  vertex 0.0980565324 0.0324431136 -0.0100430297
  vertex 0.0980513692 0.0337147042 -0.0125956936
  vertex 0.0980616957 0.0337147042 -0.0113207912
  endloop
 endfacet

 facet normal 0.999934614 -0.00807115342 -0.00809567142
  outer loop
  vertex 0.0980616957 0.0337147042 -0.0113207912
  vertex 0.0980513692 0.0337147042 -0.0125956936
  vertex 0.0980616957 0.0349934809 -0.0125956936
  endloop
 endfacet

 facet normal 0.999589324 0.0202908628 0.0202381313
  outer loop
  vertex 0.0980616957 0.0426445864 -0.00239646807
  vertex 0.0980616957 0.043916177 -0.00367137138
  vertex 0.0980358794 0.043916177 -0.00239646807
  endloop
 endfacet

 facet normal -0.0220254492 0.0681080595 -0.997434914
  outer loop
  vertex 0.0521921106 0.0566608347 -0.0209225845
  vertex 0.0526825003 0.0573217757 -0.020888282
  vertex 0.0533793718 0.0566680171 -0.0209483113
  endloop
 endfacet

 facet normal -0.0206656475 0.0695510432 -0.997364283
  outer loop
  vertex 0.0533793718 0.0566680171 -0.0209483113
  vertex 0.0526825003 0.0573217757 -0.020888282
  vertex 0.0533793718 0.057364881 -0.0208997168
  endloop
 endfacet

 facet normal -0.0113425897 0.0695614368 -0.997513235
  outer loop
  vertex 0.0533793718 0.0566680171 -0.0209483113
  vertex 0.0533793718 0.057364881 -0.0208997168
  vertex 0.0546492264 0.0574079864 -0.0209111497
  endloop
 endfacet

 facet normal -0.00898406282 0.0655288994 -0.997810304
  outer loop
  vertex 0.0533793718 0.0566680171 -0.0209483113
  vertex 0.0546492264 0.0574079864 -0.0209111497
  vertex 0.0546492264 0.0566680171 -0.0209597461
  endloop
 endfacet

 facet normal -0.00296445144 0.0655312464 -0.997846127
  outer loop
  vertex 0.0546492264 0.0566680171 -0.0209597461
  vertex 0.0546492264 0.0574079864 -0.0209111497
  vertex 0.0559294038 0.0574223511 -0.0209140088
  endloop
 endfacet

 facet normal -0.00222779787 0.0642860979 -0.997929037
  outer loop
  vertex 0.0546492264 0.0566680171 -0.0209597461
  vertex 0.0559294038 0.0574223511 -0.0209140088
  vertex 0.0559294038 0.0566680171 -0.0209626034
  endloop
 endfacet

 facet normal 0.00900303479 0.00900184177 -0.999918938
  outer loop
  vertex 0.0903496519 0.0553964265 -0.0209826138
  vertex 0.0916195139 0.0553964265 -0.0209711809
  vertex 0.0928996876 0.0528460555 -0.0209826138
  endloop
 endfacet

 facet normal 0.00225010002 0.0202459879 -0.999792516
  outer loop
  vertex 0.0903496519 0.0553964265 -0.0209826138
  vertex 0.0877996236 0.0566680171 -0.0209626034
  vertex 0.0890694782 0.0566680171 -0.0209597461
  endloop
 endfacet

 facet normal 0.00900010858 0.0270379968 -0.999593854
  outer loop
  vertex 0.0903496519 0.0553964265 -0.0209826138
  vertex 0.0890694782 0.0566680171 -0.0209597461
  vertex 0.0916195139 0.0553964265 -0.0209711809
  endloop
 endfacet

 facet normal 0 0.0642862692 -0.9979316
  outer loop
  vertex 0.0559294038 0.0566680171 -0.0209626034
  vertex 0.0559294038 0.0574223511 -0.0209140088
  vertex 0.0877996236 0.0574223511 -0.0209140088
  endloop
 endfacet

 facet normal 0 0.0642862692 -0.9979316
  outer loop
  vertex 0.0559294038 0.0566680171 -0.0209626034
  vertex 0.0877996236 0.0574223511 -0.0209140088
  vertex 0.0877996236 0.0566680171 -0.0209626034
  endloop
 endfacet

 facet normal 0.0397911035 -0.0448105 -0.998202741
  outer loop
  vertex 0.0916195139 -0.00707681617 -0.0209740382
  vertex 0.0928790346 -0.00704089459 -0.0209254436
  vertex 0.0924505889 -0.00786707178 -0.0209054332
  endloop
 endfacet

 facet normal 0.0382061228 -0.0464761332 -0.998188496
  outer loop
  vertex 0.0916195139 -0.00707681617 -0.0209740382
  vertex 0.0924505889 -0.00786707178 -0.0209054332
  vertex 0.0915265903 -0.00831967127 -0.0209197272
  endloop
 endfacet

 facet normal 0.0276719853 -0.045705311 -0.998571634
  outer loop
  vertex 0.0916195139 -0.00707681617 -0.0209740382
  vertex 0.0915265903 -0.00831967127 -0.0209197272
  vertex 0.0903444961 -0.00834840629 -0.0209511705
  endloop
 endfacet

 facet normal 0.0134438537 -0.0314540081 -0.999414861
  outer loop
  vertex 0.0916195139 -0.00707681617 -0.0209740382
  vertex 0.0903444961 -0.00834840629 -0.0209511705
  vertex 0.0890694782 -0.00834840629 -0.0209683217
  endloop
 endfacet

 facet normal 0.0111572696 -0.00894005038 -0.999897838
  outer loop
  vertex 0.0916195139 -0.00707681617 -0.0209740382
  vertex 0.0928945243 -0.0045264489 -0.0209826138
  vertex 0.0928945243 -0.00580522371 -0.0209711809
  endloop
 endfacet

 facet normal 0.0395933464 -0.0374558084 -0.998513639
  outer loop
  vertex 0.0916195139 -0.00707681617 -0.0209740382
  vertex 0.0928945243 -0.00580522371 -0.0209711809
  vertex 0.0928790346 -0.00704089459 -0.0209254436
  endloop
 endfacet

 facet normal 0.0134220934 -0.0649663955 -0.997797191
  outer loop
  vertex 0.0890694782 -0.00834840629 -0.0209683217
  vertex 0.0903444961 -0.00834840629 -0.0209511705
  vertex 0.0890694782 -0.00913866423 -0.020916868
  endloop
 endfacet

 facet normal 0.00333643705 -0.0649718717 -0.997881532
  outer loop
  vertex 0.0890694782 -0.00834840629 -0.0209683217
  vertex 0.0890694782 -0.00913866423 -0.020916868
  vertex 0.0877944604 -0.00916021597 -0.0209197272
  endloop
 endfacet

 facet normal 0.00223845057 -0.0632541925 -0.997995019
  outer loop
  vertex 0.0890694782 -0.00834840629 -0.0209683217
  vertex 0.0877944604 -0.00916021597 -0.0209197272
  vertex 0.0877944604 -0.00834840629 -0.0209711809
  endloop
 endfacet

 facet normal 0.0452874824 -0.000103247141 -0.998974025
  outer loop
  vertex 0.0928945243 -0.0045264489 -0.0209826138
  vertex 0.0940353274 0.0256756563 -0.0209340192
  vertex 0.0940353274 -0.00197607977 -0.0209311601
  endloop
 endfacet

 facet normal 0.0454665162 -0.000183495358 -0.998965859
  outer loop
  vertex 0.0928945243 -0.0045264489 -0.0209826138
  vertex 0.0940353274 -0.00197607977 -0.0209311601
  vertex 0.0940301716 -0.00325485668 -0.0209311601
  endloop
 endfacet

 facet normal 0.0488030873 -0.00316991447 -0.998803377
  outer loop
  vertex 0.0928945243 -0.0045264489 -0.0209826138
  vertex 0.0940301716 -0.00325485668 -0.0209311601
  vertex 0.0939475745 -0.0045264489 -0.0209311601
  endloop
 endfacet

 facet normal 0.0488013886 -0.00892995298 -0.998768568
  outer loop
  vertex 0.0928945243 -0.0045264489 -0.0209826138
  vertex 0.0939475745 -0.0045264489 -0.0209311601
  vertex 0.0928945243 -0.00580522371 -0.0209711809
  endloop
 endfacet

 facet normal 0.0426936112 -5.08711219e-06 -0.999088228
  outer loop
  vertex 0.0928945243 -0.0045264489 -0.0209826138
  vertex 0.0928996876 0.0387867056 -0.0209826138
  vertex 0.0940353274 0.0256756563 -0.0209340192
  endloop
 endfacet

 facet normal 0 -0.23877874 -0.971074045
  outer loop
  vertex 0.0559294038 -0.00916021597 -0.0209197272
  vertex 0.0877944604 -0.00916021597 -0.0209197272
  vertex 0.0877944604 -0.00979960524 -0.0207625069
  endloop
 endfacet

 facet normal 0 -0.23877874 -0.971074045
  outer loop
  vertex 0.0559294038 -0.00916021597 -0.0209197272
  vertex 0.0877944604 -0.00979960524 -0.0207625069
  vertex 0.0559294038 -0.00979960524 -0.0207625069
  endloop
 endfacet

 facet normal -0.00486901868 -0.238775894 -0.971062541
  outer loop
  vertex 0.0559294038 -0.00916021597 -0.0209197272
  vertex 0.0559294038 -0.00979960524 -0.0207625069
  vertex 0.0546543859 -0.00914584659 -0.020916868
  endloop
 endfacet

 facet normal -0.00930014066 -0.246928304 -0.968989134
  outer loop
  vertex 0.0546543859 -0.00914584659 -0.020916868
  vertex 0.0559294038 -0.00979960524 -0.0207625069
  vertex 0.0546543859 -0.00978523586 -0.0207539313
  endloop
 endfacet

 facet normal -0.0111902831 -0.464455664 -0.885525644
  outer loop
  vertex 0.0546543859 -0.00978523586 -0.0207539313
  vertex 0.0559294038 -0.00979960524 -0.0207625069
  vertex 0.0559294038 -0.0109059606 -0.0201822259
  endloop
 endfacet

 facet normal -0.0178041365 -0.470338047 -0.882306755
  outer loop
  vertex 0.0546543859 -0.00978523586 -0.0207539313
  vertex 0.0559294038 -0.0109059606 -0.0201822259
  vertex 0.0546543859 -0.0109059606 -0.020156499
  endloop
 endfacet

 facet normal -0.016139634 -0.600022674 -0.799820185
  outer loop
  vertex 0.0546543859 -0.0109059606 -0.020156499
  vertex 0.0559294038 -0.0109059606 -0.0201822259
  vertex 0.0559294038 -0.0115956366 -0.0196648333
  endloop
 endfacet

 facet normal -0.0193118658 -0.603804469 -0.796898544
  outer loop
  vertex 0.0546543859 -0.0109059606 -0.020156499
  vertex 0.0559294038 -0.0115956366 -0.0196648333
  vertex 0.0546543859 -0.0115812672 -0.0196448229
  endloop
 endfacet

 facet normal -0.0175763201 -0.867657602 -0.496851534
  outer loop
  vertex 0.0546543859 -0.0115812672 -0.0196448229
  vertex 0.0559294038 -0.0115956366 -0.0196648333
  vertex 0.0546543859 -0.0119692115 -0.0189673509
  endloop
 endfacet

 facet normal -0.0147057055 -0.86998862 -0.492852449
  outer loop
  vertex 0.0546543859 -0.0119692115 -0.0189673509
  vertex 0.0559294038 -0.0115956366 -0.0196648333
  vertex 0.0559294038 -0.0119907632 -0.0189673509
  endloop
 endfacet

 facet normal -0.0160380006 -0.94880712 -0.315448821
  outer loop
  vertex 0.0546543859 -0.0119692115 -0.0189673509
  vertex 0.0559294038 -0.0119907632 -0.0189673509
  vertex 0.0559294038 -0.0124146286 -0.0176924486
  endloop
 endfacet

 facet normal -0.0160380006 -0.94880712 -0.315448821
  outer loop
  vertex 0.0546543859 -0.0119692115 -0.0189673509
  vertex 0.0559294038 -0.0124146286 -0.0176924486
  vertex 0.0546543859 -0.0123930769 -0.0176924486
  endloop
 endfacet

 facet normal -0.833829999 0.552011788 0.00324498257
  outer loop
  vertex 0.0472675562 0.0565961748 0.00142824184
  vertex 0.0476908423 0.0572355613 0.00142824184
  vertex 0.047685679 0.0572427511 -0.00112156477
  endloop
 endfacet

 facet normal -0.725778699 0.687928259 0
  outer loop
  vertex 0.047685679 0.0572427511 -0.0151455002
  vertex 0.047685679 0.0572427511 -0.00112156477
  vertex 0.0483257659 0.0579180568 0.000153338522
  endloop
 endfacet

 facet normal -0.725778699 0.687928259 0
  outer loop
  vertex 0.047685679 0.0572427511 -0.0151455002
  vertex 0.0483257659 0.0579180568 0.000153338522
  vertex 0.0483257659 0.0579180568 -0.0151455002
  endloop
 endfacet

 facet normal -0.725720286 0.687872887 -0.012690953
  outer loop
  vertex 0.047685679 0.0572427511 -0.0151455002
  vertex 0.0483257659 0.0579180568 -0.0151455002
  vertex 0.0483412556 0.0579108745 -0.0164204054
  endloop
 endfacet

 facet normal -0.723979712 0.689704776 -0.012680131
  outer loop
  vertex 0.0483412556 0.0579108745 -0.0164204054
  vertex 0.0483257659 0.0579180568 -0.0151455002
  vertex 0.0489503704 0.058550261 -0.0164204054
  endloop
 endfacet

 facet normal -0.722589731 0.688380539 -0.0632173792
  outer loop
  vertex 0.0483412556 0.0579108745 -0.0164204054
  vertex 0.0489503704 0.058550261 -0.0164204054
  vertex 0.0483980365 0.057853397 -0.0176953077
  endloop
 endfacet

 facet normal -0.719545126 0.69129014 -0.066126816
  outer loop
  vertex 0.0483980365 0.057853397 -0.0176953077
  vertex 0.0489503704 0.058550261 -0.0164204054
  vertex 0.0490123145 0.0584927835 -0.0176953077
  endloop
 endfacet

 facet normal -0.605411947 0.793239117 -0.0651775748
  outer loop
  vertex 0.0490123145 0.0584927835 -0.0176953077
  vertex 0.0489503704 0.058550261 -0.0164204054
  vertex 0.0496524014 0.0589813106 -0.0176953077
  endloop
 endfacet

 facet normal -0.584908724 0.766374826 -0.265615523
  outer loop
  vertex 0.0490123145 0.0584927835 -0.0176953077
  vertex 0.0496524014 0.0589813106 -0.0176953077
  vertex 0.0498795323 0.058808893 -0.018692933
  endloop
 endfacet

 facet normal -0.498240143 0.828208148 -0.25657022
  outer loop
  vertex 0.0498795323 0.058808893 -0.018692933
  vertex 0.0496524014 0.0589813106 -0.0176953077
  vertex 0.0514539443 0.0598649606 -0.0183413364
  endloop
 endfacet

 facet normal -0.433077574 0.790080488 -0.433839381
  outer loop
  vertex 0.0498795323 0.058808893 -0.018692933
  vertex 0.0514539443 0.0598649606 -0.0183413364
  vertex 0.0508654751 0.059211202 -0.0189444851
  endloop
 endfacet

 facet normal -0.433494508 0.777611196 -0.455415577
  outer loop
  vertex 0.0498795323 0.058808893 -0.018692933
  vertex 0.0508654751 0.059211202 -0.0189444851
  vertex 0.0502718426 0.0585287064 -0.0195447747
  endloop
 endfacet

 facet normal -0.545390248 0.688724041 -0.477712005
  outer loop
  vertex 0.0498795323 0.058808893 -0.018692933
  vertex 0.0502718426 0.0585287064 -0.0195447747
  vertex 0.0494923815 0.0582485236 -0.0190588254
  endloop
 endfacet

 facet normal -0.354014486 0.772106409 -0.527755141
  outer loop
  vertex 0.0502718426 0.0585287064 -0.0195447747
  vertex 0.0508654751 0.059211202 -0.0189444851
  vertex 0.0511184148 0.0587585978 -0.0197763145
  endloop
 endfacet

 facet normal -0.347641379 0.775178254 -0.52748853
  outer loop
  vertex 0.0511184148 0.0587585978 -0.0197763145
  vertex 0.0508654751 0.059211202 -0.0189444851
  vertex 0.0520991944 0.0595991462 -0.0191874597
  endloop
 endfacet

 facet normal -0.263608217 0.740594566 -0.61808604
  outer loop
  vertex 0.0511184148 0.0587585978 -0.0197763145
  vertex 0.0520991944 0.0595991462 -0.0191874597
  vertex 0.0520991944 0.0589669421 -0.0199449677
  endloop
 endfacet

 facet normal -0.226124734 0.747864068 -0.624153078
  outer loop
  vertex 0.0520991944 0.0589669421 -0.0199449677
  vertex 0.0520991944 0.0595991462 -0.0191874597
  vertex 0.0533793718 0.0597571954 -0.0194618776
  endloop
 endfacet

 facet normal -0.139233753 0.670840383 -0.728414237
  outer loop
  vertex 0.0520991944 0.0589669421 -0.0199449677
  vertex 0.0533793718 0.0597571954 -0.0194618776
  vertex 0.0533793718 0.0591178052 -0.0200507324
  endloop
 endfacet

 facet normal -0.129306704 0.494828194 -0.859316528
  outer loop
  vertex 0.0520991944 0.0589669421 -0.0199449677
  vertex 0.0533793718 0.0591178052 -0.0200507324
  vertex 0.0521921106 0.0578246601 -0.0206167214
  endloop
 endfacet

 facet normal -0.11526601 0.38261646 -0.916688859
  outer loop
  vertex 0.0521921106 0.0578246601 -0.0206167214
  vertex 0.0533793718 0.0580042675 -0.0206910446
  vertex 0.0526825003 0.0573217757 -0.020888282
  endloop
 endfacet

 facet normal -0.128600925 0.494347572 -0.859698951
  outer loop
  vertex 0.0521921106 0.0578246601 -0.0206167214
  vertex 0.0533793718 0.0591178052 -0.0200507324
  vertex 0.0533793718 0.0580042675 -0.0206910446
  endloop
 endfacet

 facet normal -0.0362215973 0.311413109 -0.949584007
  outer loop
  vertex 0.0526825003 0.0573217757 -0.020888282
  vertex 0.0533793718 0.0580042675 -0.0206910446
  vertex 0.0546492264 0.0580473691 -0.0207253471
  endloop
 endfacet

 facet normal -0.0346140303 0.307365209 -0.950961828
  outer loop
  vertex 0.0526825003 0.0573217757 -0.020888282
  vertex 0.0546492264 0.0580473691 -0.0207253471
  vertex 0.0533793718 0.057364881 -0.0208997168
  endloop
 endfacet

 facet normal 0 -0.948929191 -0.315489382
  outer loop
  vertex 0.0559294038 -0.0124146286 -0.0176924486
  vertex 0.0559294038 -0.0119907632 -0.0189673509
  vertex 0.0877944604 -0.0119907632 -0.0189673509
  endloop
 endfacet

 facet normal 0 -0.948929191 -0.315489382
  outer loop
  vertex 0.0559294038 -0.0124146286 -0.0176924486
  vertex 0.0877944604 -0.0119907632 -0.0189673509
  vertex 0.0877944604 -0.0124146286 -0.0176924486
  endloop
 endfacet

 facet normal 0 -0.998084426 -0.061866682
  outer loop
  vertex 0.0559294038 -0.0124146286 -0.0176924486
  vertex 0.0877944604 -0.0124146286 -0.0176924486
  vertex 0.0877944604 -0.0124936542 -0.0164175462
  endloop
 endfacet

 facet normal 0 -0.998084426 -0.061866682
  outer loop
  vertex 0.0559294038 -0.0124146286 -0.0176924486
  vertex 0.0877944604 -0.0124936542 -0.0164175462
  vertex 0.0559294038 -0.0124936542 -0.0164175462
  endloop
 endfacet

 facet normal 0 0.631141305 0.775667906
  outer loop
  vertex 0.0559294038 0.058866363 0.00735111022
  vertex 0.0877996236 0.058866363 0.00735111022
  vertex 0.0877996236 0.0595057495 0.00683085853
  endloop
 endfacet

 facet normal 0 0.631141305 0.775667906
  outer loop
  vertex 0.0559294038 0.058866363 0.00735111022
  vertex 0.0877996236 0.0595057495 0.00683085853
  vertex 0.0559294038 0.0595057495 0.00683085853
  endloop
 endfacet

 facet normal -0.0122774169 0.63109374 0.775609434
  outer loop
  vertex 0.0559294038 0.058866363 0.00735111022
  vertex 0.0559294038 0.0595057495 0.00683085853
  vertex 0.0546492264 0.0588519983 0.00734253461
  endloop
 endfacet

 facet normal -0.0191889592 0.639260173 0.768751144
  outer loop
  vertex 0.0546492264 0.0588519983 0.00734253461
  vertex 0.0559294038 0.0595057495 0.00683085853
  vertex 0.0546492264 0.059491381 0.00681084953
  endloop
 endfacet

 facet normal -0.0496486984 0.638589323 0.767944515
  outer loop
  vertex 0.0546492264 0.0588519983 0.00734253461
  vertex 0.0546492264 0.059491381 0.00681084953
  vertex 0.0533793718 0.0587945208 0.0073082326
  endloop
 endfacet

 facet normal -0.0822459608 0.673915863 0.734215915
  outer loop
  vertex 0.0533793718 0.0587945208 0.0073082326
  vertex 0.0546492264 0.059491381 0.00681084953
  vertex 0.0533793718 0.0594267212 0.00672795158
  endloop
 endfacet

 facet normal -0.121469259 0.671199679 0.731256664
  outer loop
  vertex 0.0533793718 0.0587945208 0.0073082326
  vertex 0.0533793718 0.0594267212 0.00672795158
  vertex 0.0524450503 0.0586939454 0.00724534551
  endloop
 endfacet

 facet normal -0.186739281 0.714313209 0.674451649
  outer loop
  vertex 0.0524450503 0.0586939454 0.00724534551
  vertex 0.0533793718 0.0594267212 0.00672795158
  vertex 0.0525637753 0.0599152483 0.00598473428
  endloop
 endfacet

 facet normal -0.22531718 0.710266948 0.666898131
  outer loop
  vertex 0.0524450503 0.0586939454 0.00724534551
  vertex 0.0525637753 0.0599152483 0.00598473428
  vertex 0.0520733856 0.0592255667 0.00655358192
  endloop
 endfacet

 facet normal -0.244498923 0.700921535 0.670021951
  outer loop
  vertex 0.0524450503 0.0586939454 0.00724534551
  vertex 0.0520733856 0.0592255667 0.00655358192
  vertex 0.0515933186 0.058514338 0.00712242862
  endloop
 endfacet

 facet normal -0.301152319 0.711265922 0.635144114
  outer loop
  vertex 0.0515933186 0.058514338 0.00712242862
  vertex 0.0520733856 0.0592255667 0.00655358192
  vertex 0.0508241765 0.0589238331 0.00629917206
  endloop
 endfacet

 facet normal -0.351700872 0.66466248 0.659189105
  outer loop
  vertex 0.0515933186 0.058514338 0.00712242862
  vertex 0.0508241765 0.0589238331 0.00629917206
  vertex 0.0508241765 0.058291629 0.00693662418
  endloop
 endfacet

 facet normal -0.375381649 0.658100367 0.652681053
  outer loop
  vertex 0.0508241765 0.058291629 0.00693662418
  vertex 0.0508241765 0.0589238331 0.00629917206
  vertex 0.0500189066 0.0587083101 0.00605333922
  endloop
 endfacet

 facet normal -0.433404654 0.595772862 0.676176906
  outer loop
  vertex 0.0508241765 0.058291629 0.00693662418
  vertex 0.0500189066 0.0587083101 0.00605333922
  vertex 0.0496111065 0.05788932 0.00651356205
  endloop
 endfacet

 facet normal -0.362922847 0.787074685 0.498799145
  outer loop
  vertex 0.0500189066 0.0587083101 0.00605333922
  vertex 0.0508241765 0.0589238331 0.00629917206
  vertex 0.0517120436 0.0597643815 0.00561884325
  endloop
 endfacet

 facet normal -0.416931957 0.825214088 0.381037444
  outer loop
  vertex 0.0500189066 0.0587083101 0.00605333922
  vertex 0.0517120436 0.0597643815 0.00561884325
  vertex 0.0508912839 0.0595344864 0.00521864928
  endloop
 endfacet

 facet normal -0.465906024 0.822233081 0.326901287
  outer loop
  vertex 0.0500189066 0.0587083101 0.00605333922
  vertex 0.0508912839 0.0595344864 0.00521864928
  vertex 0.0497762933 0.0588879175 0.00525580952
  endloop
 endfacet

 facet normal -0.575303435 0.742867231 0.34230718
  outer loop
  vertex 0.0500189066 0.0587083101 0.00605333922
  vertex 0.0497762933 0.0588879175 0.00525580952
  vertex 0.0491362028 0.0583922118 0.00525580952
  endloop
 endfacet

 facet normal -0.604223549 0.780210614 0.161818415
  outer loop
  vertex 0.0491362028 0.0583922118 0.00525580952
  vertex 0.0497762933 0.0588879175 0.00525580952
  vertex 0.0489710197 0.0585287064 0.00398090621
  endloop
 endfacet

 facet normal -0.694228292 0.700597286 0.164956331
  outer loop
  vertex 0.0491362028 0.0583922118 0.00525580952
  vertex 0.0489710197 0.0585287064 0.00398090621
  vertex 0.0484909527 0.0577528253 0.00525580952
  endloop
 endfacet

 facet normal -0.712051392 0.686050177 0.149391919
  outer loop
  vertex 0.0484909527 0.0577528253 0.00525580952
  vertex 0.0489710197 0.0585287064 0.00398090621
  vertex 0.0483619012 0.0578965023 0.00398090621
  endloop
 endfacet

 facet normal -0.729266882 0.683952153 0.0194778666
  outer loop
  vertex 0.0477011651 0.057228379 0.00270314515
  vertex 0.0483619012 0.0578965023 0.00398090621
  vertex 0.0483412556 0.0579108745 0.00270314515
  endloop
 endfacet

 facet normal -0.729370534 0.684049368 0.0097601125
  outer loop
  vertex 0.0477011651 0.057228379 0.00270314515
  vertex 0.0483412556 0.0579108745 0.00270314515
  vertex 0.0476908423 0.0572355613 0.00142824184
  endloop
 endfacet

 facet normal -0.726207674 0.687446177 0.00634724041
  outer loop
  vertex 0.0476908423 0.0572355613 0.00142824184
  vertex 0.0483412556 0.0579108745 0.00270314515
  vertex 0.0483257659 0.0579180568 0.000153338522
  endloop
 endfacet

 facet normal -0.728977382 0.684529305 0.00340637146
  outer loop
  vertex 0.0476908423 0.0572355613 0.00142824184
  vertex 0.0483257659 0.0579180568 0.000153338522
  vertex 0.047685679 0.0572427511 -0.00112156477
  endloop
 endfacet

 facet normal -0.719936609 0.693647444 0.0233364627
  outer loop
  vertex 0.0483619012 0.0578965023 0.00398090621
  vertex 0.0489710197 0.0585287064 0.00398090621
  vertex 0.0489503704 0.058550261 0.00270314515
  endloop
 endfacet

 facet normal -0.723900914 0.689629614 0.0194550175
  outer loop
  vertex 0.0483619012 0.0578965023 0.00398090621
  vertex 0.0489503704 0.058550261 0.00270314515
  vertex 0.0483412556 0.0579108745 0.00270314515
  endloop
 endfacet

 facet normal 0.234716192 0.171047196 0.956896722
  outer loop
  vertex 0.0928996876 0.0553964265 0.00783991907
  vertex 0.0941695422 0.0541176498 0.00775702158
  vertex 0.0942831039 0.0554970019 0.00748260319
  endloop
 endfacet

 facet normal 0.234131902 0.176241919 0.956096828
  outer loop
  vertex 0.0928996876 0.0553964265 0.00783991907
  vertex 0.0942831039 0.0554970019 0.00748260319
  vertex 0.0928996876 0.0566680171 0.00760552008
  endloop
 endfacet

 facet normal 0.158280909 0.17899543 0.971034408
  outer loop
  vertex 0.0928996876 0.0553964265 0.00783991907
  vertex 0.0928996876 0.0566680171 0.00760552008
  vertex 0.0916195139 0.0566680171 0.00781419221
  endloop
 endfacet

 facet normal 0.154605076 0.276542693 0.948483706
  outer loop
  vertex 0.0916195139 0.0566680171 0.00781419221
  vertex 0.0928996876 0.0566680171 0.00760552008
  vertex 0.0916143507 0.0580042675 0.00742543256
  endloop
 endfacet

 facet normal 0.136304289 0.27722919 0.951086283
  outer loop
  vertex 0.0916195139 0.0566680171 0.00781419221
  vertex 0.0916143507 0.0580042675 0.00742543256
  vertex 0.0903496519 0.0579396077 0.00762552908
  endloop
 endfacet

 facet normal 0.12634334 0.373154223 0.919126391
  outer loop
  vertex 0.0903496519 0.0579396077 0.00762552908
  vertex 0.0916143507 0.0580042675 0.00742543256
  vertex 0.0911807418 0.0586580262 0.00721961865
  endloop
 endfacet

 facet normal 0.118631989 0.380866677 0.916988015
  outer loop
  vertex 0.0903496519 0.0579396077 0.00762552908
  vertex 0.0911807418 0.0586580262 0.00721961865
  vertex 0.0903496519 0.0587585978 0.00728536444
  endloop
 endfacet

 facet normal 0.0648737997 0.382767379 0.921564221
  outer loop
  vertex 0.0903496519 0.0579396077 0.00762552908
  vertex 0.0903496519 0.0587585978 0.00728536444
  vertex 0.0890694782 0.0588448048 0.00733967684
  endloop
 endfacet

 facet normal 0.0478182845 0.361653417 0.931085527
  outer loop
  vertex 0.0903496519 0.0579396077 0.00762552908
  vertex 0.0890694782 0.0588448048 0.00733967684
  vertex 0.0890694782 0.0579396077 0.00769127579
  endloop
 endfacet

 facet normal 0.0145374453 0.362029314 0.932053328
  outer loop
  vertex 0.0890694782 0.0579396077 0.00769127579
  vertex 0.0890694782 0.0588448048 0.00733967684
  vertex 0.0877996236 0.058866363 0.00735111022
  endloop
 endfacet

 facet normal 0.0176947992 0.63104254 0.775546491
  outer loop
  vertex 0.0877996236 0.058866363 0.00735111022
  vertex 0.0890694782 0.0588448048 0.00733967684
  vertex 0.0877996236 0.0595057495 0.00683085853
  endloop
 endfacet

 facet normal 0.997873425 0.0651819035 0
  outer loop
  vertex 0.0980616957 0.043916177 -0.00367137138
  vertex 0.0980616957 0.043916177 -0.0113207912
  vertex 0.0974783823 0.0528460555 -0.0151455002
  endloop
 endfacet

 facet normal 0.997873425 0.0651819035 0
  outer loop
  vertex 0.0980616957 0.043916177 -0.00367137138
  vertex 0.0974783823 0.0528460555 -0.0151455002
  vertex 0.0974783823 0.0528460555 0.00142824184
  endloop
 endfacet

 facet normal 0.998060882 0.0619929247 0.00560563803
  outer loop
  vertex 0.0980616957 0.043916177 -0.00367137138
  vertex 0.0974783823 0.0528460555 0.00142824184
  vertex 0.0975506529 0.0515672825 0.00270314515
  endloop
 endfacet

 facet normal 0.997888386 0.0644491613 0.00807909854
  outer loop
  vertex 0.0975506529 0.0515672825 0.00270314515
  vertex 0.0974783823 0.0528460555 0.00142824184
  vertex 0.0974680632 0.0528460555 0.00270314515
  endloop
 endfacet

 facet normal 0.993009686 0.117758863 0.00803959835
  outer loop
  vertex 0.0974680632 0.0528460555 0.00270314515
  vertex 0.0974783823 0.0528460555 0.00142824184
  vertex 0.0973906368 0.0535860211 0.00142824184
  endloop
 endfacet

 facet normal 0.992088795 0.124937639 0.0122621581
  outer loop
  vertex 0.0974680632 0.0528460555 0.00270314515
  vertex 0.0973906368 0.0535860211 0.00142824184
  vertex 0.0973803028 0.0535429157 0.00270314515
  endloop
 endfacet

 facet normal 0.991814733 0.12490312 0.0265139025
  outer loop
  vertex 0.0974680632 0.0528460555 0.00270314515
  vertex 0.0973803028 0.0535429157 0.00270314515
  vertex 0.0974267721 0.0529178977 0.00390944397
  endloop
 endfacet

 facet normal 0.990890443 0.131315559 0.0298719779
  outer loop
  vertex 0.0974267721 0.0529178977 0.00390944397
  vertex 0.0973803028 0.0535429157 0.00270314515
  vertex 0.0973648205 0.0534926318 0.0034377866
  endloop
 endfacet

 facet normal 0.990125179 0.135673374 0.0352826491
  outer loop
  vertex 0.0974267721 0.0529178977 0.00390944397
  vertex 0.0973648205 0.0534926318 0.0034377866
  vertex 0.0973493382 0.0533848666 0.00428676978
  endloop
 endfacet

 facet normal 0.991709232 0.107244417 0.0707906932
  outer loop
  vertex 0.0974267721 0.0529178977 0.00390944397
  vertex 0.0973493382 0.0533848666 0.00428676978
  vertex 0.0974061191 0.0525371395 0.00477557769
  endloop
 endfacet

 facet normal 0.953798711 0.195456132 0.228177667
  outer loop
  vertex 0.0974061191 0.0525371395 0.00477557769
  vertex 0.0973493382 0.0533848666 0.00428676978
  vertex 0.096967347 0.0541176498 0.00525580952
  endloop
 endfacet

 facet normal 0.95071888 0.189326122 0.245538503
  outer loop
  vertex 0.0974061191 0.0525371395 0.00477557769
  vertex 0.096967347 0.0541176498 0.00525580952
  vertex 0.0972151235 0.0529178977 0.00522150751
  endloop
 endfacet

 facet normal 0.880492389 0.169181466 0.442844003
  outer loop
  vertex 0.0972151235 0.0529178977 0.00522150751
  vertex 0.096967347 0.0541176498 0.00525580952
  vertex 0.0964253321 0.0541176498 0.00633347454
  endloop
 endfacet

 facet normal 0.870699525 0.134803563 0.47298035
  outer loop
  vertex 0.0972151235 0.0529178977 0.00522150751
  vertex 0.0964253321 0.0541176498 0.00633347454
  vertex 0.0965492204 0.0528460555 0.0064678262
  endloop
 endfacet

 facet normal 0.751181841 0.141312122 0.64479208
  outer loop
  vertex 0.0965492204 0.0528460555 0.0064678262
  vertex 0.0964253321 0.0541176498 0.00633347454
  vertex 0.0960020572 0.0528460555 0.00710527739
  endloop
 endfacet

 facet normal 0.734581172 0.156242698 0.660286903
  outer loop
  vertex 0.0960020572 0.0528460555 0.00710527739
  vertex 0.0964253321 0.0541176498 0.00633347454
  vertex 0.0958523527 0.0541176498 0.00697092665
  endloop
 endfacet

 facet normal 0.545042396 0.151294097 0.824644744
  outer loop
  vertex 0.0960020572 0.0528460555 0.00710527739
  vertex 0.0958523527 0.0541176498 0.00697092665
  vertex 0.0952122658 0.0541176498 0.00739398832
  endloop
 endfacet

 facet normal 0.541303754 0.190391168 0.818988085
  outer loop
  vertex 0.0952122658 0.0541176498 0.00739398832
  vertex 0.0958523527 0.0541176498 0.00697092665
  vertex 0.0950109437 0.0551449805 0.0072882236
  endloop
 endfacet

 facet normal 0.326130122 0.1598306 0.93171525
  outer loop
  vertex 0.0952122658 0.0541176498 0.00739398832
  vertex 0.0950109437 0.0551449805 0.0072882236
  vertex 0.0942831039 0.0554970019 0.00748260319
  endloop
 endfacet

 facet normal 0.324629664 0.158774614 0.932419658
  outer loop
  vertex 0.0952122658 0.0541176498 0.00739398832
  vertex 0.0942831039 0.0554970019 0.00748260319
  vertex 0.0941695422 0.0541176498 0.00775702158
  endloop
 endfacet

 facet normal 0.0393340997 -0.997312009 -0.0618188009
  outer loop
  vertex 0.0877944604 -0.0124936542 -0.0164175462
  vertex 0.0877944604 -0.0124146286 -0.0176924486
  vertex 0.0890694782 -0.0124433674 -0.0164175462
  endloop
 endfacet

 facet normal 0.0449284203 -0.996713877 -0.0674001351
  outer loop
  vertex 0.0890694782 -0.0124433674 -0.0164175462
  vertex 0.0877944604 -0.0124146286 -0.0176924486
  vertex 0.0890694782 -0.0123571549 -0.0176924486
  endloop
 endfacet

 facet normal 0.106208354 -0.992078245 -0.0670866668
  outer loop
  vertex 0.0890694782 -0.0124433674 -0.0164175462
  vertex 0.0890694782 -0.0123571549 -0.0176924486
  vertex 0.0903444961 -0.0122206565 -0.0176924486
  endloop
 endfacet

 facet normal 0.101236567 -0.945637584 -0.309064567
  outer loop
  vertex 0.0903444961 -0.0122206565 -0.0176924486
  vertex 0.0890694782 -0.0123571549 -0.0176924486
  vertex 0.0890694782 -0.0119404765 -0.0189673509
  endloop
 endfacet

 facet normal 0.110846832 -0.941655815 -0.317800611
  outer loop
  vertex 0.0903444961 -0.0122206565 -0.0176924486
  vertex 0.0890694782 -0.0119404765 -0.0189673509
  vertex 0.0902154446 -0.0117824255 -0.0190359559
  endloop
 endfacet

 facet normal 0.173242509 -0.931300521 -0.320416301
  outer loop
  vertex 0.0903444961 -0.0122206565 -0.0176924486
  vertex 0.0902154446 -0.0117824255 -0.0190359559
  vertex 0.0916195139 -0.0116746621 -0.0185900256
  endloop
 endfacet

 facet normal 0.244383931 -0.942877889 -0.226401672
  outer loop
  vertex 0.0903444961 -0.0122206565 -0.0176924486
  vertex 0.0916195139 -0.0116746621 -0.0185900256
  vertex 0.0916195139 -0.011890186 -0.0176924486
  endloop
 endfacet

 facet normal 0.258575678 -0.939292371 -0.225540742
  outer loop
  vertex 0.0916195139 -0.011890186 -0.0176924486
  vertex 0.0916195139 -0.0116746621 -0.0185900256
  vertex 0.0922750831 -0.0115525322 -0.018347051
  endloop
 endfacet

 facet normal 0.359352767 -0.925758123 -0.117632732
  outer loop
  vertex 0.0916195139 -0.011890186 -0.0176924486
  vertex 0.0922750831 -0.0115525322 -0.018347051
  vertex 0.0923783258 -0.0115956366 -0.0176924486
  endloop
 endfacet

 facet normal 0.454876959 -0.881051064 -0.129754037
  outer loop
  vertex 0.0923783258 -0.0115956366 -0.0176924486
  vertex 0.0922750831 -0.0115525322 -0.018347051
  vertex 0.0930184126 -0.0112651661 -0.0176924486
  endloop
 endfacet

 facet normal 0.526018739 -0.816198111 -0.239008293
  outer loop
  vertex 0.0930184126 -0.0112651661 -0.0176924486
  vertex 0.0922750831 -0.0115525322 -0.018347051
  vertex 0.0938082039 -0.0104749119 -0.0186529141
  endloop
 endfacet

 facet normal 0.528728485 -0.815308273 -0.236047849
  outer loop
  vertex 0.0930184126 -0.0112651661 -0.0176924486
  vertex 0.0938082039 -0.0104749119 -0.0186529141
  vertex 0.0940043554 -0.0106257796 -0.0176924486
  endloop
 endfacet

 facet normal 0.602355778 -0.760508001 -0.242476642
  outer loop
  vertex 0.0940043554 -0.0106257796 -0.0176924486
  vertex 0.0938082039 -0.0104749119 -0.0186529141
  vertex 0.0946392864 -0.0101228897 -0.0176924486
  endloop
 endfacet

 facet normal 0.650249183 -0.694425464 -0.30813843
  outer loop
  vertex 0.0946392864 -0.0101228897 -0.0176924486
  vertex 0.0938082039 -0.0104749119 -0.0186529141
  vertex 0.0950574055 -0.00928234495 -0.0187043678
  endloop
 endfacet

 facet normal 0.608253896 -0.656396091 -0.446286172
  outer loop
  vertex 0.0950574055 -0.00928234495 -0.0187043678
  vertex 0.0938082039 -0.0104749119 -0.0186529141
  vertex 0.0942831039 -0.00972776301 -0.0191045608
  endloop
 endfacet

 facet normal 0.610061169 -0.63639915 -0.47203967
  outer loop
  vertex 0.0950574055 -0.00928234495 -0.0187043678
  vertex 0.0942831039 -0.00972776301 -0.0191045608
  vertex 0.0947580114 -0.0089375088 -0.0195562094
  endloop
 endfacet

 facet normal 0.70892781 -0.531036139 -0.464135826
  outer loop
  vertex 0.0950574055 -0.00928234495 -0.0187043678
  vertex 0.0947580114 -0.0089375088 -0.0195562094
  vertex 0.0954858512 -0.00841306616 -0.0190445315
  endloop
 endfacet

 facet normal 0.718613029 -0.530248523 -0.44992432
  outer loop
  vertex 0.0950574055 -0.00928234495 -0.0187043678
  vertex 0.0954858512 -0.00841306616 -0.0190445315
  vertex 0.0961878896 -0.00789580587 -0.0185328573
  endloop
 endfacet

 facet normal 0.762688816 -0.588711143 -0.267815173
  outer loop
  vertex 0.0950574055 -0.00928234495 -0.0187043678
  vertex 0.0961878896 -0.00789580587 -0.0185328573
  vertex 0.0958729982 -0.00868606381 -0.0176924486
  endloop
 endfacet

 facet normal 0.805251122 -0.361524284 -0.469968975
  outer loop
  vertex 0.0961878896 -0.00789580587 -0.0185328573
  vertex 0.0959246233 -0.00737855025 -0.0193818379
  vertex 0.0963375866 -0.00700497534 -0.0189616363
  endloop
 endfacet

 facet normal 0.719274879 -0.471444011 -0.510278642
  outer loop
  vertex 0.0961878896 -0.00789580587 -0.0185328573
  vertex 0.0954858512 -0.00841306616 -0.0190445315
  vertex 0.0959246233 -0.00737855025 -0.0193818379
  endloop
 endfacet

 facet normal 0.845311344 -0.26770252 -0.462367952
  outer loop
  vertex 0.0963375866 -0.00700497534 -0.0189616363
  vertex 0.0961156189 -0.00653082132 -0.0196419656
  vertex 0.0967144072 -0.00580522371 -0.0189673509
  endloop
 endfacet

 facet normal 0.803406239 -0.332565039 -0.4939017
  outer loop
  vertex 0.0963375866 -0.00700497534 -0.0189616363
  vertex 0.0959246233 -0.00737855025 -0.0193818379
  vertex 0.0961156189 -0.00653082132 -0.0196419656
  endloop
 endfacet

 facet normal 0.833274603 -0.153618082 -0.531088471
  outer loop
  vertex 0.0967144072 -0.00580522371 -0.0189673509
  vertex 0.0962188542 -0.00580522371 -0.0197448693
  vertex 0.0970344543 -0.00445460621 -0.0188558698
  endloop
 endfacet

 facet normal 0.886287391 -0.174610063 -0.42895931
  outer loop
  vertex 0.0967144072 -0.00580522371 -0.0189673509
  vertex 0.0970344543 -0.00445460621 -0.0188558698
  vertex 0.0973699838 -0.00398045406 -0.0183556266
  endloop
 endfacet

 facet normal 0.915537119 -0.214945421 -0.339985728
  outer loop
  vertex 0.0967144072 -0.00580522371 -0.0189673509
  vertex 0.0973699838 -0.00398045406 -0.0183556266
  vertex 0.0973132029 -0.00482818112 -0.017972583
  endloop
 endfacet

 facet normal 0.827506304 -0.1925354 -0.527412057
  outer loop
  vertex 0.0967144072 -0.00580522371 -0.0189673509
  vertex 0.0961156189 -0.00653082132 -0.0196419656
  vertex 0.0962188542 -0.00580522371 -0.0197448693
  endloop
 endfacet

 facet normal 0.984570742 -0.122436725 -0.125018045
  outer loop
  vertex 0.0973132029 -0.00482818112 -0.017972583
  vertex 0.0973699838 -0.00398045406 -0.0183556266
  vertex 0.0974061191 -0.00445460621 -0.0176066943
  endloop
 endfacet

 facet normal 0.994276166 -0.061841704 -0.0871234164
  outer loop
  vertex 0.0974061191 -0.00445460621 -0.0176066943
  vertex 0.0973699838 -0.00398045406 -0.0183556266
  vertex 0.0974732265 -0.00325485668 -0.0176924486
  endloop
 endfacet

 facet normal 0.989713728 -0.0104121529 -0.142683357
  outer loop
  vertex 0.0974732265 -0.00325485668 -0.0176924486
  vertex 0.0973699838 -0.00398045406 -0.0183556266
  vertex 0.097375147 -0.00325485668 -0.0183727778
  endloop
 endfacet

 facet normal 0.989758134 -0.00431360491 -0.14268975
  outer loop
  vertex 0.0974732265 -0.00325485668 -0.0176924486
  vertex 0.097375147 -0.00325485668 -0.0183727778
  vertex 0.0973803028 -0.00197607977 -0.0183756389
  endloop
 endfacet

 facet normal 0.989843667 -0.00399484579 -0.142104745
  outer loop
  vertex 0.0974732265 -0.00325485668 -0.0176924486
  vertex 0.0973803028 -0.00197607977 -0.0183756389
  vertex 0.0974783823 -0.00197607977 -0.0176924486
  endloop
 endfacet

 facet normal 0.996148288 -0.00402028998 -0.0875925347
  outer loop
  vertex 0.0974732265 -0.00325485668 -0.0176924486
  vertex 0.0974783823 -0.00197607977 -0.0176924486
  vertex 0.0979687795 0.0362650715 -0.0138705978
  endloop
 endfacet

 facet normal 0.996969283 -0.00499334233 -0.0776371285
  outer loop
  vertex 0.0974732265 -0.00325485668 -0.0176924486
  vertex 0.0979687795 0.0362650715 -0.0138705978
  vertex 0.0980616957 0.0349934809 -0.0125956936
  endloop
 endfacet

 facet normal 0.997203529 -0.00203793403 -0.0747064576
  outer loop
  vertex 0.0980616957 0.0349934809 -0.0125956936
  vertex 0.0979687795 0.0362650715 -0.0138705978
  vertex 0.0979739353 0.0387867056 -0.0138705978
  endloop
 endfacet

 facet normal 0.997639179 0 -0.0686729774
  outer loop
  vertex 0.0980616957 0.0349934809 -0.0125956936
  vertex 0.0979739353 0.0387867056 -0.0138705978
  vertex 0.0979739353 0.0400942154 -0.0138705978
  endloop
 endfacet

 facet normal 0.997639179 0 -0.0686729774
  outer loop
  vertex 0.0980616957 0.0349934809 -0.0125956936
  vertex 0.0979739353 0.0400942154 -0.0138705978
  vertex 0.0980616957 0.0426445864 -0.0125956936
  endloop
 endfacet

 facet normal -0.0181153305 0.279006779 -0.960118234
  outer loop
  vertex 0.0533793718 0.057364881 -0.0208997168
  vertex 0.0546492264 0.0580473691 -0.0207253471
  vertex 0.0546492264 0.0574079864 -0.0209111497
  endloop
 endfacet

 facet normal -0.00956358947 0.2790398 -0.9602319
  outer loop
  vertex 0.0546492264 0.0574079864 -0.0209111497
  vertex 0.0546492264 0.0580473691 -0.0207253471
  vertex 0.0559294038 0.0580617338 -0.0207339227
  endloop
 endfacet

 facet normal -0.00519240974 0.271104723 -0.962535799
  outer loop
  vertex 0.0546492264 0.0574079864 -0.0209111497
  vertex 0.0559294038 0.0580617338 -0.0207339227
  vertex 0.0559294038 0.0574223511 -0.0209140088
  endloop
 endfacet

 facet normal 0 0.271108389 -0.962548852
  outer loop
  vertex 0.0559294038 0.0574223511 -0.0209140088
  vertex 0.0559294038 0.0580617338 -0.0207339227
  vertex 0.0877996236 0.0580617338 -0.0207339227
  endloop
 endfacet

 facet normal 0 0.271108389 -0.962548852
  outer loop
  vertex 0.0559294038 0.0574223511 -0.0209140088
  vertex 0.0877996236 0.0580617338 -0.0207339227
  vertex 0.0877996236 0.0574223511 -0.0209140088
  endloop
 endfacet

 facet normal 0.0111588864 0.0313658491 -0.999445677
  outer loop
  vertex 0.0916195139 0.0553964265 -0.0209711809
  vertex 0.0890694782 0.0566680171 -0.0209597461
  vertex 0.0903496519 0.0566680171 -0.0209454522
  endloop
 endfacet

 facet normal 0.0274161305 0.0475815684 -0.998491049
  outer loop
  vertex 0.0916195139 0.0553964265 -0.0209711809
  vertex 0.0903496519 0.0566680171 -0.0209454522
  vertex 0.091490455 0.0566105396 -0.020916868
  endloop
 endfacet

 facet normal 0.0375627689 0.0486430451 -0.998109698
  outer loop
  vertex 0.0916195139 0.0553964265 -0.0209711809
  vertex 0.091490455 0.0566105396 -0.020916868
  vertex 0.0923989713 0.0561435781 -0.0209054332
  endloop
 endfacet

 facet normal 0.0394499712 0.0466760956 -0.998130798
  outer loop
  vertex 0.0916195139 0.0553964265 -0.0209711809
  vertex 0.0923989713 0.0561435781 -0.0209054332
  vertex 0.0928532258 0.0553317703 -0.0209254436
  endloop
 endfacet

 facet normal 0.0389461778 0.0367557369 -0.998565137
  outer loop
  vertex 0.0916195139 0.0553964265 -0.0209711809
  vertex 0.0928532258 0.0553317703 -0.0209254436
  vertex 0.0928996876 0.0541176498 -0.0209683217
  endloop
 endfacet

 facet normal 0.0134599451 0.0112386933 -0.99984622
  outer loop
  vertex 0.0916195139 0.0553964265 -0.0209711809
  vertex 0.0928996876 0.0541176498 -0.0209683217
  vertex 0.0928996876 0.0528460555 -0.0209826138
  endloop
 endfacet

 facet normal 0.0467821918 0.0112274047 -0.998842001
  outer loop
  vertex 0.0928996876 0.0528460555 -0.0209826138
  vertex 0.0928996876 0.0541176498 -0.0209683217
  vertex 0.093937248 0.0528460555 -0.0209340192
  endloop
 endfacet

 facet normal 0.0467849299 0.00302176876 -0.998900414
  outer loop
  vertex 0.0928996876 0.0528460555 -0.0209826138
  vertex 0.093937248 0.0528460555 -0.0209340192
  vertex 0.0940198451 0.0515672825 -0.0209340192
  endloop
 endfacet

 facet normal 0.0439521298 0.000535287079 -0.99903357
  outer loop
  vertex 0.0928996876 0.0528460555 -0.0209826138
  vertex 0.0940198451 0.0515672825 -0.0209340192
  vertex 0.0940353274 0.0502956882 -0.0209340192
  endloop
 endfacet

 facet normal 0.0427522324 0 -0.999085665
  outer loop
  vertex 0.0928996876 0.0528460555 -0.0209826138
  vertex 0.0940353274 0.0502956882 -0.0209340192
  vertex 0.0940353274 0.0256756563 -0.0209340192
  endloop
 endfacet

 facet normal 0.0427522324 0 -0.999085665
  outer loop
  vertex 0.0928996876 0.0528460555 -0.0209826138
  vertex 0.0940353274 0.0256756563 -0.0209340192
  vertex 0.0928996876 0.0387867056 -0.0209826138
  endloop
 endfacet

 facet normal 0.00224590651 0.0642861053 -0.997929037
  outer loop
  vertex 0.0877996236 0.0566680171 -0.0209626034
  vertex 0.0877996236 0.0574223511 -0.0209140088
  vertex 0.0890694782 0.0566680171 -0.0209597461
  endloop
 endfacet

 facet normal 0.00298854755 0.0655312464 -0.997846067
  outer loop
  vertex 0.0890694782 0.0566680171 -0.0209597461
  vertex 0.0877996236 0.0574223511 -0.0209140088
  vertex 0.0890694782 0.0574079864 -0.0209111497
  endloop
 endfacet

 facet normal 0.0111403838 0.0655274689 -0.997788608
  outer loop
  vertex 0.0890694782 0.0566680171 -0.0209597461
  vertex 0.0890694782 0.0574079864 -0.0209111497
  vertex 0.0903496519 0.0566680171 -0.0209454522
  endloop
 endfacet

 facet normal 0.0579323098 -0.0376522653 -0.997610211
  outer loop
  vertex 0.0928790346 -0.00704089459 -0.0209254436
  vertex 0.0928945243 -0.00580522371 -0.0209711809
  vertex 0.0936068818 -0.00660266401 -0.0208997168
  endloop
 endfacet

 facet normal 0.0722678527 -0.0615866408 -0.995482087
  outer loop
  vertex 0.0928790346 -0.00704089459 -0.0209254436
  vertex 0.0936068818 -0.00660266401 -0.0208997168
  vertex 0.0924505889 -0.00786707178 -0.0209054332
  endloop
 endfacet

 facet normal 0.116054907 -0.101663187 -0.988026261
  outer loop
  vertex 0.0924505889 -0.00786707178 -0.0209054332
  vertex 0.0936068818 -0.00660266401 -0.0208997168
  vertex 0.0933023244 -0.00745039061 -0.0208482631
  endloop
 endfacet

 facet normal 0.155293211 -0.184270382 -0.970529974
  outer loop
  vertex 0.0924505889 -0.00786707178 -0.0209054332
  vertex 0.0933023244 -0.00745039061 -0.0208482631
  vertex 0.0918827727 -0.00872198492 -0.020833971
  endloop
 endfacet

 facet normal 0.117096409 -0.159708515 -0.980194688
  outer loop
  vertex 0.0924505889 -0.00786707178 -0.0209054332
  vertex 0.0918827727 -0.00872198492 -0.020833971
  vertex 0.0910362005 -0.00900934823 -0.020888282
  endloop
 endfacet

 facet normal 0.0576896742 -0.0863661394 -0.994591713
  outer loop
  vertex 0.0924505889 -0.00786707178 -0.0209054332
  vertex 0.0910362005 -0.00900934823 -0.020888282
  vertex 0.0915265903 -0.00831967127 -0.0209197272
  endloop
 endfacet

 facet normal 0.0281229001 -0.0654736683 -0.997458041
  outer loop
  vertex 0.0915265903 -0.00831967127 -0.0209197272
  vertex 0.0910362005 -0.00900934823 -0.020888282
  vertex 0.0903444961 -0.00834840629 -0.0209511705
  endloop
 endfacet

 facet normal 0.0262149163 -0.0674628094 -0.997377455
  outer loop
  vertex 0.0903444961 -0.00834840629 -0.0209511705
  vertex 0.0910362005 -0.00900934823 -0.020888282
  vertex 0.0903444961 -0.00906682108 -0.0209025759
  endloop
 endfacet

 facet normal 0.0149841364 -0.0674784184 -0.997608185
  outer loop
  vertex 0.0903444961 -0.00834840629 -0.0209511705
  vertex 0.0903444961 -0.00906682108 -0.0209025759
  vertex 0.0890694782 -0.00913866423 -0.020916868
  endloop
 endfacet

 facet normal 0.0595718473 -0.0178212412 -0.998064935
  outer loop
  vertex 0.0928945243 -0.00580522371 -0.0209711809
  vertex 0.0939475745 -0.0045264489 -0.0209311601
  vertex 0.0937565789 -0.00580522371 -0.0209197272
  endloop
 endfacet

 facet normal 0.0595422424 -0.0362104177 -0.997568905
  outer loop
  vertex 0.0928945243 -0.00580522371 -0.0209711809
  vertex 0.0937565789 -0.00580522371 -0.0209197272
  vertex 0.0936068818 -0.00660266401 -0.0208997168
  endloop
 endfacet

 facet normal 0.0252011474 -0.254967451 -0.966621161
  outer loop
  vertex 0.0890694782 -0.00913866423 -0.020916868
  vertex 0.0903444961 -0.00906682108 -0.0209025759
  vertex 0.0890694782 -0.00977804977 -0.0207482148
  endloop
 endfacet

 facet normal 0.0151482737 -0.255019188 -0.966817319
  outer loop
  vertex 0.0890694782 -0.00913866423 -0.020916868
  vertex 0.0890694782 -0.00977804977 -0.0207482148
  vertex 0.0877944604 -0.00979960524 -0.0207625069
  endloop
 endfacet

 facet normal 0.00621410366 -0.238774106 -0.971055269
  outer loop
  vertex 0.0890694782 -0.00913866423 -0.020916868
  vertex 0.0877944604 -0.00979960524 -0.0207625069
  vertex 0.0877944604 -0.00916021597 -0.0209197272
  endloop
 endfacet

 facet normal 0.0985642076 -0.000102849932 -0.995130718
  outer loop
  vertex 0.0940353274 0.0256756563 -0.0209340192
  vertex 0.094670251 0.0256756563 -0.0208711307
  vertex 0.094670251 -0.00197607977 -0.0208682735
  endloop
 endfacet

 facet normal 0.0985642076 -0.000102849932 -0.995130718
  outer loop
  vertex 0.0940353274 0.0256756563 -0.0209340192
  vertex 0.094670251 -0.00197607977 -0.0208682735
  vertex 0.0940353274 -0.00197607977 -0.0209311601
  endloop
 endfacet

 facet normal 0.0977771208 0 -0.995208383
  outer loop
  vertex 0.0940353274 0.0256756563 -0.0209340192
  vertex 0.0940353274 0.0502956882 -0.0209340192
  vertex 0.0946754143 0.0502956882 -0.0208711307
  endloop
 endfacet

 facet normal 0.0977771208 0 -0.995208383
  outer loop
  vertex 0.0940353274 0.0256756563 -0.0209340192
  vertex 0.0946754143 0.0502956882 -0.0208711307
  vertex 0.0946754143 0.0387867056 -0.0208711307
  endloop
 endfacet

 facet normal 0.0985642076 -3.87980617e-05 -0.995130718
  outer loop
  vertex 0.0940353274 0.0256756563 -0.0209340192
  vertex 0.0946754143 0.0387867056 -0.0208711307
  vertex 0.094670251 0.0256756563 -0.0208711307
  endloop
 endfacet

 facet normal 0.0985642001 -0.000397788885 -0.995130658
  outer loop
  vertex 0.0940353274 -0.00197607977 -0.0209311601
  vertex 0.094670251 -0.00197607977 -0.0208682735
  vertex 0.0940301716 -0.00325485668 -0.0209311601
  endloop
 endfacet

 facet normal 0.102999561 -0.00264013931 -0.994677961
  outer loop
  vertex 0.0940301716 -0.00325485668 -0.0209311601
  vertex 0.094670251 -0.00197607977 -0.0208682735
  vertex 0.0946650952 -0.00325485668 -0.0208654143
  endloop
 endfacet

 facet normal 0.102997594 -0.00669001928 -0.994659126
  outer loop
  vertex 0.0940301716 -0.00325485668 -0.0209311601
  vertex 0.0946650952 -0.00325485668 -0.0208654143
  vertex 0.0939475745 -0.0045264489 -0.0209311601
  endloop
 endfacet

 facet normal 0.125021443 -0.0275404509 -0.991771817
  outer loop
  vertex 0.0939475745 -0.0045264489 -0.0209311601
  vertex 0.0945825055 -0.0045264489 -0.0208511222
  vertex 0.0937565789 -0.00580522371 -0.0209197272
  endloop
 endfacet

 facet normal 0.125045687 -0.019270381 -0.991963923
  outer loop
  vertex 0.0939475745 -0.0045264489 -0.0209311601
  vertex 0.0946650952 -0.00325485668 -0.0208654143
  vertex 0.0945825055 -0.0045264489 -0.0208511222
  endloop
 endfacet

 facet normal 0 -0.464484751 -0.885581136
  outer loop
  vertex 0.0559294038 -0.00979960524 -0.0207625069
  vertex 0.0877944604 -0.00979960524 -0.0207625069
  vertex 0.0877944604 -0.0109059606 -0.0201822259
  endloop
 endfacet

 facet normal 0 -0.464484751 -0.885581136
  outer loop
  vertex 0.0559294038 -0.00979960524 -0.0207625069
  vertex 0.0877944604 -0.0109059606 -0.0201822259
  vertex 0.0559294038 -0.0109059606 -0.0201822259
  endloop
 endfacet

 facet normal 0 -0.600100815 -0.799924314
  outer loop
  vertex 0.0559294038 -0.0109059606 -0.0201822259
  vertex 0.0877944604 -0.0109059606 -0.0201822259
  vertex 0.0877944604 -0.0115956366 -0.0196648333
  endloop
 endfacet

 facet normal 0 -0.600100815 -0.799924314
  outer loop
  vertex 0.0559294038 -0.0109059606 -0.0201822259
  vertex 0.0877944604 -0.0115956366 -0.0196648333
  vertex 0.0559294038 -0.0115956366 -0.0196648333
  endloop
 endfacet

 facet normal 0 -0.870082736 -0.492905736
  outer loop
  vertex 0.0559294038 -0.0115956366 -0.0196648333
  vertex 0.0877944604 -0.0115956366 -0.0196648333
  vertex 0.0877944604 -0.0119907632 -0.0189673509
  endloop
 endfacet

 facet normal 0 -0.870082736 -0.492905736
  outer loop
  vertex 0.0559294038 -0.0115956366 -0.0196648333
  vertex 0.0877944604 -0.0119907632 -0.0189673509
  vertex 0.0559294038 -0.0119907632 -0.0189673509
  endloop
 endfacet

 facet normal -0.711370111 0.702817559 0
  outer loop
  vertex 0.0483257659 0.0579180568 -0.0151455002
  vertex 0.0483257659 0.0579180568 0.000153338522
  vertex 0.0489503704 0.058550261 0.00270314515
  endloop
 endfacet

 facet normal -0.711370111 0.702817559 0
  outer loop
  vertex 0.0483257659 0.0579180568 -0.0151455002
  vertex 0.0489503704 0.058550261 0.00270314515
  vertex 0.0489503704 0.058550261 -0.0164204054
  endloop
 endfacet

 facet normal -0.592481673 0.805583894 0
  outer loop
  vertex 0.0489503704 0.058550261 -0.0164204054
  vertex 0.0489503704 0.058550261 0.00270314515
  vertex 0.0495852977 0.0590172298 0.00270314515
  endloop
 endfacet

 facet normal -0.592481673 0.805583894 0
  outer loop
  vertex 0.0489503704 0.058550261 -0.0164204054
  vertex 0.0495852977 0.0590172298 0.00270314515
  vertex 0.0495852977 0.0590172298 -0.0164204054
  endloop
 endfacet

 facet normal -0.591623425 0.804417014 -0.053805571
  outer loop
  vertex 0.0489503704 0.058550261 -0.0164204054
  vertex 0.0495852977 0.0590172298 -0.0164204054
  vertex 0.0496524014 0.0589813106 -0.0176953077
  endloop
 endfacet

 facet normal -0.535452008 0.842967272 -0.0519351326
  outer loop
  vertex 0.0496524014 0.0589813106 -0.0176953077
  vertex 0.0495852977 0.0590172298 -0.0164204054
  vertex 0.0505918898 0.0596566163 -0.0164204054
  endloop
 endfacet

 facet normal -0.511364579 0.85594672 -0.0765604675
  outer loop
  vertex 0.0496524014 0.0589813106 -0.0176953077
  vertex 0.0505918898 0.0596566163 -0.0164204054
  vertex 0.0507106148 0.059613511 -0.0176953077
  endloop
 endfacet

 facet normal -0.496849984 0.831651568 -0.247983664
  outer loop
  vertex 0.0496524014 0.0589813106 -0.0176953077
  vertex 0.0507106148 0.059613511 -0.0176953077
  vertex 0.0514539443 0.0598649606 -0.0183413364
  endloop
 endfacet

 facet normal -0.347811401 0.785427749 -0.511986911
  outer loop
  vertex 0.0514539443 0.0598649606 -0.0183413364
  vertex 0.0520991944 0.0595991462 -0.0191874597
  vertex 0.0508654751 0.059211202 -0.0189444851
  endloop
 endfacet

 facet normal -0.406826347 0.906188488 -0.115389854
  outer loop
  vertex 0.0514539443 0.0598649606 -0.0183413364
  vertex 0.0507106148 0.059613511 -0.0176953077
  vertex 0.0513507016 0.0599008761 -0.0176953077
  endloop
 endfacet

 facet normal -0.316757023 0.942893684 -0.103036694
  outer loop
  vertex 0.0514539443 0.0598649606 -0.0183413364
  vertex 0.0513507016 0.0599008761 -0.0176953077
  vertex 0.0520991944 0.0601523221 -0.0176953077
  endloop
 endfacet

 facet normal -0.216090769 0.953860223 -0.208459973
  outer loop
  vertex 0.0514539443 0.0598649606 -0.0183413364
  vertex 0.0520991944 0.0601523221 -0.0176953077
  vertex 0.0520991944 0.059965536 -0.0185500085
  endloop
 endfacet

 facet normal -0.284083724 0.831271768 -0.477790534
  outer loop
  vertex 0.0514539443 0.0598649606 -0.0183413364
  vertex 0.0520991944 0.059965536 -0.0185500085
  vertex 0.0520991944 0.0595991462 -0.0191874597
  endloop
 endfacet

 facet normal -0.209130213 0.847821176 -0.487302721
  outer loop
  vertex 0.0520991944 0.0595991462 -0.0191874597
  vertex 0.0520991944 0.059965536 -0.0185500085
  vertex 0.0533793718 0.0597571954 -0.0194618776
  endloop
 endfacet

 facet normal -0.090416871 0.674664199 -0.732566118
  outer loop
  vertex 0.0533793718 0.0597571954 -0.0194618776
  vertex 0.0546492264 0.0598218478 -0.0195590667
  vertex 0.0533793718 0.0591178052 -0.0200507324
  endloop
 endfacet

 facet normal -0.19788608 0.858077765 -0.473860383
  outer loop
  vertex 0.0533793718 0.0597571954 -0.0194618776
  vertex 0.0520991944 0.059965536 -0.0185500085
  vertex 0.0533793718 0.0601092204 -0.0188244265
  endloop
 endfacet

 facet normal -0.0812977701 0.872490883 -0.481819838
  outer loop
  vertex 0.0533793718 0.0597571954 -0.0194618776
  vertex 0.0533793718 0.0601092204 -0.0188244265
  vertex 0.0546492264 0.0598218478 -0.0195590667
  endloop
 endfacet

 facet normal -0.0531344675 0.634389281 -0.771185517
  outer loop
  vertex 0.0533793718 0.0591178052 -0.0200507324
  vertex 0.0546492264 0.0598218478 -0.0195590667
  vertex 0.0546492264 0.0591824651 -0.0200850349
  endloop
 endfacet

 facet normal -0.0487418734 0.497894347 -0.865866899
  outer loop
  vertex 0.0533793718 0.0591178052 -0.0200507324
  vertex 0.0546492264 0.0591824651 -0.0200850349
  vertex 0.0533793718 0.0580042675 -0.0206910446
  endloop
 endfacet

 facet normal -0.0401726179 0.49092564 -0.870274782
  outer loop
  vertex 0.0533793718 0.0580042675 -0.0206910446
  vertex 0.0546492264 0.0591824651 -0.0200850349
  vertex 0.0546492264 0.0580473691 -0.0207253471
  endloop
 endfacet

 facet normal -0.0160510354 0.491258949 -0.870865703
  outer loop
  vertex 0.0546492264 0.0580473691 -0.0207253471
  vertex 0.0546492264 0.0591824651 -0.0200850349
  vertex 0.0559294038 0.0592040196 -0.0200964715
  endloop
 endfacet

 facet normal -0.0113171283 0.487275183 -0.873175144
  outer loop
  vertex 0.0546492264 0.0580473691 -0.0207253471
  vertex 0.0559294038 0.0592040196 -0.0200964715
  vertex 0.0559294038 0.0580617338 -0.0207339227
  endloop
 endfacet

 facet normal 0.0373996869 -0.948265254 -0.315268695
  outer loop
  vertex 0.0877944604 -0.0124146286 -0.0176924486
  vertex 0.0877944604 -0.0119907632 -0.0189673509
  vertex 0.0890694782 -0.0119404765 -0.0189673509
  endloop
 endfacet

 facet normal 0.0428069197 -0.949649572 -0.31037578
  outer loop
  vertex 0.0877944604 -0.0124146286 -0.0176924486
  vertex 0.0890694782 -0.0119404765 -0.0189673509
  vertex 0.0890694782 -0.0123571549 -0.0176924486
  endloop
 endfacet

 facet normal 0 0.755266845 0.655417442
  outer loop
  vertex 0.0559294038 0.0595057495 0.00683085853
  vertex 0.0877996236 0.0595057495 0.00683085853
  vertex 0.0877996236 0.0600589253 0.00619340735
  endloop
 endfacet

 facet normal 0 0.755266845 0.655417442
  outer loop
  vertex 0.0559294038 0.0595057495 0.00683085853
  vertex 0.0877996236 0.0600589253 0.00619340735
  vertex 0.0559294038 0.0600589253 0.00619340735
  endloop
 endfacet

 facet normal -0.0187165402 0.755134523 0.655302644
  outer loop
  vertex 0.0559294038 0.0595057495 0.00683085853
  vertex 0.0559294038 0.0600589253 0.00619340735
  vertex 0.0546492264 0.0600445606 0.00617339741
  endloop
 endfacet

 facet normal -0.0187160484 0.755135059 0.655302048
  outer loop
  vertex 0.0559294038 0.0595057495 0.00683085853
  vertex 0.0546492264 0.0600445606 0.00617339741
  vertex 0.0546492264 0.059491381 0.00681084953
  endloop
 endfacet

 facet normal -0.0767401382 0.753040195 0.653484106
  outer loop
  vertex 0.0546492264 0.059491381 0.00681084953
  vertex 0.0546492264 0.0600445606 0.00617339741
  vertex 0.0533793718 0.0599870905 0.00609050039
  endloop
 endfacet

 facet normal -0.0810766667 0.748585105 0.658063054
  outer loop
  vertex 0.0546492264 0.059491381 0.00681084953
  vertex 0.0533793718 0.0599870905 0.00609050039
  vertex 0.0533793718 0.0594267212 0.00672795158
  endloop
 endfacet

 facet normal -0.150058061 0.742553651 0.652760863
  outer loop
  vertex 0.0533793718 0.0594267212 0.00672795158
  vertex 0.0533793718 0.0599870905 0.00609050039
  vertex 0.0525637753 0.0599152483 0.00598473428
  endloop
 endfacet

 facet normal -0.127260566 0.927581489 0.351279676
  outer loop
  vertex 0.0525637753 0.0599152483 0.00598473428
  vertex 0.0533793718 0.0599870905 0.00609050039
  vertex 0.0533793718 0.0603031926 0.00525580952
  endloop
 endfacet

 facet normal -0.217030376 0.941400766 0.258190751
  outer loop
  vertex 0.0525637753 0.0599152483 0.00598473428
  vertex 0.0533793718 0.0603031926 0.00525580952
  vertex 0.0521198399 0.0600230098 0.00521864928
  endloop
 endfacet

 facet normal -0.288140416 0.910977721 0.295118272
  outer loop
  vertex 0.0525637753 0.0599152483 0.00598473428
  vertex 0.0521198399 0.0600230098 0.00521864928
  vertex 0.0517120436 0.0597643815 0.00561884325
  endloop
 endfacet

 facet normal -0.356384248 0.785700023 0.50563401
  outer loop
  vertex 0.0525637753 0.0599152483 0.00598473428
  vertex 0.0517120436 0.0597643815 0.00561884325
  vertex 0.0508241765 0.0589238331 0.00629917206
  endloop
 endfacet

 facet normal -0.301257223 0.725031674 0.61933285
  outer loop
  vertex 0.0525637753 0.0599152483 0.00598473428
  vertex 0.0508241765 0.0589238331 0.00629917206
  vertex 0.0520733856 0.0592255667 0.00655358192
  endloop
 endfacet

 facet normal -0.391076058 0.869126916 0.302783698
  outer loop
  vertex 0.0517120436 0.0597643815 0.00561884325
  vertex 0.0513558649 0.0599008761 0.00476700254
  vertex 0.0508912839 0.0595344864 0.00521864928
  endloop
 endfacet

 facet normal -0.308041394 0.910836935 0.274748176
  outer loop
  vertex 0.0517120436 0.0597643815 0.00561884325
  vertex 0.0521198399 0.0600230098 0.00521864928
  vertex 0.0513558649 0.0599008761 0.00476700254
  endloop
 endfacet

 facet normal -0.487823218 0.852130592 0.189478204
  outer loop
  vertex 0.0508912839 0.0595344864 0.00521864928
  vertex 0.0513558649 0.0599008761 0.00476700254
  vertex 0.0497762933 0.0588879175 0.00525580952
  endloop
 endfacet

 facet normal -0.491262496 0.852425456 0.178975195
  outer loop
  vertex 0.0497762933 0.0588879175 0.00525580952
  vertex 0.0513558649 0.0599008761 0.00476700254
  vertex 0.0506331846 0.0596494339 0.00398090621
  endloop
 endfacet

 facet normal -0.522434473 0.839344442 0.150210381
  outer loop
  vertex 0.0497762933 0.0588879175 0.00525580952
  vertex 0.0506331846 0.0596494339 0.00398090621
  vertex 0.0496059433 0.0590100475 0.00398090621
  endloop
 endfacet

 facet normal -0.596811116 0.787237465 0.155156657
  outer loop
  vertex 0.0497762933 0.0588879175 0.00525580952
  vertex 0.0496059433 0.0590100475 0.00398090621
  vertex 0.0489710197 0.0585287064 0.00398090621
  endloop
 endfacet

 facet normal -0.603964627 0.796673357 0.0232003238
  outer loop
  vertex 0.0489710197 0.0585287064 0.00398090621
  vertex 0.0496059433 0.0590100475 0.00398090621
  vertex 0.0489503704 0.058550261 0.00270314515
  endloop
 endfacet

 facet normal -0.724023521 0.68974632 0.0063404534
  outer loop
  vertex 0.0483412556 0.0579108745 0.00270314515
  vertex 0.0489503704 0.058550261 0.00270314515
  vertex 0.0483257659 0.0579180568 0.000153338522
  endloop
 endfacet

 facet normal -0.592422843 0.805503845 0.0141010638
  outer loop
  vertex 0.0489503704 0.058550261 0.00270314515
  vertex 0.0496059433 0.0590100475 0.00398090621
  vertex 0.0495852977 0.0590172298 0.00270314515
  endloop
 endfacet

 facet normal 0.339246631 0.2573587 0.904808462
  outer loop
  vertex 0.0942831039 0.0554970019 0.00748260319
  vertex 0.0947838128 0.0559927113 0.00715387193
  vertex 0.0938598216 0.0566680171 0.0073082326
  endloop
 endfacet

 facet normal 0.287003845 0.241766751 0.926918387
  outer loop
  vertex 0.0942831039 0.0554970019 0.00748260319
  vertex 0.0938598216 0.0566680171 0.0073082326
  vertex 0.0928996876 0.0566680171 0.00760552008
  endloop
 endfacet

 facet normal 0.356669009 0.238707051 0.903219879
  outer loop
  vertex 0.0942831039 0.0554970019 0.00748260319
  vertex 0.0950109437 0.0551449805 0.0072882236
  vertex 0.0947838128 0.0559927113 0.00715387193
  endloop
 endfacet

 facet normal 0.282507986 0.296172947 0.912398458
  outer loop
  vertex 0.0928996876 0.0566680171 0.00760552008
  vertex 0.0938598216 0.0566680171 0.0073082326
  vertex 0.0935655832 0.0573361404 0.00718245748
  endloop
 endfacet

 facet normal 0.262247771 0.315986514 0.911799669
  outer loop
  vertex 0.0928996876 0.0566680171 0.00760552008
  vertex 0.0935655832 0.0573361404 0.00718245748
  vertex 0.0928996876 0.0575588532 0.00729679875
  endloop
 endfacet

 facet normal 0.2036715 0.320583433 0.925064445
  outer loop
  vertex 0.0928996876 0.0566680171 0.00760552008
  vertex 0.0928996876 0.0575588532 0.00729679875
  vertex 0.0916143507 0.0580042675 0.00742543256
  endloop
 endfacet

 facet normal 0.232455224 0.428978503 0.872892857
  outer loop
  vertex 0.0916143507 0.0580042675 0.00742543256
  vertex 0.0920324698 0.058464054 0.00708812615
  vertex 0.0911807418 0.0586580262 0.00721961865
  endloop
 endfacet

 facet normal 0.23525916 0.426697671 0.873259544
  outer loop
  vertex 0.0916143507 0.0580042675 0.00742543256
  vertex 0.0928996876 0.0575588532 0.00729679875
  vertex 0.0920324698 0.058464054 0.00708812615
  endloop
 endfacet

 facet normal 0.261458248 0.691716135 0.673177898
  outer loop
  vertex 0.0911807418 0.0586580262 0.00721961865
  vertex 0.0920324698 0.058464054 0.00708812615
  vertex 0.0915627256 0.0591896474 0.00652499637
  endloop
 endfacet

 facet normal 0.252120256 0.696556509 0.671747327
  outer loop
  vertex 0.0911807418 0.0586580262 0.00721961865
  vertex 0.0915627256 0.0591896474 0.00652499637
  vertex 0.0910981447 0.0599008761 0.00596186658
  endloop
 endfacet

 facet normal 0.197036967 0.703802049 0.682524204
  outer loop
  vertex 0.0911807418 0.0586580262 0.00721961865
  vertex 0.0910981447 0.0599008761 0.00596186658
  vertex 0.0903496519 0.0593979917 0.0066965078
  endloop
 endfacet

 facet normal 0.138813615 0.670880914 0.728457093
  outer loop
  vertex 0.0911807418 0.0586580262 0.00721961865
  vertex 0.0903496519 0.0593979917 0.0066965078
  vertex 0.0903496519 0.0587585978 0.00728536444
  endloop
 endfacet

 facet normal 0.102562353 0.673867106 0.731699467
  outer loop
  vertex 0.0903496519 0.0587585978 0.00728536444
  vertex 0.0903496519 0.0593979917 0.0066965078
  vertex 0.0890694782 0.0594841987 0.00679655606
  endloop
 endfacet

 facet normal 0.0757130831 0.645538568 0.75996542
  outer loop
  vertex 0.0903496519 0.0587585978 0.00728536444
  vertex 0.0890694782 0.0594841987 0.00679655606
  vertex 0.0890694782 0.0588448048 0.00733967684
  endloop
 endfacet

 facet normal 0.0315578617 0.647074461 0.761773527
  outer loop
  vertex 0.0890694782 0.0588448048 0.00733967684
  vertex 0.0890694782 0.0594841987 0.00679655606
  vertex 0.0877996236 0.0595057495 0.00683085853
  endloop
 endfacet

 facet normal 0.0305066016 0.754915357 0.655112386
  outer loop
  vertex 0.0877996236 0.0595057495 0.00683085853
  vertex 0.0890694782 0.0594841987 0.00679655606
  vertex 0.0877996236 0.0600589253 0.00619340735
  endloop
 endfacet

 facet normal 0.998365879 0.0404598452 -0.0403547324
  outer loop
  vertex 0.0980616957 0.043916177 -0.0113207912
  vertex 0.0980616957 0.0426445864 -0.0125956936
  vertex 0.0975454897 0.0515672825 -0.0164204054
  endloop
 endfacet

 facet normal 0.99807632 0.0613432452 -0.00899341237
  outer loop
  vertex 0.0980616957 0.043916177 -0.0113207912
  vertex 0.0975454897 0.0515672825 -0.0164204054
  vertex 0.0974783823 0.0528460555 -0.0151455002
  endloop
 endfacet

 facet normal 0.993173599 0.116645448 0
  outer loop
  vertex 0.0974783823 0.0528460555 0.00142824184
  vertex 0.0974783823 0.0528460555 -0.0151455002
  vertex 0.0973906368 0.0535932072 -0.0151455002
  endloop
 endfacet

 facet normal 0.993173599 0.116645448 0
  outer loop
  vertex 0.0974783823 0.0528460555 0.00142824184
  vertex 0.0973906368 0.0535932072 -0.0151455002
  vertex 0.0973906368 0.0535932072 0.000153338522
  endloop
 endfacet

 facet normal 0.993041635 0.117762648 0.000663819897
  outer loop
  vertex 0.0974783823 0.0528460555 0.00142824184
  vertex 0.0973906368 0.0535932072 0.000153338522
  vertex 0.0973906368 0.0535860211 0.00142824184
  endloop
 endfacet

 facet normal 0.959408045 0.282017022 0.00158971024
  outer loop
  vertex 0.0973906368 0.0535860211 0.00142824184
  vertex 0.0973906368 0.0535932072 0.000153338522
  vertex 0.097204797 0.0542254113 0.000153338522
  endloop
 endfacet

 facet normal 0.958156824 0.286217511 0.00387871219
  outer loop
  vertex 0.0973906368 0.0535860211 0.00142824184
  vertex 0.097204797 0.0542254113 0.000153338522
  vertex 0.0971996412 0.0542254113 0.00142824184
  endloop
 endfacet

 facet normal 0.958119154 0.286206245 0.00967653655
  outer loop
  vertex 0.0973906368 0.0535860211 0.00142824184
  vertex 0.0971996412 0.0542254113 0.00142824184
  vertex 0.0971996412 0.0541823059 0.00270314515
  endloop
 endfacet

 facet normal 0.962182462 0.271875769 0.0169877801
  outer loop
  vertex 0.0973906368 0.0535860211 0.00142824184
  vertex 0.0971996412 0.0541823059 0.00270314515
  vertex 0.0973803028 0.0535429157 0.00270314515
  endloop
 endfacet

 facet normal 0.962005436 0.271825731 0.0256238859
  outer loop
  vertex 0.0973803028 0.0535429157 0.00270314515
  vertex 0.0971996412 0.0541823059 0.00270314515
  vertex 0.0972202867 0.0539955199 0.00390944397
  endloop
 endfacet

 facet normal 0.969131589 0.243735552 0.0371086411
  outer loop
  vertex 0.0973803028 0.0535429157 0.00270314515
  vertex 0.0972202867 0.0539955199 0.00390944397
  vertex 0.0973648205 0.0534926318 0.0034377866
  endloop
 endfacet

 facet normal 0.970948637 0.234529674 0.0474809669
  outer loop
  vertex 0.0973648205 0.0534926318 0.0034377866
  vertex 0.0972202867 0.0539955199 0.00390944397
  vertex 0.0973493382 0.0533848666 0.00428676978
  endloop
 endfacet

 facet normal 0.944219589 0.292743027 0.150833681
  outer loop
  vertex 0.0973493382 0.0533848666 0.00428676978
  vertex 0.0972202867 0.0539955199 0.00390944397
  vertex 0.096967347 0.0541176498 0.00525580952
  endloop
 endfacet

 facet normal 0.927940786 0.326082885 0.180543289
  outer loop
  vertex 0.096967347 0.0541176498 0.00525580952
  vertex 0.0967660323 0.0553964265 0.00398090621
  vertex 0.0964511484 0.0555185564 0.00537872687
  endloop
 endfacet

 facet normal 0.888020277 0.296369016 0.351547182
  outer loop
  vertex 0.096967347 0.0541176498 0.00525580952
  vertex 0.0964511484 0.0555185564 0.00537872687
  vertex 0.0960794836 0.0560286306 0.00588754425
  endloop
 endfacet

 facet normal 0.88109827 0.284469962 0.377813041
  outer loop
  vertex 0.096967347 0.0541176498 0.00525580952
  vertex 0.0960794836 0.0560286306 0.00588754425
  vertex 0.0962549895 0.0551737174 0.0061219437
  endloop
 endfacet

 facet normal 0.86985296 0.22793822 0.437492847
  outer loop
  vertex 0.096967347 0.0541176498 0.00525580952
  vertex 0.0962549895 0.0551737174 0.0061219437
  vertex 0.0964253321 0.0541176498 0.00633347454
  endloop
 endfacet

 facet normal 0.9426893 0.298021108 0.150067404
  outer loop
  vertex 0.096967347 0.0541176498 0.00525580952
  vertex 0.0972202867 0.0539955199 0.00390944397
  vertex 0.0967660323 0.0553964265 0.00398090621
  endloop
 endfacet

 facet normal 0.720849693 0.246057257 0.647944152
  outer loop
  vertex 0.0964253321 0.0541176498 0.00633347454
  vertex 0.0962549895 0.0551737174 0.0061219437
  vertex 0.0958523527 0.0541176498 0.00697092665
  endloop
 endfacet

 facet normal 0.666811705 0.295689076 0.684054315
  outer loop
  vertex 0.0958523527 0.0541176498 0.00697092665
  vertex 0.0962549895 0.0551737174 0.0061219437
  vertex 0.095542632 0.0555832125 0.00663933763
  endloop
 endfacet

 facet normal 0.640290499 0.295712531 0.708930373
  outer loop
  vertex 0.0958523527 0.0541176498 0.00697092665
  vertex 0.095542632 0.0555832125 0.00663933763
  vertex 0.0947838128 0.0559927113 0.00715387193
  endloop
 endfacet

 facet normal 0.620482326 0.28220439 0.731684685
  outer loop
  vertex 0.0958523527 0.0541176498 0.00697092665
  vertex 0.0947838128 0.0559927113 0.00715387193
  vertex 0.0950109437 0.0551449805 0.0072882236
  endloop
 endfacet

 facet normal 0.0344134122 -0.872548521 -0.487313837
  outer loop
  vertex 0.0890694782 -0.0119404765 -0.0189673509
  vertex 0.0877944604 -0.0119907632 -0.0189673509
  vertex 0.0890694782 -0.0115669016 -0.0196362473
  endloop
 endfacet

 facet normal 0.0613535717 -0.871420979 -0.486684114
  outer loop
  vertex 0.0890694782 -0.0119404765 -0.0189673509
  vertex 0.0890694782 -0.0115669016 -0.0196362473
  vertex 0.0897044092 -0.0115381628 -0.0196076632
  endloop
 endfacet

 facet normal 0.0940892622 -0.882350564 -0.461090744
  outer loop
  vertex 0.0890694782 -0.0119404765 -0.0189673509
  vertex 0.0897044092 -0.0115381628 -0.0196076632
  vertex 0.0902154446 -0.0117824255 -0.0190359559
  endloop
 endfacet

 facet normal 0.129138574 -0.864937425 -0.484981
  outer loop
  vertex 0.0902154446 -0.0117824255 -0.0190359559
  vertex 0.0897044092 -0.0115381628 -0.0196076632
  vertex 0.0905613005 -0.0114663243 -0.019507613
  endloop
 endfacet

 facet normal 0.205772579 -0.876004398 -0.436204135
  outer loop
  vertex 0.0902154446 -0.0117824255 -0.0190359559
  vertex 0.0905613005 -0.0114663243 -0.019507613
  vertex 0.0916195139 -0.0116746621 -0.0185900256
  endloop
 endfacet

 facet normal 0.252911121 -0.838805854 -0.482120961
  outer loop
  vertex 0.0916195139 -0.0116746621 -0.0185900256
  vertex 0.0905613005 -0.0114663243 -0.019507613
  vertex 0.0916195139 -0.0113082733 -0.0192274768
  endloop
 endfacet

 facet normal 0.327155232 -0.819282234 -0.470899314
  outer loop
  vertex 0.0916195139 -0.0116746621 -0.0185900256
  vertex 0.0916195139 -0.0113082733 -0.0192274768
  vertex 0.0922750831 -0.0115525322 -0.018347051
  endloop
 endfacet

 facet normal 0.391572833 -0.769203603 -0.504971981
  outer loop
  vertex 0.0922750831 -0.0115525322 -0.018347051
  vertex 0.0916195139 -0.0113082733 -0.0192274768
  vertex 0.0928428993 -0.0108844079 -0.0189244729
  endloop
 endfacet

 facet normal 0.452977628 -0.771333337 -0.447052836
  outer loop
  vertex 0.0922750831 -0.0115525322 -0.018347051
  vertex 0.0928428993 -0.0108844079 -0.0189244729
  vertex 0.0938082039 -0.0104749119 -0.0186529141
  endloop
 endfacet

 facet normal 0.453495383 -0.756088674 -0.47188133
  outer loop
  vertex 0.0938082039 -0.0104749119 -0.0186529141
  vertex 0.0928428993 -0.0108844079 -0.0189244729
  vertex 0.0934158862 -0.0101803625 -0.0195018966
  endloop
 endfacet

 facet normal 0.569197178 -0.659000754 -0.491663069
  outer loop
  vertex 0.0938082039 -0.0104749119 -0.0186529141
  vertex 0.0934158862 -0.0101803625 -0.0195018966
  vertex 0.0942831039 -0.00972776301 -0.0191045608
  endloop
 endfacet

 facet normal 0.570115685 -0.638258398 -0.517295241
  outer loop
  vertex 0.0942831039 -0.00972776301 -0.0191045608
  vertex 0.0934158862 -0.0101803625 -0.0195018966
  vertex 0.0947580114 -0.0089375088 -0.0195562094
  endloop
 endfacet

 facet normal 0.475479692 -0.416143596 -0.775076568
  outer loop
  vertex 0.0947580114 -0.0089375088 -0.0195562094
  vertex 0.0942676142 -0.00844898727 -0.0201193374
  vertex 0.0950728878 -0.00808259565 -0.0198220517
  endloop
 endfacet

 facet normal 0.670034766 -0.434046745 -0.602210045
  outer loop
  vertex 0.0947580114 -0.0089375088 -0.0195562094
  vertex 0.0950728878 -0.00808259565 -0.0198220517
  vertex 0.0959246233 -0.00737855025 -0.0193818379
  endloop
 endfacet

 facet normal 0.708700836 -0.471653819 -0.524676919
  outer loop
  vertex 0.0947580114 -0.0089375088 -0.0195562094
  vertex 0.0959246233 -0.00737855025 -0.0193818379
  vertex 0.0954858512 -0.00841306616 -0.0190445315
  endloop
 endfacet

 facet normal 0.492480099 -0.56089735 -0.665475488
  outer loop
  vertex 0.0947580114 -0.0089375088 -0.0195562094
  vertex 0.0934158862 -0.0101803625 -0.0195018966
  vertex 0.0939062759 -0.00933263544 -0.0198534969
  endloop
 endfacet

 facet normal 0.467550844 -0.424462736 -0.775388718
  outer loop
  vertex 0.0947580114 -0.0089375088 -0.0195562094
  vertex 0.0939062759 -0.00933263544 -0.0198534969
  vertex 0.0942676142 -0.00844898727 -0.0201193374
  endloop
 endfacet

 facet normal 0.643182576 -0.353357345 -0.679304659
  outer loop
  vertex 0.0959246233 -0.00737855025 -0.0193818379
  vertex 0.0950728878 -0.00808259565 -0.0198220517
  vertex 0.0961156189 -0.00653082132 -0.0196419656
  endloop
 endfacet

 facet normal 0.597628474 -0.316069186 -0.736845016
  outer loop
  vertex 0.0961156189 -0.00653082132 -0.0196419656
  vertex 0.0950728878 -0.00808259565 -0.0198220517
  vertex 0.0954806879 -0.00700497534 -0.0199535433
  endloop
 endfacet

 facet normal 0.55360055 -0.212119326 -0.80531472
  outer loop
  vertex 0.0961156189 -0.00653082132 -0.0196419656
  vertex 0.0954806879 -0.00700497534 -0.0199535433
  vertex 0.0954497159 -0.00580522371 -0.0202908497
  endloop
 endfacet

 facet normal 0.567821383 -0.194233224 -0.799907804
  outer loop
  vertex 0.0961156189 -0.00653082132 -0.0196419656
  vertex 0.0954497159 -0.00580522371 -0.0202908497
  vertex 0.0962188542 -0.00580522371 -0.0197448693
  endloop
 endfacet

 facet normal 0.57350409 -0.135534167 -0.807913184
  outer loop
  vertex 0.0962188542 -0.00580522371 -0.0197448693
  vertex 0.0954497159 -0.00580522371 -0.0202908497
  vertex 0.0963479057 -0.0045264489 -0.0198677871
  endloop
 endfacet

 facet normal 0.824287653 -0.136012152 -0.549591362
  outer loop
  vertex 0.0962188542 -0.00580522371 -0.0197448693
  vertex 0.0963479057 -0.0045264489 -0.0198677871
  vertex 0.0970344543 -0.00445460621 -0.0188558698
  endloop
 endfacet

 facet normal 0.827836931 -0.0680800229 -0.556822419
  outer loop
  vertex 0.0970344543 -0.00445460621 -0.0188558698
  vertex 0.0963479057 -0.0045264489 -0.0198677871
  vertex 0.0970292911 -0.00325485668 -0.019010229
  endloop
 endfacet

 facet normal 0.855263948 -0.062505126 -0.514409065
  outer loop
  vertex 0.0970344543 -0.00445460621 -0.0188558698
  vertex 0.0970292911 -0.00325485668 -0.019010229
  vertex 0.0973699838 -0.00398045406 -0.0183556266
  endloop
 endfacet

 facet normal 0.878830671 -0.0175213795 -0.476811975
  outer loop
  vertex 0.0973699838 -0.00398045406 -0.0183556266
  vertex 0.0970292911 -0.00325485668 -0.019010229
  vertex 0.097375147 -0.00325485668 -0.0183727778
  endloop
 endfacet

 facet normal 0.878956199 -0.00461379392 -0.476880133
  outer loop
  vertex 0.097375147 -0.00325485668 -0.0183727778
  vertex 0.0970292911 -0.00325485668 -0.019010229
  vertex 0.0973803028 -0.00197607977 -0.0183756389
  endloop
 endfacet

 facet normal 0.875975251 -0.0010787152 -0.48235482
  outer loop
  vertex 0.0973803028 -0.00197607977 -0.0183756389
  vertex 0.0970292911 -0.00325485668 -0.019010229
  vertex 0.0970292911 -0.00197607977 -0.0190130901
  endloop
 endfacet

 facet normal 0.875975788 -5.26771983e-05 -0.482355118
  outer loop
  vertex 0.0973803028 -0.00197607977 -0.0183756389
  vertex 0.0970292911 -0.00197607977 -0.0190130901
  vertex 0.0970396176 0.0387867056 -0.0189987961
  endloop
 endfacet

 facet normal 0.876054406 -4.98381851e-05 -0.482212394
  outer loop
  vertex 0.0973803028 -0.00197607977 -0.0183756389
  vertex 0.0970396176 0.0387867056 -0.0189987961
  vertex 0.0973803028 0.0256756563 -0.0183784962
  endloop
 endfacet

 facet normal 0.963244855 -2.77632698e-05 -0.2686252
  outer loop
  vertex 0.0973803028 -0.00197607977 -0.0183756389
  vertex 0.0973803028 0.0256756563 -0.0183784962
  vertex 0.0973854661 0.0387867056 -0.0183613449
  endloop
 endfacet

 facet normal 0.989851475 -7.54952998e-05 -0.142105862
  outer loop
  vertex 0.0973803028 -0.00197607977 -0.0183756389
  vertex 0.0973854661 0.0387867056 -0.0183613449
  vertex 0.0974783823 -0.00197607977 -0.0176924486
  endloop
 endfacet

 facet normal 0.990335405 -1.83970333e-05 -0.138693497
  outer loop
  vertex 0.0974783823 -0.00197607977 -0.0176924486
  vertex 0.0973854661 0.0387867056 -0.0183613449
  vertex 0.0974835455 0.0387867056 -0.0176610053
  endloop
 endfacet

 facet normal 0.991734624 -2.65866511e-05 -0.128306597
  outer loop
  vertex 0.0974783823 -0.00197607977 -0.0176924486
  vertex 0.0974835455 0.0387867056 -0.0176610053
  vertex 0.0979739353 0.0387867056 -0.0138705978
  endloop
 endfacet

 facet normal 0.994230747 -0.00203185854 -0.107242577
  outer loop
  vertex 0.0974783823 -0.00197607977 -0.0176924486
  vertex 0.0979739353 0.0387867056 -0.0138705978
  vertex 0.0979687795 0.0362650715 -0.0138705978
  endloop
 endfacet

 facet normal 0.991734624 0 -0.128306597
  outer loop
  vertex 0.0979739353 0.0387867056 -0.0138705978
  vertex 0.0974835455 0.0387867056 -0.0176610053
  vertex 0.0979739353 0.0400942154 -0.0138705978
  endloop
 endfacet

 facet normal 0.996376336 0.00804242119 -0.0846744254
  outer loop
  vertex 0.0980616957 0.0426445864 -0.0125956936
  vertex 0.0979739353 0.0400942154 -0.0138705978
  vertex 0.0979636088 0.0413729921 -0.0138705978
  endloop
 endfacet

 facet normal 0.995759368 0.0143088363 -0.0908771008
  outer loop
  vertex 0.0980616957 0.0426445864 -0.0125956936
  vertex 0.0979636088 0.0413729921 -0.0138705978
  vertex 0.0974680632 0.0515672825 -0.0176953077
  endloop
 endfacet

 facet normal 0.997657716 0.0317445286 -0.0605911724
  outer loop
  vertex 0.0980616957 0.0426445864 -0.0125956936
  vertex 0.0974680632 0.0515672825 -0.0176953077
  vertex 0.0975454897 0.0515672825 -0.0164204054
  endloop
 endfacet

 facet normal 0 0.487306356 -0.873231113
  outer loop
  vertex 0.0559294038 0.0580617338 -0.0207339227
  vertex 0.0559294038 0.0592040196 -0.0200964715
  vertex 0.0877996236 0.0592040196 -0.0200964715
  endloop
 endfacet

 facet normal 0 0.487306356 -0.873231113
  outer loop
  vertex 0.0559294038 0.0580617338 -0.0207339227
  vertex 0.0877996236 0.0592040196 -0.0200964715
  vertex 0.0877996236 0.0580617338 -0.0207339227
  endloop
 endfacet

 facet normal 0.00523461588 0.271104723 -0.962535739
  outer loop
  vertex 0.0877996236 0.0574223511 -0.0209140088
  vertex 0.0877996236 0.0580617338 -0.0207339227
  vertex 0.0890694782 0.0574079864 -0.0209111497
  endloop
 endfacet

 facet normal 0.0143226124 0.0710135922 -0.997372568
  outer loop
  vertex 0.0903496519 0.0566680171 -0.0209454522
  vertex 0.0890694782 0.0574079864 -0.0209111497
  vertex 0.0903496519 0.0573505089 -0.0208968576
  endloop
 endfacet

 facet normal 0.0227776226 0.0710024461 -0.997216105
  outer loop
  vertex 0.0903496519 0.0566680171 -0.0209454522
  vertex 0.0903496519 0.0573505089 -0.0208968576
  vertex 0.0909845829 0.0573074035 -0.0208854247
  endloop
 endfacet

 facet normal 0.0282950755 0.0655452758 -0.997448385
  outer loop
  vertex 0.0903496519 0.0566680171 -0.0209454522
  vertex 0.0909845829 0.0573074035 -0.0208854247
  vertex 0.091490455 0.0566105396 -0.020916868
  endloop
 endfacet

 facet normal 0.0567651689 0.0860871971 -0.994669259
  outer loop
  vertex 0.091490455 0.0566105396 -0.020916868
  vertex 0.0909845829 0.0573074035 -0.0208854247
  vertex 0.0923989713 0.0561435781 -0.0209054332
  endloop
 endfacet

 facet normal 0.138078764 0.125064209 -0.98249346
  outer loop
  vertex 0.0923989713 0.0561435781 -0.0209054332
  vertex 0.0932507068 0.0557197146 -0.0208396874
  vertex 0.0935913995 0.0548719838 -0.0208997168
  endloop
 endfacet

 facet normal 0.0766613856 0.0674154535 -0.994775414
  outer loop
  vertex 0.0923989713 0.0561435781 -0.0209054332
  vertex 0.0935913995 0.0548719838 -0.0208997168
  vertex 0.0928532258 0.0553317703 -0.0209254436
  endloop
 endfacet

 facet normal 0.14197439 0.189244986 -0.971611917
  outer loop
  vertex 0.0923989713 0.0561435781 -0.0209054332
  vertex 0.0909845829 0.0573074035 -0.0208854247
  vertex 0.0918363184 0.0569913015 -0.0208225362
  endloop
 endfacet

 facet normal 0.180433109 0.213645682 -0.960103929
  outer loop
  vertex 0.0923989713 0.0561435781 -0.0209054332
  vertex 0.0918363184 0.0569913015 -0.0208225362
  vertex 0.0932507068 0.0557197146 -0.0208396874
  endloop
 endfacet

 facet normal 0.0584791079 0.0380685814 -0.997562528
  outer loop
  vertex 0.0928532258 0.0553317703 -0.0209254436
  vertex 0.0935913995 0.0548719838 -0.0208997168
  vertex 0.0937410966 0.0541176498 -0.0209197272
  endloop
 endfacet

 facet normal 0.0576164387 0.0374373831 -0.997636557
  outer loop
  vertex 0.0928532258 0.0553317703 -0.0209254436
  vertex 0.0937410966 0.0541176498 -0.0209197272
  vertex 0.0928996876 0.0541176498 -0.0209683217
  endloop
 endfacet

 facet normal 0.0576452091 0.0201101806 -0.998134673
  outer loop
  vertex 0.0928996876 0.0541176498 -0.0209683217
  vertex 0.0937410966 0.0541176498 -0.0209197272
  vertex 0.093937248 0.0528460555 -0.0209340192
  endloop
 endfacet

 facet normal 0.129398495 0.0310996678 -0.99110496
  outer loop
  vertex 0.093937248 0.0528460555 -0.0209340192
  vertex 0.0937410966 0.0541176498 -0.0209197272
  vertex 0.094572179 0.0528460555 -0.0208511222
  endloop
 endfacet

 facet normal 0.129429281 0.0221780892 -0.991340697
  outer loop
  vertex 0.093937248 0.0528460555 -0.0209340192
  vertex 0.094572179 0.0528460555 -0.0208511222
  vertex 0.094659932 0.0515672825 -0.0208682735
  endloop
 endfacet

 facet normal 0.102172382 0.00659916131 -0.994744778
  outer loop
  vertex 0.093937248 0.0528460555 -0.0209340192
  vertex 0.094659932 0.0515672825 -0.0208682735
  vertex 0.0940198451 0.0515672825 -0.0209340192
  endloop
 endfacet

 facet normal 0.102173999 0.00347976899 -0.994760454
  outer loop
  vertex 0.0940198451 0.0515672825 -0.0209340192
  vertex 0.094659932 0.0515672825 -0.0208682735
  vertex 0.0946754143 0.0502956882 -0.0208711307
  endloop
 endfacet

 facet normal 0.0977770537 0.00119081372 -0.995207667
  outer loop
  vertex 0.0940198451 0.0515672825 -0.0209340192
  vertex 0.0946754143 0.0502956882 -0.0208711307
  vertex 0.0940353274 0.0502956882 -0.0209340192
  endloop
 endfacet

 facet normal 0.0140272081 0.286914289 -0.957853556
  outer loop
  vertex 0.0890694782 0.0574079864 -0.0209111497
  vertex 0.0877996236 0.0580617338 -0.0207339227
  vertex 0.0890694782 0.0580473691 -0.0207196288
  endloop
 endfacet

 facet normal 0.0235706698 0.286862791 -0.957681656
  outer loop
  vertex 0.0890694782 0.0574079864 -0.0209111497
  vertex 0.0890694782 0.0580473691 -0.0207196288
  vertex 0.0903496519 0.0573505089 -0.0208968576
  endloop
 endfacet

 facet normal 0.286694497 -0.160326287 -0.944511354
  outer loop
  vertex 0.0936068818 -0.00660266401 -0.0208997168
  vertex 0.0940869451 -0.00704089459 -0.0206796099
  vertex 0.0933023244 -0.00745039061 -0.0208482631
  endloop
 endfacet

 facet normal 0.169117957 -0.056439206 -0.98397851
  outer loop
  vertex 0.0936068818 -0.00660266401 -0.0208997168
  vertex 0.0937565789 -0.00580522371 -0.0209197272
  vertex 0.0945825055 -0.0045264489 -0.0208511222
  endloop
 endfacet

 facet normal 0.217541695 -0.0794550776 -0.972811639
  outer loop
  vertex 0.0936068818 -0.00660266401 -0.0208997168
  vertex 0.0945825055 -0.0045264489 -0.0208511222
  vertex 0.0943966731 -0.00580522371 -0.0207882337
  endloop
 endfacet

 facet normal 0.290598273 -0.155828714 -0.944071114
  outer loop
  vertex 0.0936068818 -0.00660266401 -0.0208997168
  vertex 0.0943966731 -0.00580522371 -0.0207882337
  vertex 0.0940869451 -0.00704089459 -0.0206796099
  endloop
 endfacet

 facet normal 0.192499459 -0.225631341 -0.95500493
  outer loop
  vertex 0.0933023244 -0.00745039061 -0.0208482631
  vertex 0.0928790346 -0.00831967127 -0.0207282063
  vertex 0.0918827727 -0.00872198492 -0.020833971
  endloop
 endfacet

 facet normal 0.343642771 -0.29066366 -0.892986178
  outer loop
  vertex 0.0933023244 -0.00745039061 -0.0208482631
  vertex 0.0940869451 -0.00704089459 -0.0206796099
  vertex 0.0928790346 -0.00831967127 -0.0207282063
  endloop
 endfacet

 facet normal 0.171415359 -0.329509079 -0.928461432
  outer loop
  vertex 0.0918827727 -0.00872198492 -0.020833971
  vertex 0.0915265903 -0.0095194215 -0.0206167214
  vertex 0.0910362005 -0.00900934823 -0.020888282
  endloop
 endfacet

 facet normal 0.238605961 -0.353039056 -0.904671609
  outer loop
  vertex 0.0918827727 -0.00872198492 -0.020833971
  vertex 0.0928790346 -0.00831967127 -0.0207282063
  vertex 0.0915265903 -0.0095194215 -0.0206167214
  endloop
 endfacet

 facet normal 0.125217438 -0.369764745 -0.920649052
  outer loop
  vertex 0.0910362005 -0.00900934823 -0.020888282
  vertex 0.0915265903 -0.0095194215 -0.0206167214
  vertex 0.0903444961 -0.00970621035 -0.0207024775
  endloop
 endfacet

 facet normal 0.0512756929 -0.30449748 -0.951131999
  outer loop
  vertex 0.0910362005 -0.00900934823 -0.020888282
  vertex 0.0903444961 -0.00970621035 -0.0207024775
  vertex 0.0890694782 -0.00977804977 -0.0207482148
  endloop
 endfacet

 facet normal 0.0435280912 -0.285799205 -0.957300425
  outer loop
  vertex 0.0910362005 -0.00900934823 -0.020888282
  vertex 0.0890694782 -0.00977804977 -0.0207482148
  vertex 0.0903444961 -0.00906682108 -0.0209025759
  endloop
 endfacet

 facet normal 0.0581684522 -0.472494215 -0.879412115
  outer loop
  vertex 0.0890694782 -0.00977804977 -0.0207482148
  vertex 0.0903444961 -0.00970621035 -0.0207024775
  vertex 0.0890694782 -0.0109059606 -0.0201422069
  endloop
 endfacet

 facet normal 0.0276391134 -0.473114818 -0.880567193
  outer loop
  vertex 0.0890694782 -0.00977804977 -0.0207482148
  vertex 0.0890694782 -0.0109059606 -0.0201422069
  vertex 0.0877944604 -0.0109059606 -0.0201822259
  endloop
 endfacet

 facet normal 0.0177761987 -0.464411408 -0.885441244
  outer loop
  vertex 0.0890694782 -0.00977804977 -0.0207482148
  vertex 0.0877944604 -0.0109059606 -0.0201822259
  vertex 0.0877944604 -0.00979960524 -0.0207625069
  endloop
 endfacet

 facet normal 0.25200066 -0.000100017685 -0.967727125
  outer loop
  vertex 0.094670251 0.0256756563 -0.0208711307
  vertex 0.0946754143 0.0110272057 -0.0208682735
  vertex 0.094670251 -0.00197607977 -0.0208682735
  endloop
 endfacet

 facet normal 0.253032267 -9.96016825e-05 -0.967457891
  outer loop
  vertex 0.094670251 0.0256756563 -0.0208711307
  vertex 0.0946754143 0.0387867056 -0.0208711307
  vertex 0.0946754143 0.0110272057 -0.0208682735
  endloop
 endfacet

 facet normal 0.383504868 0 -0.923538864
  outer loop
  vertex 0.0946754143 0.0387867056 -0.0208711307
  vertex 0.0946754143 0.0502956882 -0.0208711307
  vertex 0.0946960673 0.0387867056 -0.0208625551
  endloop
 endfacet

 facet normal 0.383504868 -9.50801405e-05 -0.923538864
  outer loop
  vertex 0.0946754143 0.0387867056 -0.0208711307
  vertex 0.0946960673 0.0387867056 -0.0208625551
  vertex 0.0946754143 0.0110272057 -0.0208682735
  endloop
 endfacet

 facet normal 0.397761673 -0.0036571119 -0.917481542
  outer loop
  vertex 0.094670251 -0.00197607977 -0.0208682735
  vertex 0.0954497159 -0.00325485668 -0.0205252506
  vertex 0.0946650952 -0.00325485668 -0.0208654143
  endloop
 endfacet

 facet normal 0.399979681 -0.000158749739 -0.916524053
  outer loop
  vertex 0.094670251 -0.00197607977 -0.0208682735
  vertex 0.0946754143 0.0110272057 -0.0208682735
  vertex 0.0954497159 -0.00197607977 -0.0205281079
  endloop
 endfacet

 facet normal 0.399978846 -0.00204830407 -0.916522145
  outer loop
  vertex 0.094670251 -0.00197607977 -0.0208682735
  vertex 0.0954497159 -0.00197607977 -0.0205281079
  vertex 0.0954497159 -0.00325485668 -0.0205252506
  endloop
 endfacet

 facet normal 0.397504717 -0.0361228697 -0.916888833
  outer loop
  vertex 0.0946650952 -0.00325485668 -0.0208654143
  vertex 0.0954497159 -0.00325485668 -0.0205252506
  vertex 0.0945825055 -0.0045264489 -0.0208511222
  endloop
 endfacet

 facet normal 0.396868527 -0.102530636 -0.912130952
  outer loop
  vertex 0.0945825055 -0.0045264489 -0.0208511222
  vertex 0.0954497159 -0.0045264489 -0.0204737969
  vertex 0.0943966731 -0.00580522371 -0.0207882337
  endloop
 endfacet

 facet normal 0.39869687 -0.037078362 -0.91633296
  outer loop
  vertex 0.0945825055 -0.0045264489 -0.0208511222
  vertex 0.0954497159 -0.00325485668 -0.0205252506
  vertex 0.0954497159 -0.0045264489 -0.0204737969
  endloop
 endfacet

 facet normal 0.0251000002 -0.599911809 -0.799672306
  outer loop
  vertex 0.0877944604 -0.0109059606 -0.0201822259
  vertex 0.0890694782 -0.0109059606 -0.0201422069
  vertex 0.0877944604 -0.0115956366 -0.0196648333
  endloop
 endfacet

 facet normal 0.0314864591 -0.607553244 -0.793654621
  outer loop
  vertex 0.0877944604 -0.0115956366 -0.0196648333
  vertex 0.0890694782 -0.0109059606 -0.0201422069
  vertex 0.0890694782 -0.0115669016 -0.0196362473
  endloop
 endfacet

 facet normal 0.0306456741 -0.869674087 -0.492674232
  outer loop
  vertex 0.0877944604 -0.0115956366 -0.0196648333
  vertex 0.0890694782 -0.0115669016 -0.0196362473
  vertex 0.0877944604 -0.0119907632 -0.0189673509
  endloop
 endfacet

 facet normal -0.538140833 0.842854917 0
  outer loop
  vertex 0.0495852977 0.0590172298 -0.0164204054
  vertex 0.0495852977 0.0590172298 0.00270314515
  vertex 0.0505867265 0.0596566163 0.00270314515
  endloop
 endfacet

 facet normal -0.536175609 0.844106436 -0.000144752674
  outer loop
  vertex 0.0495852977 0.0590172298 -0.0164204054
  vertex 0.0505867265 0.0596566163 0.00270314515
  vertex 0.0505918898 0.0596566163 -0.0164204054
  endloop
 endfacet

 facet normal -0.46247372 0.886633039 -0.000124855185
  outer loop
  vertex 0.0505918898 0.0596566163 -0.0164204054
  vertex 0.0505867265 0.0596566163 0.00270314515
  vertex 0.051211331 0.0599799007 -0.0151455002
  endloop
 endfacet

 facet normal -0.434582591 0.900468051 -0.0171845965
  outer loop
  vertex 0.0505918898 0.0596566163 -0.0164204054
  vertex 0.051211331 0.0599799007 -0.0151455002
  vertex 0.0512319766 0.059965536 -0.0164204054
  endloop
 endfacet

 facet normal -0.433557689 0.898344278 -0.0707480907
  outer loop
  vertex 0.0505918898 0.0596566163 -0.0164204054
  vertex 0.0512319766 0.059965536 -0.0164204054
  vertex 0.0507106148 0.059613511 -0.0176953077
  endloop
 endfacet

 facet normal -0.408110797 0.909049511 -0.0841103196
  outer loop
  vertex 0.0507106148 0.059613511 -0.0176953077
  vertex 0.0512319766 0.059965536 -0.0164204054
  vertex 0.0513507016 0.0599008761 -0.0176953077
  endloop
 endfacet

 facet normal -0.320635289 0.944007516 -0.0777370855
  outer loop
  vertex 0.0513507016 0.0599008761 -0.0176953077
  vertex 0.0512319766 0.059965536 -0.0164204054
  vertex 0.0520991944 0.0602600873 -0.0164204054
  endloop
 endfacet

 facet normal -0.317434639 0.944910645 -0.0798706487
  outer loop
  vertex 0.0513507016 0.0599008761 -0.0176953077
  vertex 0.0520991944 0.0602600873 -0.0164204054
  vertex 0.0520991944 0.0601523221 -0.0176953077
  endloop
 endfacet

 facet normal -0.218279898 0.972418606 -0.0821958184
  outer loop
  vertex 0.0520991944 0.0601523221 -0.0176953077
  vertex 0.0520991944 0.0602600873 -0.0164204054
  vertex 0.0533793718 0.0604396872 -0.0176953077
  endloop
 endfacet

 facet normal -0.214205205 0.954266131 -0.208548665
  outer loop
  vertex 0.0520991944 0.0601523221 -0.0176953077
  vertex 0.0533793718 0.0604396872 -0.0176953077
  vertex 0.0520991944 0.059965536 -0.0185500085
  endloop
 endfacet

 facet normal -0.165612951 0.946485758 -0.277014315
  outer loop
  vertex 0.0520991944 0.059965536 -0.0185500085
  vertex 0.0533793718 0.0604396872 -0.0176953077
  vertex 0.0533793718 0.0601092204 -0.0188244265
  endloop
 endfacet

 facet normal -0.0279300567 0.635038793 -0.771975219
  outer loop
  vertex 0.0546492264 0.0598218478 -0.0195590667
  vertex 0.0559294038 0.0598434061 -0.0195876509
  vertex 0.0546492264 0.0591824651 -0.0200850349
  endloop
 endfacet

 facet normal -0.0760014728 0.877005696 -0.474431008
  outer loop
  vertex 0.0546492264 0.0598218478 -0.0195590667
  vertex 0.0533793718 0.0601092204 -0.0188244265
  vertex 0.0546492264 0.0601666905 -0.0189216156
  endloop
 endfacet

 facet normal -0.0254259109 0.879265308 -0.47565344
  outer loop
  vertex 0.0546492264 0.0598218478 -0.0195590667
  vertex 0.0546492264 0.0601666905 -0.0189216156
  vertex 0.0559294038 0.060188245 -0.0189501997
  endloop
 endfacet

 facet normal -0.0254259109 0.879265308 -0.47565344
  outer loop
  vertex 0.0546492264 0.0598218478 -0.0195590667
  vertex 0.0559294038 0.060188245 -0.0189501997
  vertex 0.0559294038 0.0598434061 -0.0195876509
  endloop
 endfacet

 facet normal -0.0865492225 0.956137657 -0.279839218
  outer loop
  vertex 0.0533793718 0.0601092204 -0.0188244265
  vertex 0.0533793718 0.0604396872 -0.0176953077
  vertex 0.0546492264 0.0605546348 -0.0176953077
  endloop
 endfacet

 facet normal -0.066088967 0.95134443 -0.300958842
  outer loop
  vertex 0.0533793718 0.0601092204 -0.0188244265
  vertex 0.0546492264 0.0605546348 -0.0176953077
  vertex 0.0546492264 0.0601666905 -0.0189216156
  endloop
 endfacet

 facet normal -0.017471768 0.622591257 -0.782352149
  outer loop
  vertex 0.0546492264 0.0591824651 -0.0200850349
  vertex 0.0559294038 0.0598434061 -0.0195876509
  vertex 0.0559294038 0.0592040196 -0.0200964715
  endloop
 endfacet

 facet normal 0 0.622686327 -0.782471597
  outer loop
  vertex 0.0559294038 0.0592040196 -0.0200964715
  vertex 0.0559294038 0.0598434061 -0.0195876509
  vertex 0.0877996236 0.0598434061 -0.0195876509
  endloop
 endfacet

 facet normal 0 0.622686327 -0.782471597
  outer loop
  vertex 0.0559294038 0.0592040196 -0.0200964715
  vertex 0.0877996236 0.0598434061 -0.0195876509
  vertex 0.0877996236 0.0592040196 -0.0200964715
  endloop
 endfacet

 facet normal 0 0.9215101 0.38835454
  outer loop
  vertex 0.0559294038 0.0600589253 0.00619340735
  vertex 0.0877996236 0.0600589253 0.00619340735
  vertex 0.0877996236 0.0604540594 0.00525580952
  endloop
 endfacet

 facet normal 0 0.9215101 0.38835454
  outer loop
  vertex 0.0559294038 0.0600589253 0.00619340735
  vertex 0.0877996236 0.0604540594 0.00525580952
  vertex 0.0559294038 0.0604540594 0.00525580952
  endloop
 endfacet

 facet normal -0.0164087359 0.921386063 0.388302296
  outer loop
  vertex 0.0559294038 0.0600589253 0.00619340735
  vertex 0.0559294038 0.0604540594 0.00525580952
  vertex 0.0546492264 0.0600445606 0.00617339741
  endloop
 endfacet

 facet normal -0.0259795468 0.925869107 0.376950175
  outer loop
  vertex 0.0546492264 0.0600445606 0.00617339741
  vertex 0.0559294038 0.0604540594 0.00525580952
  vertex 0.0546492264 0.0604181401 0.00525580952
  endloop
 endfacet

 facet normal -0.0663851798 0.924138665 0.376245677
  outer loop
  vertex 0.0546492264 0.0600445606 0.00617339741
  vertex 0.0546492264 0.0604181401 0.00525580952
  vertex 0.0533793718 0.0599870905 0.00609050039
  endloop
 endfacet

 facet normal -0.0843509212 0.931852281 0.352897048
  outer loop
  vertex 0.0533793718 0.0599870905 0.00609050039
  vertex 0.0546492264 0.0604181401 0.00525580952
  vertex 0.0533793718 0.0603031926 0.00525580952
  endloop
 endfacet

 facet normal -0.0889803097 0.982994735 0.160635442
  outer loop
  vertex 0.0533793718 0.0603031926 0.00525580952
  vertex 0.0546492264 0.0604181401 0.00525580952
  vertex 0.0533793718 0.0605115294 0.00398090621
  endloop
 endfacet

 facet normal -0.216288865 0.963548779 0.15745768
  outer loop
  vertex 0.0533793718 0.0603031926 0.00525580952
  vertex 0.0533793718 0.0605115294 0.00398090621
  vertex 0.0520991944 0.060224168 0.00398090621
  endloop
 endfacet

 facet normal -0.218838274 0.962540507 0.16008012
  outer loop
  vertex 0.0533793718 0.0603031926 0.00525580952
  vertex 0.0520991944 0.060224168 0.00398090621
  vertex 0.0521198399 0.0600230098 0.00521864928
  endloop
 endfacet

 facet normal -0.247068077 0.955788732 0.159453765
  outer loop
  vertex 0.0521198399 0.0600230098 0.00521864928
  vertex 0.0520991944 0.060224168 0.00398090621
  vertex 0.0513558649 0.0599008761 0.00476700254
  endloop
 endfacet

 facet normal -0.327628523 0.941626668 0.0774518475
  outer loop
  vertex 0.0513558649 0.0599008761 0.00476700254
  vertex 0.0520991944 0.060224168 0.00398090621
  vertex 0.0512732714 0.0599367954 0.00398090621
  endloop
 endfacet

 facet normal -0.408100128 0.909025848 0.0844171643
  outer loop
  vertex 0.0513558649 0.0599008761 0.00476700254
  vertex 0.0512732714 0.0599367954 0.00398090621
  vertex 0.0506331846 0.0596494339 0.00398090621
  endloop
 endfacet

 facet normal -0.409281105 0.91165632 0.0370384604
  outer loop
  vertex 0.0506331846 0.0596494339 0.00398090621
  vertex 0.0512732714 0.0599367954 0.00398090621
  vertex 0.0512216538 0.059965536 0.00270314515
  endloop
 endfacet

 facet normal -0.43740961 0.899018168 0.0209573936
  outer loop
  vertex 0.0506331846 0.0596494339 0.00398090621
  vertex 0.0512216538 0.059965536 0.00270314515
  vertex 0.0505867265 0.0596566163 0.00270314515
  endloop
 endfacet

 facet normal -0.528278053 0.848732829 0.023978591
  outer loop
  vertex 0.0506331846 0.0596494339 0.00398090621
  vertex 0.0505867265 0.0596566163 0.00270314515
  vertex 0.0496059433 0.0590100475 0.00398090621
  endloop
 endfacet

 facet normal -0.538092256 0.842778921 0.0134326657
  outer loop
  vertex 0.0496059433 0.0590100475 0.00398090621
  vertex 0.0505867265 0.0596566163 0.00270314515
  vertex 0.0495852977 0.0590172298 0.00270314515
  endloop
 endfacet

 facet normal 0.64832443 0.355215877 0.673421979
  outer loop
  vertex 0.0947838128 0.0559927113 0.00715387193
  vertex 0.095542632 0.0555832125 0.00663933763
  vertex 0.0960794836 0.0560286306 0.00588754425
  endloop
 endfacet

 facet normal 0.624852896 0.430189788 0.651533306
  outer loop
  vertex 0.0947838128 0.0559927113 0.00715387193
  vertex 0.0960794836 0.0560286306 0.00588754425
  vertex 0.0952071026 0.0566680171 0.00630203122
  endloop
 endfacet

 facet normal 0.591141939 0.462764442 0.660606027
  outer loop
  vertex 0.0947838128 0.0559927113 0.00715387193
  vertex 0.0952071026 0.0566680171 0.00630203122
  vertex 0.0944947451 0.0566680171 0.00693948241
  endloop
 endfacet

 facet normal 0.515295923 0.451777279 0.728263319
  outer loop
  vertex 0.0947838128 0.0559927113 0.00715387193
  vertex 0.0944947451 0.0566680171 0.00693948241
  vertex 0.0935655832 0.0573361404 0.00718245748
  endloop
 endfacet

 facet normal 0.386511266 0.332183301 0.860385597
  outer loop
  vertex 0.0947838128 0.0559927113 0.00715387193
  vertex 0.0935655832 0.0573361404 0.00718245748
  vertex 0.0938598216 0.0566680171 0.0073082326
  endloop
 endfacet

 facet normal 0.540124357 0.506816447 0.671865106
  outer loop
  vertex 0.0935655832 0.0573361404 0.00718245748
  vertex 0.0944947451 0.0566680171 0.00693948241
  vertex 0.0949180275 0.0574295335 0.00602475367
  endloop
 endfacet

 facet normal 0.514414907 0.563506126 0.646404028
  outer loop
  vertex 0.0935655832 0.0573361404 0.00718245748
  vertex 0.0949180275 0.0574295335 0.00602475367
  vertex 0.0940095186 0.057803113 0.00642208941
  endloop
 endfacet

 facet normal 0.489804 0.585783422 0.645716548
  outer loop
  vertex 0.0935655832 0.0573361404 0.00718245748
  vertex 0.0940095186 0.057803113 0.00642208941
  vertex 0.0936120376 0.0586364679 0.00596758351
  endloop
 endfacet

 facet normal 0.444991201 0.602832198 0.662250876
  outer loop
  vertex 0.0935655832 0.0573361404 0.00718245748
  vertex 0.0936120376 0.0586364679 0.00596758351
  vertex 0.0928996876 0.0581982397 0.00684515201
  endloop
 endfacet

 facet normal 0.379438162 0.576288462 0.723821998
  outer loop
  vertex 0.0935655832 0.0573361404 0.00718245748
  vertex 0.0928996876 0.0581982397 0.00684515201
  vertex 0.0920324698 0.058464054 0.00708812615
  endloop
 endfacet

 facet normal 0.301774114 0.479121864 0.824241877
  outer loop
  vertex 0.0935655832 0.0573361404 0.00718245748
  vertex 0.0920324698 0.058464054 0.00708812615
  vertex 0.0928996876 0.0575588532 0.00729679875
  endloop
 endfacet

 facet normal 0.38307476 0.648513258 0.657787561
  outer loop
  vertex 0.0920324698 0.058464054 0.00708812615
  vertex 0.0928996876 0.0581982397 0.00684515201
  vertex 0.0928996876 0.0588448048 0.00620769989
  endloop
 endfacet

 facet normal 0.330745369 0.702867627 0.629749596
  outer loop
  vertex 0.0920324698 0.058464054 0.00708812615
  vertex 0.0928996876 0.0588448048 0.00620769989
  vertex 0.0915627256 0.0591896474 0.00652499637
  endloop
 endfacet

 facet normal 0.330692232 0.709093273 0.622759521
  outer loop
  vertex 0.0915627256 0.0591896474 0.00652499637
  vertex 0.0928996876 0.0588448048 0.00620769989
  vertex 0.0910981447 0.0599008761 0.00596186658
  endloop
 endfacet

 facet normal 0.392086357 0.781739593 0.484924257
  outer loop
  vertex 0.0910981447 0.0599008761 0.00596186658
  vertex 0.0928996876 0.0588448048 0.00620769989
  vertex 0.0936120376 0.0586364679 0.00596758351
  endloop
 endfacet

 facet normal 0.408020705 0.813105047 0.415186048
  outer loop
  vertex 0.0910981447 0.0599008761 0.00596186658
  vertex 0.0936120376 0.0586364679 0.00596758351
  vertex 0.0919447169 0.0597212762 0.00548163382
  endloop
 endfacet

 facet normal 0.354048043 0.888528585 0.291833967
  outer loop
  vertex 0.0910981447 0.0599008761 0.00596186658
  vertex 0.0919447169 0.0597212762 0.00548163382
  vertex 0.0915627256 0.0599870905 0.00513575133
  endloop
 endfacet

 facet normal 0.235315695 0.944102228 0.230862722
  outer loop
  vertex 0.0910981447 0.0599008761 0.00596186658
  vertex 0.0915627256 0.0599870905 0.00513575133
  vertex 0.0903496519 0.0602600873 0.00525580952
  endloop
 endfacet

 facet normal 0.124826118 0.931521893 0.341592401
  outer loop
  vertex 0.0910981447 0.0599008761 0.00596186658
  vertex 0.0903496519 0.0602600873 0.00525580952
  vertex 0.0903496519 0.059965536 0.00605905568
  endloop
 endfacet

 facet normal 0.149175882 0.738517463 0.657524526
  outer loop
  vertex 0.0910981447 0.0599008761 0.00596186658
  vertex 0.0903496519 0.059965536 0.00605905568
  vertex 0.0903496519 0.0593979917 0.0066965078
  endloop
 endfacet

 facet normal 0.101732746 0.742999554 0.661515117
  outer loop
  vertex 0.0903496519 0.0593979917 0.0066965078
  vertex 0.0903496519 0.059965536 0.00605905568
  vertex 0.0890694782 0.0594841987 0.00679655606
  endloop
 endfacet

 facet normal 0.0888477787 0.756483734 0.647949457
  outer loop
  vertex 0.0890694782 0.0594841987 0.00679655606
  vertex 0.0903496519 0.059965536 0.00605905568
  vertex 0.0890694782 0.0600301959 0.00615910487
  endloop
 endfacet

 facet normal 0.034735132 0.759029031 0.650129497
  outer loop
  vertex 0.0890694782 0.0594841987 0.00679655606
  vertex 0.0890694782 0.0600301959 0.00615910487
  vertex 0.0877996236 0.0600589253 0.00619340735
  endloop
 endfacet

 facet normal 0.0313246772 0.92105788 0.388163984
  outer loop
  vertex 0.0877996236 0.0600589253 0.00619340735
  vertex 0.0890694782 0.0600301959 0.00615910487
  vertex 0.0877996236 0.0604540594 0.00525580952
  endloop
 endfacet

 facet normal 0.996183991 0.0629053712 -0.0605016649
  outer loop
  vertex 0.0975454897 0.0515672825 -0.0164204054
  vertex 0.0974680632 0.0515672825 -0.0176953077
  vertex 0.0974009559 0.0527454801 -0.0175752491
  endloop
 endfacet

 facet normal 0.996180177 0.0643388256 -0.0590387434
  outer loop
  vertex 0.0975454897 0.0515672825 -0.0164204054
  vertex 0.0974009559 0.0527454801 -0.0175752491
  vertex 0.0974629 0.0528460555 -0.0164204054
  endloop
 endfacet

 facet normal 0.997847557 0.0644465238 -0.012118144
  outer loop
  vertex 0.0975454897 0.0515672825 -0.0164204054
  vertex 0.0974629 0.0528460555 -0.0164204054
  vertex 0.0974783823 0.0528460555 -0.0151455002
  endloop
 endfacet

 facet normal 0.993101358 0.116636977 -0.0120605035
  outer loop
  vertex 0.0974783823 0.0528460555 -0.0151455002
  vertex 0.0974629 0.0528460555 -0.0164204054
  vertex 0.0973906368 0.0535932072 -0.0151455002
  endloop
 endfacet

 facet normal 0.959409356 0.28201741 0
  outer loop
  vertex 0.0973906368 0.0535932072 0.000153338522
  vertex 0.0973906368 0.0535932072 -0.0151455002
  vertex 0.097204797 0.0542254113 -0.0151455002
  endloop
 endfacet

 facet normal 0.959409356 0.28201741 0
  outer loop
  vertex 0.0973906368 0.0535932072 0.000153338522
  vertex 0.097204797 0.0542254113 -0.0151455002
  vertex 0.097204797 0.0542254113 0.000153338522
  endloop
 endfacet

 facet normal 0.9417665 0.336267471 0
  outer loop
  vertex 0.097204797 0.0542254113 0.000153338522
  vertex 0.097204797 0.0542254113 -0.0151455002
  vertex 0.0967866778 0.0553964265 -0.0164204054
  endloop
 endfacet

 facet normal 0.9417665 0.336267471 0
  outer loop
  vertex 0.097204797 0.0542254113 0.000153338522
  vertex 0.0967866778 0.0553964265 -0.0164204054
  vertex 0.0967866778 0.0553964265 0.000153338522
  endloop
 endfacet

 facet normal 0.941764832 0.336266845 0.00190617773
  outer loop
  vertex 0.097204797 0.0542254113 0.000153338522
  vertex 0.0967866778 0.0553964265 0.000153338522
  vertex 0.0967815146 0.0553964265 0.00270314515
  endloop
 endfacet

 facet normal 0.943068683 0.332576096 0.00381763373
  outer loop
  vertex 0.097204797 0.0542254113 0.000153338522
  vertex 0.0967815146 0.0553964265 0.00270314515
  vertex 0.0971996412 0.0542254113 0.00142824184
  endloop
 endfacet

 facet normal 0.945444822 0.325595945 0.0110082878
  outer loop
  vertex 0.0971996412 0.0542254113 0.00142824184
  vertex 0.0967815146 0.0553964265 0.00270314515
  vertex 0.0971996412 0.0541823059 0.00270314515
  endloop
 endfacet

 facet normal 0.945440233 0.325594336 0.0114588328
  outer loop
  vertex 0.0971996412 0.0541823059 0.00270314515
  vertex 0.0967815146 0.0553964265 0.00270314515
  vertex 0.0967660323 0.0553964265 0.00398090621
  endloop
 endfacet

 facet normal 0.951243222 0.306856781 0.0312323701
  outer loop
  vertex 0.0971996412 0.0541823059 0.00270314515
  vertex 0.0967660323 0.0553964265 0.00398090621
  vertex 0.0972202867 0.0539955199 0.00390944397
  endloop
 endfacet

 facet normal 0.899981141 0.435792446 0.0109078642
  outer loop
  vertex 0.0967660323 0.0553964265 0.00398090621
  vertex 0.0967815146 0.0553964265 0.00270314515
  vertex 0.0963014513 0.056387838 0.00270314515
  endloop
 endfacet

 facet normal 0.898634076 0.438491583 0.0134918867
  outer loop
  vertex 0.0967660323 0.0553964265 0.00398090621
  vertex 0.0963014513 0.056387838 0.00270314515
  vertex 0.0962962881 0.0563590974 0.00398090621
  endloop
 endfacet

 facet normal 0.892227292 0.435365319 0.119947776
  outer loop
  vertex 0.0967660323 0.0553964265 0.00398090621
  vertex 0.0962962881 0.0563590974 0.00398090621
  vertex 0.0962136984 0.0562369712 0.00503856223
  endloop
 endfacet

 facet normal 0.908411443 0.381366462 0.171313807
  outer loop
  vertex 0.0967660323 0.0553964265 0.00398090621
  vertex 0.0962136984 0.0562369712 0.00503856223
  vertex 0.0964511484 0.0555185564 0.00537872687
  endloop
 endfacet

 facet normal 0.882635117 0.40483737 0.238876715
  outer loop
  vertex 0.0964511484 0.0555185564 0.00537872687
  vertex 0.0962136984 0.0562369712 0.00503856223
  vertex 0.0960794836 0.0560286306 0.00588754425
  endloop
 endfacet

 facet normal 0.783859015 0.562930703 0.262057364
  outer loop
  vertex 0.0960794836 0.0560286306 0.00588754425
  vertex 0.0962136984 0.0562369712 0.00503856223
  vertex 0.0957955718 0.0566608347 0.00537872687
  endloop
 endfacet

 facet normal 0.745795906 0.587575316 0.313916743
  outer loop
  vertex 0.0960794836 0.0560286306 0.00588754425
  vertex 0.0957955718 0.0566608347 0.00537872687
  vertex 0.0949180275 0.0574295335 0.00602475367
  endloop
 endfacet

 facet normal 0.634395063 0.465518892 0.617118478
  outer loop
  vertex 0.0960794836 0.0560286306 0.00588754425
  vertex 0.0949180275 0.0574295335 0.00602475367
  vertex 0.0952071026 0.0566680171 0.00630203122
  endloop
 endfacet

 facet normal 0.670409083 0.321039379 0.668943584
  outer loop
  vertex 0.0960794836 0.0560286306 0.00588754425
  vertex 0.095542632 0.0555832125 0.00663933763
  vertex 0.0962549895 0.0551737174 0.0061219437
  endloop
 endfacet

 facet normal 0.0631352663 -0.606641948 -0.792464197
  outer loop
  vertex 0.0890694782 -0.0115669016 -0.0196362473
  vertex 0.0890694782 -0.0109059606 -0.0201422069
  vertex 0.0897044092 -0.0115381628 -0.0196076632
  endloop
 endfacet

 facet normal 0.0719623715 -0.600858867 -0.796109378
  outer loop
  vertex 0.0897044092 -0.0115381628 -0.0196076632
  vertex 0.0890694782 -0.0109059606 -0.0201422069
  vertex 0.0902154446 -0.0109921684 -0.0199735556
  endloop
 endfacet

 facet normal 0.14183861 -0.639251351 -0.755803943
  outer loop
  vertex 0.0897044092 -0.0115381628 -0.0196076632
  vertex 0.0902154446 -0.0109921684 -0.0199735556
  vertex 0.0905613005 -0.0114663243 -0.019507613
  endloop
 endfacet

 facet normal 0.160481021 -0.629786313 -0.760009885
  outer loop
  vertex 0.0905613005 -0.0114663243 -0.019507613
  vertex 0.0902154446 -0.0109921684 -0.0199735556
  vertex 0.0916195139 -0.010668884 -0.0199449677
  endloop
 endfacet

 facet normal 0.276343226 -0.717429817 -0.639475465
  outer loop
  vertex 0.0905613005 -0.0114663243 -0.019507613
  vertex 0.0916195139 -0.010668884 -0.0199449677
  vertex 0.0925693214 -0.0104533602 -0.0197763145
  endloop
 endfacet

 facet normal 0.276415169 -0.71753335 -0.639328182
  outer loop
  vertex 0.0905613005 -0.0114663243 -0.019507613
  vertex 0.0925693214 -0.0104533602 -0.0197763145
  vertex 0.0916195139 -0.0113082733 -0.0192274768
  endloop
 endfacet

 facet normal 0.391686171 -0.764164627 -0.512478709
  outer loop
  vertex 0.0916195139 -0.0113082733 -0.0192274768
  vertex 0.0925693214 -0.0104533602 -0.0197763145
  vertex 0.0928428993 -0.0108844079 -0.0189244729
  endloop
 endfacet

 facet normal 0.409578592 -0.754235089 -0.513200581
  outer loop
  vertex 0.0928428993 -0.0108844079 -0.0189244729
  vertex 0.0925693214 -0.0104533602 -0.0197763145
  vertex 0.0934158862 -0.0101803625 -0.0195018966
  endloop
 endfacet

 facet normal 0.412188172 -0.542143464 -0.732244134
  outer loop
  vertex 0.0934158862 -0.0101803625 -0.0195018966
  vertex 0.0925693214 -0.0104533602 -0.0197763145
  vertex 0.0939062759 -0.00933263544 -0.0198534969
  endloop
 endfacet

 facet normal 0.360983729 -0.400922775 -0.841992736
  outer loop
  vertex 0.0942676142 -0.00844898727 -0.0201193374
  vertex 0.0939062759 -0.00933263544 -0.0198534969
  vertex 0.0929513052 -0.00970621035 -0.0200850349
  endloop
 endfacet

 facet normal 0.341338456 -0.380827367 -0.859336138
  outer loop
  vertex 0.0942676142 -0.00844898727 -0.0201193374
  vertex 0.0929513052 -0.00970621035 -0.0200850349
  vertex 0.0928790346 -0.00831967127 -0.0207282063
  endloop
 endfacet

 facet normal 0.358460128 -0.305066228 -0.882292986
  outer loop
  vertex 0.0942676142 -0.00844898727 -0.0201193374
  vertex 0.0928790346 -0.00831967127 -0.0207282063
  vertex 0.0940869451 -0.00704089459 -0.0206796099
  endloop
 endfacet

 facet normal 0.442545712 -0.281934708 -0.851273239
  outer loop
  vertex 0.0942676142 -0.00844898727 -0.0201193374
  vertex 0.0940869451 -0.00704089459 -0.0206796099
  vertex 0.0950728878 -0.00808259565 -0.0198220517
  endloop
 endfacet

 facet normal 0.44988054 -0.273968041 -0.850028872
  outer loop
  vertex 0.0950728878 -0.00808259565 -0.0198220517
  vertex 0.0940869451 -0.00704089459 -0.0206796099
  vertex 0.0954806879 -0.00700497534 -0.0199535433
  endloop
 endfacet

 facet normal 0.386728644 -0.514070272 -0.765619278
  outer loop
  vertex 0.0939062759 -0.00933263544 -0.0198534969
  vertex 0.0925693214 -0.0104533602 -0.0197763145
  vertex 0.0929513052 -0.00970621035 -0.0200850349
  endloop
 endfacet

 facet normal 0.454262704 -0.230228409 -0.860604644
  outer loop
  vertex 0.0954806879 -0.00700497534 -0.0199535433
  vertex 0.0940869451 -0.00704089459 -0.0206796099
  vertex 0.0954497159 -0.00580522371 -0.0202908497
  endloop
 endfacet

 facet normal 0.423555583 -0.128291458 -0.896739662
  outer loop
  vertex 0.0954497159 -0.00580522371 -0.0202908497
  vertex 0.0943966731 -0.00580522371 -0.0207882337
  vertex 0.0954497159 -0.0045264489 -0.0204737969
  endloop
 endfacet

 facet normal 0.555410326 -0.117769808 -0.823194861
  outer loop
  vertex 0.0954497159 -0.00580522371 -0.0202908497
  vertex 0.0954497159 -0.0045264489 -0.0204737969
  vertex 0.0963479057 -0.0045264489 -0.0198677871
  endloop
 endfacet

 facet normal 0.419842929 -0.183372587 -0.888879299
  outer loop
  vertex 0.0954497159 -0.00580522371 -0.0202908497
  vertex 0.0940869451 -0.00704089459 -0.0206796099
  vertex 0.0943966731 -0.00580522371 -0.0207882337
  endloop
 endfacet

 facet normal 0.558843851 -0.0404921994 -0.828283727
  outer loop
  vertex 0.0963479057 -0.0045264489 -0.0198677871
  vertex 0.0954497159 -0.0045264489 -0.0204737969
  vertex 0.0963892043 -0.00325485668 -0.0199020896
  endloop
 endfacet

 facet normal 0.811698377 -0.042075038 -0.582559526
  outer loop
  vertex 0.0963479057 -0.0045264489 -0.0198677871
  vertex 0.0963892043 -0.00325485668 -0.0199020896
  vertex 0.0970292911 -0.00325485668 -0.019010229
  endloop
 endfacet

 facet normal 0.81241715 -0.00130396173 -0.583075285
  outer loop
  vertex 0.0970292911 -0.00325485668 -0.019010229
  vertex 0.0963892043 -0.00325485668 -0.0199020896
  vertex 0.0963892043 -0.00197607977 -0.0199049506
  endloop
 endfacet

 facet normal 0.81241715 -0.00130396173 -0.583075285
  outer loop
  vertex 0.0970292911 -0.00325485668 -0.019010229
  vertex 0.0963892043 -0.00197607977 -0.0199049506
  vertex 0.0970292911 -0.00197607977 -0.0190130901
  endloop
 endfacet

 facet normal 0.812417746 -6.02627406e-05 -0.583075881
  outer loop
  vertex 0.0970292911 -0.00197607977 -0.0190130901
  vertex 0.0963892043 -0.00197607977 -0.0199049506
  vertex 0.0963892043 0.0256756563 -0.0199078079
  endloop
 endfacet

 facet normal 0.812702179 -4.08518827e-05 -0.582679391
  outer loop
  vertex 0.0970292911 -0.00197607977 -0.0190130901
  vertex 0.0963892043 0.0256756563 -0.0199078079
  vertex 0.0970292911 0.0387867056 -0.0190159474
  endloop
 endfacet

 facet normal 0.856805325 -3.61517232e-05 -0.51564002
  outer loop
  vertex 0.0970292911 -0.00197607977 -0.0190130901
  vertex 0.0970292911 0.0387867056 -0.0190159474
  vertex 0.0970396176 0.0387867056 -0.0189987961
  endloop
 endfacet

 facet normal 0.856805325 0 -0.51564002
  outer loop
  vertex 0.0970396176 0.0387867056 -0.0189987961
  vertex 0.0970292911 0.0387867056 -0.0190159474
  vertex 0.0970292911 0.0502956882 -0.0190159474
  endloop
 endfacet

 facet normal 0.875975788 6.67955537e-05 -0.482355118
  outer loop
  vertex 0.0970396176 0.0387867056 -0.0189987961
  vertex 0.0970292911 0.0502956882 -0.0190159474
  vertex 0.0973803028 0.0502956882 -0.0183784962
  endloop
 endfacet

 facet normal 0.876499295 0 -0.481403381
  outer loop
  vertex 0.0970396176 0.0387867056 -0.0189987961
  vertex 0.0973803028 0.0502956882 -0.0183784962
  vertex 0.0973803028 0.0256756563 -0.0183784962
  endloop
 endfacet

 facet normal 0.957586527 0 -0.2881459
  outer loop
  vertex 0.0973803028 0.0256756563 -0.0183784962
  vertex 0.0973803028 0.0502956882 -0.0183784962
  vertex 0.0973854661 0.0387867056 -0.0183613449
  endloop
 endfacet

 facet normal 0.989851534 0.000232103499 -0.142105877
  outer loop
  vertex 0.0973854661 0.0387867056 -0.0183613449
  vertex 0.0973803028 0.0502956882 -0.0183784962
  vertex 0.0974783823 0.0502956882 -0.0176953077
  endloop
 endfacet

 facet normal 0.990335405 3.07188639e-05 -0.138693497
  outer loop
  vertex 0.0973854661 0.0387867056 -0.0183613449
  vertex 0.0974783823 0.0502956882 -0.0176953077
  vertex 0.0974835455 0.0387867056 -0.0176610053
  endloop
 endfacet

 facet normal 0.991731822 6.22401349e-05 -0.128327698
  outer loop
  vertex 0.0974835455 0.0387867056 -0.0176610053
  vertex 0.0974783823 0.0502956882 -0.0176953077
  vertex 0.0979739353 0.0400942154 -0.0138705978
  endloop
 endfacet

 facet normal 0.994182765 0.00802471489 -0.107407317
  outer loop
  vertex 0.0979739353 0.0400942154 -0.0138705978
  vertex 0.0974783823 0.0502956882 -0.0176953077
  vertex 0.0979636088 0.0413729921 -0.0138705978
  endloop
 endfacet

 facet normal 0.994193554 0.00807011966 -0.107302755
  outer loop
  vertex 0.0979636088 0.0413729921 -0.0138705978
  vertex 0.0974783823 0.0502956882 -0.0176953077
  vertex 0.0974680632 0.0515672825 -0.0176953077
  endloop
 endfacet

 facet normal 0.990456879 0.00803978741 -0.137589246
  outer loop
  vertex 0.0974680632 0.0515672825 -0.0176953077
  vertex 0.0974783823 0.0502956882 -0.0176953077
  vertex 0.097375147 0.0515672825 -0.0183642022
  endloop
 endfacet

 facet normal 0.990323901 0.0182427056 -0.137570783
  outer loop
  vertex 0.0974680632 0.0515672825 -0.0176953077
  vertex 0.097375147 0.0515672825 -0.0183642022
  vertex 0.0973648205 0.0522569567 -0.018347051
  endloop
 endfacet

 facet normal 0.993954778 0.0655853823 -0.0880481675
  outer loop
  vertex 0.0974680632 0.0515672825 -0.0176953077
  vertex 0.0973648205 0.0522569567 -0.018347051
  vertex 0.0974009559 0.0527454801 -0.0175752491
  endloop
 endfacet

 facet normal 0.0153398803 0.487249017 -0.873128355
  outer loop
  vertex 0.0877996236 0.0580617338 -0.0207339227
  vertex 0.0877996236 0.0592040196 -0.0200964715
  vertex 0.0890694782 0.0580473691 -0.0207196288
  endloop
 endfacet

 facet normal 0.0382597558 0.311740428 -0.949396729
  outer loop
  vertex 0.0903496519 0.0573505089 -0.0208968576
  vertex 0.0890694782 0.0580473691 -0.0207196288
  vertex 0.0909845829 0.0573074035 -0.0208854247
  endloop
 endfacet

 facet normal 0.0553532615 0.352563709 -0.934149265
  outer loop
  vertex 0.0909845829 0.0573074035 -0.0208854247
  vertex 0.0890694782 0.0580473691 -0.0207196288
  vertex 0.0903496519 0.0579827093 -0.0206681751
  endloop
 endfacet

 facet normal 0.137028083 0.417776078 -0.898157239
  outer loop
  vertex 0.0909845829 0.0573074035 -0.0208854247
  vertex 0.0903496519 0.0579827093 -0.0206681751
  vertex 0.091490455 0.0578174777 -0.020570986
  endloop
 endfacet

 facet normal 0.201376259 0.361486852 -0.910370767
  outer loop
  vertex 0.0909845829 0.0573074035 -0.0208854247
  vertex 0.091490455 0.0578174777 -0.020570986
  vertex 0.0918363184 0.0569913015 -0.0208225362
  endloop
 endfacet

 facet normal 0.294464231 0.184737489 -0.937636971
  outer loop
  vertex 0.0932507068 0.0557197146 -0.0208396874
  vertex 0.094076626 0.0553317703 -0.0206567422
  vertex 0.0935913995 0.0548719838 -0.0208997168
  endloop
 endfacet

 facet normal 0.204747394 0.240537971 -0.948799253
  outer loop
  vertex 0.0932507068 0.0557197146 -0.0208396874
  vertex 0.0918363184 0.0569913015 -0.0208225362
  vertex 0.0928532258 0.0566105396 -0.0206996202
  endloop
 endfacet

 facet normal 0.334949702 0.290389299 -0.89637208
  outer loop
  vertex 0.0932507068 0.0557197146 -0.0208396874
  vertex 0.0928532258 0.0566105396 -0.0206996202
  vertex 0.094076626 0.0553317703 -0.0206567422
  endloop
 endfacet

 facet normal 0.304628164 0.173435584 -0.936547756
  outer loop
  vertex 0.0935913995 0.0548719838 -0.0208997168
  vertex 0.094076626 0.0553317703 -0.0206567422
  vertex 0.0943811834 0.0541176498 -0.0207825173
  endloop
 endfacet

 facet normal 0.22644946 0.0863563567 -0.970187187
  outer loop
  vertex 0.0935913995 0.0548719838 -0.0208997168
  vertex 0.0943811834 0.0541176498 -0.0207825173
  vertex 0.094572179 0.0528460555 -0.0208511222
  endloop
 endfacet

 facet normal 0.173809469 0.0605673604 -0.982915044
  outer loop
  vertex 0.0935913995 0.0548719838 -0.0208997168
  vertex 0.094572179 0.0528460555 -0.0208511222
  vertex 0.0937410966 0.0541176498 -0.0209197272
  endloop
 endfacet

 facet normal 0.24864386 0.375888944 -0.892683446
  outer loop
  vertex 0.0918363184 0.0569913015 -0.0208225362
  vertex 0.091490455 0.0578174777 -0.020570986
  vertex 0.0928532258 0.0566105396 -0.0206996202
  endloop
 endfacet

 facet normal 0.402608693 0.109503821 -0.908798695
  outer loop
  vertex 0.094572179 0.0528460555 -0.0208511222
  vertex 0.0943811834 0.0541176498 -0.0207825173
  vertex 0.0954497159 0.0528460555 -0.0204623621
  endloop
 endfacet

 facet normal 0.404635638 0.0449189693 -0.913374126
  outer loop
  vertex 0.094572179 0.0528460555 -0.0208511222
  vertex 0.0954497159 0.0528460555 -0.0204623621
  vertex 0.0954497159 0.0515672825 -0.0205252506
  endloop
 endfacet

 facet normal 0.398060054 0.0396089815 -0.916503906
  outer loop
  vertex 0.094572179 0.0528460555 -0.0208511222
  vertex 0.0954497159 0.0515672825 -0.0205252506
  vertex 0.094659932 0.0515672825 -0.0208682735
  endloop
 endfacet

 facet normal 0.398363113 0.00691181934 -0.917201757
  outer loop
  vertex 0.094659932 0.0515672825 -0.0208682735
  vertex 0.0954497159 0.0515672825 -0.0205252506
  vertex 0.0946754143 0.0502956882 -0.0208711307
  endloop
 endfacet

 facet normal 0.402212203 0.00411531562 -0.915537298
  outer loop
  vertex 0.0946754143 0.0502956882 -0.0208711307
  vertex 0.0954497159 0.0515672825 -0.0205252506
  vertex 0.0954497159 0.0502956882 -0.0205309652
  endloop
 endfacet

 facet normal 0.40221557 3.95302122e-05 -0.915544987
  outer loop
  vertex 0.0946754143 0.0502956882 -0.0208711307
  vertex 0.0954497159 0.0502956882 -0.0205309652
  vertex 0.0946960673 0.0387867056 -0.0208625551
  endloop
 endfacet

 facet normal 0.0209296457 0.491912305 -0.870393157
  outer loop
  vertex 0.0890694782 0.0580473691 -0.0207196288
  vertex 0.0877996236 0.0592040196 -0.0200964715
  vertex 0.0890694782 0.0591752827 -0.0200821776
  endloop
 endfacet

 facet normal 0.0597352795 0.491141409 -0.869029224
  outer loop
  vertex 0.0890694782 0.0580473691 -0.0207196288
  vertex 0.0890694782 0.0591752827 -0.0200821776
  vertex 0.0903496519 0.0579827093 -0.0206681751
  endloop
 endfacet

 facet normal 0.275942892 -0.392588466 -0.877342463
  outer loop
  vertex 0.0928790346 -0.00831967127 -0.0207282063
  vertex 0.0929513052 -0.00970621035 -0.0200850349
  vertex 0.0915265903 -0.0095194215 -0.0206167214
  endloop
 endfacet

 facet normal 0.253002018 -0.472820014 -0.844056487
  outer loop
  vertex 0.0915265903 -0.0095194215 -0.0206167214
  vertex 0.0929513052 -0.00970621035 -0.0200850349
  vertex 0.0916195139 -0.010668884 -0.0199449677
  endloop
 endfacet

 facet normal 0.139978811 -0.491135418 -0.859762788
  outer loop
  vertex 0.0915265903 -0.0095194215 -0.0206167214
  vertex 0.0916195139 -0.010668884 -0.0199449677
  vertex 0.0903444961 -0.00970621035 -0.0207024775
  endloop
 endfacet

 facet normal 0.13228789 -0.498802125 -0.856560826
  outer loop
  vertex 0.0903444961 -0.00970621035 -0.0207024775
  vertex 0.0916195139 -0.010668884 -0.0199449677
  vertex 0.0902154446 -0.0109921684 -0.0199735556
  endloop
 endfacet

 facet normal 0.08948984 -0.497925013 -0.862590492
  outer loop
  vertex 0.0903444961 -0.00970621035 -0.0207024775
  vertex 0.0902154446 -0.0109921684 -0.0199735556
  vertex 0.0890694782 -0.0109059606 -0.0201422069
  endloop
 endfacet

 facet normal 0.400675535 -0.000109361514 -0.916220069
  outer loop
  vertex 0.0946754143 0.0110272057 -0.0208682735
  vertex 0.0946960673 0.0387867056 -0.0208625551
  vertex 0.0954497159 -0.00197607977 -0.0205281079
  endloop
 endfacet

 facet normal 0.402721375 0 -0.915322661
  outer loop
  vertex 0.0946960673 0.0387867056 -0.0208625551
  vertex 0.0954497159 0.0502956882 -0.0205309652
  vertex 0.0954497159 0.0387867056 -0.0205309652
  endloop
 endfacet

 facet normal 0.402721375 -6.41736406e-05 -0.915322661
  outer loop
  vertex 0.0946960673 0.0387867056 -0.0208625551
  vertex 0.0954497159 0.0387867056 -0.0205309652
  vertex 0.0954497159 -0.00197607977 -0.0205281079
  endloop
 endfacet

 facet normal 0.55244267 -0.0337010995 -0.832869411
  outer loop
  vertex 0.0954497159 -0.00325485668 -0.0205252506
  vertex 0.0963892043 -0.00325485668 -0.0199020896
  vertex 0.0954497159 -0.0045264489 -0.0204737969
  endloop
 endfacet

 facet normal 0.552754521 -0.00186240801 -0.833342075
  outer loop
  vertex 0.0954497159 -0.00325485668 -0.0205252506
  vertex 0.0954497159 -0.00197607977 -0.0205281079
  vertex 0.0963892043 -0.00197607977 -0.0199049506
  endloop
 endfacet

 facet normal 0.552755654 -0.00186364469 -0.83334136
  outer loop
  vertex 0.0954497159 -0.00325485668 -0.0205252506
  vertex 0.0963892043 -0.00197607977 -0.0199049506
  vertex 0.0963892043 -0.00325485668 -0.0199020896
  endloop
 endfacet

 facet normal 0.552755415 -8.61286971e-05 -0.833343506
  outer loop
  vertex 0.0954497159 -0.00197607977 -0.0205281079
  vertex 0.0963892043 0.0256756563 -0.0199078079
  vertex 0.0963892043 -0.00197607977 -0.0199049506
  endloop
 endfacet

 facet normal 0.552188814 -5.84523768e-05 -0.833719134
  outer loop
  vertex 0.0954497159 -0.00197607977 -0.0205281079
  vertex 0.0954497159 0.0387867056 -0.0205309652
  vertex 0.0963892043 0.0256756563 -0.0199078079
  endloop
 endfacet

 facet normal -0.437464833 0.899131656 0.0136737786
  outer loop
  vertex 0.0505867265 0.0596566163 0.00270314515
  vertex 0.0512216538 0.059965536 0.00270314515
  vertex 0.051211331 0.0599799007 0.00142824184
  endloop
 endfacet

 facet normal -0.45966202 0.888093948 0
  outer loop
  vertex 0.0505867265 0.0596566163 0.00270314515
  vertex 0.051211331 0.0599799007 0.00142824184
  vertex 0.051211331 0.0599799007 -0.0151455002
  endloop
 endfacet

 facet normal -0.32861191 0.944465041 0
  outer loop
  vertex 0.051211331 0.0599799007 -0.0151455002
  vertex 0.051211331 0.0599799007 0.00142824184
  vertex 0.0520991944 0.0602888204 0.00142824184
  endloop
 endfacet

 facet normal -0.32861191 0.944465041 0
  outer loop
  vertex 0.051211331 0.0599799007 -0.0151455002
  vertex 0.0520991944 0.0602888204 0.00142824184
  vertex 0.0520991944 0.0602888204 -0.0151455002
  endloop
 endfacet

 facet normal -0.328570038 0.944344819 -0.0159620848
  outer loop
  vertex 0.051211331 0.0599799007 -0.0151455002
  vertex 0.0520991944 0.0602888204 -0.0151455002
  vertex 0.0512319766 0.059965536 -0.0164204054
  endloop
 endfacet

 facet normal -0.321535259 0.946657181 -0.0213336591
  outer loop
  vertex 0.0512319766 0.059965536 -0.0164204054
  vertex 0.0520991944 0.0602888204 -0.0151455002
  vertex 0.0520991944 0.0602600873 -0.0164204054
  endloop
 endfacet

 facet normal -0.176702797 0.984014452 -0.0221755374
  outer loop
  vertex 0.0520991944 0.0602600873 -0.0164204054
  vertex 0.0520991944 0.0602888204 -0.0151455002
  vertex 0.0533793718 0.0604899749 -0.0164204054
  endloop
 endfacet

 facet normal -0.176613182 0.98351562 -0.0387934372
  outer loop
  vertex 0.0520991944 0.0602600873 -0.0164204054
  vertex 0.0533793718 0.0604899749 -0.0164204054
  vertex 0.0533793718 0.0604396872 -0.0176953077
  endloop
 endfacet

 facet normal -0.0900815502 0.99516052 -0.0392527506
  outer loop
  vertex 0.0533793718 0.0604396872 -0.0176953077
  vertex 0.0533793718 0.0604899749 -0.0164204054
  vertex 0.0546492264 0.0605546348 -0.0176953077
  endloop
 endfacet

 facet normal 0 0.879549623 -0.47580719
  outer loop
  vertex 0.0559294038 0.0598434061 -0.0195876509
  vertex 0.0559294038 0.060188245 -0.0189501997
  vertex 0.0877996236 0.060188245 -0.0189501997
  endloop
 endfacet

 facet normal 0 0.879549623 -0.47580719
  outer loop
  vertex 0.0559294038 0.0598434061 -0.0195876509
  vertex 0.0877996236 0.060188245 -0.0189501997
  vertex 0.0877996236 0.0598434061 -0.0195876509
  endloop
 endfacet

 facet normal -0.022782797 0.953181267 -0.301539928
  outer loop
  vertex 0.0546492264 0.0601666905 -0.0189216156
  vertex 0.0546492264 0.0605546348 -0.0176953077
  vertex 0.0559294038 0.060188245 -0.0189501997
  endloop
 endfacet

 facet normal -0.0214076247 0.953615904 -0.300263941
  outer loop
  vertex 0.0546492264 0.0605546348 -0.0176953077
  vertex 0.0559294038 0.0605833717 -0.0176953077
  vertex 0.0559294038 0.060188245 -0.0189501997
  endloop
 endfacet

 facet normal -0.0540223233 0.998534679 -0.00316519709
  outer loop
  vertex 0.0546492264 0.0605546348 -0.0176953077
  vertex 0.0533793718 0.0604899749 -0.0164204054
  vertex 0.0546492264 0.0606192946 0.00270314515
  endloop
 endfacet

 facet normal -0.033509206 0.999433398 -0.00316804601
  outer loop
  vertex 0.0546492264 0.0605546348 -0.0176953077
  vertex 0.0546492264 0.0606192946 0.00270314515
  vertex 0.058479432 0.0606911369 -0.0151455002
  endloop
 endfacet

 facet normal -0.0318671577 0.999476194 -0.00563695375
  outer loop
  vertex 0.0546492264 0.0605546348 -0.0176953077
  vertex 0.058479432 0.0606911369 -0.0151455002
  vertex 0.058479432 0.0606839471 -0.0164204054
  endloop
 endfacet

 facet normal -0.022430297 0.999171615 -0.0339573547
  outer loop
  vertex 0.0546492264 0.0605546348 -0.0176953077
  vertex 0.058479432 0.0606839471 -0.0164204054
  vertex 0.0559294038 0.0605833717 -0.0176953077
  endloop
 endfacet

 facet normal 0.0228936076 0.622523189 -0.782266498
  outer loop
  vertex 0.0877996236 0.0592040196 -0.0200964715
  vertex 0.0877996236 0.0598434061 -0.0195876509
  vertex 0.0890694782 0.0591752827 -0.0200821776
  endloop
 endfacet

 facet normal 0 0.987780333 0.155852377
  outer loop
  vertex 0.0559294038 0.0604540594 0.00525580952
  vertex 0.0877996236 0.0604540594 0.00525580952
  vertex 0.0877996236 0.0606552139 0.00398090621
  endloop
 endfacet

 facet normal 0 0.987780333 0.155852377
  outer loop
  vertex 0.0559294038 0.0604540594 0.00525580952
  vertex 0.0877996236 0.0606552139 0.00398090621
  vertex 0.0559294038 0.0606552139 0.00398090621
  endloop
 endfacet

 facet normal -0.0277061146 0.987401187 0.155792564
  outer loop
  vertex 0.0559294038 0.0604540594 0.00525580952
  vertex 0.0559294038 0.0606552139 0.00398090621
  vertex 0.0546492264 0.0606192946 0.00398090621
  endloop
 endfacet

 facet normal -0.0277061146 0.987401187 0.155792564
  outer loop
  vertex 0.0559294038 0.0604540594 0.00525580952
  vertex 0.0546492264 0.0606192946 0.00398090621
  vertex 0.0546492264 0.0604181401 0.00525580952
  endloop
 endfacet

 facet normal -0.0835333094 0.984328151 0.155307695
  outer loop
  vertex 0.0546492264 0.0604181401 0.00525580952
  vertex 0.0546492264 0.0606192946 0.00398090621
  vertex 0.0533793718 0.0605115294 0.00398090621
  endloop
 endfacet

 facet normal -0.192693755 0.981197 0.0110312998
  outer loop
  vertex 0.0533793718 0.0605115294 0.00398090621
  vertex 0.0533793718 0.0605258942 0.00270314515
  vertex 0.0520991944 0.0602888204 0.00142824184
  endloop
 endfacet

 facet normal -0.203304589 0.978975713 0.0165465008
  outer loop
  vertex 0.0533793718 0.0605115294 0.00398090621
  vertex 0.0520991944 0.0602888204 0.00142824184
  vertex 0.0520991944 0.0602672696 0.00270314515
  endloop
 endfacet

 facet normal -0.218902498 0.97519213 0.0328971706
  outer loop
  vertex 0.0533793718 0.0605115294 0.00398090621
  vertex 0.0520991944 0.0602672696 0.00270314515
  vertex 0.0520991944 0.060224168 0.00398090621
  endloop
 endfacet

 facet normal -0.0845540166 0.996355951 0.0112017281
  outer loop
  vertex 0.0533793718 0.0605115294 0.00398090621
  vertex 0.0546492264 0.0606192946 0.00398090621
  vertex 0.0533793718 0.0605258942 0.00270314515
  endloop
 endfacet

 facet normal -0.324992746 0.945178926 0.0318847075
  outer loop
  vertex 0.0520991944 0.060224168 0.00398090621
  vertex 0.0520991944 0.0602672696 0.00270314515
  vertex 0.0512216538 0.059965536 0.00270314515
  endloop
 endfacet

 facet normal -0.328420073 0.943901539 0.034497086
  outer loop
  vertex 0.0520991944 0.060224168 0.00398090621
  vertex 0.0512216538 0.059965536 0.00270314515
  vertex 0.0512732714 0.0599367954 0.00398090621
  endloop
 endfacet

 facet normal -0.325116545 0.945539057 0.0159813575
  outer loop
  vertex 0.0512216538 0.059965536 0.00270314515
  vertex 0.0520991944 0.0602672696 0.00270314515
  vertex 0.0520991944 0.0602888204 0.00142824184
  endloop
 endfacet

 facet normal -0.328582823 0.944381475 0.0133019565
  outer loop
  vertex 0.0512216538 0.059965536 0.00270314515
  vertex 0.0520991944 0.0602888204 0.00142824184
  vertex 0.051211331 0.0599799007 0.00142824184
  endloop
 endfacet

 facet normal 0.590547919 0.464467019 0.659942091
  outer loop
  vertex 0.0952071026 0.0566680171 0.00630203122
  vertex 0.0949180275 0.0574295335 0.00602475367
  vertex 0.0944947451 0.0566680171 0.00693948241
  endloop
 endfacet

 facet normal 0.660838604 0.679874957 0.31790331
  outer loop
  vertex 0.0949180275 0.0574295335 0.00602475367
  vertex 0.0950883776 0.0576235056 0.00525580952
  vertex 0.0944379643 0.058255706 0.00525580952
  endloop
 endfacet

 facet normal 0.626052499 0.694251657 0.355067551
  outer loop
  vertex 0.0949180275 0.0574295335 0.00602475367
  vertex 0.0944379643 0.058255706 0.00525580952
  vertex 0.0936120376 0.0586364679 0.00596758351
  endloop
 endfacet

 facet normal 0.514682174 0.586544037 0.625354648
  outer loop
  vertex 0.0949180275 0.0574295335 0.00602475367
  vertex 0.0936120376 0.0586364679 0.00596758351
  vertex 0.0940095186 0.057803113 0.00642208941
  endloop
 endfacet

 facet normal 0.745743215 0.587863624 0.313502163
  outer loop
  vertex 0.0949180275 0.0574295335 0.00602475367
  vertex 0.0957955718 0.0566608347 0.00537872687
  vertex 0.0950883776 0.0576235056 0.00525580952
  endloop
 endfacet

 facet normal 0.608770967 0.72705853 0.317464501
  outer loop
  vertex 0.0936120376 0.0586364679 0.00596758351
  vertex 0.0944379643 0.058255706 0.00525580952
  vertex 0.0938030407 0.0587873384 0.00525580952
  endloop
 endfacet

 facet normal 0.477816433 0.824553728 0.302989542
  outer loop
  vertex 0.0936120376 0.0586364679 0.00596758351
  vertex 0.0938030407 0.0587873384 0.00525580952
  vertex 0.0927757993 0.0594267212 0.00513575133
  endloop
 endfacet

 facet normal 0.438298821 0.829123139 0.347057611
  outer loop
  vertex 0.0936120376 0.0586364679 0.00596758351
  vertex 0.0927757993 0.0594267212 0.00513575133
  vertex 0.0919447169 0.0597212762 0.00548163382
  endloop
 endfacet

 facet normal 0.406839669 0.6413396 0.650511324
  outer loop
  vertex 0.0936120376 0.0586364679 0.00596758351
  vertex 0.0928996876 0.0588448048 0.00620769989
  vertex 0.0928996876 0.0581982397 0.00684515201
  endloop
 endfacet

 facet normal 0.42914784 0.849067628 0.308084905
  outer loop
  vertex 0.0919447169 0.0597212762 0.00548163382
  vertex 0.0927757993 0.0594267212 0.00513575133
  vertex 0.0922699198 0.0598649606 0.00463265087
  endloop
 endfacet

 facet normal 0.357921809 0.8884027 0.287458956
  outer loop
  vertex 0.0919447169 0.0597212762 0.00548163382
  vertex 0.0922699198 0.0598649606 0.00463265087
  vertex 0.0915627256 0.0599870905 0.00513575133
  endloop
 endfacet

 facet normal 0.249464899 0.958574235 0.137487575
  outer loop
  vertex 0.0915627256 0.0599870905 0.00513575133
  vertex 0.0916195139 0.0601379499 0.00398090621
  vertex 0.0903496519 0.0604684241 0.00398090621
  endloop
 endfacet

 facet normal 0.231590092 0.960078835 0.156890646
  outer loop
  vertex 0.0915627256 0.0599870905 0.00513575133
  vertex 0.0903496519 0.0604684241 0.00398090621
  vertex 0.0903496519 0.0602600873 0.00525580952
  endloop
 endfacet

 facet normal 0.262858987 0.95496124 0.137674198
  outer loop
  vertex 0.0915627256 0.0599870905 0.00513575133
  vertex 0.0922699198 0.0598649606 0.00463265087
  vertex 0.0916195139 0.0601379499 0.00398090621
  endloop
 endfacet

 facet normal 0.104648374 0.981490731 0.160389677
  outer loop
  vertex 0.0903496519 0.0602600873 0.00525580952
  vertex 0.0903496519 0.0604684241 0.00398090621
  vertex 0.0890694782 0.0606049187 0.00398090621
  endloop
 endfacet

 facet normal 0.104648374 0.981490731 0.160389677
  outer loop
  vertex 0.0903496519 0.0602600873 0.00525580952
  vertex 0.0890694782 0.0606049187 0.00398090621
  vertex 0.0890694782 0.0603965819 0.00525580952
  endloop
 endfacet

 facet normal 0.0996057317 0.934196174 0.342573017
  outer loop
  vertex 0.0903496519 0.0602600873 0.00525580952
  vertex 0.0890694782 0.0603965819 0.00525580952
  vertex 0.0903496519 0.059965536 0.00605905568
  endloop
 endfacet

 facet normal 0.0759599805 0.923995018 0.374784321
  outer loop
  vertex 0.0903496519 0.059965536 0.00605905568
  vertex 0.0890694782 0.0603965819 0.00525580952
  vertex 0.0890694782 0.0600301959 0.00615910487
  endloop
 endfacet

 facet normal 0.0419068784 0.925858259 0.375540078
  outer loop
  vertex 0.0890694782 0.0600301959 0.00615910487
  vertex 0.0890694782 0.0603965819 0.00525580952
  vertex 0.0877996236 0.0604540594 0.00525580952
  endloop
 endfacet

 facet normal 0.0446257219 0.98592633 0.161114514
  outer loop
  vertex 0.0877996236 0.0604540594 0.00525580952
  vertex 0.0890694782 0.0603965819 0.00525580952
  vertex 0.0890694782 0.0606049187 0.00398090621
  endloop
 endfacet

 facet normal 0.0390925035 0.987025261 0.155733243
  outer loop
  vertex 0.0877996236 0.0604540594 0.00525580952
  vertex 0.0890694782 0.0606049187 0.00398090621
  vertex 0.0877996236 0.0606552139 0.00398090621
  endloop
 endfacet

 facet normal 0.983002901 0.130808264 -0.128819302
  outer loop
  vertex 0.0974009559 0.0527454801 -0.0175752491
  vertex 0.0973648205 0.0522569567 -0.018347051
  vertex 0.0973080397 0.0530975051 -0.0179268476
  endloop
 endfacet

 facet normal 0.982991934 0.133359134 -0.126262471
  outer loop
  vertex 0.0974009559 0.0527454801 -0.0175752491
  vertex 0.0973080397 0.0530975051 -0.0179268476
  vertex 0.0973648205 0.0534854494 -0.0170750078
  endloop
 endfacet

 facet normal 0.994073451 0.0898822919 -0.0611502789
  outer loop
  vertex 0.0974009559 0.0527454801 -0.0175752491
  vertex 0.0973648205 0.0534854494 -0.0170750078
  vertex 0.0974629 0.0528460555 -0.0164204054
  endloop
 endfacet

 facet normal 0.992481172 0.11763677 -0.0338020697
  outer loop
  vertex 0.0974629 0.0528460555 -0.0164204054
  vertex 0.0973648205 0.0534854494 -0.0170750078
  vertex 0.0973803028 0.0535429157 -0.0164204054
  endloop
 endfacet

 facet normal 0.992968798 0.117694579 -0.0126878284
  outer loop
  vertex 0.0974629 0.0528460555 -0.0164204054
  vertex 0.0973803028 0.0535429157 -0.0164204054
  vertex 0.0973906368 0.0535932072 -0.0151455002
  endloop
 endfacet

 facet normal 0.964170396 0.264655054 -0.0182515867
  outer loop
  vertex 0.0973906368 0.0535932072 -0.0151455002
  vertex 0.0973803028 0.0535429157 -0.0164204054
  vertex 0.097204797 0.0541823059 -0.0164204054
  endloop
 endfacet

 facet normal 0.959365726 0.282004565 -0.0095344726
  outer loop
  vertex 0.0973906368 0.0535932072 -0.0151455002
  vertex 0.097204797 0.0541823059 -0.0164204054
  vertex 0.097204797 0.0542254113 -0.0151455002
  endloop
 endfacet

 facet normal 0.945444822 0.325595945 -0.0110082803
  outer loop
  vertex 0.097204797 0.0542254113 -0.0151455002
  vertex 0.097204797 0.0541823059 -0.0164204054
  vertex 0.0967866778 0.0553964265 -0.0164204054
  endloop
 endfacet

 facet normal 0.899439275 0.437045902 0
  outer loop
  vertex 0.0967866778 0.0553964265 0.000153338522
  vertex 0.0967866778 0.0553964265 -0.0164204054
  vertex 0.0963014513 0.0563950203 -0.0151455002
  endloop
 endfacet

 facet normal 0.899439275 0.437045902 0
  outer loop
  vertex 0.0967866778 0.0553964265 0.000153338522
  vertex 0.0963014513 0.0563950203 -0.0151455002
  vertex 0.0963014513 0.0563950203 0.00142824184
  endloop
 endfacet

 facet normal 0.900350332 0.435162008 0.00182235288
  outer loop
  vertex 0.0967866778 0.0553964265 0.000153338522
  vertex 0.0963014513 0.0563950203 0.00142824184
  vertex 0.0967815146 0.0553964265 0.00270314515
  endloop
 endfacet

 facet normal 0.900031984 0.435817122 0.00245537166
  outer loop
  vertex 0.0967815146 0.0553964265 0.00270314515
  vertex 0.0963014513 0.0563950203 0.00142824184
  vertex 0.0963014513 0.056387838 0.00270314515
  endloop
 endfacet

 facet normal 0.846193075 0.532868028 0.00300215138
  outer loop
  vertex 0.0963014513 0.056387838 0.00270314515
  vertex 0.0963014513 0.0563950203 0.00142824184
  vertex 0.0958988145 0.0570344068 0.00142824184
  endloop
 endfacet

 facet normal 0.836858273 0.547259212 0.013248777
  outer loop
  vertex 0.0963014513 0.056387838 0.00270314515
  vertex 0.0958988145 0.0570344068 0.00142824184
  vertex 0.0958833247 0.0570272245 0.00270314515
  endloop
 endfacet

 facet normal 0.836828709 0.54723984 0.0156881455
  outer loop
  vertex 0.0963014513 0.056387838 0.00270314515
  vertex 0.0958833247 0.0570272245 0.00270314515
  vertex 0.0962962881 0.0563590974 0.00398090621
  endloop
 endfacet

 facet normal 0.824171901 0.565577865 0.0293673854
  outer loop
  vertex 0.0962962881 0.0563590974 0.00398090621
  vertex 0.0958833247 0.0570272245 0.00270314515
  vertex 0.0958575159 0.0569984838 0.00398090621
  endloop
 endfacet

 facet normal 0.817676067 0.561120152 0.128647089
  outer loop
  vertex 0.0962962881 0.0563590974 0.00398090621
  vertex 0.0958575159 0.0569984838 0.00398090621
  vertex 0.0962136984 0.0562369712 0.00503856223
  endloop
 endfacet

 facet normal 0.777832031 0.604174018 0.173063904
  outer loop
  vertex 0.0962136984 0.0562369712 0.00503856223
  vertex 0.0958575159 0.0569984838 0.00398090621
  vertex 0.0950883776 0.0576235056 0.00525580952
  endloop
 endfacet

 facet normal 0.774998724 0.596116126 0.209815487
  outer loop
  vertex 0.0962136984 0.0562369712 0.00503856223
  vertex 0.0950883776 0.0576235056 0.00525580952
  vertex 0.0957955718 0.0566608347 0.00537872687
  endloop
 endfacet

 facet normal 0.257641494 -0.478561521 -0.839404464
  outer loop
  vertex 0.0916195139 -0.010668884 -0.0199449677
  vertex 0.0929513052 -0.00970621035 -0.0200850349
  vertex 0.0925693214 -0.0104533602 -0.0197763145
  endloop
 endfacet

 facet normal 0.552755415 0 -0.833343506
  outer loop
  vertex 0.0963892043 0.0256756563 -0.0199078079
  vertex 0.0954497159 0.0387867056 -0.0205309652
  vertex 0.0954497159 0.0502956882 -0.0205309652
  endloop
 endfacet

 facet normal 0.552755415 0 -0.833343506
  outer loop
  vertex 0.0963892043 0.0256756563 -0.0199078079
  vertex 0.0954497159 0.0502956882 -0.0205309652
  vertex 0.0963892043 0.0502956882 -0.0199078079
  endloop
 endfacet

 facet normal 0.812417746 0 -0.583075881
  outer loop
  vertex 0.0963892043 0.0256756563 -0.0199078079
  vertex 0.0963892043 0.0502956882 -0.0199078079
  vertex 0.0970292911 0.0502956882 -0.0190159474
  endloop
 endfacet

 facet normal 0.812417746 0 -0.583075881
  outer loop
  vertex 0.0963892043 0.0256756563 -0.0199078079
  vertex 0.0970292911 0.0502956882 -0.0190159474
  vertex 0.0970292911 0.0387867056 -0.0190159474
  endloop
 endfacet

 facet normal 0.81240356 0.00591897732 -0.583065629
  outer loop
  vertex 0.0970292911 0.0502956882 -0.0190159474
  vertex 0.0963892043 0.0502956882 -0.0199078079
  vertex 0.096384041 0.0515672825 -0.0199020896
  endloop
 endfacet

 facet normal 0.81414932 0.00852799602 -0.58059299
  outer loop
  vertex 0.0970292911 0.0502956882 -0.0190159474
  vertex 0.096384041 0.0515672825 -0.0199020896
  vertex 0.0970241278 0.0515672825 -0.0190045126
  endloop
 endfacet

 facet normal 0.875948429 0.00789541937 -0.482340097
  outer loop
  vertex 0.0970292911 0.0502956882 -0.0190159474
  vertex 0.0970241278 0.0515672825 -0.0190045126
  vertex 0.0973803028 0.0502956882 -0.0183784962
  endloop
 endfacet

 facet normal 0.876847446 0.00896190014 -0.480685294
  outer loop
  vertex 0.0973803028 0.0502956882 -0.0183784962
  vertex 0.0970241278 0.0515672825 -0.0190045126
  vertex 0.097375147 0.0515672825 -0.0183642022
  endloop
 endfacet

 facet normal 0.989835858 0.00561467791 -0.142103627
  outer loop
  vertex 0.0973803028 0.0502956882 -0.0183784962
  vertex 0.097375147 0.0515672825 -0.0183642022
  vertex 0.0974783823 0.0502956882 -0.0176953077
  endloop
 endfacet

 facet normal 0.87660706 0.0250702724 -0.480553478
  outer loop
  vertex 0.097375147 0.0515672825 -0.0183642022
  vertex 0.0970241278 0.0515672825 -0.0190045126
  vertex 0.0973648205 0.0522569567 -0.018347051
  endloop
 endfacet

 facet normal 0.887422204 0.18333213 -0.422931731
  outer loop
  vertex 0.0973648205 0.0522569567 -0.018347051
  vertex 0.0970241278 0.0527454801 -0.0188501514
  vertex 0.0966834351 0.0541176498 -0.0189702101
  endloop
 endfacet

 facet normal 0.917206466 0.225994051 -0.328114361
  outer loop
  vertex 0.0973648205 0.0522569567 -0.018347051
  vertex 0.0966834351 0.0541176498 -0.0189702101
  vertex 0.0973080397 0.0530975051 -0.0179268476
  endloop
 endfacet

 facet normal 0.855260551 0.0673160255 -0.513807416
  outer loop
  vertex 0.0973648205 0.0522569567 -0.018347051
  vertex 0.0970241278 0.0515672825 -0.0190045126
  vertex 0.0970241278 0.0527454801 -0.0188501514
  endloop
 endfacet

 facet normal 0.0682844147 0.498066574 -0.864446104
  outer loop
  vertex 0.0903496519 0.0579827093 -0.0206681751
  vertex 0.0890694782 0.0591752827 -0.0200821776
  vertex 0.0903496519 0.059089072 -0.0200307239
  endloop
 endfacet

 facet normal 0.144590884 0.493985623 -0.857363224
  outer loop
  vertex 0.0903496519 0.0579827093 -0.0206681751
  vertex 0.0903496519 0.059089072 -0.0200307239
  vertex 0.091490455 0.0578174777 -0.020570986
  endloop
 endfacet

 facet normal 0.273632705 0.402087092 -0.873756886
  outer loop
  vertex 0.091490455 0.0578174777 -0.020570986
  vertex 0.0929151699 0.0579970852 -0.0200421587
  vertex 0.0928532258 0.0566105396 -0.0206996202
  endloop
 endfacet

 facet normal 0.154242128 0.500353456 -0.851971745
  outer loop
  vertex 0.091490455 0.0578174777 -0.020570986
  vertex 0.0903496519 0.059089072 -0.0200307239
  vertex 0.0916195139 0.0589166507 -0.0199020896
  endloop
 endfacet

 facet normal 0.250982463 0.481538892 -0.839719057
  outer loop
  vertex 0.091490455 0.0578174777 -0.020570986
  vertex 0.0916195139 0.0589166507 -0.0199020896
  vertex 0.0929151699 0.0579970852 -0.0200421587
  endloop
 endfacet

 facet normal 0.358609319 0.313598931 -0.879235506
  outer loop
  vertex 0.094076626 0.0553317703 -0.0206567422
  vertex 0.0928532258 0.0566105396 -0.0206996202
  vertex 0.0942469761 0.0567398593 -0.0200850349
  endloop
 endfacet

 facet normal 0.439359367 0.291796923 -0.849598646
  outer loop
  vertex 0.094076626 0.0553317703 -0.0206567422
  vertex 0.0942469761 0.0567398593 -0.0200850349
  vertex 0.095047079 0.0563590974 -0.0198020432
  endloop
 endfacet

 facet normal 0.45337221 0.276648402 -0.847301185
  outer loop
  vertex 0.094076626 0.0553317703 -0.0206567422
  vertex 0.095047079 0.0563590974 -0.0198020432
  vertex 0.0954652056 0.055288665 -0.0199278165
  endloop
 endfacet

 facet normal 0.456983864 0.240614742 -0.856312037
  outer loop
  vertex 0.094076626 0.0553317703 -0.0206567422
  vertex 0.0954652056 0.055288665 -0.0199278165
  vertex 0.0954497159 0.0541176498 -0.0202651247
  endloop
 endfacet

 facet normal 0.427131265 0.198527068 -0.882125795
  outer loop
  vertex 0.094076626 0.0553317703 -0.0206567422
  vertex 0.0954497159 0.0541176498 -0.0202651247
  vertex 0.0943811834 0.0541176498 -0.0207825173
  endloop
 endfacet

 facet normal 0.340912908 0.390303016 -0.855243862
  outer loop
  vertex 0.0928532258 0.0566105396 -0.0206996202
  vertex 0.0929151699 0.0579970852 -0.0200421587
  vertex 0.0942469761 0.0567398593 -0.0200850349
  endloop
 endfacet

 facet normal 0.431620091 0.138263971 -0.891396224
  outer loop
  vertex 0.0943811834 0.0541176498 -0.0207825173
  vertex 0.0954497159 0.0541176498 -0.0202651247
  vertex 0.0954497159 0.0528460555 -0.0204623621
  endloop
 endfacet

 facet normal 0.555534005 0.127448544 -0.821668386
  outer loop
  vertex 0.0954497159 0.0528460555 -0.0204623621
  vertex 0.0954497159 0.0541176498 -0.0202651247
  vertex 0.0963375866 0.0528460555 -0.0198620707
  endloop
 endfacet

 facet normal 0.55950278 0.0462243557 -0.82753849
  outer loop
  vertex 0.0954497159 0.0528460555 -0.0204623621
  vertex 0.0963375866 0.0528460555 -0.0198620707
  vertex 0.096384041 0.0515672825 -0.0199020896
  endloop
 endfacet

 facet normal 0.554407775 0.0408797115 -0.831240594
  outer loop
  vertex 0.0954497159 0.0528460555 -0.0204623621
  vertex 0.096384041 0.0515672825 -0.0199020896
  vertex 0.0954497159 0.0515672825 -0.0205252506
  endloop
 endfacet

 facet normal 0.554861665 0.00599268265 -0.831921101
  outer loop
  vertex 0.0954497159 0.0515672825 -0.0205252506
  vertex 0.096384041 0.0515672825 -0.0199020896
  vertex 0.0963892043 0.0502956882 -0.0199078079
  endloop
 endfacet

 facet normal 0.552751601 0.00374583085 -0.833337724
  outer loop
  vertex 0.0954497159 0.0515672825 -0.0205252506
  vertex 0.0963892043 0.0502956882 -0.0199078079
  vertex 0.0954497159 0.0502956882 -0.0205309652
  endloop
 endfacet

 facet normal 0.0440043174 0.647041857 -0.761183679
  outer loop
  vertex 0.0890694782 0.0591752827 -0.0200821776
  vertex 0.0877996236 0.0598434061 -0.0195876509
  vertex 0.0890694782 0.0598074831 -0.0195447747
  endloop
 endfacet

 facet normal 0.0740343183 0.645891786 -0.759830713
  outer loop
  vertex 0.0890694782 0.0591752827 -0.0200821776
  vertex 0.0890694782 0.0598074831 -0.0195447747
  vertex 0.0903496519 0.059089072 -0.0200307239
  endloop
 endfacet

 facet normal -0.182093859 0.983281136 0
  outer loop
  vertex 0.0520991944 0.0602888204 -0.0151455002
  vertex 0.0520991944 0.0602888204 0.00142824184
  vertex 0.0533793718 0.0605258942 0.00270314515
  endloop
 endfacet

 facet normal -0.157028228 0.987592399 -0.00185507443
  outer loop
  vertex 0.0520991944 0.0602888204 -0.0151455002
  vertex 0.0533793718 0.0605258942 0.00270314515
  vertex 0.0533793718 0.0604899749 -0.0164204054
  endloop
 endfacet

 facet normal -0.0733522996 0.99730438 -0.00187331741
  outer loop
  vertex 0.0533793718 0.0604899749 -0.0164204054
  vertex 0.0533793718 0.0605258942 0.00270314515
  vertex 0.0546492264 0.0606192946 0.00270314515
  endloop
 endfacet

 facet normal 0.0359482616 0.878981113 -0.475499719
  outer loop
  vertex 0.0877996236 0.0598434061 -0.0195876509
  vertex 0.0877996236 0.060188245 -0.0189501997
  vertex 0.0890694782 0.0601595081 -0.0189073216
  endloop
 endfacet

 facet normal 0.0410505198 0.874651313 -0.483011425
  outer loop
  vertex 0.0877996236 0.0598434061 -0.0195876509
  vertex 0.0890694782 0.0601595081 -0.0189073216
  vertex 0.0890694782 0.0598074831 -0.0195447747
  endloop
 endfacet

 facet normal -0.00537330611 0.953820825 -0.300328463
  outer loop
  vertex 0.0559294038 0.060188245 -0.0189501997
  vertex 0.0559294038 0.0605833717 -0.0176953077
  vertex 0.058479432 0.0605977364 -0.0176953077
  endloop
 endfacet

 facet normal 0 0.950665474 -0.310217708
  outer loop
  vertex 0.0559294038 0.060188245 -0.0189501997
  vertex 0.058479432 0.0605977364 -0.0176953077
  vertex 0.0877996236 0.0605977364 -0.0176953077
  endloop
 endfacet

 facet normal 0 0.950665474 -0.310217708
  outer loop
  vertex 0.0559294038 0.060188245 -0.0189501997
  vertex 0.0877996236 0.0605977364 -0.0176953077
  vertex 0.0877996236 0.060188245 -0.0189501997
  endloop
 endfacet

 facet normal -0.00562053081 0.997705877 -0.0674642473
  outer loop
  vertex 0.0559294038 0.0605833717 -0.0176953077
  vertex 0.058479432 0.0606839471 -0.0164204054
  vertex 0.058479432 0.0605977364 -0.0176953077
  endloop
 endfacet

 facet normal -0.0280485973 0.999606669 0
  outer loop
  vertex 0.0546492264 0.0606192946 0.00270314515
  vertex 0.0546492264 0.0606192946 0.00398090621
  vertex 0.0559294038 0.0606552139 0.00398090621
  endloop
 endfacet

 facet normal -0.026409328 0.999649942 -0.00164358492
  outer loop
  vertex 0.0546492264 0.0606192946 0.00270314515
  vertex 0.0559294038 0.0606552139 0.00398090621
  vertex 0.058479432 0.0606911369 -0.0151455002
  endloop
 endfacet

 facet normal -0.0733524188 0.997306108 0
  outer loop
  vertex 0.0546492264 0.0606192946 0.00270314515
  vertex 0.0533793718 0.0605258942 0.00270314515
  vertex 0.0546492264 0.0606192946 0.00398090621
  endloop
 endfacet

 facet normal 0 1 0
  outer loop
  vertex 0.058479432 0.0606911369 -0.0151455002
  vertex 0.058479432 0.0606911369 -0.00112156477
  vertex 0.0597492866 0.0606911369 0.000153338522
  endloop
 endfacet

 facet normal 0 1 0
  outer loop
  vertex 0.058479432 0.0606911369 -0.0151455002
  vertex 0.0597492866 0.0606911369 0.000153338522
  vertex 0.0877996236 0.0606911369 0.000153338522
  endloop
 endfacet

 facet normal 0 1 0
  outer loop
  vertex 0.058479432 0.0606911369 -0.0151455002
  vertex 0.0877996236 0.0606911369 0.000153338522
  vertex 0.0877996236 0.0606911369 -0.0151455002
  endloop
 endfacet

 facet normal 0 0.999984145 -0.00563981757
  outer loop
  vertex 0.058479432 0.0606911369 -0.0151455002
  vertex 0.0877996236 0.0606911369 -0.0151455002
  vertex 0.0877996236 0.0606839471 -0.0164204054
  endloop
 endfacet

 facet normal 0 0.999984145 -0.00563981757
  outer loop
  vertex 0.058479432 0.0606911369 -0.0151455002
  vertex 0.0877996236 0.0606839471 -0.0164204054
  vertex 0.058479432 0.0606839471 -0.0164204054
  endloop
 endfacet

 facet normal -0.0140852202 0.999900818 0
  outer loop
  vertex 0.058479432 0.0606911369 -0.0151455002
  vertex 0.0559294038 0.0606552139 0.00398090621
  vertex 0.058479432 0.0606911369 -0.00112156477
  endloop
 endfacet

 facet normal 0 0.997721732 -0.0674653128
  outer loop
  vertex 0.058479432 0.0606839471 -0.0164204054
  vertex 0.0877996236 0.0606839471 -0.0164204054
  vertex 0.0877996236 0.0605977364 -0.0176953077
  endloop
 endfacet

 facet normal 0 0.997721732 -0.0674653128
  outer loop
  vertex 0.058479432 0.0606839471 -0.0164204054
  vertex 0.0877996236 0.0605977364 -0.0176953077
  vertex 0.058479432 0.0605977364 -0.0176953077
  endloop
 endfacet

 facet normal 0 0.999857843 0.0168616511
  outer loop
  vertex 0.0559294038 0.0606552139 0.00398090621
  vertex 0.0877996236 0.0606552139 0.00398090621
  vertex 0.0877996236 0.060676761 0.00270314515
  endloop
 endfacet

 facet normal 0 0.999857843 0.0168616511
  outer loop
  vertex 0.0559294038 0.0606552139 0.00398090621
  vertex 0.0877996236 0.060676761 0.00270314515
  vertex 0.058479432 0.060676761 0.00270314515
  endloop
 endfacet

 facet normal -0.00656697061 0.99997139 0.00375784631
  outer loop
  vertex 0.0559294038 0.0606552139 0.00398090621
  vertex 0.058479432 0.060676761 0.00270314515
  vertex 0.058479432 0.0606911369 -0.00112156477
  endloop
 endfacet

 facet normal 0.715919435 0.682026088 0.149331868
  outer loop
  vertex 0.0950883776 0.0576235056 0.00525580952
  vertex 0.0952174291 0.05776719 0.00398090621
  vertex 0.0946083069 0.0584065765 0.00398090621
  endloop
 endfacet

 facet normal 0.686212182 0.705979466 0.175230905
  outer loop
  vertex 0.0950883776 0.0576235056 0.00525580952
  vertex 0.0946083069 0.0584065765 0.00398090621
  vertex 0.0944379643 0.058255706 0.00525580952
  endloop
 endfacet

 facet normal 0.759973645 0.63282162 0.148245558
  outer loop
  vertex 0.0950883776 0.0576235056 0.00525580952
  vertex 0.0958575159 0.0569984838 0.00398090621
  vertex 0.0952174291 0.05776719 0.00398090621
  endloop
 endfacet

 facet normal 0.632207811 0.755049229 0.173821941
  outer loop
  vertex 0.0944379643 0.058255706 0.00525580952
  vertex 0.0946083069 0.0584065765 0.00398090621
  vertex 0.0938030407 0.0587873384 0.00525580952
  endloop
 endfacet

 facet normal 0.525145769 0.836770415 0.155039608
  outer loop
  vertex 0.0938030407 0.0587873384 0.00525580952
  vertex 0.0939733833 0.0589166507 0.00398090621
  vertex 0.0922699198 0.0598649606 0.00463265087
  endloop
 endfacet

 facet normal 0.494166821 0.837632656 0.232746229
  outer loop
  vertex 0.0938030407 0.0587873384 0.00525580952
  vertex 0.0922699198 0.0598649606 0.00463265087
  vertex 0.0927757993 0.0594267212 0.00513575133
  endloop
 endfacet

 facet normal 0.618155837 0.769466102 0.160640448
  outer loop
  vertex 0.0938030407 0.0587873384 0.00525580952
  vertex 0.0946083069 0.0584065765 0.00398090621
  vertex 0.0939733833 0.0589166507 0.00398090621
  endloop
 endfacet

 facet normal 0.521500707 0.842043579 0.1378396
  outer loop
  vertex 0.0922699198 0.0598649606 0.00463265087
  vertex 0.0939733833 0.0589166507 0.00398090621
  vertex 0.0929409862 0.0595560409 0.00398090621
  endloop
 endfacet

 facet normal 0.445410073 0.894659698 0.0345543586
  outer loop
  vertex 0.0922699198 0.0598649606 0.00463265087
  vertex 0.0929409862 0.0595560409 0.00398090621
  vertex 0.0923060551 0.059872143 0.00398090621
  endloop
 endfacet

 facet normal 0.360885054 0.932118714 0.0302809421
  outer loop
  vertex 0.0922699198 0.0598649606 0.00463265087
  vertex 0.0923060551 0.059872143 0.00398090621
  vertex 0.0916195139 0.0601379499 0.00398090621
  endloop
 endfacet

 facet normal 0.25179702 0.967535436 0.0217611715
  outer loop
  vertex 0.0916195139 0.0601379499 0.00398090621
  vertex 0.0916195139 0.0601666905 0.00270314515
  vertex 0.0903496519 0.0604971647 0.00270314515
  endloop
 endfacet

 facet normal 0.25179702 0.967535436 0.0217611715
  outer loop
  vertex 0.0916195139 0.0601379499 0.00398090621
  vertex 0.0903496519 0.0604971647 0.00270314515
  vertex 0.0903496519 0.0604684241 0.00398090621
  endloop
 endfacet

 facet normal 0.360915154 0.932196498 0.0273858421
  outer loop
  vertex 0.0916195139 0.0601379499 0.00398090621
  vertex 0.0923060551 0.059872143 0.00398090621
  vertex 0.0923473537 0.05989369 0.00270314515
  endloop
 endfacet

 facet normal 0.351108849 0.93609798 0.0210541002
  outer loop
  vertex 0.0916195139 0.0601379499 0.00398090621
  vertex 0.0923473537 0.05989369 0.00270314515
  vertex 0.0916195139 0.0601666905 0.00270314515
  endloop
 endfacet

 facet normal 0.105994433 0.994115412 0.0223589912
  outer loop
  vertex 0.0903496519 0.0604684241 0.00398090621
  vertex 0.0903496519 0.0604971647 0.00270314515
  vertex 0.0890694782 0.0606049187 0.00398090621
  endloop
 endfacet

 facet normal 0.0395637713 0.999074876 0.0168543886
  outer loop
  vertex 0.0890694782 0.0606049187 0.00398090621
  vertex 0.0890694782 0.060626477 0.00270314515
  vertex 0.0877996236 0.060676761 0.00270314515
  endloop
 endfacet

 facet normal 0.039569743 0.999074817 0.0168484431
  outer loop
  vertex 0.0890694782 0.0606049187 0.00398090621
  vertex 0.0877996236 0.060676761 0.00270314515
  vertex 0.0877996236 0.0606552139 0.00398090621
  endloop
 endfacet

 facet normal 0.100485548 0.994796932 0.0167822186
  outer loop
  vertex 0.0890694782 0.0606049187 0.00398090621
  vertex 0.0903496519 0.0604971647 0.00270314515
  vertex 0.0890694782 0.060626477 0.00270314515
  endloop
 endfacet

 facet normal 0.919088781 0.258937776 -0.297030449
  outer loop
  vertex 0.0973080397 0.0530975051 -0.0179268476
  vertex 0.0966834351 0.0541176498 -0.0189702101
  vertex 0.0971686617 0.0539955199 -0.0175752491
  endloop
 endfacet

 facet normal 0.963759363 0.212645739 -0.161088973
  outer loop
  vertex 0.0973080397 0.0530975051 -0.0179268476
  vertex 0.0971686617 0.0539955199 -0.0175752491
  vertex 0.0973648205 0.0534854494 -0.0170750078
  endloop
 endfacet

 facet normal 0.953549504 0.291244477 -0.0769419223
  outer loop
  vertex 0.0973648205 0.0534854494 -0.0170750078
  vertex 0.0971686617 0.0539955199 -0.0175752491
  vertex 0.097204797 0.0541823059 -0.0164204054
  endloop
 endfacet

 facet normal 0.963310361 0.26441893 -0.0459985659
  outer loop
  vertex 0.0973648205 0.0534854494 -0.0170750078
  vertex 0.097204797 0.0541823059 -0.0164204054
  vertex 0.0973803028 0.0535429157 -0.0164204054
  endloop
 endfacet

 facet normal 0.94350636 0.324928313 -0.0649411827
  outer loop
  vertex 0.097204797 0.0541823059 -0.0164204054
  vertex 0.0966989249 0.0553964265 -0.0176953077
  vertex 0.0967866778 0.0553964265 -0.0164204054
  endloop
 endfacet

 facet normal 0.947132051 0.310737699 -0.079893969
  outer loop
  vertex 0.097204797 0.0541823059 -0.0164204054
  vertex 0.0971686617 0.0539955199 -0.0175752491
  vertex 0.0966989249 0.0553964265 -0.0176953077
  endloop
 endfacet

 facet normal 0.898138463 0.435345709 -0.0618185364
  outer loop
  vertex 0.0967866778 0.0553964265 -0.0164204054
  vertex 0.0966989249 0.0553964265 -0.0176953077
  vertex 0.0962601528 0.056301631 -0.0176953077
  endloop
 endfacet

 facet normal 0.895497739 0.44148168 -0.0563712828
  outer loop
  vertex 0.0967866778 0.0553964265 -0.0164204054
  vertex 0.0962601528 0.056301631 -0.0176953077
  vertex 0.0963014513 0.0563806556 -0.0164204054
  endloop
 endfacet

 facet normal 0.896912932 0.442179322 -0.00498242863
  outer loop
  vertex 0.0967866778 0.0553964265 -0.0164204054
  vertex 0.0963014513 0.0563806556 -0.0164204054
  vertex 0.0963014513 0.0563950203 -0.0151455002
  endloop
 endfacet

 facet normal 0.84619689 0.532870412 0
  outer loop
  vertex 0.0963014513 0.0563950203 0.00142824184
  vertex 0.0963014513 0.0563950203 -0.0151455002
  vertex 0.0958988145 0.0570344068 -0.0151455002
  endloop
 endfacet

 facet normal 0.84619689 0.532870412 0
  outer loop
  vertex 0.0963014513 0.0563950203 0.00142824184
  vertex 0.0958988145 0.0570344068 -0.0151455002
  vertex 0.0958988145 0.0570344068 0.00142824184
  endloop
 endfacet

 facet normal 0.762485981 0.647004843 0
  outer loop
  vertex 0.0958988145 0.0570344068 0.00142824184
  vertex 0.0958988145 0.0570344068 -0.0151455002
  vertex 0.0952587202 0.0577887446 -0.0151455002
  endloop
 endfacet

 facet normal 0.762485981 0.647004843 0
  outer loop
  vertex 0.0958988145 0.0570344068 0.00142824184
  vertex 0.0952587202 0.0577887446 -0.0151455002
  vertex 0.0952587202 0.0577887446 0.00142824184
  endloop
 endfacet

 facet normal 0.762422502 0.64695096 0.0129078282
  outer loop
  vertex 0.0958988145 0.0570344068 0.00142824184
  vertex 0.0952587202 0.0577887446 0.00142824184
  vertex 0.0952432379 0.0577815548 0.00270314515
  endloop
 endfacet

 facet normal 0.762421072 0.64695245 0.0129062338
  outer loop
  vertex 0.0958988145 0.0570344068 0.00142824184
  vertex 0.0952432379 0.0577815548 0.00270314515
  vertex 0.0958833247 0.0570272245 0.00270314515
  endloop
 endfacet

 facet normal 0.76228869 0.646840036 0.0226713456
  outer loop
  vertex 0.0958833247 0.0570272245 0.00270314515
  vertex 0.0952432379 0.0577815548 0.00270314515
  vertex 0.0952174291 0.05776719 0.00398090621
  endloop
 endfacet

 facet normal 0.768121183 0.639605999 0.0299002565
  outer loop
  vertex 0.0958833247 0.0570272245 0.00270314515
  vertex 0.0952174291 0.05776719 0.00398090621
  vertex 0.0958575159 0.0569984838 0.00398090621
  endloop
 endfacet

 facet normal 0.813252389 0.0476943776 -0.579953313
  outer loop
  vertex 0.096384041 0.0515672825 -0.0199020896
  vertex 0.0963375866 0.0528460555 -0.0198620707
  vertex 0.0970241278 0.0515672825 -0.0190045126
  endloop
 endfacet

 facet normal 0.828671634 0.0727118179 -0.554992199
  outer loop
  vertex 0.0970241278 0.0515672825 -0.0190045126
  vertex 0.0963375866 0.0528460555 -0.0198620707
  vertex 0.0970241278 0.0527454801 -0.0188501514
  endloop
 endfacet

 facet normal 0.825517416 0.143572271 -0.545809448
  outer loop
  vertex 0.0970241278 0.0527454801 -0.0188501514
  vertex 0.0963375866 0.0528460555 -0.0198620707
  vertex 0.0962033719 0.0541176498 -0.0197305791
  endloop
 endfacet

 facet normal 0.834527731 0.161103547 -0.526886225
  outer loop
  vertex 0.0970241278 0.0527454801 -0.0188501514
  vertex 0.0962033719 0.0541176498 -0.0197305791
  vertex 0.0966834351 0.0541176498 -0.0189702101
  endloop
 endfacet

 facet normal 0.827787161 0.204024047 -0.522630453
  outer loop
  vertex 0.0966834351 0.0541176498 -0.0189702101
  vertex 0.0962033719 0.0541176498 -0.0197305791
  vertex 0.0961001292 0.0548001416 -0.0196276717
  endloop
 endfacet

 facet normal 0.843997598 0.281619847 -0.45646283
  outer loop
  vertex 0.0966834351 0.0541176498 -0.0189702101
  vertex 0.0961001292 0.0548001416 -0.0196276717
  vertex 0.0963066071 0.055288665 -0.0189444851
  endloop
 endfacet

 facet normal 0.899496257 0.296501458 -0.320925921
  outer loop
  vertex 0.0966834351 0.0541176498 -0.0189702101
  vertex 0.0963066071 0.055288665 -0.0189444851
  vertex 0.0961723924 0.0561723113 -0.0185042694
  endloop
 endfacet

 facet normal 0.905115008 0.294633448 -0.306525767
  outer loop
  vertex 0.0966834351 0.0541176498 -0.0189702101
  vertex 0.0961723924 0.0561723113 -0.0185042694
  vertex 0.0966989249 0.0553964265 -0.0176953077
  endloop
 endfacet

 facet normal 0.913738668 0.281258762 -0.293215245
  outer loop
  vertex 0.0966834351 0.0541176498 -0.0189702101
  vertex 0.0966989249 0.0553964265 -0.0176953077
  vertex 0.0971686617 0.0539955199 -0.0175752491
  endloop
 endfacet

 facet normal 0.109862618 0.683743954 -0.721404552
  outer loop
  vertex 0.0903496519 0.059089072 -0.0200307239
  vertex 0.0890694782 0.0598074831 -0.0195447747
  vertex 0.0903496519 0.0597284585 -0.0194247179
  endloop
 endfacet

 facet normal 0.164649338 0.678519487 -0.715892434
  outer loop
  vertex 0.0903496519 0.059089072 -0.0200307239
  vertex 0.0903496519 0.0597284585 -0.0194247179
  vertex 0.0916195139 0.0589166507 -0.0199020896
  endloop
 endfacet

 facet normal 0.357139945 0.406997204 -0.840716541
  outer loop
  vertex 0.0929151699 0.0579970852 -0.0200421587
  vertex 0.0938701406 0.0576019548 -0.0198277682
  vertex 0.0942469761 0.0567398593 -0.0200850349
  endloop
 endfacet

 facet normal 0.260445505 0.493377775 -0.829907537
  outer loop
  vertex 0.0929151699 0.0579970852 -0.0200421587
  vertex 0.0916195139 0.0589166507 -0.0199020896
  vertex 0.0924970508 0.0587226786 -0.019742012
  endloop
 endfacet

 facet normal 0.389583111 0.534691453 -0.749886751
  outer loop
  vertex 0.0929151699 0.0579970852 -0.0200421587
  vertex 0.0924970508 0.0587226786 -0.019742012
  vertex 0.0938701406 0.0576019548 -0.0198277682
  endloop
 endfacet

 facet normal 0.2651833 0.762121379 -0.590634227
  outer loop
  vertex 0.0916195139 0.0589166507 -0.0199020896
  vertex 0.0903496519 0.0597284585 -0.0194247179
  vertex 0.0916969404 0.0595919639 -0.0189959388
  endloop
 endfacet

 facet normal 0.275387168 0.75939548 -0.589474678
  outer loop
  vertex 0.0916195139 0.0589166507 -0.0199020896
  vertex 0.0916969404 0.0595919639 -0.0189959388
  vertex 0.0924970508 0.0587226786 -0.019742012
  endloop
 endfacet

 facet normal 0.477393717 0.436287016 -0.762724638
  outer loop
  vertex 0.0942469761 0.0567398593 -0.0200850349
  vertex 0.0938701406 0.0576019548 -0.0198277682
  vertex 0.095047079 0.0563590974 -0.0198020432
  endloop
 endfacet

 facet normal 0.486559808 0.445195079 -0.751705348
  outer loop
  vertex 0.095047079 0.0563590974 -0.0198020432
  vertex 0.0938701406 0.0576019548 -0.0198277682
  vertex 0.0947218761 0.0572068281 -0.0195104741
  endloop
 endfacet

 facet normal 0.679971755 0.457835555 -0.572734654
  outer loop
  vertex 0.095047079 0.0563590974 -0.0198020432
  vertex 0.0947218761 0.0572068281 -0.0195104741
  vertex 0.0959039778 0.0556478724 -0.0193532538
  endloop
 endfacet

 facet normal 0.651665628 0.365870059 -0.664432824
  outer loop
  vertex 0.095047079 0.0563590974 -0.0198020432
  vertex 0.0959039778 0.0556478724 -0.0193532538
  vertex 0.0961001292 0.0548001416 -0.0196276717
  endloop
 endfacet

 facet normal 0.594370186 0.318910927 -0.738254666
  outer loop
  vertex 0.095047079 0.0563590974 -0.0198020432
  vertex 0.0961001292 0.0548001416 -0.0196276717
  vertex 0.0954652056 0.055288665 -0.0199278165
  endloop
 endfacet

 facet normal 0.552052379 0.224043056 -0.803145647
  outer loop
  vertex 0.0954652056 0.055288665 -0.0199278165
  vertex 0.0961001292 0.0548001416 -0.0196276717
  vertex 0.0954497159 0.0541176498 -0.0202651247
  endloop
 endfacet

 facet normal 0.566121578 0.205987781 -0.79817003
  outer loop
  vertex 0.0954497159 0.0541176498 -0.0202651247
  vertex 0.0961001292 0.0548001416 -0.0196276717
  vertex 0.0962033719 0.0541176498 -0.0197305791
  endloop
 endfacet

 facet normal 0.572507679 0.143894389 -0.807173669
  outer loop
  vertex 0.0954497159 0.0541176498 -0.0202651247
  vertex 0.0962033719 0.0541176498 -0.0197305791
  vertex 0.0963375866 0.0528460555 -0.0198620707
  endloop
 endfacet

 facet normal 0.0940437764 0.871509492 -0.481276453
  outer loop
  vertex 0.0890694782 0.0598074831 -0.0195447747
  vertex 0.0890694782 0.0601595081 -0.0189073216
  vertex 0.0903496519 0.0600876622 -0.0187872648
  endloop
 endfacet

 facet normal 0.0993257612 0.866894603 -0.488495946
  outer loop
  vertex 0.0890694782 0.0598074831 -0.0195447747
  vertex 0.0903496519 0.0600876622 -0.0187872648
  vertex 0.0903496519 0.0597284585 -0.0194247179
  endloop
 endfacet

 facet normal 0.0319733173 0.950179517 -0.31005916
  outer loop
  vertex 0.0877996236 0.060188245 -0.0189501997
  vertex 0.0877996236 0.0605977364 -0.0176953077
  vertex 0.0890694782 0.0601595081 -0.0189073216
  endloop
 endfacet

 facet normal 0.0376886986 0.951724946 -0.304629833
  outer loop
  vertex 0.0890694782 0.0601595081 -0.0189073216
  vertex 0.0877996236 0.0605977364 -0.0176953077
  vertex 0.0890694782 0.0605474487 -0.0176953077
  endloop
 endfacet

 facet normal 0.0817626566 0.94921273 -0.303825706
  outer loop
  vertex 0.0890694782 0.0601595081 -0.0189073216
  vertex 0.0890694782 0.0605474487 -0.0176953077
  vertex 0.0903496519 0.0600876622 -0.0187872648
  endloop
 endfacet

 facet normal -0.00377285015 0.999985874 0.00375790056
  outer loop
  vertex 0.058479432 0.0606911369 -0.00112156477
  vertex 0.058479432 0.060676761 0.00270314515
  vertex 0.0597492866 0.0606911369 0.000153338522
  endloop
 endfacet

 facet normal 0.039575357 0.999216557 0
  outer loop
  vertex 0.0877996236 0.0606911369 -0.0151455002
  vertex 0.0877996236 0.0606911369 0.000153338522
  vertex 0.0890694782 0.0606408417 0.00142824184
  endloop
 endfacet

 facet normal 0.039575357 0.999216557 0
  outer loop
  vertex 0.0877996236 0.0606911369 -0.0151455002
  vertex 0.0890694782 0.0606408417 0.00142824184
  vertex 0.0890694782 0.0606408417 -0.0164204054
  endloop
 endfacet

 facet normal 0.0339239798 0.999408484 -0.00563657144
  outer loop
  vertex 0.0877996236 0.0606911369 -0.0151455002
  vertex 0.0890694782 0.0606408417 -0.0164204054
  vertex 0.0877996236 0.0606839471 -0.0164204054
  endloop
 endfacet

 facet normal 0.0338473134 0.997149885 -0.0674266443
  outer loop
  vertex 0.0877996236 0.0606839471 -0.0164204054
  vertex 0.0890694782 0.0606408417 -0.0164204054
  vertex 0.0877996236 0.0605977364 -0.0176953077
  endloop
 endfacet

 facet normal 0 0.999984145 0.00563684106
  outer loop
  vertex 0.058479432 0.060676761 0.00270314515
  vertex 0.0877996236 0.060676761 0.00270314515
  vertex 0.0877996236 0.0606911369 0.000153338522
  endloop
 endfacet

 facet normal 0 0.999984145 0.00563684106
  outer loop
  vertex 0.058479432 0.060676761 0.00270314515
  vertex 0.0877996236 0.0606911369 0.000153338522
  vertex 0.0597492866 0.0606911369 0.000153338522
  endloop
 endfacet

 facet normal 0.723856688 0.689587474 0.0223755725
  outer loop
  vertex 0.0952174291 0.05776719 0.00398090621
  vertex 0.0952432379 0.0577815548 0.00270314515
  vertex 0.0946083069 0.0584065765 0.00398090621
  endloop
 endfacet

 facet normal 0.7209903 0.692672431 0.0194422137
  outer loop
  vertex 0.0946083069 0.0584065765 0.00398090621
  vertex 0.0952432379 0.0577815548 0.00270314515
  vertex 0.0946289599 0.0584209487 0.00270314515
  endloop
 endfacet

 facet normal 0.626177669 0.779451609 0.0188862719
  outer loop
  vertex 0.0946083069 0.0584065765 0.00398090621
  vertex 0.0946289599 0.0584209487 0.00270314515
  vertex 0.0939733833 0.0589166507 0.00398090621
  endloop
 endfacet

 facet normal 0.617744565 0.786288679 0.0119071305
  outer loop
  vertex 0.0939733833 0.0589166507 0.00398090621
  vertex 0.0946289599 0.0584209487 0.00270314515
  vertex 0.0939888656 0.0589238331 0.00270314515
  endloop
 endfacet

 facet normal 0.534193516 0.8452878 0.011226139
  outer loop
  vertex 0.0939733833 0.0589166507 0.00398090621
  vertex 0.0939888656 0.0589238331 0.00270314515
  vertex 0.092977114 0.0595632233 0.00270314515
  endloop
 endfacet

 facet normal 0.526424706 0.849994302 0.0196650084
  outer loop
  vertex 0.0939733833 0.0589166507 0.00398090621
  vertex 0.092977114 0.0595632233 0.00270314515
  vertex 0.0929409862 0.0595560409 0.00398090621
  endloop
 endfacet

 facet normal 0.464582831 0.885344446 0.0181148835
  outer loop
  vertex 0.0929409862 0.0595560409 0.00398090621
  vertex 0.092977114 0.0595632233 0.00270314515
  vertex 0.0923473537 0.05989369 0.00270314515
  endloop
 endfacet

 facet normal 0.445482373 0.894804955 0.0294885859
  outer loop
  vertex 0.0929409862 0.0595560409 0.00398090621
  vertex 0.0923473537 0.05989369 0.00270314515
  vertex 0.0923060551 0.059872143 0.00398090621
  endloop
 endfacet

 facet normal 0.2518529 0.967750192 0.00545225525
  outer loop
  vertex 0.0916195139 0.0601666905 0.00270314515
  vertex 0.0916195139 0.0601738729 0.00142824184
  vertex 0.0903496519 0.0604971647 0.00270314515
  endloop
 endfacet

 facet normal 0.351175129 0.936274648 0.00811810605
  outer loop
  vertex 0.0916195139 0.0601666905 0.00270314515
  vertex 0.0923473537 0.05989369 0.00270314515
  vertex 0.0923576728 0.0599008761 0.00142824184
  endloop
 endfacet

 facet normal 0.346865654 0.937899947 0.00528408121
  outer loop
  vertex 0.0916195139 0.0601666905 0.00270314515
  vertex 0.0923576728 0.0599008761 0.00142824184
  vertex 0.0916195139 0.0601738729 0.00142824184
  endloop
 endfacet

 facet normal 0.464641213 0.885455787 0.00875043869
  outer loop
  vertex 0.0923473537 0.05989369 0.00270314515
  vertex 0.092977114 0.0595632233 0.00270314515
  vertex 0.0923576728 0.0599008761 0.00142824184
  endloop
 endfacet

 facet normal 0.247062415 0.968999565 0.000363953004
  outer loop
  vertex 0.0903496519 0.0604971647 0.00270314515
  vertex 0.0916195139 0.0601738729 0.00142824184
  vertex 0.0903496519 0.0605043471 -0.0164204054
  endloop
 endfacet

 facet normal 0.111165226 0.993801832 0.000373268645
  outer loop
  vertex 0.0903496519 0.0604971647 0.00270314515
  vertex 0.0903496519 0.0605043471 -0.0164204054
  vertex 0.0890694782 0.0606408417 0.00142824184
  endloop
 endfacet

 facet normal 0.100493386 0.994874597 0.0112101454
  outer loop
  vertex 0.0903496519 0.0604971647 0.00270314515
  vertex 0.0890694782 0.0606408417 0.00142824184
  vertex 0.0890694782 0.060626477 0.00270314515
  endloop
 endfacet

 facet normal 0.0395668857 0.999153554 0.0112583628
  outer loop
  vertex 0.0890694782 0.060626477 0.00270314515
  vertex 0.0890694782 0.0606408417 0.00142824184
  vertex 0.0877996236 0.060676761 0.00270314515
  endloop
 endfacet

 facet normal 0.0339269713 0.999408424 0.00563359587
  outer loop
  vertex 0.0877996236 0.060676761 0.00270314515
  vertex 0.0890694782 0.0606408417 0.00142824184
  vertex 0.0877996236 0.0606911369 0.000153338522
  endloop
 endfacet

 facet normal 0.887517929 0.430197686 -0.165051386
  outer loop
  vertex 0.0966989249 0.0553964265 -0.0176953077
  vertex 0.0961723924 0.0561723113 -0.0185042694
  vertex 0.0962601528 0.056301631 -0.0176953077
  endloop
 endfacet

 facet normal 0.808284283 0.561421514 -0.177433148
  outer loop
  vertex 0.0962601528 0.056301631 -0.0176953077
  vertex 0.0961723924 0.0561723113 -0.0185042694
  vertex 0.0958110616 0.0569481961 -0.0176953077
  endloop
 endfacet

 facet normal 0.818992972 0.568859518 -0.0751631409
  outer loop
  vertex 0.0962601528 0.056301631 -0.0176953077
  vertex 0.0958110616 0.0569481961 -0.0176953077
  vertex 0.0958781615 0.0570200421 -0.0164204054
  endloop
 endfacet

 facet normal 0.832274795 0.55098474 -0.061111033
  outer loop
  vertex 0.0962601528 0.056301631 -0.0176953077
  vertex 0.0958781615 0.0570200421 -0.0164204054
  vertex 0.0963014513 0.0563806556 -0.0164204054
  endloop
 endfacet

 facet normal 0.833671033 0.551909089 -0.0197229367
  outer loop
  vertex 0.0963014513 0.0563806556 -0.0164204054
  vertex 0.0958781615 0.0570200421 -0.0164204054
  vertex 0.0958988145 0.0570344068 -0.0151455002
  endloop
 endfacet

 facet normal 0.846181631 0.532860756 -0.00600421708
  outer loop
  vertex 0.0963014513 0.0563806556 -0.0164204054
  vertex 0.0958988145 0.0570344068 -0.0151455002
  vertex 0.0963014513 0.0563950203 -0.0151455002
  endloop
 endfacet

 facet normal 0.765352905 0.643310845 -0.0196462013
  outer loop
  vertex 0.0958988145 0.0570344068 -0.0151455002
  vertex 0.0958781615 0.0570200421 -0.0164204054
  vertex 0.0952380747 0.0577815548 -0.0164204054
  endloop
 endfacet

 facet normal 0.762388408 0.646922052 -0.015993461
  outer loop
  vertex 0.0958988145 0.0570344068 -0.0151455002
  vertex 0.0952380747 0.0577815548 -0.0164204054
  vertex 0.0952587202 0.0577887446 -0.0151455002
  endloop
 endfacet

 facet normal 0.715328157 0.698788762 0
  outer loop
  vertex 0.0952587202 0.0577887446 0.00142824184
  vertex 0.0952587202 0.0577887446 -0.0151455002
  vertex 0.0946341157 0.058428131 -0.0151455002
  endloop
 endfacet

 facet normal 0.715328157 0.698788762 0
  outer loop
  vertex 0.0952587202 0.0577887446 0.00142824184
  vertex 0.0946341157 0.058428131 -0.0151455002
  vertex 0.0946341157 0.058428131 0.00142824184
  endloop
 endfacet

 facet normal 0.715311468 0.698772371 0.00683249906
  outer loop
  vertex 0.0952587202 0.0577887446 0.00142824184
  vertex 0.0946341157 0.058428131 0.00142824184
  vertex 0.0946289599 0.0584209487 0.00270314515
  endloop
 endfacet

 facet normal 0.721068799 0.692747891 0.0126639074
  outer loop
  vertex 0.0952587202 0.0577887446 0.00142824184
  vertex 0.0946289599 0.0584209487 0.00270314515
  vertex 0.0952432379 0.0577815548 0.00270314515
  endloop
 endfacet

 facet normal 0.802222669 0.343658179 -0.488198608
  outer loop
  vertex 0.0961001292 0.0548001416 -0.0196276717
  vertex 0.0959039778 0.0556478724 -0.0193532538
  vertex 0.0963066071 0.055288665 -0.0189444851
  endloop
 endfacet

 facet normal 0.803085685 0.358928442 -0.475629896
  outer loop
  vertex 0.0963066071 0.055288665 -0.0189444851
  vertex 0.0959039778 0.0556478724 -0.0193532538
  vertex 0.0961723924 0.0561723113 -0.0185042694
  endloop
 endfacet

 facet normal 0.713570237 0.472355843 -0.51739502
  outer loop
  vertex 0.0961723924 0.0561723113 -0.0185042694
  vertex 0.0959039778 0.0556478724 -0.0193532538
  vertex 0.0954652056 0.0566895641 -0.0190073717
  endloop
 endfacet

 facet normal 0.712717533 0.54543215 -0.441064239
  outer loop
  vertex 0.0961723924 0.0561723113 -0.0185042694
  vertex 0.0954652056 0.0566895641 -0.0190073717
  vertex 0.0950212702 0.0575516634 -0.0186586305
  endloop
 endfacet

 facet normal 0.758071959 0.605539382 -0.24217546
  outer loop
  vertex 0.0961723924 0.0561723113 -0.0185042694
  vertex 0.0950212702 0.0575516634 -0.0186586305
  vertex 0.0958110616 0.0569481961 -0.0176953077
  endloop
 endfacet

 facet normal 0.193206519 0.854787588 -0.481673688
  outer loop
  vertex 0.0903496519 0.0597284585 -0.0194247179
  vertex 0.0903496519 0.0600876622 -0.0187872648
  vertex 0.0913252756 0.0599799007 -0.0185871683
  endloop
 endfacet

 facet normal 0.252117395 0.805938125 -0.535631061
  outer loop
  vertex 0.0903496519 0.0597284585 -0.0194247179
  vertex 0.0913252756 0.0599799007 -0.0185871683
  vertex 0.0916969404 0.0595919639 -0.0189959388
  endloop
 endfacet

 facet normal 0.427576542 0.577101409 -0.695796192
  outer loop
  vertex 0.0938701406 0.0576019548 -0.0198277682
  vertex 0.0924970508 0.0587226786 -0.019742012
  vertex 0.093353942 0.0584496781 -0.0194418691
  endloop
 endfacet

 facet normal 0.50790751 0.593488932 -0.624340296
  outer loop
  vertex 0.0938701406 0.0576019548 -0.0198277682
  vertex 0.093353942 0.0584496781 -0.0194418691
  vertex 0.0947218761 0.0572068281 -0.0195104741
  endloop
 endfacet

 facet normal 0.379872918 0.778482914 -0.49966082
  outer loop
  vertex 0.0924970508 0.0587226786 -0.019742012
  vertex 0.0916969404 0.0595919639 -0.0189959388
  vertex 0.0929151699 0.0589956753 -0.0189987961
  endloop
 endfacet

 facet normal 0.418253422 0.750883222 -0.511115015
  outer loop
  vertex 0.0924970508 0.0587226786 -0.019742012
  vertex 0.0929151699 0.0589956753 -0.0189987961
  vertex 0.093353942 0.0584496781 -0.0194418691
  endloop
 endfacet

 facet normal 0.399548024 0.818265617 -0.413282961
  outer loop
  vertex 0.0916969404 0.0595919639 -0.0189959388
  vertex 0.0913252756 0.0599799007 -0.0185871683
  vertex 0.0929151699 0.0589956753 -0.0189987961
  endloop
 endfacet

 facet normal 0.695336103 0.472645938 -0.541399598
  outer loop
  vertex 0.0947218761 0.0572068281 -0.0195104741
  vertex 0.0954652056 0.0566895641 -0.0190073717
  vertex 0.0959039778 0.0556478724 -0.0193532538
  endloop
 endfacet

 facet normal 0.556326866 0.64147532 -0.528213859
  outer loop
  vertex 0.0947218761 0.0572068281 -0.0195104741
  vertex 0.093353942 0.0584496781 -0.0194418691
  vertex 0.0942366421 0.0580042675 -0.0190531071
  endloop
 endfacet

 facet normal 0.606426001 0.639795303 -0.472132921
  outer loop
  vertex 0.0947218761 0.0572068281 -0.0195104741
  vertex 0.0942366421 0.0580042675 -0.0190531071
  vertex 0.0950212702 0.0575516634 -0.0186586305
  endloop
 endfacet

 facet normal 0.695753813 0.546724439 -0.465852946
  outer loop
  vertex 0.0947218761 0.0572068281 -0.0195104741
  vertex 0.0950212702 0.0575516634 -0.0186586305
  vertex 0.0954652056 0.0566895641 -0.0190073717
  endloop
 endfacet

 facet normal 0.101710901 0.953887343 -0.282407284
  outer loop
  vertex 0.0903496519 0.0600876622 -0.0187872648
  vertex 0.0890694782 0.0605474487 -0.0176953077
  vertex 0.0903496519 0.0604109466 -0.0176953077
  endloop
 endfacet

 facet normal 0.161967903 0.946199298 -0.280131161
  outer loop
  vertex 0.0903496519 0.0600876622 -0.0187872648
  vertex 0.0903496519 0.0604109466 -0.0176953077
  vertex 0.0913252756 0.0599799007 -0.0185871683
  endloop
 endfacet

 facet normal 0.0394638143 0.996550798 -0.073000662
  outer loop
  vertex 0.0877996236 0.0605977364 -0.0176953077
  vertex 0.0890694782 0.0606408417 -0.0164204054
  vertex 0.0890694782 0.0605474487 -0.0176953077
  endloop
 endfacet

 facet normal 0.1057408 0.991736531 -0.0726479962
  outer loop
  vertex 0.0890694782 0.0605474487 -0.0176953077
  vertex 0.0890694782 0.0606408417 -0.0164204054
  vertex 0.0903496519 0.0605043471 -0.0164204054
  endloop
 endfacet

 facet normal 0.10574656 0.991735399 -0.0726538301
  outer loop
  vertex 0.0890694782 0.0605474487 -0.0176953077
  vertex 0.0903496519 0.0605043471 -0.0164204054
  vertex 0.0903496519 0.0604109466 -0.0176953077
  endloop
 endfacet

 facet normal 0.10602092 0.994363904 0
  outer loop
  vertex 0.0890694782 0.0606408417 -0.0164204054
  vertex 0.0890694782 0.0606408417 0.00142824184
  vertex 0.0903496519 0.0605043471 -0.0164204054
  endloop
 endfacet

 facet normal 0.617773533 0.786325574 0.00693092635
  outer loop
  vertex 0.0946289599 0.0584209487 0.00270314515
  vertex 0.0946341157 0.058428131 0.00142824184
  vertex 0.0939888656 0.0589238331 0.00270314515
  endloop
 endfacet

 facet normal 0.535802007 0.844343662 0
  outer loop
  vertex 0.0939888656 0.0589238331 0.00270314515
  vertex 0.0939888656 0.0589238331 -0.0164204054
  vertex 0.0929926038 0.0595560409 -0.0151455002
  endloop
 endfacet

 facet normal 0.535802007 0.844343662 0
  outer loop
  vertex 0.0939888656 0.0589238331 0.00270314515
  vertex 0.0929926038 0.0595560409 -0.0151455002
  vertex 0.0929926038 0.0595560409 0.00142824184
  endloop
 endfacet

 facet normal 0.534226418 0.845339775 0.00172519905
  outer loop
  vertex 0.0939888656 0.0589238331 0.00270314515
  vertex 0.0929926038 0.0595560409 0.00142824184
  vertex 0.092977114 0.0595632233 0.00270314515
  endloop
 endfacet

 facet normal 0.609212279 0.793007255 0
  outer loop
  vertex 0.0939888656 0.0589238331 0.00270314515
  vertex 0.0946341157 0.058428131 0.00142824184
  vertex 0.0946341157 0.058428131 -0.0151455002
  endloop
 endfacet

 facet normal 0.609212279 0.793007255 0
  outer loop
  vertex 0.0939888656 0.0589238331 0.00270314515
  vertex 0.0946341157 0.058428131 -0.0151455002
  vertex 0.0939888656 0.0589238331 -0.0164204054
  endloop
 endfacet

 facet normal 0.47726211 0.878760576 0.000845116912
  outer loop
  vertex 0.092977114 0.0595632233 0.00270314515
  vertex 0.0929926038 0.0595560409 0.00142824184
  vertex 0.0923576728 0.0599008761 0.00142824184
  endloop
 endfacet

 facet normal 0.251856655 0.967764676 0
  outer loop
  vertex 0.0916195139 0.0601738729 0.00142824184
  vertex 0.0916195139 0.0601738729 -0.0151455002
  vertex 0.0903496519 0.0605043471 -0.0164204054
  endloop
 endfacet

 facet normal 0.346870482 0.93791306 0
  outer loop
  vertex 0.0916195139 0.0601738729 0.00142824184
  vertex 0.0923576728 0.0599008761 0.00142824184
  vertex 0.0923576728 0.0599008761 -0.0151455002
  endloop
 endfacet

 facet normal 0.346870482 0.93791306 0
  outer loop
  vertex 0.0916195139 0.0601738729 0.00142824184
  vertex 0.0923576728 0.0599008761 -0.0151455002
  vertex 0.0916195139 0.0601738729 -0.0151455002
  endloop
 endfacet

 facet normal 0.477262229 0.878760934 0
  outer loop
  vertex 0.0923576728 0.0599008761 0.00142824184
  vertex 0.0929926038 0.0595560409 0.00142824184
  vertex 0.0929926038 0.0595560409 -0.0151455002
  endloop
 endfacet

 facet normal 0.477262229 0.878760934 0
  outer loop
  vertex 0.0923576728 0.0599008761 0.00142824184
  vertex 0.0929926038 0.0595560409 -0.0151455002
  vertex 0.0923576728 0.0599008761 -0.0151455002
  endloop
 endfacet

 facet normal 0.256968975 0.966404378 -0.0054446701
  outer loop
  vertex 0.0903496519 0.0605043471 -0.0164204054
  vertex 0.0916195139 0.0601738729 -0.0151455002
  vertex 0.0916195139 0.0601666905 -0.0164204054
  endloop
 endfacet

 facet normal 0.256331146 0.964005649 -0.0706223696
  outer loop
  vertex 0.0903496519 0.0605043471 -0.0164204054
  vertex 0.0916195139 0.0601666905 -0.0164204054
  vertex 0.0903496519 0.0604109466 -0.0176953077
  endloop
 endfacet

 facet normal 0.750862956 0.620190501 -0.22708714
  outer loop
  vertex 0.0958110616 0.0569481961 -0.0176953077
  vertex 0.0950212702 0.0575516634 -0.0186586305
  vertex 0.0951761305 0.0577169023 -0.0176953077
  endloop
 endfacet

 facet normal 0.768761635 0.634974241 -0.076244913
  outer loop
  vertex 0.0958110616 0.0569481961 -0.0176953077
  vertex 0.0951761305 0.0577169023 -0.0176953077
  vertex 0.0958781615 0.0570200421 -0.0164204054
  endloop
 endfacet

 facet normal 0.763641417 0.641872227 -0.0696549937
  outer loop
  vertex 0.0958781615 0.0570200421 -0.0164204054
  vertex 0.0951761305 0.0577169023 -0.0176953077
  vertex 0.0952380747 0.0577815548 -0.0164204054
  endloop
 endfacet

 facet normal 0.722264409 0.688066781 -0.0699871257
  outer loop
  vertex 0.0952380747 0.0577815548 -0.0164204054
  vertex 0.0951761305 0.0577169023 -0.0176953077
  vertex 0.0946289599 0.0584209487 -0.0164204054
  endloop
 endfacet

 facet normal 0.723951697 0.689674079 -0.0156121952
  outer loop
  vertex 0.0952380747 0.0577815548 -0.0164204054
  vertex 0.0946289599 0.0584209487 -0.0164204054
  vertex 0.0952587202 0.0577887446 -0.0151455002
  endloop
 endfacet

 facet normal 0.715311468 0.698772371 -0.0068324944
  outer loop
  vertex 0.0952587202 0.0577887446 -0.0151455002
  vertex 0.0946289599 0.0584209487 -0.0164204054
  vertex 0.0946341157 0.058428131 -0.0151455002
  endloop
 endfacet

 facet normal 0.603663623 0.670231819 -0.431717128
  outer loop
  vertex 0.0950212702 0.0575516634 -0.0186586305
  vertex 0.0942366421 0.0580042675 -0.0190531071
  vertex 0.0937462524 0.0587442331 -0.0185900256
  endloop
 endfacet

 facet normal 0.647809505 0.708673596 -0.279507875
  outer loop
  vertex 0.0950212702 0.0575516634 -0.0186586305
  vertex 0.0937462524 0.0587442331 -0.0185900256
  vertex 0.0945566893 0.0583562888 -0.0176953077
  endloop
 endfacet

 facet normal 0.699202657 0.677392244 -0.228594467
  outer loop
  vertex 0.0950212702 0.0575516634 -0.0186586305
  vertex 0.0945566893 0.0583562888 -0.0176953077
  vertex 0.0951761305 0.0577169023 -0.0176953077
  endloop
 endfacet

 facet normal 0.257750332 0.94983995 -0.177112743
  outer loop
  vertex 0.0913252756 0.0599799007 -0.0185871683
  vertex 0.0903496519 0.0604109466 -0.0176953077
  vertex 0.0916969404 0.0600517429 -0.0176610053
  endloop
 endfacet

 facet normal 0.292405188 0.937221289 -0.190040648
  outer loop
  vertex 0.0913252756 0.0599799007 -0.0185871683
  vertex 0.0916969404 0.0600517429 -0.0176610053
  vertex 0.0921718478 0.0598218478 -0.0180640575
  endloop
 endfacet

 facet normal 0.403291643 0.820719659 -0.404691339
  outer loop
  vertex 0.0913252756 0.0599799007 -0.0185871683
  vertex 0.0921718478 0.0598218478 -0.0180640575
  vertex 0.0929151699 0.0589956753 -0.0189987961
  endloop
 endfacet

 facet normal 0.459704369 0.752341151 -0.471863121
  outer loop
  vertex 0.093353942 0.0584496781 -0.0194418691
  vertex 0.0929151699 0.0589956753 -0.0189987961
  vertex 0.0937462524 0.0587442331 -0.0185900256
  endloop
 endfacet

 facet normal 0.554924548 0.673421979 -0.488427639
  outer loop
  vertex 0.093353942 0.0584496781 -0.0194418691
  vertex 0.0937462524 0.0587442331 -0.0185900256
  vertex 0.0942366421 0.0580042675 -0.0190531071
  endloop
 endfacet

 facet normal 0.433494031 0.81794399 -0.378220439
  outer loop
  vertex 0.0929151699 0.0589956753 -0.0189987961
  vertex 0.0921718478 0.0598218478 -0.0180640575
  vertex 0.0937462524 0.0587442331 -0.0185900256
  endloop
 endfacet

 facet normal 0.258663476 0.963197589 -0.0731003135
  outer loop
  vertex 0.0903496519 0.0604109466 -0.0176953077
  vertex 0.0916195139 0.0601666905 -0.0164204054
  vertex 0.0916969404 0.0600517429 -0.0176610053
  endloop
 endfacet

 facet normal 0.617773533 0.786325574 -0.00693092076
  outer loop
  vertex 0.0939888656 0.0589238331 -0.0164204054
  vertex 0.0946341157 0.058428131 -0.0151455002
  vertex 0.0946289599 0.0584209487 -0.0164204054
  endloop
 endfacet

 facet normal 0.61654526 0.784762204 -0.0634052679
  outer loop
  vertex 0.0939888656 0.0589238331 -0.0164204054
  vertex 0.0946289599 0.0584209487 -0.0164204054
  vertex 0.0939217657 0.0588735454 -0.0176953077
  endloop
 endfacet

 facet normal 0.533221006 0.843748927 -0.0613462143
  outer loop
  vertex 0.0939888656 0.0589238331 -0.0164204054
  vertex 0.0939217657 0.0588735454 -0.0176953077
  vertex 0.092977114 0.0595632233 -0.0164204054
  endloop
 endfacet

 facet normal 0.534226418 0.845339775 -0.00172519765
  outer loop
  vertex 0.0939888656 0.0589238331 -0.0164204054
  vertex 0.092977114 0.0595632233 -0.0164204054
  vertex 0.0929926038 0.0595560409 -0.0151455002
  endloop
 endfacet

 facet normal 0.346865654 0.937899947 -0.00528407749
  outer loop
  vertex 0.0916195139 0.0601738729 -0.0151455002
  vertex 0.0923576728 0.0599008761 -0.0151455002
  vertex 0.0916195139 0.0601666905 -0.0164204054
  endloop
 endfacet

 facet normal 0.47726211 0.878760576 -0.000845116272
  outer loop
  vertex 0.0923576728 0.0599008761 -0.0151455002
  vertex 0.0929926038 0.0595560409 -0.0151455002
  vertex 0.092977114 0.0595632233 -0.0164204054
  endloop
 endfacet

 facet normal 0.461661577 0.886992812 -0.0106051937
  outer loop
  vertex 0.0923576728 0.0599008761 -0.0151455002
  vertex 0.092977114 0.0595632233 -0.0164204054
  vertex 0.0923421904 0.05989369 -0.0164204054
  endloop
 endfacet

 facet normal 0.353367865 0.935435534 -0.00956264604
  outer loop
  vertex 0.0923576728 0.0599008761 -0.0151455002
  vertex 0.0923421904 0.05989369 -0.0164204054
  vertex 0.0916195139 0.0601666905 -0.0164204054
  endloop
 endfacet

 facet normal 0.353081077 0.934676349 -0.0413994566
  outer loop
  vertex 0.0916195139 0.0601666905 -0.0164204054
  vertex 0.0923421904 0.05989369 -0.0164204054
  vertex 0.0923060551 0.059872143 -0.017215075
  endloop
 endfacet

 facet normal 0.326951087 0.942667723 -0.0669361129
  outer loop
  vertex 0.0916195139 0.0601666905 -0.0164204054
  vertex 0.0923060551 0.059872143 -0.017215075
  vertex 0.0916969404 0.0600517429 -0.0176610053
  endloop
 endfacet

 facet normal 0.716154456 0.693815351 -0.0757840276
  outer loop
  vertex 0.0951761305 0.0577169023 -0.0176953077
  vertex 0.0945566893 0.0583562888 -0.0176953077
  vertex 0.0946289599 0.0584209487 -0.0164204054
  endloop
 endfacet

 facet normal 0.629832804 0.773109913 -0.0749124885
  outer loop
  vertex 0.0946289599 0.0584209487 -0.0164204054
  vertex 0.0945566893 0.0583562888 -0.0176953077
  vertex 0.0939217657 0.0588735454 -0.0176953077
  endloop
 endfacet

 facet normal 0.499348164 0.837628782 -0.22142598
  outer loop
  vertex 0.0937462524 0.0587442331 -0.0185900256
  vertex 0.0921718478 0.0598218478 -0.0180640575
  vertex 0.0927964449 0.0595560409 -0.0176610053
  endloop
 endfacet

 facet normal 0.501054883 0.837173223 -0.219283044
  outer loop
  vertex 0.0937462524 0.0587442331 -0.0185900256
  vertex 0.0927964449 0.0595560409 -0.0176610053
  vertex 0.0939217657 0.0588735454 -0.0176953077
  endloop
 endfacet

 facet normal 0.614727795 0.754568815 -0.229642704
  outer loop
  vertex 0.0937462524 0.0587442331 -0.0185900256
  vertex 0.0939217657 0.0588735454 -0.0176953077
  vertex 0.0945566893 0.0583562888 -0.0176953077
  endloop
 endfacet

 facet normal 0.355035603 0.928225935 -0.111114345
  outer loop
  vertex 0.0916969404 0.0600517429 -0.0176610053
  vertex 0.0923060551 0.059872143 -0.017215075
  vertex 0.0921718478 0.0598218478 -0.0180640575
  endloop
 endfacet

 facet normal 0.455332935 0.881614566 -0.124208495
  outer loop
  vertex 0.0921718478 0.0598218478 -0.0180640575
  vertex 0.0923060551 0.059872143 -0.017215075
  vertex 0.0927964449 0.0595560409 -0.0176610053
  endloop
 endfacet

 facet normal 0.515128195 0.853375375 -0.0799598023
  outer loop
  vertex 0.0939217657 0.0588735454 -0.0176953077
  vertex 0.0927964449 0.0595560409 -0.0176610053
  vertex 0.092977114 0.0595632233 -0.0164204054
  endloop
 endfacet

 facet normal 0.490187079 0.868261337 -0.0764137581
  outer loop
  vertex 0.092977114 0.0595632233 -0.0164204054
  vertex 0.0927964449 0.0595560409 -0.0176610053
  vertex 0.0923060551 0.059872143 -0.017215075
  endloop
 endfacet

 facet normal 0.461219877 0.886144042 -0.0450005978
  outer loop
  vertex 0.092977114 0.0595632233 -0.0164204054
  vertex 0.0923060551 0.059872143 -0.017215075
  vertex 0.0923421904 0.05989369 -0.0164204054
  endloop
 endfacet

endsolid AssimpScene
