solid AssimpScene
 facet normal -0.734440684 -0.677082479 -0.0464354753
  outer loop
  vertex -0.0956333727 0.0214728713 0.0155000901
  vertex -0.0956306234 0.0214728713 0.0154565917
  vertex -0.0956251174 0.0214698724 0.0154132899
  endloop
 endfacet

 facet normal -0.341528296 -0.939871609 0
  outer loop
  vertex -0.0956333727 0.0214728713 0.0155000901
  vertex -0.0956251174 0.0214698724 0.0154132899
  vertex -0.0956251174 0.0214698724 0.0165867656
  endloop
 endfacet

 facet normal -0.341528296 -0.939871609 0
  outer loop
  vertex -0.0956333727 0.0214728713 0.0155000901
  vertex -0.0956251174 0.0214698724 0.0165867656
  vertex -0.0956333727 0.0214728713 0.0164999645
  endloop
 endfacet

 facet normal -0.975360036 0.220619231 0
  outer loop
  vertex -0.0956333727 0.0214728713 0.0155000901
  vertex -0.0956333727 0.0214728713 0.0164999645
  vertex -0.0902285501 0.045367647 0.0164999645
  endloop
 endfacet

 facet normal -0.975360036 0.220619231 0
  outer loop
  vertex -0.0956333727 0.0214728713 0.0155000901
  vertex -0.0902285501 0.045367647 0.0164999645
  vertex -0.0902285501 0.045367647 0.0155000901
  endloop
 endfacet

 facet normal -0.975175738 0.220577568 -0.0194380935
  outer loop
  vertex -0.0956333727 0.0214728713 0.0155000901
  vertex -0.0902285501 0.045367647 0.0155000901
  vertex -0.0902230516 0.045388639 0.0154622737
  endloop
 endfacet

 facet normal -0.973524988 0.220137537 -0.0615517311
  outer loop
  vertex -0.0956333727 0.0214728713 0.0155000901
  vertex -0.0902230516 0.045388639 0.0154622737
  vertex -0.0956306234 0.0214728713 0.0154565917
  endloop
 endfacet

 facet normal -0.968108296 0.218927085 -0.121809162
  outer loop
  vertex -0.0956306234 0.0214728713 0.0154565917
  vertex -0.0902230516 0.045388639 0.0154622737
  vertex -0.0902258009 0.0453736447 0.0154571794
  endloop
 endfacet

 facet normal -0.968036175 0.218910798 -0.122409396
  outer loop
  vertex -0.0956306234 0.0214728713 0.0154565917
  vertex -0.0902258009 0.0453736447 0.0154571794
  vertex -0.0902202949 0.0453736447 0.015413681
  endloop
 endfacet

 facet normal -0.966060758 0.218435854 -0.137885779
  outer loop
  vertex -0.0956306234 0.0214728713 0.0154565917
  vertex -0.0902202949 0.0453736447 0.015413681
  vertex -0.0956251174 0.0214698724 0.0154132899
  endloop
 endfacet

 facet normal -0.966053724 -0.0653205439 -0.249946922
  outer loop
  vertex -0.0956251174 0.0214698724 0.0154132899
  vertex -0.0956141204 0.0214698724 0.0153707704
  vertex -0.0956031159 0.0214668736 0.0153290359
  endloop
 endfacet

 facet normal -0.377445847 -0.923699617 -0.0656774491
  outer loop
  vertex -0.0956251174 0.0214698724 0.0154132899
  vertex -0.0956031159 0.0214668736 0.0153290359
  vertex -0.0955673605 0.0214578751 0.0152500728
  endloop
 endfacet

 facet normal -0.270302206 -0.962453127 -0.0249118842
  outer loop
  vertex -0.0956251174 0.0214698724 0.0154132899
  vertex -0.0955673605 0.0214578751 0.0152500728
  vertex -0.0955426022 0.0214518774 0.0152132362
  endloop
 endfacet

 facet normal -0.265066683 -0.96396482 -0.0226164218
  outer loop
  vertex -0.0956251174 0.0214698724 0.0154132899
  vertex -0.0955426022 0.0214518774 0.0152132362
  vertex -0.0955178514 0.0214458797 0.0151787512
  endloop
 endfacet

 facet normal -0.222576186 -0.97491312 -0.00206293678
  outer loop
  vertex -0.0956251174 0.0214698724 0.0154132899
  vertex -0.0955178514 0.0214458797 0.0151787512
  vertex -0.0951877832 0.0213708989 0.0150020141
  endloop
 endfacet

 facet normal -0.220731586 -0.975334704 0
  outer loop
  vertex -0.0956251174 0.0214698724 0.0154132899
  vertex -0.0951877832 0.0213708989 0.0150020141
  vertex -0.0951877832 0.0213708989 0.0169980396
  endloop
 endfacet

 facet normal -0.220731586 -0.975334704 0
  outer loop
  vertex -0.0956251174 0.0214698724 0.0154132899
  vertex -0.0951877832 0.0213708989 0.0169980396
  vertex -0.0956251174 0.0214698724 0.0165867656
  endloop
 endfacet

 facet normal -0.946421742 0.213997006 -0.241849393
  outer loop
  vertex -0.0956251174 0.0214698724 0.0154132899
  vertex -0.0902202949 0.0453736447 0.015413681
  vertex -0.0902120471 0.0453616455 0.0153707704
  endloop
 endfacet

 facet normal -0.945728481 0.213834912 -0.244688183
  outer loop
  vertex -0.0956251174 0.0214698724 0.0154132899
  vertex -0.0902120471 0.0453616455 0.0153707704
  vertex -0.0956141204 0.0214698724 0.0153707704
  endloop
 endfacet

 facet normal -0.734455764 -0.677066088 0.0464374721
  outer loop
  vertex -0.0956333727 0.0214728713 0.0164999645
  vertex -0.0956251174 0.0214698724 0.0165867656
  vertex -0.0956306234 0.0214728713 0.0165434629
  endloop
 endfacet

 facet normal -0.973510623 0.220201001 0.0615522079
  outer loop
  vertex -0.0956333727 0.0214728713 0.0164999645
  vertex -0.0956306234 0.0214728713 0.0165434629
  vertex -0.0902258009 0.045367647 0.0165434629
  endloop
 endfacet

 facet normal -0.973508 0.220200345 0.0615958497
  outer loop
  vertex -0.0956333727 0.0214728713 0.0164999645
  vertex -0.0902258009 0.045367647 0.0165434629
  vertex -0.0902285501 0.045367647 0.0164999645
  endloop
 endfacet

 facet normal -0.967337489 0.253492057 0
  outer loop
  vertex -0.0902285501 0.045367647 0.0155000901
  vertex -0.0902285501 0.045367647 0.0164999645
  vertex -0.0902175456 0.045409631 0.0164999645
  endloop
 endfacet

 facet normal -0.967337489 0.253492057 0
  outer loop
  vertex -0.0902285501 0.045367647 0.0155000901
  vertex -0.0902175456 0.045409631 0.0164999645
  vertex -0.0902175456 0.045409631 0.0154924486
  endloop
 endfacet

 facet normal -0.967338741 0.253487289 -2.78499101e-05
  outer loop
  vertex -0.0902285501 0.045367647 0.0155000901
  vertex -0.0902175456 0.045409631 0.0154924486
  vertex -0.0902230516 0.045388639 0.0154622737
  endloop
 endfacet

 facet normal -0.949204803 0.28150171 -0.140595675
  outer loop
  vertex -0.0902230516 0.045388639 0.0154622737
  vertex -0.0902147964 0.0453946367 0.0154185798
  vertex -0.0902202949 0.0453736447 0.015413681
  endloop
 endfacet

 facet normal -0.967992306 0.219107836 -0.122403845
  outer loop
  vertex -0.0902230516 0.045388639 0.0154622737
  vertex -0.0902202949 0.0453736447 0.015413681
  vertex -0.0902258009 0.0453736447 0.0154571794
  endloop
 endfacet

 facet normal -0.943554878 0.326580822 -0.0552183203
  outer loop
  vertex -0.0902230516 0.045388639 0.0154622737
  vertex -0.0902175456 0.045409631 0.0154924486
  vertex -0.0902037919 0.0454456247 0.0154703073
  endloop
 endfacet

 facet normal -0.942341566 0.327850252 -0.06713067
  outer loop
  vertex -0.0902230516 0.045388639 0.0154622737
  vertex -0.0902037919 0.0454456247 0.0154703073
  vertex -0.0902065486 0.0454336256 0.0154503221
  endloop
 endfacet

 facet normal -0.941721797 0.312134773 -0.125427946
  outer loop
  vertex -0.0902230516 0.045388639 0.0154622737
  vertex -0.0902065486 0.0454336256 0.0154503221
  vertex -0.0902092978 0.0454186313 0.0154336663
  endloop
 endfacet

 facet normal -0.942122519 0.309879214 -0.127985299
  outer loop
  vertex -0.0902230516 0.045388639 0.0154622737
  vertex -0.0902092978 0.0454186313 0.0154336663
  vertex -0.0902120471 0.0454066321 0.0154248495
  endloop
 endfacet

 facet normal -0.946915567 0.289872169 -0.139014453
  outer loop
  vertex -0.0902230516 0.045388639 0.0154622737
  vertex -0.0902120471 0.0454066321 0.0154248495
  vertex -0.0902147964 0.0453946367 0.0154185798
  endloop
 endfacet

 facet normal -0.937972188 0.290067405 -0.189918607
  outer loop
  vertex -0.0902202949 0.0453736447 0.015413681
  vertex -0.0902147964 0.0453946367 0.0154185798
  vertex -0.0902010426 0.0454156324 0.015382723
  endloop
 endfacet

 facet normal -0.93722713 0.252144516 -0.240891188
  outer loop
  vertex -0.0902202949 0.0453736447 0.015413681
  vertex -0.0902010426 0.0454156324 0.015382723
  vertex -0.0902065486 0.0453856401 0.0153727299
  endloop
 endfacet

 facet normal -0.938141227 0.246932507 -0.242725104
  outer loop
  vertex -0.0902202949 0.0453736447 0.015413681
  vertex -0.0902065486 0.0453856401 0.0153727299
  vertex -0.0902092978 0.0453736447 0.0153711624
  endloop
 endfacet

 facet normal -0.94349879 0.224097654 -0.24411127
  outer loop
  vertex -0.0902202949 0.0453736447 0.015413681
  vertex -0.0902092978 0.0453736447 0.0153711624
  vertex -0.0902120471 0.0453616455 0.0153707704
  endloop
 endfacet

 facet normal -0.940955997 0.212755829 -0.263318837
  outer loop
  vertex -0.0956141204 0.0214698724 0.0153707704
  vertex -0.0902120471 0.0453616455 0.0153707704
  vertex -0.0956031159 0.0214668736 0.0153290359
  endloop
 endfacet

 facet normal -0.666761577 -0.711799324 -0.22084102
  outer loop
  vertex -0.0956031159 0.0214668736 0.0153290359
  vertex -0.0955866128 0.0214638747 0.0152888689
  vertex -0.0955673605 0.0214578751 0.0152500728
  endloop
 endfacet

 facet normal -0.926671207 0.209617943 -0.31199491
  outer loop
  vertex -0.0956031159 0.0214668736 0.0153290359
  vertex -0.0902120471 0.0453616455 0.0153707704
  vertex -0.0901955441 0.0453736447 0.0153298201
  endloop
 endfacet

 facet normal -0.905352354 0.204797715 -0.37201485
  outer loop
  vertex -0.0956031159 0.0214668736 0.0153290359
  vertex -0.0901955441 0.0453736447 0.0153298201
  vertex -0.090179041 0.0453736447 0.0152896522
  endloop
 endfacet

 facet normal -0.900144219 0.203594521 -0.385083973
  outer loop
  vertex -0.0956031159 0.0214668736 0.0153290359
  vertex -0.090179041 0.0453736447 0.0152896522
  vertex -0.0955866128 0.0214638747 0.0152888689
  endloop
 endfacet

 facet normal -0.866007984 0.195876524 -0.460068047
  outer loop
  vertex -0.0955673605 0.0214578751 0.0152500728
  vertex -0.0955866128 0.0214638747 0.0152888689
  vertex -0.090179041 0.0453736447 0.0152896522
  endloop
 endfacet

 facet normal -0.864052773 0.195442379 -0.463912815
  outer loop
  vertex -0.0955673605 0.0214578751 0.0152500728
  vertex -0.090179041 0.0453736447 0.0152896522
  vertex -0.090162538 0.0453526489 0.0152500728
  endloop
 endfacet

 facet normal -0.829479396 0.187622115 -0.526081681
  outer loop
  vertex -0.0955673605 0.0214578751 0.0152500728
  vertex -0.090162538 0.0453526489 0.0152500728
  vertex -0.090140529 0.0453466512 0.0152132362
  endloop
 endfacet

 facet normal -0.802306712 0.18138358 -0.568686128
  outer loop
  vertex -0.0955673605 0.0214578751 0.0152500728
  vertex -0.090140529 0.0453466512 0.0152132362
  vertex -0.0955426022 0.0214518774 0.0152132362
  endloop
 endfacet

 facet normal -0.784620643 0.177385166 -0.594058216
  outer loop
  vertex -0.0955426022 0.0214518774 0.0152132362
  vertex -0.090140529 0.0453466512 0.0152132362
  vertex -0.0955178514 0.0214458797 0.0151787512
  endloop
 endfacet

 facet normal -0.243646473 -0.969471872 -0.027581241
  outer loop
  vertex -0.0955178514 0.0214458797 0.0151787512
  vertex -0.0954903439 0.0214398801 0.0151466178
  vertex -0.0954243317 0.0214248858 0.0150905782
  endloop
 endfacet

 facet normal -0.224778518 -0.974388957 -0.00639835559
  outer loop
  vertex -0.0955178514 0.0214458797 0.0151787512
  vertex -0.0954243317 0.0214248858 0.0150905782
  vertex -0.0951877832 0.0213708989 0.0150020141
  endloop
 endfacet

 facet normal -0.755571365 0.170904815 -0.632379234
  outer loop
  vertex -0.0955178514 0.0214458797 0.0151787512
  vertex -0.090140529 0.0453466512 0.0152132362
  vertex -0.0901130289 0.0453406535 0.0151787512
  endloop
 endfacet

 facet normal -0.736247659 0.166533917 -0.655900896
  outer loop
  vertex -0.0955178514 0.0214458797 0.0151787512
  vertex -0.0901130289 0.0453406535 0.0151787512
  vertex -0.0900800154 0.0453646444 0.0151477931
  endloop
 endfacet

 facet normal -0.73363924 0.165936947 -0.658967614
  outer loop
  vertex -0.0955178514 0.0214458797 0.0151787512
  vertex -0.0900800154 0.0453646444 0.0151477931
  vertex -0.0954903439 0.0214398801 0.0151466178
  endloop
 endfacet

 facet normal -0.199172825 -0.88057059 -0.430029809
  outer loop
  vertex -0.0951877832 0.0213708989 0.0150020141
  vertex -0.0951437727 0.0213619005 0.0150000546
  vertex -0.0675365403 0.0151175288 0.0150000546
  endloop
 endfacet

 facet normal -0.220581055 -0.975368619 0
  outer loop
  vertex -0.0951877832 0.0213708989 0.0150020141
  vertex -0.0675365403 0.0151175288 0.0150000546
  vertex -0.0675365403 0.0151175288 0.0169999991
  endloop
 endfacet

 facet normal -0.220581055 -0.975368619 0
  outer loop
  vertex -0.0951877832 0.0213708989 0.0150020141
  vertex -0.0675365403 0.0151175288 0.0169999991
  vertex -0.0951877832 0.0213708989 0.0169980396
  endloop
 endfacet

 facet normal -0.254375011 -0.962662578 -0.0925960466
  outer loop
  vertex -0.0951877832 0.0213708989 0.0150020141
  vertex -0.0954243317 0.0214248858 0.0150905782
  vertex -0.0953115597 0.0214008912 0.0150302295
  endloop
 endfacet

 facet normal -0.281322777 -0.926750362 -0.248980567
  outer loop
  vertex -0.0951877832 0.0213708989 0.0150020141
  vertex -0.0953115597 0.0214008912 0.0150302295
  vertex -0.0952702984 0.0213918928 0.0150171015
  endloop
 endfacet

 facet normal -0.298575252 -0.743244827 -0.598698616
  outer loop
  vertex -0.0951877832 0.0213708989 0.0150020141
  vertex -0.0952702984 0.0213918928 0.0150171015
  vertex -0.0952290446 0.0213828962 0.015007697
  endloop
 endfacet

 facet normal -0.128107533 0.0289769955 -0.991336823
  outer loop
  vertex -0.0951877832 0.0213708989 0.0150020141
  vertex -0.0952290446 0.0213828962 0.015007697
  vertex -0.0897829607 0.0452656709 0.0150020141
  endloop
 endfacet

 facet normal -0.0452110507 0.0102264108 -0.998925149
  outer loop
  vertex -0.0951877832 0.0213708989 0.0150020141
  vertex -0.0897829607 0.0452656709 0.0150020141
  vertex -0.0897417068 0.0452566743 0.0150000546
  endloop
 endfacet

 facet normal -0.0425151587 0.00961172394 -0.999049604
  outer loop
  vertex -0.0951877832 0.0213708989 0.0150020141
  vertex -0.0897417068 0.0452566743 0.0150000546
  vertex -0.0951437727 0.0213619005 0.0150000546
  endloop
 endfacet

 facet normal -0.222576186 -0.97491312 0.00206293305
  outer loop
  vertex -0.0956251174 0.0214698724 0.0165867656
  vertex -0.0951877832 0.0213708989 0.0169980396
  vertex -0.0955178514 0.0214458797 0.0168213043
  endloop
 endfacet

 facet normal -0.265528083 -0.963832557 0.0228409879
  outer loop
  vertex -0.0956251174 0.0214698724 0.0165867656
  vertex -0.0955178514 0.0214458797 0.0168213043
  vertex -0.0955426022 0.0214518774 0.0167866237
  endloop
 endfacet

 facet normal -0.269919693 -0.962564349 0.0247683432
  outer loop
  vertex -0.0956251174 0.0214698724 0.0165867656
  vertex -0.0955426022 0.0214518774 0.0167866237
  vertex -0.0955673605 0.0214578751 0.0167499818
  endloop
 endfacet

 facet normal -0.378860354 -0.923081517 0.0662234649
  outer loop
  vertex -0.0956251174 0.0214698724 0.0165867656
  vertex -0.0955673605 0.0214578751 0.0167499818
  vertex -0.0956031159 0.0214668736 0.0166708231
  endloop
 endfacet

 facet normal -0.964891672 -0.0816135556 0.249646276
  outer loop
  vertex -0.0956251174 0.0214698724 0.0165867656
  vertex -0.0956031159 0.0214668736 0.0166708231
  vertex -0.0956141204 0.0214698724 0.0166292842
  endloop
 endfacet

 facet normal -0.945728481 0.213834912 0.244688183
  outer loop
  vertex -0.0956251174 0.0214698724 0.0165867656
  vertex -0.0956141204 0.0214698724 0.0166292842
  vertex -0.0902120471 0.0453616455 0.0166292842
  endloop
 endfacet

 facet normal -0.955513656 0.216130182 0.200702399
  outer loop
  vertex -0.0956251174 0.0214698724 0.0165867656
  vertex -0.0902120471 0.0453616455 0.0166292842
  vertex -0.0902202949 0.0453646444 0.0165867656
  endloop
 endfacet

 facet normal -0.966048002 0.218512982 0.137852609
  outer loop
  vertex -0.0956251174 0.0214698724 0.0165867656
  vertex -0.0902202949 0.0453646444 0.0165867656
  vertex -0.0902258009 0.045367647 0.0165434629
  endloop
 endfacet

 facet normal -0.966043472 0.218511999 0.137885749
  outer loop
  vertex -0.0956251174 0.0214698724 0.0165867656
  vertex -0.0902258009 0.045367647 0.0165434629
  vertex -0.0956306234 0.0214728713 0.0165434629
  endloop
 endfacet

 facet normal -0.926505506 0.222149596 -0.303705662
  outer loop
  vertex -0.0902120471 0.0453616455 0.0153707704
  vertex -0.0902092978 0.0453736447 0.0153711624
  vertex -0.0901927948 0.045388639 0.0153317796
  endloop
 endfacet

 facet normal -0.926542163 0.210760742 -0.311608136
  outer loop
  vertex -0.0902120471 0.0453616455 0.0153707704
  vertex -0.0901927948 0.045388639 0.0153317796
  vertex -0.0901955441 0.0453736447 0.0153298201
  endloop
 endfacet

 facet normal -0.96554172 0.252976418 0.0610918067
  outer loop
  vertex -0.0902285501 0.045367647 0.0164999645
  vertex -0.0902258009 0.045367647 0.0165434629
  vertex -0.0902147964 0.045409631 0.0165434629
  endloop
 endfacet

 facet normal -0.965533257 0.253019214 0.0610478222
  outer loop
  vertex -0.0902285501 0.045367647 0.0164999645
  vertex -0.0902147964 0.045409631 0.0165434629
  vertex -0.0902175456 0.045409631 0.0164999645
  endloop
 endfacet

 facet normal -0.934642315 0.307620347 -0.178363413
  outer loop
  vertex -0.0902147964 0.0453946367 0.0154185798
  vertex -0.0902120471 0.0454066321 0.0154248495
  vertex -0.0902010426 0.0454156324 0.015382723
  endloop
 endfacet

 facet normal -0.934125125 0.356945843 0
  outer loop
  vertex -0.0902175456 0.045409631 0.0154924486
  vertex -0.0902175456 0.045409631 0.0164999645
  vertex -0.0902037919 0.0454456247 0.0154775577
  endloop
 endfacet

 facet normal -0.934125125 0.356945843 0
  outer loop
  vertex -0.0902175456 0.045409631 0.0154924486
  vertex -0.0902037919 0.0454456247 0.0154775577
  vertex -0.0902037919 0.0454456247 0.0154703073
  endloop
 endfacet

 facet normal -0.919345617 0.393450946 0
  outer loop
  vertex -0.0902037919 0.0454456247 0.0154703073
  vertex -0.0902037919 0.0454456247 0.0154775577
  vertex -0.0901845396 0.0454906113 0.0164999645
  endloop
 endfacet

 facet normal -0.919345617 0.393450946 0
  outer loop
  vertex -0.0902037919 0.0454456247 0.0154703073
  vertex -0.0901845396 0.0454906113 0.0164999645
  vertex -0.0901845396 0.0454906113 0.0155000901
  endloop
 endfacet

 facet normal -0.903817177 0.424178421 -0.0564539433
  outer loop
  vertex -0.0902037919 0.0454456247 0.0154703073
  vertex -0.0901845396 0.0454906113 0.0155000901
  vertex -0.0901845396 0.0454876125 0.0154775577
  endloop
 endfacet

 facet normal -0.898754478 0.428303778 -0.0937892422
  outer loop
  vertex -0.0902037919 0.0454456247 0.0154703073
  vertex -0.0901845396 0.0454876125 0.0154775577
  vertex -0.0901872888 0.0454726182 0.0154354302
  endloop
 endfacet

 facet normal -0.907504559 0.403347224 -0.117244981
  outer loop
  vertex -0.0902037919 0.0454456247 0.0154703073
  vertex -0.0901872888 0.0454726182 0.0154354302
  vertex -0.0902065486 0.0454336256 0.0154503221
  endloop
 endfacet

 facet normal -0.907738447 0.400397778 -0.125270009
  outer loop
  vertex -0.0902065486 0.0454336256 0.0154503221
  vertex -0.0901872888 0.0454726182 0.0154354302
  vertex -0.0901900381 0.045460619 0.0154170124
  endloop
 endfacet

 facet normal -0.908605337 0.397557557 -0.128001258
  outer loop
  vertex -0.0902065486 0.0454336256 0.0154503221
  vertex -0.0901900381 0.045460619 0.0154170124
  vertex -0.0901927948 0.0454516225 0.0154085867
  endloop
 endfacet

 facet normal -0.925790966 0.344003975 -0.156755283
  outer loop
  vertex -0.0902065486 0.0454336256 0.0154503221
  vertex -0.0901927948 0.0454516225 0.0154085867
  vertex -0.0902092978 0.0454186313 0.0154336663
  endloop
 endfacet

 facet normal -0.926785946 0.335862577 -0.16811952
  outer loop
  vertex -0.0902092978 0.0454186313 0.0154336663
  vertex -0.0901927948 0.0454516225 0.0154085867
  vertex -0.0902120471 0.0454066321 0.0154248495
  endloop
 endfacet

 facet normal -0.926681876 0.334978968 -0.170440674
  outer loop
  vertex -0.0902120471 0.0454066321 0.0154248495
  vertex -0.0901927948 0.0454516225 0.0154085867
  vertex -0.0902010426 0.0454156324 0.015382723
  endloop
 endfacet

 facet normal -0.92650038 0.335255384 -0.170883223
  outer loop
  vertex -0.0902010426 0.0454156324 0.015382723
  vertex -0.0901927948 0.0454516225 0.0154085867
  vertex -0.0901955441 0.0454366244 0.0153940879
  endloop
 endfacet

 facet normal -0.890078723 0.374141544 -0.2603423
  outer loop
  vertex -0.0902010426 0.0454156324 0.015382723
  vertex -0.0901955441 0.0454366244 0.0153940879
  vertex -0.090173535 0.0454786159 0.015379197
  endloop
 endfacet

 facet normal -0.885133624 0.370818228 -0.281126916
  outer loop
  vertex -0.0902010426 0.0454156324 0.015382723
  vertex -0.090173535 0.0454786159 0.015379197
  vertex -0.0901872888 0.0454156324 0.0153394211
  endloop
 endfacet

 facet normal -0.904480577 0.315261543 -0.287271649
  outer loop
  vertex -0.0902010426 0.0454156324 0.015382723
  vertex -0.0901872888 0.0454156324 0.0153394211
  vertex -0.0901900381 0.0454036333 0.0153349144
  endloop
 endfacet

 facet normal -0.923962295 0.262224287 -0.278446019
  outer loop
  vertex -0.0902010426 0.0454156324 0.015382723
  vertex -0.0901900381 0.0454036333 0.0153349144
  vertex -0.0902065486 0.0453856401 0.0153727299
  endloop
 endfacet

 facet normal -0.925434828 0.249557734 -0.285116047
  outer loop
  vertex -0.0902065486 0.0453856401 0.0153727299
  vertex -0.0901900381 0.0454036333 0.0153349144
  vertex -0.0902092978 0.0453736447 0.0153711624
  endloop
 endfacet

 facet normal -0.92542094 0.232303992 -0.299384594
  outer loop
  vertex -0.0902092978 0.0453736447 0.0153711624
  vertex -0.0901900381 0.0454036333 0.0153349144
  vertex -0.0901927948 0.045388639 0.0153317796
  endloop
 endfacet

 facet normal -0.903465271 0.214317054 -0.371239483
  outer loop
  vertex -0.0901955441 0.0453736447 0.0153298201
  vertex -0.0901927948 0.045388639 0.0153317796
  vertex -0.090179041 0.0453736447 0.0152896522
  endloop
 endfacet

 facet normal -0.893338084 0.242875025 -0.378099054
  outer loop
  vertex -0.090179041 0.0453736447 0.0152896522
  vertex -0.0901927948 0.045388639 0.0153317796
  vertex -0.0901900381 0.0454036333 0.0153349144
  endloop
 endfacet

 facet normal -0.881306171 0.266052395 -0.390532285
  outer loop
  vertex -0.090179041 0.0453736447 0.0152896522
  vertex -0.0901900381 0.0454036333 0.0153349144
  vertex -0.0901680365 0.0454276279 0.0153016048
  endloop
 endfacet

 facet normal -0.858104348 0.271370977 -0.435906857
  outer loop
  vertex -0.090179041 0.0453736447 0.0152896522
  vertex -0.0901680365 0.0454276279 0.0153016048
  vertex -0.0901542827 0.0453946367 0.0152539918
  endloop
 endfacet

 facet normal -0.856853724 0.212265968 -0.469835073
  outer loop
  vertex -0.090179041 0.0453736447 0.0152896522
  vertex -0.0901542827 0.0453946367 0.0152539918
  vertex -0.090162538 0.0453526489 0.0152500728
  endloop
 endfacet

 facet normal -0.823635042 0.211016282 -0.526400626
  outer loop
  vertex -0.090162538 0.0453526489 0.0152500728
  vertex -0.0901542827 0.0453946367 0.0152539918
  vertex -0.090140529 0.0453466512 0.0152132362
  endloop
 endfacet

 facet normal -0.821033657 0.21413666 -0.529196858
  outer loop
  vertex -0.090140529 0.0453466512 0.0152132362
  vertex -0.0901542827 0.0453946367 0.0152539918
  vertex -0.0901350304 0.0453706458 0.0152144115
  endloop
 endfacet

 facet normal -0.75663656 0.203883216 -0.621234894
  outer loop
  vertex -0.090140529 0.0453466512 0.0152132362
  vertex -0.0901350304 0.0453706458 0.0152144115
  vertex -0.0901075229 0.045367647 0.0151799265
  endloop
 endfacet

 facet normal -0.75327152 0.181029186 -0.632305741
  outer loop
  vertex -0.090140529 0.0453466512 0.0152132362
  vertex -0.0901075229 0.045367647 0.0151799265
  vertex -0.0901130289 0.0453406535 0.0151787512
  endloop
 endfacet

 facet normal -0.600492775 -0.577822745 -0.552747071
  outer loop
  vertex -0.0954903439 0.0214398801 0.0151466178
  vertex -0.0954573378 0.0214338824 0.0151170306
  vertex -0.0954243317 0.0214248858 0.0150905782
  endloop
 endfacet

 facet normal -0.67503047 0.152686298 -0.721817672
  outer loop
  vertex -0.0954903439 0.0214398801 0.0151466178
  vertex -0.0900800154 0.0453646444 0.0151477931
  vertex -0.0900552645 0.0453286543 0.0151170306
  endloop
 endfacet

 facet normal -0.645497203 0.145932481 -0.749691367
  outer loop
  vertex -0.0954903439 0.0214398801 0.0151466178
  vertex -0.0900552645 0.0453286543 0.0151170306
  vertex -0.0954573378 0.0214338824 0.0151170306
  endloop
 endfacet

 facet normal -0.40399611 -0.820127845 -0.405188292
  outer loop
  vertex -0.0954243317 0.0214248858 0.0150905782
  vertex -0.0953885764 0.0214188863 0.0150670661
  vertex -0.0953500643 0.0214098897 0.0150468843
  endloop
 endfacet

 facet normal -0.300732642 -0.934505224 -0.190419868
  outer loop
  vertex -0.0954243317 0.0214248858 0.0150905782
  vertex -0.0953500643 0.0214098897 0.0150468843
  vertex -0.0953115597 0.0214008912 0.0150302295
  endloop
 endfacet

 facet normal -0.596984804 0.134964913 -0.790818393
  outer loop
  vertex -0.0954243317 0.0214248858 0.0150905782
  vertex -0.0954573378 0.0214338824 0.0151170306
  vertex -0.0900552645 0.0453286543 0.0151170306
  endloop
 endfacet

 facet normal -0.568662822 0.128627405 -0.812451601
  outer loop
  vertex -0.0954243317 0.0214248858 0.0150905782
  vertex -0.0900552645 0.0453286543 0.0151170306
  vertex -0.0900195092 0.0453196578 0.0150905782
  endloop
 endfacet

 facet normal -0.53126204 0.120167613 -0.838642001
  outer loop
  vertex -0.0954243317 0.0214248858 0.0150905782
  vertex -0.0900195092 0.0453196578 0.0150905782
  vertex -0.0953885764 0.0214188863 0.0150670661
  endloop
 endfacet

 facet normal -0.739118338 0.178889006 -0.649386525
  outer loop
  vertex -0.0901130289 0.0453406535 0.0151787512
  vertex -0.0901075229 0.045367647 0.0151799265
  vertex -0.0900800154 0.0453646444 0.0151477931
  endloop
 endfacet

 facet normal -0.726990223 0.237041026 -0.644435346
  outer loop
  vertex -0.0900800154 0.0453646444 0.0151477931
  vertex -0.0901075229 0.045367647 0.0151799265
  vertex -0.0901020244 0.0453946367 0.01518365
  endloop
 endfacet

 facet normal -0.697041512 0.278501213 -0.660734594
  outer loop
  vertex -0.0900800154 0.0453646444 0.0151477931
  vertex -0.0901020244 0.0453946367 0.01518365
  vertex -0.090066269 0.045424629 0.0151585694
  endloop
 endfacet

 facet normal -0.653097868 0.276386261 -0.705034614
  outer loop
  vertex -0.0900800154 0.0453646444 0.0151477931
  vertex -0.090066269 0.045424629 0.0151585694
  vertex -0.0900717676 0.0453946367 0.0151519077
  endloop
 endfacet

 facet normal -0.625214934 0.2723324 -0.731396854
  outer loop
  vertex -0.0900800154 0.0453646444 0.0151477931
  vertex -0.0900717676 0.0453946367 0.0151519077
  vertex -0.090033263 0.045424629 0.0151301585
  endloop
 endfacet

 facet normal -0.61938107 0.26560992 -0.73879528
  outer loop
  vertex -0.0900800154 0.0453646444 0.0151477931
  vertex -0.090033263 0.045424629 0.0151301585
  vertex -0.0900387615 0.0453916378 0.0151229091
  endloop
 endfacet

 facet normal -0.615203381 0.251497567 -0.747177243
  outer loop
  vertex -0.0900800154 0.0453646444 0.0151477931
  vertex -0.0900387615 0.0453916378 0.0151229091
  vertex -0.0900470093 0.0453586467 0.0151185971
  endloop
 endfacet

 facet normal -0.625732362 0.211404428 -0.750844359
  outer loop
  vertex -0.0900800154 0.0453646444 0.0151477931
  vertex -0.0900470093 0.0453586467 0.0151185971
  vertex -0.0900552645 0.0453286543 0.0151170306
  endloop
 endfacet

 facet normal -6.79391233e-05 1.53595083e-05 -1
  outer loop
  vertex -0.0951437727 0.0213619005 0.0150000546
  vertex -0.0897417068 0.0452566743 0.0150000546
  vertex -0.0719869286 0.0217727944 0.0149984881
  endloop
 endfacet

 facet normal -6.78614524e-05 1.09826269e-05 -1
  outer loop
  vertex -0.0951437727 0.0213619005 0.0150000546
  vertex -0.0719869286 0.0217727944 0.0149984881
  vertex -0.0719951764 0.0217218064 0.0149984881
  endloop
 endfacet

 facet normal -6.78288488e-05 8.88553041e-06 -1
  outer loop
  vertex -0.0951437727 0.0213619005 0.0150000546
  vertex -0.0719951764 0.0217218064 0.0149984881
  vertex -0.0720006824 0.0216798186 0.0149984881
  endloop
 endfacet

 facet normal -6.77067874e-05 0 -1
  outer loop
  vertex -0.0951437727 0.0213619005 0.0150000546
  vertex -0.0720006824 0.0216798186 0.0149984881
  vertex -0.0720006824 0.0216348302 0.0149984881
  endloop
 endfacet

 facet normal -6.76059426e-05 -8.55154121e-06 -1
  outer loop
  vertex -0.0951437727 0.0213619005 0.0150000546
  vertex -0.0720006824 0.0216348302 0.0149984881
  vertex -0.0719896778 0.0215478521 0.0149984881
  endloop
 endfacet

 facet normal -6.75325136e-05 -1.76949943e-05 -1
  outer loop
  vertex -0.0951437727 0.0213619005 0.0150000546
  vertex -0.0719896778 0.0215478521 0.0149984881
  vertex -0.0719786733 0.0215058643 0.0149984881
  endloop
 endfacet

 facet normal -6.74776529e-05 -2.6521102e-05 -1
  outer loop
  vertex -0.0951437727 0.0213619005 0.0150000546
  vertex -0.0719786733 0.0215058643 0.0149984881
  vertex -0.0719621703 0.0214638747 0.0149984881
  endloop
 endfacet

 facet normal -6.74686962e-05 -2.85578044e-05 -1
  outer loop
  vertex -0.0951437727 0.0213619005 0.0150000546
  vertex -0.0719621703 0.0214638747 0.0149984881
  vertex -0.0719456673 0.0214248858 0.0149984881
  endloop
 endfacet

 facet normal -6.74342955e-05 -4.12293084e-05 -1
  outer loop
  vertex -0.0951437727 0.0213619005 0.0150000546
  vertex -0.0719456673 0.0214248858 0.0149984881
  vertex -0.0719236657 0.0213888939 0.0149984881
  endloop
 endfacet

 facet normal -6.74283074e-05 -4.63781616e-05 -1
  outer loop
  vertex -0.0951437727 0.0213619005 0.0150000546
  vertex -0.0719236657 0.0213888939 0.0149984881
  vertex -0.0718989074 0.0213529039 0.0149984881
  endloop
 endfacet

 facet normal -6.7430301e-05 -5.15322099e-05 -1
  outer loop
  vertex -0.0951437727 0.0213619005 0.0150000546
  vertex -0.0718989074 0.0213529039 0.0149984881
  vertex -0.0718714073 0.021316912 0.0149984881
  endloop
 endfacet

 facet normal -6.74742332e-05 -7.42560005e-05 -1
  outer loop
  vertex -0.0951437727 0.0213619005 0.0150000546
  vertex -0.0718714073 0.021316912 0.0149984881
  vertex -0.0718384013 0.0212869197 0.0149984881
  endloop
 endfacet

 facet normal -6.75008851e-05 -8.2541068e-05 -1
  outer loop
  vertex -0.0951437727 0.0213619005 0.0150000546
  vertex -0.0718384013 0.0212869197 0.0149984881
  vertex -0.0718053877 0.0212599281 0.0149984881
  endloop
 endfacet

 facet normal -6.75310948e-05 -8.94554396e-05 -1
  outer loop
  vertex -0.0951437727 0.0213619005 0.0150000546
  vertex -0.0718053877 0.0212599281 0.0149984881
  vertex -0.0717696324 0.0212329347 0.0149984881
  endloop
 endfacet

 facet normal -6.76734635e-05 -0.000115257193 -1
  outer loop
  vertex -0.0951437727 0.0213619005 0.0150000546
  vertex -0.0717696324 0.0212329347 0.0149984881
  vertex -0.0717338771 0.0212119408 0.0149984881
  endloop
 endfacet

 facet normal -6.79328805e-05 -0.000155754955 -1
  outer loop
  vertex -0.0951437727 0.0213619005 0.0150000546
  vertex -0.0717338771 0.0212119408 0.0149984881
  vertex -0.0716926157 0.0211939458 0.0149984881
  endloop
 endfacet

 facet normal -6.80692319e-05 -0.000174793386 -1
  outer loop
  vertex -0.0951437727 0.0213619005 0.0150000546
  vertex -0.0716926157 0.0211939458 0.0149984881
  vertex -0.0716541111 0.0211789496 0.0149984881
  endloop
 endfacet

 facet normal -6.8796202e-05 -0.000268130039 -0.99999994
  outer loop
  vertex -0.0951437727 0.0213619005 0.0150000546
  vertex -0.0716541111 0.0211789496 0.0149984881
  vertex -0.0716073513 0.0211669523 0.0149984881
  endloop
 endfacet

 facet normal -6.9105954e-05 -0.000305526948 -0.99999994
  outer loop
  vertex -0.0951437727 0.0213619005 0.0150000546
  vertex -0.0716073513 0.0211669523 0.0149984881
  vertex -0.0675365403 0.0151175288 0.0150000546
  endloop
 endfacet

 facet normal -3.84082305e-05 -0.000284869689 -0.99999994
  outer loop
  vertex -0.0675365403 0.0151175288 0.0150000546
  vertex -0.0716073513 0.0211669523 0.0149984881
  vertex -0.0675365403 0.020618096 0.0149984881
  endloop
 endfacet

 facet normal 1 0 0
  outer loop
  vertex -0.0675365403 0.0151175288 0.0150000546
  vertex -0.0675365403 0.020618096 0.0149984881
  vertex -0.0675365403 0.0406288803 0.0149984881
  endloop
 endfacet

 facet normal 1 0 0
  outer loop
  vertex -0.0675365403 0.0151175288 0.0150000546
  vertex -0.0675365403 0.0406288803 0.0149984881
  vertex -0.0675365403 0.0407308526 0.0153707704
  endloop
 endfacet

 facet normal 1 0 0
  outer loop
  vertex -0.0675365403 0.0151175288 0.0150000546
  vertex -0.0675365403 0.0407308526 0.0153707704
  vertex -0.0675365403 0.0407398492 0.015413681
  endloop
 endfacet

 facet normal 1 0 0
  outer loop
  vertex -0.0675365403 0.0151175288 0.0150000546
  vertex -0.0675365403 0.0407398492 0.015413681
  vertex -0.0675365403 0.0407458507 0.0154569838
  endloop
 endfacet

 facet normal 1 0 0
  outer loop
  vertex -0.0675365403 0.0151175288 0.0150000546
  vertex -0.0675365403 0.0407458507 0.0154569838
  vertex -0.0675365403 0.0407458507 0.0165430717
  endloop
 endfacet

 facet normal 1 0 0
  outer loop
  vertex -0.0675365403 0.0151175288 0.0150000546
  vertex -0.0675365403 0.0407458507 0.0165430717
  vertex -0.0675365403 0.0407398492 0.0165863726
  endloop
 endfacet

 facet normal 1 0 0
  outer loop
  vertex -0.0675365403 0.0151175288 0.0150000546
  vertex -0.0675365403 0.0407398492 0.0165863726
  vertex -0.0675365403 0.0407308526 0.0166292842
  endloop
 endfacet

 facet normal 1 0 0
  outer loop
  vertex -0.0675365403 0.0151175288 0.0150000546
  vertex -0.0675365403 0.0407308526 0.0166292842
  vertex -0.0675365403 0.0407278538 0.016638102
  endloop
 endfacet

 facet normal 1 0 0
  outer loop
  vertex -0.0675365403 0.0151175288 0.0150000546
  vertex -0.0675365403 0.0407278538 0.016638102
  vertex -0.0675365403 0.0407128595 0.0166786611
  endloop
 endfacet

 facet normal 1 0 0
  outer loop
  vertex -0.0675365403 0.0151175288 0.0150000546
  vertex -0.0675365403 0.0407128595 0.0166786611
  vertex -0.0675365403 0.0407008603 0.0167102069
  endloop
 endfacet

 facet normal 1 0 0
  outer loop
  vertex -0.0675365403 0.0151175288 0.0150000546
  vertex -0.0675365403 0.0407008603 0.0167102069
  vertex -0.0675365403 0.0406798646 0.0167499818
  endloop
 endfacet

 facet normal 1 0 0
  outer loop
  vertex -0.0675365403 0.0151175288 0.0150000546
  vertex -0.0675365403 0.0406798646 0.0167499818
  vertex -0.0675365403 0.0406558737 0.0167858396
  endloop
 endfacet

 facet normal 1 0 0
  outer loop
  vertex -0.0675365403 0.0151175288 0.0150000546
  vertex -0.0675365403 0.0406558737 0.0167858396
  vertex -0.0675365403 0.0406498723 0.0167938732
  endloop
 endfacet

 facet normal 1 0 0
  outer loop
  vertex -0.0675365403 0.0151175288 0.0150000546
  vertex -0.0675365403 0.0406498723 0.0167938732
  vertex -0.0675365403 0.04061988 0.0168287493
  endloop
 endfacet

 facet normal 1 0 0
  outer loop
  vertex -0.0675365403 0.0151175288 0.0150000546
  vertex -0.0675365403 0.04061988 0.0168287493
  vertex -0.0675365403 0.040598888 0.0168524589
  endloop
 endfacet

 facet normal 1 0 0
  outer loop
  vertex -0.0675365403 0.0151175288 0.0150000546
  vertex -0.0675365403 0.040598888 0.0168524589
  vertex -0.0675365403 0.0405568965 0.0168892946
  endloop
 endfacet

 facet normal 1 0 0
  outer loop
  vertex -0.0675365403 0.0151175288 0.0150000546
  vertex -0.0675365403 0.0405568965 0.0168892946
  vertex -0.0675365403 0.040529903 0.0169094764
  endloop
 endfacet

 facet normal 1 0 0
  outer loop
  vertex -0.0675365403 0.0151175288 0.0150000546
  vertex -0.0675365403 0.040529903 0.0169094764
  vertex -0.0675365403 0.0405209064 0.0169151593
  endloop
 endfacet

 facet normal 1 0 0
  outer loop
  vertex -0.0675365403 0.0151175288 0.0150000546
  vertex -0.0675365403 0.0405209064 0.0169151593
  vertex -0.0675365403 0.0404909179 0.0169329885
  endloop
 endfacet

 facet normal 1 0 0
  outer loop
  vertex -0.0675365403 0.0151175288 0.0150000546
  vertex -0.0675365403 0.0404909179 0.0169329885
  vertex -0.0675365403 0.0404819176 0.0169378873
  endloop
 endfacet

 facet normal 1 0 0
  outer loop
  vertex -0.0675365403 0.0151175288 0.0150000546
  vertex -0.0675365403 0.0404819176 0.0169378873
  vertex -0.0675365403 0.0404519252 0.0169529747
  endloop
 endfacet

 facet normal 1 0 0
  outer loop
  vertex -0.0675365403 0.0151175288 0.0150000546
  vertex -0.0675365403 0.0404519252 0.0169529747
  vertex -0.0675365403 0.040436931 0.0169596374
  endloop
 endfacet

 facet normal 1 0 0
  outer loop
  vertex -0.0675365403 0.0151175288 0.0150000546
  vertex -0.0675365403 0.040436931 0.0169596374
  vertex -0.0675365403 0.0404099375 0.0169698261
  endloop
 endfacet

 facet normal 1 0 0
  outer loop
  vertex -0.0675365403 0.0151175288 0.0150000546
  vertex -0.0675365403 0.0404099375 0.0169698261
  vertex -0.0675365403 0.0403949395 0.016975116
  endloop
 endfacet

 facet normal 1 0 0
  outer loop
  vertex -0.0675365403 0.0151175288 0.0150000546
  vertex -0.0675365403 0.0403949395 0.016975116
  vertex -0.0675365403 0.040367946 0.016982954
  endloop
 endfacet

 facet normal 1 0 0
  outer loop
  vertex -0.0675365403 0.0151175288 0.0150000546
  vertex -0.0675365403 0.040367946 0.016982954
  vertex -0.0675365403 0.0403409563 0.0169890281
  endloop
 endfacet

 facet normal 1 0 0
  outer loop
  vertex -0.0675365403 0.0151175288 0.0150000546
  vertex -0.0675365403 0.0403409563 0.0169890281
  vertex -0.0675365403 0.040331956 0.0169907901
  endloop
 endfacet

 facet normal 1 0 0
  outer loop
  vertex -0.0675365403 0.0151175288 0.0150000546
  vertex -0.0675365403 0.040331956 0.0169907901
  vertex -0.0675365403 0.0403229594 0.0169923585
  endloop
 endfacet

 facet normal 1 0 0
  outer loop
  vertex -0.0675365403 0.0151175288 0.0150000546
  vertex -0.0675365403 0.0403229594 0.0169923585
  vertex -0.0675365403 0.0403049625 0.0169951022
  endloop
 endfacet

 facet normal 1 0 0
  outer loop
  vertex -0.0675365403 0.0151175288 0.0150000546
  vertex -0.0675365403 0.0403049625 0.0169951022
  vertex -0.0675365403 0.040295966 0.0169962775
  endloop
 endfacet

 facet normal 1 0 0
  outer loop
  vertex -0.0675365403 0.0151175288 0.0150000546
  vertex -0.0675365403 0.040295966 0.0169962775
  vertex -0.0675365403 0.0402869694 0.0169972572
  endloop
 endfacet

 facet normal 1 0 0
  outer loop
  vertex -0.0675365403 0.0151175288 0.0150000546
  vertex -0.0675365403 0.0402869694 0.0169972572
  vertex -0.0675365403 0.0402719714 0.0169986282
  endloop
 endfacet

 facet normal 1 0 0
  outer loop
  vertex -0.0675365403 0.0151175288 0.0150000546
  vertex -0.0675365403 0.0402719714 0.0169986282
  vertex -0.0675365403 0.0402509794 0.0169996079
  endloop
 endfacet

 facet normal 1 0 0
  outer loop
  vertex -0.0675365403 0.0151175288 0.0150000546
  vertex -0.0675365403 0.0402509794 0.0169996079
  vertex -0.0675365403 0.0402359813 0.0169999991
  endloop
 endfacet

 facet normal 1 0 0
  outer loop
  vertex -0.0675365403 0.0151175288 0.0150000546
  vertex -0.0675365403 0.0402359813 0.0169999991
  vertex -0.0675365403 0.0151175288 0.0169999991
  endloop
 endfacet

 facet normal -0.298579097 -0.743397593 0.598507047
  outer loop
  vertex -0.0951877832 0.0213708989 0.0169980396
  vertex -0.0952290446 0.0213828962 0.0169923585
  vertex -0.0952702984 0.0213918928 0.016982954
  endloop
 endfacet

 facet normal -0.281327039 -0.926738322 0.249020964
  outer loop
  vertex -0.0951877832 0.0213708989 0.0169980396
  vertex -0.0952702984 0.0213918928 0.016982954
  vertex -0.0953115597 0.0214008912 0.0169698261
  endloop
 endfacet

 facet normal -0.254373401 -0.962663531 0.0925911516
  outer loop
  vertex -0.0951877832 0.0213708989 0.0169980396
  vertex -0.0953115597 0.0214008912 0.0169698261
  vertex -0.0954243317 0.0214248858 0.0169094764
  endloop
 endfacet

 facet normal -0.224778578 -0.974388838 0.00639847387
  outer loop
  vertex -0.0951877832 0.0213708989 0.0169980396
  vertex -0.0954243317 0.0214248858 0.0169094764
  vertex -0.0955178514 0.0214458797 0.0168213043
  endloop
 endfacet

 facet normal -0.199172825 -0.88057059 0.430029809
  outer loop
  vertex -0.0951877832 0.0213708989 0.0169980396
  vertex -0.0675365403 0.0151175288 0.0169999991
  vertex -0.0951437727 0.0213619005 0.0169999991
  endloop
 endfacet

 facet normal -0.0425151587 0.00961172394 0.999049604
  outer loop
  vertex -0.0951877832 0.0213708989 0.0169980396
  vertex -0.0951437727 0.0213619005 0.0169999991
  vertex -0.0897417068 0.0452566743 0.0169999991
  endloop
 endfacet

 facet normal -0.044515416 0.010067801 0.998958051
  outer loop
  vertex -0.0951877832 0.0213708989 0.0169980396
  vertex -0.0897417068 0.0452566743 0.0169999991
  vertex -0.0897829607 0.0452686697 0.0169980396
  endloop
 endfacet

 facet normal -0.126179531 0.0285373107 0.991596997
  outer loop
  vertex -0.0951877832 0.0213708989 0.0169980396
  vertex -0.0897829607 0.0452686697 0.0169980396
  vertex -0.089824222 0.0452836677 0.0169923585
  endloop
 endfacet

 facet normal -0.128087848 0.0289652776 0.991339803
  outer loop
  vertex -0.0951877832 0.0213708989 0.0169980396
  vertex -0.089824222 0.0452836677 0.0169923585
  vertex -0.0952290446 0.0213828962 0.0169923585
  endloop
 endfacet

 facet normal -0.378582656 0.0855997801 -0.921600759
  outer loop
  vertex -0.0953115597 0.0214008912 0.0150302295
  vertex -0.0953500643 0.0214098897 0.0150468843
  vertex -0.0899479911 0.0453016609 0.0150468843
  endloop
 endfacet

 facet normal -0.357858419 0.080955103 -0.930259943
  outer loop
  vertex -0.0953115597 0.0214008912 0.0150302295
  vertex -0.0899479911 0.0453016609 0.0150468843
  vertex -0.0899067372 0.0452926643 0.0150302295
  endloop
 endfacet

 facet normal -0.307314247 0.0695209503 -0.949065328
  outer loop
  vertex -0.0953115597 0.0214008912 0.0150302295
  vertex -0.0899067372 0.0452926643 0.0150302295
  vertex -0.0898682252 0.0452836677 0.0150171015
  endloop
 endfacet

 facet normal -0.289574474 0.0654745102 -0.954913497
  outer loop
  vertex -0.0953115597 0.0214008912 0.0150302295
  vertex -0.0898682252 0.0452836677 0.0150171015
  vertex -0.0952702984 0.0213918928 0.0150171015
  endloop
 endfacet

 facet normal -0.2120516 0.0479461253 -0.97608161
  outer loop
  vertex -0.0952702984 0.0213918928 0.0150171015
  vertex -0.0898682252 0.0452836677 0.0150171015
  vertex -0.0952290446 0.0213828962 0.015007697
  endloop
 endfacet

 facet normal -0.199911222 0.04522416 -0.978769779
  outer loop
  vertex -0.0952290446 0.0213828962 0.015007697
  vertex -0.0898682252 0.0452836677 0.0150171015
  vertex -0.089824222 0.0452746674 0.015007697
  endloop
 endfacet

 facet normal -0.130085558 0.0294281077 -0.991065979
  outer loop
  vertex -0.0952290446 0.0213828962 0.015007697
  vertex -0.089824222 0.0452746674 0.015007697
  vertex -0.0897829607 0.0452656709 0.0150020141
  endloop
 endfacet

 facet normal -0.121113904 0.0700038448 -0.990167201
  outer loop
  vertex -0.0897829607 0.0452656709 0.0150020141
  vertex -0.089824222 0.0452746674 0.015007697
  vertex -0.0898159668 0.0453166589 0.0150096556
  endloop
 endfacet

 facet normal -0.121113904 0.0700038448 -0.990167201
  outer loop
  vertex -0.0897829607 0.0452656709 0.0150020141
  vertex -0.0898159668 0.0453166589 0.0150096556
  vertex -0.0897747129 0.0453076623 0.0150039736
  endloop
 endfacet

 facet normal -0.0357070528 0.0535838827 -0.997924745
  outer loop
  vertex -0.0897829607 0.0452656709 0.0150020141
  vertex -0.0897747129 0.0453076623 0.0150039736
  vertex -0.0897417068 0.0452566743 0.0150000546
  endloop
 endfacet

 facet normal -6.72441965e-05 1.59420451e-05 -1
  outer loop
  vertex -0.0897417068 0.0452566743 0.0150000546
  vertex -0.0675365403 0.0406288803 0.0149984881
  vertex -0.0715468377 0.0237132888 0.0149984881
  endloop
 endfacet

 facet normal -6.78897413e-05 1.53968394e-05 -1
  outer loop
  vertex -0.0897417068 0.0452566743 0.0150000546
  vertex -0.0715468377 0.0237132888 0.0149984881
  vertex -0.0719869286 0.0217727944 0.0149984881
  endloop
 endfacet

 facet normal -0.0331333578 0.0552497916 -0.997922659
  outer loop
  vertex -0.0897417068 0.0452566743 0.0150000546
  vertex -0.0897747129 0.0453076623 0.0150039736
  vertex -0.0897307023 0.045298662 0.0150020141
  endloop
 endfacet

 facet normal 0.00914551318 0.044220414 -0.998979986
  outer loop
  vertex -0.0897417068 0.0452566743 0.0150000546
  vertex -0.0897307023 0.045298662 0.0150020141
  vertex -0.0675365403 0.0406288803 0.0149984881
  endloop
 endfacet

 facet normal -0.243645072 -0.969472289 0.0275799707
  outer loop
  vertex -0.0955178514 0.0214458797 0.0168213043
  vertex -0.0954243317 0.0214248858 0.0169094764
  vertex -0.0954903439 0.0214398801 0.0168534387
  endloop
 endfacet

 facet normal -0.73363781 0.165943548 0.658967614
  outer loop
  vertex -0.0955178514 0.0214458797 0.0168213043
  vertex -0.0954903439 0.0214398801 0.0168534387
  vertex -0.0900855213 0.0453346521 0.0168534387
  endloop
 endfacet

 facet normal -0.733657002 0.165947944 0.658945203
  outer loop
  vertex -0.0955178514 0.0214458797 0.0168213043
  vertex -0.0900855213 0.0453346521 0.0168534387
  vertex -0.0901130289 0.0453406535 0.0168213043
  endloop
 endfacet

 facet normal -0.757277727 0.171290785 0.630230069
  outer loop
  vertex -0.0955178514 0.0214458797 0.0168213043
  vertex -0.0901130289 0.0453406535 0.0168213043
  vertex -0.090140529 0.0453466512 0.0167866237
  endloop
 endfacet

 facet normal -0.786183715 0.177738532 0.59188199
  outer loop
  vertex -0.0955178514 0.0214458797 0.0168213043
  vertex -0.090140529 0.0453466512 0.0167866237
  vertex -0.0955426022 0.0214518774 0.0167866237
  endloop
 endfacet

 facet normal -0.800920427 0.181070194 0.570736408
  outer loop
  vertex -0.0955426022 0.0214518774 0.0167866237
  vertex -0.090140529 0.0453466512 0.0167866237
  vertex -0.0955673605 0.0214578751 0.0167499818
  endloop
 endfacet

 facet normal -0.660728753 -0.718637347 0.216789722
  outer loop
  vertex -0.0955673605 0.0214578751 0.0167499818
  vertex -0.0955866128 0.0214638747 0.0167111866
  vertex -0.0956031159 0.0214668736 0.0166708231
  endloop
 endfacet

 facet normal -0.828252375 0.187344581 0.528109848
  outer loop
  vertex -0.0955673605 0.0214578751 0.0167499818
  vertex -0.090140529 0.0453466512 0.0167866237
  vertex -0.090162538 0.0453526489 0.0167499818
  endloop
 endfacet

 facet normal -0.866006076 0.195884198 0.460068315
  outer loop
  vertex -0.0955673605 0.0214578751 0.0167499818
  vertex -0.090162538 0.0453526489 0.0167499818
  vertex -0.0955866128 0.0214638747 0.0167111866
  endloop
 endfacet

 facet normal -0.900790632 0.203756437 0.383483499
  outer loop
  vertex -0.0956031159 0.0214668736 0.0166708231
  vertex -0.0955866128 0.0214638747 0.0167111866
  vertex -0.090173535 0.0453946367 0.0167111866
  endloop
 endfacet

 facet normal -0.905148745 0.204763845 0.372528464
  outer loop
  vertex -0.0956031159 0.0214668736 0.0166708231
  vertex -0.090173535 0.0453946367 0.0167111866
  vertex -0.0901982933 0.0453586467 0.0166708231
  endloop
 endfacet

 facet normal -0.923757911 0.208973616 0.320938289
  outer loop
  vertex -0.0956031159 0.0214668736 0.0166708231
  vertex -0.0901982933 0.0453586467 0.0166708231
  vertex -0.0902120471 0.0453616455 0.0166292842
  endloop
 endfacet

 facet normal -0.94064641 0.212685809 0.264478862
  outer loop
  vertex -0.0956031159 0.0214668736 0.0166708231
  vertex -0.0902120471 0.0453616455 0.0166292842
  vertex -0.0956141204 0.0214698724 0.0166292842
  endloop
 endfacet

 facet normal -0.916257262 0.240052462 0.320698559
  outer loop
  vertex -0.0902120471 0.0453616455 0.0166292842
  vertex -0.0901982933 0.0453586467 0.0166708231
  vertex -0.0901872888 0.0454006344 0.0166708231
  endloop
 endfacet

 facet normal -0.916257262 0.240052462 0.320698559
  outer loop
  vertex -0.0902120471 0.0453616455 0.0166292842
  vertex -0.0901872888 0.0454006344 0.0166708231
  vertex -0.0902010426 0.0454036333 0.0166292842
  endloop
 endfacet

 facet normal -0.947526157 0.248244688 0.201417074
  outer loop
  vertex -0.0902120471 0.0453616455 0.0166292842
  vertex -0.0902010426 0.0454036333 0.0166292842
  vertex -0.0902092978 0.0454066321 0.0165867656
  endloop
 endfacet

 facet normal -0.947526157 0.248244688 0.201417074
  outer loop
  vertex -0.0902120471 0.0453616455 0.0166292842
  vertex -0.0902092978 0.0454066321 0.0165867656
  vertex -0.0902202949 0.0453646444 0.0165867656
  endloop
 endfacet

 facet normal -0.957952201 0.250976235 0.139062539
  outer loop
  vertex -0.0902202949 0.0453646444 0.0165867656
  vertex -0.0902092978 0.0454066321 0.0165867656
  vertex -0.0902147964 0.045409631 0.0165434629
  endloop
 endfacet

 facet normal -0.95794785 0.250986755 0.139074042
  outer loop
  vertex -0.0902202949 0.0453646444 0.0165867656
  vertex -0.0902147964 0.045409631 0.0165434629
  vertex -0.0902258009 0.045367647 0.0165434629
  endloop
 endfacet

 facet normal -0.941381335 0.332052052 0.0595207661
  outer loop
  vertex -0.0902175456 0.045409631 0.0164999645
  vertex -0.0902147964 0.045409631 0.0165434629
  vertex -0.0902010426 0.0454486236 0.0165434629
  endloop
 endfacet

 facet normal -0.925954938 0.377410024 0.0130097447
  outer loop
  vertex -0.0902175456 0.045409631 0.0164999645
  vertex -0.0902010426 0.0454486236 0.0165434629
  vertex -0.0901845396 0.0454906113 0.0164999645
  endloop
 endfacet

 facet normal -0.926032901 0.377441794 0.000830372097
  outer loop
  vertex -0.0902175456 0.045409631 0.0164999645
  vertex -0.0901845396 0.0454906113 0.0164999645
  vertex -0.0902037919 0.0454456247 0.0154775577
  endloop
 endfacet

 facet normal -0.853176296 0.521622658 0
  outer loop
  vertex -0.0901845396 0.0454906113 0.0155000901
  vertex -0.0901845396 0.0454906113 0.0164999645
  vertex -0.090162538 0.0455266014 0.0164999645
  endloop
 endfacet

 facet normal -0.853176296 0.521622658 0
  outer loop
  vertex -0.0901845396 0.0454906113 0.0155000901
  vertex -0.090162538 0.0455266014 0.0164999645
  vertex -0.090162538 0.0455266014 0.0154851992
  endloop
 endfacet

 facet normal -0.863307118 0.500267684 -0.0665806681
  outer loop
  vertex -0.0901845396 0.0454906113 0.0155000901
  vertex -0.090162538 0.0455266014 0.0154851992
  vertex -0.0901845396 0.0454876125 0.0154775577
  endloop
 endfacet

 facet normal -0.859662056 0.502838194 -0.0901932493
  outer loop
  vertex -0.0901845396 0.0454876125 0.0154775577
  vertex -0.090162538 0.0455266014 0.0154851992
  vertex -0.0901652873 0.0455116071 0.0154277887
  endloop
 endfacet

 facet normal -0.874638081 0.471923053 -0.110890776
  outer loop
  vertex -0.0901845396 0.0454876125 0.0154775577
  vertex -0.0901652873 0.0455116071 0.0154277887
  vertex -0.0901872888 0.0454726182 0.0154354302
  endloop
 endfacet

 facet normal -0.875115991 0.454722285 -0.165528253
  outer loop
  vertex -0.0901872888 0.0454726182 0.0154354302
  vertex -0.090173535 0.0454786159 0.015379197
  vertex -0.0901900381 0.045460619 0.0154170124
  endloop
 endfacet

 facet normal -0.872465611 0.460229933 -0.164292648
  outer loop
  vertex -0.0901872888 0.0454726182 0.0154354302
  vertex -0.0901652873 0.0455116071 0.0154277887
  vertex -0.090173535 0.0454786159 0.015379197
  endloop
 endfacet

 facet normal -0.882278144 0.43594414 -0.17758958
  outer loop
  vertex -0.0901900381 0.045460619 0.0154170124
  vertex -0.090173535 0.0454786159 0.015379197
  vertex -0.0901927948 0.0454516225 0.0154085867
  endloop
 endfacet

 facet normal -0.893132389 0.386445135 -0.230162308
  outer loop
  vertex -0.0901927948 0.0454516225 0.0154085867
  vertex -0.090173535 0.0454786159 0.015379197
  vertex -0.0901955441 0.0454366244 0.0153940879
  endloop
 endfacet

 facet normal -0.852587223 0.488130331 -0.186611384
  outer loop
  vertex -0.090173535 0.0454786159 0.015379197
  vertex -0.0901652873 0.0455116071 0.0154277887
  vertex -0.0901707858 0.0454876125 0.0153901689
  endloop
 endfacet

 facet normal -0.842318058 0.500701547 -0.199494824
  outer loop
  vertex -0.090173535 0.0454786159 0.015379197
  vertex -0.0901707858 0.0454876125 0.0153901689
  vertex -0.0901432857 0.0455356017 0.015394479
  endloop
 endfacet

 facet normal -0.815182865 0.507604718 -0.27895236
  outer loop
  vertex -0.090173535 0.0454786159 0.015379197
  vertex -0.0901432857 0.0455356017 0.015394479
  vertex -0.090146035 0.0455146059 0.0153643051
  endloop
 endfacet

 facet normal -0.815124452 0.507141948 -0.279962957
  outer loop
  vertex -0.090173535 0.0454786159 0.015379197
  vertex -0.090146035 0.0455146059 0.0153643051
  vertex -0.0901487842 0.0455026105 0.0153505895
  endloop
 endfacet

 facet normal -0.816896081 0.500062883 -0.287433445
  outer loop
  vertex -0.090173535 0.0454786159 0.015379197
  vertex -0.0901487842 0.0455026105 0.0153505895
  vertex -0.090157032 0.0454756171 0.0153270764
  endloop
 endfacet

 facet normal -0.875327468 0.379980743 -0.299026012
  outer loop
  vertex -0.090173535 0.0454786159 0.015379197
  vertex -0.090157032 0.0454756171 0.0153270764
  vertex -0.0901872888 0.0454156324 0.0153394211
  endloop
 endfacet

 facet normal -0.87935394 0.330396593 -0.342891753
  outer loop
  vertex -0.0901872888 0.0454156324 0.0153394211
  vertex -0.0901680365 0.0454276279 0.0153016048
  vertex -0.0901900381 0.0454036333 0.0153349144
  endloop
 endfacet

 facet normal -0.870646358 0.373210162 -0.320451558
  outer loop
  vertex -0.0901872888 0.0454156324 0.0153394211
  vertex -0.090157032 0.0454756171 0.0153270764
  vertex -0.0901597887 0.045460619 0.0153170833
  endloop
 endfacet

 facet normal -0.870014131 0.370333761 -0.325466335
  outer loop
  vertex -0.0901872888 0.0454156324 0.0153394211
  vertex -0.0901597887 0.045460619 0.0153170833
  vertex -0.0901680365 0.0454276279 0.0153016048
  endloop
 endfacet

 facet normal -0.816538751 0.399690241 -0.416547835
  outer loop
  vertex -0.0901680365 0.0454276279 0.0153016048
  vertex -0.0901597887 0.045460619 0.0153170833
  vertex -0.090140529 0.0454546213 0.015273585
  endloop
 endfacet

 facet normal -0.814551473 0.349303991 -0.463133454
  outer loop
  vertex -0.0901680365 0.0454276279 0.0153016048
  vertex -0.090140529 0.0454546213 0.015273585
  vertex -0.0901487842 0.0454156324 0.0152586931
  endloop
 endfacet

 facet normal -0.827740788 0.320061028 -0.460875481
  outer loop
  vertex -0.0901680365 0.0454276279 0.0153016048
  vertex -0.0901487842 0.0454156324 0.0152586931
  vertex -0.0901542827 0.0453946367 0.0152539918
  endloop
 endfacet

 facet normal -0.797745943 0.258512676 -0.544768512
  outer loop
  vertex -0.0901542827 0.0453946367 0.0152539918
  vertex -0.0901295319 0.0453946367 0.0152177429
  vertex -0.0901350304 0.0453706458 0.0152144115
  endloop
 endfacet

 facet normal -0.789787471 0.323599219 -0.521075189
  outer loop
  vertex -0.0901542827 0.0453946367 0.0152539918
  vertex -0.0901487842 0.0454156324 0.0152586931
  vertex -0.0901240259 0.0454186313 0.0152230337
  endloop
 endfacet

 facet normal -0.787949681 0.299343526 -0.538078725
  outer loop
  vertex -0.0901542827 0.0453946367 0.0152539918
  vertex -0.0901240259 0.0454186313 0.0152230337
  vertex -0.0901295319 0.0453946367 0.0152177429
  endloop
 endfacet

 facet normal -0.752203345 0.256693423 -0.606876135
  outer loop
  vertex -0.0901350304 0.0453706458 0.0152144115
  vertex -0.0901295319 0.0453946367 0.0152177429
  vertex -0.0901020244 0.0453946367 0.01518365
  endloop
 endfacet

 facet normal -0.749133468 0.237936288 -0.618211508
  outer loop
  vertex -0.0901350304 0.0453706458 0.0152144115
  vertex -0.0901020244 0.0453946367 0.01518365
  vertex -0.0901075229 0.045367647 0.0151799265
  endloop
 endfacet

 facet normal -0.572003126 0.198966607 -0.795754194
  outer loop
  vertex -0.0900552645 0.0453286543 0.0151170306
  vertex -0.0900470093 0.0453586467 0.0151185971
  vertex -0.090011254 0.0453556478 0.0150921466
  endloop
 endfacet

 facet normal -0.559747636 0.163703397 -0.812332392
  outer loop
  vertex -0.0900552645 0.0453286543 0.0151170306
  vertex -0.090011254 0.0453556478 0.0150921466
  vertex -0.0900195092 0.0453196578 0.0150905782
  endloop
 endfacet

 facet normal -0.524520278 0.118657522 -0.843088865
  outer loop
  vertex -0.0953885764 0.0214188863 0.0150670661
  vertex -0.0900195092 0.0453196578 0.0150905782
  vertex -0.0899837539 0.0453106612 0.0150670661
  endloop
 endfacet

 facet normal -0.468414992 0.105965331 -0.877130985
  outer loop
  vertex -0.0953885764 0.0214188863 0.0150670661
  vertex -0.0899837539 0.0453106612 0.0150670661
  vertex -0.0899479911 0.0453016609 0.0150468843
  endloop
 endfacet

 facet normal -0.443406433 0.100256823 -0.890695989
  outer loop
  vertex -0.0953885764 0.0214188863 0.0150670661
  vertex -0.0899479911 0.0453016609 0.0150468843
  vertex -0.0953500643 0.0214098897 0.0150468843
  endloop
 endfacet

 facet normal -0.521022201 0.155995071 -0.839167118
  outer loop
  vertex -0.0900195092 0.0453196578 0.0150905782
  vertex -0.090011254 0.0453556478 0.0150921466
  vertex -0.0899754986 0.0453496501 0.0150688291
  endloop
 endfacet

 facet normal -0.517207503 0.147590265 -0.843038261
  outer loop
  vertex -0.0900195092 0.0453196578 0.0150905782
  vertex -0.0899754986 0.0453496501 0.0150688291
  vertex -0.0899837539 0.0453106612 0.0150670661
  endloop
 endfacet

 facet normal -0.745482266 0.287245512 -0.601453543
  outer loop
  vertex -0.0901020244 0.0453946367 0.01518365
  vertex -0.0901295319 0.0453946367 0.0152177429
  vertex -0.0900965258 0.0454216301 0.0151897231
  endloop
 endfacet

 facet normal -0.700419545 0.28952077 -0.652372718
  outer loop
  vertex -0.0901020244 0.0453946367 0.01518365
  vertex -0.0900965258 0.0454216301 0.0151897231
  vertex -0.090066269 0.045424629 0.0151585694
  endloop
 endfacet

 facet normal -0.6268996 0.276747555 -0.728290975
  outer loop
  vertex -0.090066269 0.045424629 0.0151585694
  vertex -0.090033263 0.045424629 0.0151301585
  vertex -0.0900717676 0.0453946367 0.0151519077
  endloop
 endfacet

 facet normal -0.690787077 0.339939952 -0.638164639
  outer loop
  vertex -0.090066269 0.045424629 0.0151585694
  vertex -0.0900965258 0.0454216301 0.0151897231
  vertex -0.0900910273 0.0454486236 0.0151981488
  endloop
 endfacet

 facet normal -0.650166094 0.397388786 -0.647584856
  outer loop
  vertex -0.090066269 0.045424629 0.0151585694
  vertex -0.0900910273 0.0454486236 0.0151981488
  vertex -0.0900525153 0.0454816148 0.015179731
  endloop
 endfacet

 facet normal -0.60062176 0.401669949 -0.691313803
  outer loop
  vertex -0.090066269 0.045424629 0.0151585694
  vertex -0.0900525153 0.0454816148 0.015179731
  vertex -0.0900250077 0.0454546213 0.0151401507
  endloop
 endfacet

 facet normal -0.598889709 0.396562397 -0.695751071
  outer loop
  vertex -0.090066269 0.045424629 0.0151585694
  vertex -0.0900250077 0.0454546213 0.0151401507
  vertex -0.090033263 0.045424629 0.0151301585
  endloop
 endfacet

 facet normal -0.534741998 0.319573343 -0.78225565
  outer loop
  vertex -0.090033263 0.045424629 0.0151301585
  vertex -0.0899975076 0.0454216301 0.0151044903
  vertex -0.0900057554 0.045388639 0.0150966523
  endloop
 endfacet

 facet normal -0.585216761 0.265900701 -0.766040564
  outer loop
  vertex -0.090033263 0.045424629 0.0151301585
  vertex -0.0900057554 0.045388639 0.0150966523
  vertex -0.0900387615 0.0453916378 0.0151229091
  endloop
 endfacet

 facet normal -0.546625257 0.396172017 -0.737732112
  outer loop
  vertex -0.090033263 0.045424629 0.0151301585
  vertex -0.0900250077 0.0454546213 0.0151401507
  vertex -0.0899892524 0.0454576202 0.0151152667
  endloop
 endfacet

 facet normal -0.526067436 0.352378339 -0.774004221
  outer loop
  vertex -0.090033263 0.045424629 0.0151301585
  vertex -0.0899892524 0.0454576202 0.0151152667
  vertex -0.0899975076 0.0454216301 0.0151044903
  endloop
 endfacet

 facet normal -0.589222908 0.247853979 -0.769015491
  outer loop
  vertex -0.0900387615 0.0453916378 0.0151229091
  vertex -0.0900057554 0.045388639 0.0150966523
  vertex -0.0900470093 0.0453586467 0.0151185971
  endloop
 endfacet

 facet normal -0.571136594 0.203860909 -0.795137584
  outer loop
  vertex -0.0900470093 0.0453586467 0.0151185971
  vertex -0.0900057554 0.045388639 0.0150966523
  vertex -0.090011254 0.0453556478 0.0150921466
  endloop
 endfacet

 facet normal 0 0 -1
  outer loop
  vertex -0.0719869286 0.0217727944 0.0149984881
  vertex -0.0715468377 0.0237132888 0.0149984881
  vertex -0.0675365403 0.0406288803 0.0149984881
  endloop
 endfacet

 facet normal 0 0 -1
  outer loop
  vertex -0.0719869286 0.0217727944 0.0149984881
  vertex -0.0675365403 0.0406288803 0.0149984881
  vertex -0.0675365403 0.020618096 0.0149984881
  endloop
 endfacet

 facet normal 0 0 -1
  outer loop
  vertex -0.0719869286 0.0217727944 0.0149984881
  vertex -0.0675365403 0.020618096 0.0149984881
  vertex -0.0716073513 0.0211669523 0.0149984881
  endloop
 endfacet

 facet normal 0 0 -1
  outer loop
  vertex -0.0719869286 0.0217727944 0.0149984881
  vertex -0.0716073513 0.0211669523 0.0149984881
  vertex -0.0716541111 0.0211789496 0.0149984881
  endloop
 endfacet

 facet normal 0 0 -1
  outer loop
  vertex -0.0719869286 0.0217727944 0.0149984881
  vertex -0.0716541111 0.0211789496 0.0149984881
  vertex -0.0716926157 0.0211939458 0.0149984881
  endloop
 endfacet

 facet normal 0 0 -1
  outer loop
  vertex -0.0719869286 0.0217727944 0.0149984881
  vertex -0.0716926157 0.0211939458 0.0149984881
  vertex -0.0717338771 0.0212119408 0.0149984881
  endloop
 endfacet

 facet normal 0 0 -1
  outer loop
  vertex -0.0719869286 0.0217727944 0.0149984881
  vertex -0.0717338771 0.0212119408 0.0149984881
  vertex -0.0717696324 0.0212329347 0.0149984881
  endloop
 endfacet

 facet normal 0 0 -1
  outer loop
  vertex -0.0719869286 0.0217727944 0.0149984881
  vertex -0.0717696324 0.0212329347 0.0149984881
  vertex -0.0718053877 0.0212599281 0.0149984881
  endloop
 endfacet

 facet normal 0 0 -1
  outer loop
  vertex -0.0719869286 0.0217727944 0.0149984881
  vertex -0.0718053877 0.0212599281 0.0149984881
  vertex -0.0718384013 0.0212869197 0.0149984881
  endloop
 endfacet

 facet normal 0 0 -1
  outer loop
  vertex -0.0719869286 0.0217727944 0.0149984881
  vertex -0.0718384013 0.0212869197 0.0149984881
  vertex -0.0718714073 0.021316912 0.0149984881
  endloop
 endfacet

 facet normal 0 0 -1
  outer loop
  vertex -0.0719869286 0.0217727944 0.0149984881
  vertex -0.0718714073 0.021316912 0.0149984881
  vertex -0.0718989074 0.0213529039 0.0149984881
  endloop
 endfacet

 facet normal 0 0 -1
  outer loop
  vertex -0.0719869286 0.0217727944 0.0149984881
  vertex -0.0718989074 0.0213529039 0.0149984881
  vertex -0.0719236657 0.0213888939 0.0149984881
  endloop
 endfacet

 facet normal 0 0 -1
  outer loop
  vertex -0.0719869286 0.0217727944 0.0149984881
  vertex -0.0719236657 0.0213888939 0.0149984881
  vertex -0.0719456673 0.0214248858 0.0149984881
  endloop
 endfacet

 facet normal 0 0 -1
  outer loop
  vertex -0.0719869286 0.0217727944 0.0149984881
  vertex -0.0719456673 0.0214248858 0.0149984881
  vertex -0.0719621703 0.0214638747 0.0149984881
  endloop
 endfacet

 facet normal 0 0 -1
  outer loop
  vertex -0.0719869286 0.0217727944 0.0149984881
  vertex -0.0719621703 0.0214638747 0.0149984881
  vertex -0.0719786733 0.0215058643 0.0149984881
  endloop
 endfacet

 facet normal 0 0 -1
  outer loop
  vertex -0.0719869286 0.0217727944 0.0149984881
  vertex -0.0719786733 0.0215058643 0.0149984881
  vertex -0.0719896778 0.0215478521 0.0149984881
  endloop
 endfacet

 facet normal 0 0 -1
  outer loop
  vertex -0.0719869286 0.0217727944 0.0149984881
  vertex -0.0719896778 0.0215478521 0.0149984881
  vertex -0.0720006824 0.0216348302 0.0149984881
  endloop
 endfacet

 facet normal 0 0 -1
  outer loop
  vertex -0.0719869286 0.0217727944 0.0149984881
  vertex -0.0720006824 0.0216348302 0.0149984881
  vertex -0.0720006824 0.0216798186 0.0149984881
  endloop
 endfacet

 facet normal 0 0 -1
  outer loop
  vertex -0.0719869286 0.0217727944 0.0149984881
  vertex -0.0720006824 0.0216798186 0.0149984881
  vertex -0.0719951764 0.0217218064 0.0149984881
  endloop
 endfacet

 facet normal 0 0 1
  outer loop
  vertex -0.0675365403 0.0151175288 0.0169999991
  vertex -0.0675365403 0.0402359813 0.0169999991
  vertex -0.0897417068 0.0452566743 0.0169999991
  endloop
 endfacet

 facet normal 0 0 1
  outer loop
  vertex -0.0675365403 0.0151175288 0.0169999991
  vertex -0.0897417068 0.0452566743 0.0169999991
  vertex -0.0951437727 0.0213619005 0.0169999991
  endloop
 endfacet

 facet normal -0.208764315 0.0472091362 0.976825893
  outer loop
  vertex -0.0952290446 0.0213828962 0.0169923585
  vertex -0.089824222 0.0452836677 0.0169923585
  vertex -0.0898682252 0.0452836677 0.016982954
  endloop
 endfacet

 facet normal -0.212072656 0.0479508862 0.976076901
  outer loop
  vertex -0.0952290446 0.0213828962 0.0169923585
  vertex -0.0898682252 0.0452836677 0.016982954
  vertex -0.0952702984 0.0213918928 0.016982954
  endloop
 endfacet

 facet normal -0.289554805 0.0654700547 0.954919755
  outer loop
  vertex -0.0952702984 0.0213918928 0.016982954
  vertex -0.0898682252 0.0452836677 0.016982954
  vertex -0.0953115597 0.0214008912 0.0169698261
  endloop
 endfacet

 facet normal -0.304977983 -0.931193709 0.19966653
  outer loop
  vertex -0.0953115597 0.0214008912 0.0169698261
  vertex -0.0953500643 0.0214098897 0.0169529747
  vertex -0.0954243317 0.0214248858 0.0169094764
  endloop
 endfacet

 facet normal -0.302985251 0.06853351 0.950527847
  outer loop
  vertex -0.0953115597 0.0214008912 0.0169698261
  vertex -0.0898682252 0.0452836677 0.016982954
  vertex -0.0899039879 0.0453076623 0.0169698261
  endloop
 endfacet

 facet normal -0.366173476 0.0828263313 0.92685318
  outer loop
  vertex -0.0953115597 0.0214008912 0.0169698261
  vertex -0.0899039879 0.0453076623 0.0169698261
  vertex -0.0899479911 0.0453016609 0.0169529747
  endloop
 endfacet

 facet normal -0.38237071 0.0864562839 0.919955432
  outer loop
  vertex -0.0953115597 0.0214008912 0.0169698261
  vertex -0.0899479911 0.0453016609 0.0169529747
  vertex -0.0953500643 0.0214098897 0.0169529747
  endloop
 endfacet

 facet normal -0.614836812 -0.532431483 0.581801057
  outer loop
  vertex -0.0954243317 0.0214248858 0.0169094764
  vertex -0.0954573378 0.0214338824 0.0168828294
  vertex -0.0954903439 0.0214398801 0.0168534387
  endloop
 endfacet

 facet normal -0.398094714 -0.828379571 0.394091308
  outer loop
  vertex -0.0954243317 0.0214248858 0.0169094764
  vertex -0.0953500643 0.0214098897 0.0169529747
  vertex -0.0953885764 0.0214188863 0.0169329885
  endloop
 endfacet

 facet normal -0.531277597 0.12017113 0.83863163
  outer loop
  vertex -0.0954243317 0.0214248858 0.0169094764
  vertex -0.0953885764 0.0214188863 0.0169329885
  vertex -0.0900195092 0.0453196578 0.0169094764
  endloop
 endfacet

 facet normal -0.571416259 0.129250214 0.810418308
  outer loop
  vertex -0.0954243317 0.0214248858 0.0169094764
  vertex -0.0900195092 0.0453196578 0.0169094764
  vertex -0.0900552645 0.0453286543 0.0168828294
  endloop
 endfacet

 facet normal -0.599722445 0.135583803 0.788638055
  outer loop
  vertex -0.0954243317 0.0214248858 0.0169094764
  vertex -0.0900552645 0.0453286543 0.0168828294
  vertex -0.0954573378 0.0214338824 0.0168828294
  endloop
 endfacet

 facet normal 0.00590063212 0.0260969028 0.999642015
  outer loop
  vertex -0.0897417068 0.0452566743 0.0169999991
  vertex -0.0675365403 0.0402359813 0.0169999991
  vertex -0.0675365403 0.0402509794 0.0169996079
  endloop
 endfacet

 facet normal 0.00993931573 0.0440124795 0.998981595
  outer loop
  vertex -0.0897417068 0.0452566743 0.0169999991
  vertex -0.0675365403 0.0402509794 0.0169996079
  vertex -0.0897307023 0.045298662 0.0169980396
  endloop
 endfacet

 facet normal 0 0.0466137677 0.99891299
  outer loop
  vertex -0.0897417068 0.0452566743 0.0169999991
  vertex -0.0897307023 0.045298662 0.0169980396
  vertex -0.0897527039 0.045298662 0.0169980396
  endloop
 endfacet

 facet normal -0.0154669462 0.0425643884 0.998974025
  outer loop
  vertex -0.0897417068 0.0452566743 0.0169999991
  vertex -0.0897527039 0.045298662 0.0169980396
  vertex -0.0897609591 0.0452956632 0.0169980396
  endloop
 endfacet

 facet normal -0.0268598124 0.0369377248 0.998956621
  outer loop
  vertex -0.0897417068 0.0452566743 0.0169999991
  vertex -0.0897609591 0.0452956632 0.0169980396
  vertex -0.0897692069 0.0452896655 0.0169980396
  endloop
 endfacet

 facet normal -0.0338841565 0.0310807507 0.998942316
  outer loop
  vertex -0.0897417068 0.0452566743 0.0169999991
  vertex -0.0897692069 0.0452896655 0.0169980396
  vertex -0.0897802114 0.04527767 0.0169980396
  endloop
 endfacet

 facet normal -0.0435708277 0.013316731 0.998961627
  outer loop
  vertex -0.0897417068 0.0452566743 0.0169999991
  vertex -0.0897802114 0.04527767 0.0169980396
  vertex -0.0897829607 0.0452686697 0.0169980396
  endloop
 endfacet

 facet normal -0.122912735 0.0375663266 0.991706252
  outer loop
  vertex -0.0897829607 0.0452686697 0.0169980396
  vertex -0.0897802114 0.04527767 0.0169980396
  vertex -0.089824222 0.0452836677 0.0169923585
  endloop
 endfacet

 facet normal -0.1204395 0.0552186295 0.991183698
  outer loop
  vertex -0.089824222 0.0452836677 0.0169923585
  vertex -0.0897802114 0.04527767 0.0169980396
  vertex -0.089818716 0.0452956632 0.0169923585
  endloop
 endfacet

 facet normal -0.196396232 0.0900429785 0.9763816
  outer loop
  vertex -0.089824222 0.0452836677 0.0169923585
  vertex -0.089818716 0.0452956632 0.0169923585
  vertex -0.0898599774 0.0453076623 0.016982954
  endloop
 endfacet

 facet normal -0.208459735 0.0716803521 0.975400686
  outer loop
  vertex -0.089824222 0.0452836677 0.0169923585
  vertex -0.0898599774 0.0453076623 0.016982954
  vertex -0.0898682252 0.0452836677 0.016982954
  endloop
 endfacet

 facet normal -0.460501999 0.137123108 -0.877003551
  outer loop
  vertex -0.0899479911 0.0453016609 0.0150468843
  vertex -0.0899837539 0.0453106612 0.0150670661
  vertex -0.0899754986 0.0453496501 0.0150688291
  endloop
 endfacet

 facet normal -0.428353965 0.161096841 -0.889134824
  outer loop
  vertex -0.0899479911 0.0453016609 0.0150468843
  vertex -0.0899754986 0.0453496501 0.0150688291
  vertex -0.089936994 0.0453406535 0.0150486473
  endloop
 endfacet

 facet normal -0.373323709 0.146783575 -0.916015267
  outer loop
  vertex -0.0899479911 0.0453016609 0.0150468843
  vertex -0.089936994 0.0453406535 0.0150486473
  vertex -0.089898482 0.0453346521 0.0150319925
  endloop
 endfacet

 facet normal -0.351747692 0.108171314 -0.929823875
  outer loop
  vertex -0.0899479911 0.0453016609 0.0150468843
  vertex -0.089898482 0.0453346521 0.0150319925
  vertex -0.0899067372 0.0452926643 0.0150302295
  endloop
 endfacet

 facet normal -0.300333589 0.0988582 -0.948697448
  outer loop
  vertex -0.0899067372 0.0452926643 0.0150302295
  vertex -0.089898482 0.0453346521 0.0150319925
  vertex -0.0898682252 0.0452836677 0.0150171015
  endloop
 endfacet

 facet normal -0.273872286 0.116316132 -0.954706609
  outer loop
  vertex -0.0898682252 0.0452836677 0.0150171015
  vertex -0.089898482 0.0453346521 0.0150319925
  vertex -0.0898572281 0.0453256555 0.015019061
  endloop
 endfacet

 facet normal -0.200789273 0.0980989933 -0.974710405
  outer loop
  vertex -0.0898682252 0.0452836677 0.0150171015
  vertex -0.0898572281 0.0453256555 0.015019061
  vertex -0.0898159668 0.0453166589 0.0150096556
  endloop
 endfacet

 facet normal -0.191923708 0.0833434761 -0.977864623
  outer loop
  vertex -0.0898682252 0.0452836677 0.0150171015
  vertex -0.0898159668 0.0453166589 0.0150096556
  vertex -0.089824222 0.0452746674 0.015007697
  endloop
 endfacet

 facet normal -0.103027143 0.148734584 -0.983495474
  outer loop
  vertex -0.0897747129 0.0453076623 0.0150039736
  vertex -0.0898159668 0.0453166589 0.0150096556
  vertex -0.089807719 0.0453586467 0.015015142
  endloop
 endfacet

 facet normal -0.0905243382 0.156822786 -0.983469367
  outer loop
  vertex -0.0897747129 0.0453076623 0.0150039736
  vertex -0.089807719 0.0453586467 0.015015142
  vertex -0.0897637084 0.0453496501 0.0150096556
  endloop
 endfacet

 facet normal -0.0168429166 0.138429344 -0.990229189
  outer loop
  vertex -0.0897747129 0.0453076623 0.0150039736
  vertex -0.0897637084 0.0453496501 0.0150096556
  vertex -0.0897224471 0.0453406535 0.015007697
  endloop
 endfacet

 facet normal -0.0160456747 0.137187451 -0.990415215
  outer loop
  vertex -0.0897747129 0.0453076623 0.0150039736
  vertex -0.0897224471 0.0453406535 0.015007697
  vertex -0.0897307023 0.045298662 0.0150020141
  endloop
 endfacet

 facet normal 0.0269548576 0.128857389 -0.991296828
  outer loop
  vertex -0.0675365403 0.0406288803 0.0149984881
  vertex -0.0897307023 0.045298662 0.0150020141
  vertex -0.0897224471 0.0453406535 0.015007697
  endloop
 endfacet

 facet normal 0.0436512381 0.207446739 -0.977271974
  outer loop
  vertex -0.0675365403 0.0406288803 0.0149984881
  vertex -0.0897224471 0.0453406535 0.015007697
  vertex -0.08971145 0.0453826413 0.0150171015
  endloop
 endfacet

 facet normal 0.0607212596 0.286990136 -0.956007123
  outer loop
  vertex -0.0675365403 0.0406288803 0.0149984881
  vertex -0.08971145 0.0453826413 0.0150171015
  vertex -0.0897031948 0.045424629 0.0150302295
  endloop
 endfacet

 facet normal 0.0802683011 0.377118856 -0.92268002
  outer loop
  vertex -0.0675365403 0.0406288803 0.0149984881
  vertex -0.0897031948 0.045424629 0.0150302295
  vertex -0.089694947 0.0454636179 0.0150468843
  endloop
 endfacet

 facet normal 0.100421473 0.469031334 -0.877453804
  outer loop
  vertex -0.0675365403 0.0406288803 0.0149984881
  vertex -0.089694947 0.0454636179 0.0150468843
  vertex -0.0896866918 0.0454996079 0.0150670661
  endloop
 endfacet

 facet normal 0.112866372 0.525147676 -0.843493462
  outer loop
  vertex -0.0675365403 0.0406288803 0.0149984881
  vertex -0.0896866918 0.0454996079 0.0150670661
  vertex -0.089678444 0.0455356017 0.0150905782
  endloop
 endfacet

 facet normal 0.12974827 0.600308895 -0.789173365
  outer loop
  vertex -0.0675365403 0.0406288803 0.0149984881
  vertex -0.089678444 0.0455356017 0.0150905782
  vertex -0.0896701887 0.0455685928 0.0151170306
  endloop
 endfacet

 facet normal 0.139159247 0.641639709 -0.754276633
  outer loop
  vertex -0.0675365403 0.0406288803 0.0149984881
  vertex -0.0896701887 0.0455685928 0.0151170306
  vertex -0.0896619409 0.045601584 0.0151466178
  endloop
 endfacet

 facet normal 0.16233483 0.741674602 -0.6508196
  outer loop
  vertex -0.0675365403 0.0406288803 0.0149984881
  vertex -0.0896619409 0.045601584 0.0151466178
  vertex -0.089656435 0.0456285775 0.0151787512
  endloop
 endfacet

 facet normal 0.167417213 0.763197064 -0.624100804
  outer loop
  vertex -0.0675365403 0.0406288803 0.0149984881
  vertex -0.089656435 0.0456285775 0.0151787512
  vertex -0.0896509364 0.0456555709 0.0152132362
  endloop
 endfacet

 facet normal 0.179159582 0.811928988 -0.555583715
  outer loop
  vertex -0.0675365403 0.0406288803 0.0149984881
  vertex -0.0896509364 0.0456555709 0.0152132362
  vertex -0.0896454304 0.0456795618 0.0152500728
  endloop
 endfacet

 facet normal 0.195780545 0.878698349 -0.435383976
  outer loop
  vertex -0.0675365403 0.0406288803 0.0149984881
  vertex -0.0896454304 0.0456795618 0.0152500728
  vertex -0.0896399319 0.0456975587 0.0152888689
  endloop
 endfacet

 facet normal 0.198518917 0.889299631 -0.411990821
  outer loop
  vertex -0.0675365403 0.0406288803 0.0149984881
  vertex -0.0896399319 0.0456975587 0.0152888689
  vertex -0.0896371827 0.0457155555 0.0153290359
  endloop
 endfacet

 facet normal 0.211113974 0.935632885 -0.282881677
  outer loop
  vertex -0.0675365403 0.0406288803 0.0149984881
  vertex -0.0896371827 0.0457155555 0.0153290359
  vertex -0.0896344334 0.045727551 0.0153707704
  endloop
 endfacet

 facet normal 0.213075086 0.942324281 -0.258116424
  outer loop
  vertex -0.0675365403 0.0406288803 0.0149984881
  vertex -0.0896344334 0.045727551 0.0153707704
  vertex -0.0675365403 0.0407308526 0.0153707704
  endloop
 endfacet

 facet normal -0.643086553 0.145387501 0.751865804
  outer loop
  vertex -0.0954903439 0.0214398801 0.0168534387
  vertex -0.0954573378 0.0214338824 0.0168828294
  vertex -0.0900552645 0.0453286543 0.0168828294
  endloop
 endfacet

 facet normal -0.672967136 0.152220279 0.723839939
  outer loop
  vertex -0.0954903439 0.0214398801 0.0168534387
  vertex -0.0900552645 0.0453286543 0.0168828294
  vertex -0.0900855213 0.0453346521 0.0168534387
  endloop
 endfacet

 facet normal -0.729853153 0.182528242 0.658785105
  outer loop
  vertex -0.0901130289 0.0453406535 0.0168213043
  vertex -0.0900855213 0.0453346521 0.0168534387
  vertex -0.0901047736 0.0453736447 0.0168213043
  endloop
 endfacet

 facet normal -0.753340065 0.188402042 0.630066216
  outer loop
  vertex -0.0901130289 0.0453406535 0.0168213043
  vertex -0.0901047736 0.0453736447 0.0168213043
  vertex -0.090140529 0.0453466512 0.0167866237
  endloop
 endfacet

 facet normal -0.761948347 0.232890069 0.604315281
  outer loop
  vertex -0.090140529 0.0453466512 0.0167866237
  vertex -0.0901047736 0.0453736447 0.0168213043
  vertex -0.0901295319 0.0453826413 0.0167866237
  endloop
 endfacet

 facet normal -0.785687208 0.240145862 0.570110202
  outer loop
  vertex -0.090140529 0.0453466512 0.0167866237
  vertex -0.0901295319 0.0453826413 0.0167866237
  vertex -0.0901542827 0.045388639 0.0167499818
  endloop
 endfacet

 facet normal -0.827665567 0.18978779 0.528157473
  outer loop
  vertex -0.090140529 0.0453466512 0.0167866237
  vertex -0.0901542827 0.045388639 0.0167499818
  vertex -0.090162538 0.0453526489 0.0167499818
  endloop
 endfacet

 facet normal -0.867000818 0.196113274 0.458093017
  outer loop
  vertex -0.0955866128 0.0214638747 0.0167111866
  vertex -0.090162538 0.0453526489 0.0167499818
  vertex -0.090173535 0.0453946367 0.0167111866
  endloop
 endfacet

 facet normal -0.865382314 0.198436409 0.460148275
  outer loop
  vertex -0.090162538 0.0453526489 0.0167499818
  vertex -0.0901542827 0.045388639 0.0167499818
  vertex -0.090173535 0.0453946367 0.0167111866
  endloop
 endfacet

 facet normal -0.829183459 0.316863 0.460491776
  outer loop
  vertex -0.090173535 0.0453946367 0.0167111866
  vertex -0.0901542827 0.045388639 0.0167499818
  vertex -0.090140529 0.045424629 0.0167499818
  endloop
 endfacet

 facet normal -0.829182863 0.316845536 0.46050477
  outer loop
  vertex -0.090173535 0.0453946367 0.0167111866
  vertex -0.090140529 0.045424629 0.0167499818
  vertex -0.0901597887 0.0454306267 0.0167111866
  endloop
 endfacet

 facet normal -0.875702977 0.334621668 0.348098725
  outer loop
  vertex -0.090173535 0.0453946367 0.0167111866
  vertex -0.0901597887 0.0454306267 0.0167111866
  vertex -0.090173535 0.0454366244 0.0166708231
  endloop
 endfacet

 facet normal -0.875691831 0.334635675 0.348113239
  outer loop
  vertex -0.090173535 0.0453946367 0.0167111866
  vertex -0.090173535 0.0454366244 0.0166708231
  vertex -0.0901872888 0.0454006344 0.0166708231
  endloop
 endfacet

 facet normal -0.908044577 0.237900823 0.344758242
  outer loop
  vertex -0.090173535 0.0453946367 0.0167111866
  vertex -0.0901872888 0.0454006344 0.0166708231
  vertex -0.0901982933 0.0453586467 0.0166708231
  endloop
 endfacet

 facet normal -0.923567057 0.325768471 0.202234477
  outer loop
  vertex -0.0902010426 0.0454036333 0.0166292842
  vertex -0.0901872888 0.0454426259 0.0166292842
  vertex -0.0901955441 0.0454456247 0.0165867656
  endloop
 endfacet

 facet normal -0.923567057 0.325768471 0.202234477
  outer loop
  vertex -0.0902010426 0.0454036333 0.0166292842
  vertex -0.0901955441 0.0454456247 0.0165867656
  vertex -0.0902092978 0.0454066321 0.0165867656
  endloop
 endfacet

 facet normal -0.893872261 0.315294236 0.318719059
  outer loop
  vertex -0.0902010426 0.0454036333 0.0166292842
  vertex -0.0901872888 0.0454006344 0.0166708231
  vertex -0.0901872888 0.0454426259 0.0166292842
  endloop
 endfacet

 facet normal -0.933579206 0.329300046 0.141390711
  outer loop
  vertex -0.0902092978 0.0454066321 0.0165867656
  vertex -0.0901955441 0.0454456247 0.0165867656
  vertex -0.0902010426 0.0454486236 0.0165434629
  endloop
 endfacet

 facet normal -0.933579206 0.329300046 0.141390711
  outer loop
  vertex -0.0902092978 0.0454066321 0.0165867656
  vertex -0.0902010426 0.0454486236 0.0165434629
  vertex -0.0902147964 0.045409631 0.0165434629
  endloop
 endfacet

 facet normal -0.893248916 0.441086233 0.0868869722
  outer loop
  vertex -0.0902010426 0.0454486236 0.0165434629
  vertex -0.0901817903 0.0454876125 0.0165434629
  vertex -0.0901845396 0.0454906113 0.0164999645
  endloop
 endfacet

 facet normal -0.887407184 0.438223541 0.143068999
  outer loop
  vertex -0.0902010426 0.0454486236 0.0165434629
  vertex -0.0901955441 0.0454456247 0.0165867656
  vertex -0.0901762918 0.0454846136 0.0165867656
  endloop
 endfacet

 facet normal -0.887413442 0.438204646 0.143088311
  outer loop
  vertex -0.0902010426 0.0454486236 0.0165434629
  vertex -0.0901762918 0.0454846136 0.0165867656
  vertex -0.0901817903 0.0454876125 0.0165434629
  endloop
 endfacet

 facet normal -0.867437541 0.489593983 0.0885992274
  outer loop
  vertex -0.0901845396 0.0454906113 0.0164999645
  vertex -0.0901817903 0.0454876125 0.0165434629
  vertex -0.0901597887 0.0455266014 0.0165434629
  endloop
 endfacet

 facet normal -0.851935863 0.520864367 0.0539037399
  outer loop
  vertex -0.0901845396 0.0454906113 0.0164999645
  vertex -0.0901597887 0.0455266014 0.0165434629
  vertex -0.090162538 0.0455266014 0.0164999645
  endloop
 endfacet

 facet normal -0.799851894 0.600197434 0
  outer loop
  vertex -0.090162538 0.0455266014 0.0154851992
  vertex -0.090162538 0.0455266014 0.0164999645
  vertex -0.0901377797 0.0455595925 0.0154634491
  endloop
 endfacet

 facet normal -0.824805021 0.557752013 -0.0927870572
  outer loop
  vertex -0.090162538 0.0455266014 0.0154851992
  vertex -0.0901377797 0.0455595925 0.0154634491
  vertex -0.0901377797 0.0455565937 0.0154454233
  endloop
 endfacet

 facet normal -0.830059469 0.548003674 -0.103407979
  outer loop
  vertex -0.090162538 0.0455266014 0.0154851992
  vertex -0.0901377797 0.0455565937 0.0154454233
  vertex -0.0901652873 0.0455116071 0.0154277887
  endloop
 endfacet

 facet normal -0.823654354 0.552926958 -0.125957653
  outer loop
  vertex -0.0901652873 0.0455116071 0.0154277887
  vertex -0.0901377797 0.0455565937 0.0154454233
  vertex -0.090140529 0.0455445983 0.0154107418
  endloop
 endfacet

 facet normal -0.827307403 0.539019763 -0.158177719
  outer loop
  vertex -0.0901652873 0.0455116071 0.0154277887
  vertex -0.090140529 0.0455445983 0.0154107418
  vertex -0.0901432857 0.0455356017 0.015394479
  endloop
 endfacet

 facet normal -0.843048453 0.500814915 -0.19609645
  outer loop
  vertex -0.0901652873 0.0455116071 0.0154277887
  vertex -0.0901432857 0.0455356017 0.015394479
  vertex -0.0901707858 0.0454876125 0.0153901689
  endloop
 endfacet

 facet normal -0.756842017 0.617699862 -0.213628873
  outer loop
  vertex -0.0901432857 0.0455356017 0.015394479
  vertex -0.090140529 0.0455445983 0.0154107418
  vertex -0.0901157781 0.0455625951 0.0153750814
  endloop
 endfacet

 facet normal -0.764416635 0.586444557 -0.267861962
  outer loop
  vertex -0.0901432857 0.0455356017 0.015394479
  vertex -0.0901157781 0.0455625951 0.0153750814
  vertex -0.0901185274 0.045550596 0.0153566636
  endloop
 endfacet

 facet normal -0.770501614 0.574262798 -0.276676148
  outer loop
  vertex -0.0901432857 0.0455356017 0.015394479
  vertex -0.0901185274 0.045550596 0.0153566636
  vertex -0.0901212767 0.0455386005 0.0153394211
  endloop
 endfacet

 facet normal -0.800542533 0.523635566 -0.291440368
  outer loop
  vertex -0.0901432857 0.0455356017 0.015394479
  vertex -0.0901212767 0.0455386005 0.0153394211
  vertex -0.090146035 0.0455146059 0.0153643051
  endloop
 endfacet

 facet normal -0.801155746 0.520840168 -0.294745773
  outer loop
  vertex -0.090146035 0.0455146059 0.0153643051
  vertex -0.0901212767 0.0455386005 0.0153394211
  vertex -0.0901487842 0.0455026105 0.0153505895
  endloop
 endfacet

 facet normal -0.799310863 0.514604211 -0.310297728
  outer loop
  vertex -0.0901487842 0.0455026105 0.0153505895
  vertex -0.0901212767 0.0455386005 0.0153394211
  vertex -0.090157032 0.0454756171 0.0153270764
  endloop
 endfacet

 facet normal -0.805042863 0.424063027 -0.414821088
  outer loop
  vertex -0.090157032 0.0454756171 0.0153270764
  vertex -0.090140529 0.0454546213 0.015273585
  vertex -0.0901597887 0.045460619 0.0153170833
  endloop
 endfacet

 facet normal -0.785644174 0.513626039 -0.344893634
  outer loop
  vertex -0.090157032 0.0454756171 0.0153270764
  vertex -0.0901212767 0.0455386005 0.0153394211
  vertex -0.0901240259 0.0455236025 0.015323353
  endloop
 endfacet

 facet normal -0.779189765 0.507395029 -0.367985934
  outer loop
  vertex -0.090157032 0.0454756171 0.0153270764
  vertex -0.0901240259 0.0455236025 0.015323353
  vertex -0.0901322812 0.0454906113 0.0152953342
  endloop
 endfacet

 facet normal -0.798098207 0.434957594 -0.416954696
  outer loop
  vertex -0.090157032 0.0454756171 0.0153270764
  vertex -0.0901322812 0.0454906113 0.0152953342
  vertex -0.090140529 0.0454546213 0.015273585
  endloop
 endfacet

 facet normal -0.777743518 0.445997 -0.442946672
  outer loop
  vertex -0.090140529 0.0454546213 0.015273585
  vertex -0.0901322812 0.0454906113 0.0152953342
  vertex -0.0901047736 0.0455086082 0.0152651602
  endloop
 endfacet

 facet normal -0.755245447 0.42194888 -0.501561046
  outer loop
  vertex -0.090140529 0.0454546213 0.015273585
  vertex -0.0901047736 0.0455086082 0.0152651602
  vertex -0.0901075229 0.0454876125 0.0152516402
  endloop
 endfacet

 facet normal -0.754724503 0.419601053 -0.504307389
  outer loop
  vertex -0.090140529 0.0454546213 0.015273585
  vertex -0.0901075229 0.0454876125 0.0152516402
  vertex -0.0901185274 0.0454426259 0.0152306743
  endloop
 endfacet

 facet normal -0.78612107 0.358654022 -0.503369689
  outer loop
  vertex -0.090140529 0.0454546213 0.015273585
  vertex -0.0901185274 0.0454426259 0.0152306743
  vertex -0.0901487842 0.0454156324 0.0152586931
  endloop
 endfacet

 facet normal -0.784600377 0.344098419 -0.515750349
  outer loop
  vertex -0.0901487842 0.0454156324 0.0152586931
  vertex -0.0901185274 0.0454426259 0.0152306743
  vertex -0.0901240259 0.0454186313 0.0152230337
  endloop
 endfacet

 facet normal -0.748302221 0.301855206 -0.590700626
  outer loop
  vertex -0.0901295319 0.0453946367 0.0152177429
  vertex -0.0901240259 0.0454186313 0.0152230337
  vertex -0.0900965258 0.0454216301 0.0151897231
  endloop
 endfacet

 facet normal -0.745881915 0.351211667 -0.56595993
  outer loop
  vertex -0.0901240259 0.0454186313 0.0152230337
  vertex -0.0901185274 0.0454426259 0.0152306743
  vertex -0.0900910273 0.0454486236 0.0151981488
  endloop
 endfacet

 facet normal -0.741622567 0.332891256 -0.582391083
  outer loop
  vertex -0.0901240259 0.0454186313 0.0152230337
  vertex -0.0900910273 0.0454486236 0.0151981488
  vertex -0.0900965258 0.0454216301 0.0151897231
  endloop
 endfacet

 facet normal -0.511527658 0.19947198 -0.835793257
  outer loop
  vertex -0.090011254 0.0453556478 0.0150921466
  vertex -0.0900057554 0.045388639 0.0150966523
  vertex -0.0899754986 0.0453496501 0.0150688291
  endloop
 endfacet

 facet normal -0.485224783 0.226187199 -0.844627976
  outer loop
  vertex -0.0899754986 0.0453496501 0.0150688291
  vertex -0.0900057554 0.045388639 0.0150966523
  vertex -0.0899672508 0.0453856401 0.0150737278
  endloop
 endfacet

 facet normal -0.422889531 0.216696844 -0.879890382
  outer loop
  vertex -0.0899754986 0.0453496501 0.0150688291
  vertex -0.0899672508 0.0453856401 0.0150737278
  vertex -0.0899287388 0.0453796424 0.0150537416
  endloop
 endfacet

 facet normal -0.416646719 0.203942597 -0.885896683
  outer loop
  vertex -0.0899754986 0.0453496501 0.0150688291
  vertex -0.0899287388 0.0453796424 0.0150537416
  vertex -0.089936994 0.0453406535 0.0150486473
  endloop
 endfacet

 facet normal -0.660122991 0.424619883 -0.619625449
  outer loop
  vertex -0.0900910273 0.0454486236 0.0151981488
  vertex -0.0900855213 0.0454726182 0.0152087295
  vertex -0.0900525153 0.0454816148 0.015179731
  endloop
 endfacet

 facet normal -0.73282522 0.408129781 -0.544423819
  outer loop
  vertex -0.0900910273 0.0454486236 0.0151981488
  vertex -0.0901185274 0.0454426259 0.0152306743
  vertex -0.0900855213 0.0454726182 0.0152087295
  endloop
 endfacet

 facet normal -0.650560021 0.473908365 -0.593449712
  outer loop
  vertex -0.0900525153 0.0454816148 0.015179731
  vertex -0.0900855213 0.0454726182 0.0152087295
  vertex -0.0900800154 0.0454966091 0.0152218575
  endloop
 endfacet

 facet normal -0.637014329 0.493999481 -0.591757774
  outer loop
  vertex -0.0900525153 0.0454816148 0.015179731
  vertex -0.0900800154 0.0454966091 0.0152218575
  vertex -0.0900470093 0.0455056094 0.0151938377
  endloop
 endfacet

 facet normal -0.581015229 0.507391214 -0.636376858
  outer loop
  vertex -0.0900525153 0.0454816148 0.015179731
  vertex -0.0900470093 0.0455056094 0.0151938377
  vertex -0.090011254 0.0455146059 0.015168367
  endloop
 endfacet

 facet normal -0.574994326 0.49456355 -0.651757956
  outer loop
  vertex -0.0900525153 0.0454816148 0.015179731
  vertex -0.090011254 0.0455146059 0.015168367
  vertex -0.0900195092 0.0454846136 0.0151528874
  endloop
 endfacet

 facet normal -0.59908241 0.403572381 -0.691541553
  outer loop
  vertex -0.0900525153 0.0454816148 0.015179731
  vertex -0.0900195092 0.0454846136 0.0151528874
  vertex -0.0900250077 0.0454546213 0.0151401507
  endloop
 endfacet

 facet normal -0.543793261 0.410577923 -0.731925309
  outer loop
  vertex -0.0900250077 0.0454546213 0.0151401507
  vertex -0.0900195092 0.0454846136 0.0151528874
  vertex -0.0899892524 0.0454576202 0.0151152667
  endloop
 endfacet

 facet normal -0.476024836 0.350636244 -0.806507707
  outer loop
  vertex -0.0899975076 0.0454216301 0.0151044903
  vertex -0.0899892524 0.0454576202 0.0151152667
  vertex -0.0899589956 0.0454216301 0.0150817623
  endloop
 endfacet

 facet normal -0.482446015 0.314840764 -0.817386746
  outer loop
  vertex -0.0899975076 0.0454216301 0.0151044903
  vertex -0.0899589956 0.0454216301 0.0150817623
  vertex -0.0900057554 0.045388639 0.0150966523
  endloop
 endfacet

 facet normal -0.471982539 0.293765247 -0.83122468
  outer loop
  vertex -0.0900057554 0.045388639 0.0150966523
  vertex -0.0899589956 0.0454216301 0.0150817623
  vertex -0.0899672508 0.0453856401 0.0150737278
  endloop
 endfacet

 facet normal -0.435178936 0.392870754 -0.810106158
  outer loop
  vertex -0.0899892524 0.0454576202 0.0151152667
  vertex -0.0899452418 0.0454906113 0.0151076261
  vertex -0.0899507478 0.0454546213 0.0150931263
  endloop
 endfacet

 facet normal -0.436316341 0.38867721 -0.811515987
  outer loop
  vertex -0.0899892524 0.0454576202 0.0151152667
  vertex -0.0899507478 0.0454546213 0.0150931263
  vertex -0.0899589956 0.0454216301 0.0150817623
  endloop
 endfacet

 facet normal -0.500615835 0.46050486 -0.733020484
  outer loop
  vertex -0.0899892524 0.0454576202 0.0151152667
  vertex -0.0900195092 0.0454846136 0.0151528874
  vertex -0.0899754986 0.0455206037 0.0151454415
  endloop
 endfacet

 facet normal -0.476435304 0.462324947 -0.747840285
  outer loop
  vertex -0.0899892524 0.0454576202 0.0151152667
  vertex -0.0899754986 0.0455206037 0.0151454415
  vertex -0.0899452418 0.0454906113 0.0151076261
  endloop
 endfacet

 facet normal -0.284486651 0.0978227481 0.953676105
  outer loop
  vertex -0.0898682252 0.0452836677 0.016982954
  vertex -0.0898599774 0.0453076623 0.016982954
  vertex -0.0899039879 0.0453076623 0.0169698261
  endloop
 endfacet

 facet normal -0.439967155 0.0994791836 0.892486811
  outer loop
  vertex -0.0953500643 0.0214098897 0.0169529747
  vertex -0.0899479911 0.0453016609 0.0169529747
  vertex -0.0953885764 0.0214188863 0.0169329885
  endloop
 endfacet

 facet normal -0.284299195 0.104278907 0.953047693
  outer loop
  vertex -0.0899039879 0.0453076623 0.0169698261
  vertex -0.0898599774 0.0453076623 0.016982954
  vertex -0.089898482 0.0453226566 0.0169698261
  endloop
 endfacet

 facet normal -0.362306714 0.132891506 0.922536671
  outer loop
  vertex -0.0899039879 0.0453076623 0.0169698261
  vertex -0.089898482 0.0453226566 0.0169698261
  vertex -0.0899424925 0.0453196578 0.0169529747
  endloop
 endfacet

 facet normal -0.368660897 0.112727702 0.922703445
  outer loop
  vertex -0.0899039879 0.0453076623 0.0169698261
  vertex -0.0899424925 0.0453196578 0.0169529747
  vertex -0.0899479911 0.0453016609 0.0169529747
  endloop
 endfacet

 facet normal -0.44786948 0.136947781 0.883548677
  outer loop
  vertex -0.0899479911 0.0453016609 0.0169529747
  vertex -0.0899424925 0.0453196578 0.0169529747
  vertex -0.0899782479 0.0453316532 0.0169329885
  endloop
 endfacet

 facet normal -0.460988283 0.120781079 0.879148245
  outer loop
  vertex -0.0899479911 0.0453016609 0.0169529747
  vertex -0.0899782479 0.0453316532 0.0169329885
  vertex -0.0899837539 0.0453106612 0.0169329885
  endloop
 endfacet

 facet normal -0.46489042 0.105167985 0.879099965
  outer loop
  vertex -0.0899479911 0.0453016609 0.0169529747
  vertex -0.0899837539 0.0453106612 0.0169329885
  vertex -0.0953885764 0.0214188863 0.0169329885
  endloop
 endfacet

 facet normal -0.524535775 0.118661031 0.843078732
  outer loop
  vertex -0.0953885764 0.0214188863 0.0169329885
  vertex -0.0899837539 0.0453106612 0.0169329885
  vertex -0.0900195092 0.0453196578 0.0169094764
  endloop
 endfacet

 facet normal -0.524159253 0.120199993 0.843094945
  outer loop
  vertex -0.0900195092 0.0453196578 0.0169094764
  vertex -0.0899837539 0.0453106612 0.0169329885
  vertex -0.0900140032 0.0453436524 0.0169094764
  endloop
 endfacet

 facet normal -0.571004391 0.130942509 0.810437083
  outer loop
  vertex -0.0900195092 0.0453196578 0.0169094764
  vertex -0.0900140032 0.0453436524 0.0169094764
  vertex -0.0900552645 0.0453286543 0.0168828294
  endloop
 endfacet

 facet normal -0.578535557 0.17687498 0.796248674
  outer loop
  vertex -0.0900552645 0.0453286543 0.0168828294
  vertex -0.0900140032 0.0453436524 0.0169094764
  vertex -0.0900470093 0.0453556478 0.0168828294
  endloop
 endfacet

 facet normal -0.651664138 0.199232489 0.731874585
  outer loop
  vertex -0.0900552645 0.0453286543 0.0168828294
  vertex -0.0900470093 0.0453556478 0.0168828294
  vertex -0.0900772735 0.0453646444 0.0168534387
  endloop
 endfacet

 facet normal -0.666053057 0.183227628 0.723049819
  outer loop
  vertex -0.0900552645 0.0453286543 0.0168828294
  vertex -0.0900772735 0.0453646444 0.0168534387
  vertex -0.0900855213 0.0453346521 0.0168534387
  endloop
 endfacet

 facet normal 0.0105308499 0.0466133505 0.998857498
  outer loop
  vertex -0.0675365403 0.0402509794 0.0169996079
  vertex -0.0675365403 0.0402719714 0.0169986282
  vertex -0.0897307023 0.045298662 0.0169980396
  endloop
 endfacet

 facet normal 0 0.125293821 0.99211973
  outer loop
  vertex -0.0897307023 0.045298662 0.0169980396
  vertex -0.0897279531 0.0453436524 0.0169923585
  vertex -0.0897527039 0.0453436524 0.0169923585
  endloop
 endfacet

 facet normal 0 0.125293821 0.99211973
  outer loop
  vertex -0.0897307023 0.045298662 0.0169980396
  vertex -0.0897527039 0.0453436524 0.0169923585
  vertex -0.0897527039 0.045298662 0.0169980396
  endloop
 endfacet

 facet normal 0.0205925405 0.0910379887 0.995634615
  outer loop
  vertex -0.0897307023 0.045298662 0.0169980396
  vertex -0.0675365403 0.0402719714 0.0169986282
  vertex -0.0675365403 0.0402869694 0.0169972572
  endloop
 endfacet

 facet normal 0.0244686063 0.108203322 0.993827581
  outer loop
  vertex -0.0897307023 0.045298662 0.0169980396
  vertex -0.0675365403 0.0402869694 0.0169972572
  vertex -0.0675365403 0.040295966 0.0169962775
  endloop
 endfacet

 facet normal 0.0279308613 0.123564065 0.991943479
  outer loop
  vertex -0.0897307023 0.045298662 0.0169980396
  vertex -0.0675365403 0.040295966 0.0169962775
  vertex -0.0897279531 0.0453436524 0.0169923585
  endloop
 endfacet

 facet normal -0.0273097828 0.125247076 0.991749704
  outer loop
  vertex -0.0897527039 0.045298662 0.0169980396
  vertex -0.0897527039 0.0453436524 0.0169923585
  vertex -0.0897664577 0.0453406535 0.0169923585
  endloop
 endfacet

 facet normal -0.0435793214 0.119928464 0.991825581
  outer loop
  vertex -0.0897527039 0.045298662 0.0169980396
  vertex -0.0897664577 0.0453406535 0.0169923585
  vertex -0.0897747129 0.0453376547 0.0169923585
  endloop
 endfacet

 facet normal -0.0435793214 0.119928464 0.991825581
  outer loop
  vertex -0.0897527039 0.045298662 0.0169980396
  vertex -0.0897747129 0.0453376547 0.0169923585
  vertex -0.0897609591 0.0452956632 0.0169980396
  endloop
 endfacet

 facet normal -0.062098287 0.113826618 0.991558015
  outer loop
  vertex -0.0897609591 0.0452956632 0.0169980396
  vertex -0.0897747129 0.0453376547 0.0169923585
  vertex -0.0897802114 0.0453346521 0.0169923585
  endloop
 endfacet

 facet normal -0.0714330003 0.109201103 0.991449714
  outer loop
  vertex -0.0897609591 0.0452956632 0.0169980396
  vertex -0.0897802114 0.0453346521 0.0169923585
  vertex -0.0897939652 0.0453256555 0.0169923585
  endloop
 endfacet

 facet normal -0.0758772343 0.104346678 0.991642356
  outer loop
  vertex -0.0897609591 0.0452956632 0.0169980396
  vertex -0.0897939652 0.0453256555 0.0169923585
  vertex -0.0897692069 0.0452896655 0.0169980396
  endloop
 endfacet

 facet normal -0.0819367617 0.100170664 0.991590738
  outer loop
  vertex -0.0897692069 0.0452896655 0.0169980396
  vertex -0.0897939652 0.0453256555 0.0169923585
  vertex -0.0898049623 0.0453166589 0.0169923585
  endloop
 endfacet

 facet normal -0.0931372419 0.0854163319 0.991982579
  outer loop
  vertex -0.0897692069 0.0452896655 0.0169980396
  vertex -0.0898049623 0.0453166589 0.0169923585
  vertex -0.0898104683 0.0453106612 0.0169923585
  endloop
 endfacet

 facet normal -0.0931319445 0.0854266733 0.991982222
  outer loop
  vertex -0.0897692069 0.0452896655 0.0169980396
  vertex -0.0898104683 0.0453106612 0.0169923585
  vertex -0.0897802114 0.04527767 0.0169980396
  endloop
 endfacet

 facet normal -0.11632333 0.0640150234 0.991146386
  outer loop
  vertex -0.0897802114 0.04527767 0.0169980396
  vertex -0.0898104683 0.0453106612 0.0169923585
  vertex -0.089818716 0.0452956632 0.0169923585
  endloop
 endfacet

 facet normal -0.19175148 0.105524644 0.975754023
  outer loop
  vertex -0.089818716 0.0452956632 0.0169923585
  vertex -0.0898104683 0.0453106612 0.0169923585
  vertex -0.0898599774 0.0453076623 0.016982954
  endloop
 endfacet

 facet normal -0.192200989 0.11753127 0.974292159
  outer loop
  vertex -0.0898599774 0.0453076623 0.016982954
  vertex -0.0898104683 0.0453106612 0.0169923585
  vertex -0.0898434743 0.0453346521 0.016982954
  endloop
 endfacet

 facet normal -0.248985037 0.152254835 0.956464767
  outer loop
  vertex -0.0898599774 0.0453076623 0.016982954
  vertex -0.0898434743 0.0453346521 0.016982954
  vertex -0.0898847282 0.0453496501 0.0169698261
  endloop
 endfacet

 facet normal -0.261761308 0.144052446 0.954321742
  outer loop
  vertex -0.0898599774 0.0453076623 0.016982954
  vertex -0.0898847282 0.0453496501 0.0169698261
  vertex -0.0898929834 0.0453346521 0.0169698261
  endloop
 endfacet

 facet normal -0.275640905 0.126395375 0.952914655
  outer loop
  vertex -0.0898599774 0.0453076623 0.016982954
  vertex -0.0898929834 0.0453346521 0.0169698261
  vertex -0.089898482 0.0453226566 0.0169698261
  endloop
 endfacet

 facet normal -0.363408864 0.195927024 -0.910794497
  outer loop
  vertex -0.089936994 0.0453406535 0.0150486473
  vertex -0.0899287388 0.0453796424 0.0150537416
  vertex -0.089898482 0.0453346521 0.0150319925
  endloop
 endfacet

 facet normal -0.353873342 0.203365356 -0.912916303
  outer loop
  vertex -0.089898482 0.0453346521 0.0150319925
  vertex -0.0899287388 0.0453796424 0.0150537416
  vertex -0.0898902342 0.0453736447 0.0150374789
  endloop
 endfacet

 facet normal -0.26844722 0.18971853 -0.944427371
  outer loop
  vertex -0.089898482 0.0453346521 0.0150319925
  vertex -0.0898902342 0.0453736447 0.0150374789
  vertex -0.0898489729 0.045367647 0.0150245475
  endloop
 endfacet

 facet normal -0.259499103 0.175092295 -0.949738264
  outer loop
  vertex -0.089898482 0.0453346521 0.0150319925
  vertex -0.0898489729 0.045367647 0.0150245475
  vertex -0.0898572281 0.0453256555 0.015019061
  endloop
 endfacet

 facet normal -0.185356513 0.163047239 -0.969050467
  outer loop
  vertex -0.0898572281 0.0453256555 0.015019061
  vertex -0.0898489729 0.045367647 0.0150245475
  vertex -0.089807719 0.0453586467 0.015015142
  endloop
 endfacet

 facet normal -0.185340583 0.163022444 -0.969057679
  outer loop
  vertex -0.0898572281 0.0453256555 0.015019061
  vertex -0.089807719 0.0453586467 0.015015142
  vertex -0.0898159668 0.0453166589 0.0150096556
  endloop
 endfacet

 facet normal -0.161495045 0.255820274 -0.953139842
  outer loop
  vertex -0.089807719 0.0453586467 0.015015142
  vertex -0.0898489729 0.045367647 0.0150245475
  vertex -0.0897967145 0.0454006344 0.0150245475
  endloop
 endfacet

 facet normal -0.0770714134 0.23712033 -0.9684183
  outer loop
  vertex -0.089807719 0.0453586467 0.015015142
  vertex -0.0897967145 0.0454006344 0.0150245475
  vertex -0.0897554532 0.0453916378 0.015019061
  endloop
 endfacet

 facet normal -0.0735346451 0.231706008 -0.970002532
  outer loop
  vertex -0.089807719 0.0453586467 0.015015142
  vertex -0.0897554532 0.0453916378 0.015019061
  vertex -0.0897637084 0.0453496501 0.0150096556
  endloop
 endfacet

 facet normal 0.0011847514 0.218338758 -0.975872278
  outer loop
  vertex -0.0897637084 0.0453496501 0.0150096556
  vertex -0.0897554532 0.0453916378 0.015019061
  vertex -0.08971145 0.0453826413 0.0150171015
  endloop
 endfacet

 facet normal 0.00124351936 0.218250141 -0.975892067
  outer loop
  vertex -0.0897637084 0.0453496501 0.0150096556
  vertex -0.08971145 0.0453826413 0.0150171015
  vertex -0.0897224471 0.0453406535 0.015007697
  endloop
 endfacet

 facet normal 0.0167419519 0.290287077 -0.956793189
  outer loop
  vertex -0.08971145 0.0453826413 0.0150171015
  vertex -0.0897554532 0.0453916378 0.015019061
  vertex -0.0897444561 0.0454336256 0.0150319925
  endloop
 endfacet

 facet normal 0.023337042 0.294169515 -0.955468297
  outer loop
  vertex -0.08971145 0.0453826413 0.0150171015
  vertex -0.0897444561 0.0454336256 0.0150319925
  vertex -0.0897031948 0.045424629 0.0150302295
  endloop
 endfacet

 facet normal 0.0444552898 0.384458154 -0.922071397
  outer loop
  vertex -0.0897031948 0.045424629 0.0150302295
  vertex -0.0897444561 0.0454336256 0.0150319925
  vertex -0.0897362009 0.0454726182 0.0150486473
  endloop
 endfacet

 facet normal 0.0444323607 0.384444922 -0.922078073
  outer loop
  vertex -0.0897031948 0.045424629 0.0150302295
  vertex -0.0897362009 0.0454726182 0.0150486473
  vertex -0.089694947 0.0454636179 0.0150468843
  endloop
 endfacet

 facet normal 0.0664260164 0.476394385 -0.876718938
  outer loop
  vertex -0.089694947 0.0454636179 0.0150468843
  vertex -0.0897362009 0.0454726182 0.0150486473
  vertex -0.0897279531 0.0455086082 0.0150688291
  endloop
 endfacet

 facet normal 0.0664464384 0.476405591 -0.876711249
  outer loop
  vertex -0.089694947 0.0454636179 0.0150468843
  vertex -0.0897279531 0.0455086082 0.0150688291
  vertex -0.0896866918 0.0454996079 0.0150670661
  endloop
 endfacet

 facet normal 0.0793132335 0.529153109 -0.84481144
  outer loop
  vertex -0.0896866918 0.0454996079 0.0150670661
  vertex -0.0897279531 0.0455086082 0.0150688291
  vertex -0.0897196978 0.0455445983 0.0150921466
  endloop
 endfacet

 facet normal 0.0838491917 0.531436622 -0.842937946
  outer loop
  vertex -0.0896866918 0.0454996079 0.0150670661
  vertex -0.0897196978 0.0455445983 0.0150921466
  vertex -0.089678444 0.0455356017 0.0150905782
  endloop
 endfacet

 facet normal 0.102295578 0.606534362 -0.788448989
  outer loop
  vertex -0.089678444 0.0455356017 0.0150905782
  vertex -0.0897196978 0.0455445983 0.0150921466
  vertex -0.08971145 0.0455775894 0.0151185971
  endloop
 endfacet

 facet normal 0.10234949 0.606559217 -0.788422823
  outer loop
  vertex -0.089678444 0.0455356017 0.0150905782
  vertex -0.08971145 0.0455775894 0.0151185971
  vertex -0.0896701887 0.0455685928 0.0151170306
  endloop
 endfacet

 facet normal 0.112633795 0.647643507 -0.753572464
  outer loop
  vertex -0.0896701887 0.0455685928 0.0151170306
  vertex -0.08971145 0.0455775894 0.0151185971
  vertex -0.0896619409 0.045601584 0.0151466178
  endloop
 endfacet

 facet normal 0.112365633 0.64794296 -0.753355145
  outer loop
  vertex -0.0896619409 0.045601584 0.0151466178
  vertex -0.08971145 0.0455775894 0.0151185971
  vertex -0.0897059441 0.0456105806 0.0151477931
  endloop
 endfacet

 facet normal 0.13407138 0.741556644 -0.657357335
  outer loop
  vertex -0.0896619409 0.045601584 0.0151466178
  vertex -0.0897059441 0.0456105806 0.0151477931
  vertex -0.0896976963 0.045637574 0.0151799265
  endloop
 endfacet

 facet normal 0.144038409 0.745426655 -0.650839508
  outer loop
  vertex -0.0896619409 0.045601584 0.0151466178
  vertex -0.0896976963 0.045637574 0.0151799265
  vertex -0.089656435 0.0456285775 0.0151787512
  endloop
 endfacet

 facet normal 0.149486765 0.766913772 -0.624097109
  outer loop
  vertex -0.089656435 0.0456285775 0.0151787512
  vertex -0.0896976963 0.045637574 0.0151799265
  vertex -0.0896921903 0.0456645675 0.0152144115
  endloop
 endfacet

 facet normal 0.149438769 0.766897321 -0.62412864
  outer loop
  vertex -0.089656435 0.0456285775 0.0151787512
  vertex -0.0896921903 0.0456645675 0.0152144115
  vertex -0.0896509364 0.0456555709 0.0152132362
  endloop
 endfacet

 facet normal 0.162020892 0.81562525 -0.555431962
  outer loop
  vertex -0.0896509364 0.0456555709 0.0152132362
  vertex -0.0896921903 0.0456645675 0.0152144115
  vertex -0.0896454304 0.0456795618 0.0152500728
  endloop
 endfacet

 facet normal 0.114975765 0.869184971 -0.48093462
  outer loop
  vertex -0.0896454304 0.0456795618 0.0152500728
  vertex -0.0896866918 0.0456855632 0.0152510526
  vertex -0.0896839425 0.0457065552 0.0152896522
  endloop
 endfacet

 facet normal 0.172953442 0.88388443 -0.434552133
  outer loop
  vertex -0.0896454304 0.0456795618 0.0152500728
  vertex -0.0896839425 0.0457065552 0.0152896522
  vertex -0.0896399319 0.0456975587 0.0152888689
  endloop
 endfacet

 facet normal 0.112272285 0.854797006 -0.506672502
  outer loop
  vertex -0.0896454304 0.0456795618 0.0152500728
  vertex -0.0896921903 0.0456645675 0.0152144115
  vertex -0.0896866918 0.0456855632 0.0152510526
  endloop
 endfacet

 facet normal 0.175397977 0.893921793 -0.412479609
  outer loop
  vertex -0.0896399319 0.0456975587 0.0152888689
  vertex -0.0896839425 0.0457065552 0.0152896522
  vertex -0.0896371827 0.0457155555 0.0153290359
  endloop
 endfacet

 facet normal 0.120070569 0.927341878 -0.354429245
  outer loop
  vertex -0.0896371827 0.0457155555 0.0153290359
  vertex -0.0896839425 0.0457065552 0.0152896522
  vertex -0.0896811932 0.0457215533 0.0153298201
  endloop
 endfacet

 facet normal 0.120671898 0.930597544 -0.345581383
  outer loop
  vertex -0.0896371827 0.0457155555 0.0153290359
  vertex -0.0896811932 0.0457215533 0.0153298201
  vertex -0.089678444 0.0457365476 0.0153711624
  endloop
 endfacet

 facet normal 0.189688772 0.940237463 -0.282792479
  outer loop
  vertex -0.0896371827 0.0457155555 0.0153290359
  vertex -0.089678444 0.0457365476 0.0153711624
  vertex -0.0896344334 0.045727551 0.0153707704
  endloop
 endfacet

 facet normal 0.193753958 0.957178175 -0.215103567
  outer loop
  vertex -0.0896344334 0.045727551 0.0153707704
  vertex -0.089678444 0.0457365476 0.0153711624
  vertex -0.0896756873 0.0457455479 0.015413681
  endloop
 endfacet

 facet normal 0.193796977 0.957178593 -0.21506241
  outer loop
  vertex -0.0896344334 0.045727551 0.0153707704
  vertex -0.0896756873 0.0457455479 0.015413681
  vertex -0.0896316841 0.0457365476 0.0154132899
  endloop
 endfacet

 facet normal 0.215368509 0.952466846 -0.215460747
  outer loop
  vertex -0.0896344334 0.045727551 0.0153707704
  vertex -0.0896316841 0.0457365476 0.0154132899
  vertex -0.0675365403 0.0407308526 0.0153707704
  endloop
 endfacet

 facet normal 0.216105983 0.955593705 -0.200347096
  outer loop
  vertex -0.0675365403 0.0407308526 0.0153707704
  vertex -0.0896316841 0.0457365476 0.0154132899
  vertex -0.0675365403 0.0407398492 0.015413681
  endloop
 endfacet

 facet normal -0.71683073 0.19719629 0.668780506
  outer loop
  vertex -0.0900855213 0.0453346521 0.0168534387
  vertex -0.0900772735 0.0453646444 0.0168534387
  vertex -0.0901047736 0.0453736447 0.0168213043
  endloop
 endfacet

 facet normal -0.697813869 0.255998671 0.66896981
  outer loop
  vertex -0.0901047736 0.0453736447 0.0168213043
  vertex -0.0900772735 0.0453646444 0.0168534387
  vertex -0.0900937691 0.0454036333 0.0168213043
  endloop
 endfacet

 facet normal -0.736930251 0.270348847 0.619552612
  outer loop
  vertex -0.0901047736 0.0453736447 0.0168213043
  vertex -0.0900937691 0.0454036333 0.0168213043
  vertex -0.0901185274 0.0454156324 0.0167866237
  endloop
 endfacet

 facet normal -0.755543649 0.251982391 0.604697287
  outer loop
  vertex -0.0901047736 0.0453736447 0.0168213043
  vertex -0.0901185274 0.0454156324 0.0167866237
  vertex -0.0901295319 0.0453826413 0.0167866237
  endloop
 endfacet

 facet normal -0.779825151 0.260080516 0.569412887
  outer loop
  vertex -0.0901295319 0.0453826413 0.0167866237
  vertex -0.0901185274 0.0454156324 0.0167866237
  vertex -0.0901542827 0.045388639 0.0167499818
  endloop
 endfacet

 facet normal -0.783702791 0.299483061 0.544168949
  outer loop
  vertex -0.0901542827 0.045388639 0.0167499818
  vertex -0.0901185274 0.0454156324 0.0167866237
  vertex -0.090140529 0.045424629 0.0167499818
  endloop
 endfacet

 facet normal -0.79574275 0.398036659 0.456465006
  outer loop
  vertex -0.0901597887 0.0454306267 0.0167111866
  vertex -0.090140529 0.045424629 0.0167499818
  vertex -0.0901240259 0.0454576202 0.0167499818
  endloop
 endfacet

 facet normal -0.793530583 0.424505293 0.436009705
  outer loop
  vertex -0.0901597887 0.0454306267 0.0167111866
  vertex -0.0901240259 0.0454576202 0.0167499818
  vertex -0.0901212767 0.0455026105 0.0167111866
  endloop
 endfacet

 facet normal -0.79933989 0.42761299 0.422140926
  outer loop
  vertex -0.0901597887 0.0454306267 0.0167111866
  vertex -0.0901212767 0.0455026105 0.0167111866
  vertex -0.090157032 0.0454756171 0.0166708231
  endloop
 endfacet

 facet normal -0.863204181 0.365363449 0.348407954
  outer loop
  vertex -0.0901597887 0.0454306267 0.0167111866
  vertex -0.090157032 0.0454756171 0.0166708231
  vertex -0.090173535 0.0454366244 0.0166708231
  endloop
 endfacet

 facet normal -0.87866497 0.335771799 0.339419007
  outer loop
  vertex -0.0901872888 0.0454006344 0.0166708231
  vertex -0.090173535 0.0454366244 0.0166708231
  vertex -0.0901872888 0.0454426259 0.0166292842
  endloop
 endfacet

 facet normal -0.866134822 0.366603911 0.339723557
  outer loop
  vertex -0.0901872888 0.0454426259 0.0166292842
  vertex -0.090173535 0.0454366244 0.0166708231
  vertex -0.090157032 0.0454756171 0.0166708231
  endloop
 endfacet

 facet normal -0.85847652 0.423936903 0.288609535
  outer loop
  vertex -0.0901872888 0.0454426259 0.0166292842
  vertex -0.090157032 0.0454756171 0.0166708231
  vertex -0.0901680365 0.0454816148 0.0166292842
  endloop
 endfacet

 facet normal -0.878319621 0.433735907 0.201067075
  outer loop
  vertex -0.0901872888 0.0454426259 0.0166292842
  vertex -0.0901680365 0.0454816148 0.0166292842
  vertex -0.0901762918 0.0454846136 0.0165867656
  endloop
 endfacet

 facet normal -0.878319621 0.433735907 0.201067075
  outer loop
  vertex -0.0901872888 0.0454426259 0.0166292842
  vertex -0.0901762918 0.0454846136 0.0165867656
  vertex -0.0901955441 0.0454456247 0.0165867656
  endloop
 endfacet

 facet normal -0.861898661 0.486443341 0.14319016
  outer loop
  vertex -0.0901817903 0.0454876125 0.0165434629
  vertex -0.0901762918 0.0454846136 0.0165867656
  vertex -0.0901542827 0.0455236025 0.0165867656
  endloop
 endfacet

 facet normal -0.861891031 0.486463487 0.143168613
  outer loop
  vertex -0.0901817903 0.0454876125 0.0165434629
  vertex -0.0901542827 0.0455236025 0.0165867656
  vertex -0.0901597887 0.0455266014 0.0165434629
  endloop
 endfacet

 facet normal -0.81553781 0.560901284 0.14243567
  outer loop
  vertex -0.0901597887 0.0455266014 0.0165434629
  vertex -0.0901542827 0.0455236025 0.0165867656
  vertex -0.0901350304 0.0455625951 0.0165434629
  endloop
 endfacet

 facet normal -0.822821259 0.565910518 0.0520615913
  outer loop
  vertex -0.0901597887 0.0455266014 0.0165434629
  vertex -0.0901350304 0.0455625951 0.0165434629
  vertex -0.090162538 0.0455266014 0.0164999645
  endloop
 endfacet

 facet normal -0.794734716 0.60695684 0.00033736258
  outer loop
  vertex -0.090162538 0.0455266014 0.0164999645
  vertex -0.0901350304 0.0455625951 0.0165434629
  vertex -0.0901377797 0.0455595925 0.0154634491
  endloop
 endfacet

 facet normal -0.76806438 0.640372634 0.00017660248
  outer loop
  vertex -0.0901377797 0.0455595925 0.0154634491
  vertex -0.0901350304 0.0455625951 0.0165434629
  vertex -0.0901075229 0.0455955863 0.0165434629
  endloop
 endfacet

 facet normal -0.765460432 0.643483043 0
  outer loop
  vertex -0.0901377797 0.0455595925 0.0154634491
  vertex -0.0901075229 0.0455955863 0.0165434629
  vertex -0.0901075229 0.0455955863 0.0154783409
  endloop
 endfacet

 facet normal -0.743340015 0.66265583 -0.0912844986
  outer loop
  vertex -0.0901377797 0.0455595925 0.0154634491
  vertex -0.0901075229 0.0455955863 0.0154783409
  vertex -0.0901102796 0.045586586 0.0154354302
  endloop
 endfacet

 facet normal -0.750405252 0.652017355 -0.10846895
  outer loop
  vertex -0.0901377797 0.0455595925 0.0154634491
  vertex -0.0901102796 0.045586586 0.0154354302
  vertex -0.0901377797 0.0455565937 0.0154454233
  endloop
 endfacet

 facet normal -0.753527343 0.637457967 -0.160760492
  outer loop
  vertex -0.0901377797 0.0455565937 0.0154454233
  vertex -0.0901102796 0.045586586 0.0154354302
  vertex -0.090140529 0.0455445983 0.0154107418
  endloop
 endfacet

 facet normal -0.742059529 0.644019783 -0.185973957
  outer loop
  vertex -0.090140529 0.0455445983 0.0154107418
  vertex -0.0901102796 0.045586586 0.0154354302
  vertex -0.0901102796 0.0455805883 0.0154146608
  endloop
 endfacet

 facet normal -0.742033958 0.644012213 -0.186101705
  outer loop
  vertex -0.090140529 0.0455445983 0.0154107418
  vertex -0.0901102796 0.0455805883 0.0154146608
  vertex -0.0901130289 0.0455715917 0.015394479
  endloop
 endfacet

 facet normal -0.742873371 0.641300797 -0.192022055
  outer loop
  vertex -0.090140529 0.0455445983 0.0154107418
  vertex -0.0901130289 0.0455715917 0.015394479
  vertex -0.0901157781 0.0455625951 0.0153750814
  endloop
 endfacet

 facet normal -0.739512146 0.64457649 -0.194018126
  outer loop
  vertex -0.0901157781 0.0455625951 0.0153750814
  vertex -0.0901130289 0.0455715917 0.015394479
  vertex -0.0900827721 0.045601584 0.0153788039
  endloop
 endfacet

 facet normal -0.725611269 0.638724148 -0.255968243
  outer loop
  vertex -0.0901157781 0.0455625951 0.0153750814
  vertex -0.0900827721 0.045601584 0.0153788039
  vertex -0.0900855213 0.0455895849 0.0153566636
  endloop
 endfacet

 facet normal -0.729637384 0.617689848 -0.293408483
  outer loop
  vertex -0.0901157781 0.0455625951 0.0153750814
  vertex -0.0900855213 0.0455895849 0.0153566636
  vertex -0.0901185274 0.045550596 0.0153566636
  endloop
 endfacet

 facet normal -0.725249231 0.613974988 -0.31152606
  outer loop
  vertex -0.0901185274 0.045550596 0.0153566636
  vertex -0.0900855213 0.0455895849 0.0153566636
  vertex -0.0901212767 0.0455386005 0.0153394211
  endloop
 endfacet

 facet normal -0.715403497 0.614302337 -0.332912207
  outer loop
  vertex -0.0901212767 0.0455386005 0.0153394211
  vertex -0.0900855213 0.0455895849 0.0153566636
  vertex -0.0900965258 0.0455445983 0.0152972937
  endloop
 endfacet

 facet normal -0.75921005 0.535536051 -0.369866818
  outer loop
  vertex -0.0901212767 0.0455386005 0.0153394211
  vertex -0.0900965258 0.0455445983 0.0152972937
  vertex -0.0901240259 0.0455236025 0.015323353
  endloop
 endfacet

 facet normal -0.762300313 0.519465744 -0.386074603
  outer loop
  vertex -0.0901240259 0.0455236025 0.015323353
  vertex -0.0900965258 0.0455445983 0.0152972937
  vertex -0.0901047736 0.0455086082 0.0152651602
  endloop
 endfacet

 facet normal -0.762863278 0.51865536 -0.386052042
  outer loop
  vertex -0.0901240259 0.0455236025 0.015323353
  vertex -0.0901047736 0.0455086082 0.0152651602
  vertex -0.0901322812 0.0454906113 0.0152953342
  endloop
 endfacet

 facet normal -0.673851311 0.572031319 -0.467658609
  outer loop
  vertex -0.0901047736 0.0455086082 0.0152651602
  vertex -0.0900965258 0.0455445983 0.0152972937
  vertex -0.0900690183 0.0455415994 0.0152539918
  endloop
 endfacet

 facet normal -0.672013283 0.567162514 -0.476156324
  outer loop
  vertex -0.0901047736 0.0455086082 0.0152651602
  vertex -0.0900690183 0.0455415994 0.0152539918
  vertex -0.0900745168 0.0455206037 0.0152367484
  endloop
 endfacet

 facet normal -0.692391276 0.488353431 -0.531135917
  outer loop
  vertex -0.0901047736 0.0455086082 0.0152651602
  vertex -0.0900745168 0.0455206037 0.0152367484
  vertex -0.0900800154 0.0454966091 0.0152218575
  endloop
 endfacet

 facet normal -0.712661862 0.455400646 -0.533594787
  outer loop
  vertex -0.0901047736 0.0455086082 0.0152651602
  vertex -0.0900800154 0.0454966091 0.0152218575
  vertex -0.0900855213 0.0454726182 0.0152087295
  endloop
 endfacet

 facet normal -0.7305305 0.434810489 -0.526559591
  outer loop
  vertex -0.0901047736 0.0455086082 0.0152651602
  vertex -0.0900855213 0.0454726182 0.0152087295
  vertex -0.0901075229 0.0454876125 0.0152516402
  endloop
 endfacet

 facet normal -0.736340284 0.42531693 -0.526220977
  outer loop
  vertex -0.0901075229 0.0454876125 0.0152516402
  vertex -0.0900855213 0.0454726182 0.0152087295
  vertex -0.0901185274 0.0454426259 0.0152306743
  endloop
 endfacet

 facet normal -0.412920177 0.28758049 -0.864172697
  outer loop
  vertex -0.0899672508 0.0453856401 0.0150737278
  vertex -0.0899589956 0.0454216301 0.0150817623
  vertex -0.089920491 0.0454186313 0.0150623638
  endloop
 endfacet

 facet normal -0.40786168 0.278572738 -0.869509101
  outer loop
  vertex -0.0899672508 0.0453856401 0.0150737278
  vertex -0.089920491 0.0454186313 0.0150623638
  vertex -0.0899287388 0.0453796424 0.0150537416
  endloop
 endfacet

 facet normal -0.338398874 0.270875424 -0.901172996
  outer loop
  vertex -0.0899287388 0.0453796424 0.0150537416
  vertex -0.089920491 0.0454186313 0.0150623638
  vertex -0.0898902342 0.0453736447 0.0150374789
  endloop
 endfacet

 facet normal -0.642230213 0.505062163 -0.576586902
  outer loop
  vertex -0.0900800154 0.0454966091 0.0152218575
  vertex -0.0900745168 0.0455206037 0.0152367484
  vertex -0.0900415108 0.0455326028 0.0152104935
  endloop
 endfacet

 facet normal -0.63686502 0.494653881 -0.591371715
  outer loop
  vertex -0.0900800154 0.0454966091 0.0152218575
  vertex -0.0900415108 0.0455326028 0.0152104935
  vertex -0.0900470093 0.0455056094 0.0151938377
  endloop
 endfacet

 facet normal -0.580520749 0.509954214 -0.634777546
  outer loop
  vertex -0.0900470093 0.0455056094 0.0151938377
  vertex -0.0900415108 0.0455326028 0.0152104935
  vertex -0.090011254 0.0455146059 0.015168367
  endloop
 endfacet

 facet normal -0.560428083 0.535915971 -0.631438434
  outer loop
  vertex -0.090011254 0.0455146059 0.015168367
  vertex -0.0900415108 0.0455326028 0.0152104935
  vertex -0.0900057554 0.0455415994 0.0151863927
  endloop
 endfacet

 facet normal -0.515127599 0.546144485 -0.660583019
  outer loop
  vertex -0.090011254 0.0455146059 0.015168367
  vertex -0.0900057554 0.0455415994 0.0151863927
  vertex -0.0899754986 0.0455206037 0.0151454415
  endloop
 endfacet

 facet normal -0.525316834 0.499901533 -0.688578784
  outer loop
  vertex -0.090011254 0.0455146059 0.015168367
  vertex -0.0899754986 0.0455206037 0.0151454415
  vertex -0.0900195092 0.0454846136 0.0151528874
  endloop
 endfacet

 facet normal -0.404775709 0.386683434 -0.828632951
  outer loop
  vertex -0.0899589956 0.0454216301 0.0150817623
  vertex -0.0899507478 0.0454546213 0.0150931263
  vertex -0.0899122357 0.0454546213 0.0150743155
  endloop
 endfacet

 facet normal -0.394854218 0.369824708 -0.841023088
  outer loop
  vertex -0.0899589956 0.0454216301 0.0150817623
  vertex -0.0899122357 0.0454546213 0.0150743155
  vertex -0.089920491 0.0454186313 0.0150623638
  endloop
 endfacet

 facet normal -0.364786208 0.429856271 -0.825926542
  outer loop
  vertex -0.0899452418 0.0454906113 0.0151076261
  vertex -0.0899039879 0.0454906113 0.0150894029
  vertex -0.0899122357 0.0454546213 0.0150743155
  endloop
 endfacet

 facet normal -0.403357387 0.394301653 -0.82572937
  outer loop
  vertex -0.0899452418 0.0454906113 0.0151076261
  vertex -0.0899122357 0.0454546213 0.0150743155
  vertex -0.0899507478 0.0454546213 0.0150931263
  endloop
 endfacet

 facet normal -0.434448004 0.50344342 -0.746859968
  outer loop
  vertex -0.0899452418 0.0454906113 0.0151076261
  vertex -0.0899754986 0.0455206037 0.0151454415
  vertex -0.089936994 0.0455236025 0.0151250642
  endloop
 endfacet

 facet normal -0.348793238 0.504669487 -0.789716363
  outer loop
  vertex -0.0899452418 0.0454906113 0.0151076261
  vertex -0.089936994 0.0455236025 0.0151250642
  vertex -0.0899039879 0.0454906113 0.0150894029
  endloop
 endfacet

 facet normal -0.413986504 0.586763322 -0.695933998
  outer loop
  vertex -0.0899754986 0.0455206037 0.0151454415
  vertex -0.0899287388 0.0455535948 0.0151454415
  vertex -0.089936994 0.0455236025 0.0151250642
  endloop
 endfacet

 facet normal -0.478896737 0.58557868 -0.654030204
  outer loop
  vertex -0.0899754986 0.0455206037 0.0151454415
  vertex -0.0900057554 0.0455415994 0.0151863927
  vertex -0.0899617448 0.0455775894 0.0151863927
  endloop
 endfacet

 facet normal -0.419335067 0.594344139 -0.686231136
  outer loop
  vertex -0.0899754986 0.0455206037 0.0151454415
  vertex -0.0899617448 0.0455775894 0.0151863927
  vertex -0.0899287388 0.0455535948 0.0151454415
  endloop
 endfacet

 facet normal -0.343733966 0.157619521 0.925744534
  outer loop
  vertex -0.089898482 0.0453226566 0.0169698261
  vertex -0.0898929834 0.0453346521 0.0169698261
  vertex -0.0899287388 0.0453556478 0.0169529747
  endloop
 endfacet

 facet normal -0.362364113 0.138465762 0.921693802
  outer loop
  vertex -0.089898482 0.0453226566 0.0169698261
  vertex -0.0899287388 0.0453556478 0.0169529747
  vertex -0.0899424925 0.0453196578 0.0169529747
  endloop
 endfacet

 facet normal -0.437654704 0.167235658 0.883453786
  outer loop
  vertex -0.0899424925 0.0453196578 0.0169529747
  vertex -0.0899287388 0.0453556478 0.0169529747
  vertex -0.0899782479 0.0453316532 0.0169329885
  endloop
 endfacet

 facet normal -0.512621164 0.134309143 0.84804523
  outer loop
  vertex -0.0899782479 0.0453316532 0.0169329885
  vertex -0.0900140032 0.0453436524 0.0169094764
  vertex -0.0899837539 0.0453106612 0.0169329885
  endloop
 endfacet

 facet normal -0.4395307 0.172771543 0.881454945
  outer loop
  vertex -0.0899782479 0.0453316532 0.0169329885
  vertex -0.0899287388 0.0453556478 0.0169529747
  vertex -0.0899617448 0.0453736447 0.0169329885
  endloop
 endfacet

 facet normal -0.482662201 0.189725801 0.855009556
  outer loop
  vertex -0.0899782479 0.0453316532 0.0169329885
  vertex -0.0899617448 0.0453736447 0.0169329885
  vertex -0.0900057554 0.045367647 0.0169094764
  endloop
 endfacet

 facet normal -0.500314176 0.172036573 0.848580718
  outer loop
  vertex -0.0899782479 0.0453316532 0.0169329885
  vertex -0.0900057554 0.045367647 0.0169094764
  vertex -0.0900140032 0.0453436524 0.0169094764
  endloop
 endfacet

 facet normal -0.571658611 0.196568877 0.796597242
  outer loop
  vertex -0.0900140032 0.0453436524 0.0169094764
  vertex -0.0900057554 0.045367647 0.0169094764
  vertex -0.0900470093 0.0453556478 0.0168828294
  endloop
 endfacet

 facet normal -0.632646203 0.257875621 0.730245829
  outer loop
  vertex -0.0900470093 0.0453556478 0.0168828294
  vertex -0.090066269 0.0453916378 0.0168534387
  vertex -0.0900772735 0.0453646444 0.0168534387
  endloop
 endfacet

 facet normal -0.575476766 0.24833414 0.77920264
  outer loop
  vertex -0.0900470093 0.0453556478 0.0168828294
  vertex -0.0900057554 0.045367647 0.0169094764
  vertex -0.0900250077 0.0454066321 0.0168828294
  endloop
 endfacet

 facet normal -0.621727943 0.268292785 0.735848784
  outer loop
  vertex -0.0900470093 0.0453556478 0.0168828294
  vertex -0.0900250077 0.0454066321 0.0168828294
  vertex -0.090066269 0.0453916378 0.0168534387
  endloop
 endfacet

 facet normal -0.676905036 0.27591607 0.682400167
  outer loop
  vertex -0.0900772735 0.0453646444 0.0168534387
  vertex -0.090066269 0.0453916378 0.0168534387
  vertex -0.0900937691 0.0454036333 0.0168213043
  endloop
 endfacet

 facet normal 0 0.218582273 0.975818574
  outer loop
  vertex -0.0897279531 0.0453436524 0.0169923585
  vertex -0.0897224471 0.0453856401 0.016982954
  vertex -0.0897582024 0.0453856401 0.016982954
  endloop
 endfacet

 facet normal 0 0.218582273 0.975818574
  outer loop
  vertex -0.0897279531 0.0453436524 0.0169923585
  vertex -0.0897582024 0.0453856401 0.016982954
  vertex -0.0897527039 0.0453436524 0.0169923585
  endloop
 endfacet

 facet normal 0.0292812847 0.129500389 0.991146982
  outer loop
  vertex -0.0897279531 0.0453436524 0.0169923585
  vertex -0.0675365403 0.040295966 0.0169962775
  vertex -0.0675365403 0.0403049625 0.0169951022
  endloop
 endfacet

 facet normal 0.0340779237 0.150624067 0.988003612
  outer loop
  vertex -0.0897279531 0.0453436524 0.0169923585
  vertex -0.0675365403 0.0403049625 0.0169951022
  vertex -0.0675365403 0.0403229594 0.0169923585
  endloop
 endfacet

 facet normal 0.0388074256 0.171528414 0.984414637
  outer loop
  vertex -0.0897279531 0.0453436524 0.0169923585
  vertex -0.0675365403 0.0403229594 0.0169923585
  vertex -0.0675365403 0.040331956 0.0169907901
  endloop
 endfacet

 facet normal 0.0434656851 0.192156106 0.980401278
  outer loop
  vertex -0.0897279531 0.0453436524 0.0169923585
  vertex -0.0675365403 0.040331956 0.0169907901
  vertex -0.0675365403 0.0403409563 0.0169890281
  endloop
 endfacet

 facet normal 0.0480144583 0.212336868 0.976016343
  outer loop
  vertex -0.0897279531 0.0453436524 0.0169923585
  vertex -0.0675365403 0.0403409563 0.0169890281
  vertex -0.0897224471 0.0453856401 0.016982954
  endloop
 endfacet

 facet normal -0.0463485867 0.212562144 0.976047814
  outer loop
  vertex -0.0897527039 0.0453436524 0.0169923585
  vertex -0.0897582024 0.0453856401 0.016982954
  vertex -0.0897664577 0.0453406535 0.0169923585
  endloop
 endfacet

 facet normal -0.0584980212 0.214562744 0.97495687
  outer loop
  vertex -0.0897664577 0.0453406535 0.0169923585
  vertex -0.0897582024 0.0453856401 0.016982954
  vertex -0.0897802114 0.0453796424 0.016982954
  endloop
 endfacet

 facet normal -0.0757650435 0.208502263 0.975082815
  outer loop
  vertex -0.0897664577 0.0453406535 0.0169923585
  vertex -0.0897802114 0.0453796424 0.016982954
  vertex -0.0897884667 0.0453766435 0.016982954
  endloop
 endfacet

 facet normal -0.0757650435 0.208502263 0.975082815
  outer loop
  vertex -0.0897664577 0.0453406535 0.0169923585
  vertex -0.0897884667 0.0453766435 0.016982954
  vertex -0.0897747129 0.0453376547 0.0169923585
  endloop
 endfacet

 facet normal -0.10750588 0.197155505 0.974459887
  outer loop
  vertex -0.0897747129 0.0453376547 0.0169923585
  vertex -0.0897884667 0.0453766435 0.016982954
  vertex -0.0898104683 0.0453646444 0.016982954
  endloop
 endfacet

 facet normal -0.107536934 0.197115973 0.974464536
  outer loop
  vertex -0.0897747129 0.0453376547 0.0169923585
  vertex -0.0898104683 0.0453646444 0.016982954
  vertex -0.0897802114 0.0453346521 0.0169923585
  endloop
 endfacet

 facet normal -0.120554283 0.184293807 0.97544992
  outer loop
  vertex -0.0897802114 0.0453346521 0.0169923585
  vertex -0.0898104683 0.0453646444 0.016982954
  vertex -0.0897939652 0.0453256555 0.0169923585
  endloop
 endfacet

 facet normal -0.130723566 0.1798729 0.974965215
  outer loop
  vertex -0.0897939652 0.0453256555 0.0169923585
  vertex -0.0898104683 0.0453646444 0.016982954
  vertex -0.0898269713 0.0453526489 0.016982954
  endloop
 endfacet

 facet normal -0.139016524 0.16995278 0.975597501
  outer loop
  vertex -0.0897939652 0.0453256555 0.0169923585
  vertex -0.0898269713 0.0453526489 0.016982954
  vertex -0.0898049623 0.0453166589 0.0169923585
  endloop
 endfacet

 facet normal -0.166566461 0.15272519 0.97413075
  outer loop
  vertex -0.0898049623 0.0453166589 0.0169923585
  vertex -0.0898269713 0.0453526489 0.016982954
  vertex -0.0898434743 0.0453346521 0.016982954
  endloop
 endfacet

 facet normal -0.166555315 0.152748168 0.974129081
  outer loop
  vertex -0.0898049623 0.0453166589 0.0169923585
  vertex -0.0898434743 0.0453346521 0.016982954
  vertex -0.0898104683 0.0453106612 0.0169923585
  endloop
 endfacet

 facet normal -0.217201456 0.199152514 0.955595016
  outer loop
  vertex -0.0898434743 0.0453346521 0.016982954
  vertex -0.0898269713 0.0453526489 0.016982954
  vertex -0.0898654759 0.0453736447 0.0169698261
  endloop
 endfacet

 facet normal -0.217194319 0.199156806 0.955595732
  outer loop
  vertex -0.0898434743 0.0453346521 0.016982954
  vertex -0.0898654759 0.0453736447 0.0169698261
  vertex -0.0898764804 0.0453616455 0.0169698261
  endloop
 endfacet

 facet normal -0.243195578 0.167288721 0.955442548
  outer loop
  vertex -0.0898434743 0.0453346521 0.016982954
  vertex -0.0898764804 0.0453616455 0.0169698261
  vertex -0.0898847282 0.0453496501 0.0169698261
  endloop
 endfacet

 facet normal -0.322197378 0.221632287 0.920362949
  outer loop
  vertex -0.0898847282 0.0453496501 0.0169698261
  vertex -0.0898764804 0.0453616455 0.0169698261
  vertex -0.0899287388 0.0453556478 0.0169529747
  endloop
 endfacet

 facet normal -0.32995671 0.181581706 0.926367462
  outer loop
  vertex -0.0898847282 0.0453496501 0.0169698261
  vertex -0.0899287388 0.0453556478 0.0169529747
  vertex -0.0898929834 0.0453346521 0.0169698261
  endloop
 endfacet

 facet normal -0.333542287 0.274531186 -0.901877105
  outer loop
  vertex -0.0898902342 0.0453736447 0.0150374789
  vertex -0.089920491 0.0454186313 0.0150623638
  vertex -0.0898819789 0.0454126336 0.0150462966
  endloop
 endfacet

 facet normal -0.253319949 0.264061213 -0.930645347
  outer loop
  vertex -0.0898902342 0.0453736447 0.0150374789
  vertex -0.0898819789 0.0454126336 0.0150462966
  vertex -0.0898489729 0.045367647 0.0150245475
  endloop
 endfacet

 facet normal -0.231323883 0.280624509 -0.931525171
  outer loop
  vertex -0.0898489729 0.045367647 0.0150245475
  vertex -0.0898819789 0.0454126336 0.0150462966
  vertex -0.0898379683 0.0454066321 0.0150335608
  endloop
 endfacet

 facet normal -0.1684926 0.266904891 -0.948879421
  outer loop
  vertex -0.0898489729 0.045367647 0.0150245475
  vertex -0.0898379683 0.0454066321 0.0150335608
  vertex -0.0897967145 0.0454006344 0.0150245475
  endloop
 endfacet

 facet normal -0.154117167 0.336109906 -0.929127634
  outer loop
  vertex -0.0897967145 0.0454006344 0.0150245475
  vertex -0.0898379683 0.0454066321 0.0150335608
  vertex -0.0898297206 0.0454456247 0.0150462966
  endloop
 endfacet

 facet normal -0.149093464 0.339581549 -0.928684831
  outer loop
  vertex -0.0897967145 0.0454006344 0.0150245475
  vertex -0.0898297206 0.0454456247 0.0150462966
  vertex -0.0897884667 0.0454396233 0.0150374789
  endloop
 endfacet

 facet normal -0.0727569386 0.32782191 -0.941933811
  outer loop
  vertex -0.0897967145 0.0454006344 0.0150245475
  vertex -0.0897884667 0.0454396233 0.0150374789
  vertex -0.0897444561 0.0454336256 0.0150319925
  endloop
 endfacet

 facet normal -0.0591183305 0.307939976 -0.949567258
  outer loop
  vertex -0.0897967145 0.0454006344 0.0150245475
  vertex -0.0897444561 0.0454336256 0.0150319925
  vertex -0.0897554532 0.0453916378 0.015019061
  endloop
 endfacet

 facet normal -0.0604333654 0.395112872 -0.916642606
  outer loop
  vertex -0.0897444561 0.0454336256 0.0150319925
  vertex -0.0897884667 0.0454396233 0.0150374789
  vertex -0.0897802114 0.0454786159 0.0150537416
  endloop
 endfacet

 facet normal -0.0511436239 0.401439518 -0.914456487
  outer loop
  vertex -0.0897444561 0.0454336256 0.0150319925
  vertex -0.0897802114 0.0454786159 0.0150537416
  vertex -0.0897362009 0.0454726182 0.0150486473
  endloop
 endfacet

 facet normal -0.0338260792 0.491120845 -0.870434523
  outer loop
  vertex -0.0897362009 0.0454726182 0.0150486473
  vertex -0.0897802114 0.0454786159 0.0150537416
  vertex -0.0897719562 0.0455146059 0.0150737278
  endloop
 endfacet

 facet normal -0.0293977968 0.494010538 -0.868958831
  outer loop
  vertex -0.0897362009 0.0454726182 0.0150486473
  vertex -0.0897719562 0.0455146059 0.0150737278
  vertex -0.0897279531 0.0455086082 0.0150688291
  endloop
 endfacet

 facet normal -0.0199881177 0.540372431 -0.841188431
  outer loop
  vertex -0.0897279531 0.0455086082 0.0150688291
  vertex -0.0897719562 0.0455146059 0.0150737278
  vertex -0.0897637084 0.045550596 0.0150966523
  endloop
 endfacet

 facet normal -0.0114296209 0.545548677 -0.838001192
  outer loop
  vertex -0.0897279531 0.0455086082 0.0150688291
  vertex -0.0897637084 0.045550596 0.0150966523
  vertex -0.0897196978 0.0455445983 0.0150921466
  endloop
 endfacet

 facet normal 0.00462483196 0.622004926 -0.782999635
  outer loop
  vertex -0.0897196978 0.0455445983 0.0150921466
  vertex -0.0897637084 0.045550596 0.0150966523
  vertex -0.0897554532 0.0455835871 0.0151229091
  endloop
 endfacet

 facet normal 0.00853401609 0.624190509 -0.781225622
  outer loop
  vertex -0.0897196978 0.0455445983 0.0150921466
  vertex -0.0897554532 0.0455835871 0.0151229091
  vertex -0.08971145 0.0455775894 0.0151185971
  endloop
 endfacet

 facet normal 0.0158927683 0.657871187 -0.752962708
  outer loop
  vertex -0.08971145 0.0455775894 0.0151185971
  vertex -0.0897554532 0.0455835871 0.0151229091
  vertex -0.0897472054 0.0456165783 0.0151519077
  endloop
 endfacet

 facet normal 0.0211866405 0.660583019 -0.750454068
  outer loop
  vertex -0.08971145 0.0455775894 0.0151185971
  vertex -0.0897472054 0.0456165783 0.0151519077
  vertex -0.0897059441 0.0456105806 0.0151477931
  endloop
 endfacet

 facet normal 0.0450735353 0.757148623 -0.651685834
  outer loop
  vertex -0.0897059441 0.0456105806 0.0151477931
  vertex -0.0897472054 0.0456165783 0.0151519077
  vertex -0.0897417068 0.0456435718 0.01518365
  endloop
 endfacet

 facet normal 0.0484234914 0.7586357 -0.649713159
  outer loop
  vertex -0.0897059441 0.0456105806 0.0151477931
  vertex -0.0897417068 0.0456435718 0.01518365
  vertex -0.0896976963 0.045637574 0.0151799265
  endloop
 endfacet

 facet normal 0.0540715121 0.782118678 -0.620779157
  outer loop
  vertex -0.0896976963 0.045637574 0.0151799265
  vertex -0.0897417068 0.0456435718 0.01518365
  vertex -0.0896921903 0.0456645675 0.0152144115
  endloop
 endfacet

 facet normal 0.0120417327 0.816796184 -0.576800704
  outer loop
  vertex -0.0896921903 0.0456645675 0.0152144115
  vertex -0.0897417068 0.0456435718 0.01518365
  vertex -0.0897362009 0.0456675664 0.0152177429
  endloop
 endfacet

 facet normal 0.0148976594 0.832754016 -0.553442717
  outer loop
  vertex -0.0896921903 0.0456645675 0.0152144115
  vertex -0.0897362009 0.0456675664 0.0152177429
  vertex -0.0897307023 0.045691561 0.0152539918
  endloop
 endfacet

 facet normal 0.083373867 0.85917592 -0.504841983
  outer loop
  vertex -0.0896921903 0.0456645675 0.0152144115
  vertex -0.0897307023 0.045691561 0.0152539918
  vertex -0.0896866918 0.0456855632 0.0152510526
  endloop
 endfacet

 facet normal 0.0868046731 0.87254715 -0.480756104
  outer loop
  vertex -0.0896866918 0.0456855632 0.0152510526
  vertex -0.0897307023 0.045691561 0.0152539918
  vertex -0.0896839425 0.0457065552 0.0152896522
  endloop
 endfacet

 facet normal 0.0396363586 0.908294797 -0.416448832
  outer loop
  vertex -0.0896839425 0.0457065552 0.0152896522
  vertex -0.0897279531 0.0457095541 0.0152920038
  vertex -0.0897224471 0.045727551 0.0153317796
  endloop
 endfacet

 facet normal 0.11805629 0.927614331 -0.354393065
  outer loop
  vertex -0.0896839425 0.0457065552 0.0152896522
  vertex -0.0897224471 0.045727551 0.0153317796
  vertex -0.0896811932 0.0457215533 0.0153298201
  endloop
 endfacet

 facet normal 0.0384979472 0.902086258 -0.429835171
  outer loop
  vertex -0.0896839425 0.0457065552 0.0152896522
  vertex -0.0897307023 0.045691561 0.0152539918
  vertex -0.0897279531 0.0457095541 0.0152920038
  endloop
 endfacet

 facet normal 0.118943959 0.930831194 -0.345551193
  outer loop
  vertex -0.0896811932 0.0457215533 0.0153298201
  vertex -0.0897224471 0.045727551 0.0153317796
  vertex -0.089678444 0.0457365476 0.0153711624
  endloop
 endfacet

 facet normal 0.0629545376 0.975557566 -0.210532844
  outer loop
  vertex -0.089678444 0.0457365476 0.0153711624
  vertex -0.0897196978 0.0457395501 0.0153727299
  vertex -0.0896756873 0.0457455479 0.015413681
  endloop
 endfacet

 facet normal 0.0587963536 0.956930816 -0.28429991
  outer loop
  vertex -0.089678444 0.0457365476 0.0153711624
  vertex -0.0897224471 0.045727551 0.0153317796
  vertex -0.0897196978 0.0457395501 0.0153727299
  endloop
 endfacet

 facet normal 0.197350815 0.971056581 -0.134542778
  outer loop
  vertex -0.0896316841 0.0457365476 0.0154132899
  vertex -0.0896756873 0.0457455479 0.015413681
  vertex -0.0896316841 0.045742549 0.0154565917
  endloop
 endfacet

 facet normal 0.218590021 0.966583192 -0.133922994
  outer loop
  vertex -0.0896316841 0.0457365476 0.0154132899
  vertex -0.0896316841 0.045742549 0.0154565917
  vertex -0.0675365403 0.0407458507 0.0154569838
  endloop
 endfacet

 facet normal 0.218590111 0.96658361 -0.133920014
  outer loop
  vertex -0.0896316841 0.0457365476 0.0154132899
  vertex -0.0675365403 0.0407458507 0.0154569838
  vertex -0.0675365403 0.0407398492 0.015413681
  endloop
 endfacet

 facet normal -0.712212265 0.326589435 0.621363878
  outer loop
  vertex -0.0900937691 0.0454036333 0.0168213043
  vertex -0.0900800154 0.0454336256 0.0168213043
  vertex -0.0901185274 0.0454156324 0.0167866237
  endloop
 endfacet

 facet normal -0.664413571 0.304671049 0.682444274
  outer loop
  vertex -0.0900937691 0.0454036333 0.0168213043
  vertex -0.090066269 0.0453916378 0.0168534387
  vertex -0.0900525153 0.0454216301 0.0168534387
  endloop
 endfacet

 facet normal -0.664413571 0.304671049 0.682444274
  outer loop
  vertex -0.0900937691 0.0454036333 0.0168213043
  vertex -0.0900525153 0.0454216301 0.0168534387
  vertex -0.0900800154 0.0454336256 0.0168213043
  endloop
 endfacet

 facet normal -0.711092293 0.372651607 0.596220195
  outer loop
  vertex -0.0901185274 0.0454156324 0.0167866237
  vertex -0.0900800154 0.0454336256 0.0168213043
  vertex -0.0900855213 0.0454786159 0.0167866237
  endloop
 endfacet

 facet normal -0.737581372 0.38653335 0.553683877
  outer loop
  vertex -0.0901185274 0.0454156324 0.0167866237
  vertex -0.0900855213 0.0454786159 0.0167866237
  vertex -0.0901240259 0.0454576202 0.0167499818
  endloop
 endfacet

 facet normal -0.750917315 0.375614583 0.543173075
  outer loop
  vertex -0.0901185274 0.0454156324 0.0167866237
  vertex -0.0901240259 0.0454576202 0.0167499818
  vertex -0.090140529 0.045424629 0.0167499818
  endloop
 endfacet

 facet normal -0.734412372 0.428603262 0.526248813
  outer loop
  vertex -0.0901240259 0.0454576202 0.0167499818
  vertex -0.0900855213 0.0454786159 0.0167866237
  vertex -0.0901047736 0.0454906113 0.0167499818
  endloop
 endfacet

 facet normal -0.765243232 0.446596235 0.463631988
  outer loop
  vertex -0.0901240259 0.0454576202 0.0167499818
  vertex -0.0901047736 0.0454906113 0.0167499818
  vertex -0.0901212767 0.0455026105 0.0167111866
  endloop
 endfacet

 facet normal -0.713613927 0.523543537 0.465464681
  outer loop
  vertex -0.0901212767 0.0455026105 0.0167111866
  vertex -0.0901047736 0.0454906113 0.0167499818
  vertex -0.0900827721 0.0455206037 0.0167499818
  endloop
 endfacet

 facet normal -0.713613927 0.523543537 0.465464681
  outer loop
  vertex -0.0901212767 0.0455026105 0.0167111866
  vertex -0.0900827721 0.0455206037 0.0167499818
  vertex -0.0900992751 0.0455326028 0.0167111866
  endloop
 endfacet

 facet normal -0.735135734 0.539333045 0.410725325
  outer loop
  vertex -0.0901212767 0.0455026105 0.0167111866
  vertex -0.0900992751 0.0455326028 0.0167111866
  vertex -0.0901130289 0.0455445983 0.0166708231
  endloop
 endfacet

 facet normal -0.770501614 0.513942063 0.377082169
  outer loop
  vertex -0.0901212767 0.0455026105 0.0167111866
  vertex -0.0901130289 0.0455445983 0.0166708231
  vertex -0.0901350304 0.0455116071 0.0166708231
  endloop
 endfacet

 facet normal -0.790242553 0.483145654 0.376944393
  outer loop
  vertex -0.0901212767 0.0455026105 0.0167111866
  vertex -0.0901350304 0.0455116071 0.0166708231
  vertex -0.090157032 0.0454756171 0.0166708231
  endloop
 endfacet

 facet normal -0.816903055 0.499445647 0.28848502
  outer loop
  vertex -0.090157032 0.0454756171 0.0166708231
  vertex -0.0901350304 0.0455116071 0.0166708231
  vertex -0.090146035 0.0455176048 0.0166292842
  endloop
 endfacet

 facet normal -0.816891849 0.499456048 0.288498491
  outer loop
  vertex -0.090157032 0.0454756171 0.0166708231
  vertex -0.090146035 0.0455176048 0.0166292842
  vertex -0.0901680365 0.0454816148 0.0166292842
  endloop
 endfacet

 facet normal -0.829765022 0.507326782 0.232614622
  outer loop
  vertex -0.0901680365 0.0454816148 0.0166292842
  vertex -0.090146035 0.0455176048 0.0166292842
  vertex -0.0901542827 0.0455236025 0.0165867656
  endloop
 endfacet

 facet normal -0.853349209 0.481618136 0.199597597
  outer loop
  vertex -0.0901680365 0.0454816148 0.0166292842
  vertex -0.0901542827 0.0455236025 0.0165867656
  vertex -0.0901762918 0.0454846136 0.0165867656
  endloop
 endfacet

 facet normal -0.777804077 0.583606839 0.233289286
  outer loop
  vertex -0.0901542827 0.0455236025 0.0165867656
  vertex -0.090146035 0.0455176048 0.0166292842
  vertex -0.0900965258 0.0455835871 0.0166292842
  endloop
 endfacet

 facet normal -0.777804077 0.583606839 0.233289286
  outer loop
  vertex -0.0901542827 0.0455236025 0.0165867656
  vertex -0.0900965258 0.0455835871 0.0166292842
  vertex -0.0901295319 0.0455565937 0.0165867656
  endloop
 endfacet

 facet normal -0.78656286 0.590178847 0.181680664
  outer loop
  vertex -0.0901542827 0.0455236025 0.0165867656
  vertex -0.0901295319 0.0455565937 0.0165867656
  vertex -0.0901350304 0.0455625951 0.0165434629
  endloop
 endfacet

 facet normal -0.755074739 0.62954253 0.183134794
  outer loop
  vertex -0.0901350304 0.0455625951 0.0165434629
  vertex -0.0901295319 0.0455565937 0.0165867656
  vertex -0.0901020244 0.0455895849 0.0165867656
  endloop
 endfacet

 facet normal -0.755074739 0.62954253 0.183134794
  outer loop
  vertex -0.0901350304 0.0455625951 0.0165434629
  vertex -0.0901020244 0.0455895849 0.0165867656
  vertex -0.0901075229 0.0455955863 0.0165434629
  endloop
 endfacet

 facet normal -0.691900194 0.697996497 0.184594452
  outer loop
  vertex -0.0901075229 0.0455955863 0.0165434629
  vertex -0.0901020244 0.0455895849 0.0165867656
  vertex -0.0900717676 0.0456195772 0.0165867656
  endloop
 endfacet

 facet normal -0.665518463 0.732409179 0.143743217
  outer loop
  vertex -0.0901075229 0.0455955863 0.0165434629
  vertex -0.0900717676 0.0456195772 0.0165867656
  vertex -0.0900387615 0.0456495695 0.0165867656
  endloop
 endfacet

 facet normal -0.665518463 0.732409179 0.143743217
  outer loop
  vertex -0.0901075229 0.0455955863 0.0165434629
  vertex -0.0900387615 0.0456495695 0.0165867656
  vertex -0.0900745168 0.0456255786 0.0165434629
  endloop
 endfacet

 facet normal -0.671894431 0.739425898 0.0425121412
  outer loop
  vertex -0.0901075229 0.0455955863 0.0165434629
  vertex -0.0900745168 0.0456255786 0.0165434629
  vertex -0.0900442675 0.0456555709 0.0164999645
  endloop
 endfacet

 facet normal -0.671894431 0.739425898 0.0425121412
  outer loop
  vertex -0.0901075229 0.0455955863 0.0165434629
  vertex -0.0900442675 0.0456555709 0.0164999645
  vertex -0.0900772735 0.0456255786 0.0164999645
  endloop
 endfacet

 facet normal -0.704021573 0.710178614 0
  outer loop
  vertex -0.0901075229 0.0455955863 0.0165434629
  vertex -0.0900772735 0.0456255786 0.0164999645
  vertex -0.0900772735 0.0456255786 0.0154750105
  endloop
 endfacet

 facet normal -0.704021573 0.710178614 0
  outer loop
  vertex -0.0901075229 0.0455955863 0.0165434629
  vertex -0.0900772735 0.0456255786 0.0154750105
  vertex -0.0901075229 0.0455955863 0.0154783409
  endloop
 endfacet

 facet normal -0.742751539 0.663291812 -0.0914555937
  outer loop
  vertex -0.0901075229 0.0455955863 0.0154783409
  vertex -0.0901075229 0.0455925874 0.0154565917
  vertex -0.0901102796 0.045586586 0.0154354302
  endloop
 endfacet

 facet normal -0.706175625 0.702870667 -0.085375458
  outer loop
  vertex -0.0901075229 0.0455955863 0.0154783409
  vertex -0.0900772735 0.0456255786 0.0154750105
  vertex -0.0900772735 0.0456225798 0.0154503221
  endloop
 endfacet

 facet normal -0.708907247 0.699307561 -0.0917576626
  outer loop
  vertex -0.0901075229 0.0455955863 0.0154783409
  vertex -0.0900772735 0.0456225798 0.0154503221
  vertex -0.0900800154 0.0456165783 0.0154258301
  endloop
 endfacet

 facet normal -0.712985754 0.69460696 -0.0957733616
  outer loop
  vertex -0.0901075229 0.0455955863 0.0154783409
  vertex -0.0900800154 0.0456165783 0.0154258301
  vertex -0.0901075229 0.0455925874 0.0154565917
  endloop
 endfacet

 facet normal -0.716479659 0.690043151 -0.102457047
  outer loop
  vertex -0.0901102796 0.045586586 0.0154354302
  vertex -0.0901075229 0.0455925874 0.0154565917
  vertex -0.0900800154 0.0456165783 0.0154258301
  endloop
 endfacet

 facet normal -0.720371425 0.672738552 -0.168783709
  outer loop
  vertex -0.0901102796 0.045586586 0.0154354302
  vertex -0.0900800154 0.0456165783 0.0154258301
  vertex -0.0900800154 0.0456105806 0.015401925
  endloop
 endfacet

 facet normal -0.722985029 0.668556929 -0.17413871
  outer loop
  vertex -0.0901102796 0.045586586 0.0154354302
  vertex -0.0900800154 0.0456105806 0.015401925
  vertex -0.0900827721 0.045601584 0.0153788039
  endloop
 endfacet

 facet normal -0.73839277 0.647898257 -0.187093928
  outer loop
  vertex -0.0901102796 0.045586586 0.0154354302
  vertex -0.0900827721 0.045601584 0.0153788039
  vertex -0.0901102796 0.0455805883 0.0154146608
  endloop
 endfacet

 facet normal -0.738869011 0.647116661 -0.187916905
  outer loop
  vertex -0.0901130289 0.0455715917 0.015394479
  vertex -0.0901102796 0.0455805883 0.0154146608
  vertex -0.0900827721 0.045601584 0.0153788039
  endloop
 endfacet

 facet normal -0.641143441 0.737883508 -0.210862562
  outer loop
  vertex -0.0900827721 0.045601584 0.0153788039
  vertex -0.0900800154 0.0456105806 0.015401925
  vertex -0.0900470093 0.0456435718 0.0154170124
  endloop
 endfacet

 facet normal -0.634942651 0.740657508 -0.219714224
  outer loop
  vertex -0.0900827721 0.045601584 0.0153788039
  vertex -0.0900470093 0.0456435718 0.0154170124
  vertex -0.090049766 0.0456255786 0.0153643051
  endloop
 endfacet

 facet normal -0.641394138 0.716418445 -0.274514824
  outer loop
  vertex -0.0900827721 0.045601584 0.0153788039
  vertex -0.090049766 0.0456255786 0.0153643051
  vertex -0.0900525153 0.0456135795 0.0153394211
  endloop
 endfacet

 facet normal -0.657741427 0.693471372 -0.294064134
  outer loop
  vertex -0.0900827721 0.045601584 0.0153788039
  vertex -0.0900525153 0.0456135795 0.0153394211
  vertex -0.0900855213 0.0455895849 0.0153566636
  endloop
 endfacet

 facet normal -0.663011193 0.66503036 -0.343730778
  outer loop
  vertex -0.0900855213 0.0455895849 0.0153566636
  vertex -0.0900525153 0.0456135795 0.0153394211
  vertex -0.0900552645 0.0455985852 0.0153157124
  endloop
 endfacet

 facet normal -0.675131083 0.645584106 -0.356958508
  outer loop
  vertex -0.0900855213 0.0455895849 0.0153566636
  vertex -0.0900552645 0.0455985852 0.0153157124
  vertex -0.0900607631 0.0455805883 0.0152935702
  endloop
 endfacet

 facet normal -0.680593908 0.639137745 -0.358182788
  outer loop
  vertex -0.0900855213 0.0455895849 0.0153566636
  vertex -0.0900607631 0.0455805883 0.0152935702
  vertex -0.0900965258 0.0455445983 0.0152972937
  endloop
 endfacet

 facet normal -0.663677216 0.588053048 -0.462305456
  outer loop
  vertex -0.0900965258 0.0455445983 0.0152972937
  vertex -0.0900635198 0.0455625951 0.0152728017
  vertex -0.0900690183 0.0455415994 0.0152539918
  endloop
 endfacet

 facet normal -0.659199119 0.609354019 -0.440618098
  outer loop
  vertex -0.0900965258 0.0455445983 0.0152972937
  vertex -0.0900607631 0.0455805883 0.0152935702
  vertex -0.0900635198 0.0455625951 0.0152728017
  endloop
 endfacet

 facet normal -0.635592997 0.600836098 -0.484786034
  outer loop
  vertex -0.0900690183 0.0455415994 0.0152539918
  vertex -0.0900635198 0.0455625951 0.0152728017
  vertex -0.0900360122 0.0455565937 0.0152293034
  endloop
 endfacet

 facet normal -0.64008081 0.58080548 -0.502952814
  outer loop
  vertex -0.0900690183 0.0455415994 0.0152539918
  vertex -0.0900360122 0.0455565937 0.0152293034
  vertex -0.0900745168 0.0455206037 0.0152367484
  endloop
 endfacet

 facet normal -0.629960299 0.563455105 -0.534479499
  outer loop
  vertex -0.0900745168 0.0455206037 0.0152367484
  vertex -0.0900360122 0.0455565937 0.0152293034
  vertex -0.0900415108 0.0455326028 0.0152104935
  endloop
 endfacet

 facet normal -0.310109317 0.362911999 -0.878707647
  outer loop
  vertex -0.089920491 0.0454186313 0.0150623638
  vertex -0.0899122357 0.0454546213 0.0150743155
  vertex -0.0898819789 0.0454126336 0.0150462966
  endloop
 endfacet

 facet normal -0.563577592 0.585814297 -0.582410395
  outer loop
  vertex -0.0900415108 0.0455326028 0.0152104935
  vertex -0.0900360122 0.0455565937 0.0152293034
  vertex -0.0900002569 0.0455685928 0.01520677
  endloop
 endfacet

 facet normal -0.552787662 0.570896745 -0.607044339
  outer loop
  vertex -0.0900415108 0.0455326028 0.0152104935
  vertex -0.0900002569 0.0455685928 0.01520677
  vertex -0.0900057554 0.0455415994 0.0151863927
  endloop
 endfacet

 facet normal -0.481278241 0.588490665 -0.649653733
  outer loop
  vertex -0.0900057554 0.0455415994 0.0151863927
  vertex -0.0900002569 0.0455685928 0.01520677
  vertex -0.0899617448 0.0455775894 0.0151863927
  endloop
 endfacet

 facet normal -0.307356894 0.364971519 -0.878821731
  outer loop
  vertex -0.0899122357 0.0454546213 0.0150743155
  vertex -0.0898709819 0.0454516225 0.0150586404
  vertex -0.0898819789 0.0454126336 0.0150462966
  endloop
 endfacet

 facet normal -0.294079214 0.426066041 -0.855561256
  outer loop
  vertex -0.0899122357 0.0454546213 0.0150743155
  vertex -0.0899039879 0.0454906113 0.0150894029
  vertex -0.0898709819 0.0454516225 0.0150586404
  endloop
 endfacet

 facet normal -0.280813098 0.436615944 -0.854699075
  outer loop
  vertex -0.0899039879 0.0454906113 0.0150894029
  vertex -0.0898627266 0.0454876125 0.0150743155
  vertex -0.0898709819 0.0454516225 0.0150586404
  endloop
 endfacet

 facet normal -0.332914293 0.518369496 -0.78769356
  outer loop
  vertex -0.0899039879 0.0454906113 0.0150894029
  vertex -0.089936994 0.0455236025 0.0151250642
  vertex -0.0898957327 0.0455236025 0.0151076261
  endloop
 endfacet

 facet normal -0.283820271 0.517046928 -0.80753243
  outer loop
  vertex -0.0899039879 0.0454906113 0.0150894029
  vertex -0.0898957327 0.0455236025 0.0151076261
  vertex -0.0898544788 0.0455236025 0.0150931263
  endloop
 endfacet

 facet normal -0.266778082 0.493745565 -0.827674329
  outer loop
  vertex -0.0899039879 0.0454906113 0.0150894029
  vertex -0.0898544788 0.0455236025 0.0150931263
  vertex -0.0898627266 0.0454876125 0.0150743155
  endloop
 endfacet

 facet normal -0.355702221 0.590230465 -0.724640548
  outer loop
  vertex -0.089936994 0.0455236025 0.0151250642
  vertex -0.0899287388 0.0455535948 0.0151454415
  vertex -0.0898902342 0.0455565937 0.0151289823
  endloop
 endfacet

 facet normal -0.324737281 0.551534057 -0.76834625
  outer loop
  vertex -0.089936994 0.0455236025 0.0151250642
  vertex -0.0898902342 0.0455565937 0.0151289823
  vertex -0.0898957327 0.0455236025 0.0151076261
  endloop
 endfacet

 facet normal -0.414028019 0.599495292 -0.68497175
  outer loop
  vertex -0.0899287388 0.0455535948 0.0151454415
  vertex -0.0899617448 0.0455775894 0.0151863927
  vertex -0.0899232402 0.0455835871 0.015168367
  endloop
 endfacet

 facet normal -0.351525873 0.608360529 -0.711566627
  outer loop
  vertex -0.0899287388 0.0455535948 0.0151454415
  vertex -0.0899232402 0.0455835871 0.015168367
  vertex -0.0898902342 0.0455565937 0.0151289823
  endloop
 endfacet

 facet normal -0.465995491 0.660123467 -0.589139462
  outer loop
  vertex -0.0899617448 0.0455775894 0.0151863927
  vertex -0.0900002569 0.0455685928 0.01520677
  vertex -0.0899947509 0.0455925874 0.0152293034
  endloop
 endfacet

 facet normal -0.442966074 0.683882952 -0.579728603
  outer loop
  vertex -0.0899617448 0.0455775894 0.0151863927
  vertex -0.0899947509 0.0455925874 0.0152293034
  vertex -0.0899562463 0.045601584 0.0152104935
  endloop
 endfacet

 facet normal -0.417114139 0.689915955 -0.591634929
  outer loop
  vertex -0.0899617448 0.0455775894 0.0151863927
  vertex -0.0899562463 0.045601584 0.0152104935
  vertex -0.0899177343 0.0456105806 0.0151938377
  endloop
 endfacet

 facet normal -0.397424817 0.67131865 -0.62560761
  outer loop
  vertex -0.0899617448 0.0455775894 0.0151863927
  vertex -0.0899177343 0.0456105806 0.0151938377
  vertex -0.0899232402 0.0455835871 0.015168367
  endloop
 endfacet

 facet normal -0.322662532 0.236728713 0.916432381
  outer loop
  vertex -0.0899287388 0.0453556478 0.0169529747
  vertex -0.0898764804 0.0453616455 0.0169698261
  vertex -0.0898957327 0.0454006344 0.0169529747
  endloop
 endfacet

 facet normal -0.354632199 0.26018393 0.898075938
  outer loop
  vertex -0.0899287388 0.0453556478 0.0169529747
  vertex -0.0898957327 0.0454006344 0.0169529747
  vertex -0.0899397433 0.045409631 0.0169329885
  endloop
 endfacet

 facet normal -0.400887668 0.245076537 0.882738113
  outer loop
  vertex -0.0899287388 0.0453556478 0.0169529747
  vertex -0.0899397433 0.045409631 0.0169329885
  vertex -0.0899617448 0.0453736447 0.0169329885
  endloop
 endfacet

 facet normal -0.482500285 0.25287962 0.838597298
  outer loop
  vertex -0.0899617448 0.0453736447 0.0169329885
  vertex -0.0899947509 0.045388639 0.0169094764
  vertex -0.0900057554 0.045367647 0.0169094764
  endloop
 endfacet

 facet normal -0.459681332 0.281019151 0.842449605
  outer loop
  vertex -0.0899617448 0.0453736447 0.0169329885
  vertex -0.0899397433 0.045409631 0.0169329885
  vertex -0.0899810046 0.0454126336 0.0169094764
  endloop
 endfacet

 facet normal -0.473579735 0.271406233 0.837890804
  outer loop
  vertex -0.0899617448 0.0453736447 0.0169329885
  vertex -0.0899810046 0.0454126336 0.0169094764
  vertex -0.0899947509 0.045388639 0.0169094764
  endloop
 endfacet

 facet normal -0.535043478 0.280417681 0.796928108
  outer loop
  vertex -0.0900057554 0.045367647 0.0169094764
  vertex -0.0899947509 0.045388639 0.0169094764
  vertex -0.0900250077 0.0454066321 0.0168828294
  endloop
 endfacet

 facet normal -0.622739315 0.285561025 0.728457808
  outer loop
  vertex -0.090066269 0.0453916378 0.0168534387
  vertex -0.0900250077 0.0454066321 0.0168828294
  vertex -0.0900525153 0.0454216301 0.0168534387
  endloop
 endfacet

 facet normal -0.578876734 0.331798643 0.744856596
  outer loop
  vertex -0.0900250077 0.0454066321 0.0168828294
  vertex -0.090011254 0.0454306267 0.0168828294
  vertex -0.0900387615 0.0454486236 0.0168534387
  endloop
 endfacet

 facet normal -0.609776258 0.310680807 0.72914362
  outer loop
  vertex -0.0900250077 0.0454066321 0.0168828294
  vertex -0.0900387615 0.0454486236 0.0168534387
  vertex -0.0900525153 0.0454216301 0.0168534387
  endloop
 endfacet

 facet normal -0.523668349 0.300111771 0.797310829
  outer loop
  vertex -0.0900250077 0.0454066321 0.0168828294
  vertex -0.0899947509 0.045388639 0.0169094764
  vertex -0.0899810046 0.0454126336 0.0169094764
  endloop
 endfacet

 facet normal -0.523665547 0.300152928 0.79729706
  outer loop
  vertex -0.0900250077 0.0454066321 0.0168828294
  vertex -0.0899810046 0.0454126336 0.0169094764
  vertex -0.090011254 0.0454306267 0.0168828294
  endloop
 endfacet

 facet normal 0.0302974544 0.305484504 0.951714933
  outer loop
  vertex -0.0897224471 0.0453856401 0.016982954
  vertex -0.0897031948 0.045424629 0.0169698261
  vertex -0.0897334516 0.0454276279 0.0169698261
  endloop
 endfacet

 facet normal 0 0.298399121 0.95444119
  outer loop
  vertex -0.0897224471 0.0453856401 0.016982954
  vertex -0.0897334516 0.0454276279 0.0169698261
  vertex -0.0897472054 0.0454276279 0.0169698261
  endloop
 endfacet

 facet normal 0 0.298399121 0.95444119
  outer loop
  vertex -0.0897224471 0.0453856401 0.016982954
  vertex -0.0897472054 0.0454276279 0.0169698261
  vertex -0.0897582024 0.0453856401 0.016982954
  endloop
 endfacet

 facet normal 0.0495922938 0.219274044 0.97440213
  outer loop
  vertex -0.0897224471 0.0453856401 0.016982954
  vertex -0.0675365403 0.0403409563 0.0169890281
  vertex -0.0675365403 0.040367946 0.016982954
  endloop
 endfacet

 facet normal 0.062938869 0.278286397 0.958433926
  outer loop
  vertex -0.0897224471 0.0453856401 0.016982954
  vertex -0.0675365403 0.040367946 0.016982954
  vertex -0.0675365403 0.0403949395 0.016975116
  endloop
 endfacet

 facet normal 0.0654053912 0.289256573 0.955014586
  outer loop
  vertex -0.0897224471 0.0453856401 0.016982954
  vertex -0.0675365403 0.0403949395 0.016975116
  vertex -0.0897031948 0.045424629 0.0169698261
  endloop
 endfacet

 facet normal -0.0302974544 0.305484504 0.951714933
  outer loop
  vertex -0.0897582024 0.0453856401 0.016982954
  vertex -0.0897472054 0.0454276279 0.0169698261
  vertex -0.0897774622 0.045424629 0.0169698261
  endloop
 endfacet

 facet normal -0.0773297697 0.28363499 0.955809295
  outer loop
  vertex -0.0897582024 0.0453856401 0.016982954
  vertex -0.0897774622 0.045424629 0.0169698261
  vertex -0.0897802114 0.0453796424 0.016982954
  endloop
 endfacet

 facet normal -0.0929403678 0.284139514 0.9542678
  outer loop
  vertex -0.0897802114 0.0453796424 0.016982954
  vertex -0.0897774622 0.045424629 0.0169698261
  vertex -0.0898049623 0.0454156324 0.0169698261
  endloop
 endfacet

 facet normal -0.101269111 0.278688371 0.955027461
  outer loop
  vertex -0.0897802114 0.0453796424 0.016982954
  vertex -0.0898049623 0.0454156324 0.0169698261
  vertex -0.0897884667 0.0453766435 0.016982954
  endloop
 endfacet

 facet normal -0.11842294 0.271464765 0.955134988
  outer loop
  vertex -0.0897884667 0.0453766435 0.016982954
  vertex -0.0898049623 0.0454156324 0.0169698261
  vertex -0.089818716 0.045409631 0.0169698261
  endloop
 endfacet

 facet normal -0.138464704 0.253930986 0.957259893
  outer loop
  vertex -0.0897884667 0.0453766435 0.016982954
  vertex -0.089818716 0.045409631 0.0169698261
  vertex -0.0898104683 0.0453646444 0.016982954
  endloop
 endfacet

 facet normal -0.162725613 0.248761997 0.954797268
  outer loop
  vertex -0.0898104683 0.0453646444 0.016982954
  vertex -0.089818716 0.045409631 0.0169698261
  vertex -0.0898324698 0.0454006344 0.0169698261
  endloop
 endfacet

 facet normal -0.175189838 0.24105756 0.95456785
  outer loop
  vertex -0.0898104683 0.0453646444 0.016982954
  vertex -0.0898324698 0.0454006344 0.0169698261
  vertex -0.0898269713 0.0453526489 0.016982954
  endloop
 endfacet

 facet normal -0.194644064 0.238004923 0.951560497
  outer loop
  vertex -0.0898269713 0.0453526489 0.016982954
  vertex -0.0898324698 0.0454006344 0.0169698261
  vertex -0.0898654759 0.0453736447 0.0169698261
  endloop
 endfacet

 facet normal -0.282882482 0.259389699 0.923414648
  outer loop
  vertex -0.0898764804 0.0453616455 0.0169698261
  vertex -0.0898654759 0.0453736447 0.0169698261
  vertex -0.0898957327 0.0454006344 0.0169529747
  endloop
 endfacet

 facet normal -0.221304595 0.350563109 -0.910016298
  outer loop
  vertex -0.0898819789 0.0454126336 0.0150462966
  vertex -0.0898709819 0.0454516225 0.0150586404
  vertex -0.0898297206 0.0454456247 0.0150462966
  endloop
 endfacet

 facet normal -0.217374071 0.344336838 -0.913334966
  outer loop
  vertex -0.0898819789 0.0454126336 0.0150462966
  vertex -0.0898297206 0.0454456247 0.0150462966
  vertex -0.0898379683 0.0454066321 0.0150335608
  endloop
 endfacet

 facet normal -0.206267506 0.409809411 -0.888543725
  outer loop
  vertex -0.0898297206 0.0454456247 0.0150462966
  vertex -0.0898709819 0.0454516225 0.0150586404
  vertex -0.0898214728 0.0454846136 0.0150623638
  endloop
 endfacet

 facet normal -0.135128692 0.40182212 -0.905692697
  outer loop
  vertex -0.0898297206 0.0454456247 0.0150462966
  vertex -0.0898214728 0.0454846136 0.0150623638
  vertex -0.0897884667 0.0454396233 0.0150374789
  endloop
 endfacet

 facet normal -0.130231053 0.405023396 -0.904983938
  outer loop
  vertex -0.0897884667 0.0454396233 0.0150374789
  vertex -0.0898214728 0.0454846136 0.0150623638
  vertex -0.0897802114 0.0454786159 0.0150537416
  endloop
 endfacet

 facet normal -0.109253906 0.490901202 -0.864337683
  outer loop
  vertex -0.0897802114 0.0454786159 0.0150537416
  vertex -0.0898214728 0.0454846136 0.0150623638
  vertex -0.0898132175 0.0455206037 0.0150817623
  endloop
 endfacet

 facet normal -0.0949583203 0.49984163 -0.860895634
  outer loop
  vertex -0.0897802114 0.0454786159 0.0150537416
  vertex -0.0898132175 0.0455206037 0.0150817623
  vertex -0.0897719562 0.0455146059 0.0150737278
  endloop
 endfacet

 facet normal -0.0830376968 0.545651972 -0.833887696
  outer loop
  vertex -0.0897719562 0.0455146059 0.0150737278
  vertex -0.0898132175 0.0455206037 0.0150817623
  vertex -0.0898049623 0.0455565937 0.0151044903
  endloop
 endfacet

 facet normal -0.0784601495 0.54830116 -0.832592249
  outer loop
  vertex -0.0897719562 0.0455146059 0.0150737278
  vertex -0.0898049623 0.0455565937 0.0151044903
  vertex -0.0897637084 0.045550596 0.0150966523
  endloop
 endfacet

 facet normal -0.0555020683 0.630221248 -0.774429321
  outer loop
  vertex -0.0897637084 0.045550596 0.0150966523
  vertex -0.0898049623 0.0455565937 0.0151044903
  vertex -0.0897554532 0.0455835871 0.0151229091
  endloop
 endfacet

 facet normal -0.0762127489 0.668967247 -0.73937434
  outer loop
  vertex -0.0897554532 0.0455835871 0.0151229091
  vertex -0.0897994637 0.045586586 0.0151301585
  vertex -0.0897472054 0.0456165783 0.0151519077
  endloop
 endfacet

 facet normal -0.0788450241 0.656498432 -0.750195622
  outer loop
  vertex -0.0897554532 0.0455835871 0.0151229091
  vertex -0.0898049623 0.0455565937 0.0151044903
  vertex -0.0897994637 0.045586586 0.0151301585
  endloop
 endfacet

 facet normal -0.104280785 0.69651711 -0.709922194
  outer loop
  vertex -0.0897472054 0.0456165783 0.0151519077
  vertex -0.0897994637 0.045586586 0.0151301585
  vertex -0.0898352191 0.0456195772 0.0151677784
  endloop
 endfacet

 facet normal -0.0973012596 0.729165912 -0.677384377
  outer loop
  vertex -0.0897472054 0.0456165783 0.0151519077
  vertex -0.0898352191 0.0456195772 0.0151677784
  vertex -0.08978571 0.0456465706 0.0151897231
  endloop
 endfacet

 facet normal -0.0367524251 0.764410257 -0.643681765
  outer loop
  vertex -0.0897472054 0.0456165783 0.0151519077
  vertex -0.08978571 0.0456465706 0.0151897231
  vertex -0.0897417068 0.0456435718 0.01518365
  endloop
 endfacet

 facet normal -0.0248659514 0.813096046 -0.581598282
  outer loop
  vertex -0.0897417068 0.0456435718 0.01518365
  vertex -0.08978571 0.0456465706 0.0151897231
  vertex -0.0897802114 0.0456705652 0.0152230337
  endloop
 endfacet

 facet normal -0.0132296486 0.818703413 -0.574064314
  outer loop
  vertex -0.0897417068 0.0456435718 0.01518365
  vertex -0.0897802114 0.0456705652 0.0152230337
  vertex -0.0897362009 0.0456675664 0.0152177429
  endloop
 endfacet

 facet normal -0.00937032886 0.834505737 -0.550919652
  outer loop
  vertex -0.0897362009 0.0456675664 0.0152177429
  vertex -0.0897802114 0.0456705652 0.0152230337
  vertex -0.0897307023 0.045691561 0.0152539918
  endloop
 endfacet

 facet normal -0.0534680337 0.86410296 -0.500467002
  outer loop
  vertex -0.0897307023 0.045691561 0.0152539918
  vertex -0.0897802114 0.0456705652 0.0152230337
  vertex -0.0897747129 0.045691561 0.0152586931
  endloop
 endfacet

 facet normal -0.0517889969 0.873117626 -0.484751076
  outer loop
  vertex -0.0897307023 0.045691561 0.0152539918
  vertex -0.0897747129 0.045691561 0.0152586931
  vertex -0.0897692069 0.0457125567 0.0152959228
  endloop
 endfacet

 facet normal 0.0248987023 0.902858257 -0.429216683
  outer loop
  vertex -0.0897307023 0.045691561 0.0152539918
  vertex -0.0897692069 0.0457125567 0.0152959228
  vertex -0.0897279531 0.0457095541 0.0152920038
  endloop
 endfacet

 facet normal 0.02670848 0.909363389 -0.415144563
  outer loop
  vertex -0.0897279531 0.0457095541 0.0152920038
  vertex -0.0897692069 0.0457125567 0.0152959228
  vertex -0.0897224471 0.045727551 0.0153317796
  endloop
 endfacet

 facet normal -0.0254510641 0.933648825 -0.357284307
  outer loop
  vertex -0.0897224471 0.045727551 0.0153317796
  vertex -0.0897692069 0.0457125567 0.0152959228
  vertex -0.0897664577 0.045727551 0.0153349144
  endloop
 endfacet

 facet normal -0.0202916693 0.958355427 -0.28485626
  outer loop
  vertex -0.0897224471 0.045727551 0.0153317796
  vertex -0.0897664577 0.045727551 0.0153349144
  vertex -0.0897637084 0.0457395501 0.0153750814
  endloop
 endfacet

 facet normal -0.0149672888 0.959827542 -0.280191123
  outer loop
  vertex -0.0897224471 0.045727551 0.0153317796
  vertex -0.0897637084 0.0457395501 0.0153750814
  vertex -0.0897196978 0.0457395501 0.0153727299
  endloop
 endfacet

 facet normal -0.0113702519 0.977017879 -0.212853774
  outer loop
  vertex -0.0897196978 0.0457395501 0.0153727299
  vertex -0.0897637084 0.0457395501 0.0153750814
  vertex -0.0897609591 0.0457485467 0.0154162291
  endloop
 endfacet

 facet normal -0.00797180366 0.977717161 -0.209774897
  outer loop
  vertex -0.0897196978 0.0457395501 0.0153727299
  vertex -0.0897609591 0.0457485467 0.0154162291
  vertex -0.0897196978 0.0457485467 0.0154146608
  endloop
 endfacet

 facet normal 0.0618383102 0.975877047 -0.20938009
  outer loop
  vertex -0.0897196978 0.0457395501 0.0153727299
  vertex -0.0897196978 0.0457485467 0.0154146608
  vertex -0.0896756873 0.0457455479 0.015413681
  endloop
 endfacet

 facet normal 0.0641019866 0.987572551 -0.143497139
  outer loop
  vertex -0.0896756873 0.0457455479 0.015413681
  vertex -0.0897196978 0.0457485467 0.0154146608
  vertex -0.0897169486 0.0457545444 0.0154571794
  endloop
 endfacet

 facet normal 0.133649796 0.987984419 -0.0776180327
  outer loop
  vertex -0.0896756873 0.0457455479 0.015413681
  vertex -0.0897169486 0.0457545444 0.0154571794
  vertex -0.089672938 0.0457485467 0.0154565917
  endloop
 endfacet

 facet normal 0.143419653 0.986571908 -0.0781459361
  outer loop
  vertex -0.0896756873 0.0457455479 0.015413681
  vertex -0.089672938 0.0457485467 0.0154565917
  vertex -0.0896316841 0.045742549 0.0154565917
  endloop
 endfacet

 facet normal 0.143525973 0.987303197 -0.0680653602
  outer loop
  vertex -0.0896316841 0.045742549 0.0154565917
  vertex -0.089672938 0.0457485467 0.0154565917
  vertex -0.089672938 0.0457515456 0.0155000901
  endloop
 endfacet

 facet normal 0.143525973 0.987303197 -0.0680653602
  outer loop
  vertex -0.0896316841 0.045742549 0.0154565917
  vertex -0.089672938 0.0457515456 0.0155000901
  vertex -0.0896316841 0.0457455479 0.0155000901
  endloop
 endfacet

 facet normal 0.220078915 0.973172188 -0.0670911595
  outer loop
  vertex -0.0896316841 0.045742549 0.0154565917
  vertex -0.0896316841 0.0457455479 0.0155000901
  vertex -0.0675365403 0.0407458507 0.0154569838
  endloop
 endfacet

 facet normal 0.220700711 0.975341558 0
  outer loop
  vertex -0.0675365403 0.0407458507 0.0154569838
  vertex -0.0896316841 0.0457455479 0.0155000901
  vertex -0.0896316841 0.0457455479 0.0164999645
  endloop
 endfacet

 facet normal 0.220700711 0.975341558 0
  outer loop
  vertex -0.0675365403 0.0407458507 0.0154569838
  vertex -0.0896316841 0.0457455479 0.0164999645
  vertex -0.0675365403 0.0407458507 0.0165430717
  endloop
 endfacet

 facet normal -0.651768684 0.332075894 0.681852758
  outer loop
  vertex -0.0900800154 0.0454336256 0.0168213043
  vertex -0.0900525153 0.0454216301 0.0168534387
  vertex -0.0900387615 0.0454486236 0.0168534387
  endloop
 endfacet

 facet normal -0.651250482 0.358311027 0.668944061
  outer loop
  vertex -0.0900800154 0.0454336256 0.0168213043
  vertex -0.0900387615 0.0454486236 0.0168534387
  vertex -0.0900635198 0.0454636179 0.0168213043
  endloop
 endfacet

 facet normal -0.696105421 0.382989764 0.607253015
  outer loop
  vertex -0.0900800154 0.0454336256 0.0168213043
  vertex -0.0900635198 0.0454636179 0.0168213043
  vertex -0.0900855213 0.0454786159 0.0167866237
  endloop
 endfacet

 facet normal -0.643621445 0.472193539 0.602316082
  outer loop
  vertex -0.0900855213 0.0454786159 0.0167866237
  vertex -0.0900442675 0.0454906113 0.0168213043
  vertex -0.0900635198 0.0455086082 0.0167866237
  endloop
 endfacet

 facet normal -0.686071336 0.503336906 0.525317132
  outer loop
  vertex -0.0900855213 0.0454786159 0.0167866237
  vertex -0.0900635198 0.0455086082 0.0167866237
  vertex -0.0900827721 0.0455206037 0.0167499818
  endloop
 endfacet

 facet normal -0.686071336 0.503336906 0.525317132
  outer loop
  vertex -0.0900855213 0.0454786159 0.0167866237
  vertex -0.0900827721 0.0455206037 0.0167499818
  vertex -0.0901047736 0.0454906113 0.0167499818
  endloop
 endfacet

 facet normal -0.645797908 0.460628599 0.608905911
  outer loop
  vertex -0.0900855213 0.0454786159 0.0167866237
  vertex -0.0900635198 0.0454636179 0.0168213043
  vertex -0.0900442675 0.0454906113 0.0168213043
  endloop
 endfacet

 facet normal -0.682877004 0.563611984 0.464780301
  outer loop
  vertex -0.0900992751 0.0455326028 0.0167111866
  vertex -0.0900827721 0.0455206037 0.0167499818
  vertex -0.0900580138 0.045550596 0.0167499818
  endloop
 endfacet

 facet normal -0.682866335 0.563647747 0.464752406
  outer loop
  vertex -0.0900992751 0.0455326028 0.0167111866
  vertex -0.0900580138 0.045550596 0.0167499818
  vertex -0.0900745168 0.0455625951 0.0167111866
  endloop
 endfacet

 facet normal -0.70278424 0.580088258 0.411815464
  outer loop
  vertex -0.0900992751 0.0455326028 0.0167111866
  vertex -0.0900745168 0.0455625951 0.0167111866
  vertex -0.0901130289 0.0455445983 0.0166708231
  endloop
 endfacet

 facet normal -0.796725392 0.53143388 0.28776142
  outer loop
  vertex -0.0901130289 0.0455445983 0.0166708231
  vertex -0.090146035 0.0455176048 0.0166292842
  vertex -0.0901350304 0.0455116071 0.0166708231
  endloop
 endfacet

 facet normal -0.683884382 0.62715435 0.372799724
  outer loop
  vertex -0.0901130289 0.0455445983 0.0166708231
  vertex -0.0900745168 0.0455625951 0.0167111866
  vertex -0.0900855213 0.0455745906 0.0166708231
  endloop
 endfacet

 facet normal -0.697435796 0.639581621 0.323293239
  outer loop
  vertex -0.0901130289 0.0455445983 0.0166708231
  vertex -0.0900855213 0.0455745906 0.0166708231
  vertex -0.0900965258 0.0455835871 0.0166292842
  endloop
 endfacet

 facet normal -0.776789784 0.582845807 0.238513142
  outer loop
  vertex -0.0901130289 0.0455445983 0.0166708231
  vertex -0.0900965258 0.0455835871 0.0166292842
  vertex -0.090146035 0.0455176048 0.0166292842
  endloop
 endfacet

 facet normal -0.754608095 0.62915349 0.186367199
  outer loop
  vertex -0.0901295319 0.0455565937 0.0165867656
  vertex -0.0900965258 0.0455835871 0.0166292842
  vertex -0.0901020244 0.0455895849 0.0165867656
  endloop
 endfacet

 facet normal -0.691466093 0.697558522 0.187847942
  outer loop
  vertex -0.0901020244 0.0455895849 0.0165867656
  vertex -0.0900965258 0.0455835871 0.0166292842
  vertex -0.090066269 0.0456135795 0.0166292842
  endloop
 endfacet

 facet normal -0.691466093 0.697558522 0.187847942
  outer loop
  vertex -0.0901020244 0.0455895849 0.0165867656
  vertex -0.090066269 0.0456135795 0.0166292842
  vertex -0.0900717676 0.0456195772 0.0165867656
  endloop
 endfacet

 facet normal -0.660513282 0.726900816 0.187982723
  outer loop
  vertex -0.0900717676 0.0456195772 0.0165867656
  vertex -0.090066269 0.0456135795 0.0166292842
  vertex -0.0900387615 0.0456495695 0.0165867656
  endloop
 endfacet

 facet normal -0.630298138 0.770709753 0.09343943
  outer loop
  vertex -0.0900745168 0.0456255786 0.0165434629
  vertex -0.0900387615 0.0456495695 0.0165867656
  vertex -0.0900415108 0.0456525721 0.0165434629
  endloop
 endfacet

 facet normal -0.630323052 0.770740211 0.0930183977
  outer loop
  vertex -0.0900745168 0.0456255786 0.0165434629
  vertex -0.0900415108 0.0456525721 0.0165434629
  vertex -0.0900442675 0.0456555709 0.0164999645
  endloop
 endfacet

 facet normal -0.672502398 0.740095019 0
  outer loop
  vertex -0.0900772735 0.0456255786 0.0164999645
  vertex -0.0900442675 0.0456555709 0.0164999645
  vertex -0.0900442675 0.0456555709 0.0155000901
  endloop
 endfacet

 facet normal -0.672502398 0.740095019 0
  outer loop
  vertex -0.0900772735 0.0456255786 0.0164999645
  vertex -0.0900442675 0.0456555709 0.0155000901
  vertex -0.0900772735 0.0456255786 0.0154750105
  endloop
 endfacet

 facet normal -0.635301292 0.76787889 -0.0821846053
  outer loop
  vertex -0.0900772735 0.0456255786 0.0154750105
  vertex -0.0900442675 0.0456555709 0.0155000901
  vertex -0.0900442675 0.0456525721 0.0154720712
  endloop
 endfacet

 facet normal -0.63530165 0.767811358 -0.0828095451
  outer loop
  vertex -0.0900772735 0.0456255786 0.0154750105
  vertex -0.0900442675 0.0456525721 0.0154720712
  vertex -0.0900442675 0.0456495695 0.015444248
  endloop
 endfacet

 facet normal -0.640476942 0.762374043 -0.0926031247
  outer loop
  vertex -0.0900772735 0.0456255786 0.0154750105
  vertex -0.0900442675 0.0456495695 0.015444248
  vertex -0.0900772735 0.0456225798 0.0154503221
  endloop
 endfacet

 facet normal -0.640956163 0.760658145 -0.102832071
  outer loop
  vertex -0.0900772735 0.0456225798 0.0154503221
  vertex -0.0900442675 0.0456495695 0.015444248
  vertex -0.0900470093 0.0456435718 0.0154170124
  endloop
 endfacet

 facet normal -0.646858931 0.754311562 -0.112194292
  outer loop
  vertex -0.0900772735 0.0456225798 0.0154503221
  vertex -0.0900470093 0.0456435718 0.0154170124
  vertex -0.0900800154 0.0456165783 0.0154258301
  endloop
 endfacet

 facet normal -0.651270628 0.736033857 -0.184663892
  outer loop
  vertex -0.0900800154 0.0456165783 0.0154258301
  vertex -0.0900470093 0.0456435718 0.0154170124
  vertex -0.0900800154 0.0456105806 0.015401925
  endloop
 endfacet

 facet normal -0.572625279 0.810870767 -0.120784998
  outer loop
  vertex -0.0900470093 0.0456435718 0.0154170124
  vertex -0.0900442675 0.0456495695 0.015444248
  vertex -0.090011254 0.0456675664 0.0154085867
  endloop
 endfacet

 facet normal -0.579232872 0.780213356 -0.236127973
  outer loop
  vertex -0.0900470093 0.0456435718 0.0154170124
  vertex -0.090011254 0.0456675664 0.0154085867
  vertex -0.090049766 0.0456255786 0.0153643051
  endloop
 endfacet

 facet normal -0.576747358 0.781130791 -0.239159375
  outer loop
  vertex -0.090049766 0.0456255786 0.0153643051
  vertex -0.090011254 0.0456675664 0.0154085867
  vertex -0.090011254 0.0456585698 0.015379197
  endloop
 endfacet

 facet normal -0.562793076 0.780172527 -0.273120224
  outer loop
  vertex -0.090049766 0.0456255786 0.0153643051
  vertex -0.090011254 0.0456585698 0.015379197
  vertex -0.0900140032 0.0456465706 0.0153505895
  endloop
 endfacet

 facet normal -0.566577375 0.765001714 -0.306206852
  outer loop
  vertex -0.090049766 0.0456255786 0.0153643051
  vertex -0.0900140032 0.0456465706 0.0153505895
  vertex -0.0900525153 0.0456135795 0.0153394211
  endloop
 endfacet

 facet normal -0.596861005 0.707560718 -0.378305286
  outer loop
  vertex -0.0900525153 0.0456135795 0.0153394211
  vertex -0.0900222585 0.0456165783 0.0152972937
  vertex -0.0900552645 0.0455985852 0.0153157124
  endloop
 endfacet

 facet normal -0.552047253 0.760282278 -0.342366576
  outer loop
  vertex -0.0900525153 0.0456135795 0.0153394211
  vertex -0.0900140032 0.0456465706 0.0153505895
  vertex -0.0900222585 0.0456165783 0.0152972937
  endloop
 endfacet

 facet normal -0.601960361 0.68629396 -0.408220977
  outer loop
  vertex -0.0900552645 0.0455985852 0.0153157124
  vertex -0.0900222585 0.0456165783 0.0152972937
  vertex -0.0900607631 0.0455805883 0.0152935702
  endloop
 endfacet

 facet normal -0.593016744 0.679227471 -0.432413399
  outer loop
  vertex -0.0900607631 0.0455805883 0.0152935702
  vertex -0.0900222585 0.0456165783 0.0152972937
  vertex -0.0900250077 0.0455985852 0.0152728017
  endloop
 endfacet

 facet normal -0.597836792 0.655775249 -0.461031616
  outer loop
  vertex -0.0900607631 0.0455805883 0.0152935702
  vertex -0.0900250077 0.0455985852 0.0152728017
  vertex -0.0900305137 0.0455775894 0.0152500728
  endloop
 endfacet

 facet normal -0.612382829 0.635844946 -0.469774932
  outer loop
  vertex -0.0900607631 0.0455805883 0.0152935702
  vertex -0.0900305137 0.0455775894 0.0152500728
  vertex -0.0900635198 0.0455625951 0.0152728017
  endloop
 endfacet

 facet normal -0.613660097 0.630685449 -0.475033879
  outer loop
  vertex -0.0900635198 0.0455625951 0.0152728017
  vertex -0.0900305137 0.0455775894 0.0152500728
  vertex -0.0900360122 0.0455565937 0.0152293034
  endloop
 endfacet

 facet normal -0.566741765 0.649686337 -0.506667137
  outer loop
  vertex -0.0900360122 0.0455565937 0.0152293034
  vertex -0.0900305137 0.0455775894 0.0152500728
  vertex -0.0899947509 0.0455925874 0.0152293034
  endloop
 endfacet

 facet normal -0.553197384 0.634159684 -0.540198207
  outer loop
  vertex -0.0900360122 0.0455565937 0.0152293034
  vertex -0.0899947509 0.0455925874 0.0152293034
  vertex -0.0900002569 0.0455685928 0.01520677
  endloop
 endfacet

 facet normal -0.221894667 0.431655258 -0.874320626
  outer loop
  vertex -0.0898709819 0.0454516225 0.0150586404
  vertex -0.0898627266 0.0454876125 0.0150743155
  vertex -0.0898214728 0.0454846136 0.0150623638
  endloop
 endfacet

 facet normal -0.209449172 0.490213513 -0.846062541
  outer loop
  vertex -0.0898627266 0.0454876125 0.0150743155
  vertex -0.0898544788 0.0455236025 0.0150931263
  vertex -0.0898214728 0.0454846136 0.0150623638
  endloop
 endfacet

 facet normal -0.27597636 0.554324031 -0.785214603
  outer loop
  vertex -0.0898957327 0.0455236025 0.0151076261
  vertex -0.0898902342 0.0455565937 0.0151289823
  vertex -0.0898544788 0.0455236025 0.0150931263
  endloop
 endfacet

 facet normal -0.19606629 0.499694437 -0.843720078
  outer loop
  vertex -0.0898544788 0.0455236025 0.0150931263
  vertex -0.0898132175 0.0455206037 0.0150817623
  vertex -0.0898214728 0.0454846136 0.0150623638
  endloop
 endfacet

 facet normal -0.259723395 0.567625225 -0.781246006
  outer loop
  vertex -0.0898544788 0.0455236025 0.0150931263
  vertex -0.0898902342 0.0455565937 0.0151289823
  vertex -0.0898489729 0.0455565937 0.0151152667
  endloop
 endfacet

 facet normal -0.195627153 0.568775773 -0.798889339
  outer loop
  vertex -0.0898544788 0.0455236025 0.0150931263
  vertex -0.0898489729 0.0455565937 0.0151152667
  vertex -0.0898049623 0.0455565937 0.0151044903
  endloop
 endfacet

 facet normal -0.183250934 0.554608464 -0.811682582
  outer loop
  vertex -0.0898544788 0.0455236025 0.0150931263
  vertex -0.0898049623 0.0455565937 0.0151044903
  vertex -0.0898132175 0.0455206037 0.0150817623
  endloop
 endfacet

 facet normal -0.309500575 0.643283725 -0.700282454
  outer loop
  vertex -0.0898902342 0.0455565937 0.0151289823
  vertex -0.0899232402 0.0455835871 0.015168367
  vertex -0.0898819789 0.045586586 0.0151528874
  endloop
 endfacet

 facet normal -0.267918885 0.644484937 -0.716141582
  outer loop
  vertex -0.0898902342 0.0455565937 0.0151289823
  vertex -0.0898819789 0.045586586 0.0151528874
  vertex -0.0898407251 0.0455895849 0.0151401507
  endloop
 endfacet

 facet normal -0.24698481 0.622138202 -0.742928386
  outer loop
  vertex -0.0898902342 0.0455565937 0.0151289823
  vertex -0.0898407251 0.0455895849 0.0151401507
  vertex -0.0898489729 0.0455565937 0.0151152667
  endloop
 endfacet

 facet normal -0.323154658 0.683484077 -0.654538512
  outer loop
  vertex -0.0899232402 0.0455835871 0.015168367
  vertex -0.0899177343 0.0456105806 0.0151938377
  vertex -0.0898764804 0.0456165783 0.015179731
  endloop
 endfacet

 facet normal -0.304066896 0.665702462 -0.681456983
  outer loop
  vertex -0.0899232402 0.0455835871 0.015168367
  vertex -0.0898764804 0.0456165783 0.015179731
  vertex -0.0898819789 0.045586586 0.0151528874
  endloop
 endfacet

 facet normal -0.562216699 0.670862317 -0.483586878
  outer loop
  vertex -0.0899947509 0.0455925874 0.0152293034
  vertex -0.0900305137 0.0455775894 0.0152500728
  vertex -0.0900250077 0.0455985852 0.0152728017
  endloop
 endfacet

 facet normal -0.540388405 0.696593821 -0.47195062
  outer loop
  vertex -0.0899947509 0.0455925874 0.0152293034
  vertex -0.0900250077 0.0455985852 0.0152728017
  vertex -0.0899892524 0.0456135795 0.0152539918
  endloop
 endfacet

 facet normal -0.456646681 0.725373149 -0.515080214
  outer loop
  vertex -0.0899947509 0.0455925874 0.0152293034
  vertex -0.0899892524 0.0456135795 0.0152539918
  vertex -0.0899507478 0.0456255786 0.0152367484
  endloop
 endfacet

 facet normal -0.436636984 0.707768917 -0.555347919
  outer loop
  vertex -0.0899947509 0.0455925874 0.0152293034
  vertex -0.0899507478 0.0456255786 0.0152367484
  vertex -0.0899562463 0.045601584 0.0152104935
  endloop
 endfacet

 facet normal -0.411766499 0.714004219 -0.566256523
  outer loop
  vertex -0.0899562463 0.045601584 0.0152104935
  vertex -0.0899507478 0.0456255786 0.0152367484
  vertex -0.0899177343 0.0456105806 0.0151938377
  endloop
 endfacet

 facet normal -0.386672348 0.736624479 -0.55485934
  outer loop
  vertex -0.0899177343 0.0456105806 0.0151938377
  vertex -0.0899507478 0.0456255786 0.0152367484
  vertex -0.0899122357 0.0456345752 0.0152218575
  endloop
 endfacet

 facet normal -0.308593571 0.751586437 -0.582998991
  outer loop
  vertex -0.0899177343 0.0456105806 0.0151938377
  vertex -0.0899122357 0.0456345752 0.0152218575
  vertex -0.0898764804 0.0456165783 0.015179731
  endloop
 endfacet

 facet normal -0.253972948 0.29113096 0.922356009
  outer loop
  vertex -0.0898957327 0.0454006344 0.0169529747
  vertex -0.0898654759 0.0453736447 0.0169698261
  vertex -0.0898544788 0.0454366244 0.0169529747
  endloop
 endfacet

 facet normal -0.289855868 0.332263798 0.89754343
  outer loop
  vertex -0.0898957327 0.0454006344 0.0169529747
  vertex -0.0898544788 0.0454366244 0.0169529747
  vertex -0.0899094865 0.0454426259 0.0169329885
  endloop
 endfacet

 facet normal -0.339436114 0.311302483 0.887622595
  outer loop
  vertex -0.0898957327 0.0454006344 0.0169529747
  vertex -0.0899094865 0.0454426259 0.0169329885
  vertex -0.0899397433 0.045409631 0.0169329885
  endloop
 endfacet

 facet normal -0.399206072 0.36611852 0.840590119
  outer loop
  vertex -0.0899397433 0.045409631 0.0169329885
  vertex -0.0899094865 0.0454426259 0.0169329885
  vertex -0.0899342448 0.0454696156 0.0169094764
  endloop
 endfacet

 facet normal -0.399208397 0.366118371 0.840589166
  outer loop
  vertex -0.0899397433 0.045409631 0.0169329885
  vertex -0.0899342448 0.0454696156 0.0169094764
  vertex -0.0899507478 0.0454516225 0.0169094764
  endloop
 endfacet

 facet normal -0.441889882 0.34737286 0.827082574
  outer loop
  vertex -0.0899397433 0.045409631 0.0169329885
  vertex -0.0899507478 0.0454516225 0.0169094764
  vertex -0.0899672508 0.0454306267 0.0169094764
  endloop
 endfacet

 facet normal -0.446554631 0.341291517 0.82710886
  outer loop
  vertex -0.0899397433 0.045409631 0.0169329885
  vertex -0.0899672508 0.0454306267 0.0169094764
  vertex -0.0899810046 0.0454126336 0.0169094764
  endloop
 endfacet

 facet normal -0.469135851 0.358549833 0.807064772
  outer loop
  vertex -0.0899810046 0.0454126336 0.0169094764
  vertex -0.0899672508 0.0454306267 0.0169094764
  vertex -0.0899947509 0.0454546213 0.0168828294
  endloop
 endfacet

 facet normal -0.497929186 0.342542142 0.796700358
  outer loop
  vertex -0.0899810046 0.0454126336 0.0169094764
  vertex -0.0899947509 0.0454546213 0.0168828294
  vertex -0.090011254 0.0454306267 0.0168828294
  endloop
 endfacet

 facet normal -0.549262524 0.377856076 0.745342612
  outer loop
  vertex -0.090011254 0.0454306267 0.0168828294
  vertex -0.0899947509 0.0454546213 0.0168828294
  vertex -0.0900387615 0.0454486236 0.0168534387
  endloop
 endfacet

 facet normal -0.540543437 0.433757722 0.720879436
  outer loop
  vertex -0.0900387615 0.0454486236 0.0168534387
  vertex -0.0899947509 0.0454546213 0.0168828294
  vertex -0.0900002569 0.0454966091 0.0168534387
  endloop
 endfacet

 facet normal -0.565067053 0.453436613 0.689270973
  outer loop
  vertex -0.0900387615 0.0454486236 0.0168534387
  vertex -0.0900002569 0.0454966091 0.0168534387
  vertex -0.0900442675 0.0454906113 0.0168213043
  endloop
 endfacet

 facet normal -0.605674624 0.432009876 0.668225884
  outer loop
  vertex -0.0900387615 0.0454486236 0.0168534387
  vertex -0.0900442675 0.0454906113 0.0168213043
  vertex -0.0900635198 0.0454636179 0.0168213043
  endloop
 endfacet

 facet normal 0.0696484745 0.383293957 0.920996666
  outer loop
  vertex -0.0897031948 0.045424629 0.0169698261
  vertex -0.089694947 0.0454636179 0.0169529747
  vertex -0.08971145 0.0454666167 0.0169529747
  endloop
 endfacet

 facet normal 0.0375412069 0.378522128 0.924830616
  outer loop
  vertex -0.0897031948 0.045424629 0.0169698261
  vertex -0.08971145 0.0454666167 0.0169529747
  vertex -0.0897334516 0.0454276279 0.0169698261
  endloop
 endfacet

 facet normal 0.0750464052 0.331730694 0.940384388
  outer loop
  vertex -0.0897031948 0.045424629 0.0169698261
  vertex -0.0675365403 0.0403949395 0.016975116
  vertex -0.0675365403 0.0404099375 0.0169698261
  endloop
 endfacet

 facet normal 0.0796338171 0.352008641 0.932603061
  outer loop
  vertex -0.0897031948 0.045424629 0.0169698261
  vertex -0.0675365403 0.0404099375 0.0169698261
  vertex -0.0675365403 0.040436931 0.0169596374
  endloop
 endfacet

 facet normal 0.0858985931 0.379874527 0.921041191
  outer loop
  vertex -0.0897031948 0.045424629 0.0169698261
  vertex -0.0675365403 0.040436931 0.0169596374
  vertex -0.089694947 0.0454636179 0.0169529747
  endloop
 endfacet

 facet normal 0 0.396729112 0.917935789
  outer loop
  vertex -0.0897334516 0.0454276279 0.0169698261
  vertex -0.08971145 0.0454666167 0.0169529747
  vertex -0.0897664577 0.0454666167 0.0169529747
  endloop
 endfacet

 facet normal 0 0.396729112 0.917935789
  outer loop
  vertex -0.0897334516 0.0454276279 0.0169698261
  vertex -0.0897664577 0.0454666167 0.0169529747
  vertex -0.0897472054 0.0454276279 0.0169698261
  endloop
 endfacet

 facet normal -0.0377550386 0.380678207 0.923936486
  outer loop
  vertex -0.0897472054 0.0454276279 0.0169698261
  vertex -0.0897664577 0.0454666167 0.0169529747
  vertex -0.0897774622 0.045424629 0.0169698261
  endloop
 endfacet

 facet normal -0.0600076132 0.385270774 0.920850456
  outer loop
  vertex -0.0897774622 0.045424629 0.0169698261
  vertex -0.0897664577 0.0454666167 0.0169529747
  vertex -0.08978571 0.0454636179 0.0169529747
  endloop
 endfacet

 facet normal -0.12166594 0.371960014 0.920240819
  outer loop
  vertex -0.0897774622 0.045424629 0.0169698261
  vertex -0.08978571 0.0454636179 0.0169529747
  vertex -0.0898049623 0.0454156324 0.0169698261
  endloop
 endfacet

 facet normal -0.125157505 0.373042434 0.919333935
  outer loop
  vertex -0.0898049623 0.0454156324 0.0169698261
  vertex -0.08978571 0.0454636179 0.0169529747
  vertex -0.0898214728 0.0454516225 0.0169529747
  endloop
 endfacet

 facet normal -0.134145886 0.369076312 0.919667125
  outer loop
  vertex -0.0898049623 0.0454156324 0.0169698261
  vertex -0.0898214728 0.0454516225 0.0169529747
  vertex -0.0898379683 0.0454456247 0.0169529747
  endloop
 endfacet

 facet normal -0.152993828 0.350712746 0.9239012
  outer loop
  vertex -0.0898049623 0.0454156324 0.0169698261
  vertex -0.0898379683 0.0454456247 0.0169529747
  vertex -0.089818716 0.045409631 0.0169698261
  endloop
 endfacet

 facet normal -0.182660222 0.335042655 0.924327731
  outer loop
  vertex -0.089818716 0.045409631 0.0169698261
  vertex -0.0898379683 0.0454456247 0.0169529747
  vertex -0.0898544788 0.0454366244 0.0169529747
  endloop
 endfacet

 facet normal -0.203150481 0.310560316 0.92859149
  outer loop
  vertex -0.089818716 0.045409631 0.0169698261
  vertex -0.0898544788 0.0454366244 0.0169529747
  vertex -0.0898324698 0.0454006344 0.0169698261
  endloop
 endfacet

 facet normal -0.23674345 0.289482832 0.927443922
  outer loop
  vertex -0.0898324698 0.0454006344 0.0169698261
  vertex -0.0898544788 0.0454366244 0.0169529747
  vertex -0.0898654759 0.0453736447 0.0169698261
  endloop
 endfacet

 facet normal -0.186442539 0.620916247 -0.761381805
  outer loop
  vertex -0.0898049623 0.0455565937 0.0151044903
  vertex -0.0898489729 0.0455565937 0.0151152667
  vertex -0.0898407251 0.0455895849 0.0151401507
  endloop
 endfacet

 facet normal -0.131634563 0.658381939 -0.741084039
  outer loop
  vertex -0.0898049623 0.0455565937 0.0151044903
  vertex -0.0898407251 0.0455895849 0.0151401507
  vertex -0.0897994637 0.045586586 0.0151301585
  endloop
 endfacet

 facet normal -0.124229178 0.684503257 -0.718347013
  outer loop
  vertex -0.0897994637 0.045586586 0.0151301585
  vertex -0.0898407251 0.0455895849 0.0151401507
  vertex -0.0898352191 0.0456195772 0.0151677784
  endloop
 endfacet

 facet normal -0.249099433 0.680488467 -0.689119041
  outer loop
  vertex -0.0898352191 0.0456195772 0.0151677784
  vertex -0.0898407251 0.0455895849 0.0151401507
  vertex -0.0898764804 0.0456165783 0.015179731
  endloop
 endfacet

 facet normal -0.231857985 0.757493198 -0.610283554
  outer loop
  vertex -0.0898352191 0.0456195772 0.0151677784
  vertex -0.0898764804 0.0456165783 0.015179731
  vertex -0.0898269713 0.0456465706 0.0151981488
  endloop
 endfacet

 facet normal -0.130405217 0.758380532 -0.638634145
  outer loop
  vertex -0.0898352191 0.0456195772 0.0151677784
  vertex -0.0898269713 0.0456465706 0.0151981488
  vertex -0.08978571 0.0456465706 0.0151897231
  endloop
 endfacet

 facet normal -0.117727816 0.808536649 -0.576548994
  outer loop
  vertex -0.08978571 0.0456465706 0.0151897231
  vertex -0.0898269713 0.0456465706 0.0151981488
  vertex -0.0898214728 0.0456705652 0.0152306743
  endloop
 endfacet

 facet normal -0.105503544 0.815056443 -0.569694757
  outer loop
  vertex -0.08978571 0.0456465706 0.0151897231
  vertex -0.0898214728 0.0456705652 0.0152306743
  vertex -0.0897802114 0.0456705652 0.0152230337
  endloop
 endfacet

 facet normal -0.0948403329 0.85366416 -0.512115896
  outer loop
  vertex -0.0897802114 0.0456705652 0.0152230337
  vertex -0.0898214728 0.0456705652 0.0152306743
  vertex -0.089818716 0.045691561 0.0152651602
  endloop
 endfacet

 facet normal -0.0731133372 0.86433506 -0.497573495
  outer loop
  vertex -0.0897802114 0.0456705652 0.0152230337
  vertex -0.089818716 0.045691561 0.0152651602
  vertex -0.0897747129 0.045691561 0.0152586931
  endloop
 endfacet

 facet normal -0.0708296522 0.873286009 -0.482031882
  outer loop
  vertex -0.0897747129 0.045691561 0.0152586931
  vertex -0.089818716 0.045691561 0.0152651602
  vertex -0.0897692069 0.0457125567 0.0152959228
  endloop
 endfacet

 facet normal -0.116142854 0.897434354 -0.425584882
  outer loop
  vertex -0.0897692069 0.0457125567 0.0152959228
  vertex -0.089818716 0.045691561 0.0152651602
  vertex -0.0898132175 0.0457095541 0.0153016048
  endloop
 endfacet

 facet normal -0.109608941 0.926668465 -0.359543651
  outer loop
  vertex -0.0897692069 0.0457125567 0.0152959228
  vertex -0.0898132175 0.0457095541 0.0153016048
  vertex -0.0898104683 0.0457245521 0.0153394211
  endloop
 endfacet

 facet normal -0.0994005427 0.931057572 -0.351071775
  outer loop
  vertex -0.0897692069 0.0457125567 0.0152959228
  vertex -0.0898104683 0.0457245521 0.0153394211
  vertex -0.0897664577 0.045727551 0.0153349144
  endloop
 endfacet

 facet normal -0.0943238065 0.95338136 -0.286648273
  outer loop
  vertex -0.0897664577 0.045727551 0.0153349144
  vertex -0.0898104683 0.0457245521 0.0153394211
  vertex -0.089807719 0.0457365476 0.0153784128
  endloop
 endfacet

 facet normal -0.0863710344 0.956198156 -0.279687494
  outer loop
  vertex -0.0897664577 0.045727551 0.0153349144
  vertex -0.089807719 0.0457365476 0.0153784128
  vertex -0.0897637084 0.0457395501 0.0153750814
  endloop
 endfacet

 facet normal -0.0824750811 0.973679185 -0.212477729
  outer loop
  vertex -0.0897637084 0.0457395501 0.0153750814
  vertex -0.089807719 0.0457365476 0.0153784128
  vertex -0.0898049623 0.0457455479 0.0154185798
  endloop
 endfacet

 facet normal -0.0775546506 0.975049555 -0.207999766
  outer loop
  vertex -0.0897637084 0.0457395501 0.0153750814
  vertex -0.0898049623 0.0457455479 0.0154185798
  vertex -0.0897609591 0.0457485467 0.0154162291
  endloop
 endfacet

 facet normal -0.0711141974 0.987318635 -0.141931966
  outer loop
  vertex -0.0897609591 0.0457485467 0.0154162291
  vertex -0.0898049623 0.0457515456 0.0154591389
  vertex -0.0897609591 0.0457545444 0.0154579636
  endloop
 endfacet

 facet normal -0.00540726911 0.989810228 -0.142290145
  outer loop
  vertex -0.0897609591 0.0457485467 0.0154162291
  vertex -0.0897609591 0.0457545444 0.0154579636
  vertex -0.0897196978 0.0457485467 0.0154146608
  endloop
 endfacet

 facet normal -0.0750129148 0.986455858 -0.145870075
  outer loop
  vertex -0.0897609591 0.0457485467 0.0154162291
  vertex -0.0898049623 0.0457455479 0.0154185798
  vertex -0.0898049623 0.0457515456 0.0154591389
  endloop
 endfacet

 facet normal -0.00248608622 0.990210235 -0.139562249
  outer loop
  vertex -0.0897196978 0.0457485467 0.0154146608
  vertex -0.0897609591 0.0457545444 0.0154579636
  vertex -0.0897169486 0.0457545444 0.0154571794
  endloop
 endfacet

 facet normal 0.133867323 0.988652647 -0.068158403
  outer loop
  vertex -0.0897169486 0.0457545444 0.0154571794
  vertex -0.089672938 0.0457515456 0.0155000901
  vertex -0.089672938 0.0457485467 0.0154565917
  endloop
 endfacet

 facet normal -0.00126487238 0.997475088 -0.0710065514
  outer loop
  vertex -0.0897169486 0.0457545444 0.0154571794
  vertex -0.0897609591 0.0457545444 0.0154579636
  vertex -0.0897609591 0.0457575433 0.0155000901
  endloop
 endfacet

 facet normal 0.0679827258 0.997686505 0
  outer loop
  vertex -0.0897169486 0.0457545444 0.0154571794
  vertex -0.0897609591 0.0457575433 0.0155000901
  vertex -0.0897609591 0.0457575433 0.0164999645
  endloop
 endfacet

 facet normal 0.0679827258 0.997686505 0
  outer loop
  vertex -0.0897169486 0.0457545444 0.0154571794
  vertex -0.0897609591 0.0457575433 0.0164999645
  vertex -0.0897169486 0.0457545444 0.0165434629
  endloop
 endfacet

 facet normal 0.0680269077 0.997683585 0
  outer loop
  vertex -0.0897169486 0.0457545444 0.0154571794
  vertex -0.0897169486 0.0457545444 0.0165434629
  vertex -0.089672938 0.0457515456 0.0164999645
  endloop
 endfacet

 facet normal 0.0680269077 0.997683585 0
  outer loop
  vertex -0.0897169486 0.0457545444 0.0154571794
  vertex -0.089672938 0.0457515456 0.0164999645
  vertex -0.089672938 0.0457515456 0.0155000901
  endloop
 endfacet

 facet normal 0.143859595 0.989598155 0
  outer loop
  vertex -0.0896316841 0.0457455479 0.0155000901
  vertex -0.089672938 0.0457515456 0.0155000901
  vertex -0.089672938 0.0457515456 0.0164999645
  endloop
 endfacet

 facet normal 0.143859595 0.989598155 0
  outer loop
  vertex -0.0896316841 0.0457455479 0.0155000901
  vertex -0.089672938 0.0457515456 0.0164999645
  vertex -0.0896316841 0.0457455479 0.0164999645
  endloop
 endfacet

 facet normal 0.220078886 0.973172128 0.067092672
  outer loop
  vertex -0.0675365403 0.0407458507 0.0165430717
  vertex -0.0896316841 0.0457455479 0.0164999645
  vertex -0.0896316841 0.045742549 0.0165434629
  endloop
 endfacet

 facet normal 0.218590111 0.96658361 0.133920014
  outer loop
  vertex -0.0675365403 0.0407458507 0.0165430717
  vertex -0.0896316841 0.045742549 0.0165434629
  vertex -0.0896316841 0.0457365476 0.0165867656
  endloop
 endfacet

 facet normal 0.218590021 0.966583192 0.133922994
  outer loop
  vertex -0.0675365403 0.0407458507 0.0165430717
  vertex -0.0896316841 0.0457365476 0.0165867656
  vertex -0.0675365403 0.0407398492 0.0165863726
  endloop
 endfacet

 facet normal -0.563731074 0.459569633 0.686296642
  outer loop
  vertex -0.0900442675 0.0454906113 0.0168213043
  vertex -0.0900002569 0.0454966091 0.0168534387
  vertex -0.0900222585 0.0455176048 0.0168213043
  endloop
 endfacet

 facet normal -0.61763972 0.503517509 0.604145169
  outer loop
  vertex -0.0900442675 0.0454906113 0.0168213043
  vertex -0.0900222585 0.0455176048 0.0168213043
  vertex -0.0900415108 0.0455356017 0.0167866237
  endloop
 endfacet

 facet normal -0.61763972 0.503517509 0.604145169
  outer loop
  vertex -0.0900442675 0.0454906113 0.0168213043
  vertex -0.0900415108 0.0455356017 0.0167866237
  vertex -0.0900635198 0.0455086082 0.0167866237
  endloop
 endfacet

 facet normal -0.660458922 0.538424909 0.523347497
  outer loop
  vertex -0.0900635198 0.0455086082 0.0167866237
  vertex -0.0900415108 0.0455356017 0.0167866237
  vertex -0.0900827721 0.0455206037 0.0167499818
  endloop
 endfacet

 facet normal -0.659015059 0.543917537 0.519473672
  outer loop
  vertex -0.0900827721 0.0455206037 0.0167499818
  vertex -0.0900415108 0.0455356017 0.0167866237
  vertex -0.0900580138 0.045550596 0.0167499818
  endloop
 endfacet

 facet normal -0.624858975 0.630323768 0.460698575
  outer loop
  vertex -0.0900745168 0.0455625951 0.0167111866
  vertex -0.0900580138 0.045550596 0.0167499818
  vertex -0.0900442675 0.0455925874 0.0167111866
  endloop
 endfacet

 facet normal -0.653006196 0.658717155 0.373730719
  outer loop
  vertex -0.0900745168 0.0455625951 0.0167111866
  vertex -0.0900442675 0.0455925874 0.0167111866
  vertex -0.0900552645 0.0456045829 0.0166708231
  endloop
 endfacet

 facet normal -0.652977109 0.658730388 0.373758316
  outer loop
  vertex -0.0900745168 0.0455625951 0.0167111866
  vertex -0.0900552645 0.0456045829 0.0166708231
  vertex -0.0900855213 0.0455745906 0.0166708231
  endloop
 endfacet

 facet normal -0.66645968 0.672331691 0.322182715
  outer loop
  vertex -0.0900855213 0.0455745906 0.0166708231
  vertex -0.0900552645 0.0456045829 0.0166708231
  vertex -0.090066269 0.0456135795 0.0166292842
  endloop
 endfacet

 facet normal -0.66645968 0.672331691 0.322182715
  outer loop
  vertex -0.0900855213 0.0455745906 0.0166708231
  vertex -0.090066269 0.0456135795 0.0166292842
  vertex -0.0900965258 0.0455835871 0.0166292842
  endloop
 endfacet

 facet normal -0.630696297 0.706892192 0.32019636
  outer loop
  vertex -0.090066269 0.0456135795 0.0166292842
  vertex -0.0900552645 0.0456045829 0.0166708231
  vertex -0.0900250077 0.0456315763 0.0166708231
  endloop
 endfacet

 facet normal -0.607454956 0.742777884 0.281566054
  outer loop
  vertex -0.090066269 0.0456135795 0.0166292842
  vertex -0.0900250077 0.0456315763 0.0166708231
  vertex -0.090033263 0.0456405729 0.0166292842
  endloop
 endfacet

 facet normal -0.614784956 0.751740634 0.238590598
  outer loop
  vertex -0.090066269 0.0456135795 0.0166292842
  vertex -0.090033263 0.0456405729 0.0166292842
  vertex -0.0900387615 0.0456495695 0.0165867656
  endloop
 endfacet

 facet normal -0.540829122 0.806015015 0.240507096
  outer loop
  vertex -0.0900387615 0.0456495695 0.0165867656
  vertex -0.090033263 0.0456405729 0.0166292842
  vertex -0.0899975076 0.0456645675 0.0166292842
  endloop
 endfacet

 facet normal -0.540854752 0.805987477 0.240541682
  outer loop
  vertex -0.0900387615 0.0456495695 0.0165867656
  vertex -0.0899975076 0.0456645675 0.0166292842
  vertex -0.0900030062 0.0456735641 0.0165867656
  endloop
 endfacet

 facet normal -0.554826617 0.826808333 0.0924962386
  outer loop
  vertex -0.0900387615 0.0456495695 0.0165867656
  vertex -0.0900030062 0.0456735641 0.0165867656
  vertex -0.0899700001 0.0457005575 0.0165434629
  endloop
 endfacet

 facet normal -0.554809034 0.826815963 0.0925330222
  outer loop
  vertex -0.0900387615 0.0456495695 0.0165867656
  vertex -0.0899700001 0.0457005575 0.0165434629
  vertex -0.0900415108 0.0456525721 0.0165434629
  endloop
 endfacet

 facet normal -0.554833114 0.826851845 0.0920668766
  outer loop
  vertex -0.0900415108 0.0456525721 0.0165434629
  vertex -0.0899700001 0.0457005575 0.0165434629
  vertex -0.0900085047 0.0456795618 0.0164999645
  endloop
 endfacet

 facet normal -0.554794371 0.826873004 0.0921094567
  outer loop
  vertex -0.0900415108 0.0456525721 0.0165434629
  vertex -0.0900085047 0.0456795618 0.0164999645
  vertex -0.0900442675 0.0456555709 0.0164999645
  endloop
 endfacet

 facet normal -0.557162941 0.830403209 0
  outer loop
  vertex -0.0900442675 0.0456555709 0.0164999645
  vertex -0.0900085047 0.0456795618 0.0164999645
  vertex -0.0900085047 0.0456795618 0.0155000901
  endloop
 endfacet

 facet normal -0.557162941 0.830403209 0
  outer loop
  vertex -0.0900442675 0.0456555709 0.0164999645
  vertex -0.0900085047 0.0456795618 0.0155000901
  vertex -0.0900442675 0.0456555709 0.0155000901
  endloop
 endfacet

 facet normal -0.55534637 0.827695727 -0.0806865692
  outer loop
  vertex -0.0900442675 0.0456555709 0.0155000901
  vertex -0.0900085047 0.0456795618 0.0155000901
  vertex -0.0900085047 0.0456765629 0.0154693276
  endloop
 endfacet

 facet normal -0.555630326 0.827456772 -0.0811798349
  outer loop
  vertex -0.0900442675 0.0456555709 0.0155000901
  vertex -0.0900085047 0.0456765629 0.0154693276
  vertex -0.0900085047 0.0456735641 0.0154387606
  endloop
 endfacet

 facet normal -0.563941419 0.821125269 -0.087883465
  outer loop
  vertex -0.0900442675 0.0456555709 0.0155000901
  vertex -0.0900085047 0.0456735641 0.0154387606
  vertex -0.0900442675 0.0456525721 0.0154720712
  endloop
 endfacet

 facet normal -0.564336956 0.820784748 -0.0885227919
  outer loop
  vertex -0.0900442675 0.0456525721 0.0154720712
  vertex -0.0900085047 0.0456735641 0.0154387606
  vertex -0.0900442675 0.0456495695 0.015444248
  endloop
 endfacet

 facet normal -0.565433681 0.817306638 -0.110880807
  outer loop
  vertex -0.0900442675 0.0456495695 0.015444248
  vertex -0.0900085047 0.0456735641 0.0154387606
  vertex -0.090011254 0.0456675664 0.0154085867
  endloop
 endfacet

 facet normal -0.508016944 0.8525033 -0.123113737
  outer loop
  vertex -0.090011254 0.0456675664 0.0154085867
  vertex -0.0900085047 0.0456735641 0.0154387606
  vertex -0.0899700001 0.0457005575 0.0154667813
  endloop
 endfacet

 facet normal -0.49487263 0.858301401 -0.13572
  outer loop
  vertex -0.090011254 0.0456675664 0.0154085867
  vertex -0.0899700001 0.0457005575 0.0154667813
  vertex -0.0899727494 0.0456885621 0.0154009452
  endloop
 endfacet

 facet normal -0.499032468 0.844368696 -0.194957182
  outer loop
  vertex -0.090011254 0.0456675664 0.0154085867
  vertex -0.0899727494 0.0456885621 0.0154009452
  vertex -0.0899754986 0.0456795618 0.0153690074
  endloop
 endfacet

 facet normal -0.54190737 0.803616166 -0.246043712
  outer loop
  vertex -0.090011254 0.0456675664 0.0154085867
  vertex -0.0899754986 0.0456795618 0.0153690074
  vertex -0.090011254 0.0456585698 0.015379197
  endloop
 endfacet

 facet normal -0.544093728 0.791101635 -0.279500127
  outer loop
  vertex -0.090011254 0.0456585698 0.015379197
  vertex -0.0899754986 0.0456795618 0.0153690074
  vertex -0.0900140032 0.0456465706 0.0153505895
  endloop
 endfacet

 facet normal -0.513649285 0.788448155 -0.338399023
  outer loop
  vertex -0.0900140032 0.0456465706 0.0153505895
  vertex -0.0899754986 0.0456795618 0.0153690074
  vertex -0.0899782479 0.0456645675 0.0153382448
  endloop
 endfacet

 facet normal -0.514655471 0.783112645 -0.349090904
  outer loop
  vertex -0.0900140032 0.0456465706 0.0153505895
  vertex -0.0899782479 0.0456645675 0.0153382448
  vertex -0.0899810046 0.0456495695 0.0153086586
  endloop
 endfacet

 facet normal -0.522049308 0.775310636 -0.355468839
  outer loop
  vertex -0.0900140032 0.0456465706 0.0153505895
  vertex -0.0899810046 0.0456495695 0.0153086586
  vertex -0.0900222585 0.0456165783 0.0152972937
  endloop
 endfacet

 facet normal -0.53265214 0.713358045 -0.455414176
  outer loop
  vertex -0.0900222585 0.0456165783 0.0152972937
  vertex -0.0899837539 0.0456345752 0.0152804432
  vertex -0.0899892524 0.0456135795 0.0152539918
  endloop
 endfacet

 facet normal -0.537965298 0.707028091 -0.459025741
  outer loop
  vertex -0.0900222585 0.0456165783 0.0152972937
  vertex -0.0899892524 0.0456135795 0.0152539918
  vertex -0.0900250077 0.0455985852 0.0152728017
  endloop
 endfacet

 facet normal -0.519779325 0.774335623 -0.360879362
  outer loop
  vertex -0.0900222585 0.0456165783 0.0152972937
  vertex -0.0899810046 0.0456495695 0.0153086586
  vertex -0.0899837539 0.0456345752 0.0152804432
  endloop
 endfacet

 facet normal -0.263049304 0.669773042 -0.694412947
  outer loop
  vertex -0.0898819789 0.045586586 0.0151528874
  vertex -0.0898764804 0.0456165783 0.015179731
  vertex -0.0898407251 0.0455895849 0.0151401507
  endloop
 endfacet

 facet normal -0.294089168 0.76303494 -0.575577378
  outer loop
  vertex -0.0898764804 0.0456165783 0.015179731
  vertex -0.0899122357 0.0456345752 0.0152218575
  vertex -0.0898709819 0.0456405729 0.0152087295
  endloop
 endfacet

 facet normal -0.246587142 0.769117832 -0.589620769
  outer loop
  vertex -0.0898764804 0.0456165783 0.015179731
  vertex -0.0898709819 0.0456405729 0.0152087295
  vertex -0.0898269713 0.0456465706 0.0151981488
  endloop
 endfacet

 facet normal -0.452657521 0.741880357 -0.494686544
  outer loop
  vertex -0.0899892524 0.0456135795 0.0152539918
  vertex -0.0899837539 0.0456345752 0.0152804432
  vertex -0.0899507478 0.0456255786 0.0152367484
  endloop
 endfacet

 facet normal -0.429192066 0.764139771 -0.481543899
  outer loop
  vertex -0.0899507478 0.0456255786 0.0152367484
  vertex -0.0899837539 0.0456345752 0.0152804432
  vertex -0.0899452418 0.0456465706 0.0152651602
  endloop
 endfacet

 facet normal -0.411322773 0.769322038 -0.488832653
  outer loop
  vertex -0.0899507478 0.0456255786 0.0152367484
  vertex -0.0899452418 0.0456465706 0.0152651602
  vertex -0.0899067372 0.0456585698 0.0152516402
  endloop
 endfacet

 facet normal -0.382971048 0.752622962 -0.535622954
  outer loop
  vertex -0.0899507478 0.0456255786 0.0152367484
  vertex -0.0899067372 0.0456585698 0.0152516402
  vertex -0.0899122357 0.0456345752 0.0152218575
  endloop
 endfacet

 facet normal -0.292315423 0.770359397 -0.566655278
  outer loop
  vertex -0.0899122357 0.0456345752 0.0152218575
  vertex -0.0899067372 0.0456585698 0.0152516402
  vertex -0.0898709819 0.0456405729 0.0152087295
  endloop
 endfacet

 facet normal -0.228126034 0.418437839 0.879129291
  outer loop
  vertex -0.0898544788 0.0454366244 0.0169529747
  vertex -0.0898379683 0.0454456247 0.0169529747
  vertex -0.0898544788 0.0454786159 0.0169329885
  endloop
 endfacet

 facet normal -0.258682817 0.415141791 0.872204423
  outer loop
  vertex -0.0898544788 0.0454366244 0.0169529747
  vertex -0.0898544788 0.0454786159 0.0169329885
  vertex -0.0898929834 0.0454546213 0.0169329885
  endloop
 endfacet

 facet normal -0.278294086 0.382836044 0.88090241
  outer loop
  vertex -0.0898544788 0.0454366244 0.0169529747
  vertex -0.0898929834 0.0454546213 0.0169329885
  vertex -0.0899094865 0.0454426259 0.0169329885
  endloop
 endfacet

 facet normal -0.314170092 0.432188958 0.845286846
  outer loop
  vertex -0.0899094865 0.0454426259 0.0169329885
  vertex -0.0898929834 0.0454546213 0.0169329885
  vertex -0.089914985 0.0454846136 0.0169094764
  endloop
 endfacet

 facet normal -0.332730383 0.427194357 0.840711296
  outer loop
  vertex -0.0899094865 0.0454426259 0.0169329885
  vertex -0.089914985 0.0454846136 0.0169094764
  vertex -0.0899342448 0.0454696156 0.0169094764
  endloop
 endfacet

 facet normal -0.450817525 0.413449645 0.791089714
  outer loop
  vertex -0.0899507478 0.0454516225 0.0169094764
  vertex -0.0899342448 0.0454696156 0.0169094764
  vertex -0.0899754986 0.0454756171 0.0168828294
  endloop
 endfacet

 facet normal -0.450837433 0.413428724 0.791089416
  outer loop
  vertex -0.0899507478 0.0454516225 0.0169094764
  vertex -0.0899754986 0.0454756171 0.0168828294
  vertex -0.0899947509 0.0454546213 0.0168828294
  endloop
 endfacet

 facet normal -0.463964164 0.36472556 0.807287216
  outer loop
  vertex -0.0899507478 0.0454516225 0.0169094764
  vertex -0.0899947509 0.0454546213 0.0168828294
  vertex -0.0899672508 0.0454306267 0.0169094764
  endloop
 endfacet

 facet normal -0.494900078 0.453835249 0.741017938
  outer loop
  vertex -0.0899947509 0.0454546213 0.0168828294
  vertex -0.0899754986 0.0454756171 0.0168828294
  vertex -0.0900002569 0.0454966091 0.0168534387
  endloop
 endfacet

 facet normal -0.464779109 0.487095088 0.73940438
  outer loop
  vertex -0.0900002569 0.0454966091 0.0168534387
  vertex -0.0899754986 0.0454756171 0.0168828294
  vertex -0.0899782479 0.0455176048 0.0168534387
  endloop
 endfacet

 facet normal -0.501638472 0.525724232 0.687002778
  outer loop
  vertex -0.0900002569 0.0454966091 0.0168534387
  vertex -0.0899782479 0.0455176048 0.0168534387
  vertex -0.0900222585 0.0455176048 0.0168213043
  endloop
 endfacet

 facet normal 0.0809655041 0.445574492 0.891576171
  outer loop
  vertex -0.089694947 0.0454636179 0.0169529747
  vertex -0.0897059441 0.0455056094 0.0169329885
  vertex -0.08971145 0.0454666167 0.0169529747
  endloop
 endfacet

 facet normal 0.0914426744 0.40429911 0.910044193
  outer loop
  vertex -0.089694947 0.0454636179 0.0169529747
  vertex -0.0675365403 0.040436931 0.0169596374
  vertex -0.0675365403 0.0404519252 0.0169529747
  endloop
 endfacet

 facet normal 0.101118192 0.44707787 0.888761222
  outer loop
  vertex -0.089694947 0.0454636179 0.0169529747
  vertex -0.0675365403 0.0404519252 0.0169529747
  vertex -0.0675365403 0.0404819176 0.0169378873
  endloop
 endfacet

 facet normal 0.101576462 0.449119508 0.887678981
  outer loop
  vertex -0.089694947 0.0454636179 0.0169529747
  vertex -0.0675365403 0.0404819176 0.0169378873
  vertex -0.0897059441 0.0455056094 0.0169329885
  endloop
 endfacet

 facet normal 0 0.456144333 0.88990587
  outer loop
  vertex -0.08971145 0.0454666167 0.0169529747
  vertex -0.0897059441 0.0455056094 0.0169329885
  vertex -0.0897719562 0.0455056094 0.0169329885
  endloop
 endfacet

 facet normal 0 0.456144333 0.88990587
  outer loop
  vertex -0.08971145 0.0454666167 0.0169529747
  vertex -0.0897719562 0.0455056094 0.0169329885
  vertex -0.0897664577 0.0454666167 0.0169529747
  endloop
 endfacet

 facet normal -0.0696590468 0.447236538 0.891699016
  outer loop
  vertex -0.0897664577 0.0454666167 0.0169529747
  vertex -0.0897719562 0.0455056094 0.0169329885
  vertex -0.08978571 0.0454636179 0.0169529747
  endloop
 endfacet

 facet normal -0.0925146788 0.45247063 0.88696754
  outer loop
  vertex -0.08978571 0.0454636179 0.0169529747
  vertex -0.0897719562 0.0455056094 0.0169329885
  vertex -0.0898159668 0.0454966091 0.0169329885
  endloop
 endfacet

 facet normal -0.139643803 0.416220099 0.89847672
  outer loop
  vertex -0.08978571 0.0454636179 0.0169529747
  vertex -0.0898159668 0.0454966091 0.0169329885
  vertex -0.0898214728 0.0454516225 0.0169529747
  endloop
 endfacet

 facet normal -0.151459903 0.416712403 0.896331787
  outer loop
  vertex -0.0898214728 0.0454516225 0.0169529747
  vertex -0.0898159668 0.0454966091 0.0169329885
  vertex -0.0898379683 0.0454456247 0.0169529747
  endloop
 endfacet

 facet normal -0.201720074 0.43168053 0.879181981
  outer loop
  vertex -0.0898379683 0.0454456247 0.0169529747
  vertex -0.0898159668 0.0454966091 0.0169329885
  vertex -0.0898544788 0.0454786159 0.0169329885
  endloop
 endfacet

 facet normal -0.242623806 0.792087555 -0.560116947
  outer loop
  vertex -0.0898269713 0.0456465706 0.0151981488
  vertex -0.0898709819 0.0456405729 0.0152087295
  vertex -0.0898654759 0.0456645675 0.0152402762
  endloop
 endfacet

 facet normal -0.229749411 0.801355839 -0.552307963
  outer loop
  vertex -0.0898269713 0.0456465706 0.0151981488
  vertex -0.0898654759 0.0456645675 0.0152402762
  vertex -0.0898214728 0.0456705652 0.0152306743
  endloop
 endfacet

 facet normal -0.22236608 0.840566397 -0.493965
  outer loop
  vertex -0.0898214728 0.0456705652 0.0152306743
  vertex -0.0898654759 0.0456645675 0.0152402762
  vertex -0.089818716 0.045691561 0.0152651602
  endloop
 endfacet

 facet normal -0.222940907 0.840860844 -0.493204206
  outer loop
  vertex -0.089818716 0.045691561 0.0152651602
  vertex -0.0898654759 0.0456645675 0.0152402762
  vertex -0.0898599774 0.0456855632 0.015273585
  endloop
 endfacet

 facet normal -0.215554163 0.875581741 -0.432311296
  outer loop
  vertex -0.089818716 0.045691561 0.0152651602
  vertex -0.0898599774 0.0456855632 0.015273585
  vertex -0.0898572281 0.0457035564 0.0153086586
  endloop
 endfacet

 facet normal -0.187556952 0.891686201 -0.411968559
  outer loop
  vertex -0.089818716 0.045691561 0.0152651602
  vertex -0.0898572281 0.0457035564 0.0153086586
  vertex -0.0898132175 0.0457095541 0.0153016048
  endloop
 endfacet

 facet normal -0.181467414 0.91858238 -0.351106972
  outer loop
  vertex -0.0898132175 0.0457095541 0.0153016048
  vertex -0.0898572281 0.0457035564 0.0153086586
  vertex -0.0898104683 0.0457245521 0.0153394211
  endloop
 endfacet

 facet normal -0.176462293 0.941437364 -0.287327111
  outer loop
  vertex -0.0898104683 0.0457245521 0.0153394211
  vertex -0.0898517221 0.0457185544 0.0153451022
  vertex -0.0898489729 0.0457305498 0.015382723
  endloop
 endfacet

 facet normal -0.166640475 0.945669174 -0.27917856
  outer loop
  vertex -0.0898104683 0.0457245521 0.0153394211
  vertex -0.0898489729 0.0457305498 0.015382723
  vertex -0.089807719 0.0457365476 0.0153784128
  endloop
 endfacet

 facet normal -0.181866959 0.918703675 -0.350582331
  outer loop
  vertex -0.0898104683 0.0457245521 0.0153394211
  vertex -0.0898572281 0.0457035564 0.0153086586
  vertex -0.0898517221 0.0457185544 0.0153451022
  endloop
 endfacet

 facet normal -0.144759968 0.96760428 -0.206849128
  outer loop
  vertex -0.089807719 0.0457365476 0.0153784128
  vertex -0.0898489729 0.0457395501 0.0154213235
  vertex -0.0898049623 0.0457455479 0.0154185798
  endloop
 endfacet

 facet normal -0.163081795 0.960849464 -0.22399275
  outer loop
  vertex -0.089807719 0.0457365476 0.0153784128
  vertex -0.0898489729 0.0457305498 0.015382723
  vertex -0.0898489729 0.0457395501 0.0154213235
  endloop
 endfacet

 facet normal -0.142465264 0.979152441 -0.144790083
  outer loop
  vertex -0.0898049623 0.0457455479 0.0154185798
  vertex -0.0898489729 0.0457395501 0.0154213235
  vertex -0.0898049623 0.0457515456 0.0154591389
  endloop
 endfacet

 facet normal -0.208387345 0.975749433 -0.0669920817
  outer loop
  vertex -0.0898049623 0.0457515456 0.0154591389
  vertex -0.0898489729 0.0457395501 0.0154213235
  vertex -0.0898902342 0.0457335487 0.0154622737
  endloop
 endfacet

 facet normal -0.208388597 0.975745142 -0.0670505688
  outer loop
  vertex -0.0898049623 0.0457515456 0.0154591389
  vertex -0.0898902342 0.0457335487 0.0154622737
  vertex -0.0898462236 0.0457455479 0.0155000901
  endloop
 endfacet

 facet normal -0.143852919 0.989599109 0
  outer loop
  vertex -0.0898049623 0.0457515456 0.0154591389
  vertex -0.0898462236 0.0457455479 0.0155000901
  vertex -0.0898462236 0.0457455479 0.0164999645
  endloop
 endfacet

 facet normal -0.143852919 0.989599109 0
  outer loop
  vertex -0.0898049623 0.0457515456 0.0154591389
  vertex -0.0898462236 0.0457455479 0.0164999645
  vertex -0.0898049623 0.0457515456 0.0165434629
  endloop
 endfacet

 facet normal -0.135081738 0.990834475 0
  outer loop
  vertex -0.0898049623 0.0457515456 0.0154591389
  vertex -0.0898049623 0.0457515456 0.0165434629
  vertex -0.0897609591 0.0457575433 0.0164999645
  endloop
 endfacet

 facet normal -0.135081738 0.990834475 0
  outer loop
  vertex -0.0898049623 0.0457515456 0.0154591389
  vertex -0.0897609591 0.0457575433 0.0164999645
  vertex -0.0897609591 0.0457575433 0.0155000901
  endloop
 endfacet

 facet normal -0.0697421432 0.995047152 -0.0708337054
  outer loop
  vertex -0.0898049623 0.0457515456 0.0154591389
  vertex -0.0897609591 0.0457575433 0.0155000901
  vertex -0.0897609591 0.0457545444 0.0154579636
  endloop
 endfacet

 facet normal 0.143525943 0.987303019 0.0680668801
  outer loop
  vertex -0.0896316841 0.0457455479 0.0164999645
  vertex -0.089672938 0.0457515456 0.0164999645
  vertex -0.089672938 0.0457485467 0.0165434629
  endloop
 endfacet

 facet normal 0.143525943 0.987303019 0.0680668801
  outer loop
  vertex -0.0896316841 0.0457455479 0.0164999645
  vertex -0.089672938 0.0457485467 0.0165434629
  vertex -0.0896316841 0.045742549 0.0165434629
  endloop
 endfacet

 facet normal 0.216106176 0.95559454 0.2003427
  outer loop
  vertex -0.0675365403 0.0407398492 0.0165863726
  vertex -0.0896316841 0.0457365476 0.0165867656
  vertex -0.0675365403 0.0407308526 0.0166292842
  endloop
 endfacet

 facet normal 0.198500738 0.970827043 0.134507954
  outer loop
  vertex -0.0896316841 0.045742549 0.0165434629
  vertex -0.0896756873 0.0457455479 0.0165867656
  vertex -0.0896316841 0.0457365476 0.0165867656
  endloop
 endfacet

 facet normal 0.143427581 0.986626267 0.0774419457
  outer loop
  vertex -0.0896316841 0.045742549 0.0165434629
  vertex -0.089672938 0.0457485467 0.0165434629
  vertex -0.0896756873 0.0457455479 0.0165867656
  endloop
 endfacet

 facet normal -0.494673669 0.544371307 0.677464247
  outer loop
  vertex -0.0900222585 0.0455176048 0.0168213043
  vertex -0.0899782479 0.0455176048 0.0168534387
  vertex -0.0899727494 0.0455625951 0.0168213043
  endloop
 endfacet

 facet normal -0.52788347 0.580917597 0.6195755
  outer loop
  vertex -0.0900222585 0.0455176048 0.0168213043
  vertex -0.0899727494 0.0455625951 0.0168213043
  vertex -0.0900167599 0.0455595925 0.0167866237
  endloop
 endfacet

 facet normal -0.554389 0.571983695 0.604555726
  outer loop
  vertex -0.0900222585 0.0455176048 0.0168213043
  vertex -0.0900167599 0.0455595925 0.0167866237
  vertex -0.0900415108 0.0455356017 0.0167866237
  endloop
 endfacet

 facet normal -0.593119323 0.611943126 0.523196936
  outer loop
  vertex -0.0900415108 0.0455356017 0.0167866237
  vertex -0.0900167599 0.0455595925 0.0167866237
  vertex -0.0900305137 0.0455775894 0.0167499818
  endloop
 endfacet

 facet normal -0.598583579 0.609956205 0.51927942
  outer loop
  vertex -0.0900415108 0.0455356017 0.0167866237
  vertex -0.0900305137 0.0455775894 0.0167499818
  vertex -0.0900580138 0.045550596 0.0167499818
  endloop
 endfacet

 facet normal -0.620360494 0.632146835 0.464266479
  outer loop
  vertex -0.0900580138 0.045550596 0.0167499818
  vertex -0.0900305137 0.0455775894 0.0167499818
  vertex -0.0900442675 0.0455925874 0.0167111866
  endloop
 endfacet

 facet normal -0.617448151 0.692043424 0.373943418
  outer loop
  vertex -0.0900442675 0.0455925874 0.0167111866
  vertex -0.0900250077 0.0456315763 0.0166708231
  vertex -0.0900552645 0.0456045829 0.0166708231
  endloop
 endfacet

 facet normal -0.58216548 0.667421818 0.464361578
  outer loop
  vertex -0.0900442675 0.0455925874 0.0167111866
  vertex -0.0900305137 0.0455775894 0.0167499818
  vertex -0.0900030062 0.045601584 0.0167499818
  endloop
 endfacet

 facet normal -0.560354829 0.706620812 0.432075948
  outer loop
  vertex -0.0900442675 0.0455925874 0.0167111866
  vertex -0.0900030062 0.045601584 0.0167499818
  vertex -0.0899837539 0.0456405729 0.0167111866
  endloop
 endfacet

 facet normal -0.564390659 0.711710155 0.418248594
  outer loop
  vertex -0.0900442675 0.0455925874 0.0167111866
  vertex -0.0899837539 0.0456405729 0.0167111866
  vertex -0.0900250077 0.0456315763 0.0166708231
  endloop
 endfacet

 facet normal -0.504908562 0.793750525 0.339157224
  outer loop
  vertex -0.0900250077 0.0456315763 0.0166708231
  vertex -0.0899837539 0.0456405729 0.0167111866
  vertex -0.0899920017 0.0456525721 0.0166708231
  endloop
 endfacet

 facet normal -0.511962354 0.804839551 0.300213039
  outer loop
  vertex -0.0900250077 0.0456315763 0.0166708231
  vertex -0.0899920017 0.0456525721 0.0166708231
  vertex -0.0899975076 0.0456645675 0.0166292842
  endloop
 endfacet

 facet normal -0.535055459 0.797410309 0.279020458
  outer loop
  vertex -0.0900250077 0.0456315763 0.0166708231
  vertex -0.0899975076 0.0456645675 0.0166292842
  vertex -0.090033263 0.0456405729 0.0166292842
  endloop
 endfacet

 facet normal -0.500585914 0.852606237 0.149921402
  outer loop
  vertex -0.0900030062 0.0456735641 0.0165867656
  vertex -0.0899672508 0.0456945598 0.0165867656
  vertex -0.0899700001 0.0457005575 0.0165434629
  endloop
 endfacet

 facet normal -0.491435438 0.836988866 0.240709499
  outer loop
  vertex -0.0900030062 0.0456735641 0.0165867656
  vertex -0.0899975076 0.0456645675 0.0166292842
  vertex -0.0899617448 0.0456855632 0.0166292842
  endloop
 endfacet

 facet normal -0.491423219 0.837000251 0.240694433
  outer loop
  vertex -0.0900030062 0.0456735641 0.0165867656
  vertex -0.0899617448 0.0456855632 0.0166292842
  vertex -0.0899672508 0.0456945598 0.0165867656
  endloop
 endfacet

 facet normal -0.478708327 0.877974033 0
  outer loop
  vertex -0.0899700001 0.0457005575 0.0165434629
  vertex -0.0899700001 0.0457005575 0.0154667813
  vertex -0.0900085047 0.0456795618 0.0155000901
  endloop
 endfacet

 facet normal -0.478708327 0.877974033 0
  outer loop
  vertex -0.0899700001 0.0457005575 0.0165434629
  vertex -0.0900085047 0.0456795618 0.0155000901
  vertex -0.0900085047 0.0456795618 0.0164999645
  endloop
 endfacet

 facet normal -0.395263255 0.906130433 0.150647983
  outer loop
  vertex -0.0899700001 0.0457005575 0.0165434629
  vertex -0.0899672508 0.0456945598 0.0165867656
  vertex -0.0899259895 0.0457125567 0.0165867656
  endloop
 endfacet

 facet normal -0.395214885 0.90616107 0.150590345
  outer loop
  vertex -0.0899700001 0.0457005575 0.0165434629
  vertex -0.0899259895 0.0457125567 0.0165867656
  vertex -0.0899287388 0.0457185544 0.0165434629
  endloop
 endfacet

 facet normal -0.399773508 0.91661334 0.00101966294
  outer loop
  vertex -0.0899700001 0.0457005575 0.0165434629
  vertex -0.0899287388 0.0457185544 0.0165434629
  vertex -0.089931488 0.0457185544 0.0154644288
  endloop
 endfacet

 facet normal -0.423366904 0.905958295 0
  outer loop
  vertex -0.0899700001 0.0457005575 0.0165434629
  vertex -0.089931488 0.0457185544 0.0154644288
  vertex -0.0899700001 0.0457005575 0.0154667813
  endloop
 endfacet

 facet normal -0.53097111 0.843392015 -0.082216695
  outer loop
  vertex -0.0900085047 0.0456795618 0.0155000901
  vertex -0.0899700001 0.0457005575 0.0154667813
  vertex -0.0900085047 0.0456765629 0.0154693276
  endloop
 endfacet

 facet normal -0.530973077 0.84333986 -0.082738094
  outer loop
  vertex -0.0900085047 0.0456765629 0.0154693276
  vertex -0.0899700001 0.0457005575 0.0154667813
  vertex -0.0900085047 0.0456735641 0.0154387606
  endloop
 endfacet

 facet normal -0.426239938 0.894347906 -0.135872871
  outer loop
  vertex -0.0899700001 0.0457005575 0.0154667813
  vertex -0.089931488 0.0457185544 0.0154644288
  vertex -0.0899342448 0.0457065552 0.0153940879
  endloop
 endfacet

 facet normal -0.439798892 0.886609495 -0.143180832
  outer loop
  vertex -0.0899700001 0.0457005575 0.0154667813
  vertex -0.0899342448 0.0457065552 0.0153940879
  vertex -0.0899727494 0.0456885621 0.0154009452
  endloop
 endfacet

 facet normal -0.444210112 0.871598959 -0.207346737
  outer loop
  vertex -0.0899727494 0.0456885621 0.0154009452
  vertex -0.0899342448 0.0457065552 0.0153940879
  vertex -0.0899754986 0.0456795618 0.0153690074
  endloop
 endfacet

 facet normal -0.478018492 0.80562222 -0.349958807
  outer loop
  vertex -0.0899754986 0.0456795618 0.0153690074
  vertex -0.0899397433 0.0456825644 0.0153270764
  vertex -0.0899782479 0.0456645675 0.0153382448
  endloop
 endfacet

 facet normal -0.400934249 0.872445822 -0.279445678
  outer loop
  vertex -0.0899754986 0.0456795618 0.0153690074
  vertex -0.0899342448 0.0457065552 0.0153940879
  vertex -0.0899397433 0.0456825644 0.0153270764
  endloop
 endfacet

 facet normal -0.478743613 0.800250053 -0.361115545
  outer loop
  vertex -0.0899782479 0.0456645675 0.0153382448
  vertex -0.0899397433 0.0456825644 0.0153270764
  vertex -0.0899810046 0.0456495695 0.0153086586
  endloop
 endfacet

 facet normal -0.469198346 0.797936201 -0.378352731
  outer loop
  vertex -0.0899810046 0.0456495695 0.0153086586
  vertex -0.0899397433 0.0456825644 0.0153270764
  vertex -0.0899837539 0.0456345752 0.0152804432
  endloop
 endfacet

 facet normal -0.431463718 0.800289512 -0.41638422
  outer loop
  vertex -0.0899837539 0.0456345752 0.0152804432
  vertex -0.0899397433 0.0456825644 0.0153270764
  vertex -0.0899424925 0.0456645675 0.0152953342
  endloop
 endfacet

 facet normal -0.420876861 0.795465589 -0.43600142
  outer loop
  vertex -0.0899837539 0.0456345752 0.0152804432
  vertex -0.0899424925 0.0456645675 0.0152953342
  vertex -0.0899452418 0.0456465706 0.0152651602
  endloop
 endfacet

 facet normal -0.267109126 0.788905025 -0.55342716
  outer loop
  vertex -0.0898709819 0.0456405729 0.0152087295
  vertex -0.0899067372 0.0456585698 0.0152516402
  vertex -0.0898654759 0.0456645675 0.0152402762
  endloop
 endfacet

 facet normal -0.404453099 0.801240623 -0.440943539
  outer loop
  vertex -0.0899452418 0.0456465706 0.0152651602
  vertex -0.0899424925 0.0456645675 0.0152953342
  vertex -0.0899067372 0.0456585698 0.0152516402
  endloop
 endfacet

 facet normal -0.387474597 0.815943599 -0.429068267
  outer loop
  vertex -0.0899067372 0.0456585698 0.0152516402
  vertex -0.0899424925 0.0456645675 0.0152953342
  vertex -0.0899397433 0.0456825644 0.0153270764
  endloop
 endfacet

 facet normal -0.34553501 0.839985788 -0.41836518
  outer loop
  vertex -0.0899067372 0.0456585698 0.0152516402
  vertex -0.0899397433 0.0456825644 0.0153270764
  vertex -0.089898482 0.0456945598 0.0153170833
  endloop
 endfacet

 facet normal -0.289607972 0.853640199 -0.432926774
  outer loop
  vertex -0.0899067372 0.0456585698 0.0152516402
  vertex -0.089898482 0.0456945598 0.0153170833
  vertex -0.0898599774 0.0456855632 0.015273585
  endloop
 endfacet

 facet normal -0.255188227 0.836410403 -0.485073864
  outer loop
  vertex -0.0899067372 0.0456585698 0.0152516402
  vertex -0.0898599774 0.0456855632 0.015273585
  vertex -0.0898654759 0.0456645675 0.0152402762
  endloop
 endfacet

 facet normal -0.227611944 0.487089097 0.843170822
  outer loop
  vertex -0.0898544788 0.0454786159 0.0169329885
  vertex -0.0898159668 0.0454966091 0.0169329885
  vertex -0.0898709819 0.0455116071 0.0169094764
  endloop
 endfacet

 facet normal -0.257405102 0.472140312 0.843105078
  outer loop
  vertex -0.0898544788 0.0454786159 0.0169329885
  vertex -0.0898709819 0.0455116071 0.0169094764
  vertex -0.0898929834 0.0454996079 0.0169094764
  endloop
 endfacet

 facet normal -0.277308166 0.445032328 0.851496637
  outer loop
  vertex -0.0898544788 0.0454786159 0.0169329885
  vertex -0.0898929834 0.0454996079 0.0169094764
  vertex -0.0898929834 0.0454546213 0.0169329885
  endloop
 endfacet

 facet normal -0.301036775 0.441711843 0.845143497
  outer loop
  vertex -0.0898929834 0.0454546213 0.0169329885
  vertex -0.0898929834 0.0454996079 0.0169094764
  vertex -0.089914985 0.0454846136 0.0169094764
  endloop
 endfacet

 facet normal -0.337308735 0.494933784 0.800789237
  outer loop
  vertex -0.089914985 0.0454846136 0.0169094764
  vertex -0.0898929834 0.0454996079 0.0169094764
  vertex -0.0899122357 0.0455296002 0.0168828294
  endloop
 endfacet

 facet normal -0.38041085 0.488411516 0.785329103
  outer loop
  vertex -0.089914985 0.0454846136 0.0169094764
  vertex -0.0899122357 0.0455296002 0.0168828294
  vertex -0.0899342448 0.0454696156 0.0169094764
  endloop
 endfacet

 facet normal -0.401356459 0.490769953 0.773342073
  outer loop
  vertex -0.0899342448 0.0454696156 0.0169094764
  vertex -0.0899122357 0.0455296002 0.0168828294
  vertex -0.0899562463 0.0454936102 0.0168828294
  endloop
 endfacet

 facet normal -0.432498693 0.4627496 0.773826718
  outer loop
  vertex -0.0899342448 0.0454696156 0.0169094764
  vertex -0.0899562463 0.0454936102 0.0168828294
  vertex -0.0899754986 0.0454756171 0.0168828294
  endloop
 endfacet

 facet normal -0.457565278 0.489569485 0.742263913
  outer loop
  vertex -0.0899754986 0.0454756171 0.0168828294
  vertex -0.0899562463 0.0454936102 0.0168828294
  vertex -0.0899782479 0.0455176048 0.0168534387
  endloop
 endfacet

 facet normal -0.467258275 0.550994396 0.691429615
  outer loop
  vertex -0.0899782479 0.0455176048 0.0168534387
  vertex -0.0899534971 0.0455386005 0.0168534387
  vertex -0.0899727494 0.0455625951 0.0168213043
  endloop
 endfacet

 facet normal -0.433578104 0.51127857 0.742027164
  outer loop
  vertex -0.0899782479 0.0455176048 0.0168534387
  vertex -0.0899562463 0.0454936102 0.0168828294
  vertex -0.0899534971 0.0455386005 0.0168534387
  endloop
 endfacet

 facet normal 0 0.546942711 0.837170124
  outer loop
  vertex -0.0897059441 0.0455056094 0.0169329885
  vertex -0.0897031948 0.0455415994 0.0169094764
  vertex -0.0897774622 0.0455415994 0.0169094764
  endloop
 endfacet

 facet normal 0 0.546942711 0.837170124
  outer loop
  vertex -0.0897059441 0.0455056094 0.0169329885
  vertex -0.0897774622 0.0455415994 0.0169094764
  vertex -0.0897719562 0.0455056094 0.0169329885
  endloop
 endfacet

 facet normal 0.107523739 0.475350559 0.87320137
  outer loop
  vertex -0.0897059441 0.0455056094 0.0169329885
  vertex -0.0675365403 0.0404819176 0.0169378873
  vertex -0.0675365403 0.0404909179 0.0169329885
  endloop
 endfacet

 facet normal 0.114827149 0.507638097 0.85388422
  outer loop
  vertex -0.0897059441 0.0455056094 0.0169329885
  vertex -0.0675365403 0.0404909179 0.0169329885
  vertex -0.0675365403 0.0405209064 0.0169151593
  endloop
 endfacet

 facet normal 0.119883083 0.530176282 0.839369535
  outer loop
  vertex -0.0897059441 0.0455056094 0.0169329885
  vertex -0.0675365403 0.0405209064 0.0169151593
  vertex -0.0675365403 0.040529903 0.0169094764
  endloop
 endfacet

 facet normal 0.121274188 0.53639394 0.835209012
  outer loop
  vertex -0.0897059441 0.0455056094 0.0169329885
  vertex -0.0675365403 0.040529903 0.0169094764
  vertex -0.0897031948 0.0455415994 0.0169094764
  endloop
 endfacet

 facet normal -0.108773395 0.53198874 0.839735866
  outer loop
  vertex -0.0897719562 0.0455056094 0.0169329885
  vertex -0.0897774622 0.0455415994 0.0169094764
  vertex -0.0898159668 0.0454966091 0.0169329885
  endloop
 endfacet

 facet normal -0.132226661 0.545669615 0.827502668
  outer loop
  vertex -0.0898159668 0.0454966091 0.0169329885
  vertex -0.0897774622 0.0455415994 0.0169094764
  vertex -0.0898269713 0.0455296002 0.0169094764
  endloop
 endfacet

 facet normal -0.212308496 0.519212425 0.827854812
  outer loop
  vertex -0.0898159668 0.0454966091 0.0169329885
  vertex -0.0898269713 0.0455296002 0.0169094764
  vertex -0.0898709819 0.0455116071 0.0169094764
  endloop
 endfacet

 facet normal -0.274586439 0.864113033 -0.421794981
  outer loop
  vertex -0.0898599774 0.0456855632 0.015273585
  vertex -0.089898482 0.0456945598 0.0153170833
  vertex -0.0898572281 0.0457035564 0.0153086586
  endloop
 endfacet

 facet normal -0.238849863 0.910160005 -0.338466406
  outer loop
  vertex -0.0898572281 0.0457035564 0.0153086586
  vertex -0.0898957327 0.0457095541 0.0153519604
  vertex -0.0898517221 0.0457185544 0.0153451022
  endloop
 endfacet

 facet normal -0.268654525 0.892417431 -0.362513363
  outer loop
  vertex -0.0898572281 0.0457035564 0.0153086586
  vertex -0.089898482 0.0456945598 0.0153170833
  vertex -0.0898957327 0.0457095541 0.0153519604
  endloop
 endfacet

 facet normal -0.233992904 0.931099236 -0.279824495
  outer loop
  vertex -0.0898517221 0.0457185544 0.0153451022
  vertex -0.0898957327 0.0457095541 0.0153519604
  vertex -0.0898489729 0.0457305498 0.015382723
  endloop
 endfacet

 facet normal -0.276696801 0.935864091 -0.218168184
  outer loop
  vertex -0.0898489729 0.0457305498 0.015382723
  vertex -0.0898957327 0.0457095541 0.0153519604
  vertex -0.0898489729 0.0457395501 0.0154213235
  endloop
 endfacet

 facet normal -0.285819739 0.934653401 -0.211494744
  outer loop
  vertex -0.0898489729 0.0457395501 0.0154213235
  vertex -0.0898957327 0.0457095541 0.0153519604
  vertex -0.0898929834 0.0457185544 0.0153880129
  endloop
 endfacet

 facet normal -0.289443165 0.934614778 -0.206683144
  outer loop
  vertex -0.0898489729 0.0457395501 0.0154213235
  vertex -0.0898929834 0.0457185544 0.0153880129
  vertex -0.0898902342 0.045727551 0.0154248495
  endloop
 endfacet

 facet normal -0.287920952 0.94558847 -0.15153946
  outer loop
  vertex -0.0898489729 0.0457395501 0.0154213235
  vertex -0.0898902342 0.045727551 0.0154248495
  vertex -0.0898902342 0.0457335487 0.0154622737
  endloop
 endfacet

 facet normal -0.263019353 0.964790523 0
  outer loop
  vertex -0.0898462236 0.0457455479 0.0155000901
  vertex -0.0898902342 0.0457335487 0.0154622737
  vertex -0.0898902342 0.0457335487 0.0164999645
  endloop
 endfacet

 facet normal -0.263019353 0.964790523 0
  outer loop
  vertex -0.0898462236 0.0457455479 0.0155000901
  vertex -0.0898902342 0.0457335487 0.0164999645
  vertex -0.0898462236 0.0457455479 0.0164999645
  endloop
 endfacet

 facet normal -0.19815056 0.969114423 0.146811694
  outer loop
  vertex -0.0898049623 0.0457515456 0.0165434629
  vertex -0.0898462236 0.0457365476 0.0165867656
  vertex -0.089802213 0.0457455479 0.0165867656
  endloop
 endfacet

 facet normal -0.0717671365 0.987360358 0.141312033
  outer loop
  vertex -0.0898049623 0.0457515456 0.0165434629
  vertex -0.089802213 0.0457455479 0.0165867656
  vertex -0.0897609591 0.0457485467 0.0165867656
  endloop
 endfacet

 facet normal -0.0673891455 0.988286257 0.136926919
  outer loop
  vertex -0.0898049623 0.0457515456 0.0165434629
  vertex -0.0897609591 0.0457485467 0.0165867656
  vertex -0.0897609591 0.0457545444 0.0165434629
  endloop
 endfacet

 facet normal -0.0678695589 0.995331645 0.0686203986
  outer loop
  vertex -0.0898049623 0.0457515456 0.0165434629
  vertex -0.0897609591 0.0457545444 0.0165434629
  vertex -0.0897609591 0.0457575433 0.0164999645
  endloop
 endfacet

 facet normal -0.212581694 0.974827945 0.0672287568
  outer loop
  vertex -0.0898049623 0.0457515456 0.0165434629
  vertex -0.0898462236 0.0457455479 0.0164999645
  vertex -0.0898874849 0.0457335487 0.0165434629
  endloop
 endfacet

 facet normal -0.211139232 0.968213379 0.134102061
  outer loop
  vertex -0.0898049623 0.0457515456 0.0165434629
  vertex -0.0898874849 0.0457335487 0.0165434629
  vertex -0.0898874849 0.045727551 0.0165867656
  endloop
 endfacet

 facet normal -0.211116001 0.968212247 0.134145662
  outer loop
  vertex -0.0898049623 0.0457515456 0.0165434629
  vertex -0.0898874849 0.045727551 0.0165867656
  vertex -0.0898462236 0.0457365476 0.0165867656
  endloop
 endfacet

 facet normal 0.134761795 0.988531649 0.0681515858
  outer loop
  vertex -0.089672938 0.0457515456 0.0164999645
  vertex -0.0897169486 0.0457545444 0.0165434629
  vertex -0.089672938 0.0457485467 0.0165434629
  endloop
 endfacet

 facet normal 0 0.997631967 0.0687789842
  outer loop
  vertex -0.0897609591 0.0457575433 0.0164999645
  vertex -0.0897609591 0.0457545444 0.0165434629
  vertex -0.0897169486 0.0457545444 0.0165434629
  endloop
 endfacet

 facet normal 0.215368509 0.952466846 0.215460747
  outer loop
  vertex -0.0675365403 0.0407308526 0.0166292842
  vertex -0.0896316841 0.0457365476 0.0165867656
  vertex -0.0896344334 0.045727551 0.0166292842
  endloop
 endfacet

 facet normal 0.211459935 0.93518126 0.284113854
  outer loop
  vertex -0.0675365403 0.0407308526 0.0166292842
  vertex -0.0896344334 0.045727551 0.0166292842
  vertex -0.0896371827 0.0457155555 0.0166708231
  endloop
 endfacet

 facet normal 0.209391698 0.925755143 0.31485337
  outer loop
  vertex -0.0675365403 0.0407308526 0.0166292842
  vertex -0.0896371827 0.0457155555 0.0166708231
  vertex -0.0675365403 0.0407278538 0.016638102
  endloop
 endfacet

 facet normal 0.195632026 0.956796765 0.215100288
  outer loop
  vertex -0.0896316841 0.0457365476 0.0165867656
  vertex -0.0896756873 0.0457455479 0.0165867656
  vertex -0.0896344334 0.045727551 0.0166292842
  endloop
 endfacet

 facet normal 0.138579249 0.953142107 0.26891619
  outer loop
  vertex -0.0896756873 0.0457455479 0.0165867656
  vertex -0.0897169486 0.0457395501 0.0166292842
  vertex -0.0896344334 0.045727551 0.0166292842
  endloop
 endfacet

 facet normal 0.134675071 0.987895608 0.0769735649
  outer loop
  vertex -0.0896756873 0.0457455479 0.0165867656
  vertex -0.089672938 0.0457485467 0.0165434629
  vertex -0.0897169486 0.0457545444 0.0165434629
  endloop
 endfacet

 facet normal 0.0718122199 0.987980545 0.136884555
  outer loop
  vertex -0.0896756873 0.0457455479 0.0165867656
  vertex -0.0897169486 0.0457545444 0.0165434629
  vertex -0.0897169486 0.0457485467 0.0165867656
  endloop
 endfacet

 facet normal 0.0709323734 0.975875735 0.206483185
  outer loop
  vertex -0.0896756873 0.0457455479 0.0165867656
  vertex -0.0897169486 0.0457485467 0.0165867656
  vertex -0.0897169486 0.0457395501 0.0166292842
  endloop
 endfacet

 facet normal -0.424932092 0.584587932 0.691151023
  outer loop
  vertex -0.0899727494 0.0455625951 0.0168213043
  vertex -0.0899534971 0.0455386005 0.0168534387
  vertex -0.0899287388 0.0455565937 0.0168534387
  endloop
 endfacet

 facet normal -0.405699968 0.620134473 0.6714468
  outer loop
  vertex -0.0899727494 0.0455625951 0.0168213043
  vertex -0.0899287388 0.0455565937 0.0168534387
  vertex -0.0899452418 0.0455805883 0.0168213043
  endloop
 endfacet

 facet normal -0.434391916 0.66399157 0.608620524
  outer loop
  vertex -0.0899727494 0.0455625951 0.0168213043
  vertex -0.0899452418 0.0455805883 0.0168213043
  vertex -0.0899892524 0.0455835871 0.0167866237
  endloop
 endfacet

 facet normal -0.521117032 0.597384274 0.609564662
  outer loop
  vertex -0.0899727494 0.0455625951 0.0168213043
  vertex -0.0899892524 0.0455835871 0.0167866237
  vertex -0.0900167599 0.0455595925 0.0167866237
  endloop
 endfacet

 facet normal -0.559487581 0.641370535 0.524992883
  outer loop
  vertex -0.0900167599 0.0455595925 0.0167866237
  vertex -0.0899892524 0.0455835871 0.0167866237
  vertex -0.0900030062 0.045601584 0.0167499818
  endloop
 endfacet

 facet normal -0.559451222 0.641381145 0.525018692
  outer loop
  vertex -0.0900167599 0.0455595925 0.0167866237
  vertex -0.0900030062 0.045601584 0.0167499818
  vertex -0.0900305137 0.0455775894 0.0167499818
  endloop
 endfacet

 facet normal -0.485104263 0.699027717 0.525389552
  outer loop
  vertex -0.0900030062 0.045601584 0.0167499818
  vertex -0.0899892524 0.0455835871 0.0167866237
  vertex -0.0899727494 0.0456225798 0.0167499818
  endloop
 endfacet

 facet normal -0.501089454 0.722062111 0.477007002
  outer loop
  vertex -0.0900030062 0.045601584 0.0167499818
  vertex -0.0899727494 0.0456225798 0.0167499818
  vertex -0.0899837539 0.0456405729 0.0167111866
  endloop
 endfacet

 facet normal -0.400463462 0.795786619 0.454260707
  outer loop
  vertex -0.0899837539 0.0456405729 0.0167111866
  vertex -0.0899397433 0.0456405729 0.0167499818
  vertex -0.0899039879 0.0456585698 0.0167499818
  endloop
 endfacet

 facet normal -0.400473684 0.795763373 0.454292476
  outer loop
  vertex -0.0899837539 0.0456405729 0.0167111866
  vertex -0.0899039879 0.0456585698 0.0167499818
  vertex -0.0899122357 0.0456765629 0.0167111866
  endloop
 endfacet

 facet normal -0.413910329 0.822462738 0.390170902
  outer loop
  vertex -0.0899837539 0.0456405729 0.0167111866
  vertex -0.0899122357 0.0456765629 0.0167111866
  vertex -0.0899562463 0.0456735641 0.0166708231
  endloop
 endfacet

 facet normal -0.476384878 0.811431229 0.338580549
  outer loop
  vertex -0.0899837539 0.0456405729 0.0167111866
  vertex -0.0899562463 0.0456735641 0.0166708231
  vertex -0.0899920017 0.0456525721 0.0166708231
  endloop
 endfacet

 facet normal -0.420662582 0.771588445 0.477173269
  outer loop
  vertex -0.0899837539 0.0456405729 0.0167111866
  vertex -0.0899727494 0.0456225798 0.0167499818
  vertex -0.0899397433 0.0456405729 0.0167499818
  endloop
 endfacet

 facet normal -0.482742041 0.822259367 0.30141294
  outer loop
  vertex -0.0899920017 0.0456525721 0.0166708231
  vertex -0.0899562463 0.0456735641 0.0166708231
  vertex -0.0899617448 0.0456855632 0.0166292842
  endloop
 endfacet

 facet normal -0.482781351 0.822249591 0.301376551
  outer loop
  vertex -0.0899920017 0.0456525721 0.0166708231
  vertex -0.0899617448 0.0456855632 0.0166292842
  vertex -0.0899975076 0.0456645675 0.0166292842
  endloop
 endfacet

 facet normal -0.390499473 0.895209551 0.214732885
  outer loop
  vertex -0.0899672508 0.0456945598 0.0165867656
  vertex -0.0899232402 0.0457035564 0.0166292842
  vertex -0.0899259895 0.0457125567 0.0165867656
  endloop
 endfacet

 facet normal -0.411064714 0.879632831 0.239315674
  outer loop
  vertex -0.0899672508 0.0456945598 0.0165867656
  vertex -0.0899617448 0.0456855632 0.0166292842
  vertex -0.0899232402 0.0457035564 0.0166292842
  endloop
 endfacet

 facet normal -0.358763784 0.921237648 0.150365084
  outer loop
  vertex -0.0899287388 0.0457185544 0.0165434629
  vertex -0.0899259895 0.0457125567 0.0165867656
  vertex -0.0898874849 0.045727551 0.0165867656
  endloop
 endfacet

 facet normal -0.338766783 0.931973577 0.129082665
  outer loop
  vertex -0.0899287388 0.0457185544 0.0165434629
  vertex -0.0898874849 0.045727551 0.0165867656
  vertex -0.0898874849 0.0457335487 0.0165434629
  endloop
 endfacet

 facet normal -0.341545373 0.939617574 0.0215795413
  outer loop
  vertex -0.0899287388 0.0457185544 0.0165434629
  vertex -0.0898874849 0.0457335487 0.0165434629
  vertex -0.0898902342 0.0457335487 0.0164999645
  endloop
 endfacet

 facet normal -0.361983776 0.932183921 0.000923276355
  outer loop
  vertex -0.0899287388 0.0457185544 0.0165434629
  vertex -0.0898902342 0.0457335487 0.0164999645
  vertex -0.089931488 0.0457185544 0.0154644288
  endloop
 endfacet

 facet normal -0.341596276 0.939846754 0
  outer loop
  vertex -0.089931488 0.0457185544 0.0154644288
  vertex -0.0898902342 0.0457335487 0.0164999645
  vertex -0.0898902342 0.0457335487 0.0154622737
  endloop
 endfacet

 facet normal -0.344668776 0.927502275 -0.144716889
  outer loop
  vertex -0.089931488 0.0457185544 0.0154644288
  vertex -0.0898902342 0.0457335487 0.0154622737
  vertex -0.0899342448 0.0457065552 0.0153940879
  endloop
 endfacet

 facet normal -0.339098543 0.928898036 -0.148864657
  outer loop
  vertex -0.0899342448 0.0457065552 0.0153940879
  vertex -0.0898902342 0.0457335487 0.0154622737
  vertex -0.0898902342 0.045727551 0.0154248495
  endloop
 endfacet

 facet normal -0.301007956 0.93132329 -0.205015063
  outer loop
  vertex -0.0899342448 0.0457065552 0.0153940879
  vertex -0.0898902342 0.045727551 0.0154248495
  vertex -0.0898929834 0.0457185544 0.0153880129
  endloop
 endfacet

 facet normal -0.301325411 0.930284441 -0.209222347
  outer loop
  vertex -0.0899342448 0.0457065552 0.0153940879
  vertex -0.0898929834 0.0457185544 0.0153880129
  vertex -0.0898957327 0.0457095541 0.0153519604
  endloop
 endfacet

 facet normal -0.37937969 0.880540013 -0.284113497
  outer loop
  vertex -0.0899342448 0.0457065552 0.0153940879
  vertex -0.0898957327 0.0457095541 0.0153519604
  vertex -0.0899397433 0.0456825644 0.0153270764
  endloop
 endfacet

 facet normal -0.33857286 0.873823106 -0.34900105
  outer loop
  vertex -0.0899397433 0.0456825644 0.0153270764
  vertex -0.0898957327 0.0457095541 0.0153519604
  vertex -0.089898482 0.0456945598 0.0153170833
  endloop
 endfacet

 facet normal -0.226219058 0.553231537 0.801723063
  outer loop
  vertex -0.0898709819 0.0455116071 0.0169094764
  vertex -0.0898269713 0.0455296002 0.0169094764
  vertex -0.0898627266 0.0455535948 0.0168828294
  endloop
 endfacet

 facet normal -0.268107593 0.553209722 0.78871882
  outer loop
  vertex -0.0898709819 0.0455116071 0.0169094764
  vertex -0.0898627266 0.0455535948 0.0168828294
  vertex -0.0899122357 0.0455296002 0.0168828294
  endloop
 endfacet

 facet normal -0.287099957 0.526607513 0.800161302
  outer loop
  vertex -0.0898709819 0.0455116071 0.0169094764
  vertex -0.0899122357 0.0455296002 0.0168828294
  vertex -0.0898929834 0.0454996079 0.0169094764
  endloop
 endfacet

 facet normal -0.29012531 0.598640859 0.746630073
  outer loop
  vertex -0.0899122357 0.0455296002 0.0168828294
  vertex -0.0898627266 0.0455535948 0.0168828294
  vertex -0.0899012312 0.0455715917 0.0168534387
  endloop
 endfacet

 facet normal -0.326025933 0.597962439 0.732221246
  outer loop
  vertex -0.0899122357 0.0455296002 0.0168828294
  vertex -0.0899012312 0.0455715917 0.0168534387
  vertex -0.0899287388 0.0455565937 0.0168534387
  endloop
 endfacet

 facet normal -0.400868624 0.551483274 0.731553555
  outer loop
  vertex -0.0899122357 0.0455296002 0.0168828294
  vertex -0.0899287388 0.0455565937 0.0168534387
  vertex -0.0899534971 0.0455386005 0.0168534387
  endloop
 endfacet

 facet normal -0.420449823 0.514116883 0.747600079
  outer loop
  vertex -0.0899122357 0.0455296002 0.0168828294
  vertex -0.0899534971 0.0455386005 0.0168534387
  vertex -0.0899562463 0.0454936102 0.0168828294
  endloop
 endfacet

 facet normal 0.132859409 0.609271407 0.781752348
  outer loop
  vertex -0.0897031948 0.0455415994 0.0169094764
  vertex -0.0896701887 0.0455685928 0.0168828294
  vertex -0.0896976963 0.0455745906 0.0168828294
  endloop
 endfacet

 facet normal 0.0676445067 0.620052576 0.781638741
  outer loop
  vertex -0.0897031948 0.0455415994 0.0169094764
  vertex -0.0896976963 0.0455745906 0.0168828294
  vertex -0.0897252038 0.0455775894 0.0168828294
  endloop
 endfacet

 facet normal 0 0.59503001 0.803703547
  outer loop
  vertex -0.0897031948 0.0455415994 0.0169094764
  vertex -0.0897252038 0.0455775894 0.0168828294
  vertex -0.0897527039 0.0455775894 0.0168828294
  endloop
 endfacet

 facet normal 0 0.59503001 0.803703547
  outer loop
  vertex -0.0897031948 0.0455415994 0.0169094764
  vertex -0.0897527039 0.0455775894 0.0168828294
  vertex -0.0897774622 0.0455415994 0.0169094764
  endloop
 endfacet

 facet normal 0.134157836 0.593378186 0.793664932
  outer loop
  vertex -0.0897031948 0.0455415994 0.0169094764
  vertex -0.0675365403 0.040529903 0.0169094764
  vertex -0.0675365403 0.0405568965 0.0168892946
  endloop
 endfacet

 facet normal 0.13699016 0.606014192 0.783569098
  outer loop
  vertex -0.0897031948 0.0455415994 0.0169094764
  vertex -0.0675365403 0.0405568965 0.0168892946
  vertex -0.0896701887 0.0455685928 0.0168828294
  endloop
 endfacet

 facet normal -0.0679918528 0.623439789 0.778909445
  outer loop
  vertex -0.0897774622 0.0455415994 0.0169094764
  vertex -0.0897527039 0.0455775894 0.0168828294
  vertex -0.089807719 0.0455715917 0.0168828294
  endloop
 endfacet

 facet normal -0.139424711 0.575374305 0.805918872
  outer loop
  vertex -0.0897774622 0.0455415994 0.0169094764
  vertex -0.089807719 0.0455715917 0.0168828294
  vertex -0.0898269713 0.0455296002 0.0169094764
  endloop
 endfacet

 facet normal -0.192055911 0.58711493 0.78639096
  outer loop
  vertex -0.0898269713 0.0455296002 0.0169094764
  vertex -0.089807719 0.0455715917 0.0168828294
  vertex -0.0898627266 0.0455535948 0.0168828294
  endloop
 endfacet

 facet normal -0.262983084 0.964657485 0.0166158117
  outer loop
  vertex -0.0898462236 0.0457455479 0.0164999645
  vertex -0.0898902342 0.0457335487 0.0164999645
  vertex -0.0898874849 0.0457335487 0.0165434629
  endloop
 endfacet

 facet normal -0.196149155 0.95932591 0.203025624
  outer loop
  vertex -0.0898462236 0.0457365476 0.0165867656
  vertex -0.089802213 0.0457365476 0.0166292842
  vertex -0.089802213 0.0457455479 0.0165867656
  endloop
 endfacet

 facet normal -0.208041191 0.954110563 0.215388089
  outer loop
  vertex -0.0898462236 0.0457365476 0.0165867656
  vertex -0.0898874849 0.045727551 0.0165867656
  vertex -0.0898847282 0.0457185544 0.0166292842
  endloop
 endfacet

 facet normal -0.208068669 0.954110146 0.215363026
  outer loop
  vertex -0.0898462236 0.0457365476 0.0165867656
  vertex -0.0898847282 0.0457185544 0.0166292842
  vertex -0.089802213 0.0457365476 0.0166292842
  endloop
 endfacet

 facet normal -0.0709777847 0.975863516 0.206525549
  outer loop
  vertex -0.089802213 0.0457455479 0.0165867656
  vertex -0.089802213 0.0457365476 0.0166292842
  vertex -0.0897609591 0.0457395501 0.0166292842
  endloop
 endfacet

 facet normal -0.0709323734 0.975875735 0.206483185
  outer loop
  vertex -0.089802213 0.0457455479 0.0165867656
  vertex -0.0897609591 0.0457395501 0.0166292842
  vertex -0.0897609591 0.0457485467 0.0165867656
  endloop
 endfacet

 facet normal 0 0.990538001 0.137238905
  outer loop
  vertex -0.0897609591 0.0457485467 0.0165867656
  vertex -0.0897169486 0.0457485467 0.0165867656
  vertex -0.0897169486 0.0457545444 0.0165434629
  endloop
 endfacet

 facet normal 0 0.990538001 0.137238905
  outer loop
  vertex -0.0897609591 0.0457485467 0.0165867656
  vertex -0.0897169486 0.0457545444 0.0165434629
  vertex -0.0897609591 0.0457545444 0.0165434629
  endloop
 endfacet

 facet normal 0 0.978339911 0.207004592
  outer loop
  vertex -0.0897609591 0.0457485467 0.0165867656
  vertex -0.0897609591 0.0457395501 0.0166292842
  vertex -0.0897169486 0.0457395501 0.0166292842
  endloop
 endfacet

 facet normal 0 0.978339911 0.207004592
  outer loop
  vertex -0.0897609591 0.0457485467 0.0165867656
  vertex -0.0897169486 0.0457395501 0.0166292842
  vertex -0.0897169486 0.0457485467 0.0165867656
  endloop
 endfacet

 facet normal 0.207567856 0.917513609 0.339240909
  outer loop
  vertex -0.0675365403 0.0407278538 0.016638102
  vertex -0.0896371827 0.0457155555 0.0166708231
  vertex -0.0675365403 0.0407128595 0.0166786611
  endloop
 endfacet

 facet normal 0.137985826 0.949060619 0.283273548
  outer loop
  vertex -0.0896344334 0.045727551 0.0166292842
  vertex -0.0897169486 0.0457395501 0.0166292842
  vertex -0.089678444 0.0457215533 0.0166708231
  endloop
 endfacet

 facet normal 0.137967736 0.949068546 0.283255517
  outer loop
  vertex -0.0896344334 0.045727551 0.0166292842
  vertex -0.089678444 0.0457215533 0.0166708231
  vertex -0.0896371827 0.0457155555 0.0166708231
  endloop
 endfacet

 facet normal 0.135023028 0.928812087 0.345075488
  outer loop
  vertex -0.0896371827 0.0457155555 0.0166708231
  vertex -0.089678444 0.0457215533 0.0166708231
  vertex -0.089678444 0.0457065552 0.0167111866
  endloop
 endfacet

 facet normal 0.201639175 0.891839743 0.404924035
  outer loop
  vertex -0.0896371827 0.0457155555 0.0166708231
  vertex -0.089678444 0.0457065552 0.0167111866
  vertex -0.0675365403 0.0407008603 0.0167102069
  endloop
 endfacet

 facet normal 0.206875622 0.914468944 0.347777367
  outer loop
  vertex -0.0896371827 0.0457155555 0.0166708231
  vertex -0.0675365403 0.0407008603 0.0167102069
  vertex -0.0675365403 0.0407128595 0.0166786611
  endloop
 endfacet

 facet normal 0 0.940581679 0.339567661
  outer loop
  vertex -0.0897169486 0.0457395501 0.0166292842
  vertex -0.0897609591 0.0457395501 0.0166292842
  vertex -0.0897582024 0.0457245521 0.0166708231
  endloop
 endfacet

 facet normal 0 0.940581679 0.339567661
  outer loop
  vertex -0.0897169486 0.0457395501 0.0166292842
  vertex -0.0897582024 0.0457245521 0.0166708231
  vertex -0.0897169486 0.0457245521 0.0166708231
  endloop
 endfacet

 facet normal 0.0731015578 0.938065052 0.338659137
  outer loop
  vertex -0.0897169486 0.0457395501 0.0166292842
  vertex -0.0897169486 0.0457245521 0.0166708231
  vertex -0.089678444 0.0457215533 0.0166708231
  endloop
 endfacet

 facet normal -0.355552763 0.652117372 0.669570863
  outer loop
  vertex -0.0899287388 0.0455565937 0.0168534387
  vertex -0.0899012312 0.0455715917 0.0168534387
  vertex -0.0899452418 0.0455805883 0.0168213043
  endloop
 endfacet

 facet normal -0.336843908 0.679623544 0.65165031
  outer loop
  vertex -0.0899452418 0.0455805883 0.0168213043
  vertex -0.0899012312 0.0455715917 0.0168534387
  vertex -0.0898847282 0.0456105806 0.0168213043
  endloop
 endfacet

 facet normal -0.347458601 0.70104003 0.622748375
  outer loop
  vertex -0.0899452418 0.0455805883 0.0168213043
  vertex -0.0898847282 0.0456105806 0.0168213043
  vertex -0.0899287388 0.0456195772 0.0167866237
  endloop
 endfacet

 facet normal -0.414253175 0.696520269 0.585878849
  outer loop
  vertex -0.0899452418 0.0455805883 0.0168213043
  vertex -0.0899287388 0.0456195772 0.0167866237
  vertex -0.0899892524 0.0455835871 0.0167866237
  endloop
 endfacet

 facet normal -0.421838522 0.709274232 0.564785361
  outer loop
  vertex -0.0899892524 0.0455835871 0.0167866237
  vertex -0.0899287388 0.0456195772 0.0167866237
  vertex -0.0899727494 0.0456225798 0.0167499818
  endloop
 endfacet

 facet normal -0.401914299 0.737199962 0.543140113
  outer loop
  vertex -0.0899727494 0.0456225798 0.0167499818
  vertex -0.0899287388 0.0456195772 0.0167866237
  vertex -0.0899397433 0.0456405729 0.0167499818
  endloop
 endfacet

 facet normal -0.37743631 0.750027955 0.543138921
  outer loop
  vertex -0.0899397433 0.0456405729 0.0167499818
  vertex -0.0899287388 0.0456195772 0.0167866237
  vertex -0.0899039879 0.0456585698 0.0167499818
  endloop
 endfacet

 facet normal -0.290674984 0.866381288 0.406068355
  outer loop
  vertex -0.0899122357 0.0456765629 0.0167111866
  vertex -0.0898764804 0.0456885621 0.0167111866
  vertex -0.0898792297 0.0457065552 0.0166708231
  endloop
 endfacet

 facet normal -0.337438464 0.866478205 0.367900491
  outer loop
  vertex -0.0899122357 0.0456765629 0.0167111866
  vertex -0.0898792297 0.0457065552 0.0166708231
  vertex -0.0899177343 0.045691561 0.0166708231
  endloop
 endfacet

 facet normal -0.393858731 0.842813909 0.366797179
  outer loop
  vertex -0.0899122357 0.0456765629 0.0167111866
  vertex -0.0899177343 0.045691561 0.0166708231
  vertex -0.0899562463 0.0456735641 0.0166708231
  endloop
 endfacet

 facet normal -0.283667654 0.84544909 0.452491522
  outer loop
  vertex -0.0899122357 0.0456765629 0.0167111866
  vertex -0.0899039879 0.0456585698 0.0167499818
  vertex -0.0898682252 0.0456705652 0.0167499818
  endloop
 endfacet

 facet normal -0.283655643 0.84545958 0.452479541
  outer loop
  vertex -0.0899122357 0.0456765629 0.0167111866
  vertex -0.0898682252 0.0456705652 0.0167499818
  vertex -0.0898764804 0.0456885621 0.0167111866
  endloop
 endfacet

 facet normal -0.403490543 0.863425016 0.302808166
  outer loop
  vertex -0.0899562463 0.0456735641 0.0166708231
  vertex -0.0899177343 0.045691561 0.0166708231
  vertex -0.0899232402 0.0457035564 0.0166292842
  endloop
 endfacet

 facet normal -0.403490543 0.863425016 0.302808166
  outer loop
  vertex -0.0899562463 0.0456735641 0.0166708231
  vertex -0.0899232402 0.0457035564 0.0166292842
  vertex -0.0899617448 0.0456855632 0.0166292842
  endloop
 endfacet

 facet normal -0.345905989 0.888221204 0.30234465
  outer loop
  vertex -0.0899232402 0.0457035564 0.0166292842
  vertex -0.0899177343 0.045691561 0.0166708231
  vertex -0.0898792297 0.0457065552 0.0166708231
  endloop
 endfacet

 facet normal -0.345905989 0.888221204 0.30234465
  outer loop
  vertex -0.0899232402 0.0457035564 0.0166292842
  vertex -0.0898792297 0.0457065552 0.0166708231
  vertex -0.0898847282 0.0457185544 0.0166292842
  endloop
 endfacet

 facet normal -0.354362339 0.909935594 0.215510309
  outer loop
  vertex -0.0899232402 0.0457035564 0.0166292842
  vertex -0.0898847282 0.0457185544 0.0166292842
  vertex -0.0898874849 0.045727551 0.0165867656
  endloop
 endfacet

 facet normal -0.354362339 0.909935594 0.215510309
  outer loop
  vertex -0.0899232402 0.0457035564 0.0166292842
  vertex -0.0898874849 0.045727551 0.0165867656
  vertex -0.0899259895 0.0457125567 0.0165867656
  endloop
 endfacet

 facet normal -0.210571572 0.643717229 0.735722661
  outer loop
  vertex -0.0898627266 0.0455535948 0.0168828294
  vertex -0.089807719 0.0455715917 0.0168828294
  vertex -0.0898462236 0.0455925874 0.0168534387
  endloop
 endfacet

 facet normal -0.210587651 0.643719316 0.735716224
  outer loop
  vertex -0.0898627266 0.0455535948 0.0168828294
  vertex -0.0898462236 0.0455925874 0.0168534387
  vertex -0.0898737311 0.0455835871 0.0168534387
  endloop
 endfacet

 facet normal -0.27096051 0.621188819 0.73532635
  outer loop
  vertex -0.0898627266 0.0455535948 0.0168828294
  vertex -0.0898737311 0.0455835871 0.0168534387
  vertex -0.0899012312 0.0455715917 0.0168534387
  endloop
 endfacet

 facet normal -0.296170235 0.678983212 0.671762645
  outer loop
  vertex -0.0899012312 0.0455715917 0.0168534387
  vertex -0.0898737311 0.0455835871 0.0168534387
  vertex -0.0898847282 0.0456105806 0.0168213043
  endloop
 endfacet

 facet normal 0.139351815 0.639044523 0.756441116
  outer loop
  vertex -0.0896701887 0.0455685928 0.0168828294
  vertex -0.0896619409 0.045601584 0.0168534387
  vertex -0.0896976963 0.0455745906 0.0168828294
  endloop
 endfacet

 facet normal 0.144214898 0.637886643 0.75650692
  outer loop
  vertex -0.0896701887 0.0455685928 0.0168828294
  vertex -0.0675365403 0.0405568965 0.0168892946
  vertex -0.0896619409 0.045601584 0.0168534387
  endloop
 endfacet

 facet normal 0.128422618 0.647643924 0.751042604
  outer loop
  vertex -0.0896976963 0.0455745906 0.0168828294
  vertex -0.0896619409 0.045601584 0.0168534387
  vertex -0.0896921903 0.0456075817 0.0168534387
  endloop
 endfacet

 facet normal 0.0716510937 0.656778336 0.750671983
  outer loop
  vertex -0.0896976963 0.0455745906 0.0168828294
  vertex -0.0896921903 0.0456075817 0.0168534387
  vertex -0.0897252038 0.0455775894 0.0168828294
  endloop
 endfacet

 facet normal 0.0654863566 0.660719693 0.747770786
  outer loop
  vertex -0.0897252038 0.0455775894 0.0168828294
  vertex -0.0896921903 0.0456075817 0.0168534387
  vertex -0.0897224471 0.0456105806 0.0168534387
  endloop
 endfacet

 facet normal 0 0.665196657 0.746668279
  outer loop
  vertex -0.0897252038 0.0455775894 0.0168828294
  vertex -0.0897224471 0.0456105806 0.0168534387
  vertex -0.0897554532 0.0456105806 0.0168534387
  endloop
 endfacet

 facet normal 0 0.665196657 0.746668279
  outer loop
  vertex -0.0897252038 0.0455775894 0.0168828294
  vertex -0.0897554532 0.0456105806 0.0168534387
  vertex -0.0897527039 0.0455775894 0.0168828294
  endloop
 endfacet

 facet normal 0.147513077 0.652259588 0.743503511
  outer loop
  vertex -0.0675365403 0.0405568965 0.0168892946
  vertex -0.0675365403 0.040598888 0.0168524589
  vertex -0.0896619409 0.045601584 0.0168534387
  endloop
 endfacet

 facet normal -0.0654903352 0.66071713 0.747772634
  outer loop
  vertex -0.0897527039 0.0455775894 0.0168828294
  vertex -0.0897554532 0.0456105806 0.0168534387
  vertex -0.08978571 0.0456075817 0.0168534387
  endloop
 endfacet

 facet normal -0.071629256 0.656792402 0.750661731
  outer loop
  vertex -0.0897527039 0.0455775894 0.0168828294
  vertex -0.08978571 0.0456075817 0.0168534387
  vertex -0.089807719 0.0455715917 0.0168828294
  endloop
 endfacet

 facet normal -0.133769542 0.674608827 0.725953698
  outer loop
  vertex -0.089807719 0.0455715917 0.0168828294
  vertex -0.08978571 0.0456075817 0.0168534387
  vertex -0.0898159668 0.045601584 0.0168534387
  endloop
 endfacet

 facet normal -0.195761427 0.658373475 0.7267887
  outer loop
  vertex -0.089807719 0.0455715917 0.0168828294
  vertex -0.0898159668 0.045601584 0.0168534387
  vertex -0.0898462236 0.0455925874 0.0168534387
  endloop
 endfacet

 facet normal -0.204291075 0.936787844 0.284066409
  outer loop
  vertex -0.089802213 0.0457365476 0.0166292842
  vertex -0.0898847282 0.0457185544 0.0166292842
  vertex -0.0898407251 0.0457155555 0.0166708231
  endloop
 endfacet

 facet normal -0.135054797 0.929074645 0.344355345
  outer loop
  vertex -0.089802213 0.0457365476 0.0166292842
  vertex -0.0898407251 0.0457155555 0.0166708231
  vertex -0.0897994637 0.0457215533 0.0166708231
  endloop
 endfacet

 facet normal -0.068143934 0.936945796 0.342766851
  outer loop
  vertex -0.089802213 0.0457365476 0.0166292842
  vertex -0.0897994637 0.0457215533 0.0166708231
  vertex -0.0897582024 0.0457245521 0.0166708231
  endloop
 endfacet

 facet normal -0.0681470782 0.936944425 0.342769802
  outer loop
  vertex -0.089802213 0.0457365476 0.0166292842
  vertex -0.0897582024 0.0457245521 0.0166708231
  vertex -0.0897609591 0.0457395501 0.0166292842
  endloop
 endfacet

 facet normal 0.0728553087 0.934905171 0.347339243
  outer loop
  vertex -0.089678444 0.0457215533 0.0166708231
  vertex -0.0897169486 0.0457245521 0.0166708231
  vertex -0.089678444 0.0457065552 0.0167111866
  endloop
 endfacet

 facet normal 0.0678668991 0.933701515 0.351561487
  outer loop
  vertex -0.089678444 0.0457065552 0.0167111866
  vertex -0.0897169486 0.0457245521 0.0166708231
  vertex -0.0897196978 0.0457095541 0.0167111866
  endloop
 endfacet

 facet normal 0.0637961403 0.877696633 0.474951208
  outer loop
  vertex -0.089678444 0.0457065552 0.0167111866
  vertex -0.0897196978 0.0457095541 0.0167111866
  vertex -0.0897196978 0.0456885621 0.0167499818
  endloop
 endfacet

 facet normal 0.0681745484 0.875411153 0.478547335
  outer loop
  vertex -0.089678444 0.0457065552 0.0167111866
  vertex -0.0897196978 0.0456885621 0.0167499818
  vertex -0.0896811932 0.0456855632 0.0167499818
  endloop
 endfacet

 facet normal 0.145273507 0.86581111 0.478818029
  outer loop
  vertex -0.089678444 0.0457065552 0.0167111866
  vertex -0.0896811932 0.0456855632 0.0167499818
  vertex -0.0896454304 0.0456795618 0.0167499818
  endloop
 endfacet

 facet normal 0.197952718 0.87552619 0.440759271
  outer loop
  vertex -0.089678444 0.0457065552 0.0167111866
  vertex -0.0896454304 0.0456795618 0.0167499818
  vertex -0.0675365403 0.0407008603 0.0167102069
  endloop
 endfacet

 facet normal 0.196104944 0.867185235 0.457747459
  outer loop
  vertex -0.0675365403 0.0407008603 0.0167102069
  vertex -0.0896454304 0.0456795618 0.0167499818
  vertex -0.0675365403 0.0406798646 0.0167499818
  endloop
 endfacet

 facet normal 0 0.937381387 0.348304659
  outer loop
  vertex -0.0897169486 0.0457245521 0.0166708231
  vertex -0.0897582024 0.0457245521 0.0166708231
  vertex -0.0897582024 0.0457095541 0.0167111866
  endloop
 endfacet

 facet normal 0 0.937381387 0.348304659
  outer loop
  vertex -0.0897169486 0.0457245521 0.0166708231
  vertex -0.0897582024 0.0457095541 0.0167111866
  vertex -0.0897196978 0.0457095541 0.0167111866
  endloop
 endfacet

 facet normal -0.293479919 0.740092278 0.605089188
  outer loop
  vertex -0.0898847282 0.0456105806 0.0168213043
  vertex -0.0898544788 0.0456225798 0.0168213043
  vertex -0.0898957327 0.0456345752 0.0167866237
  endloop
 endfacet

 facet normal -0.329161197 0.724489748 0.60561347
  outer loop
  vertex -0.0898847282 0.0456105806 0.0168213043
  vertex -0.0898957327 0.0456345752 0.0167866237
  vertex -0.0899287388 0.0456195772 0.0167866237
  endloop
 endfacet

 facet normal -0.273030698 0.68852371 0.671855152
  outer loop
  vertex -0.0898847282 0.0456105806 0.0168213043
  vertex -0.0898737311 0.0455835871 0.0168534387
  vertex -0.0898544788 0.0456225798 0.0168213043
  endloop
 endfacet

 facet normal -0.340561718 0.749582529 0.567577064
  outer loop
  vertex -0.0899287388 0.0456195772 0.0167866237
  vertex -0.0898957327 0.0456345752 0.0167866237
  vertex -0.0899039879 0.0456585698 0.0167499818
  endloop
 endfacet

 facet normal -0.280873537 0.772688746 0.56926465
  outer loop
  vertex -0.0899039879 0.0456585698 0.0167499818
  vertex -0.0898957327 0.0456345752 0.0167866237
  vertex -0.0898627266 0.0456465706 0.0167866237
  endloop
 endfacet

 facet normal -0.264435589 0.78812927 0.555811286
  outer loop
  vertex -0.0899039879 0.0456585698 0.0167499818
  vertex -0.0898627266 0.0456465706 0.0167866237
  vertex -0.0898682252 0.0456705652 0.0167499818
  endloop
 endfacet

 facet normal -0.265402764 0.851852357 0.451562941
  outer loop
  vertex -0.0898764804 0.0456885621 0.0167111866
  vertex -0.0898682252 0.0456705652 0.0167499818
  vertex -0.0898379683 0.0457005575 0.0167111866
  endloop
 endfacet

 facet normal -0.27167055 0.871969819 0.407263994
  outer loop
  vertex -0.0898764804 0.0456885621 0.0167111866
  vertex -0.0898379683 0.0457005575 0.0167111866
  vertex -0.0898792297 0.0457065552 0.0166708231
  endloop
 endfacet

 facet normal -0.217262968 0.929736137 0.297300339
  outer loop
  vertex -0.0898792297 0.0457065552 0.0166708231
  vertex -0.0898407251 0.0457155555 0.0166708231
  vertex -0.0898847282 0.0457185544 0.0166292842
  endloop
 endfacet

 facet normal -0.21290265 0.911076963 0.353003204
  outer loop
  vertex -0.0898792297 0.0457065552 0.0166708231
  vertex -0.0898379683 0.0457005575 0.0167111866
  vertex -0.0898407251 0.0457155555 0.0166708231
  endloop
 endfacet

 facet normal -0.223521397 0.683254898 0.695126534
  outer loop
  vertex -0.0898737311 0.0455835871 0.0168534387
  vertex -0.0898462236 0.0455925874 0.0168534387
  vertex -0.0898544788 0.0456225798 0.0168213043
  endloop
 endfacet

 facet normal 0.147668824 0.74470371 0.650853634
  outer loop
  vertex -0.0896619409 0.045601584 0.0168534387
  vertex -0.089656435 0.0456285775 0.0168213043
  vertex -0.0896921903 0.0456075817 0.0168534387
  endloop
 endfacet

 facet normal 0.166933522 0.738167942 0.653637052
  outer loop
  vertex -0.0896619409 0.045601584 0.0168534387
  vertex -0.0675365403 0.040598888 0.0168524589
  vertex -0.0675365403 0.04061988 0.0168287493
  endloop
 endfacet

 facet normal 0.167471737 0.740572572 0.650773048
  outer loop
  vertex -0.0896619409 0.045601584 0.0168534387
  vertex -0.0675365403 0.04061988 0.0168287493
  vertex -0.089656435 0.0456285775 0.0168213043
  endloop
 endfacet

 facet normal 0.136777431 0.752722263 0.643972993
  outer loop
  vertex -0.0896921903 0.0456075817 0.0168534387
  vertex -0.089656435 0.0456285775 0.0168213043
  vertex -0.089689441 0.0456345752 0.0168213043
  endloop
 endfacet

 facet normal 0.0753612369 0.760351598 0.645124912
  outer loop
  vertex -0.0896921903 0.0456075817 0.0168534387
  vertex -0.089689441 0.0456345752 0.0168213043
  vertex -0.0897224471 0.0456105806 0.0168534387
  endloop
 endfacet

 facet normal 0.0694229305 0.763856113 0.641641974
  outer loop
  vertex -0.0897224471 0.0456105806 0.0168534387
  vertex -0.089689441 0.0456345752 0.0168213043
  vertex -0.0897554532 0.0456405729 0.0168213043
  endloop
 endfacet

 facet normal 0 0.731046438 0.682327807
  outer loop
  vertex -0.0897224471 0.0456105806 0.0168534387
  vertex -0.0897554532 0.0456405729 0.0168213043
  vertex -0.0897554532 0.0456105806 0.0168534387
  endloop
 endfacet

 facet normal -0.0662733242 0.729439199 0.680827737
  outer loop
  vertex -0.0897554532 0.0456105806 0.0168534387
  vertex -0.0897554532 0.0456405729 0.0168213043
  vertex -0.0897884667 0.045637574 0.0168213043
  endloop
 endfacet

 facet normal -0.0719679818 0.726068676 0.683845699
  outer loop
  vertex -0.0897554532 0.0456105806 0.0168534387
  vertex -0.0897884667 0.045637574 0.0168213043
  vertex -0.08978571 0.0456075817 0.0168534387
  endloop
 endfacet

 facet normal -0.130722165 0.719163835 0.682433248
  outer loop
  vertex -0.08978571 0.0456075817 0.0168534387
  vertex -0.0897884667 0.045637574 0.0168213043
  vertex -0.0898214728 0.0456315763 0.0168213043
  endloop
 endfacet

 facet normal -0.141097829 0.711565733 0.688306332
  outer loop
  vertex -0.08978571 0.0456075817 0.0168534387
  vertex -0.0898214728 0.0456315763 0.0168213043
  vertex -0.0898159668 0.045601584 0.0168534387
  endloop
 endfacet

 facet normal -0.191080004 0.701042354 0.687042952
  outer loop
  vertex -0.0898159668 0.045601584 0.0168534387
  vertex -0.0898214728 0.0456315763 0.0168213043
  vertex -0.0898544788 0.0456225798 0.0168213043
  endloop
 endfacet

 facet normal -0.204797551 0.688763142 0.695459068
  outer loop
  vertex -0.0898159668 0.045601584 0.0168534387
  vertex -0.0898544788 0.0456225798 0.0168213043
  vertex -0.0898462236 0.0455925874 0.0168534387
  endloop
 endfacet

 facet normal -0.134590417 0.925836265 0.353146881
  outer loop
  vertex -0.0898407251 0.0457155555 0.0166708231
  vertex -0.0898379683 0.0457005575 0.0167111866
  vertex -0.0897967145 0.0457065552 0.0167111866
  endloop
 endfacet

 facet normal -0.134584472 0.925839305 0.353141129
  outer loop
  vertex -0.0898407251 0.0457155555 0.0166708231
  vertex -0.0897967145 0.0457065552 0.0167111866
  vertex -0.0897994637 0.0457215533 0.0166708231
  endloop
 endfacet

 facet normal -0.0726783499 0.933290541 0.351691365
  outer loop
  vertex -0.0897994637 0.0457215533 0.0166708231
  vertex -0.0897967145 0.0457065552 0.0167111866
  vertex -0.0897582024 0.0457095541 0.0167111866
  endloop
 endfacet

 facet normal -0.0680177361 0.935210586 0.347498029
  outer loop
  vertex -0.0897994637 0.0457215533 0.0166708231
  vertex -0.0897582024 0.0457095541 0.0167111866
  vertex -0.0897582024 0.0457245521 0.0166708231
  endloop
 endfacet

 facet normal 0 0.87948817 0.475920767
  outer loop
  vertex -0.0897196978 0.0457095541 0.0167111866
  vertex -0.0897582024 0.0457095541 0.0167111866
  vertex -0.0897582024 0.0456885621 0.0167499818
  endloop
 endfacet

 facet normal 0 0.87948817 0.475920767
  outer loop
  vertex -0.0897196978 0.0457095541 0.0167111866
  vertex -0.0897582024 0.0456885621 0.0167499818
  vertex -0.0897196978 0.0456885621 0.0167499818
  endloop
 endfacet

 facet normal 0 0.836580873 0.547843397
  outer loop
  vertex -0.0897196978 0.0456885621 0.0167499818
  vertex -0.0897582024 0.0456885621 0.0167499818
  vertex -0.0897554532 0.0456645675 0.0167866237
  endloop
 endfacet

 facet normal 0 0.836580873 0.547843397
  outer loop
  vertex -0.0897196978 0.0456885621 0.0167499818
  vertex -0.0897554532 0.0456645675 0.0167866237
  vertex -0.0897224471 0.0456645675 0.0167866237
  endloop
 endfacet

 facet normal 0.0648390949 0.832581401 0.550094724
  outer loop
  vertex -0.0897196978 0.0456885621 0.0167499818
  vertex -0.0897224471 0.0456645675 0.0167866237
  vertex -0.0896811932 0.0456855632 0.0167499818
  endloop
 endfacet

 facet normal 0.0695835277 0.82973361 0.553805292
  outer loop
  vertex -0.0896811932 0.0456855632 0.0167499818
  vertex -0.0897224471 0.0456645675 0.0167866237
  vertex -0.0896866918 0.0456615686 0.0167866237
  endloop
 endfacet

 facet normal 0.137386009 0.819069982 0.557000518
  outer loop
  vertex -0.0896811932 0.0456855632 0.0167499818
  vertex -0.0896866918 0.0456615686 0.0167866237
  vertex -0.0896509364 0.0456555709 0.0167866237
  endloop
 endfacet

 facet normal 0.137432829 0.819081724 0.55697149
  outer loop
  vertex -0.0896811932 0.0456855632 0.0167499818
  vertex -0.0896509364 0.0456555709 0.0167866237
  vertex -0.0896454304 0.0456795618 0.0167499818
  endloop
 endfacet

 facet normal 0.183066696 0.809643388 0.557641685
  outer loop
  vertex -0.0896454304 0.0456795618 0.0167499818
  vertex -0.0896509364 0.0456555709 0.0167866237
  vertex -0.0675365403 0.0406558737 0.0167858396
  endloop
 endfacet

 facet normal 0.184712127 0.816805661 0.546543658
  outer loop
  vertex -0.0896454304 0.0456795618 0.0167499818
  vertex -0.0675365403 0.0406558737 0.0167858396
  vertex -0.0675365403 0.0406798646 0.0167499818
  endloop
 endfacet

 facet normal -0.212397784 0.77925396 0.589618862
  outer loop
  vertex -0.0898544788 0.0456225798 0.0168213043
  vertex -0.0898214728 0.0456315763 0.0168213043
  vertex -0.0898627266 0.0456465706 0.0167866237
  endloop
 endfacet

 facet normal -0.275740117 0.758566558 0.590376377
  outer loop
  vertex -0.0898544788 0.0456225798 0.0168213043
  vertex -0.0898627266 0.0456465706 0.0167866237
  vertex -0.0898957327 0.0456345752 0.0167866237
  endloop
 endfacet

 facet normal -0.202592641 0.805037975 0.557557285
  outer loop
  vertex -0.0898627266 0.0456465706 0.0167866237
  vertex -0.0898269713 0.0456555709 0.0167866237
  vertex -0.0898324698 0.0456795618 0.0167499818
  endloop
 endfacet

 facet normal -0.202546284 0.805028856 0.557587385
  outer loop
  vertex -0.0898627266 0.0456465706 0.0167866237
  vertex -0.0898324698 0.0456795618 0.0167499818
  vertex -0.0898682252 0.0456705652 0.0167499818
  endloop
 endfacet

 facet normal -0.19902496 0.790861249 0.578729331
  outer loop
  vertex -0.0898627266 0.0456465706 0.0167866237
  vertex -0.0898214728 0.0456315763 0.0168213043
  vertex -0.0898269713 0.0456555709 0.0167866237
  endloop
 endfacet

 facet normal -0.212941259 0.846344173 0.488218784
  outer loop
  vertex -0.0898682252 0.0456705652 0.0167499818
  vertex -0.0898324698 0.0456795618 0.0167499818
  vertex -0.0898379683 0.0457005575 0.0167111866
  endloop
 endfacet

 facet normal -0.144551754 0.861509681 0.48672986
  outer loop
  vertex -0.0898379683 0.0457005575 0.0167111866
  vertex -0.0898324698 0.0456795618 0.0167499818
  vertex -0.0897967145 0.0456855632 0.0167499818
  endloop
 endfacet

 facet normal -0.126820415 0.872386932 0.472078025
  outer loop
  vertex -0.0898379683 0.0457005575 0.0167111866
  vertex -0.0897967145 0.0456855632 0.0167499818
  vertex -0.0897967145 0.0457065552 0.0167111866
  endloop
 endfacet

 facet normal 0.140004382 0.77048105 0.621898532
  outer loop
  vertex -0.089656435 0.0456285775 0.0168213043
  vertex -0.0896509364 0.0456555709 0.0167866237
  vertex -0.089689441 0.0456345752 0.0168213043
  endloop
 endfacet

 facet normal 0.168998152 0.747301519 0.642635286
  outer loop
  vertex -0.089656435 0.0456285775 0.0168213043
  vertex -0.0675365403 0.04061988 0.0168287493
  vertex -0.0675365403 0.0406498723 0.0167938732
  endloop
 endfacet

 facet normal 0.172690198 0.763819158 0.621899188
  outer loop
  vertex -0.089656435 0.0456285775 0.0168213043
  vertex -0.0675365403 0.0406498723 0.0167938732
  vertex -0.0896509364 0.0456555709 0.0167866237
  endloop
 endfacet

 facet normal 0.130390391 0.7773633 0.615389824
  outer loop
  vertex -0.089689441 0.0456345752 0.0168213043
  vertex -0.0896509364 0.0456555709 0.0167866237
  vertex -0.0896866918 0.0456615686 0.0167866237
  endloop
 endfacet

 facet normal 0.0712886602 0.784384608 0.616164565
  outer loop
  vertex -0.089689441 0.0456345752 0.0168213043
  vertex -0.0896866918 0.0456615686 0.0167866237
  vertex -0.0897554532 0.0456405729 0.0168213043
  endloop
 endfacet

 facet normal 0.0662489831 0.78997159 0.609553933
  outer loop
  vertex -0.0897554532 0.0456405729 0.0168213043
  vertex -0.0896866918 0.0456615686 0.0167866237
  vertex -0.0897224471 0.0456645675 0.0167866237
  endloop
 endfacet

 facet normal 0 0.822386861 0.568928838
  outer loop
  vertex -0.0897554532 0.0456405729 0.0168213043
  vertex -0.0897224471 0.0456645675 0.0167866237
  vertex -0.0897554532 0.0456645675 0.0167866237
  endloop
 endfacet

 facet normal -0.0688114688 0.820437551 0.567580223
  outer loop
  vertex -0.0897554532 0.0456405729 0.0168213043
  vertex -0.0897554532 0.0456645675 0.0167866237
  vertex -0.0897912085 0.0456615686 0.0167866237
  endloop
 endfacet

 facet normal -0.0742607638 0.817353129 0.571331143
  outer loop
  vertex -0.0897554532 0.0456405729 0.0168213043
  vertex -0.0897912085 0.0456615686 0.0167866237
  vertex -0.0897884667 0.045637574 0.0168213043
  endloop
 endfacet

 facet normal -0.135806903 0.809699893 0.570913792
  outer loop
  vertex -0.0897884667 0.045637574 0.0168213043
  vertex -0.0897912085 0.0456615686 0.0167866237
  vertex -0.0898269713 0.0456555709 0.0167866237
  endloop
 endfacet

 facet normal -0.145886585 0.802590489 0.578416526
  outer loop
  vertex -0.0897884667 0.045637574 0.0168213043
  vertex -0.0898269713 0.0456555709 0.0167866237
  vertex -0.0898214728 0.0456315763 0.0168213043
  endloop
 endfacet

 facet normal -0.0683285221 0.877432764 0.474808484
  outer loop
  vertex -0.0897967145 0.0457065552 0.0167111866
  vertex -0.0897967145 0.0456855632 0.0167499818
  vertex -0.0897582024 0.0456885621 0.0167499818
  endloop
 endfacet

 facet normal -0.0683285221 0.877432764 0.474808484
  outer loop
  vertex -0.0897967145 0.0457065552 0.0167111866
  vertex -0.0897582024 0.0456885621 0.0167499818
  vertex -0.0897582024 0.0457095541 0.0167111866
  endloop
 endfacet

 facet normal -0.0648360699 0.832584858 0.550089777
  outer loop
  vertex -0.0897582024 0.0456885621 0.0167499818
  vertex -0.0897967145 0.0456855632 0.0167499818
  vertex -0.0897554532 0.0456645675 0.0167866237
  endloop
 endfacet

 facet normal 0.178261325 0.788383663 0.588790417
  outer loop
  vertex -0.0896509364 0.0456555709 0.0167866237
  vertex -0.0675365403 0.0406498723 0.0167938732
  vertex -0.0675365403 0.0406558737 0.0167858396
  endloop
 endfacet

 facet normal -0.137378156 0.819067955 0.557005346
  outer loop
  vertex -0.0898269713 0.0456555709 0.0167866237
  vertex -0.0897912085 0.0456615686 0.0167866237
  vertex -0.0897967145 0.0456855632 0.0167499818
  endloop
 endfacet

 facet normal -0.137432829 0.819081724 0.55697149
  outer loop
  vertex -0.0898269713 0.0456555709 0.0167866237
  vertex -0.0897967145 0.0456855632 0.0167499818
  vertex -0.0898324698 0.0456795618 0.0167499818
  endloop
 endfacet

 facet normal -0.0695909187 0.829730928 0.553808331
  outer loop
  vertex -0.0897967145 0.0456855632 0.0167499818
  vertex -0.0897912085 0.0456615686 0.0167866237
  vertex -0.0897554532 0.0456645675 0.0167866237
  endloop
 endfacet

endsolid AssimpScene
