solid AssimpScene
 facet normal 1 0 0
  outer loop
  vertex -0.067986764 -0.026257081 0.0170000009
  vertex -0.067986764 -0.0403384157 0.0170000009
  vertex -0.067986764 -0.0403536856 0.0169996098
  endloop
 endfacet

 facet normal 1 0 0
  outer loop
  vertex -0.067986764 -0.026257081 0.0170000009
  vertex -0.067986764 -0.0403536856 0.0169996098
  vertex -0.067986764 -0.0403823182 0.0169980433
  endloop
 endfacet

 facet normal 1 0 0
  outer loop
  vertex -0.067986764 -0.026257081 0.0170000009
  vertex -0.067986764 -0.0403823182 0.0169980433
  vertex -0.067986764 -0.0403994955 0.0169962812
  endloop
 endfacet

 facet normal 1 0 0
  outer loop
  vertex -0.067986764 -0.026257081 0.0170000009
  vertex -0.067986764 -0.0403994955 0.0169962812
  vertex -0.067986764 -0.0404262207 0.0169923659
  endloop
 endfacet

 facet normal 1 0 0
  outer loop
  vertex -0.067986764 -0.026257081 0.0170000009
  vertex -0.067986764 -0.0404262207 0.0169923659
  vertex -0.067986764 -0.0404433981 0.016989233
  endloop
 endfacet

 facet normal 1 0 0
  outer loop
  vertex -0.067986764 -0.026257081 0.0170000009
  vertex -0.067986764 -0.0404433981 0.016989233
  vertex -0.067986764 -0.0404701233 0.0169827733
  endloop
 endfacet

 facet normal 1 0 0
  outer loop
  vertex -0.067986764 -0.026257081 0.0170000009
  vertex -0.067986764 -0.0404701233 0.0169827733
  vertex -0.067986764 -0.0404853933 0.0169782694
  endloop
 endfacet

 facet normal 1 0 0
  outer loop
  vertex -0.067986764 -0.026257081 0.0170000009
  vertex -0.067986764 -0.0404853933 0.0169782694
  vertex -0.067986764 -0.0405025743 0.0169731788
  endloop
 endfacet

 facet normal 1 0 0
  outer loop
  vertex -0.067986764 -0.026257081 0.0170000009
  vertex -0.067986764 -0.0405025743 0.0169731788
  vertex -0.067986764 -0.0405121185 0.0169696566
  endloop
 endfacet

 facet normal 1 0 0
  outer loop
  vertex -0.067986764 -0.026257081 0.0170000009
  vertex -0.067986764 -0.0405121185 0.0169696566
  vertex -0.067986764 -0.0405273885 0.0169639792
  endloop
 endfacet

 facet normal 1 0 0
  outer loop
  vertex -0.067986764 -0.026257081 0.0170000009
  vertex -0.067986764 -0.0405273885 0.0169639792
  vertex -0.067986764 -0.04055411 0.0169530157
  endloop
 endfacet

 facet normal 1 0 0
  outer loop
  vertex -0.067986764 -0.026257081 0.0170000009
  vertex -0.067986764 -0.04055411 0.0169530157
  vertex -0.067986764 -0.0405941978 0.0169328507
  endloop
 endfacet

 facet normal 1 0 0
  outer loop
  vertex -0.067986764 -0.026257081 0.0170000009
  vertex -0.067986764 -0.0405941978 0.0169328507
  vertex -0.067986764 -0.0406323746 0.0169095546
  endloop
 endfacet

 facet normal 1 0 0
  outer loop
  vertex -0.067986764 -0.026257081 0.0170000009
  vertex -0.067986764 -0.0406323746 0.0169095546
  vertex -0.067986764 -0.0406667292 0.01688293
  endloop
 endfacet

 facet normal 1 0 0
  outer loop
  vertex -0.067986764 -0.026257081 0.0170000009
  vertex -0.067986764 -0.0406667292 0.01688293
  vertex -0.067986764 -0.0406762771 0.0168754905
  endloop
 endfacet

 facet normal 1 0 0
  outer loop
  vertex -0.067986764 -0.026257081 0.0170000009
  vertex -0.067986764 -0.0406762771 0.0168754905
  vertex -0.067986764 -0.0407010913 0.0168525837
  endloop
 endfacet

 facet normal 1 0 0
  outer loop
  vertex -0.067986764 -0.026257081 0.0170000009
  vertex -0.067986764 -0.0407010913 0.0168525837
  vertex -0.067986764 -0.0407087244 0.0168445576
  endloop
 endfacet

 facet normal 1 0 0
  outer loop
  vertex -0.067986764 -0.026257081 0.0170000009
  vertex -0.067986764 -0.0407087244 0.0168445576
  vertex -0.067986764 -0.0407297201 0.0168212615
  endloop
 endfacet

 facet normal 1 0 0
  outer loop
  vertex -0.067986764 -0.026257081 0.0170000009
  vertex -0.067986764 -0.0407297201 0.0168212615
  vertex -0.067986764 -0.040737357 0.0168126468
  endloop
 endfacet

 facet normal 1 0 0
  outer loop
  vertex -0.067986764 -0.026257081 0.0170000009
  vertex -0.067986764 -0.040737357 0.0168126468
  vertex -0.067986764 -0.0407583565 0.0167860221
  endloop
 endfacet

 facet normal 1 0 0
  outer loop
  vertex -0.067986764 -0.026257081 0.0170000009
  vertex -0.067986764 -0.0407583565 0.0167860221
  vertex -0.067986764 -0.0407812595 0.0167498048
  endloop
 endfacet

 facet normal 1 0 0
  outer loop
  vertex -0.067986764 -0.026257081 0.0170000009
  vertex -0.067986764 -0.0407812595 0.0167498048
  vertex -0.067986764 -0.0407984406 0.0167192649
  endloop
 endfacet

 facet normal 1 0 0
  outer loop
  vertex -0.067986764 -0.026257081 0.0170000009
  vertex -0.067986764 -0.0407984406 0.0167192649
  vertex -0.067986764 -0.0408156179 0.0166793279
  endloop
 endfacet

 facet normal 1 0 0
  outer loop
  vertex -0.067986764 -0.026257081 0.0170000009
  vertex -0.067986764 -0.0408156179 0.0166793279
  vertex -0.067986764 -0.0408194363 0.0166699309
  endloop
 endfacet

 facet normal 1 0 0
  outer loop
  vertex -0.067986764 -0.026257081 0.0170000009
  vertex -0.067986764 -0.0408194363 0.0166699309
  vertex -0.067986764 -0.0408327989 0.0166294053
  endloop
 endfacet

 facet normal 1 0 0
  outer loop
  vertex -0.067986764 -0.026257081 0.0170000009
  vertex -0.067986764 -0.0408327989 0.0166294053
  vertex -0.067986764 -0.040840432 0.016595928
  endloop
 endfacet

 facet normal 1 0 0
  outer loop
  vertex -0.067986764 -0.026257081 0.0170000009
  vertex -0.067986764 -0.040840432 0.016595928
  vertex -0.067986764 -0.0408423431 0.0165863354
  endloop
 endfacet

 facet normal 1 0 0
  outer loop
  vertex -0.067986764 -0.026257081 0.0170000009
  vertex -0.067986764 -0.0408423431 0.0165863354
  vertex -0.067986764 -0.0408480689 0.0165430699
  endloop
 endfacet

 facet normal 1 0 0
  outer loop
  vertex -0.067986764 -0.026257081 0.0170000009
  vertex -0.067986764 -0.0408480689 0.0165430699
  vertex -0.067986764 -0.04084998 0.016509397
  endloop
 endfacet

 facet normal 1 0 0
  outer loop
  vertex -0.067986764 -0.026257081 0.0170000009
  vertex -0.067986764 -0.04084998 0.016509397
  vertex -0.067986764 -0.04084998 0.0154999997
  endloop
 endfacet

 facet normal 1 0 0
  outer loop
  vertex -0.067986764 -0.026257081 0.0170000009
  vertex -0.067986764 -0.04084998 0.0154999997
  vertex -0.067986764 -0.0408480689 0.0154569298
  endloop
 endfacet

 facet normal 1 0 0
  outer loop
  vertex -0.067986764 -0.026257081 0.0170000009
  vertex -0.067986764 -0.0408480689 0.0154569298
  vertex -0.067986764 -0.0408423431 0.0154136643
  endloop
 endfacet

 facet normal 1 0 0
  outer loop
  vertex -0.067986764 -0.026257081 0.0170000009
  vertex -0.067986764 -0.0408423431 0.0154136643
  vertex -0.067986764 -0.0408327989 0.0153737273
  endloop
 endfacet

 facet normal 1 0 0
  outer loop
  vertex -0.067986764 -0.026257081 0.0170000009
  vertex -0.067986764 -0.0408327989 0.0153737273
  vertex -0.067986764 -0.0408213474 0.0153330071
  endloop
 endfacet

 facet normal 1 0 0
  outer loop
  vertex -0.067986764 -0.026257081 0.0170000009
  vertex -0.067986764 -0.0408213474 0.0153330071
  vertex -0.067986764 -0.0408041663 0.0152924825
  endloop
 endfacet

 facet normal 1 0 0
  outer loop
  vertex -0.067986764 -0.026257081 0.0170000009
  vertex -0.067986764 -0.0408041663 0.0152924825
  vertex -0.067986764 -0.0407831706 0.0152521534
  endloop
 endfacet

 facet normal 1 0 0
  outer loop
  vertex -0.067986764 -0.026257081 0.0170000009
  vertex -0.067986764 -0.0407831706 0.0152521534
  vertex -0.067986764 -0.0407602638 0.0152159361
  endloop
 endfacet

 facet normal 1 0 0
  outer loop
  vertex -0.067986764 -0.026257081 0.0170000009
  vertex -0.067986764 -0.0407602638 0.0152159361
  vertex -0.067986764 -0.0407297201 0.0151787391
  endloop
 endfacet

 facet normal 1 0 0
  outer loop
  vertex -0.067986764 -0.026257081 0.0170000009
  vertex -0.067986764 -0.0407297201 0.0151787391
  vertex -0.067986764 -0.0407010913 0.0151476115
  endloop
 endfacet

 facet normal 1 0 0
  outer loop
  vertex -0.067986764 -0.026257081 0.0170000009
  vertex -0.067986764 -0.0407010913 0.0151476115
  vertex -0.067986764 -0.0406667292 0.0151170716
  endloop
 endfacet

 facet normal 1 0 0
  outer loop
  vertex -0.067986764 -0.026257081 0.0170000009
  vertex -0.067986764 -0.0406667292 0.0151170716
  vertex -0.067986764 -0.0406419151 0.0150974942
  endloop
 endfacet

 facet normal 1 0 0
  outer loop
  vertex -0.067986764 -0.026257081 0.0170000009
  vertex -0.067986764 -0.0406419151 0.0150974942
  vertex -0.067986764 -0.0406323746 0.015090446
  endloop
 endfacet

 facet normal 1 0 0
  outer loop
  vertex -0.067986764 -0.026257081 0.0170000009
  vertex -0.067986764 -0.0406323746 0.015090446
  vertex -0.067986764 -0.0406132862 0.0150779169
  endloop
 endfacet

 facet normal 1 0 0
  outer loop
  vertex -0.067986764 -0.026257081 0.0170000009
  vertex -0.067986764 -0.0406132862 0.0150779169
  vertex -0.067986764 -0.0405999236 0.015070281
  endloop
 endfacet

 facet normal 1 0 0
  outer loop
  vertex -0.067986764 -0.026257081 0.0170000009
  vertex -0.067986764 -0.0405999236 0.015070281
  vertex -0.067986764 -0.0405808352 0.015059514
  endloop
 endfacet

 facet normal 1 0 0
  outer loop
  vertex -0.067986764 -0.026257081 0.0170000009
  vertex -0.067986764 -0.0405808352 0.015059514
  vertex -0.067986764 -0.0405655652 0.015051879
  endloop
 endfacet

 facet normal 1 0 0
  outer loop
  vertex -0.067986764 -0.026257081 0.0170000009
  vertex -0.067986764 -0.0405655652 0.015051879
  vertex -0.067986764 -0.0405350253 0.0150387622
  endloop
 endfacet

 facet normal 1 0 0
  outer loop
  vertex -0.067986764 -0.026257081 0.0170000009
  vertex -0.067986764 -0.0405350253 0.0150387622
  vertex -0.067986764 -0.0405121185 0.015030344
  endloop
 endfacet

 facet normal 1 0 0
  outer loop
  vertex -0.067986764 -0.026257081 0.0170000009
  vertex -0.067986764 -0.0405121185 0.015030344
  vertex -0.067986764 -0.0404930301 0.0150234923
  endloop
 endfacet

 facet normal 1 0 0
  outer loop
  vertex -0.067986764 -0.026257081 0.0170000009
  vertex -0.067986764 -0.0404930301 0.0150234923
  vertex -0.067986764 -0.0404701233 0.0150172273
  endloop
 endfacet

 facet normal 1 0 0
  outer loop
  vertex -0.067986764 -0.026257081 0.0170000009
  vertex -0.067986764 -0.0404701233 0.0150172273
  vertex -0.067986764 -0.0404491276 0.0150121385
  endloop
 endfacet

 facet normal 1 0 0
  outer loop
  vertex -0.067986764 -0.026257081 0.0170000009
  vertex -0.067986764 -0.0404491276 0.0150121385
  vertex -0.067986764 -0.0404262207 0.0150076346
  endloop
 endfacet

 facet normal 1 0 0
  outer loop
  vertex -0.067986764 -0.026257081 0.0170000009
  vertex -0.067986764 -0.0404262207 0.0150076346
  vertex -0.067986764 -0.0404185839 0.0150064602
  endloop
 endfacet

 facet normal 1 0 0
  outer loop
  vertex -0.067986764 -0.026257081 0.0170000009
  vertex -0.067986764 -0.0404185839 0.0150064602
  vertex -0.067986764 -0.0404014066 0.0150039159
  endloop
 endfacet

 facet normal 1 0 0
  outer loop
  vertex -0.067986764 -0.026257081 0.0170000009
  vertex -0.067986764 -0.0404014066 0.0150039159
  vertex -0.067986764 -0.0403823182 0.0150019573
  endloop
 endfacet

 facet normal 1 0 0
  outer loop
  vertex -0.067986764 -0.026257081 0.0170000009
  vertex -0.067986764 -0.0403823182 0.0150019573
  vertex -0.067986764 -0.0403613225 0.0150005873
  endloop
 endfacet

 facet normal 1 0 0
  outer loop
  vertex -0.067986764 -0.026257081 0.0170000009
  vertex -0.067986764 -0.0403613225 0.0150005873
  vertex -0.067986764 -0.0403384157 0.0149999997
  endloop
 endfacet

 facet normal 1 0 0
  outer loop
  vertex -0.067986764 -0.026257081 0.0170000009
  vertex -0.067986764 -0.0403384157 0.0149999997
  vertex -0.067986764 -0.026257081 0.0149999997
  endloop
 endfacet

 facet normal 0 1 0
  outer loop
  vertex -0.067986764 -0.026257081 0.0170000009
  vertex -0.067986764 -0.026257081 0.0149999997
  vertex -0.0940363854 -0.026257081 0.0149999997
  endloop
 endfacet

 facet normal 0 1 0
  outer loop
  vertex -0.067986764 -0.026257081 0.0170000009
  vertex -0.0940363854 -0.026257081 0.0149999997
  vertex -0.0940467939 -0.026257081 0.0150003918
  endloop
 endfacet

 facet normal 0 1 0
  outer loop
  vertex -0.067986764 -0.026257081 0.0170000009
  vertex -0.0940467939 -0.026257081 0.0150003918
  vertex -0.09408319 -0.026257081 0.0150019573
  endloop
 endfacet

 facet normal 0 1 0
  outer loop
  vertex -0.067986764 -0.026257081 0.0170000009
  vertex -0.09408319 -0.026257081 0.0150019573
  vertex -0.0941274017 -0.026257081 0.0150076346
  endloop
 endfacet

 facet normal 0 1 0
  outer loop
  vertex -0.067986764 -0.026257081 0.0170000009
  vertex -0.0941274017 -0.026257081 0.0150076346
  vertex -0.0941690058 -0.026257081 0.0150172273
  endloop
 endfacet

 facet normal 0 1 0
  outer loop
  vertex -0.067986764 -0.026257081 0.0170000009
  vertex -0.0941690058 -0.026257081 0.0150172273
  vertex -0.0941794068 -0.026257081 0.0150197735
  endloop
 endfacet

 facet normal 0 1 0
  outer loop
  vertex -0.067986764 -0.026257081 0.0170000009
  vertex -0.0941794068 -0.026257081 0.0150197735
  vertex -0.09421321 -0.026257081 0.015030344
  endloop
 endfacet

 facet normal 0 1 0
  outer loop
  vertex -0.067986764 -0.026257081 0.0170000009
  vertex -0.09421321 -0.026257081 0.015030344
  vertex -0.0942548141 -0.026257081 0.0150469849
  endloop
 endfacet

 facet normal 0 1 0
  outer loop
  vertex -0.067986764 -0.026257081 0.0170000009
  vertex -0.0942548141 -0.026257081 0.0150469849
  vertex -0.0942938179 -0.026257081 0.0150671499
  endloop
 endfacet

 facet normal 0 1 0
  outer loop
  vertex -0.067986764 -0.026257081 0.0170000009
  vertex -0.0942938179 -0.026257081 0.0150671499
  vertex -0.0943016186 -0.026257081 0.0150718484
  endloop
 endfacet

 facet normal 0 1 0
  outer loop
  vertex -0.067986764 -0.026257081 0.0170000009
  vertex -0.0943016186 -0.026257081 0.0150718484
  vertex -0.0943302214 -0.026257081 0.015090446
  endloop
 endfacet

 facet normal 0 1 0
  outer loop
  vertex -0.067986764 -0.026257081 0.0170000009
  vertex -0.0943302214 -0.026257081 0.015090446
  vertex -0.0943380222 -0.026257081 0.0150959278
  endloop
 endfacet

 facet normal 0 1 0
  outer loop
  vertex -0.067986764 -0.026257081 0.0170000009
  vertex -0.0943380222 -0.026257081 0.0150959278
  vertex -0.094366625 -0.026257081 0.0151170716
  endloop
 endfacet

 facet normal 0 1 0
  outer loop
  vertex -0.067986764 -0.026257081 0.0170000009
  vertex -0.094366625 -0.026257081 0.0151170716
  vertex -0.0943744257 -0.026257081 0.0151229445
  endloop
 endfacet

 facet normal 0 1 0
  outer loop
  vertex -0.067986764 -0.026257081 0.0170000009
  vertex -0.0943744257 -0.026257081 0.0151229445
  vertex -0.0944004282 -0.026257081 0.0151466327
  endloop
 endfacet

 facet normal 0 1 0
  outer loop
  vertex -0.067986764 -0.026257081 0.0170000009
  vertex -0.0944004282 -0.026257081 0.0151466327
  vertex -0.094429031 -0.026257081 0.0151787391
  endloop
 endfacet

 facet normal 0 1 0
  outer loop
  vertex -0.067986764 -0.026257081 0.0170000009
  vertex -0.094429031 -0.026257081 0.0151787391
  vertex -0.0944576338 -0.026257081 0.0152133908
  endloop
 endfacet

 facet normal 0 1 0
  outer loop
  vertex -0.067986764 -0.026257081 0.0170000009
  vertex -0.0944576338 -0.026257081 0.0152133908
  vertex -0.0944628343 -0.026257081 0.0152206346
  endloop
 endfacet

 facet normal 0 1 0
  outer loop
  vertex -0.067986764 -0.026257081 0.0170000009
  vertex -0.0944628343 -0.026257081 0.0152206346
  vertex -0.0944862366 -0.026257081 0.0152578317
  endloop
 endfacet

 facet normal 0 1 0
  outer loop
  vertex -0.067986764 -0.026257081 0.0170000009
  vertex -0.0944862366 -0.026257081 0.0152578317
  vertex -0.0945018381 -0.026257081 0.0152887627
  endloop
 endfacet

 facet normal 0 1 0
  outer loop
  vertex -0.067986764 -0.026257081 0.0170000009
  vertex -0.0945018381 -0.026257081 0.0152887627
  vertex -0.0945200399 -0.026257081 0.0153290918
  endloop
 endfacet

 facet normal 0 1 0
  outer loop
  vertex -0.067986764 -0.026257081 0.0170000009
  vertex -0.0945200399 -0.026257081 0.0153290918
  vertex -0.0945330411 -0.026257081 0.0153705953
  endloop
 endfacet

 facet normal 0 1 0
  outer loop
  vertex -0.067986764 -0.026257081 0.0170000009
  vertex -0.0945330411 -0.026257081 0.0153705953
  vertex -0.0945356414 -0.026257081 0.0153792091
  endloop
 endfacet

 facet normal 0 1 0
  outer loop
  vertex -0.067986764 -0.026257081 0.0170000009
  vertex -0.0945356414 -0.026257081 0.0153792091
  vertex -0.0945434421 -0.026257081 0.0154132731
  endloop
 endfacet

 facet normal 0 1 0
  outer loop
  vertex -0.067986764 -0.026257081 0.0170000009
  vertex -0.0945434421 -0.026257081 0.0154132731
  vertex -0.0945486426 -0.026257081 0.0154565386
  endloop
 endfacet

 facet normal 0 1 0
  outer loop
  vertex -0.067986764 -0.026257081 0.0170000009
  vertex -0.0945486426 -0.026257081 0.0154565386
  vertex -0.0945486426 -0.026257081 0.016543461
  endloop
 endfacet

 facet normal 0 1 0
  outer loop
  vertex -0.067986764 -0.026257081 0.0170000009
  vertex -0.0945486426 -0.026257081 0.016543461
  vertex -0.0945434421 -0.026257081 0.0165867284
  endloop
 endfacet

 facet normal 0 1 0
  outer loop
  vertex -0.067986764 -0.026257081 0.0170000009
  vertex -0.0945434421 -0.026257081 0.0165867284
  vertex -0.0945330411 -0.026257081 0.0166294053
  endloop
 endfacet

 facet normal 0 1 0
  outer loop
  vertex -0.067986764 -0.026257081 0.0170000009
  vertex -0.0945330411 -0.026257081 0.0166294053
  vertex -0.0945200399 -0.026257081 0.0166709088
  endloop
 endfacet

 facet normal 0 1 0
  outer loop
  vertex -0.067986764 -0.026257081 0.0170000009
  vertex -0.0945200399 -0.026257081 0.0166709088
  vertex -0.0945018381 -0.026257081 0.0167112369
  endloop
 endfacet

 facet normal 0 1 0
  outer loop
  vertex -0.067986764 -0.026257081 0.0170000009
  vertex -0.0945018381 -0.026257081 0.0167112369
  vertex -0.0944810361 -0.026257081 0.0167498048
  endloop
 endfacet

 facet normal 0 1 0
  outer loop
  vertex -0.067986764 -0.026257081 0.0170000009
  vertex -0.0944810361 -0.026257081 0.0167498048
  vertex -0.0944576338 -0.026257081 0.0167866088
  endloop
 endfacet

 facet normal 0 1 0
  outer loop
  vertex -0.067986764 -0.026257081 0.0170000009
  vertex -0.0944576338 -0.026257081 0.0167866088
  vertex -0.0944524333 -0.026257081 0.0167936571
  endloop
 endfacet

 facet normal 0 1 0
  outer loop
  vertex -0.067986764 -0.026257081 0.0170000009
  vertex -0.0944524333 -0.026257081 0.0167936571
  vertex -0.0944238305 -0.026257081 0.0168277211
  endloop
 endfacet

 facet normal 0 1 0
  outer loop
  vertex -0.067986764 -0.026257081 0.0170000009
  vertex -0.0944238305 -0.026257081 0.0168277211
  vertex -0.0944004282 -0.026257081 0.0168533679
  endloop
 endfacet

 facet normal 0 1 0
  outer loop
  vertex -0.067986764 -0.026257081 0.0170000009
  vertex -0.0944004282 -0.026257081 0.0168533679
  vertex -0.094366625 -0.026257081 0.01688293
  endloop
 endfacet

 facet normal 0 1 0
  outer loop
  vertex -0.067986764 -0.026257081 0.0170000009
  vertex -0.094366625 -0.026257081 0.01688293
  vertex -0.0943250209 -0.026257081 0.0169142541
  endloop
 endfacet

 facet normal 0 1 0
  outer loop
  vertex -0.067986764 -0.026257081 0.0170000009
  vertex -0.0943250209 -0.026257081 0.0169142541
  vertex -0.0942938179 -0.026257081 0.0169328507
  endloop
 endfacet

 facet normal 0 1 0
  outer loop
  vertex -0.067986764 -0.026257081 0.0170000009
  vertex -0.0942938179 -0.026257081 0.0169328507
  vertex -0.0942860171 -0.026257081 0.0169369634
  endloop
 endfacet

 facet normal 0 1 0
  outer loop
  vertex -0.067986764 -0.026257081 0.0170000009
  vertex -0.0942860171 -0.026257081 0.0169369634
  vertex -0.0942548141 -0.026257081 0.0169530157
  endloop
 endfacet

 facet normal 0 1 0
  outer loop
  vertex -0.067986764 -0.026257081 0.0170000009
  vertex -0.0942548141 -0.026257081 0.0169530157
  vertex -0.09421321 -0.026257081 0.0169696566
  endloop
 endfacet

 facet normal 0 1 0
  outer loop
  vertex -0.067986764 -0.026257081 0.0170000009
  vertex -0.09421321 -0.026257081 0.0169696566
  vertex -0.0941690058 -0.026257081 0.0169827733
  endloop
 endfacet

 facet normal 0 1 0
  outer loop
  vertex -0.067986764 -0.026257081 0.0170000009
  vertex -0.0941690058 -0.026257081 0.0169827733
  vertex -0.094161205 -0.026257081 0.016984731
  endloop
 endfacet

 facet normal 0 1 0
  outer loop
  vertex -0.067986764 -0.026257081 0.0170000009
  vertex -0.094161205 -0.026257081 0.016984731
  vertex -0.0941274017 -0.026257081 0.0169923659
  endloop
 endfacet

 facet normal 0 1 0
  outer loop
  vertex -0.067986764 -0.026257081 0.0170000009
  vertex -0.0941274017 -0.026257081 0.0169923659
  vertex -0.09408319 -0.026257081 0.0169980433
  endloop
 endfacet

 facet normal 0 1 0
  outer loop
  vertex -0.067986764 -0.026257081 0.0170000009
  vertex -0.09408319 -0.026257081 0.0169980433
  vertex -0.0940363854 -0.026257081 0.0170000009
  endloop
 endfacet

 facet normal 0 0 1
  outer loop
  vertex -0.067986764 -0.026257081 0.0170000009
  vertex -0.0940363854 -0.026257081 0.0170000009
  vertex -0.0897407234 -0.0452574342 0.0170000009
  endloop
 endfacet

 facet normal 0 0 1
  outer loop
  vertex -0.067986764 -0.026257081 0.0170000009
  vertex -0.0897407234 -0.0452574342 0.0170000009
  vertex -0.067986764 -0.0403384157 0.0170000009
  endloop
 endfacet

 facet normal 0.00579485064 -0.0256272461 0.99965477
  outer loop
  vertex -0.067986764 -0.0403384157 0.0170000009
  vertex -0.0897407234 -0.0452574342 0.0170000009
  vertex -0.067986764 -0.0403536856 0.0169996098
  endloop
 endfacet

 facet normal 0 0 -1
  outer loop
  vertex -0.067986764 -0.026257081 0.0149999997
  vertex -0.067986764 -0.0403384157 0.0149999997
  vertex -0.0897407234 -0.0452574342 0.0149999997
  endloop
 endfacet

 facet normal 0 0 -1
  outer loop
  vertex -0.067986764 -0.026257081 0.0149999997
  vertex -0.0897407234 -0.0452574342 0.0149999997
  vertex -0.0940363854 -0.026257081 0.0149999997
  endloop
 endfacet

 facet normal -0.0417833738 -0.00944653247 0.999082148
  outer loop
  vertex -0.0940363854 -0.026257081 0.0170000009
  vertex -0.09408319 -0.026257081 0.0169980433
  vertex -0.0897407234 -0.0452574342 0.0170000009
  endloop
 endfacet

 facet normal 0.00992605463 -0.0439541005 0.998984277
  outer loop
  vertex -0.067986764 -0.0403536856 0.0169996098
  vertex -0.0897407234 -0.0452574342 0.0170000009
  vertex -0.0897381231 -0.0453013368 0.0169980433
  endloop
 endfacet

 facet normal 0.0123489564 -0.0546057336 0.998431623
  outer loop
  vertex -0.067986764 -0.0403536856 0.0169996098
  vertex -0.0897381231 -0.0453013368 0.0169980433
  vertex -0.067986764 -0.0403823182 0.0169980433
  endloop
 endfacet

 facet normal -0.0410151966 -0.0186356232 0.998984754
  outer loop
  vertex -0.0897407234 -0.0452574342 0.0170000009
  vertex -0.0897823274 -0.0452707969 0.0169980433
  vertex -0.0897797272 -0.0452765226 0.0169980433
  endloop
 endfacet

 facet normal -0.0376045741 -0.0256031156 0.998964727
  outer loop
  vertex -0.0897407234 -0.0452574342 0.0170000009
  vertex -0.0897797272 -0.0452765226 0.0169980433
  vertex -0.0897745267 -0.0452841595 0.0169980433
  endloop
 endfacet

 facet normal -0.0336678922 -0.030583106 0.998965025
  outer loop
  vertex -0.0897407234 -0.0452574342 0.0170000009
  vertex -0.0897745267 -0.0452841595 0.0169980433
  vertex -0.0897693262 -0.0452898815 0.0169980433
  endloop
 endfacet

 facet normal -0.0268559046 -0.0365882963 0.998969495
  outer loop
  vertex -0.0897407234 -0.0452574342 0.0170000009
  vertex -0.0897693262 -0.0452898815 0.0169980433
  vertex -0.0897615254 -0.0452956073 0.0169980433
  endloop
 endfacet

 facet normal -0.0197930094 -0.040438205 0.998986006
  outer loop
  vertex -0.0897407234 -0.0452574342 0.0170000009
  vertex -0.0897615254 -0.0452956073 0.0169980433
  vertex -0.0897537246 -0.0452994294 0.0169980433
  endloop
 endfacet

 facet normal -0.00808613282 -0.044063203 0.998996019
  outer loop
  vertex -0.0897407234 -0.0452574342 0.0170000009
  vertex -0.0897537246 -0.0452994294 0.0169980433
  vertex -0.0897433236 -0.0453013368 0.0169980433
  endloop
 endfacet

 facet normal 0 -0.0445428714 0.999007463
  outer loop
  vertex -0.0897407234 -0.0452574342 0.0170000009
  vertex -0.0897433236 -0.0453013368 0.0169980433
  vertex -0.0897381231 -0.0453013368 0.0169980433
  endloop
 endfacet

 facet normal -0.043817237 -0.00991137605 0.998990417
  outer loop
  vertex -0.0897407234 -0.0452574342 0.0170000009
  vertex -0.09408319 -0.026257081 0.0169980433
  vertex -0.0897823274 -0.0452707969 0.0169980433
  endloop
 endfacet

 facet normal 0.00579497498 -0.0256277919 -0.99965477
  outer loop
  vertex -0.067986764 -0.0403384157 0.0149999997
  vertex -0.067986764 -0.0403613225 0.0150005873
  vertex -0.0897407234 -0.0452574342 0.0149999997
  endloop
 endfacet

 facet normal -0.0376084447 -0.00850265101 -0.999256372
  outer loop
  vertex -0.0940363854 -0.026257081 0.0149999997
  vertex -0.0897407234 -0.0452574342 0.0149999997
  vertex -0.0940467939 -0.026257081 0.0150003918
  endloop
 endfacet

 facet normal -0.127338067 -0.0287949573 0.99144125
  outer loop
  vertex -0.09408319 -0.026257081 0.0169980433
  vertex -0.0941274017 -0.026257081 0.0169923659
  vertex -0.0898265317 -0.0452765226 0.0169923659
  endloop
 endfacet

 facet normal -0.123772725 -0.0279971566 0.991915584
  outer loop
  vertex -0.09408319 -0.026257081 0.0169980433
  vertex -0.0898265317 -0.0452765226 0.0169923659
  vertex -0.0897823274 -0.0452707969 0.0169980433
  endloop
 endfacet

 facet normal 0.0230775215 -0.102046266 0.994511962
  outer loop
  vertex -0.067986764 -0.0403823182 0.0169980433
  vertex -0.0897381231 -0.0453013368 0.0169980433
  vertex -0.067986764 -0.0403994955 0.0169962812
  endloop
 endfacet

 facet normal 0 -0.133977354 0.99098438
  outer loop
  vertex -0.0897381231 -0.0453013368 0.0169980433
  vertex -0.0897433236 -0.0453013368 0.0169980433
  vertex -0.0897511244 -0.045343332 0.0169923659
  endloop
 endfacet

 facet normal 0 -0.133977354 0.99098438
  outer loop
  vertex -0.0897381231 -0.0453013368 0.0169980433
  vertex -0.0897511244 -0.045343332 0.0169923659
  vertex -0.0897303224 -0.045343332 0.0169923659
  endloop
 endfacet

 facet normal 0.0290651824 -0.128616989 0.991268337
  outer loop
  vertex -0.0897381231 -0.0453013368 0.0169980433
  vertex -0.0897303224 -0.045343332 0.0169923659
  vertex -0.067986764 -0.0403994955 0.0169962812
  endloop
 endfacet

 facet normal -0.121987715 -0.0415277295 0.991662443
  outer loop
  vertex -0.0897823274 -0.0452707969 0.0169980433
  vertex -0.0898265317 -0.0452765226 0.0169923659
  vertex -0.0898239315 -0.0452841595 0.0169923659
  endloop
 endfacet

 facet normal -0.120279193 -0.0468359403 0.991634727
  outer loop
  vertex -0.0897823274 -0.0452707969 0.0169980433
  vertex -0.0898239315 -0.0452841595 0.0169923659
  vertex -0.089818731 -0.0452975184 0.0169923659
  endloop
 endfacet

 facet normal -0.11600282 -0.0527069233 0.991849422
  outer loop
  vertex -0.0897823274 -0.0452707969 0.0169980433
  vertex -0.089818731 -0.0452975184 0.0169923659
  vertex -0.0897797272 -0.0452765226 0.0169980433
  endloop
 endfacet

 facet normal -0.105634019 -0.0719537586 0.991798401
  outer loop
  vertex -0.0897797272 -0.0452765226 0.0169980433
  vertex -0.089818731 -0.0452975184 0.0169923659
  vertex -0.0898057297 -0.0453166068 0.0169923659
  endloop
 endfacet

 facet normal -0.105658486 -0.0719376951 0.99179697
  outer loop
  vertex -0.0897797272 -0.0452765226 0.0169980433
  vertex -0.0898057297 -0.0453166068 0.0169923659
  vertex -0.0897745267 -0.0452841595 0.0169980433
  endloop
 endfacet

 facet normal -0.0928313285 -0.0843257457 0.99210453
  outer loop
  vertex -0.0897745267 -0.0452841595 0.0169980433
  vertex -0.0898057297 -0.0453166068 0.0169923659
  vertex -0.0897693262 -0.0452898815 0.0169980433
  endloop
 endfacet

 facet normal -0.0773166642 -0.10531649 0.991428673
  outer loop
  vertex -0.0897693262 -0.0452898815 0.0169980433
  vertex -0.0898057297 -0.0453166068 0.0169923659
  vertex -0.0897875279 -0.0453299694 0.0169923659
  endloop
 endfacet

 facet normal -0.0773061067 -0.105321318 0.991428852
  outer loop
  vertex -0.0897693262 -0.0452898815 0.0169980433
  vertex -0.0897875279 -0.0453299694 0.0169923659
  vertex -0.0897615254 -0.0452956073 0.0169980433
  endloop
 endfacet

 facet normal -0.0666035935 -0.113401972 0.991314292
  outer loop
  vertex -0.0897615254 -0.0452956073 0.0169980433
  vertex -0.0897875279 -0.0453299694 0.0169923659
  vertex -0.0897745267 -0.0453376025 0.0169923659
  endloop
 endfacet

 facet normal -0.0569808334 -0.116414979 0.991564751
  outer loop
  vertex -0.0897615254 -0.0452956073 0.0169980433
  vertex -0.0897745267 -0.0453376025 0.0169923659
  vertex -0.0897537246 -0.0452994294 0.0169980433
  endloop
 endfacet

 facet normal -0.0237831455 -0.129599839 0.991281152
  outer loop
  vertex -0.0897537246 -0.0452994294 0.0169980433
  vertex -0.0897511244 -0.045343332 0.0169923659
  vertex -0.0897433236 -0.0453013368 0.0169980433
  endloop
 endfacet

 facet normal -0.0318246186 -0.130039364 0.99099797
  outer loop
  vertex -0.0897537246 -0.0452994294 0.0169980433
  vertex -0.0897745267 -0.0453376025 0.0169923659
  vertex -0.0897511244 -0.045343332 0.0169923659
  endloop
 endfacet

 facet normal 0.0147241168 -0.0651103407 -0.997769475
  outer loop
  vertex -0.067986764 -0.0403613225 0.0150005873
  vertex -0.067986764 -0.0403823182 0.0150019573
  vertex -0.0897303224 -0.0452994294 0.0150019573
  endloop
 endfacet

 facet normal 0.00995268114 -0.044101011 -0.998977542
  outer loop
  vertex -0.067986764 -0.0403613225 0.0150005873
  vertex -0.0897303224 -0.0452994294 0.0150019573
  vertex -0.0897407234 -0.0452574342 0.0149999997
  endloop
 endfacet

 facet normal -0.0324375555 -0.0545529574 -0.997983873
  outer loop
  vertex -0.0897407234 -0.0452574342 0.0149999997
  vertex -0.0897303224 -0.0452994294 0.0150019573
  vertex -0.0897745267 -0.0453089699 0.0150039159
  endloop
 endfacet

 facet normal -0.0347956419 -0.0530064553 -0.997987866
  outer loop
  vertex -0.0897407234 -0.0452574342 0.0149999997
  vertex -0.0897745267 -0.0453089699 0.0150039159
  vertex -0.0897823274 -0.0452669784 0.0150019573
  endloop
 endfacet

 facet normal -0.044679895 -0.0101085389 -0.998950303
  outer loop
  vertex -0.0897407234 -0.0452574342 0.0149999997
  vertex -0.0897823274 -0.0452669784 0.0150019573
  vertex -0.09408319 -0.026257081 0.0150019573
  endloop
 endfacet

 facet normal -0.0429759137 -0.00971909054 -0.999028862
  outer loop
  vertex -0.0897407234 -0.0452574342 0.0149999997
  vertex -0.09408319 -0.026257081 0.0150019573
  vertex -0.0940467939 -0.026257081 0.0150003918
  endloop
 endfacet

 facet normal -0.220044479 -0.0497437268 0.974220812
  outer loop
  vertex -0.0941274017 -0.026257081 0.0169923659
  vertex -0.094161205 -0.026257081 0.016984731
  vertex -0.0898681358 -0.0452860631 0.0169827733
  endloop
 endfacet

 facet normal -0.213865012 -0.0483613014 0.97566545
  outer loop
  vertex -0.0941274017 -0.026257081 0.0169923659
  vertex -0.0898681358 -0.0452860631 0.0169827733
  vertex -0.0898265317 -0.0452765226 0.0169923659
  endloop
 endfacet

 facet normal -0.208611295 -0.0710166097 0.975416839
  outer loop
  vertex -0.0898265317 -0.0452765226 0.0169923659
  vertex -0.0898681358 -0.0452860631 0.0169827733
  vertex -0.0898239315 -0.0452841595 0.0169923659
  endloop
 endfacet

 facet normal 0.0327618867 -0.144873664 0.988907695
  outer loop
  vertex -0.067986764 -0.0403994955 0.0169962812
  vertex -0.0897303224 -0.045343332 0.0169923659
  vertex -0.067986764 -0.0404262207 0.0169923659
  endloop
 endfacet

 facet normal 0 -0.213463038 0.976951122
  outer loop
  vertex -0.0897303224 -0.045343332 0.0169923659
  vertex -0.0897511244 -0.045343332 0.0169923659
  vertex -0.0897459239 -0.0453872345 0.0169827733
  endloop
 endfacet

 facet normal 0.0179185979 -0.219502792 0.975447357
  outer loop
  vertex -0.0897303224 -0.045343332 0.0169923659
  vertex -0.0897459239 -0.0453872345 0.0169827733
  vertex -0.0897225216 -0.0453853235 0.0169827733
  endloop
 endfacet

 facet normal 0.0395077728 -0.215548575 0.975693583
  outer loop
  vertex -0.0897303224 -0.045343332 0.0169923659
  vertex -0.0897225216 -0.0453853235 0.0169827733
  vertex -0.0897121206 -0.0453834161 0.0169827733
  endloop
 endfacet

 facet normal 0.047881268 -0.211850271 0.976128519
  outer loop
  vertex -0.0897303224 -0.045343332 0.0169923659
  vertex -0.0897121206 -0.0453834161 0.0169827733
  vertex -0.067986764 -0.0404433981 0.016989233
  endloop
 endfacet

 facet normal 0.0405248702 -0.179201722 0.98297745
  outer loop
  vertex -0.0897303224 -0.045343332 0.0169923659
  vertex -0.067986764 -0.0404433981 0.016989233
  vertex -0.067986764 -0.0404262207 0.0169923659
  endloop
 endfacet

 facet normal -0.208249986 -0.0773560926 0.975011885
  outer loop
  vertex -0.0898239315 -0.0452841595 0.0169923659
  vertex -0.0898681358 -0.0452860631 0.0169827733
  vertex -0.089860335 -0.0453070626 0.0169827733
  endloop
 endfacet

 facet normal -0.206394166 -0.0803685412 0.975162745
  outer loop
  vertex -0.0898239315 -0.0452841595 0.0169923659
  vertex -0.089860335 -0.0453070626 0.0169827733
  vertex -0.089818731 -0.0452975184 0.0169923659
  endloop
 endfacet

 facet normal -0.199577466 -0.108743213 0.973829389
  outer loop
  vertex -0.089818731 -0.0452975184 0.0169923659
  vertex -0.089860335 -0.0453070626 0.0169827733
  vertex -0.089849934 -0.045326151 0.0169827733
  endloop
 endfacet

 facet normal -0.184400886 -0.125606686 0.974791944
  outer loop
  vertex -0.089818731 -0.0452975184 0.0169923659
  vertex -0.089849934 -0.045326151 0.0169827733
  vertex -0.0898369327 -0.0453452393 0.0169827733
  endloop
 endfacet

 facet normal -0.184400886 -0.125606686 0.974791944
  outer loop
  vertex -0.089818731 -0.0452975184 0.0169923659
  vertex -0.0898369327 -0.0453452393 0.0169827733
  vertex -0.0898057297 -0.0453166068 0.0169923659
  endloop
 endfacet

 facet normal -0.14313361 -0.170615554 0.974886179
  outer loop
  vertex -0.0898057297 -0.0453166068 0.0169923659
  vertex -0.0898369327 -0.0453452393 0.0169827733
  vertex -0.089818731 -0.0453605093 0.0169827733
  endloop
 endfacet

 facet normal -0.128614947 -0.175180137 0.976099551
  outer loop
  vertex -0.0898057297 -0.0453166068 0.0169923659
  vertex -0.089818731 -0.0453605093 0.0169827733
  vertex -0.0898109302 -0.0453662351 0.0169827733
  endloop
 endfacet

 facet normal -0.128606856 -0.17518115 0.976100385
  outer loop
  vertex -0.0898057297 -0.0453166068 0.0169923659
  vertex -0.0898109302 -0.0453662351 0.0169827733
  vertex -0.0897875279 -0.0453299694 0.0169923659
  endloop
 endfacet

 facet normal -0.109961212 -0.187224388 0.976143241
  outer loop
  vertex -0.0897875279 -0.0453299694 0.0169923659
  vertex -0.0898109302 -0.0453662351 0.0169827733
  vertex -0.0897745267 -0.0453376025 0.0169923659
  endloop
 endfacet

 facet normal -0.105851546 -0.19227314 0.975615978
  outer loop
  vertex -0.0897745267 -0.0453376025 0.0169923659
  vertex -0.0898109302 -0.0453662351 0.0169827733
  vertex -0.0897901282 -0.0453776903 0.0169827733
  endloop
 endfacet

 facet normal -0.0749972388 -0.2043771 0.976015091
  outer loop
  vertex -0.0897745267 -0.0453376025 0.0169923659
  vertex -0.0897901282 -0.0453776903 0.0169827733
  vertex -0.0897797272 -0.045381505 0.0169827733
  endloop
 endfacet

 facet normal -0.0507683717 -0.207445905 0.976928353
  outer loop
  vertex -0.0897745267 -0.0453376025 0.0169923659
  vertex -0.0897797272 -0.045381505 0.0169827733
  vertex -0.0897511244 -0.045343332 0.0169923659
  endloop
 endfacet

 facet normal -0.039589718 -0.215512484 0.975698233
  outer loop
  vertex -0.0897511244 -0.045343332 0.0169923659
  vertex -0.0897797272 -0.045381505 0.0169827733
  vertex -0.0897693262 -0.0453834161 0.0169827733
  endloop
 endfacet

 facet normal -0.0354496911 -0.217333853 0.975453377
  outer loop
  vertex -0.0897511244 -0.045343332 0.0169923659
  vertex -0.0897693262 -0.0453834161 0.0169827733
  vertex -0.0897459239 -0.0453872345 0.0169827733
  endloop
 endfacet

 facet normal 0.0230758395 -0.102041826 -0.994512498
  outer loop
  vertex -0.067986764 -0.0403823182 0.0150019573
  vertex -0.067986764 -0.0404014066 0.0150039159
  vertex -0.0897303224 -0.0452994294 0.0150019573
  endloop
 endfacet

 facet normal -0.0143964617 -0.136595339 -0.990522325
  outer loop
  vertex -0.0897303224 -0.0452994294 0.0150019573
  vertex -0.0897225216 -0.0453414209 0.0150076346
  vertex -0.0897745267 -0.0453089699 0.0150039159
  endloop
 endfacet

 facet normal 0.029063357 -0.128623232 -0.991267562
  outer loop
  vertex -0.0897303224 -0.0452994294 0.0150019573
  vertex -0.067986764 -0.0404014066 0.0150039159
  vertex -0.0897225216 -0.0453414209 0.0150076346
  endloop
 endfacet

 facet normal -0.0150306877 -0.137594819 -0.990374565
  outer loop
  vertex -0.0897745267 -0.0453089699 0.0150039159
  vertex -0.0897225216 -0.0453414209 0.0150076346
  vertex -0.0897641256 -0.0453509651 0.0150095923
  endloop
 endfacet

 facet normal -0.0980392322 -0.157118246 -0.98270148
  outer loop
  vertex -0.0897745267 -0.0453089699 0.0150039159
  vertex -0.0897641256 -0.0453509651 0.0150095923
  vertex -0.0898161307 -0.0453185141 0.0150095923
  endloop
 endfacet

 facet normal -0.117819875 -0.0753399357 -0.990172863
  outer loop
  vertex -0.0897745267 -0.0453089699 0.0150039159
  vertex -0.0898161307 -0.0453185141 0.0150095923
  vertex -0.0898265317 -0.0452765226 0.0150076346
  endloop
 endfacet

 facet normal -0.112818025 -0.0671895295 -0.991341352
  outer loop
  vertex -0.0897745267 -0.0453089699 0.0150039159
  vertex -0.0898265317 -0.0452765226 0.0150076346
  vertex -0.0897823274 -0.0452669784 0.0150019573
  endloop
 endfacet

 facet normal -0.121501587 -0.0274889506 -0.992210507
  outer loop
  vertex -0.0897823274 -0.0452669784 0.0150019573
  vertex -0.0898265317 -0.0452765226 0.0150076346
  vertex -0.09408319 -0.026257081 0.0150019573
  endloop
 endfacet

 facet normal -0.127338067 -0.0287949573 -0.99144125
  outer loop
  vertex -0.09408319 -0.026257081 0.0150019573
  vertex -0.0898265317 -0.0452765226 0.0150076346
  vertex -0.0941274017 -0.026257081 0.0150076346
  endloop
 endfacet

 facet normal -0.243027121 -0.0549281649 0.968463063
  outer loop
  vertex -0.094161205 -0.026257081 0.016984731
  vertex -0.0941690058 -0.026257081 0.0169827733
  vertex -0.0898681358 -0.0452860631 0.0169827733
  endloop
 endfacet

 facet normal -0.28388232 -0.0641621202 0.956710041
  outer loop
  vertex -0.0898681358 -0.0452860631 0.0169827733
  vertex -0.0941690058 -0.026257081 0.0169827733
  vertex -0.09421321 -0.026257081 0.0169696566
  endloop
 endfacet

 facet normal -0.300120234 -0.0678734928 0.951483607
  outer loop
  vertex -0.0898681358 -0.0452860631 0.0169827733
  vertex -0.09421321 -0.026257081 0.0169696566
  vertex -0.0899045393 -0.0453089699 0.0169696566
  endloop
 endfacet

 facet normal -0.27883026 -0.103573702 0.954738796
  outer loop
  vertex -0.0898681358 -0.0452860631 0.0169827733
  vertex -0.0899045393 -0.0453089699 0.0169696566
  vertex -0.089860335 -0.0453070626 0.0169827733
  endloop
 endfacet

 facet normal 0.0241085682 -0.295329958 0.955091119
  outer loop
  vertex -0.0897459239 -0.0453872345 0.0169827733
  vertex -0.0897173211 -0.0454273187 0.0169696566
  vertex -0.0897225216 -0.0453853235 0.0169827733
  endloop
 endfacet

 facet normal -0.0479142442 -0.29375118 0.954680324
  outer loop
  vertex -0.0897459239 -0.0453872345 0.0169827733
  vertex -0.0897693262 -0.0453834161 0.0169827733
  vertex -0.0897615254 -0.0454273187 0.0169696566
  endloop
 endfacet

 facet normal 0 -0.311001718 0.950409353
  outer loop
  vertex -0.0897459239 -0.0453872345 0.0169827733
  vertex -0.0897615254 -0.0454273187 0.0169696566
  vertex -0.0897173211 -0.0454273187 0.0169696566
  endloop
 endfacet

 facet normal 0.0534606688 -0.291673481 0.955022812
  outer loop
  vertex -0.0897225216 -0.0453853235 0.0169827733
  vertex -0.0897173211 -0.0454273187 0.0169696566
  vertex -0.0897121206 -0.0453834161 0.0169827733
  endloop
 endfacet

 facet normal 0.0662106648 -0.292838573 0.953866839
  outer loop
  vertex -0.0897121206 -0.0453834161 0.0169827733
  vertex -0.0897173211 -0.0454273187 0.0169696566
  vertex -0.067986764 -0.0405025743 0.0169731788
  endloop
 endfacet

 facet normal 0.0641193837 -0.283524156 0.956819057
  outer loop
  vertex -0.0897121206 -0.0453834161 0.0169827733
  vertex -0.067986764 -0.0405025743 0.0169731788
  vertex -0.067986764 -0.0404853933 0.0169782694
  endloop
 endfacet

 facet normal 0.0638385788 -0.282278299 0.95720619
  outer loop
  vertex -0.0897121206 -0.0453834161 0.0169827733
  vertex -0.067986764 -0.0404853933 0.0169782694
  vertex -0.067986764 -0.0404701233 0.0169827733
  endloop
 endfacet

 facet normal 0.0530673079 -0.234650418 0.970630169
  outer loop
  vertex -0.0897121206 -0.0453834161 0.0169827733
  vertex -0.067986764 -0.0404701233 0.0169827733
  vertex -0.067986764 -0.0404433981 0.016989233
  endloop
 endfacet

 facet normal -0.278492212 -0.108402252 0.954301357
  outer loop
  vertex -0.089860335 -0.0453070626 0.0169827733
  vertex -0.0899045393 -0.0453089699 0.0169696566
  vertex -0.0898993388 -0.0453223325 0.0169696566
  endloop
 endfacet

 facet normal -0.26432097 -0.144019812 0.95362097
  outer loop
  vertex -0.089860335 -0.0453070626 0.0169827733
  vertex -0.0898993388 -0.0453223325 0.0169696566
  vertex -0.089849934 -0.045326151 0.0169827733
  endloop
 endfacet

 facet normal -0.246870801 -0.16815874 0.954346597
  outer loop
  vertex -0.089849934 -0.045326151 0.0169827733
  vertex -0.0898759365 -0.0453624204 0.0169696566
  vertex -0.0898369327 -0.0453452393 0.0169827733
  endloop
 endfacet

 facet normal -0.264669657 -0.154505879 0.951881289
  outer loop
  vertex -0.089849934 -0.045326151 0.0169827733
  vertex -0.0898993388 -0.0453223325 0.0169696566
  vertex -0.0898759365 -0.0453624204 0.0169696566
  endloop
 endfacet

 facet normal -0.2284742 -0.207505032 0.951178789
  outer loop
  vertex -0.0898369327 -0.0453452393 0.0169827733
  vertex -0.0898759365 -0.0453624204 0.0169696566
  vertex -0.0898655355 -0.0453738719 0.0169696566
  endloop
 endfacet

 facet normal -0.20860374 -0.227365479 0.95120424
  outer loop
  vertex -0.0898369327 -0.0453452393 0.0169827733
  vertex -0.0898655355 -0.0453738719 0.0169696566
  vertex -0.0898447335 -0.0453929603 0.0169696566
  endloop
 endfacet

 facet normal -0.193392932 -0.230524778 0.953654885
  outer loop
  vertex -0.0898369327 -0.0453452393 0.0169827733
  vertex -0.0898447335 -0.0453929603 0.0169696566
  vertex -0.089818731 -0.0453605093 0.0169827733
  endloop
 endfacet

 facet normal -0.178170592 -0.242700785 0.953599334
  outer loop
  vertex -0.089818731 -0.0453605093 0.0169827733
  vertex -0.0898447335 -0.0453929603 0.0169696566
  vertex -0.0898317322 -0.0454025045 0.0169696566
  endloop
 endfacet

 facet normal -0.178184271 -0.242696106 0.953597903
  outer loop
  vertex -0.089818731 -0.0453605093 0.0169827733
  vertex -0.0898317322 -0.0454025045 0.0169696566
  vertex -0.0898109302 -0.0453662351 0.0169827733
  endloop
 endfacet

 facet normal -0.144387573 -0.262271613 0.954130888
  outer loop
  vertex -0.0898109302 -0.0453662351 0.0169827733
  vertex -0.0898317322 -0.0454025045 0.0169696566
  vertex -0.0897901282 -0.0453776903 0.0169827733
  endloop
 endfacet

 facet normal -0.13900128 -0.270508766 0.952629924
  outer loop
  vertex -0.0897901282 -0.0453776903 0.0169827733
  vertex -0.0898317322 -0.0454025045 0.0169696566
  vertex -0.0898057297 -0.0454158634 0.0169696566
  endloop
 endfacet

 facet normal -0.104476333 -0.284711421 0.952902973
  outer loop
  vertex -0.0897901282 -0.0453776903 0.0169827733
  vertex -0.0898057297 -0.0454158634 0.0169696566
  vertex -0.0897797272 -0.045381505 0.0169827733
  endloop
 endfacet

 facet normal -0.0541312993 -0.294671714 0.954064131
  outer loop
  vertex -0.0897797272 -0.045381505 0.0169827733
  vertex -0.0897615254 -0.0454273187 0.0169696566
  vertex -0.0897693262 -0.0453834161 0.0169827733
  endloop
 endfacet

 facet normal -0.0872365981 -0.296988934 0.95088762
  outer loop
  vertex -0.0897797272 -0.045381505 0.0169827733
  vertex -0.0898057297 -0.0454158634 0.0169696566
  vertex -0.0897927284 -0.0454196855 0.0169696566
  endloop
 endfacet

 facet normal -0.0737631544 -0.301483244 0.950613916
  outer loop
  vertex -0.0897797272 -0.045381505 0.0169827733
  vertex -0.0897927284 -0.0454196855 0.0169696566
  vertex -0.0897615254 -0.0454273187 0.0169696566
  endloop
 endfacet

 facet normal 0.0331139937 -0.146443829 -0.988664687
  outer loop
  vertex -0.067986764 -0.0404014066 0.0150039159
  vertex -0.067986764 -0.0404185839 0.0150064602
  vertex -0.0897225216 -0.0453414209 0.0150076346
  endloop
 endfacet

 facet normal 0.00925092306 -0.220495686 -0.975344121
  outer loop
  vertex -0.0897225216 -0.0453414209 0.0150076346
  vertex -0.0897121206 -0.0453834161 0.0150172273
  vertex -0.0897537246 -0.0453929603 0.0150189903
  endloop
 endfacet

 facet normal 0.00396336429 -0.217452869 -0.976062894
  outer loop
  vertex -0.0897225216 -0.0453414209 0.0150076346
  vertex -0.0897537246 -0.0453929603 0.0150189903
  vertex -0.0897641256 -0.0453509651 0.0150095923
  endloop
 endfacet

 facet normal 0.0343607441 -0.151948363 -0.987791002
  outer loop
  vertex -0.0897225216 -0.0453414209 0.0150076346
  vertex -0.067986764 -0.0404185839 0.0150064602
  vertex -0.067986764 -0.0404262207 0.0150076346
  endloop
 endfacet

 facet normal 0.0435794517 -0.192714855 -0.980286598
  outer loop
  vertex -0.0897225216 -0.0453414209 0.0150076346
  vertex -0.067986764 -0.0404262207 0.0150076346
  vertex -0.067986764 -0.0404491276 0.0150121385
  endloop
 endfacet

 facet normal 0.0477342531 -0.211177751 -0.976281404
  outer loop
  vertex -0.0897225216 -0.0453414209 0.0150076346
  vertex -0.067986764 -0.0404491276 0.0150121385
  vertex -0.0897121206 -0.0453834161 0.0150172273
  endloop
 endfacet

 facet normal -0.079241246 -0.236354917 -0.968430281
  outer loop
  vertex -0.0897641256 -0.0453509651 0.0150095923
  vertex -0.0897537246 -0.0453929603 0.0150189903
  vertex -0.0897979289 -0.0454005934 0.0150244711
  endloop
 endfacet

 facet normal -0.090226911 -0.229105979 -0.969210804
  outer loop
  vertex -0.0897641256 -0.0453509651 0.0150095923
  vertex -0.0897979289 -0.0454005934 0.0150244711
  vertex -0.0898057297 -0.0453585982 0.0150152696
  endloop
 endfacet

 facet normal -0.103424579 -0.165748835 -0.980729699
  outer loop
  vertex -0.0897641256 -0.0453509651 0.0150095923
  vertex -0.0898057297 -0.0453585982 0.0150152696
  vertex -0.0898161307 -0.0453185141 0.0150095923
  endloop
 endfacet

 facet normal -0.172375381 -0.181852505 -0.968099475
  outer loop
  vertex -0.0898161307 -0.0453185141 0.0150095923
  vertex -0.0898057297 -0.0453585982 0.0150152696
  vertex -0.0898473337 -0.0453681462 0.0150244711
  endloop
 endfacet

 facet normal -0.186803743 -0.172491834 -0.967135429
  outer loop
  vertex -0.0898161307 -0.0453185141 0.0150095923
  vertex -0.0898473337 -0.0453681462 0.0150244711
  vertex -0.0898577347 -0.045326151 0.0150189903
  endloop
 endfacet

 facet normal -0.20259665 -0.095612824 -0.974583387
  outer loop
  vertex -0.0898161307 -0.0453185141 0.0150095923
  vertex -0.0898577347 -0.045326151 0.0150189903
  vertex -0.0898265317 -0.0452765226 0.0150076346
  endloop
 endfacet

 facet normal -0.202801913 -0.0954770967 -0.974554121
  outer loop
  vertex -0.0898265317 -0.0452765226 0.0150076346
  vertex -0.0898577347 -0.045326151 0.0150189903
  vertex -0.0898681358 -0.0452860631 0.0150172273
  endloop
 endfacet

 facet normal -0.213865012 -0.0483613014 -0.97566545
  outer loop
  vertex -0.0898265317 -0.0452765226 0.0150076346
  vertex -0.0898681358 -0.0452860631 0.0150172273
  vertex -0.0941274017 -0.026257081 0.0150076346
  endloop
 endfacet

 facet normal -0.224384576 -0.0507146381 -0.973180175
  outer loop
  vertex -0.0941274017 -0.026257081 0.0150076346
  vertex -0.0898681358 -0.0452860631 0.0150172273
  vertex -0.0941690058 -0.026257081 0.0150172273
  endloop
 endfacet

 facet normal -0.370065212 -0.0836918503 0.925228298
  outer loop
  vertex -0.09421321 -0.026257081 0.0169696566
  vertex -0.0942548141 -0.026257081 0.0169530157
  vertex -0.0899045393 -0.0453089699 0.0169696566
  endloop
 endfacet

 facet normal -0.380173177 -0.0860036463 0.920908153
  outer loop
  vertex -0.0899045393 -0.0453089699 0.0169696566
  vertex -0.0942548141 -0.026257081 0.0169530157
  vertex -0.0899461433 -0.0453032441 0.0169530157
  endloop
 endfacet

 facet normal -0.382096499 -0.109588772 0.917601645
  outer loop
  vertex -0.0899045393 -0.0453089699 0.0169696566
  vertex -0.0899461433 -0.0453032441 0.0169530157
  vertex -0.0899357423 -0.0453395136 0.0169530157
  endloop
 endfacet

 facet normal -0.356754631 -0.13886568 0.923819482
  outer loop
  vertex -0.0899045393 -0.0453089699 0.0169696566
  vertex -0.0899357423 -0.0453395136 0.0169530157
  vertex -0.0898993388 -0.0453223325 0.0169696566
  endloop
 endfacet

 facet normal 0 -0.383404553 0.923580527
  outer loop
  vertex -0.0897173211 -0.0454273187 0.0169696566
  vertex -0.0897615254 -0.0454273187 0.0169696566
  vertex -0.0897667259 -0.0454674028 0.0169530157
  endloop
 endfacet

 facet normal 0 -0.383404553 0.923580527
  outer loop
  vertex -0.0897173211 -0.0454273187 0.0169696566
  vertex -0.0897667259 -0.0454674028 0.0169530157
  vertex -0.0897303224 -0.0454674028 0.0169530157
  endloop
 endfacet

 facet normal 0.0413646251 -0.394491255 0.917968214
  outer loop
  vertex -0.0897173211 -0.0454273187 0.0169696566
  vertex -0.0897303224 -0.0454674028 0.0169530157
  vertex -0.0896939188 -0.0454635844 0.0169530157
  endloop
 endfacet

 facet normal 0.0837619156 -0.370401323 0.925087452
  outer loop
  vertex -0.0897173211 -0.0454273187 0.0169696566
  vertex -0.0896939188 -0.0454635844 0.0169530157
  vertex -0.067986764 -0.0405273885 0.0169639792
  endloop
 endfacet

 facet normal 0.078583315 -0.34742403 0.934409559
  outer loop
  vertex -0.0897173211 -0.0454273187 0.0169696566
  vertex -0.067986764 -0.0405273885 0.0169639792
  vertex -0.067986764 -0.0405121185 0.0169696566
  endloop
 endfacet

 facet normal 0.0780924708 -0.345254004 0.935254693
  outer loop
  vertex -0.0897173211 -0.0454273187 0.0169696566
  vertex -0.067986764 -0.0405121185 0.0169696566
  vertex -0.067986764 -0.0405025743 0.0169731788
  endloop
 endfacet

 facet normal -0.0783238485 -0.373544484 0.924299777
  outer loop
  vertex -0.0897615254 -0.0454273187 0.0169696566
  vertex -0.0897849277 -0.0454635844 0.0169530157
  vertex -0.0897667259 -0.0454674028 0.0169530157
  endloop
 endfacet

 facet normal -0.0897689238 -0.366901726 0.9259184
  outer loop
  vertex -0.0897615254 -0.0454273187 0.0169696566
  vertex -0.0897927284 -0.0454196855 0.0169696566
  vertex -0.0897849277 -0.0454635844 0.0169530157
  endloop
 endfacet

 facet normal -0.340373337 -0.173829943 0.924082875
  outer loop
  vertex -0.0898993388 -0.0453223325 0.0169696566
  vertex -0.0899357423 -0.0453395136 0.0169530157
  vertex -0.0899279416 -0.0453547835 0.0169530157
  endloop
 endfacet

 facet normal -0.324349105 -0.189344853 0.926793516
  outer loop
  vertex -0.0898993388 -0.0453223325 0.0169696566
  vertex -0.0899279416 -0.0453547835 0.0169530157
  vertex -0.0898759365 -0.0453624204 0.0169696566
  endloop
 endfacet

 facet normal -0.324880421 -0.196719974 0.925069749
  outer loop
  vertex -0.0898759365 -0.0453624204 0.0169696566
  vertex -0.0899279416 -0.0453547835 0.0169530157
  vertex -0.0899175406 -0.0453719608 0.0169530157
  endloop
 endfacet

 facet normal -0.319105834 -0.217345342 0.922460139
  outer loop
  vertex -0.0898759365 -0.0453624204 0.0169696566
  vertex -0.0899175406 -0.0453719608 0.0169530157
  vertex -0.0899071395 -0.0453872345 0.0169530157
  endloop
 endfacet

 facet normal -0.303962559 -0.236633033 0.922827959
  outer loop
  vertex -0.0898759365 -0.0453624204 0.0169696566
  vertex -0.0899071395 -0.0453872345 0.0169530157
  vertex -0.0898967385 -0.0454005934 0.0169530157
  endloop
 endfacet

 facet normal -0.278015673 -0.25249964 0.926796198
  outer loop
  vertex -0.0898759365 -0.0453624204 0.0169696566
  vertex -0.0898967385 -0.0454005934 0.0169530157
  vertex -0.0898655355 -0.0453738719 0.0169696566
  endloop
 endfacet

 facet normal -0.269536018 -0.26227051 0.926587582
  outer loop
  vertex -0.0898655355 -0.0453738719 0.0169696566
  vertex -0.0898967385 -0.0454005934 0.0169530157
  vertex -0.0898837373 -0.045413956 0.0169530157
  endloop
 endfacet

 facet normal -0.249834761 -0.272304773 0.929210842
  outer loop
  vertex -0.0898655355 -0.0453738719 0.0169696566
  vertex -0.0898837373 -0.045413956 0.0169530157
  vertex -0.0898447335 -0.0453929603 0.0169696566
  endloop
 endfacet

 facet normal -0.227244109 -0.309595823 0.923314989
  outer loop
  vertex -0.0898447335 -0.0453929603 0.0169696566
  vertex -0.0898837373 -0.045413956 0.0169530157
  vertex -0.0898681358 -0.0454254076 0.0169530157
  endloop
 endfacet

 facet normal -0.227267116 -0.309579194 0.923314929
  outer loop
  vertex -0.0898447335 -0.0453929603 0.0169696566
  vertex -0.0898681358 -0.0454254076 0.0169530157
  vertex -0.0898317322 -0.0454025045 0.0169696566
  endloop
 endfacet

 facet normal -0.206885248 -0.338161498 0.918066025
  outer loop
  vertex -0.0898317322 -0.0454025045 0.0169696566
  vertex -0.0898681358 -0.0454254076 0.0169530157
  vertex -0.0898369327 -0.045444496 0.0169530157
  endloop
 endfacet

 facet normal -0.176569253 -0.343619406 0.922360599
  outer loop
  vertex -0.0898317322 -0.0454025045 0.0169696566
  vertex -0.0898369327 -0.045444496 0.0169530157
  vertex -0.0898057297 -0.0454158634 0.0169696566
  endloop
 endfacet

 facet normal -0.170898899 -0.34920153 0.921331704
  outer loop
  vertex -0.0898057297 -0.0454158634 0.0169696566
  vertex -0.0898369327 -0.045444496 0.0169530157
  vertex -0.0898213312 -0.0454521328 0.0169530157
  endloop
 endfacet

 facet normal -0.1170718 -0.372104675 0.920778036
  outer loop
  vertex -0.0898057297 -0.0454158634 0.0169696566
  vertex -0.0898213312 -0.0454521328 0.0169530157
  vertex -0.0897849277 -0.0454635844 0.0169530157
  endloop
 endfacet

 facet normal -0.108424887 -0.369122595 0.92303443
  outer loop
  vertex -0.0898057297 -0.0454158634 0.0169696566
  vertex -0.0897849277 -0.0454635844 0.0169530157
  vertex -0.0897927284 -0.0454196855 0.0169696566
  endloop
 endfacet

 facet normal 0.0531972572 -0.235225007 -0.970484018
  outer loop
  vertex -0.0897121206 -0.0453834161 0.0150172273
  vertex -0.067986764 -0.0404491276 0.0150121385
  vertex -0.067986764 -0.0404701233 0.0150172273
  endloop
 endfacet

 facet normal 0.0595586412 -0.263353467 -0.962859154
  outer loop
  vertex -0.0897121206 -0.0453834161 0.0150172273
  vertex -0.067986764 -0.0404701233 0.0150172273
  vertex -0.067986764 -0.0404930301 0.0150234923
  endloop
 endfacet

 facet normal 0.067447558 -0.298413515 -0.952050567
  outer loop
  vertex -0.0897121206 -0.0453834161 0.0150172273
  vertex -0.067986764 -0.0404930301 0.0150234923
  vertex -0.0897043198 -0.0454235002 0.015030344
  endloop
 endfacet

 facet normal 0.0298130438 -0.305618286 -0.951687276
  outer loop
  vertex -0.0897121206 -0.0453834161 0.0150172273
  vertex -0.0897043198 -0.0454235002 0.015030344
  vertex -0.0897459239 -0.0454330444 0.0150321061
  endloop
 endfacet

 facet normal 0.0297714304 -0.305592805 -0.951696813
  outer loop
  vertex -0.0897121206 -0.0453834161 0.0150172273
  vertex -0.0897459239 -0.0454330444 0.0150321061
  vertex -0.0897537246 -0.0453929603 0.0150189903
  endloop
 endfacet

 facet normal -0.0611560345 -0.321111888 -0.945064545
  outer loop
  vertex -0.0897537246 -0.0453929603 0.0150189903
  vertex -0.0897459239 -0.0454330444 0.0150321061
  vertex -0.0897875279 -0.0454406813 0.0150373923
  endloop
 endfacet

 facet normal -0.0617868081 -0.320702851 -0.945162475
  outer loop
  vertex -0.0897537246 -0.0453929603 0.0150189903
  vertex -0.0897875279 -0.0454406813 0.0150373923
  vertex -0.0897979289 -0.0454005934 0.0150244711
  endloop
 endfacet

 facet normal -0.144451246 -0.335060358 -0.931057692
  outer loop
  vertex -0.0897979289 -0.0454005934 0.0150244711
  vertex -0.0898317322 -0.045446407 0.0150462016
  vertex -0.089839533 -0.0454082303 0.0150336735
  endloop
 endfacet

 facet normal -0.164901674 -0.251052797 -0.953823924
  outer loop
  vertex -0.0897979289 -0.0454005934 0.0150244711
  vertex -0.089839533 -0.0454082303 0.0150336735
  vertex -0.0898473337 -0.0453681462 0.0150244711
  endloop
 endfacet

 facet normal -0.157053918 -0.239105076 -0.958208203
  outer loop
  vertex -0.0897979289 -0.0454005934 0.0150244711
  vertex -0.0898473337 -0.0453681462 0.0150244711
  vertex -0.0898057297 -0.0453585982 0.0150152696
  endloop
 endfacet

 facet normal -0.141859353 -0.336854637 -0.930808723
  outer loop
  vertex -0.0897979289 -0.0454005934 0.0150244711
  vertex -0.0897875279 -0.0454406813 0.0150373923
  vertex -0.0898317322 -0.045446407 0.0150462016
  endloop
 endfacet

 facet normal -0.245037228 -0.261969954 -0.933449745
  outer loop
  vertex -0.0898473337 -0.0453681462 0.0150244711
  vertex -0.089839533 -0.0454082303 0.0150336735
  vertex -0.089881137 -0.045413956 0.0150462016
  endloop
 endfacet

 facet normal -0.254677474 -0.254600018 -0.932908475
  outer loop
  vertex -0.0898473337 -0.0453681462 0.0150244711
  vertex -0.089881137 -0.045413956 0.0150462016
  vertex -0.0898889378 -0.0453738719 0.0150373923
  endloop
 endfacet

 facet normal -0.266559809 -0.193668172 -0.944160223
  outer loop
  vertex -0.0898473337 -0.0453681462 0.0150244711
  vertex -0.0898889378 -0.0453738719 0.0150373923
  vertex -0.0898993388 -0.0453337878 0.0150321061
  endloop
 endfacet

 facet normal -0.263576925 -0.188745797 -0.945992708
  outer loop
  vertex -0.0898473337 -0.0453681462 0.0150244711
  vertex -0.0898993388 -0.0453337878 0.0150321061
  vertex -0.0898577347 -0.045326151 0.0150189903
  endloop
 endfacet

 facet normal -0.279515207 -0.114448294 -0.953295827
  outer loop
  vertex -0.0898577347 -0.045326151 0.0150189903
  vertex -0.0898993388 -0.0453337878 0.0150321061
  vertex -0.0898681358 -0.0452860631 0.0150172273
  endloop
 endfacet

 facet normal -0.294085205 -0.103928946 -0.950111866
  outer loop
  vertex -0.0898681358 -0.0452860631 0.0150172273
  vertex -0.0898993388 -0.0453337878 0.0150321061
  vertex -0.0899071395 -0.0452956073 0.015030344
  endloop
 endfacet

 facet normal -0.302901953 -0.068509303 -0.95055604
  outer loop
  vertex -0.0898681358 -0.0452860631 0.0150172273
  vertex -0.0899071395 -0.0452956073 0.015030344
  vertex -0.09421321 -0.026257081 0.015030344
  endloop
 endfacet

 facet normal -0.297795713 -0.067342177 -0.952251434
  outer loop
  vertex -0.0898681358 -0.0452860631 0.0150172273
  vertex -0.09421321 -0.026257081 0.015030344
  vertex -0.0941794068 -0.026257081 0.0150197735
  endloop
 endfacet

 facet normal -0.237373307 -0.0536503159 -0.969935954
  outer loop
  vertex -0.0898681358 -0.0452860631 0.0150172273
  vertex -0.0941794068 -0.026257081 0.0150197735
  vertex -0.0941690058 -0.026257081 0.0150172273
  endloop
 endfacet

 facet normal -0.455042213 -0.10289371 0.884505212
  outer loop
  vertex -0.0942548141 -0.026257081 0.0169530157
  vertex -0.0942860171 -0.026257081 0.0169369634
  vertex -0.0899851471 -0.0453127883 0.0169328507
  endloop
 endfacet

 facet normal -0.437758446 -0.0990307257 0.89362216
  outer loop
  vertex -0.0942548141 -0.026257081 0.0169530157
  vertex -0.0899851471 -0.0453127883 0.0169328507
  vertex -0.0899461433 -0.0453032441 0.0169530157
  endloop
 endfacet

 facet normal -0.43561241 -0.107857428 0.893649042
  outer loop
  vertex -0.0899461433 -0.0453032441 0.0169530157
  vertex -0.0899851471 -0.0453127883 0.0169328507
  vertex -0.0899799466 -0.0453337878 0.0169328507
  endloop
 endfacet

 facet normal -0.42493552 -0.12187539 0.896981716
  outer loop
  vertex -0.0899461433 -0.0453032441 0.0169530157
  vertex -0.0899799466 -0.0453337878 0.0169328507
  vertex -0.0899357423 -0.0453395136 0.0169530157
  endloop
 endfacet

 facet normal -0.427262783 -0.174655885 0.887097478
  outer loop
  vertex -0.0899357423 -0.0453395136 0.0169530157
  vertex -0.0899799466 -0.0453337878 0.0169328507
  vertex -0.0899721459 -0.0453528725 0.0169328507
  endloop
 endfacet

 facet normal -0.415308088 -0.205737576 0.886110187
  outer loop
  vertex -0.0899357423 -0.0453395136 0.0169530157
  vertex -0.0899721459 -0.0453528725 0.0169328507
  vertex -0.0899617448 -0.0453738719 0.0169328507
  endloop
 endfacet

 facet normal -0.410816371 -0.209805474 0.88724947
  outer loop
  vertex -0.0899357423 -0.0453395136 0.0169530157
  vertex -0.0899617448 -0.0453738719 0.0169328507
  vertex -0.0899279416 -0.0453547835 0.0169530157
  endloop
 endfacet

 facet normal 0 -0.449393481 0.893333912
  outer loop
  vertex -0.0897303224 -0.0454674028 0.0169530157
  vertex -0.0897667259 -0.0454674028 0.0169530157
  vertex -0.0897511244 -0.0455074869 0.0169328507
  endloop
 endfacet

 facet normal 0 -0.449393481 0.893333912
  outer loop
  vertex -0.0897303224 -0.0454674028 0.0169530157
  vertex -0.0897511244 -0.0455074869 0.0169328507
  vertex -0.0897277221 -0.0455074869 0.0169328507
  endloop
 endfacet

 facet normal 0.0410049185 -0.446890533 0.893648386
  outer loop
  vertex -0.0897303224 -0.0454674028 0.0169530157
  vertex -0.0897277221 -0.0455074869 0.0169328507
  vertex -0.0897069201 -0.0455055796 0.0169328507
  endloop
 endfacet

 facet normal 0.0465641655 -0.444078803 0.89477694
  outer loop
  vertex -0.0897303224 -0.0454674028 0.0169530157
  vertex -0.0897069201 -0.0455055796 0.0169328507
  vertex -0.0896939188 -0.0454635844 0.0169530157
  endloop
 endfacet

 facet normal 0.101402208 -0.448361248 0.888082147
  outer loop
  vertex -0.0896939188 -0.0454635844 0.0169530157
  vertex -0.0896861181 -0.0455017611 0.0169328507
  vertex -0.067986764 -0.0405941978 0.0169328507
  endloop
 endfacet

 facet normal 0.101115763 -0.447081506 0.888759732
  outer loop
  vertex -0.0896939188 -0.0454635844 0.0169530157
  vertex -0.067986764 -0.0405941978 0.0169328507
  vertex -0.067986764 -0.04055411 0.0169530157
  endloop
 endfacet

 facet normal 0.0855249912 -0.378147155 0.921786427
  outer loop
  vertex -0.0896939188 -0.0454635844 0.0169530157
  vertex -0.067986764 -0.04055411 0.0169530157
  vertex -0.067986764 -0.0405273885 0.0169639792
  endloop
 endfacet

 facet normal 0.0829561949 -0.452132553 0.888084769
  outer loop
  vertex -0.0896939188 -0.0454635844 0.0169530157
  vertex -0.0897069201 -0.0455055796 0.0169328507
  vertex -0.0896861181 -0.0455017611 0.0169328507
  endloop
 endfacet

 facet normal -0.134244397 -0.426686525 0.894380927
  outer loop
  vertex -0.0897849277 -0.0454635844 0.0169530157
  vertex -0.0898213312 -0.0454521328 0.0169530157
  vertex -0.0898161307 -0.0454960354 0.0169328507
  endloop
 endfacet

 facet normal -0.109285668 -0.446707487 0.887980402
  outer loop
  vertex -0.0897849277 -0.0454635844 0.0169530157
  vertex -0.0898161307 -0.0454960354 0.0169328507
  vertex -0.0897927284 -0.0455017611 0.0169328507
  endloop
 endfacet

 facet normal -0.0943205208 -0.449836344 0.888116479
  outer loop
  vertex -0.0897849277 -0.0454635844 0.0169530157
  vertex -0.0897927284 -0.0455017611 0.0169328507
  vertex -0.0897667259 -0.0454674028 0.0169530157
  endloop
 endfacet

 facet normal -0.0837659389 -0.456459939 0.885792136
  outer loop
  vertex -0.0897667259 -0.0454674028 0.0169530157
  vertex -0.0897927284 -0.0455017611 0.0169328507
  vertex -0.0897719264 -0.0455055796 0.0169328507
  endloop
 endfacet

 facet normal -0.0423932225 -0.462107837 0.885809898
  outer loop
  vertex -0.0897667259 -0.0454674028 0.0169530157
  vertex -0.0897719264 -0.0455055796 0.0169328507
  vertex -0.0897511244 -0.0455074869 0.0169328507
  endloop
 endfacet

 facet normal -0.404821008 -0.220573708 0.887393475
  outer loop
  vertex -0.0899279416 -0.0453547835 0.0169530157
  vertex -0.0899617448 -0.0453738719 0.0169328507
  vertex -0.0899513438 -0.0453929603 0.0169328507
  endloop
 endfacet

 facet normal -0.386669755 -0.234134361 0.892002046
  outer loop
  vertex -0.0899279416 -0.0453547835 0.0169530157
  vertex -0.0899513438 -0.0453929603 0.0169328507
  vertex -0.0899175406 -0.0453719608 0.0169530157
  endloop
 endfacet

 facet normal -0.373848498 -0.254630983 0.89185226
  outer loop
  vertex -0.0899175406 -0.0453719608 0.0169530157
  vertex -0.0899513438 -0.0453929603 0.0169328507
  vertex -0.0899071395 -0.0453872345 0.0169530157
  endloop
 endfacet

 facet normal -0.368434399 -0.27882883 0.886854291
  outer loop
  vertex -0.0899071395 -0.0453872345 0.0169530157
  vertex -0.0899513438 -0.0453929603 0.0169328507
  vertex -0.0899253413 -0.0454273187 0.0169328507
  endloop
 endfacet

 facet normal -0.36250788 -0.282210171 0.888226032
  outer loop
  vertex -0.0899071395 -0.0453872345 0.0169530157
  vertex -0.0899253413 -0.0454273187 0.0169328507
  vertex -0.0898967385 -0.0454005934 0.0169530157
  endloop
 endfacet

 facet normal -0.328259677 -0.319411218 0.888944387
  outer loop
  vertex -0.0898967385 -0.0454005934 0.0169530157
  vertex -0.0899253413 -0.0454273187 0.0169328507
  vertex -0.0898837373 -0.045413956 0.0169530157
  endloop
 endfacet

 facet normal -0.323531479 -0.330581903 0.88659066
  outer loop
  vertex -0.0898837373 -0.045413956 0.0169530157
  vertex -0.0899253413 -0.0454273187 0.0169328507
  vertex -0.0899097398 -0.0454425886 0.0169328507
  endloop
 endfacet

 facet normal -0.274741709 -0.374258131 0.885690629
  outer loop
  vertex -0.0898837373 -0.045413956 0.0169530157
  vertex -0.0899097398 -0.0454425886 0.0169328507
  vertex -0.0898733363 -0.0454693101 0.0169328507
  endloop
 endfacet

 facet normal -0.274704635 -0.374255717 0.885703206
  outer loop
  vertex -0.0898837373 -0.045413956 0.0169530157
  vertex -0.0898733363 -0.0454693101 0.0169328507
  vertex -0.0898681358 -0.0454254076 0.0169530157
  endloop
 endfacet

 facet normal -0.234152123 -0.382730186 0.893694818
  outer loop
  vertex -0.0898681358 -0.0454254076 0.0169530157
  vertex -0.0898733363 -0.0454693101 0.0169328507
  vertex -0.0898369327 -0.045444496 0.0169530157
  endloop
 endfacet

 facet normal -0.213797897 -0.407733142 0.887718558
  outer loop
  vertex -0.0898369327 -0.045444496 0.0169530157
  vertex -0.0898733363 -0.0454693101 0.0169328507
  vertex -0.0898551345 -0.0454788581 0.0169328507
  endloop
 endfacet

 facet normal -0.202457011 -0.413684934 0.887623787
  outer loop
  vertex -0.0898369327 -0.045444496 0.0169530157
  vertex -0.0898551345 -0.0454788581 0.0169328507
  vertex -0.0898213312 -0.0454521328 0.0169530157
  endloop
 endfacet

 facet normal -0.193915412 -0.422715724 0.88527298
  outer loop
  vertex -0.0898213312 -0.0454521328 0.0169530157
  vertex -0.0898551345 -0.0454788581 0.0169328507
  vertex -0.0898343325 -0.0454883985 0.0169328507
  endloop
 endfacet

 facet normal -0.179628819 -0.428080082 0.885709286
  outer loop
  vertex -0.0898213312 -0.0454521328 0.0169530157
  vertex -0.0898343325 -0.0454883985 0.0169328507
  vertex -0.0898161307 -0.0454960354 0.0169328507
  endloop
 endfacet

 facet normal 0.0761846751 -0.336879581 -0.938460529
  outer loop
  vertex -0.067986764 -0.0404930301 0.0150234923
  vertex -0.067986764 -0.0405121185 0.015030344
  vertex -0.0897043198 -0.0454235002 0.015030344
  endloop
 endfacet

 facet normal 0.0777724087 -0.343900323 -0.935779929
  outer loop
  vertex -0.0897043198 -0.0454235002 0.015030344
  vertex -0.067986764 -0.0405121185 0.015030344
  vertex -0.067986764 -0.0405350253 0.0150387622
  endloop
 endfacet

 facet normal 0.0822546333 -0.363826752 -0.927827716
  outer loop
  vertex -0.0897043198 -0.0454235002 0.015030344
  vertex -0.067986764 -0.0405350253 0.0150387622
  vertex -0.0896939188 -0.0454635844 0.0150469849
  endloop
 endfacet

 facet normal 0.0462636426 -0.372731805 -0.926785171
  outer loop
  vertex -0.0897043198 -0.0454235002 0.015030344
  vertex -0.0896939188 -0.0454635844 0.0150469849
  vertex -0.0897459239 -0.0454330444 0.0150321061
  endloop
 endfacet

 facet normal -0.0372495167 -0.4057208 -0.913237751
  outer loop
  vertex -0.0897459239 -0.0454330444 0.0150321061
  vertex -0.0897381231 -0.0454712212 0.0150487479
  vertex -0.0897797272 -0.0454788581 0.0150538366
  endloop
 endfacet

 facet normal -0.0423209295 -0.402541101 -0.914423108
  outer loop
  vertex -0.0897459239 -0.0454330444 0.0150321061
  vertex -0.0897797272 -0.0454788581 0.0150538366
  vertex -0.0897875279 -0.0454406813 0.0150373923
  endloop
 endfacet

 facet normal 0.0314174108 -0.394010127 -0.918569028
  outer loop
  vertex -0.0897459239 -0.0454330444 0.0150321061
  vertex -0.0896939188 -0.0454635844 0.0150469849
  vertex -0.0897381231 -0.0454712212 0.0150487479
  endloop
 endfacet

 facet normal -0.12600939 -0.414070308 -0.901480675
  outer loop
  vertex -0.0897875279 -0.0454406813 0.0150373923
  vertex -0.0897797272 -0.0454788581 0.0150538366
  vertex -0.0898317322 -0.045446407 0.0150462016
  endloop
 endfacet

 facet normal -0.128690809 -0.417865932 -0.899347961
  outer loop
  vertex -0.0898317322 -0.045446407 0.0150462016
  vertex -0.0897797272 -0.0454788581 0.0150538366
  vertex -0.0898213312 -0.0454845801 0.0150624504
  endloop
 endfacet

 facet normal -0.201802656 -0.429621458 -0.880171061
  outer loop
  vertex -0.0898317322 -0.045446407 0.0150462016
  vertex -0.0898213312 -0.0454845801 0.0150624504
  vertex -0.0898733363 -0.0454521328 0.0150585361
  endloop
 endfacet

 facet normal -0.222866982 -0.344780385 -0.911842525
  outer loop
  vertex -0.0898317322 -0.045446407 0.0150462016
  vertex -0.0898733363 -0.0454521328 0.0150585361
  vertex -0.089839533 -0.0454082303 0.0150336735
  endloop
 endfacet

 facet normal -0.227677524 -0.34117204 -0.912011266
  outer loop
  vertex -0.089839533 -0.0454082303 0.0150336735
  vertex -0.0898733363 -0.0454521328 0.0150585361
  vertex -0.089881137 -0.045413956 0.0150462016
  endloop
 endfacet

 facet normal -0.33069393 -0.350644559 -0.876179218
  outer loop
  vertex -0.089881137 -0.045413956 0.0150462016
  vertex -0.0898733363 -0.0454521328 0.0150585361
  vertex -0.0899201408 -0.0454177745 0.0150624504
  endloop
 endfacet

 facet normal -0.342768252 -0.294660717 -0.892011762
  outer loop
  vertex -0.089881137 -0.045413956 0.0150462016
  vertex -0.0899201408 -0.0454177745 0.0150624504
  vertex -0.0899305418 -0.0453795977 0.0150538366
  endloop
 endfacet

 facet normal -0.323196113 -0.2627123 -0.909135044
  outer loop
  vertex -0.089881137 -0.045413956 0.0150462016
  vertex -0.0899305418 -0.0453795977 0.0150538366
  vertex -0.0898889378 -0.0453738719 0.0150373923
  endloop
 endfacet

 facet normal -0.334656835 -0.208029956 -0.919091105
  outer loop
  vertex -0.0898889378 -0.0453738719 0.0150373923
  vertex -0.0899305418 -0.0453795977 0.0150538366
  vertex -0.0898993388 -0.0453337878 0.0150321061
  endloop
 endfacet

 facet normal -0.352585882 -0.194081828 -0.915431917
  outer loop
  vertex -0.0898993388 -0.0453337878 0.0150321061
  vertex -0.0899305418 -0.0453795977 0.0150538366
  vertex -0.0899383426 -0.0453414209 0.0150487479
  endloop
 endfacet

 facet normal -0.370026201 -0.118153349 -0.921477318
  outer loop
  vertex -0.0898993388 -0.0453337878 0.0150321061
  vertex -0.0899383426 -0.0453414209 0.0150487479
  vertex -0.0899461433 -0.0453032441 0.0150469849
  endloop
 endfacet

 facet normal -0.370008439 -0.118120559 -0.921488702
  outer loop
  vertex -0.0898993388 -0.0453337878 0.0150321061
  vertex -0.0899461433 -0.0453032441 0.0150469849
  vertex -0.0899071395 -0.0452956073 0.015030344
  endloop
 endfacet

 facet normal -0.376815468 -0.0852440521 -0.922357559
  outer loop
  vertex -0.0899071395 -0.0452956073 0.015030344
  vertex -0.0899461433 -0.0453032441 0.0150469849
  vertex -0.0942548141 -0.026257081 0.0150469849
  endloop
 endfacet

 facet normal -0.370064944 -0.0836999938 -0.925227642
  outer loop
  vertex -0.0899071395 -0.0452956073 0.015030344
  vertex -0.0942548141 -0.026257081 0.0150469849
  vertex -0.09421321 -0.026257081 0.015030344
  endloop
 endfacet

 facet normal -0.46372053 -0.104851387 0.879755437
  outer loop
  vertex -0.0942860171 -0.026257081 0.0169369634
  vertex -0.0942938179 -0.026257081 0.0169328507
  vertex -0.0899851471 -0.0453127883 0.0169328507
  endloop
 endfacet

 facet normal -0.508577168 -0.114993885 0.853302717
  outer loop
  vertex -0.0899851471 -0.0453127883 0.0169328507
  vertex -0.0942938179 -0.026257081 0.0169328507
  vertex -0.0943250209 -0.026257081 0.0169142541
  endloop
 endfacet

 facet normal -0.51776576 -0.117092229 0.847471654
  outer loop
  vertex -0.0899851471 -0.0453127883 0.0169328507
  vertex -0.0943250209 -0.026257081 0.0169142541
  vertex -0.0900215507 -0.0453204252 0.0169095546
  endloop
 endfacet

 facet normal -0.515474916 -0.127631336 0.847346425
  outer loop
  vertex -0.0899851471 -0.0453127883 0.0169328507
  vertex -0.0900215507 -0.0453204252 0.0169095546
  vertex -0.0899799466 -0.0453337878 0.0169328507
  endloop
 endfacet

 facet normal -0.52153933 -0.163999349 0.837317705
  outer loop
  vertex -0.0899799466 -0.0453337878 0.0169328507
  vertex -0.0900215507 -0.0453204252 0.0169095546
  vertex -0.0900137499 -0.0453452393 0.0169095546
  endloop
 endfacet

 facet normal -0.517457366 -0.176170751 0.837377906
  outer loop
  vertex -0.0899799466 -0.0453337878 0.0169328507
  vertex -0.0900137499 -0.0453452393 0.0169095546
  vertex -0.0900059491 -0.0453681462 0.0169095546
  endloop
 endfacet

 facet normal -0.492537946 -0.201338977 0.846681237
  outer loop
  vertex -0.0899799466 -0.0453337878 0.0169328507
  vertex -0.0900059491 -0.0453681462 0.0169095546
  vertex -0.0899721459 -0.0453528725 0.0169328507
  endloop
 endfacet

 facet normal -0.484258711 -0.219906911 0.846837938
  outer loop
  vertex -0.0899721459 -0.0453528725 0.0169328507
  vertex -0.0900059491 -0.0453681462 0.0169095546
  vertex -0.0899955481 -0.0453910492 0.0169095546
  endloop
 endfacet

 facet normal -0.469085753 -0.232378244 0.852032304
  outer loop
  vertex -0.0899721459 -0.0453528725 0.0169328507
  vertex -0.0899955481 -0.0453910492 0.0169095546
  vertex -0.0899617448 -0.0453738719 0.0169328507
  endloop
 endfacet

 facet normal -0.459802836 -0.250531495 0.851948023
  outer loop
  vertex -0.0899617448 -0.0453738719 0.0169328507
  vertex -0.0899955481 -0.0453910492 0.0169095546
  vertex -0.0899513438 -0.0453929603 0.0169328507
  endloop
 endfacet

 facet normal 0.0396394879 -0.540032148 0.840710402
  outer loop
  vertex -0.0897277221 -0.0455074869 0.0169328507
  vertex -0.0897277221 -0.0455437563 0.0169095546
  vertex -0.0897017196 -0.045541849 0.0169095546
  endloop
 endfacet

 facet normal 0.0490724854 -0.534814596 0.843543291
  outer loop
  vertex -0.0897277221 -0.0455074869 0.0169328507
  vertex -0.0897017196 -0.045541849 0.0169095546
  vertex -0.0897069201 -0.0455055796 0.0169328507
  endloop
 endfacet

 facet normal 0 -0.540456891 0.841371715
  outer loop
  vertex -0.0897277221 -0.0455074869 0.0169328507
  vertex -0.0897511244 -0.0455074869 0.0169328507
  vertex -0.0897511244 -0.0455437563 0.0169095546
  endloop
 endfacet

 facet normal 0 -0.540456891 0.841371715
  outer loop
  vertex -0.0897277221 -0.0455074869 0.0169328507
  vertex -0.0897511244 -0.0455437563 0.0169095546
  vertex -0.0897277221 -0.0455437563 0.0169095546
  endloop
 endfacet

 facet normal 0.0968838781 -0.528041959 0.843673646
  outer loop
  vertex -0.0897069201 -0.0455055796 0.0169328507
  vertex -0.0897017196 -0.045541849 0.0169095546
  vertex -0.0896861181 -0.0455017611 0.0169328507
  endloop
 endfacet

 facet normal 0.120616153 -0.533493757 0.837159574
  outer loop
  vertex -0.0896861181 -0.0455017611 0.0169328507
  vertex -0.0897017196 -0.045541849 0.0169095546
  vertex -0.067986764 -0.0406323746 0.0169095546
  endloop
 endfacet

 facet normal 0.117000431 -0.517330527 0.847750068
  outer loop
  vertex -0.0896861181 -0.0455017611 0.0169328507
  vertex -0.067986764 -0.0406323746 0.0169095546
  vertex -0.067986764 -0.0405941978 0.0169328507
  endloop
 endfacet

 facet normal -0.203315362 -0.484528363 0.850820243
  outer loop
  vertex -0.0898161307 -0.0454960354 0.0169328507
  vertex -0.0898343325 -0.0454883985 0.0169328507
  vertex -0.089849934 -0.0455227606 0.0169095546
  endloop
 endfacet

 facet normal -0.168849066 -0.517630637 0.838777959
  outer loop
  vertex -0.0898161307 -0.0454960354 0.0169328507
  vertex -0.089849934 -0.0455227606 0.0169095546
  vertex -0.0898265317 -0.0455303937 0.0169095546
  endloop
 endfacet

 facet normal -0.153355852 -0.52235359 0.838825703
  outer loop
  vertex -0.0898161307 -0.0454960354 0.0169328507
  vertex -0.0898265317 -0.0455303937 0.0169095546
  vertex -0.0898005292 -0.0455380268 0.0169095546
  endloop
 endfacet

 facet normal -0.126420125 -0.516744971 0.846754193
  outer loop
  vertex -0.0898161307 -0.0454960354 0.0169328507
  vertex -0.0898005292 -0.0455380268 0.0169095546
  vertex -0.0897927284 -0.0455017611 0.0169328507
  endloop
 endfacet

 facet normal -0.0960269719 -0.52327311 0.846737325
  outer loop
  vertex -0.0897927284 -0.0455017611 0.0169328507
  vertex -0.0898005292 -0.0455380268 0.0169095546
  vertex -0.0897719264 -0.0455055796 0.0169328507
  endloop
 endfacet

 facet normal -0.0490635298 -0.534817636 0.843541861
  outer loop
  vertex -0.0897719264 -0.0455055796 0.0169328507
  vertex -0.0897771269 -0.045541849 0.0169095546
  vertex -0.0897511244 -0.0455074869 0.0169328507
  endloop
 endfacet

 facet normal -0.0864266679 -0.529634655 0.843811393
  outer loop
  vertex -0.0897719264 -0.0455055796 0.0169328507
  vertex -0.0898005292 -0.0455380268 0.0169095546
  vertex -0.0897771269 -0.045541849 0.0169095546
  endloop
 endfacet

 facet normal -0.0396365076 -0.540032268 0.840710521
  outer loop
  vertex -0.0897511244 -0.0455074869 0.0169328507
  vertex -0.0897771269 -0.045541849 0.0169095546
  vertex -0.0897511244 -0.0455437563 0.0169095546
  endloop
 endfacet

 facet normal -0.456721395 -0.282821506 0.843455732
  outer loop
  vertex -0.0899513438 -0.0453929603 0.0169328507
  vertex -0.0899955481 -0.0453910492 0.0169095546
  vertex -0.0899825469 -0.045412045 0.0169095546
  endloop
 endfacet

 facet normal -0.432460129 -0.321281403 0.842470407
  outer loop
  vertex -0.0899513438 -0.0453929603 0.0169328507
  vertex -0.0899825469 -0.045412045 0.0169095546
  vertex -0.0899669454 -0.0454330444 0.0169095546
  endloop
 endfacet

 facet normal -0.427905887 -0.323836476 0.843816698
  outer loop
  vertex -0.0899513438 -0.0453929603 0.0169328507
  vertex -0.0899669454 -0.0454330444 0.0169095546
  vertex -0.0899253413 -0.0454273187 0.0169328507
  endloop
 endfacet

 facet normal -0.421977371 -0.344947308 0.83841908
  outer loop
  vertex -0.0899253413 -0.0454273187 0.0169328507
  vertex -0.0899669454 -0.0454330444 0.0169095546
  vertex -0.0899513438 -0.0454521328 0.0169095546
  endloop
 endfacet

 facet normal -0.380582422 -0.38887614 0.839006782
  outer loop
  vertex -0.0899253413 -0.0454273187 0.0169328507
  vertex -0.0899513438 -0.0454521328 0.0169095546
  vertex -0.0899097398 -0.0454425886 0.0169328507
  endloop
 endfacet

 facet normal -0.376588821 -0.399031401 0.836035192
  outer loop
  vertex -0.0899097398 -0.0454425886 0.0169328507
  vertex -0.0899513438 -0.0454521328 0.0169095546
  vertex -0.0899331421 -0.0454693101 0.0169095546
  endloop
 endfacet

 facet normal -0.352541625 -0.420193791 0.836152911
  outer loop
  vertex -0.0899097398 -0.0454425886 0.0169328507
  vertex -0.0899331421 -0.0454693101 0.0169095546
  vertex -0.0899149403 -0.0454845801 0.0169095546
  endloop
 endfacet

 facet normal -0.315730333 -0.430092543 0.845774651
  outer loop
  vertex -0.0899097398 -0.0454425886 0.0169328507
  vertex -0.0899149403 -0.0454845801 0.0169095546
  vertex -0.0898941383 -0.0454998538 0.0169095546
  endloop
 endfacet

 facet normal -0.315729558 -0.430092514 0.845775008
  outer loop
  vertex -0.0899097398 -0.0454425886 0.0169328507
  vertex -0.0898941383 -0.0454998538 0.0169095546
  vertex -0.0898733363 -0.0454693101 0.0169328507
  endloop
 endfacet

 facet normal -0.246524602 -0.47014606 0.847459912
  outer loop
  vertex -0.0898733363 -0.0454693101 0.0169328507
  vertex -0.0898733363 -0.0455113053 0.0169095546
  vertex -0.0898551345 -0.0454788581 0.0169328507
  endloop
 endfacet

 facet normal -0.258008689 -0.468693703 0.844841897
  outer loop
  vertex -0.0898733363 -0.0454693101 0.0169328507
  vertex -0.0898941383 -0.0454998538 0.0169095546
  vertex -0.0898733363 -0.0455113053 0.0169095546
  endloop
 endfacet

 facet normal -0.233590871 -0.477200717 0.847180486
  outer loop
  vertex -0.0898551345 -0.0454788581 0.0169328507
  vertex -0.0898733363 -0.0455113053 0.0169095546
  vertex -0.089849934 -0.0455227606 0.0169095546
  endloop
 endfacet

 facet normal -0.219028175 -0.477458954 0.850916982
  outer loop
  vertex -0.0898551345 -0.0454788581 0.0169328507
  vertex -0.089849934 -0.0455227606 0.0169095546
  vertex -0.0898343325 -0.0454883985 0.0169328507
  endloop
 endfacet

 facet normal 0.0889000595 -0.393074512 -0.915198982
  outer loop
  vertex -0.067986764 -0.0405350253 0.0150387622
  vertex -0.067986764 -0.0405655652 0.015051879
  vertex -0.0896939188 -0.0454635844 0.0150469849
  endloop
 endfacet

 facet normal 0.100593351 -0.444922388 -0.889901757
  outer loop
  vertex -0.0896939188 -0.0454635844 0.0150469849
  vertex -0.067986764 -0.0405655652 0.015051879
  vertex -0.067986764 -0.0405808352 0.015059514
  endloop
 endfacet

 facet normal 0.101367466 -0.44836852 -0.888082445
  outer loop
  vertex -0.0896939188 -0.0454635844 0.0150469849
  vertex -0.067986764 -0.0405808352 0.015059514
  vertex -0.0896861181 -0.0455017611 0.0150671499
  endloop
 endfacet

 facet normal 0.0507225543 -0.458325088 -0.887336195
  outer loop
  vertex -0.0896939188 -0.0454635844 0.0150469849
  vertex -0.0896861181 -0.0455017611 0.0150671499
  vertex -0.0897277221 -0.045509398 0.0150687154
  endloop
 endfacet

 facet normal 0.0428860486 -0.453832507 -0.890054464
  outer loop
  vertex -0.0896939188 -0.0454635844 0.0150469849
  vertex -0.0897277221 -0.045509398 0.0150687154
  vertex -0.0897381231 -0.0454712212 0.0150487479
  endloop
 endfacet

 facet normal -0.0172244422 -0.467070699 -0.884052217
  outer loop
  vertex -0.0897381231 -0.0454712212 0.0150487479
  vertex -0.0897277221 -0.045509398 0.0150687154
  vertex -0.0897719264 -0.0455170311 0.0150736105
  endloop
 endfacet

 facet normal -0.0232779067 -0.463537037 -0.885771751
  outer loop
  vertex -0.0897381231 -0.0454712212 0.0150487479
  vertex -0.0897719264 -0.0455170311 0.0150736105
  vertex -0.0897797272 -0.0454788581 0.0150538366
  endloop
 endfacet

 facet normal -0.115175925 -0.475305736 -0.872249365
  outer loop
  vertex -0.0897797272 -0.0454788581 0.0150538366
  vertex -0.0897719264 -0.0455170311 0.0150736105
  vertex -0.0898213312 -0.0454845801 0.0150624504
  endloop
 endfacet

 facet normal -0.18647407 -0.493955374 -0.8492558
  outer loop
  vertex -0.0898213312 -0.0454845801 0.0150624504
  vertex -0.0898135304 -0.0455208495 0.0150818322
  vertex -0.0898551345 -0.0455246679 0.0150931878
  endloop
 endfacet

 facet normal -0.195502788 -0.48759979 -0.850896716
  outer loop
  vertex -0.0898213312 -0.0454845801 0.0150624504
  vertex -0.0898551345 -0.0455246679 0.0150931878
  vertex -0.0898629352 -0.0454883985 0.0150741972
  endloop
 endfacet

 facet normal -0.206971452 -0.437302589 -0.875173926
  outer loop
  vertex -0.0898213312 -0.0454845801 0.0150624504
  vertex -0.0898629352 -0.0454883985 0.0150741972
  vertex -0.0898733363 -0.0454521328 0.0150585361
  endloop
 endfacet

 facet normal -0.12582767 -0.488495201 -0.863446474
  outer loop
  vertex -0.0898213312 -0.0454845801 0.0150624504
  vertex -0.0897719264 -0.0455170311 0.0150736105
  vertex -0.0898135304 -0.0455208495 0.0150818322
  endloop
 endfacet

 facet normal -0.289785981 -0.448285997 -0.845614433
  outer loop
  vertex -0.0898733363 -0.0454521328 0.0150585361
  vertex -0.0898629352 -0.0454883985 0.0150741972
  vertex -0.0899045393 -0.0454903096 0.0150894672
  endloop
 endfacet

 facet normal -0.3192541 -0.425243795 -0.846902966
  outer loop
  vertex -0.0898733363 -0.0454521328 0.0150585361
  vertex -0.0899045393 -0.0454903096 0.0150894672
  vertex -0.08991234 -0.0454540402 0.0150741972
  endloop
 endfacet

 facet normal -0.333404839 -0.35463807 -0.873540521
  outer loop
  vertex -0.0898733363 -0.0454521328 0.0150585361
  vertex -0.08991234 -0.0454540402 0.0150741972
  vertex -0.0899201408 -0.0454177745 0.0150624504
  endloop
 endfacet

 facet normal -0.387073457 -0.358407676 -0.849539936
  outer loop
  vertex -0.0899201408 -0.0454177745 0.0150624504
  vertex -0.08991234 -0.0454540402 0.0150741972
  vertex -0.0899591446 -0.0454215892 0.0150818322
  endloop
 endfacet

 facet normal -0.399903119 -0.304055661 -0.86465466
  outer loop
  vertex -0.0899201408 -0.0454177745 0.0150624504
  vertex -0.0899591446 -0.0454215892 0.0150818322
  vertex -0.0899305418 -0.0453795977 0.0150538366
  endloop
 endfacet

 facet normal -0.42226705 -0.285864353 -0.86021632
  outer loop
  vertex -0.0899305418 -0.0453795977 0.0150538366
  vertex -0.0899591446 -0.0454215892 0.0150818322
  vertex -0.0899669454 -0.0453853235 0.0150736105
  endloop
 endfacet

 facet normal -0.433561742 -0.241491467 -0.868162513
  outer loop
  vertex -0.0899305418 -0.0453795977 0.0150538366
  vertex -0.0899669454 -0.0453853235 0.0150736105
  vertex -0.0899773464 -0.045349054 0.0150687154
  endloop
 endfacet

 facet normal -0.414450318 -0.202952534 -0.887153387
  outer loop
  vertex -0.0899305418 -0.0453795977 0.0150538366
  vertex -0.0899773464 -0.045349054 0.0150687154
  vertex -0.0899383426 -0.0453414209 0.0150487479
  endloop
 endfacet

 facet normal -0.431270212 -0.131305948 -0.892616749
  outer loop
  vertex -0.0899383426 -0.0453414209 0.0150487479
  vertex -0.0899773464 -0.045349054 0.0150687154
  vertex -0.0899851471 -0.0453127883 0.0150671499
  endloop
 endfacet

 facet normal -0.430273741 -0.129167616 -0.893409371
  outer loop
  vertex -0.0899383426 -0.0453414209 0.0150487479
  vertex -0.0899851471 -0.0453127883 0.0150671499
  vertex -0.0899461433 -0.0453032441 0.0150469849
  endloop
 endfacet

 facet normal -0.437758446 -0.0990307257 -0.89362216
  outer loop
  vertex -0.0899461433 -0.0453032441 0.0150469849
  vertex -0.0899851471 -0.0453127883 0.0150671499
  vertex -0.0942548141 -0.026257081 0.0150469849
  endloop
 endfacet

 facet normal -0.456789136 -0.103284143 -0.88355875
  outer loop
  vertex -0.0942548141 -0.026257081 0.0150469849
  vertex -0.0899851471 -0.0453127883 0.0150671499
  vertex -0.0942938179 -0.026257081 0.0150671499
  endloop
 endfacet

 facet normal -0.596005738 -0.134735599 0.791595519
  outer loop
  vertex -0.0943250209 -0.026257081 0.0169142541
  vertex -0.094366625 -0.026257081 0.01688293
  vertex -0.0900553539 -0.0453280583 0.01688293
  endloop
 endfacet

 facet normal -0.594252706 -0.134345382 0.792978644
  outer loop
  vertex -0.0943250209 -0.026257081 0.0169142541
  vertex -0.0900553539 -0.0453280583 0.01688293
  vertex -0.0900215507 -0.0453204252 0.0169095546
  endloop
 endfacet

 facet normal -0.585547745 -0.170920581 0.79241401
  outer loop
  vertex -0.0900215507 -0.0453204252 0.0169095546
  vertex -0.0900553539 -0.0453280583 0.01688293
  vertex -0.0900475532 -0.0453547835 0.01688293
  endloop
 endfacet

 facet normal -0.576401651 -0.18125096 0.796811938
  outer loop
  vertex -0.0900215507 -0.0453204252 0.0169095546
  vertex -0.0900475532 -0.0453547835 0.01688293
  vertex -0.0900137499 -0.0453452393 0.0169095546
  endloop
 endfacet

 facet normal -0.572338521 -0.194855303 0.796530008
  outer loop
  vertex -0.0900137499 -0.0453452393 0.0169095546
  vertex -0.0900475532 -0.0453547835 0.01688293
  vertex -0.0900059491 -0.0453681462 0.0169095546
  endloop
 endfacet

 facet normal -0.575357378 -0.223956138 0.786643207
  outer loop
  vertex -0.0900059491 -0.0453681462 0.0169095546
  vertex -0.0900475532 -0.0453547835 0.01688293
  vertex -0.0900371522 -0.045381505 0.01688293
  endloop
 endfacet

 facet normal -0.562047064 -0.25523141 0.786740124
  outer loop
  vertex -0.0900059491 -0.0453681462 0.0169095546
  vertex -0.0900371522 -0.045381505 0.01688293
  vertex -0.0899955481 -0.0453910492 0.0169095546
  endloop
 endfacet

 facet normal -0.562149644 -0.294533253 0.77281177
  outer loop
  vertex -0.0899955481 -0.0453910492 0.0169095546
  vertex -0.0900371522 -0.045381505 0.01688293
  vertex -0.0900111496 -0.0454311371 0.01688293
  endloop
 endfacet

 facet normal -0.520687878 -0.32243225 0.790519834
  outer loop
  vertex -0.0899955481 -0.0453910492 0.0169095546
  vertex -0.0900111496 -0.0454311371 0.01688293
  vertex -0.0899825469 -0.045412045 0.0169095546
  endloop
 endfacet

 facet normal 0 -0.61252737 0.790449381
  outer loop
  vertex -0.0897277221 -0.0455437563 0.0169095546
  vertex -0.0897511244 -0.0455437563 0.0169095546
  vertex -0.0897537246 -0.0455781147 0.01688293
  endloop
 endfacet

 facet normal 0 -0.61252737 0.790449381
  outer loop
  vertex -0.0897277221 -0.0455437563 0.0169095546
  vertex -0.0897537246 -0.0455781147 0.01688293
  vertex -0.0897251219 -0.0455781147 0.01688293
  endloop
 endfacet

 facet normal 0.0407090858 -0.610093474 0.791283011
  outer loop
  vertex -0.0897277221 -0.0455437563 0.0169095546
  vertex -0.0897251219 -0.0455781147 0.01688293
  vertex -0.0896965191 -0.0455762073 0.01688293
  endloop
 endfacet

 facet normal 0.0446057394 -0.607690275 0.79292047
  outer loop
  vertex -0.0897277221 -0.0455437563 0.0169095546
  vertex -0.0896965191 -0.0455762073 0.01688293
  vertex -0.0897017196 -0.045541849 0.0169095546
  endloop
 endfacet

 facet normal 0.131009549 -0.594781578 0.793140292
  outer loop
  vertex -0.0897017196 -0.045541849 0.0169095546
  vertex -0.0896965191 -0.0455762073 0.01688293
  vertex -0.0896705166 -0.0455704778 0.01688293
  endloop
 endfacet

 facet normal 0.13397947 -0.592600763 0.794275701
  outer loop
  vertex -0.0897017196 -0.045541849 0.0169095546
  vertex -0.0896705166 -0.0455704778 0.01688293
  vertex -0.067986764 -0.0406323746 0.0169095546
  endloop
 endfacet

 facet normal 0.137214363 -0.606744468 0.782964468
  outer loop
  vertex -0.067986764 -0.0406323746 0.0169095546
  vertex -0.0896705166 -0.0455704778 0.01688293
  vertex -0.067986764 -0.0406667292 0.01688293
  endloop
 endfacet

 facet normal -0.26686126 -0.545168519 0.794717789
  outer loop
  vertex -0.089849934 -0.0455227606 0.0169095546
  vertex -0.0898733363 -0.0455113053 0.0169095546
  vertex -0.0898629352 -0.0455552079 0.01688293
  endloop
 endfacet

 facet normal -0.208807915 -0.568985522 0.79539597
  outer loop
  vertex -0.089849934 -0.0455227606 0.0169095546
  vertex -0.0898629352 -0.0455552079 0.01688293
  vertex -0.0898369327 -0.0455647521 0.01688293
  endloop
 endfacet

 facet normal -0.184770972 -0.566441476 0.803121209
  outer loop
  vertex -0.089849934 -0.0455227606 0.0169095546
  vertex -0.0898369327 -0.0455647521 0.01688293
  vertex -0.0898265317 -0.0455303937 0.0169095546
  endloop
 endfacet

 facet normal -0.16781874 -0.571616411 0.803176045
  outer loop
  vertex -0.0898265317 -0.0455303937 0.0169095546
  vertex -0.0898369327 -0.0455647521 0.01688293
  vertex -0.0898005292 -0.0455380268 0.0169095546
  endloop
 endfacet

 facet normal -0.127441674 -0.607525706 0.784009695
  outer loop
  vertex -0.0898005292 -0.0455380268 0.0169095546
  vertex -0.0898369327 -0.0455647521 0.01688293
  vertex -0.0897823274 -0.0455762073 0.01688293
  endloop
 endfacet

 facet normal -0.0979539007 -0.600275159 0.793772578
  outer loop
  vertex -0.0898005292 -0.0455380268 0.0169095546
  vertex -0.0897823274 -0.0455762073 0.01688293
  vertex -0.0897771269 -0.045541849 0.0169095546
  endloop
 endfacet

 facet normal -0.044602409 -0.607690692 0.792920351
  outer loop
  vertex -0.0897771269 -0.045541849 0.0169095546
  vertex -0.0897823274 -0.0455762073 0.01688293
  vertex -0.0897511244 -0.0455437563 0.0169095546
  endloop
 endfacet

 facet normal -0.0407063104 -0.610093653 0.791283071
  outer loop
  vertex -0.0897511244 -0.0455437563 0.0169095546
  vertex -0.0897823274 -0.0455762073 0.01688293
  vertex -0.0897537246 -0.0455781147 0.01688293
  endloop
 endfacet

 facet normal -0.506016135 -0.344637483 0.79067868
  outer loop
  vertex -0.0899825469 -0.045412045 0.0169095546
  vertex -0.0900111496 -0.0454311371 0.01688293
  vertex -0.0899955481 -0.0454540402 0.01688293
  endloop
 endfacet

 facet normal -0.481805176 -0.357940644 0.799838901
  outer loop
  vertex -0.0899825469 -0.045412045 0.0169095546
  vertex -0.0899955481 -0.0454540402 0.01688293
  vertex -0.0899669454 -0.0454330444 0.0169095546
  endloop
 endfacet

 facet normal -0.46510455 -0.380201906 0.799452484
  outer loop
  vertex -0.0899669454 -0.0454330444 0.0169095546
  vertex -0.0899955481 -0.0454540402 0.01688293
  vertex -0.0899513438 -0.0454521328 0.0169095546
  endloop
 endfacet

 facet normal -0.460368752 -0.399120748 0.792945981
  outer loop
  vertex -0.0899513438 -0.0454521328 0.0169095546
  vertex -0.0899955481 -0.0454540402 0.01688293
  vertex -0.0899773464 -0.0454750359 0.01688293
  endloop
 endfacet

 facet normal -0.419304103 -0.444292277 0.791699767
  outer loop
  vertex -0.0899513438 -0.0454521328 0.0169095546
  vertex -0.0899773464 -0.0454750359 0.01688293
  vertex -0.0899331421 -0.0454693101 0.0169095546
  endloop
 endfacet

 facet normal -0.387008965 -0.461275399 0.798404098
  outer loop
  vertex -0.0899331421 -0.0454693101 0.0169095546
  vertex -0.0899357423 -0.0455132164 0.01688293
  vertex -0.0899149403 -0.0454845801 0.0169095546
  endloop
 endfacet

 facet normal -0.416046321 -0.453397453 0.788248897
  outer loop
  vertex -0.0899331421 -0.0454693101 0.0169095546
  vertex -0.0899773464 -0.0454750359 0.01688293
  vertex -0.0899357423 -0.0455132164 0.01688293
  endloop
 endfacet

 facet normal -0.355763018 -0.484625638 0.799106181
  outer loop
  vertex -0.0899149403 -0.0454845801 0.0169095546
  vertex -0.0899357423 -0.0455132164 0.01688293
  vertex -0.0898941383 -0.0454998538 0.0169095546
  endloop
 endfacet

 facet normal -0.295811474 -0.537365556 0.789768219
  outer loop
  vertex -0.0898733363 -0.0455113053 0.0169095546
  vertex -0.0898941383 -0.0454998538 0.0169095546
  vertex -0.0898889378 -0.045541849 0.01688293
  endloop
 endfacet

 facet normal -0.280269116 -0.545428574 0.789909422
  outer loop
  vertex -0.0898733363 -0.0455113053 0.0169095546
  vertex -0.0898889378 -0.045541849 0.01688293
  vertex -0.0898629352 -0.0455552079 0.01688293
  endloop
 endfacet

 facet normal -0.337386936 -0.517044008 0.786661029
  outer loop
  vertex -0.0898941383 -0.0454998538 0.0169095546
  vertex -0.0899357423 -0.0455132164 0.01688293
  vertex -0.08991234 -0.0455284864 0.01688293
  endloop
 endfacet

 facet normal -0.306325525 -0.536495984 0.786343873
  outer loop
  vertex -0.0898941383 -0.0454998538 0.0169095546
  vertex -0.08991234 -0.0455284864 0.01688293
  vertex -0.0898889378 -0.045541849 0.01688293
  endloop
 endfacet

 facet normal 0.110429332 -0.488292933 -0.865664721
  outer loop
  vertex -0.067986764 -0.0405808352 0.015059514
  vertex -0.067986764 -0.0405999236 0.015070281
  vertex -0.0896861181 -0.0455017611 0.0150671499
  endloop
 endfacet

 facet normal 0.111500904 -0.493038386 -0.862832963
  outer loop
  vertex -0.0896861181 -0.0455017611 0.0150671499
  vertex -0.067986764 -0.0405999236 0.015070281
  vertex -0.067986764 -0.0406132862 0.0150779169
  endloop
 endfacet

 facet normal 0.121608876 -0.537969589 -0.834146261
  outer loop
  vertex -0.0896861181 -0.0455017611 0.0150671499
  vertex -0.067986764 -0.0406132862 0.0150779169
  vertex -0.0896783173 -0.0455361232 0.015090446
  endloop
 endfacet

 facet normal 0.0934173092 -0.544125974 -0.833786666
  outer loop
  vertex -0.0896861181 -0.0455017611 0.0150671499
  vertex -0.0896783173 -0.0455361232 0.015090446
  vertex -0.0897199214 -0.0455456637 0.0150920125
  endloop
 endfacet

 facet normal 0.0653173327 -0.52934289 -0.845889986
  outer loop
  vertex -0.0896861181 -0.0455017611 0.0150671499
  vertex -0.0897199214 -0.0455456637 0.0150920125
  vertex -0.0897277221 -0.045509398 0.0150687154
  endloop
 endfacet

 facet normal 0.000172727159 -0.540451288 -0.841375351
  outer loop
  vertex -0.0897277221 -0.045509398 0.0150687154
  vertex -0.0897199214 -0.0455456637 0.0150920125
  vertex -0.0897719264 -0.0455170311 0.0150736105
  endloop
 endfacet

 facet normal -0.0154540641 -0.560322464 -0.828130424
  outer loop
  vertex -0.0897719264 -0.0455170311 0.0150736105
  vertex -0.0897199214 -0.0455456637 0.0150920125
  vertex -0.0897641256 -0.0455513895 0.015096711
  endloop
 endfacet

 facet normal -0.100975856 -0.570813119 -0.81484741
  outer loop
  vertex -0.0897719264 -0.0455170311 0.0150736105
  vertex -0.0897641256 -0.0455513895 0.015096711
  vertex -0.0898057297 -0.0455552079 0.0151045416
  endloop
 endfacet

 facet normal -0.109716088 -0.565280318 -0.817569911
  outer loop
  vertex -0.0897719264 -0.0455170311 0.0150736105
  vertex -0.0898057297 -0.0455552079 0.0151045416
  vertex -0.0898135304 -0.0455208495 0.0150818322
  endloop
 endfacet

 facet normal -0.167324692 -0.569778979 -0.804583371
  outer loop
  vertex -0.0898135304 -0.0455208495 0.0150818322
  vertex -0.0898057297 -0.0455552079 0.0151045416
  vertex -0.0898551345 -0.0455246679 0.0150931878
  endloop
 endfacet

 facet normal -0.250299215 -0.585691571 -0.770918727
  outer loop
  vertex -0.0898551345 -0.0455246679 0.0150931878
  vertex -0.0898473337 -0.045557119 0.0151153086
  vertex -0.0898889378 -0.045557119 0.0151288174
  endloop
 endfacet

 facet normal -0.270103425 -0.570341587 -0.775728464
  outer loop
  vertex -0.0898551345 -0.0455246679 0.0150931878
  vertex -0.0898889378 -0.045557119 0.0151288174
  vertex -0.0898967385 -0.0455246679 0.0151076736
  endloop
 endfacet

 facet normal -0.285050154 -0.498548329 -0.818655014
  outer loop
  vertex -0.0898551345 -0.0455246679 0.0150931878
  vertex -0.0898967385 -0.0455246679 0.0151076736
  vertex -0.0899045393 -0.0454903096 0.0150894672
  endloop
 endfacet

 facet normal -0.279996216 -0.491902649 -0.824399114
  outer loop
  vertex -0.0898551345 -0.0455246679 0.0150931878
  vertex -0.0899045393 -0.0454903096 0.0150894672
  vertex -0.0898629352 -0.0454883985 0.0150741972
  endloop
 endfacet

 facet normal -0.178351328 -0.583142638 -0.792550027
  outer loop
  vertex -0.0898551345 -0.0455246679 0.0150931878
  vertex -0.0898057297 -0.0455552079 0.0151045416
  vertex -0.0898473337 -0.045557119 0.0151153086
  endloop
 endfacet

 facet normal -0.366478294 -0.499272376 -0.785124779
  outer loop
  vertex -0.0899045393 -0.0454903096 0.0150894672
  vertex -0.0898967385 -0.0455246679 0.0151076736
  vertex -0.0899435431 -0.0454903096 0.0151076736
  endloop
 endfacet

 facet normal -0.381602854 -0.431310654 -0.817526996
  outer loop
  vertex -0.0899045393 -0.0454903096 0.0150894672
  vertex -0.0899435431 -0.0454903096 0.0151076736
  vertex -0.0899513438 -0.0454559512 0.0150931878
  endloop
 endfacet

 facet normal -0.378823459 -0.427148759 -0.820997417
  outer loop
  vertex -0.0899045393 -0.0454903096 0.0150894672
  vertex -0.0899513438 -0.0454559512 0.0150931878
  vertex -0.08991234 -0.0454540402 0.0150741972
  endloop
 endfacet

 facet normal -0.392472476 -0.367719769 -0.843058527
  outer loop
  vertex -0.08991234 -0.0454540402 0.0150741972
  vertex -0.0899513438 -0.0454559512 0.0150931878
  vertex -0.0899591446 -0.0454215892 0.0150818322
  endloop
 endfacet

 facet normal -0.453657687 -0.370806903 -0.810368478
  outer loop
  vertex -0.0899591446 -0.0454215892 0.0150818322
  vertex -0.0899513438 -0.0454559512 0.0150931878
  vertex -0.0899981484 -0.0454235002 0.0151045416
  endloop
 endfacet

 facet normal -0.469702929 -0.296203196 -0.831650674
  outer loop
  vertex -0.0899591446 -0.0454215892 0.0150818322
  vertex -0.0899981484 -0.0454235002 0.0151045416
  vertex -0.0900059491 -0.0453891419 0.015096711
  endloop
 endfacet

 facet normal -0.466555715 -0.289825141 -0.835659742
  outer loop
  vertex -0.0899591446 -0.0454215892 0.0150818322
  vertex -0.0900059491 -0.0453891419 0.015096711
  vertex -0.0899669454 -0.0453853235 0.0150736105
  endloop
 endfacet

 facet normal -0.475153297 -0.250104487 -0.843609571
  outer loop
  vertex -0.0899669454 -0.0453853235 0.0150736105
  vertex -0.0900059491 -0.0453891419 0.015096711
  vertex -0.0899773464 -0.045349054 0.0150687154
  endloop
 endfacet

 facet normal -0.499220908 -0.227642119 -0.836036801
  outer loop
  vertex -0.0899773464 -0.045349054 0.0150687154
  vertex -0.0900059491 -0.0453891419 0.015096711
  vertex -0.0900137499 -0.0453547835 0.0150920125
  endloop
 endfacet

 facet normal -0.515028298 -0.155382887 -0.84297204
  outer loop
  vertex -0.0899773464 -0.045349054 0.0150687154
  vertex -0.0900137499 -0.0453547835 0.0150920125
  vertex -0.0900215507 -0.0453204252 0.015090446
  endloop
 endfacet

 facet normal -0.511209488 -0.14652501 -0.846873879
  outer loop
  vertex -0.0899773464 -0.045349054 0.0150687154
  vertex -0.0900215507 -0.0453204252 0.015090446
  vertex -0.0899851471 -0.0453127883 0.0150671499
  endloop
 endfacet

 facet normal -0.517769337 -0.117075287 -0.847471714
  outer loop
  vertex -0.0899851471 -0.0453127883 0.0150671499
  vertex -0.0900215507 -0.0453204252 0.015090446
  vertex -0.0943016186 -0.026257081 0.0150718484
  endloop
 endfacet

 facet normal -0.512520015 -0.115885392 -0.850819528
  outer loop
  vertex -0.0899851471 -0.0453127883 0.0150671499
  vertex -0.0943016186 -0.026257081 0.0150718484
  vertex -0.0942938179 -0.026257081 0.0150671499
  endloop
 endfacet

 facet normal -0.651106238 -0.147191852 0.744577289
  outer loop
  vertex -0.094366625 -0.026257081 0.01688293
  vertex -0.0944004282 -0.026257081 0.0168533679
  vertex -0.0900553539 -0.0453280583 0.01688293
  endloop
 endfacet

 facet normal -0.653447151 -0.17805855 0.735732317
  outer loop
  vertex -0.0900553539 -0.0453280583 0.01688293
  vertex -0.0900865644 -0.0453356951 0.0168533679
  vertex -0.0900787562 -0.0453643277 0.0168533679
  endloop
 endfacet

 facet normal -0.644545197 -0.188141868 0.741056144
  outer loop
  vertex -0.0900553539 -0.0453280583 0.01688293
  vertex -0.0900787562 -0.0453643277 0.0168533679
  vertex -0.0900475532 -0.0453547835 0.01688293
  endloop
 endfacet

 facet normal -0.660529673 -0.149352446 0.735795081
  outer loop
  vertex -0.0900553539 -0.0453280583 0.01688293
  vertex -0.0944004282 -0.026257081 0.0168533679
  vertex -0.0900865644 -0.0453356951 0.0168533679
  endloop
 endfacet

 facet normal -0.626634061 -0.243915424 0.740158796
  outer loop
  vertex -0.0900475532 -0.0453547835 0.01688293
  vertex -0.0900787562 -0.0453643277 0.0168533679
  vertex -0.0900371522 -0.045381505 0.01688293
  endloop
 endfacet

 facet normal -0.63072288 -0.2864061 0.721221328
  outer loop
  vertex -0.0900371522 -0.045381505 0.01688293
  vertex -0.0900787562 -0.0453643277 0.0168533679
  vertex -0.0900527537 -0.0454215892 0.0168533679
  endloop
 endfacet

 facet normal -0.596799791 -0.312687874 0.738956213
  outer loop
  vertex -0.0900371522 -0.045381505 0.01688293
  vertex -0.0900527537 -0.0454215892 0.0168533679
  vertex -0.0900111496 -0.0454311371 0.01688293
  endloop
 endfacet

 facet normal -0.594809651 -0.347248197 0.724996746
  outer loop
  vertex -0.0900111496 -0.0454311371 0.01688293
  vertex -0.0900527537 -0.0454215892 0.0168533679
  vertex -0.0900371522 -0.0454483144 0.0168533679
  endloop
 endfacet

 facet normal -0.582710385 -0.366319746 0.725436807
  outer loop
  vertex -0.0900111496 -0.0454311371 0.01688293
  vertex -0.0900371522 -0.0454483144 0.0168533679
  vertex -0.0900215507 -0.0454731323 0.0168533679
  endloop
 endfacet

 facet normal -0.558603287 -0.380453646 0.737032831
  outer loop
  vertex -0.0900111496 -0.0454311371 0.01688293
  vertex -0.0900215507 -0.0454731323 0.0168533679
  vertex -0.0899955481 -0.0454540402 0.01688293
  endloop
 endfacet

 facet normal 0 -0.673453748 0.739229441
  outer loop
  vertex -0.0897251219 -0.0455781147 0.01688293
  vertex -0.0897537246 -0.0455781147 0.01688293
  vertex -0.0897537246 -0.045610562 0.0168533679
  endloop
 endfacet

 facet normal 0 -0.673453748 0.739229441
  outer loop
  vertex -0.0897251219 -0.0455781147 0.01688293
  vertex -0.0897537246 -0.045610562 0.0168533679
  vertex -0.0897251219 -0.045610562 0.0168533679
  endloop
 endfacet

 facet normal 0.0448915586 -0.672774792 0.738484144
  outer loop
  vertex -0.0897251219 -0.0455781147 0.01688293
  vertex -0.0897251219 -0.045610562 0.0168533679
  vertex -0.0896965191 -0.0455762073 0.01688293
  endloop
 endfacet

 facet normal 0.0843255818 -0.68930757 0.71954453
  outer loop
  vertex -0.0896965191 -0.0455762073 0.01688293
  vertex -0.0897251219 -0.045610562 0.0168533679
  vertex -0.0896939188 -0.0456067473 0.0168533679
  endloop
 endfacet

 facet normal 0.12563166 -0.684447706 0.71815604
  outer loop
  vertex -0.0896965191 -0.0455762073 0.01688293
  vertex -0.0896939188 -0.0456067473 0.0168533679
  vertex -0.0896627158 -0.0456010178 0.0168533679
  endloop
 endfacet

 facet normal 0.147193775 -0.668257654 0.729222775
  outer loop
  vertex -0.0896965191 -0.0455762073 0.01688293
  vertex -0.0896627158 -0.0456010178 0.0168533679
  vertex -0.0896705166 -0.0455704778 0.01688293
  endloop
 endfacet

 facet normal 0.150881529 -0.667371511 0.729280472
  outer loop
  vertex -0.0896705166 -0.0455704778 0.01688293
  vertex -0.0896627158 -0.0456010178 0.0168533679
  vertex -0.067986764 -0.0406762771 0.0168754905
  endloop
 endfacet

 facet normal 0.13770093 -0.608896017 0.781206965
  outer loop
  vertex -0.0896705166 -0.0455704778 0.01688293
  vertex -0.067986764 -0.0406762771 0.0168754905
  vertex -0.067986764 -0.0406667292 0.01688293
  endloop
 endfacet

 facet normal -0.313243717 -0.609599948 0.728193879
  outer loop
  vertex -0.0898629352 -0.0455552079 0.01688293
  vertex -0.0898889378 -0.045541849 0.01688293
  vertex -0.089901939 -0.0455704778 0.0168533679
  endloop
 endfacet

 facet normal -0.313243717 -0.609599948 0.728193879
  outer loop
  vertex -0.0898629352 -0.0455552079 0.01688293
  vertex -0.089901939 -0.0455704778 0.0168533679
  vertex -0.0898759365 -0.0455838405 0.0168533679
  endloop
 endfacet

 facet normal -0.236342356 -0.643953204 0.727644622
  outer loop
  vertex -0.0898629352 -0.0455552079 0.01688293
  vertex -0.0898759365 -0.0455838405 0.0168533679
  vertex -0.0898447335 -0.045595292 0.0168533679
  endloop
 endfacet

 facet normal -0.236318633 -0.643950105 0.727655053
  outer loop
  vertex -0.0898629352 -0.0455552079 0.01688293
  vertex -0.0898447335 -0.045595292 0.0168533679
  vertex -0.0898369327 -0.0455647521 0.01688293
  endloop
 endfacet

 facet normal -0.176450565 -0.660932004 0.729406774
  outer loop
  vertex -0.0898369327 -0.0455647521 0.01688293
  vertex -0.0898447335 -0.045595292 0.0168533679
  vertex -0.0898161307 -0.0456029288 0.0168533679
  endloop
 endfacet

 facet normal -0.136769682 -0.651993036 0.745787621
  outer loop
  vertex -0.0898369327 -0.0455647521 0.01688293
  vertex -0.0898161307 -0.0456029288 0.0168533679
  vertex -0.0897823274 -0.0455762073 0.01688293
  endloop
 endfacet

 facet normal -0.0448884927 -0.672774971 0.738484323
  outer loop
  vertex -0.0897823274 -0.0455762073 0.01688293
  vertex -0.0897537246 -0.045610562 0.0168533679
  vertex -0.0897537246 -0.0455781147 0.01688293
  endloop
 endfacet

 facet normal -0.0843203589 -0.689308107 0.71954459
  outer loop
  vertex -0.0897823274 -0.0455762073 0.01688293
  vertex -0.0898161307 -0.0456029288 0.0168533679
  vertex -0.0897537246 -0.045610562 0.0168533679
  endloop
 endfacet

 facet normal -0.511401296 -0.443363786 0.736136794
  outer loop
  vertex -0.0899955481 -0.0454540402 0.01688293
  vertex -0.0900215507 -0.0454731323 0.0168533679
  vertex -0.0899773464 -0.0454750359 0.01688293
  endloop
 endfacet

 facet normal -0.507070422 -0.46053189 0.728553414
  outer loop
  vertex -0.0899773464 -0.0454750359 0.01688293
  vertex -0.0900215507 -0.0454731323 0.0168533679
  vertex -0.0900007486 -0.0454960354 0.0168533679
  endloop
 endfacet

 facet normal -0.479661316 -0.490073532 0.727841318
  outer loop
  vertex -0.0899773464 -0.0454750359 0.01688293
  vertex -0.0900007486 -0.0454960354 0.0168533679
  vertex -0.0899773464 -0.0455189422 0.0168533679
  endloop
 endfacet

 facet normal -0.456095576 -0.497042239 0.738191009
  outer loop
  vertex -0.0899773464 -0.0454750359 0.01688293
  vertex -0.0899773464 -0.0455189422 0.0168533679
  vertex -0.0899357423 -0.0455132164 0.01688293
  endloop
 endfacet

 facet normal -0.368781567 -0.565156221 0.737969339
  outer loop
  vertex -0.0899357423 -0.0455132164 0.01688293
  vertex -0.0899305418 -0.0455552079 0.0168533679
  vertex -0.08991234 -0.0455284864 0.01688293
  endloop
 endfacet

 facet normal -0.438158035 -0.537194133 0.7207219
  outer loop
  vertex -0.0899357423 -0.0455132164 0.01688293
  vertex -0.0899773464 -0.0455189422 0.0168533679
  vertex -0.0899539441 -0.0455380268 0.0168533679
  endloop
 endfacet

 facet normal -0.409949392 -0.558431625 0.721176565
  outer loop
  vertex -0.0899357423 -0.0455132164 0.01688293
  vertex -0.0899539441 -0.0455380268 0.0168533679
  vertex -0.0899305418 -0.0455552079 0.0168533679
  endloop
 endfacet

 facet normal -0.335146427 -0.586972713 0.736980379
  outer loop
  vertex -0.0898889378 -0.045541849 0.01688293
  vertex -0.08991234 -0.0455284864 0.01688293
  vertex -0.0899305418 -0.0455552079 0.0168533679
  endloop
 endfacet

 facet normal -0.322934687 -0.604886711 0.727890968
  outer loop
  vertex -0.0898889378 -0.045541849 0.01688293
  vertex -0.0899305418 -0.0455552079 0.0168533679
  vertex -0.089901939 -0.0455704778 0.0168533679
  endloop
 endfacet

 facet normal 0.123110935 -0.544576645 -0.829626501
  outer loop
  vertex -0.067986764 -0.0406132862 0.0150779169
  vertex -0.067986764 -0.0406323746 0.015090446
  vertex -0.0896783173 -0.0455361232 0.015090446
  endloop
 endfacet

 facet normal 0.132945046 -0.588077486 -0.797803521
  outer loop
  vertex -0.0896783173 -0.0455361232 0.015090446
  vertex -0.067986764 -0.0406323746 0.015090446
  vertex -0.0896705166 -0.0455704778 0.0151170716
  endloop
 endfacet

 facet normal 0.106201336 -0.593908429 -0.797492385
  outer loop
  vertex -0.0896783173 -0.0455361232 0.015090446
  vertex -0.0896705166 -0.0455704778 0.0151170716
  vertex -0.0897199214 -0.0455456637 0.0150920125
  endloop
 endfacet

 facet normal 0.0290146675 -0.627035022 -0.778450608
  outer loop
  vertex -0.0897199214 -0.0455456637 0.0150920125
  vertex -0.0897121206 -0.0455781147 0.0151184415
  vertex -0.0897563249 -0.0455857515 0.0151229445
  endloop
 endfacet

 facet normal -0.00571718579 -0.60764116 -0.794191122
  outer loop
  vertex -0.0897199214 -0.0455456637 0.0150920125
  vertex -0.0897563249 -0.0455857515 0.0151229445
  vertex -0.0897641256 -0.0455513895 0.015096711
  endloop
 endfacet

 facet normal 0.0873567089 -0.616378427 -0.782589614
  outer loop
  vertex -0.0897199214 -0.0455456637 0.0150920125
  vertex -0.0896705166 -0.0455704778 0.0151170716
  vertex -0.0897121206 -0.0455781147 0.0151184415
  endloop
 endfacet

 facet normal -0.0904495865 -0.617234945 -0.781562507
  outer loop
  vertex -0.0897641256 -0.0455513895 0.015096711
  vertex -0.0897563249 -0.0455857515 0.0151229445
  vertex -0.0898057297 -0.0455552079 0.0151045416
  endloop
 endfacet

 facet normal -0.144069955 -0.634676039 -0.759229958
  outer loop
  vertex -0.0898057297 -0.0455552079 0.0151045416
  vertex -0.0897979289 -0.0455876589 0.0151301874
  vertex -0.0898421332 -0.0455895662 0.0151401721
  endloop
 endfacet

 facet normal -0.170667157 -0.616363049 -0.768745363
  outer loop
  vertex -0.0898057297 -0.0455552079 0.0151045416
  vertex -0.0898421332 -0.0455895662 0.0151401721
  vertex -0.0898473337 -0.045557119 0.0151153086
  endloop
 endfacet

 facet normal -0.104701638 -0.632022798 -0.7678442
  outer loop
  vertex -0.0898057297 -0.0455552079 0.0151045416
  vertex -0.0897563249 -0.0455857515 0.0151229445
  vertex -0.0897979289 -0.0455876589 0.0151301874
  endloop
 endfacet

 facet normal -0.243703365 -0.614168525 -0.750603557
  outer loop
  vertex -0.0898473337 -0.045557119 0.0151153086
  vertex -0.0898421332 -0.0455895662 0.0151401721
  vertex -0.0898889378 -0.045557119 0.0151288174
  endloop
 endfacet

 facet normal -0.254403889 -0.625150323 -0.737879217
  outer loop
  vertex -0.0898889378 -0.045557119 0.0151288174
  vertex -0.0898421332 -0.0455895662 0.0151401721
  vertex -0.0898837373 -0.0455876589 0.0151528977
  endloop
 endfacet

 facet normal -0.315708697 -0.620084286 -0.718208551
  outer loop
  vertex -0.0898889378 -0.045557119 0.0151288174
  vertex -0.0898837373 -0.0455876589 0.0151528977
  vertex -0.0899305418 -0.0455552079 0.0151454573
  endloop
 endfacet

 facet normal -0.327587575 -0.56978792 -0.753676414
  outer loop
  vertex -0.0898889378 -0.045557119 0.0151288174
  vertex -0.0899305418 -0.0455552079 0.0151454573
  vertex -0.0898967385 -0.0455246679 0.0151076736
  endloop
 endfacet

 facet normal -0.3660478 -0.535971701 -0.760751843
  outer loop
  vertex -0.0898967385 -0.0455246679 0.0151076736
  vertex -0.0899305418 -0.0455552079 0.0151454573
  vertex -0.0899357423 -0.0455227606 0.0151250977
  endloop
 endfacet

 facet normal -0.372117043 -0.506954312 -0.777512908
  outer loop
  vertex -0.0898967385 -0.0455246679 0.0151076736
  vertex -0.0899357423 -0.0455227606 0.0151250977
  vertex -0.0899435431 -0.0454903096 0.0151076736
  endloop
 endfacet

 facet normal -0.418543071 -0.505697012 -0.754382133
  outer loop
  vertex -0.0899435431 -0.0454903096 0.0151076736
  vertex -0.0899357423 -0.0455227606 0.0151250977
  vertex -0.0899747461 -0.0455208495 0.0151454573
  endloop
 endfacet

 facet normal -0.433505118 -0.49153614 -0.7552917
  outer loop
  vertex -0.0899435431 -0.0454903096 0.0151076736
  vertex -0.0899747461 -0.0455208495 0.0151454573
  vertex -0.0899825469 -0.0454883985 0.0151288174
  endloop
 endfacet

 facet normal -0.445823967 -0.433253616 -0.783283114
  outer loop
  vertex -0.0899435431 -0.0454903096 0.0151076736
  vertex -0.0899825469 -0.0454883985 0.0151288174
  vertex -0.0899903476 -0.0454559512 0.0151153086
  endloop
 endfacet

 facet normal -0.444967985 -0.431801498 -0.784570575
  outer loop
  vertex -0.0899435431 -0.0454903096 0.0151076736
  vertex -0.0899903476 -0.0454559512 0.0151153086
  vertex -0.0899513438 -0.0454559512 0.0150931878
  endloop
 endfacet

 facet normal -0.456898808 -0.377148092 -0.80560708
  outer loop
  vertex -0.0899513438 -0.0454559512 0.0150931878
  vertex -0.0899903476 -0.0454559512 0.0151153086
  vertex -0.0899981484 -0.0454235002 0.0151045416
  endloop
 endfacet

 facet normal -0.545596719 -0.379148453 -0.747375906
  outer loop
  vertex -0.0899981484 -0.0454235002 0.0151045416
  vertex -0.0899903476 -0.0454559512 0.0151153086
  vertex -0.0900319591 -0.0454254076 0.0151301874
  endloop
 endfacet

 facet normal -0.564224184 -0.306694925 -0.766543746
  outer loop
  vertex -0.0899981484 -0.0454235002 0.0151045416
  vertex -0.0900319591 -0.0454254076 0.0151301874
  vertex -0.0900397524 -0.0453929603 0.0151229445
  endloop
 endfacet

 facet normal -0.562694073 -0.303065777 -0.76910758
  outer loop
  vertex -0.0899981484 -0.0454235002 0.0151045416
  vertex -0.0900397524 -0.0453929603 0.0151229445
  vertex -0.0900059491 -0.0453891419 0.015096711
  endloop
 endfacet

 facet normal -0.576624513 -0.246739119 -0.778860748
  outer loop
  vertex -0.0900059491 -0.0453891419 0.015096711
  vertex -0.0900397524 -0.0453929603 0.0151229445
  vertex -0.0900475532 -0.0453605093 0.0151184415
  endloop
 endfacet

 facet normal -0.573048413 -0.237337291 -0.784402013
  outer loop
  vertex -0.0900059491 -0.0453891419 0.015096711
  vertex -0.0900475532 -0.0453605093 0.0151184415
  vertex -0.0900137499 -0.0453547835 0.0150920125
  endloop
 endfacet

 facet normal -0.587915719 -0.174673125 -0.789838314
  outer loop
  vertex -0.0900137499 -0.0453547835 0.0150920125
  vertex -0.0900475532 -0.0453605093 0.0151184415
  vertex -0.0900553539 -0.0453280583 0.0151170716
  endloop
 endfacet

 facet normal -0.585978866 -0.169193506 -0.792466044
  outer loop
  vertex -0.0900137499 -0.0453547835 0.0150920125
  vertex -0.0900553539 -0.0453280583 0.0151170716
  vertex -0.0900215507 -0.0453204252 0.015090446
  endloop
 endfacet

 facet normal -0.594254017 -0.134339586 -0.792978704
  outer loop
  vertex -0.0900215507 -0.0453204252 0.015090446
  vertex -0.0900553539 -0.0453280583 0.0151170716
  vertex -0.094366625 -0.026257081 0.0151170716
  endloop
 endfacet

 facet normal -0.589143753 -0.133169234 -0.79697907
  outer loop
  vertex -0.0900215507 -0.0453204252 0.015090446
  vertex -0.094366625 -0.026257081 0.0151170716
  vertex -0.0943380222 -0.026257081 0.0150959278
  endloop
 endfacet

 facet normal -0.570088327 -0.12885043 -0.811416566
  outer loop
  vertex -0.0900215507 -0.0453204252 0.015090446
  vertex -0.0943380222 -0.026257081 0.0150959278
  vertex -0.0943302214 -0.026257081 0.015090446
  endloop
 endfacet

 facet normal -0.541026592 -0.122281924 -0.832068205
  outer loop
  vertex -0.0900215507 -0.0453204252 0.015090446
  vertex -0.0943302214 -0.026257081 0.015090446
  vertex -0.0943016186 -0.026257081 0.0150718484
  endloop
 endfacet

 facet normal -0.728598475 -0.164720565 0.664839447
  outer loop
  vertex -0.0944004282 -0.026257081 0.0168533679
  vertex -0.0944238305 -0.026257081 0.0168277211
  vertex -0.0901151597 -0.0453414209 0.0168212615
  endloop
 endfacet

 facet normal -0.72201401 -0.163254693 0.672341943
  outer loop
  vertex -0.0944004282 -0.026257081 0.0168533679
  vertex -0.0901151597 -0.0453414209 0.0168212615
  vertex -0.0900865644 -0.0453356951 0.0168533679
  endloop
 endfacet

 facet normal -0.714856863 -0.194792137 0.671591938
  outer loop
  vertex -0.0900865644 -0.0453356951 0.0168533679
  vertex -0.0901151597 -0.0453414209 0.0168212615
  vertex -0.0900787562 -0.0453643277 0.0168533679
  endloop
 endfacet

 facet normal -0.721289039 -0.231205791 0.652905881
  outer loop
  vertex -0.0900787562 -0.0453643277 0.0168533679
  vertex -0.0901151597 -0.0453414209 0.0168212615
  vertex -0.0901047587 -0.0453738719 0.0168212615
  endloop
 endfacet

 facet normal -0.716826499 -0.244103253 0.653125823
  outer loop
  vertex -0.0900787562 -0.0453643277 0.0168533679
  vertex -0.0901047587 -0.0453738719 0.0168212615
  vertex -0.0900943577 -0.0454044119 0.0168212615
  endloop
 endfacet

 facet normal -0.657265425 -0.298458815 0.692043781
  outer loop
  vertex -0.0900787562 -0.0453643277 0.0168533679
  vertex -0.0900943577 -0.0454044119 0.0168212615
  vertex -0.0900527537 -0.0454215892 0.0168533679
  endloop
 endfacet

 facet normal -0.658441842 -0.336395323 0.673270047
  outer loop
  vertex -0.0900527537 -0.0454215892 0.0168533679
  vertex -0.0900943577 -0.0454044119 0.0168212615
  vertex -0.0900787562 -0.0454349518 0.0168212615
  endloop
 endfacet

 facet normal -0.64936465 -0.353803456 0.673163176
  outer loop
  vertex -0.0900527537 -0.0454215892 0.0168533679
  vertex -0.0900787562 -0.0454349518 0.0168212615
  vertex -0.0900631547 -0.0454635844 0.0168212615
  endloop
 endfacet

 facet normal -0.629480243 -0.367488801 0.684621572
  outer loop
  vertex -0.0900527537 -0.0454215892 0.0168533679
  vertex -0.0900631547 -0.0454635844 0.0168212615
  vertex -0.0900371522 -0.0454483144 0.0168533679
  endloop
 endfacet

 facet normal -0.617221713 -0.388015211 0.684457183
  outer loop
  vertex -0.0900371522 -0.0454483144 0.0168533679
  vertex -0.0900631547 -0.0454635844 0.0168212615
  vertex -0.0900215507 -0.0454731323 0.0168533679
  endloop
 endfacet

 facet normal -0.544963539 -0.494947255 0.676788032
  outer loop
  vertex -0.0900215507 -0.0454731323 0.0168533679
  vertex -0.0900215507 -0.0455170311 0.0168212615
  vertex -0.0900007486 -0.0454960354 0.0168533679
  endloop
 endfacet

 facet normal -0.609270394 -0.442655087 0.657910407
  outer loop
  vertex -0.0900215507 -0.0454731323 0.0168533679
  vertex -0.0900631547 -0.0454635844 0.0168212615
  vertex -0.0900423527 -0.0454922169 0.0168212615
  endloop
 endfacet

 facet normal -0.575752795 -0.482647657 0.659969628
  outer loop
  vertex -0.0900215507 -0.0454731323 0.0168533679
  vertex -0.0900423527 -0.0454922169 0.0168212615
  vertex -0.0900215507 -0.0455170311 0.0168212615
  endloop
 endfacet

 facet normal 0 -0.74631381 0.665594339
  outer loop
  vertex -0.0897251219 -0.045610562 0.0168533679
  vertex -0.0897537246 -0.045610562 0.0168533679
  vertex -0.0897563249 -0.0456391983 0.0168212615
  endloop
 endfacet

 facet normal 0 -0.74631381 0.665594339
  outer loop
  vertex -0.0897251219 -0.045610562 0.0168533679
  vertex -0.0897563249 -0.0456391983 0.0168212615
  vertex -0.0897225216 -0.0456391983 0.0168212615
  endloop
 endfacet

 facet normal 0.0420467481 -0.743960261 0.666899681
  outer loop
  vertex -0.0897251219 -0.045610562 0.0168533679
  vertex -0.0897225216 -0.0456391983 0.0168212615
  vertex -0.0896887183 -0.0456372872 0.0168212615
  endloop
 endfacet

 facet normal 0.0874283463 -0.714670658 0.693975627
  outer loop
  vertex -0.0897251219 -0.045610562 0.0168533679
  vertex -0.0896887183 -0.0456372872 0.0168212615
  vertex -0.0896939188 -0.0456067473 0.0168533679
  endloop
 endfacet

 facet normal 0.129921645 -0.707819879 0.694342554
  outer loop
  vertex -0.0896939188 -0.0456067473 0.0168533679
  vertex -0.0896887183 -0.0456372872 0.0168212615
  vertex -0.0896627158 -0.0456010178 0.0168533679
  endloop
 endfacet

 facet normal 0.162028417 -0.716666758 0.678332925
  outer loop
  vertex -0.0896627158 -0.0456010178 0.0168533679
  vertex -0.0896887183 -0.0456372872 0.0168212615
  vertex -0.067986764 -0.0407087244 0.0168445576
  endloop
 endfacet

 facet normal 0.161658764 -0.715025604 0.680150628
  outer loop
  vertex -0.0896627158 -0.0456010178 0.0168533679
  vertex -0.067986764 -0.0407087244 0.0168445576
  vertex -0.067986764 -0.0407010913 0.0168525837
  endloop
 endfacet

 facet normal 0.151579842 -0.670431852 0.72632277
  outer loop
  vertex -0.0896627158 -0.0456010178 0.0168533679
  vertex -0.067986764 -0.0407010913 0.0168525837
  vertex -0.067986764 -0.0406762771 0.0168754905
  endloop
 endfacet

 facet normal -0.257007837 -0.700215697 0.666066766
  outer loop
  vertex -0.0898759365 -0.0455838405 0.0168533679
  vertex -0.0898863375 -0.045610562 0.0168212615
  vertex -0.0898551345 -0.0456220172 0.0168212615
  endloop
 endfacet

 facet normal -0.256990999 -0.70021379 0.666075349
  outer loop
  vertex -0.0898759365 -0.0455838405 0.0168533679
  vertex -0.0898551345 -0.0456220172 0.0168212615
  vertex -0.0898447335 -0.045595292 0.0168533679
  endloop
 endfacet

 facet normal -0.335447997 -0.652811468 0.679199398
  outer loop
  vertex -0.0898759365 -0.0455838405 0.0168533679
  vertex -0.089901939 -0.0455704778 0.0168533679
  vertex -0.0899149403 -0.0455972031 0.0168212615
  endloop
 endfacet

 facet normal -0.315955102 -0.676391959 0.665331781
  outer loop
  vertex -0.0898759365 -0.0455838405 0.0168533679
  vertex -0.0899149403 -0.0455972031 0.0168212615
  vertex -0.0898863375 -0.045610562 0.0168212615
  endloop
 endfacet

 facet normal -0.203077793 -0.719226956 0.664433658
  outer loop
  vertex -0.0898447335 -0.045595292 0.0168533679
  vertex -0.0898551345 -0.0456220172 0.0168212615
  vertex -0.0898213312 -0.0456315614 0.0168212615
  endloop
 endfacet

 facet normal -0.191401213 -0.716932774 0.670352876
  outer loop
  vertex -0.0898447335 -0.045595292 0.0168533679
  vertex -0.0898213312 -0.0456315614 0.0168212615
  vertex -0.0898161307 -0.0456029288 0.0168533679
  endloop
 endfacet

 facet normal -0.133722216 -0.728774726 0.671569705
  outer loop
  vertex -0.0898161307 -0.0456029288 0.0168533679
  vertex -0.0898213312 -0.0456315614 0.0168212615
  vertex -0.0897901282 -0.0456372872 0.0168212615
  endloop
 endfacet

 facet normal -0.0874229521 -0.714671493 0.693975568
  outer loop
  vertex -0.0898161307 -0.0456029288 0.0168533679
  vertex -0.0897901282 -0.0456372872 0.0168212615
  vertex -0.0897537246 -0.045610562 0.0168533679
  endloop
 endfacet

 facet normal -0.0420466736 -0.743959069 0.666901112
  outer loop
  vertex -0.0897537246 -0.045610562 0.0168533679
  vertex -0.0897901282 -0.0456372872 0.0168212615
  vertex -0.0897563249 -0.0456391983 0.0168212615
  endloop
 endfacet

 facet normal -0.514615119 -0.525785267 0.677289546
  outer loop
  vertex -0.0900007486 -0.0454960354 0.0168533679
  vertex -0.0900215507 -0.0455170311 0.0168212615
  vertex -0.0899981484 -0.0455399379 0.0168212615
  endloop
 endfacet

 facet normal -0.514614463 -0.525785565 0.677289903
  outer loop
  vertex -0.0900007486 -0.0454960354 0.0168533679
  vertex -0.0899981484 -0.0455399379 0.0168212615
  vertex -0.0899773464 -0.0455189422 0.0168533679
  endloop
 endfacet

 facet normal -0.466005027 -0.571335256 0.67558521
  outer loop
  vertex -0.0899773464 -0.0455189422 0.0168533679
  vertex -0.0899981484 -0.0455399379 0.0168212615
  vertex -0.0899539441 -0.0455380268 0.0168533679
  endloop
 endfacet

 facet normal -0.345738173 -0.647599876 0.679028511
  outer loop
  vertex -0.0899305418 -0.0455552079 0.0168533679
  vertex -0.0899149403 -0.0455972031 0.0168212615
  vertex -0.089901939 -0.0455704778 0.0168533679
  endloop
 endfacet

 facet normal -0.43754971 -0.596028745 0.67327559
  outer loop
  vertex -0.0899305418 -0.0455552079 0.0168533679
  vertex -0.0899539441 -0.0455380268 0.0168533679
  vertex -0.0899721459 -0.0455609336 0.0168212615
  endloop
 endfacet

 facet normal -0.437551707 -0.596025109 0.673277557
  outer loop
  vertex -0.0899305418 -0.0455552079 0.0168533679
  vertex -0.0899721459 -0.0455609336 0.0168212615
  vertex -0.0899461433 -0.045580022 0.0168212615
  endloop
 endfacet

 facet normal -0.356458992 -0.647442579 0.673613429
  outer loop
  vertex -0.0899305418 -0.0455552079 0.0168533679
  vertex -0.0899461433 -0.045580022 0.0168212615
  vertex -0.0899149403 -0.0455972031 0.0168212615
  endloop
 endfacet

 facet normal -0.464351594 -0.575092912 0.673532367
  outer loop
  vertex -0.0899539441 -0.0455380268 0.0168533679
  vertex -0.0899981484 -0.0455399379 0.0168212615
  vertex -0.0899721459 -0.0455609336 0.0168212615
  endloop
 endfacet

 facet normal 0.133103669 -0.588771224 -0.797265291
  outer loop
  vertex -0.067986764 -0.0406323746 0.015090446
  vertex -0.067986764 -0.0406419151 0.0150974942
  vertex -0.0896705166 -0.0455704778 0.0151170716
  endloop
 endfacet

 facet normal 0.138719901 -0.613401771 -0.777492881
  outer loop
  vertex -0.0896705166 -0.0455704778 0.0151170716
  vertex -0.067986764 -0.0406419151 0.0150974942
  vertex -0.067986764 -0.0406667292 0.0151170716
  endloop
 endfacet

 facet normal 0.148573816 -0.656974673 -0.739127994
  outer loop
  vertex -0.0896705166 -0.0455704778 0.0151170716
  vertex -0.067986764 -0.0406667292 0.0151170716
  vertex -0.067986764 -0.0407010913 0.0151476115
  endloop
 endfacet

 facet normal 0.150894046 -0.667368591 -0.729280651
  outer loop
  vertex -0.0896705166 -0.0455704778 0.0151170716
  vertex -0.067986764 -0.0407010913 0.0151476115
  vertex -0.0896627158 -0.0456010178 0.0151466327
  endloop
 endfacet

 facet normal 0.133467674 -0.671466708 -0.728916287
  outer loop
  vertex -0.0896705166 -0.0455704778 0.0151170716
  vertex -0.0896627158 -0.0456010178 0.0151466327
  vertex -0.0897043198 -0.045610562 0.0151478071
  endloop
 endfacet

 facet normal 0.0955767706 -0.655205071 -0.749380648
  outer loop
  vertex -0.0896705166 -0.0455704778 0.0151170716
  vertex -0.0897043198 -0.045610562 0.0151478071
  vertex -0.0897121206 -0.0455781147 0.0151184415
  endloop
 endfacet

 facet normal 0.0389826559 -0.665327847 -0.74553293
  outer loop
  vertex -0.0897121206 -0.0455781147 0.0151184415
  vertex -0.0897043198 -0.045610562 0.0151478071
  vertex -0.0897563249 -0.0455857515 0.0151229445
  endloop
 endfacet

 facet normal 0.0210898481 -0.685257316 -0.727995634
  outer loop
  vertex -0.0897563249 -0.0455857515 0.0151229445
  vertex -0.0897043198 -0.045610562 0.0151478071
  vertex -0.0897485241 -0.0456162915 0.0151519179
  endloop
 endfacet

 facet normal -0.0773483068 -0.696515739 -0.713360488
  outer loop
  vertex -0.0897563249 -0.0455857515 0.0151229445
  vertex -0.0897485241 -0.0456162915 0.0151519179
  vertex -0.0897927284 -0.0456181988 0.0151585741
  endloop
 endfacet

 facet normal -0.0940909237 -0.686323643 -0.721184254
  outer loop
  vertex -0.0897563249 -0.0455857515 0.0151229445
  vertex -0.0897927284 -0.0456181988 0.0151585741
  vertex -0.0897979289 -0.0455876589 0.0151301874
  endloop
 endfacet

 facet normal -0.131779641 -0.686805665 -0.714795113
  outer loop
  vertex -0.0897979289 -0.0455876589 0.0151301874
  vertex -0.0897927284 -0.0456181988 0.0151585741
  vertex -0.0898421332 -0.0455895662 0.0151401721
  endloop
 endfacet

 facet normal -0.238648564 -0.697692752 -0.675478876
  outer loop
  vertex -0.0898421332 -0.0455895662 0.0151401721
  vertex -0.0898759365 -0.0456162915 0.0151797179
  vertex -0.0898837373 -0.0455876589 0.0151528977
  endloop
 endfacet

 facet normal -0.152686894 -0.707174957 -0.690355241
  outer loop
  vertex -0.0898421332 -0.0455895662 0.0151401721
  vertex -0.0897927284 -0.0456181988 0.0151585741
  vertex -0.0898343325 -0.0456181988 0.0151677765
  endloop
 endfacet

 facet normal -0.224794269 -0.707352996 -0.670163631
  outer loop
  vertex -0.0898421332 -0.0455895662 0.0151401721
  vertex -0.0898343325 -0.0456181988 0.0151677765
  vertex -0.0898759365 -0.0456162915 0.0151797179
  endloop
 endfacet

 facet normal -0.315079659 -0.69309181 -0.648342907
  outer loop
  vertex -0.0898837373 -0.0455876589 0.0151528977
  vertex -0.0898759365 -0.0456162915 0.0151797179
  vertex -0.0899175406 -0.045610562 0.0151938135
  endloop
 endfacet

 facet normal -0.325612932 -0.684511781 -0.652242124
  outer loop
  vertex -0.0898837373 -0.0455876589 0.0151528977
  vertex -0.0899175406 -0.045610562 0.0151938135
  vertex -0.0899227411 -0.0455838405 0.0151683642
  endloop
 endfacet

 facet normal -0.335956782 -0.642523706 -0.688691795
  outer loop
  vertex -0.0898837373 -0.0455876589 0.0151528977
  vertex -0.0899227411 -0.0455838405 0.0151683642
  vertex -0.0899305418 -0.0455552079 0.0151454573
  endloop
 endfacet

 facet normal -0.414084017 -0.634767175 -0.652384222
  outer loop
  vertex -0.0899305418 -0.0455552079 0.0151454573
  vertex -0.0899227411 -0.0455838405 0.0151683642
  vertex -0.0899695456 -0.0455494821 0.0151646435
  endloop
 endfacet

 facet normal -0.431355417 -0.554940343 -0.711318374
  outer loop
  vertex -0.0899305418 -0.0455552079 0.0151454573
  vertex -0.0899695456 -0.0455494821 0.0151646435
  vertex -0.0899747461 -0.0455208495 0.0151454573
  endloop
 endfacet

 facet normal -0.412487239 -0.530666351 -0.740437448
  outer loop
  vertex -0.0899305418 -0.0455552079 0.0151454573
  vertex -0.0899747461 -0.0455208495 0.0151454573
  vertex -0.0899357423 -0.0455227606 0.0151250977
  endloop
 endfacet

 facet normal -0.507102907 -0.54141593 -0.670608282
  outer loop
  vertex -0.0899747461 -0.0455208495 0.0151454573
  vertex -0.0899695456 -0.0455494821 0.0151646435
  vertex -0.0900111496 -0.0455151238 0.0151683642
  endloop
 endfacet

 facet normal -0.51372391 -0.511902988 -0.688507974
  outer loop
  vertex -0.0899747461 -0.0455208495 0.0151454573
  vertex -0.0900111496 -0.0455151238 0.0151683642
  vertex -0.0900189579 -0.0454864912 0.0151528977
  endloop
 endfacet

 facet normal -0.499346942 -0.487381876 -0.716318071
  outer loop
  vertex -0.0899747461 -0.0455208495 0.0151454573
  vertex -0.0900189579 -0.0454864912 0.0151528977
  vertex -0.0899825469 -0.0454883985 0.0151288174
  endloop
 endfacet

 facet normal -0.513168931 -0.432086885 -0.74159193
  outer loop
  vertex -0.0899825469 -0.0454883985 0.0151288174
  vertex -0.0900189579 -0.0454864912 0.0151528977
  vertex -0.0899903476 -0.0454559512 0.0151153086
  endloop
 endfacet

 facet normal -0.543039441 -0.400046796 -0.738289058
  outer loop
  vertex -0.0899903476 -0.0454559512 0.0151153086
  vertex -0.0900189579 -0.0454864912 0.0151528977
  vertex -0.0900241509 -0.0454559512 0.0151401721
  endloop
 endfacet

 facet normal -0.547316432 -0.383085102 -0.744103849
  outer loop
  vertex -0.0899903476 -0.0454559512 0.0151153086
  vertex -0.0900241509 -0.0454559512 0.0151401721
  vertex -0.0900319591 -0.0454254076 0.0151301874
  endloop
 endfacet

 facet normal -0.606701314 -0.382762045 -0.696711421
  outer loop
  vertex -0.0900319591 -0.0454254076 0.0151301874
  vertex -0.0900241509 -0.0454559512 0.0151401721
  vertex -0.090065755 -0.0454235002 0.0151585741
  endloop
 endfacet

 facet normal -0.621628642 -0.309963048 -0.719375312
  outer loop
  vertex -0.0900319591 -0.0454254076 0.0151301874
  vertex -0.090065755 -0.0454235002 0.0151585741
  vertex -0.0900397524 -0.0453929603 0.0151229445
  endloop
 endfacet

 facet normal -0.643429041 -0.282283604 -0.711558223
  outer loop
  vertex -0.0900397524 -0.0453929603 0.0151229445
  vertex -0.090065755 -0.0454235002 0.0151585741
  vertex -0.0900709555 -0.0453948677 0.0151519179
  endloop
 endfacet

 facet normal -0.648053527 -0.261786282 -0.715188503
  outer loop
  vertex -0.0900397524 -0.0453929603 0.0151229445
  vertex -0.0900709555 -0.0453948677 0.0151519179
  vertex -0.0900787562 -0.0453643277 0.0151478071
  endloop
 endfacet

 facet normal -0.645933032 -0.255164921 -0.719486952
  outer loop
  vertex -0.0900397524 -0.0453929603 0.0151229445
  vertex -0.0900787562 -0.0453643277 0.0151478071
  vertex -0.0900475532 -0.0453605093 0.0151184415
  endloop
 endfacet

 facet normal -0.656614959 -0.208650649 -0.724790812
  outer loop
  vertex -0.0900475532 -0.0453605093 0.0151184415
  vertex -0.0900787562 -0.0453643277 0.0151478071
  vertex -0.0900865644 -0.0453356951 0.0151466327
  endloop
 endfacet

 facet normal -0.650973439 -0.187539384 -0.735569596
  outer loop
  vertex -0.0900475532 -0.0453605093 0.0151184415
  vertex -0.0900865644 -0.0453356951 0.0151466327
  vertex -0.0900553539 -0.0453280583 0.0151170716
  endloop
 endfacet

 facet normal -0.660526693 -0.149365112 -0.735795259
  outer loop
  vertex -0.0900553539 -0.0453280583 0.0151170716
  vertex -0.0900865644 -0.0453356951 0.0151466327
  vertex -0.0943744257 -0.026257081 0.0151229445
  endloop
 endfacet

 facet normal -0.595927656 -0.134717941 -0.791657329
  outer loop
  vertex -0.0900553539 -0.0453280583 0.0151170716
  vertex -0.0943744257 -0.026257081 0.0151229445
  vertex -0.094366625 -0.026257081 0.0151170716
  endloop
 endfacet

 facet normal -0.754591644 -0.17057851 0.633635879
  outer loop
  vertex -0.0944238305 -0.026257081 0.0168277211
  vertex -0.0944524333 -0.026257081 0.0167936571
  vertex -0.0901151597 -0.0453414209 0.0168212615
  endloop
 endfacet

 facet normal -0.773422778 -0.174893409 0.60928601
  outer loop
  vertex -0.0901151597 -0.0453414209 0.0168212615
  vertex -0.0944524333 -0.026257081 0.0167936571
  vertex -0.0901411697 -0.0453471504 0.0167866088
  endloop
 endfacet

 facet normal -0.75976491 -0.230024546 0.608149648
  outer loop
  vertex -0.0901151597 -0.0453414209 0.0168212615
  vertex -0.0901411697 -0.0453471504 0.0167866088
  vertex -0.0901307613 -0.045381505 0.0167866088
  endloop
 endfacet

 facet normal -0.750201106 -0.240473434 0.615930915
  outer loop
  vertex -0.0901151597 -0.0453414209 0.0168212615
  vertex -0.0901307613 -0.045381505 0.0167866088
  vertex -0.0901047587 -0.0453738719 0.0168212615
  endloop
 endfacet

 facet normal -0.745917976 -0.254009902 0.615699053
  outer loop
  vertex -0.0901047587 -0.0453738719 0.0168212615
  vertex -0.0901307613 -0.045381505 0.0167866088
  vertex -0.0900943577 -0.0454044119 0.0168212615
  endloop
 endfacet

 facet normal -0.748729408 -0.283316821 0.599279523
  outer loop
  vertex -0.0900943577 -0.0454044119 0.0168212615
  vertex -0.0901307613 -0.045381505 0.0167866088
  vertex -0.09011776 -0.0454158634 0.0167866088
  endloop
 endfacet

 facet normal -0.720355809 -0.346337408 0.600947499
  outer loop
  vertex -0.0900943577 -0.0454044119 0.0168212615
  vertex -0.09011776 -0.0454158634 0.0167866088
  vertex -0.0901021585 -0.0454483144 0.0167866088
  endloop
 endfacet

 facet normal -0.703237653 -0.359281301 0.613493145
  outer loop
  vertex -0.0900943577 -0.0454044119 0.0168212615
  vertex -0.0901021585 -0.0454483144 0.0167866088
  vertex -0.0900787562 -0.0454349518 0.0168212615
  endloop
 endfacet

 facet normal -0.693221629 -0.37769869 0.613830149
  outer loop
  vertex -0.0900787562 -0.0454349518 0.0168212615
  vertex -0.0901021585 -0.0454483144 0.0167866088
  vertex -0.0900631547 -0.0454635844 0.0168212615
  endloop
 endfacet

 facet normal -0.690089822 -0.41127637 0.59550631
  outer loop
  vertex -0.0900631547 -0.0454635844 0.0168212615
  vertex -0.0901021585 -0.0454483144 0.0167866088
  vertex -0.0900839567 -0.0454788581 0.0167866088
  endloop
 endfacet

 facet normal -0.677380919 -0.430639595 0.596409917
  outer loop
  vertex -0.0900631547 -0.0454635844 0.0168212615
  vertex -0.0900839567 -0.0454788581 0.0167866088
  vertex -0.090065755 -0.0455074869 0.0167866088
  endloop
 endfacet

 facet normal -0.630084157 -0.457777023 0.62724328
  outer loop
  vertex -0.0900631547 -0.0454635844 0.0168212615
  vertex -0.090065755 -0.0455074869 0.0167866088
  vertex -0.0900423527 -0.0454922169 0.0168212615
  endloop
 endfacet

 facet normal -0.598233163 -0.501492739 0.624997735
  outer loop
  vertex -0.0900215507 -0.0455170311 0.0168212615
  vertex -0.0900423527 -0.0454922169 0.0168212615
  vertex -0.090065755 -0.0455074869 0.0167866088
  endloop
 endfacet

 facet normal -0.593714833 -0.519913614 0.614160061
  outer loop
  vertex -0.0900215507 -0.0455170311 0.0168212615
  vertex -0.090065755 -0.0455074869 0.0167866088
  vertex -0.0900423527 -0.0455342121 0.0167866088
  endloop
 endfacet

 facet normal -0.566225052 -0.550962031 0.613049924
  outer loop
  vertex -0.0900215507 -0.0455170311 0.0168212615
  vertex -0.0900423527 -0.0455342121 0.0167866088
  vertex -0.0900163502 -0.0455609336 0.0167866088
  endloop
 endfacet

 facet normal -0.546080232 -0.557933211 0.624905586
  outer loop
  vertex -0.0900215507 -0.0455170311 0.0168212615
  vertex -0.0900163502 -0.0455609336 0.0167866088
  vertex -0.0899981484 -0.0455399379 0.0168212615
  endloop
 endfacet

 facet normal 0 -0.791873455 0.610685349
  outer loop
  vertex -0.0897225216 -0.0456391983 0.0168212615
  vertex -0.0897563249 -0.0456391983 0.0168212615
  vertex -0.0897563249 -0.0456659198 0.0167866088
  endloop
 endfacet

 facet normal 0 -0.791873455 0.610685349
  outer loop
  vertex -0.0897225216 -0.0456391983 0.0168212615
  vertex -0.0897563249 -0.0456659198 0.0167866088
  vertex -0.0897199214 -0.0456659198 0.0167866088
  endloop
 endfacet

 facet normal 0.0446184687 -0.789463401 0.612173796
  outer loop
  vertex -0.0897225216 -0.0456391983 0.0168212615
  vertex -0.0897199214 -0.0456659198 0.0167866088
  vertex -0.0896887183 -0.0456372872 0.0168212615
  endloop
 endfacet

 facet normal 0.091050759 -0.806382835 0.584342837
  outer loop
  vertex -0.0896887183 -0.0456372872 0.0168212615
  vertex -0.0897199214 -0.0456659198 0.0167866088
  vertex -0.0896861181 -0.0456621051 0.0167866088
  endloop
 endfacet

 facet normal 0.126184613 -0.802000999 0.583842278
  outer loop
  vertex -0.0896887183 -0.0456372872 0.0168212615
  vertex -0.0896861181 -0.0456621051 0.0167866088
  vertex -0.0896497145 -0.0456563756 0.0167866088
  endloop
 endfacet

 facet normal 0.173424646 -0.767017722 0.617744148
  outer loop
  vertex -0.0896887183 -0.0456372872 0.0168212615
  vertex -0.0896497145 -0.0456563756 0.0167866088
  vertex -0.067986764 -0.040737357 0.0168126468
  endloop
 endfacet

 facet normal 0.166844711 -0.737811208 0.65406239
  outer loop
  vertex -0.0896887183 -0.0456372872 0.0168212615
  vertex -0.067986764 -0.040737357 0.0168126468
  vertex -0.067986764 -0.0407297201 0.0168212615
  endloop
 endfacet

 facet normal 0.165657341 -0.732560515 0.660236955
  outer loop
  vertex -0.0896887183 -0.0456372872 0.0168212615
  vertex -0.067986764 -0.0407297201 0.0168212615
  vertex -0.067986764 -0.0407087244 0.0168445576
  endloop
 endfacet

 facet normal -0.268849343 -0.732477784 0.625456989
  outer loop
  vertex -0.0898863375 -0.045610562 0.0168212615
  vertex -0.0898629352 -0.0456487425 0.0167866088
  vertex -0.0898551345 -0.0456220172 0.0168212615
  endloop
 endfacet

 facet normal -0.329254508 -0.70486325 0.628298759
  outer loop
  vertex -0.0898863375 -0.045610562 0.0168212615
  vertex -0.0899149403 -0.0455972031 0.0168212615
  vertex -0.0899279416 -0.0456220172 0.0167866088
  endloop
 endfacet

 facet normal -0.310931504 -0.726068616 0.613307476
  outer loop
  vertex -0.0898863375 -0.045610562 0.0168212615
  vertex -0.0899279416 -0.0456220172 0.0167866088
  vertex -0.0898967385 -0.0456353799 0.0167866088
  endloop
 endfacet

 facet normal -0.29038018 -0.73458612 0.613239467
  outer loop
  vertex -0.0898863375 -0.045610562 0.0168212615
  vertex -0.0898967385 -0.0456353799 0.0167866088
  vertex -0.0898629352 -0.0456487425 0.0167866088
  endloop
 endfacet

 facet normal -0.375092149 -0.681286335 0.628613412
  outer loop
  vertex -0.0899149403 -0.0455972031 0.0168212615
  vertex -0.0899461433 -0.045580022 0.0168212615
  vertex -0.0899279416 -0.0456220172 0.0167866088
  endloop
 endfacet

 facet normal -0.211833626 -0.750236869 0.626315594
  outer loop
  vertex -0.0898551345 -0.0456220172 0.0168212615
  vertex -0.0898629352 -0.0456487425 0.0167866088
  vertex -0.0898213312 -0.0456315614 0.0168212615
  endloop
 endfacet

 facet normal -0.142853752 -0.77854073 0.611119747
  outer loop
  vertex -0.0898213312 -0.0456315614 0.0168212615
  vertex -0.0897927284 -0.0456640087 0.0167866088
  vertex -0.0897901282 -0.0456372872 0.0168212615
  endloop
 endfacet

 facet normal -0.170845196 -0.785624981 0.594647348
  outer loop
  vertex -0.0898213312 -0.0456315614 0.0168212615
  vertex -0.0898629352 -0.0456487425 0.0167866088
  vertex -0.0897927284 -0.0456640087 0.0167866088
  endloop
 endfacet

 facet normal -0.0446184687 -0.789463401 0.612173796
  outer loop
  vertex -0.0897901282 -0.0456372872 0.0168212615
  vertex -0.0897927284 -0.0456640087 0.0167866088
  vertex -0.0897563249 -0.0456391983 0.0168212615
  endloop
 endfacet

 facet normal -0.0415229276 -0.791190505 0.610158563
  outer loop
  vertex -0.0897563249 -0.0456391983 0.0168212615
  vertex -0.0897927284 -0.0456640087 0.0167866088
  vertex -0.0897563249 -0.0456659198 0.0167866088
  endloop
 endfacet

 facet normal -0.490216911 -0.607126713 0.625367522
  outer loop
  vertex -0.0899981484 -0.0455399379 0.0168212615
  vertex -0.0900163502 -0.0455609336 0.0167866088
  vertex -0.0899721459 -0.0455609336 0.0168212615
  endloop
 endfacet

 facet normal -0.462257475 -0.629678845 0.62435782
  outer loop
  vertex -0.0899461433 -0.045580022 0.0168212615
  vertex -0.0899721459 -0.0455609336 0.0168212615
  vertex -0.0899877474 -0.0455838405 0.0167866088
  endloop
 endfacet

 facet normal -0.442367882 -0.662826121 0.604129255
  outer loop
  vertex -0.0899461433 -0.045580022 0.0168212615
  vertex -0.0899877474 -0.0455838405 0.0167866088
  vertex -0.0899591446 -0.0456029288 0.0167866088
  endloop
 endfacet

 facet normal -0.415527999 -0.679265261 0.604925811
  outer loop
  vertex -0.0899461433 -0.045580022 0.0168212615
  vertex -0.0899591446 -0.0456029288 0.0167866088
  vertex -0.0899279416 -0.0456220172 0.0167866088
  endloop
 endfacet

 facet normal -0.48871848 -0.610292614 0.623456001
  outer loop
  vertex -0.0899721459 -0.0455609336 0.0168212615
  vertex -0.0900163502 -0.0455609336 0.0167866088
  vertex -0.0899877474 -0.0455838405 0.0167866088
  endloop
 endfacet

 facet normal 0.164157182 -0.726012111 -0.667801559
  outer loop
  vertex -0.067986764 -0.0407010913 0.0151476115
  vertex -0.067986764 -0.0407297201 0.0151787391
  vertex -0.0896575153 -0.0456296541 0.0151787391
  endloop
 endfacet

 facet normal 0.163461357 -0.722974479 -0.671258807
  outer loop
  vertex -0.067986764 -0.0407010913 0.0151476115
  vertex -0.0896575153 -0.0456296541 0.0151787391
  vertex -0.0896627158 -0.0456010178 0.0151466327
  endloop
 endfacet

 facet normal 0.1476302 -0.726136386 -0.671514213
  outer loop
  vertex -0.0896627158 -0.0456010178 0.0151466327
  vertex -0.0896575153 -0.0456296541 0.0151787391
  vertex -0.0896991193 -0.0456391983 0.0151799135
  endloop
 endfacet

 facet normal 0.1476302 -0.726136386 -0.671514213
  outer loop
  vertex -0.0896627158 -0.0456010178 0.0151466327
  vertex -0.0896991193 -0.0456391983 0.0151799135
  vertex -0.0897043198 -0.045610562 0.0151478071
  endloop
 endfacet

 facet normal 0.0332123414 -0.739149332 -0.67272222
  outer loop
  vertex -0.0897043198 -0.045610562 0.0151478071
  vertex -0.0897433236 -0.045644924 0.0151836341
  vertex -0.0897485241 -0.0456162915 0.0151519179
  endloop
 endfacet

 facet normal 0.03989866 -0.742500246 -0.668656528
  outer loop
  vertex -0.0897043198 -0.045610562 0.0151478071
  vertex -0.0896991193 -0.0456391983 0.0151799135
  vertex -0.0897433236 -0.045644924 0.0151836341
  endloop
 endfacet

 facet normal -0.0624992363 -0.745899141 -0.66312027
  outer loop
  vertex -0.0897485241 -0.0456162915 0.0151519179
  vertex -0.0897433236 -0.045644924 0.0151836341
  vertex -0.0897849277 -0.0456468314 0.0151897017
  endloop
 endfacet

 facet normal -0.0682348311 -0.742740571 -0.666093528
  outer loop
  vertex -0.0897485241 -0.0456162915 0.0151519179
  vertex -0.0897849277 -0.0456468314 0.0151897017
  vertex -0.0897927284 -0.0456181988 0.0151585741
  endloop
 endfacet

 facet normal -0.143804014 -0.74603641 -0.65019238
  outer loop
  vertex -0.0897927284 -0.0456181988 0.0151585741
  vertex -0.0897849277 -0.0456468314 0.0151897017
  vertex -0.0898343325 -0.0456181988 0.0151677765
  endloop
 endfacet

 facet normal -0.307714581 -0.728280902 -0.612306058
  outer loop
  vertex -0.0898759365 -0.0456162915 0.0151797179
  vertex -0.089870736 -0.045643013 0.0152088879
  vertex -0.0899175406 -0.045610562 0.0151938135
  endloop
 endfacet

 facet normal -0.21702531 -0.738754332 -0.638076842
  outer loop
  vertex -0.0898759365 -0.0456162915 0.0151797179
  vertex -0.0898343325 -0.0456181988 0.0151677765
  vertex -0.089870736 -0.045643013 0.0152088879
  endloop
 endfacet

 facet normal -0.154090226 -0.754454792 -0.638007998
  outer loop
  vertex -0.0898343325 -0.0456181988 0.0151677765
  vertex -0.0897849277 -0.0456468314 0.0151897017
  vertex -0.089829132 -0.045644924 0.0151981208
  endloop
 endfacet

 facet normal -0.19720833 -0.752248228 -0.628674388
  outer loop
  vertex -0.0898343325 -0.0456181988 0.0151677765
  vertex -0.089829132 -0.045644924 0.0151981208
  vertex -0.089870736 -0.045643013 0.0152088879
  endloop
 endfacet

 facet normal -0.385458559 -0.724870145 -0.570950925
  outer loop
  vertex -0.0899175406 -0.045610562 0.0151938135
  vertex -0.08991234 -0.0456353799 0.015221809
  vertex -0.0899565443 -0.0456029288 0.0152104544
  endloop
 endfacet

 facet normal -0.397947729 -0.6721012 -0.624433875
  outer loop
  vertex -0.0899175406 -0.045610562 0.0151938135
  vertex -0.0899565443 -0.0456029288 0.0152104544
  vertex -0.0899227411 -0.0455838405 0.0151683642
  endloop
 endfacet

 facet normal -0.319982231 -0.737697721 -0.594485939
  outer loop
  vertex -0.0899175406 -0.045610562 0.0151938135
  vertex -0.089870736 -0.045643013 0.0152088879
  vertex -0.08991234 -0.0456353799 0.015221809
  endloop
 endfacet

 facet normal -0.419453621 -0.651352346 -0.632296383
  outer loop
  vertex -0.0899227411 -0.0455838405 0.0151683642
  vertex -0.0899565443 -0.0456029288 0.0152104544
  vertex -0.0899617448 -0.0455762073 0.0151863741
  endloop
 endfacet

 facet normal -0.421194315 -0.643067241 -0.639577866
  outer loop
  vertex -0.0899227411 -0.0455838405 0.0151683642
  vertex -0.0899617448 -0.0455762073 0.0151863741
  vertex -0.0899695456 -0.0455494821 0.0151646435
  endloop
 endfacet

 facet normal -0.450611293 -0.638728023 -0.623679519
  outer loop
  vertex -0.0899695456 -0.0455494821 0.0151646435
  vertex -0.0899617448 -0.0455762073 0.0151863741
  vertex -0.0900007486 -0.0455685705 0.0152067346
  endloop
 endfacet

 facet normal -0.502955139 -0.583636165 -0.637498975
  outer loop
  vertex -0.0899695456 -0.0455494821 0.0151646435
  vertex -0.0900007486 -0.0455685705 0.0152067346
  vertex -0.0900059491 -0.045541849 0.0151863741
  endloop
 endfacet

 facet normal -0.510760069 -0.546604395 -0.663587093
  outer loop
  vertex -0.0899695456 -0.0455494821 0.0151646435
  vertex -0.0900059491 -0.045541849 0.0151863741
  vertex -0.0900111496 -0.0455151238 0.0151683642
  endloop
 endfacet

 facet normal -0.556300104 -0.536128998 -0.634898305
  outer loop
  vertex -0.0900111496 -0.0455151238 0.0151683642
  vertex -0.0900059491 -0.045541849 0.0151863741
  vertex -0.0900475532 -0.0455074869 0.0151938135
  endloop
 endfacet

 facet normal -0.562907875 -0.50628984 -0.653303385
  outer loop
  vertex -0.0900111496 -0.0455151238 0.0151683642
  vertex -0.0900475532 -0.0455074869 0.0151938135
  vertex -0.0900189579 -0.0454864912 0.0151528977
  endloop
 endfacet

 facet normal -0.598008156 -0.461855114 -0.655039012
  outer loop
  vertex -0.0900189579 -0.0454864912 0.0151528977
  vertex -0.0900475532 -0.0455074869 0.0151938135
  vertex -0.0900527537 -0.0454807654 0.0151797179
  endloop
 endfacet

 facet normal -0.61087203 -0.396725595 -0.685160041
  outer loop
  vertex -0.0900189579 -0.0454864912 0.0151528977
  vertex -0.0900527537 -0.0454807654 0.0151797179
  vertex -0.0900579542 -0.0454521328 0.0151677765
  endloop
 endfacet

 facet normal -0.608180761 -0.39128989 -0.690657973
  outer loop
  vertex -0.0900189579 -0.0454864912 0.0151528977
  vertex -0.0900579542 -0.0454521328 0.0151677765
  vertex -0.0900241509 -0.0454559512 0.0151401721
  endloop
 endfacet

 facet normal -0.608802259 -0.388216019 -0.691844106
  outer loop
  vertex -0.0900241509 -0.0454559512 0.0151401721
  vertex -0.0900579542 -0.0454521328 0.0151677765
  vertex -0.090065755 -0.0454235002 0.0151585741
  endloop
 endfacet

 facet normal -0.676787555 -0.28577584 -0.678447425
  outer loop
  vertex -0.090065755 -0.0454235002 0.0151585741
  vertex -0.090096958 -0.0454235002 0.0151897017
  vertex -0.0901021585 -0.0453967787 0.0151836341
  endloop
 endfacet

 facet normal -0.675560832 -0.281154245 -0.681593657
  outer loop
  vertex -0.090065755 -0.0454235002 0.0151585741
  vertex -0.0901021585 -0.0453967787 0.0151836341
  vertex -0.0900709555 -0.0453948677 0.0151519179
  endloop
 endfacet

 facet normal -0.651153505 -0.387189925 -0.652750432
  outer loop
  vertex -0.090065755 -0.0454235002 0.0151585741
  vertex -0.0900579542 -0.0454521328 0.0151677765
  vertex -0.090096958 -0.0454235002 0.0151897017
  endloop
 endfacet

 facet normal -0.679192781 -0.265572548 -0.68422842
  outer loop
  vertex -0.0900709555 -0.0453948677 0.0151519179
  vertex -0.0901021585 -0.0453967787 0.0151836341
  vertex -0.0900787562 -0.0453643277 0.0151478071
  endloop
 endfacet

 facet normal -0.709349751 -0.225645036 -0.667762876
  outer loop
  vertex -0.0900787562 -0.0453643277 0.0151478071
  vertex -0.0901021585 -0.0453967787 0.0151836341
  vertex -0.0901151597 -0.0453414209 0.0151787391
  endloop
 endfacet

 facet normal -0.708420098 -0.220538184 -0.670450509
  outer loop
  vertex -0.0900787562 -0.0453643277 0.0151478071
  vertex -0.0901151597 -0.0453414209 0.0151787391
  vertex -0.0900865644 -0.0453356951 0.0151466327
  endloop
 endfacet

 facet normal -0.72201401 -0.163254693 -0.672341943
  outer loop
  vertex -0.0900865644 -0.0453356951 0.0151466327
  vertex -0.0901151597 -0.0453414209 0.0151787391
  vertex -0.0944004282 -0.026257081 0.0151466327
  endloop
 endfacet

 facet normal -0.665764213 -0.150536031 -0.730819404
  outer loop
  vertex -0.0900865644 -0.0453356951 0.0151466327
  vertex -0.0944004282 -0.026257081 0.0151466327
  vertex -0.0943744257 -0.026257081 0.0151229445
  endloop
 endfacet

 facet normal -0.791735411 -0.179019794 0.584043682
  outer loop
  vertex -0.0944524333 -0.026257081 0.0167936571
  vertex -0.0944576338 -0.026257081 0.0167866088
  vertex -0.0901411697 -0.0453471504 0.0167866088
  endloop
 endfacet

 facet normal -0.828895569 -0.187422127 0.527072191
  outer loop
  vertex -0.0901411697 -0.0453471504 0.0167866088
  vertex -0.0944576338 -0.026257081 0.0167866088
  vertex -0.0944810361 -0.026257081 0.0167498048
  endloop
 endfacet

 facet normal -0.837760091 -0.189466164 0.512113869
  outer loop
  vertex -0.0901411697 -0.0453471504 0.0167866088
  vertex -0.0944810361 -0.026257081 0.0167498048
  vertex -0.090154171 -0.0453891419 0.0167498048
  endloop
 endfacet

 facet normal -0.795601249 -0.240874261 0.555876076
  outer loop
  vertex -0.0901411697 -0.0453471504 0.0167866088
  vertex -0.090154171 -0.0453891419 0.0167498048
  vertex -0.0901307613 -0.045381505 0.0167866088
  endloop
 endfacet

 facet normal -0.777669311 -0.294267595 0.555551171
  outer loop
  vertex -0.0901307613 -0.045381505 0.0167866088
  vertex -0.090154171 -0.0453891419 0.0167498048
  vertex -0.0901411697 -0.0454235002 0.0167498048
  endloop
 endfacet

 facet normal -0.777669311 -0.294267595 0.555551171
  outer loop
  vertex -0.0901307613 -0.045381505 0.0167866088
  vertex -0.0901411697 -0.0454235002 0.0167498048
  vertex -0.09011776 -0.0454158634 0.0167866088
  endloop
 endfacet

 facet normal -0.751158834 -0.361147106 0.552569568
  outer loop
  vertex -0.09011776 -0.0454158634 0.0167866088
  vertex -0.0901411697 -0.0454235002 0.0167498048
  vertex -0.0901021585 -0.0454483144 0.0167866088
  endloop
 endfacet

 facet normal -0.72194016 -0.430258363 0.541922629
  outer loop
  vertex -0.0901021585 -0.0454483144 0.0167866088
  vertex -0.0901047587 -0.0454903096 0.0167498048
  vertex -0.0900839567 -0.0454788581 0.0167866088
  endloop
 endfacet

 facet normal -0.750733376 -0.39773643 0.527451515
  outer loop
  vertex -0.0901021585 -0.0454483144 0.0167866088
  vertex -0.0901411697 -0.0454235002 0.0167498048
  vertex -0.0901229605 -0.0454578586 0.0167498048
  endloop
 endfacet

 facet normal -0.741317689 -0.415822983 0.526820183
  outer loop
  vertex -0.0901021585 -0.0454483144 0.0167866088
  vertex -0.0901229605 -0.0454578586 0.0167498048
  vertex -0.0901047587 -0.0454903096 0.0167498048
  endloop
 endfacet

 facet normal -0.709528446 -0.451077104 0.541386008
  outer loop
  vertex -0.0900839567 -0.0454788581 0.0167866088
  vertex -0.0901047587 -0.0454903096 0.0167498048
  vertex -0.090065755 -0.0455074869 0.0167866088
  endloop
 endfacet

 facet normal -0.708994806 -0.454487175 0.539228916
  outer loop
  vertex -0.090065755 -0.0455074869 0.0167866088
  vertex -0.0901047587 -0.0454903096 0.0167498048
  vertex -0.0900839567 -0.0455227606 0.0167498048
  endloop
 endfacet

 facet normal -0.632091224 -0.553519666 0.542288423
  outer loop
  vertex -0.090065755 -0.0455074869 0.0167866088
  vertex -0.0900839567 -0.0455227606 0.0167498048
  vertex -0.0900423527 -0.0455342121 0.0167866088
  endloop
 endfacet

 facet normal -0.606631517 -0.590191722 0.532608688
  outer loop
  vertex -0.0900423527 -0.0455342121 0.0167866088
  vertex -0.0900579542 -0.0455513895 0.0167498048
  vertex -0.0900319591 -0.0455781147 0.0167498048
  endloop
 endfacet

 facet normal -0.60656637 -0.590215921 0.532656074
  outer loop
  vertex -0.0900423527 -0.0455342121 0.0167866088
  vertex -0.0900319591 -0.0455781147 0.0167498048
  vertex -0.0900163502 -0.0455609336 0.0167866088
  endloop
 endfacet

 facet normal -0.627002358 -0.569472194 0.5315727
  outer loop
  vertex -0.0900423527 -0.0455342121 0.0167866088
  vertex -0.0900839567 -0.0455227606 0.0167498048
  vertex -0.0900579542 -0.0455513895 0.0167498048
  endloop
 endfacet

 facet normal -0.528994977 -0.66064465 0.532647133
  outer loop
  vertex -0.0900163502 -0.0455609336 0.0167866088
  vertex -0.0900319591 -0.0455781147 0.0167498048
  vertex -0.0900033489 -0.0456010178 0.0167498048
  endloop
 endfacet

 facet normal -0.529031992 -0.660634518 0.532622933
  outer loop
  vertex -0.0900163502 -0.0455609336 0.0167866088
  vertex -0.0900033489 -0.0456010178 0.0167498048
  vertex -0.0899877474 -0.0455838405 0.0167866088
  endloop
 endfacet

 facet normal 0 -0.8490026 0.528388679
  outer loop
  vertex -0.0897199214 -0.0456659198 0.0167866088
  vertex -0.0897563249 -0.0456659198 0.0167866088
  vertex -0.0897589251 -0.0456888266 0.0167498048
  endloop
 endfacet

 facet normal 0 -0.8490026 0.528388679
  outer loop
  vertex -0.0897199214 -0.0456659198 0.0167866088
  vertex -0.0897589251 -0.0456888266 0.0167498048
  vertex -0.0897199214 -0.0456888266 0.0167498048
  endloop
 endfacet

 facet normal 0.0445104465 -0.848161161 0.527865052
  outer loop
  vertex -0.0897199214 -0.0456659198 0.0167866088
  vertex -0.0897199214 -0.0456888266 0.0167498048
  vertex -0.0896835178 -0.0456869155 0.0167498048
  endloop
 endfacet

 facet normal 0.0928742886 -0.822532833 0.561083019
  outer loop
  vertex -0.0897199214 -0.0456659198 0.0167866088
  vertex -0.0896835178 -0.0456869155 0.0167498048
  vertex -0.0896861181 -0.0456621051 0.0167866088
  endloop
 endfacet

 facet normal 0.128707439 -0.818035603 0.560582042
  outer loop
  vertex -0.0896861181 -0.0456621051 0.0167866088
  vertex -0.0896835178 -0.0456869155 0.0167498048
  vertex -0.0896497145 -0.0456563756 0.0167866088
  endloop
 endfacet

 facet normal 0.161936089 -0.827368915 0.537808061
  outer loop
  vertex -0.0896497145 -0.0456563756 0.0167866088
  vertex -0.0896835178 -0.0456869155 0.0167498048
  vertex -0.089644514 -0.0456792824 0.0167498048
  endloop
 endfacet

 facet normal 0.185915157 -0.822200298 0.537979782
  outer loop
  vertex -0.0896497145 -0.0456563756 0.0167866088
  vertex -0.089644514 -0.0456792824 0.0167498048
  vertex -0.067986764 -0.0407583565 0.0167860221
  endloop
 endfacet

 facet normal 0.174821138 -0.773125172 0.609684408
  outer loop
  vertex -0.0896497145 -0.0456563756 0.0167866088
  vertex -0.067986764 -0.0407583565 0.0167860221
  vertex -0.067986764 -0.040737357 0.0168126468
  endloop
 endfacet

 facet normal -0.307287246 -0.777356565 0.548900247
  outer loop
  vertex -0.0898629352 -0.0456487425 0.0167866088
  vertex -0.0898967385 -0.0456353799 0.0167866088
  vertex -0.0899045393 -0.0456582829 0.0167498048
  endloop
 endfacet

 facet normal -0.25885877 -0.822808981 0.505942225
  outer loop
  vertex -0.0898629352 -0.0456487425 0.0167866088
  vertex -0.0899045393 -0.0456582829 0.0167498048
  vertex -0.0898681358 -0.0456697382 0.0167498048
  endloop
 endfacet

 facet normal -0.218650669 -0.833975673 0.506632566
  outer loop
  vertex -0.0898629352 -0.0456487425 0.0167866088
  vertex -0.0898681358 -0.0456697382 0.0167498048
  vertex -0.0898317322 -0.0456792824 0.0167498048
  endloop
 endfacet

 facet normal -0.179738581 -0.82652092 0.53343904
  outer loop
  vertex -0.0898629352 -0.0456487425 0.0167866088
  vertex -0.0898317322 -0.0456792824 0.0167498048
  vertex -0.0897927284 -0.0456640087 0.0167866088
  endloop
 endfacet

 facet normal -0.329230905 -0.768800199 0.548227429
  outer loop
  vertex -0.0899279416 -0.0456220172 0.0167866088
  vertex -0.0899045393 -0.0456582829 0.0167498048
  vertex -0.0898967385 -0.0456353799 0.0167866088
  endloop
 endfacet

 facet normal -0.433331788 -0.708369195 0.557168305
  outer loop
  vertex -0.0899279416 -0.0456220172 0.0167866088
  vertex -0.0899591446 -0.0456029288 0.0167866088
  vertex -0.0899721459 -0.0456239246 0.0167498048
  endloop
 endfacet

 facet normal -0.390151143 -0.767677307 0.508383393
  outer loop
  vertex -0.0899279416 -0.0456220172 0.0167866088
  vertex -0.0899721459 -0.0456239246 0.0167498048
  vertex -0.0899045393 -0.0456582829 0.0167498048
  endloop
 endfacet

 facet normal -0.174156576 -0.83045882 0.529157519
  outer loop
  vertex -0.0897927284 -0.0456640087 0.0167866088
  vertex -0.0898317322 -0.0456792824 0.0167498048
  vertex -0.0897953287 -0.0456869155 0.0167498048
  endloop
 endfacet

 facet normal -0.0444388762 -0.846751809 0.530128896
  outer loop
  vertex -0.0897927284 -0.0456640087 0.0167866088
  vertex -0.0897953287 -0.0456869155 0.0167498048
  vertex -0.0897589251 -0.0456888266 0.0167498048
  endloop
 endfacet

 facet normal -0.0444388762 -0.846751809 0.530128896
  outer loop
  vertex -0.0897927284 -0.0456640087 0.0167866088
  vertex -0.0897589251 -0.0456888266 0.0167498048
  vertex -0.0897563249 -0.0456659198 0.0167866088
  endloop
 endfacet

 facet normal -0.501330495 -0.682935357 0.531288147
  outer loop
  vertex -0.0899877474 -0.0455838405 0.0167866088
  vertex -0.0900033489 -0.0456010178 0.0167498048
  vertex -0.0899721459 -0.0456239246 0.0167498048
  endloop
 endfacet

 facet normal -0.461052716 -0.690822601 0.556951225
  outer loop
  vertex -0.0899877474 -0.0455838405 0.0167866088
  vertex -0.0899721459 -0.0456239246 0.0167498048
  vertex -0.0899591446 -0.0456029288 0.0167866088
  endloop
 endfacet

 facet normal 0.172142416 -0.761322677 -0.625103891
  outer loop
  vertex -0.067986764 -0.0407297201 0.0151787391
  vertex -0.067986764 -0.0407602638 0.0152159361
  vertex -0.0896497145 -0.0456563756 0.0152133908
  endloop
 endfacet

 facet normal 0.172058195 -0.760955691 -0.625573754
  outer loop
  vertex -0.067986764 -0.0407297201 0.0151787391
  vertex -0.0896497145 -0.0456563756 0.0152133908
  vertex -0.0896575153 -0.0456296541 0.0151787391
  endloop
 endfacet

 facet normal 0.157736361 -0.764472008 -0.625061512
  outer loop
  vertex -0.0896575153 -0.0456296541 0.0151787391
  vertex -0.0896497145 -0.0456563756 0.0152133908
  vertex -0.0896991193 -0.0456391983 0.0151799135
  endloop
 endfacet

 facet normal 0.0536230765 -0.801225126 -0.595955551
  outer loop
  vertex -0.0897433236 -0.045644924 0.0151836341
  vertex -0.0896991193 -0.0456391983 0.0151799135
  vertex -0.0897355229 -0.0456697382 0.0152176972
  endloop
 endfacet

 facet normal -0.0372298472 -0.811749756 -0.582817495
  outer loop
  vertex -0.0897433236 -0.045644924 0.0151836341
  vertex -0.0897355229 -0.0456697382 0.0152176972
  vertex -0.0897797272 -0.0456716456 0.015223179
  endloop
 endfacet

 facet normal -0.0490525775 -0.806031466 -0.589836538
  outer loop
  vertex -0.0897433236 -0.045644924 0.0151836341
  vertex -0.0897797272 -0.0456716456 0.015223179
  vertex -0.0897849277 -0.0456468314 0.0151897017
  endloop
 endfacet

 facet normal 0.124388888 -0.796188772 -0.592124164
  outer loop
  vertex -0.0896991193 -0.0456391983 0.0151799135
  vertex -0.0896497145 -0.0456563756 0.0152133908
  vertex -0.0896939188 -0.0456640087 0.0152143696
  endloop
 endfacet

 facet normal 0.0637071133 -0.805254698 -0.589496613
  outer loop
  vertex -0.0896991193 -0.0456391983 0.0151799135
  vertex -0.0896939188 -0.0456640087 0.0152143696
  vertex -0.0897355229 -0.0456697382 0.0152176972
  endloop
 endfacet

 facet normal -0.131893113 -0.806044698 -0.576971591
  outer loop
  vertex -0.0897849277 -0.0456468314 0.0151897017
  vertex -0.0897797272 -0.0456716456 0.015223179
  vertex -0.0898239315 -0.0456697382 0.0152306184
  endloop
 endfacet

 facet normal -0.145950079 -0.797401845 -0.585533082
  outer loop
  vertex -0.0897849277 -0.0456468314 0.0151897017
  vertex -0.0898239315 -0.0456697382 0.0152306184
  vertex -0.089829132 -0.045644924 0.0151981208
  endloop
 endfacet

 facet normal -0.185889527 -0.795054138 -0.577350855
  outer loop
  vertex -0.089870736 -0.045643013 0.0152088879
  vertex -0.089829132 -0.045644924 0.0151981208
  vertex -0.0898239315 -0.0456697382 0.0152306184
  endloop
 endfacet

 facet normal -0.202167034 -0.80621165 -0.556013763
  outer loop
  vertex -0.089870736 -0.045643013 0.0152088879
  vertex -0.0898239315 -0.0456697382 0.0152306184
  vertex -0.0898655355 -0.0456659198 0.015240211
  endloop
 endfacet

 facet normal -0.293495387 -0.794202983 -0.532073438
  outer loop
  vertex -0.089870736 -0.045643013 0.0152088879
  vertex -0.0898655355 -0.0456659198 0.015240211
  vertex -0.0899071395 -0.0456582829 0.0152517622
  endloop
 endfacet

 facet normal -0.311613292 -0.780154407 -0.542453945
  outer loop
  vertex -0.089870736 -0.045643013 0.0152088879
  vertex -0.0899071395 -0.0456582829 0.0152517622
  vertex -0.08991234 -0.0456353799 0.015221809
  endloop
 endfacet

 facet normal -0.386660755 -0.763756752 -0.516884089
  outer loop
  vertex -0.08991234 -0.0456353799 0.015221809
  vertex -0.0899071395 -0.0456582829 0.0152517622
  vertex -0.0899513438 -0.0456258357 0.0152368834
  endloop
 endfacet

 facet normal -0.394055218 -0.731502712 -0.556439042
  outer loop
  vertex -0.08991234 -0.0456353799 0.015221809
  vertex -0.0899513438 -0.0456258357 0.0152368834
  vertex -0.0899565443 -0.0456029288 0.0152104544
  endloop
 endfacet

 facet normal -0.444616258 -0.718336582 -0.535078466
  outer loop
  vertex -0.0899565443 -0.0456029288 0.0152104544
  vertex -0.0899513438 -0.0456258357 0.0152368834
  vertex -0.0899903476 -0.0456143804 0.0152539155
  endloop
 endfacet

 facet normal -0.467405915 -0.694806278 -0.546604037
  outer loop
  vertex -0.0899565443 -0.0456029288 0.0152104544
  vertex -0.0899903476 -0.0456143804 0.0152539155
  vertex -0.0899955481 -0.0455914773 0.0152292484
  endloop
 endfacet

 facet normal -0.472602487 -0.669976413 -0.572519422
  outer loop
  vertex -0.0899565443 -0.0456029288 0.0152104544
  vertex -0.0899955481 -0.0455914773 0.0152292484
  vertex -0.0900007486 -0.0455685705 0.0152067346
  endloop
 endfacet

 facet normal -0.449112594 -0.644739509 -0.618553877
  outer loop
  vertex -0.0899565443 -0.0456029288 0.0152104544
  vertex -0.0900007486 -0.0455685705 0.0152067346
  vertex -0.0899617448 -0.0455762073 0.0151863741
  endloop
 endfacet

 facet normal -0.564105213 -0.640366912 -0.521263361
  outer loop
  vertex -0.0900007486 -0.0455685705 0.0152067346
  vertex -0.0899955481 -0.0455914773 0.0152292484
  vertex -0.0900345519 -0.045557119 0.0152292484
  endloop
 endfacet

 facet normal -0.580737472 -0.568314672 -0.582891464
  outer loop
  vertex -0.0900007486 -0.0455685705 0.0152067346
  vertex -0.0900345519 -0.045557119 0.0152292484
  vertex -0.0900475532 -0.0455074869 0.0151938135
  endloop
 endfacet

 facet normal -0.57252562 -0.564499795 -0.594604433
  outer loop
  vertex -0.0900007486 -0.0455685705 0.0152067346
  vertex -0.0900475532 -0.0455074869 0.0151938135
  vertex -0.0900059491 -0.045541849 0.0151863741
  endloop
 endfacet

 facet normal -0.621987998 -0.556352258 -0.551001906
  outer loop
  vertex -0.0900475532 -0.0455074869 0.0151938135
  vertex -0.0900345519 -0.045557119 0.0152292484
  vertex -0.0900683552 -0.0455437563 0.0152539155
  endloop
 endfacet

 facet normal -0.627463758 -0.551313818 -0.549856663
  outer loop
  vertex -0.0900475532 -0.0455074869 0.0151938135
  vertex -0.0900683552 -0.0455437563 0.0152539155
  vertex -0.0900735557 -0.0455208495 0.0152368834
  endloop
 endfacet

 facet normal -0.654714465 -0.513580441 -0.554602802
  outer loop
  vertex -0.0900475532 -0.0455074869 0.0151938135
  vertex -0.0900735557 -0.0455208495 0.0152368834
  vertex -0.0900787562 -0.0454979427 0.015221809
  endloop
 endfacet

 facet normal -0.668939352 -0.448783726 -0.592548251
  outer loop
  vertex -0.0900475532 -0.0455074869 0.0151938135
  vertex -0.0900787562 -0.0454979427 0.015221809
  vertex -0.0900839567 -0.0454731323 0.0152088879
  endloop
 endfacet

 facet normal -0.667261481 -0.444899172 -0.597349882
  outer loop
  vertex -0.0900475532 -0.0455074869 0.0151938135
  vertex -0.0900839567 -0.0454731323 0.0152088879
  vertex -0.0900527537 -0.0454807654 0.0151797179
  endloop
 endfacet

 facet normal -0.673753023 -0.413310885 -0.612560987
  outer loop
  vertex -0.0900527537 -0.0454807654 0.0151797179
  vertex -0.0900839567 -0.0454731323 0.0152088879
  vertex -0.090096958 -0.0454235002 0.0151897017
  endloop
 endfacet

 facet normal -0.651804566 -0.389738768 -0.650580168
  outer loop
  vertex -0.0900527537 -0.0454807654 0.0151797179
  vertex -0.090096958 -0.0454235002 0.0151897017
  vertex -0.0900579542 -0.0454521328 0.0151677765
  endloop
 endfacet

 facet normal -0.729007602 -0.398523748 -0.556531072
  outer loop
  vertex -0.090096958 -0.0454235002 0.0151897017
  vertex -0.0901125669 -0.0454654954 0.015240211
  vertex -0.09011776 -0.0454425886 0.0152306184
  endloop
 endfacet

 facet normal -0.758561075 -0.350636363 -0.549217045
  outer loop
  vertex -0.090096958 -0.0454235002 0.0151897017
  vertex -0.09011776 -0.0454425886 0.0152306184
  vertex -0.0901229605 -0.0454196855 0.015223179
  endloop
 endfacet

 facet normal -0.767149806 -0.312419772 -0.560245514
  outer loop
  vertex -0.090096958 -0.0454235002 0.0151897017
  vertex -0.0901229605 -0.0454196855 0.015223179
  vertex -0.0901359618 -0.0453719608 0.0152143696
  endloop
 endfacet

 facet normal -0.750462711 -0.281806797 -0.597821593
  outer loop
  vertex -0.090096958 -0.0454235002 0.0151897017
  vertex -0.0901359618 -0.0453719608 0.0152143696
  vertex -0.0901021585 -0.0453967787 0.0151836341
  endloop
 endfacet

 facet normal -0.721999347 -0.4057872 -0.560404956
  outer loop
  vertex -0.090096958 -0.0454235002 0.0151897017
  vertex -0.0900839567 -0.0454731323 0.0152088879
  vertex -0.0901125669 -0.0454654954 0.015240211
  endloop
 endfacet

 facet normal -0.741705358 -0.229913235 -0.63008976
  outer loop
  vertex -0.0901021585 -0.0453967787 0.0151836341
  vertex -0.0901359618 -0.0453719608 0.0152143696
  vertex -0.0901151597 -0.0453414209 0.0151787391
  endloop
 endfacet

 facet normal -0.770968556 -0.185632139 -0.609219372
  outer loop
  vertex -0.0901151597 -0.0453414209 0.0151787391
  vertex -0.0901359618 -0.0453719608 0.0152143696
  vertex -0.0901411697 -0.0453471504 0.0152133908
  endloop
 endfacet

 facet normal -0.773425817 -0.174879834 -0.60928607
  outer loop
  vertex -0.0901151597 -0.0453414209 0.0151787391
  vertex -0.0901411697 -0.0453471504 0.0152133908
  vertex -0.0944576338 -0.026257081 0.0152133908
  endloop
 endfacet

 facet normal -0.759756207 -0.171737015 -0.627117991
  outer loop
  vertex -0.0901151597 -0.0453414209 0.0151787391
  vertex -0.0944576338 -0.026257081 0.0152133908
  vertex -0.094429031 -0.026257081 0.0151787391
  endloop
 endfacet

 facet normal -0.736262262 -0.166426405 -0.655911684
  outer loop
  vertex -0.0901151597 -0.0453414209 0.0151787391
  vertex -0.094429031 -0.026257081 0.0151787391
  vertex -0.0944004282 -0.026257081 0.0151466327
  endloop
 endfacet

 facet normal -0.863205194 -0.195199937 0.465589732
  outer loop
  vertex -0.0944810361 -0.026257081 0.0167498048
  vertex -0.0945018381 -0.026257081 0.0167112369
  vertex -0.0901827663 -0.0453566946 0.0167112369
  endloop
 endfacet

 facet normal -0.859030902 -0.19427675 0.473626941
  outer loop
  vertex -0.0944810361 -0.026257081 0.0167498048
  vertex -0.0901827663 -0.0453566946 0.0167112369
  vertex -0.090154171 -0.0453891419 0.0167498048
  endloop
 endfacet

 facet normal -0.864910364 -0.235675007 0.443156242
  outer loop
  vertex -0.090154171 -0.0453891419 0.0167498048
  vertex -0.0901827663 -0.0453566946 0.0167112369
  vertex -0.0901723653 -0.0453948677 0.0167112369
  endloop
 endfacet

 facet normal -0.84852165 -0.288916767 0.443326294
  outer loop
  vertex -0.090154171 -0.0453891419 0.0167498048
  vertex -0.0901723653 -0.0453948677 0.0167112369
  vertex -0.0901593715 -0.0454330444 0.0167112369
  endloop
 endfacet

 facet normal -0.826726854 -0.312830865 0.467610538
  outer loop
  vertex -0.090154171 -0.0453891419 0.0167498048
  vertex -0.0901593715 -0.0454330444 0.0167112369
  vertex -0.0901411697 -0.0454235002 0.0167498048
  endloop
 endfacet

 facet normal -0.779828966 -0.413139433 0.470300615
  outer loop
  vertex -0.0901411697 -0.0454235002 0.0167498048
  vertex -0.0901593715 -0.0454330444 0.0167112369
  vertex -0.0901229605 -0.0455017611 0.0167112369
  endloop
 endfacet

 facet normal -0.779816389 -0.413144529 0.470316887
  outer loop
  vertex -0.0901411697 -0.0454235002 0.0167498048
  vertex -0.0901229605 -0.0455017611 0.0167112369
  vertex -0.0901229605 -0.0454578586 0.0167498048
  endloop
 endfacet

 facet normal -0.761966407 -0.427405298 0.486551136
  outer loop
  vertex -0.0901047587 -0.0454903096 0.0167498048
  vertex -0.0901229605 -0.0454578586 0.0167498048
  vertex -0.0901229605 -0.0455017611 0.0167112369
  endloop
 endfacet

 facet normal -0.735292435 -0.471344769 0.487010419
  outer loop
  vertex -0.0901047587 -0.0454903096 0.0167498048
  vertex -0.0901229605 -0.0455017611 0.0167112369
  vertex -0.0900839567 -0.0455227606 0.0167498048
  endloop
 endfacet

 facet normal -0.653412521 -0.59345907 0.469955772
  outer loop
  vertex -0.0900839567 -0.0455227606 0.0167498048
  vertex -0.0900735557 -0.0455647521 0.0167112369
  vertex -0.0900579542 -0.0455513895 0.0167498048
  endloop
 endfacet

 facet normal -0.724925518 -0.522801757 0.44851017
  outer loop
  vertex -0.0900839567 -0.0455227606 0.0167498048
  vertex -0.0901229605 -0.0455017611 0.0167112369
  vertex -0.0900995657 -0.0455342121 0.0167112369
  endloop
 endfacet

 facet normal -0.680875897 -0.579717696 0.447588384
  outer loop
  vertex -0.0900839567 -0.0455227606 0.0167498048
  vertex -0.0900995657 -0.0455342121 0.0167112369
  vertex -0.0900735557 -0.0455647521 0.0167112369
  endloop
 endfacet

 facet normal -0.632892072 -0.615740478 0.469373316
  outer loop
  vertex -0.0900579542 -0.0455513895 0.0167498048
  vertex -0.0900735557 -0.0455647521 0.0167112369
  vertex -0.0900319591 -0.0455781147 0.0167498048
  endloop
 endfacet

 facet normal -0.54571259 -0.681522787 0.487570018
  outer loop
  vertex -0.0900319591 -0.0455781147 0.0167498048
  vertex -0.0900163502 -0.0456181988 0.0167112369
  vertex -0.0900033489 -0.0456010178 0.0167498048
  endloop
 endfacet

 facet normal -0.614681661 -0.657904148 0.435119033
  outer loop
  vertex -0.0900319591 -0.0455781147 0.0167498048
  vertex -0.0900735557 -0.0455647521 0.0167112369
  vertex -0.0900163502 -0.0456181988 0.0167112369
  endloop
 endfacet

 facet normal 0 -0.878285408 0.478136748
  outer loop
  vertex -0.0897199214 -0.0456888266 0.0167498048
  vertex -0.0897589251 -0.0456888266 0.0167498048
  vertex -0.0897589251 -0.0457098223 0.0167112369
  endloop
 endfacet

 facet normal 0 -0.878285408 0.478136748
  outer loop
  vertex -0.0897199214 -0.0456888266 0.0167498048
  vertex -0.0897589251 -0.0457098223 0.0167112369
  vertex -0.0897199214 -0.0457098223 0.0167112369
  endloop
 endfacet

 facet normal 0.0460424535 -0.877354026 0.477629662
  outer loop
  vertex -0.0897199214 -0.0456888266 0.0167498048
  vertex -0.0897199214 -0.0457098223 0.0167112369
  vertex -0.0896835178 -0.0456869155 0.0167498048
  endloop
 endfacet

 facet normal 0.171891063 -0.878231168 0.446277469
  outer loop
  vertex -0.0896835178 -0.0456869155 0.0167498048
  vertex -0.0896809176 -0.0457060039 0.0167112369
  vertex -0.0896419138 -0.0456983708 0.0167112369
  endloop
 endfacet

 facet normal 0.171891063 -0.878231168 0.446277469
  outer loop
  vertex -0.0896835178 -0.0456869155 0.0167498048
  vertex -0.0896419138 -0.0456983708 0.0167112369
  vertex -0.089644514 -0.0456792824 0.0167498048
  endloop
 endfacet

 facet normal 0.0871431306 -0.890468717 0.446622342
  outer loop
  vertex -0.0896835178 -0.0456869155 0.0167498048
  vertex -0.0897199214 -0.0457098223 0.0167112369
  vertex -0.0896809176 -0.0457060039 0.0167112369
  endloop
 endfacet

 facet normal 0.197421819 -0.87323153 0.44552362
  outer loop
  vertex -0.089644514 -0.0456792824 0.0167498048
  vertex -0.0896419138 -0.0456983708 0.0167112369
  vertex -0.067986764 -0.0407984406 0.0167192649
  endloop
 endfacet

 facet normal 0.19338873 -0.855113387 0.481021821
  outer loop
  vertex -0.089644514 -0.0456792824 0.0167498048
  vertex -0.067986764 -0.0407984406 0.0167192649
  vertex -0.067986764 -0.0407812595 0.0167498048
  endloop
 endfacet

 facet normal 0.187740117 -0.830136657 0.525001705
  outer loop
  vertex -0.089644514 -0.0456792824 0.0167498048
  vertex -0.067986764 -0.0407812595 0.0167498048
  vertex -0.067986764 -0.0407583565 0.0167860221
  endloop
 endfacet

 facet normal -0.394731492 -0.776689768 0.490856469
  outer loop
  vertex -0.0899045393 -0.0456582829 0.0167498048
  vertex -0.0899721459 -0.0456239246 0.0167498048
  vertex -0.0899487436 -0.045660194 0.0167112369
  endloop
 endfacet

 facet normal -0.347532362 -0.828384876 0.439317405
  outer loop
  vertex -0.0899045393 -0.0456582829 0.0167498048
  vertex -0.0899487436 -0.045660194 0.0167112369
  vertex -0.08991234 -0.045675464 0.0167112369
  endloop
 endfacet

 facet normal -0.309679002 -0.843700588 0.438484013
  outer loop
  vertex -0.0899045393 -0.0456582829 0.0167498048
  vertex -0.08991234 -0.045675464 0.0167112369
  vertex -0.0898759365 -0.0456888266 0.0167112369
  endloop
 endfacet

 facet normal -0.264848292 -0.84184736 0.470264196
  outer loop
  vertex -0.0899045393 -0.0456582829 0.0167498048
  vertex -0.0898759365 -0.0456888266 0.0167112369
  vertex -0.0898681358 -0.0456697382 0.0167498048
  endloop
 endfacet

 facet normal -0.248703212 -0.847121418 0.469608396
  outer loop
  vertex -0.0898681358 -0.0456697382 0.0167498048
  vertex -0.0898759365 -0.0456888266 0.0167112369
  vertex -0.0898369327 -0.0457002781 0.0167112369
  endloop
 endfacet

 facet normal -0.221197218 -0.843688667 0.489143342
  outer loop
  vertex -0.0898681358 -0.0456697382 0.0167498048
  vertex -0.0898369327 -0.0457002781 0.0167112369
  vertex -0.0898317322 -0.0456792824 0.0167498048
  endloop
 endfacet

 facet normal -0.179040909 -0.853749692 0.488933414
  outer loop
  vertex -0.0898317322 -0.0456792824 0.0167498048
  vertex -0.0898369327 -0.0457002781 0.0167112369
  vertex -0.0897953287 -0.0456869155 0.0167498048
  endloop
 endfacet

 facet normal -0.516619623 -0.703762949 0.487669826
  outer loop
  vertex -0.0899721459 -0.0456239246 0.0167498048
  vertex -0.0900033489 -0.0456010178 0.0167498048
  vertex -0.0900163502 -0.0456181988 0.0167112369
  endloop
 endfacet

 facet normal -0.497683465 -0.734446764 0.461409926
  outer loop
  vertex -0.0899721459 -0.0456239246 0.0167498048
  vertex -0.0900163502 -0.0456181988 0.0167112369
  vertex -0.0899825469 -0.0456411056 0.0167112369
  endloop
 endfacet

 facet normal -0.436118931 -0.772410333 0.461717099
  outer loop
  vertex -0.0899721459 -0.0456239246 0.0167498048
  vertex -0.0899825469 -0.0456411056 0.0167112369
  vertex -0.0899487436 -0.045660194 0.0167112369
  endloop
 endfacet

 facet normal -0.129972547 -0.885110259 0.446863532
  outer loop
  vertex -0.0897953287 -0.0456869155 0.0167498048
  vertex -0.0898369327 -0.0457002781 0.0167112369
  vertex -0.0897979289 -0.0457060039 0.0167112369
  endloop
 endfacet

 facet normal -0.0871429592 -0.890466928 0.446625829
  outer loop
  vertex -0.0897953287 -0.0456869155 0.0167498048
  vertex -0.0897979289 -0.0457060039 0.0167112369
  vertex -0.0897589251 -0.0457098223 0.0167112369
  endloop
 endfacet

 facet normal -0.0460449271 -0.877353907 0.477629691
  outer loop
  vertex -0.0897953287 -0.0456869155 0.0167498048
  vertex -0.0897589251 -0.0457098223 0.0167112369
  vertex -0.0897589251 -0.0456888266 0.0167498048
  endloop
 endfacet

 facet normal 0.187713072 -0.830130935 -0.52502048
  outer loop
  vertex -0.067986764 -0.0407602638 0.0152159361
  vertex -0.067986764 -0.0407831706 0.0152521534
  vertex -0.089644514 -0.0456792824 0.0152501967
  endloop
 endfacet

 facet normal 0.185892522 -0.822205484 -0.537979841
  outer loop
  vertex -0.067986764 -0.0407602638 0.0152159361
  vertex -0.089644514 -0.0456792824 0.0152501967
  vertex -0.0896497145 -0.0456563756 0.0152133908
  endloop
 endfacet

 facet normal 0.13428691 -0.832688749 -0.537211776
  outer loop
  vertex -0.0896497145 -0.0456563756 0.0152133908
  vertex -0.089644514 -0.0456792824 0.0152501967
  vertex -0.0896887183 -0.0456869155 0.015250979
  endloop
 endfacet

 facet normal 0.1317157 -0.831827044 -0.539179683
  outer loop
  vertex -0.0896497145 -0.0456563756 0.0152133908
  vertex -0.0896887183 -0.0456869155 0.015250979
  vertex -0.0896939188 -0.0456640087 0.0152143696
  endloop
 endfacet

 facet normal -0.0293299891 -0.846688211 -0.531280398
  outer loop
  vertex -0.0897355229 -0.0456697382 0.0152176972
  vertex -0.0897303224 -0.045692645 0.0152539155
  vertex -0.0897797272 -0.0456716456 0.015223179
  endloop
 endfacet

 facet normal 0.0721658617 -0.83823669 -0.540510297
  outer loop
  vertex -0.0897355229 -0.0456697382 0.0152176972
  vertex -0.0896939188 -0.0456640087 0.0152143696
  vertex -0.0897303224 -0.045692645 0.0152539155
  endloop
 endfacet

 facet normal -0.0534925573 -0.862490773 -0.503237844
  outer loop
  vertex -0.0897797272 -0.0456716456 0.015223179
  vertex -0.0897303224 -0.045692645 0.0152539155
  vertex -0.0897745267 -0.045692645 0.015258614
  endloop
 endfacet

 facet normal -0.111708038 -0.862017572 -0.494416028
  outer loop
  vertex -0.0897797272 -0.0456716456 0.015223179
  vertex -0.0897745267 -0.045692645 0.015258614
  vertex -0.089818731 -0.0456907339 0.0152652711
  endloop
 endfacet

 facet normal -0.121302783 -0.856909513 -0.500990748
  outer loop
  vertex -0.0897797272 -0.0456716456 0.015223179
  vertex -0.089818731 -0.0456907339 0.0152652711
  vertex -0.0898239315 -0.0456697382 0.0152306184
  endloop
 endfacet

 facet normal 0.0777835101 -0.840160072 -0.53673166
  outer loop
  vertex -0.0896939188 -0.0456640087 0.0152143696
  vertex -0.0896887183 -0.0456869155 0.015250979
  vertex -0.0897303224 -0.045692645 0.0152539155
  endloop
 endfacet

 facet normal -0.175291836 -0.853459954 -0.490794271
  outer loop
  vertex -0.0898239315 -0.0456697382 0.0152306184
  vertex -0.089818731 -0.0456907339 0.0152652711
  vertex -0.089860335 -0.0456869155 0.0152734928
  endloop
 endfacet

 facet normal -0.193050027 -0.843191028 -0.501757562
  outer loop
  vertex -0.0898239315 -0.0456697382 0.0152306184
  vertex -0.089860335 -0.0456869155 0.0152734928
  vertex -0.0898655355 -0.0456659198 0.015240211
  endloop
 endfacet

 facet normal -0.285367072 -0.830095172 -0.479069591
  outer loop
  vertex -0.0898655355 -0.0456659198 0.015240211
  vertex -0.089860335 -0.0456869155 0.0152734928
  vertex -0.0899071395 -0.0456582829 0.0152517622
  endloop
 endfacet

 facet normal -0.349608511 -0.828035593 -0.438327491
  outer loop
  vertex -0.0899071395 -0.0456582829 0.0152517622
  vertex -0.089901939 -0.0456773713 0.0152836731
  vertex -0.0899435431 -0.0456659198 0.0152952233
  endloop
 endfacet

 facet normal -0.394503415 -0.790040851 -0.469257474
  outer loop
  vertex -0.0899071395 -0.0456582829 0.0152517622
  vertex -0.0899435431 -0.0456659198 0.0152952233
  vertex -0.0899461433 -0.0456468314 0.0152652711
  endloop
 endfacet

 facet normal -0.398487419 -0.770789146 -0.497083396
  outer loop
  vertex -0.0899071395 -0.0456582829 0.0152517622
  vertex -0.0899461433 -0.0456468314 0.0152652711
  vertex -0.0899513438 -0.0456258357 0.0152368834
  endloop
 endfacet

 facet normal -0.303089917 -0.838770628 -0.452327669
  outer loop
  vertex -0.0899071395 -0.0456582829 0.0152517622
  vertex -0.089860335 -0.0456869155 0.0152734928
  vertex -0.089901939 -0.0456773713 0.0152836731
  endloop
 endfacet

 facet normal -0.434197605 -0.760450959 -0.482894301
  outer loop
  vertex -0.0899513438 -0.0456258357 0.0152368834
  vertex -0.0899461433 -0.0456468314 0.0152652711
  vertex -0.0899903476 -0.0456143804 0.0152539155
  endloop
 endfacet

 facet normal -0.442584455 -0.766026437 -0.466178596
  outer loop
  vertex -0.0899903476 -0.0456143804 0.0152539155
  vertex -0.0899461433 -0.0456468314 0.0152652711
  vertex -0.0899851471 -0.0456334688 0.0152803455
  endloop
 endfacet

 facet normal -0.513486683 -0.740413725 -0.433726847
  outer loop
  vertex -0.0899903476 -0.0456143804 0.0152539155
  vertex -0.0899851471 -0.0456334688 0.0152803455
  vertex -0.0900215507 -0.0456181988 0.0152973766
  endloop
 endfacet

 facet normal -0.534047306 -0.717927396 -0.446512878
  outer loop
  vertex -0.0899903476 -0.0456143804 0.0152539155
  vertex -0.0900215507 -0.0456181988 0.0152973766
  vertex -0.0900267512 -0.0455991141 0.0152729061
  endloop
 endfacet

 facet normal -0.544551194 -0.668774605 -0.506166697
  outer loop
  vertex -0.0899903476 -0.0456143804 0.0152539155
  vertex -0.0900267512 -0.0455991141 0.0152729061
  vertex -0.0899955481 -0.0455914773 0.0152292484
  endloop
 endfacet

 facet normal -0.565894008 -0.642397583 -0.516806841
  outer loop
  vertex -0.0899955481 -0.0455914773 0.0152292484
  vertex -0.0900267512 -0.0455991141 0.0152729061
  vertex -0.0900345519 -0.045557119 0.0152292484
  endloop
 endfacet

 facet normal -0.606194496 -0.624537349 -0.492423981
  outer loop
  vertex -0.0900345519 -0.045557119 0.0152292484
  vertex -0.0900267512 -0.0455991141 0.0152729061
  vertex -0.0900683552 -0.0455437563 0.0152539155
  endloop
 endfacet

 facet normal -0.681971014 -0.58878386 -0.433876842
  outer loop
  vertex -0.0900683552 -0.0455437563 0.0152539155
  vertex -0.0900605544 -0.0455819331 0.0152934613
  vertex -0.0900943577 -0.0455456637 0.0152973766
  endloop
 endfacet

 facet normal -0.688796699 -0.578067183 -0.437489986
  outer loop
  vertex -0.0900683552 -0.0455437563 0.0152539155
  vertex -0.0900943577 -0.0455456637 0.0152973766
  vertex -0.0900995657 -0.0455265753 0.0152803455
  endloop
 endfacet

 facet normal -0.694447219 -0.552834272 -0.46056208
  outer loop
  vertex -0.0900683552 -0.0455437563 0.0152539155
  vertex -0.0900995657 -0.0455265753 0.0152803455
  vertex -0.0901047587 -0.0455074869 0.0152652711
  endloop
 endfacet

 facet normal -0.683790982 -0.528973341 -0.502610445
  outer loop
  vertex -0.0900683552 -0.0455437563 0.0152539155
  vertex -0.0901047587 -0.0455074869 0.0152652711
  vertex -0.0900735557 -0.0455208495 0.0152368834
  endloop
 endfacet

 facet normal -0.612033904 -0.625848889 -0.48345384
  outer loop
  vertex -0.0900683552 -0.0455437563 0.0152539155
  vertex -0.0900267512 -0.0455991141 0.0152729061
  vertex -0.0900605544 -0.0455819331 0.0152934613
  endloop
 endfacet

 facet normal -0.689989448 -0.50063318 -0.522762954
  outer loop
  vertex -0.0900735557 -0.0455208495 0.0152368834
  vertex -0.0901047587 -0.0455074869 0.0152652711
  vertex -0.0900787562 -0.0454979427 0.015221809
  endloop
 endfacet

 facet normal -0.719593048 -0.44953081 -0.529252172
  outer loop
  vertex -0.0900787562 -0.0454979427 0.015221809
  vertex -0.0901047587 -0.0455074869 0.0152652711
  vertex -0.0901125669 -0.0454654954 0.015240211
  endloop
 endfacet

 facet normal -0.715228915 -0.434840053 -0.547139645
  outer loop
  vertex -0.0900787562 -0.0454979427 0.015221809
  vertex -0.0901125669 -0.0454654954 0.015240211
  vertex -0.0900839567 -0.0454731323 0.0152088879
  endloop
 endfacet

 facet normal -0.748505771 -0.436810791 -0.498934358
  outer loop
  vertex -0.0901125669 -0.0454654954 0.015240211
  vertex -0.0901047587 -0.0455074869 0.0152652711
  vertex -0.0901359618 -0.0454750359 0.0152836731
  endloop
 endfacet

 facet normal -0.774293065 -0.385807037 -0.50162065
  outer loop
  vertex -0.0901125669 -0.0454654954 0.015240211
  vertex -0.0901359618 -0.0454750359 0.0152836731
  vertex -0.09011776 -0.0454425886 0.0152306184
  endloop
 endfacet

 facet normal -0.776644886 -0.382581055 -0.500454366
  outer loop
  vertex -0.09011776 -0.0454425886 0.0152306184
  vertex -0.0901359618 -0.0454750359 0.0152836731
  vertex -0.090148963 -0.0454158634 0.015258614
  endloop
 endfacet

 facet normal -0.773377419 -0.347771972 -0.530039668
  outer loop
  vertex -0.09011776 -0.0454425886 0.0152306184
  vertex -0.090148963 -0.0454158634 0.015258614
  vertex -0.0901229605 -0.0454196855 0.015223179
  endloop
 endfacet

 facet normal -0.781220376 -0.314212769 -0.539411783
  outer loop
  vertex -0.0901229605 -0.0454196855 0.015223179
  vertex -0.090148963 -0.0454158634 0.015258614
  vertex -0.090154171 -0.0453948677 0.0152539155
  endloop
 endfacet

 facet normal -0.781069934 -0.312581241 -0.540576398
  outer loop
  vertex -0.0901229605 -0.0454196855 0.015223179
  vertex -0.090154171 -0.0453948677 0.0152539155
  vertex -0.0901359618 -0.0453719608 0.0152143696
  endloop
 endfacet

 facet normal -0.804006517 -0.273036301 -0.528228045
  outer loop
  vertex -0.0901359618 -0.0453719608 0.0152143696
  vertex -0.090154171 -0.0453948677 0.0152539155
  vertex -0.0901593715 -0.0453738719 0.015250979
  endloop
 endfacet

 facet normal -0.82202518 -0.193429887 -0.535592675
  outer loop
  vertex -0.0901359618 -0.0453719608 0.0152143696
  vertex -0.0901593715 -0.0453738719 0.015250979
  vertex -0.0901411697 -0.0453471504 0.0152133908
  endloop
 endfacet

 facet normal -0.825571179 -0.186693281 -0.532520413
  outer loop
  vertex -0.0901411697 -0.0453471504 0.0152133908
  vertex -0.0901593715 -0.0453738719 0.015250979
  vertex -0.0944628343 -0.026257081 0.0152206346
  endloop
 endfacet

 facet normal -0.798935652 -0.18064785 -0.573644638
  outer loop
  vertex -0.0901411697 -0.0453471504 0.0152133908
  vertex -0.0944628343 -0.026257081 0.0152206346
  vertex -0.0944576338 -0.026257081 0.0152133908
  endloop
 endfacet

 facet normal -0.89269489 -0.201868534 0.402920544
  outer loop
  vertex -0.0945018381 -0.026257081 0.0167112369
  vertex -0.0945200399 -0.026257081 0.0166709088
  vertex -0.0901827663 -0.0453566946 0.0167112369
  endloop
 endfacet

 facet normal -0.899272561 -0.233315498 0.369963229
  outer loop
  vertex -0.0901827663 -0.0453566946 0.0167112369
  vertex -0.0901983678 -0.0453605093 0.0166709088
  vertex -0.0901879743 -0.0454005934 0.0166709088
  endloop
 endfacet

 facet normal -0.892509401 -0.243195325 0.379846215
  outer loop
  vertex -0.0901827663 -0.0453566946 0.0167112369
  vertex -0.0901879743 -0.0454005934 0.0166709088
  vertex -0.0901723653 -0.0453948677 0.0167112369
  endloop
 endfacet

 facet normal -0.906155348 -0.204994872 0.369945318
  outer loop
  vertex -0.0901827663 -0.0453566946 0.0167112369
  vertex -0.0945200399 -0.026257081 0.0166709088
  vertex -0.0901983678 -0.0453605093 0.0166709088
  endloop
 endfacet

 facet normal -0.875229955 -0.298070937 0.380954415
  outer loop
  vertex -0.0901723653 -0.0453948677 0.0167112369
  vertex -0.0901879743 -0.0454005934 0.0166709088
  vertex -0.090174973 -0.0454387702 0.0166709088
  endloop
 endfacet

 facet normal -0.875267506 -0.298023582 0.38090533
  outer loop
  vertex -0.0901723653 -0.0453948677 0.0167112369
  vertex -0.090174973 -0.0454387702 0.0166709088
  vertex -0.0901593715 -0.0454330444 0.0167112369
  endloop
 endfacet

 facet normal -0.811653376 -0.429999441 0.395372391
  outer loop
  vertex -0.0901593715 -0.0454330444 0.0167112369
  vertex -0.0901567638 -0.0454750359 0.0166709088
  vertex -0.0901229605 -0.0455017611 0.0167112369
  endloop
 endfacet

 facet normal -0.827101886 -0.415135801 0.378899395
  outer loop
  vertex -0.0901593715 -0.0454330444 0.0167112369
  vertex -0.090174973 -0.0454387702 0.0166709088
  vertex -0.0901567638 -0.0454750359 0.0166709088
  endloop
 endfacet

 facet normal -0.806127429 -0.462365955 0.369291723
  outer loop
  vertex -0.0901229605 -0.0455017611 0.0167112369
  vertex -0.0901567638 -0.0454750359 0.0166709088
  vertex -0.0901359618 -0.0455113053 0.0166709088
  endloop
 endfacet

 facet normal -0.753113031 -0.543097258 0.37130329
  outer loop
  vertex -0.0901229605 -0.0455017611 0.0167112369
  vertex -0.0901359618 -0.0455113053 0.0166709088
  vertex -0.0901125669 -0.0455437563 0.0166709088
  endloop
 endfacet

 facet normal -0.753090084 -0.54311347 0.371326089
  outer loop
  vertex -0.0901229605 -0.0455017611 0.0167112369
  vertex -0.0901125669 -0.0455437563 0.0166709088
  vertex -0.0900995657 -0.0455342121 0.0167112369
  endloop
 endfacet

 facet normal -0.699576497 -0.595639884 0.394722551
  outer loop
  vertex -0.0900735557 -0.0455647521 0.0167112369
  vertex -0.0900995657 -0.0455342121 0.0167112369
  vertex -0.0900865644 -0.0455762073 0.0166709088
  endloop
 endfacet

 facet normal -0.650185227 -0.649562955 0.394115865
  outer loop
  vertex -0.0900735557 -0.0455647521 0.0167112369
  vertex -0.0900865644 -0.0455762073 0.0166709088
  vertex -0.0900579542 -0.0456048399 0.0166709088
  endloop
 endfacet

 facet normal -0.619707286 -0.66328311 0.419545621
  outer loop
  vertex -0.0900735557 -0.0455647521 0.0167112369
  vertex -0.0900579542 -0.0456048399 0.0166709088
  vertex -0.0900163502 -0.0456181988 0.0167112369
  endloop
 endfacet

 facet normal -0.724663615 -0.580675066 0.371051431
  outer loop
  vertex -0.0900995657 -0.0455342121 0.0167112369
  vertex -0.0901125669 -0.0455437563 0.0166709088
  vertex -0.0900865644 -0.0455762073 0.0166709088
  endloop
 endfacet

 facet normal -0.579745233 -0.733344674 0.355107158
  outer loop
  vertex -0.0900163502 -0.0456181988 0.0167112369
  vertex -0.0900579542 -0.0456048399 0.0166709088
  vertex -0.0900241509 -0.0456315614 0.0166709088
  endloop
 endfacet

 facet normal -0.523898005 -0.773132324 0.35748744
  outer loop
  vertex -0.0900163502 -0.0456181988 0.0167112369
  vertex -0.0900241509 -0.0456315614 0.0166709088
  vertex -0.0899903476 -0.0456544682 0.0166709088
  endloop
 endfacet

 facet normal -0.523898005 -0.773132324 0.35748744
  outer loop
  vertex -0.0900163502 -0.0456181988 0.0167112369
  vertex -0.0899903476 -0.0456544682 0.0166709088
  vertex -0.0899825469 -0.0456411056 0.0167112369
  endloop
 endfacet

 facet normal 0.0894681513 -0.91422677 0.395202398
  outer loop
  vertex -0.0897199214 -0.0457098223 0.0167112369
  vertex -0.0897173211 -0.0457269996 0.0166709088
  vertex -0.0896783173 -0.0457231849 0.0166709088
  endloop
 endfacet

 facet normal 0.0894681513 -0.91422677 0.395202398
  outer loop
  vertex -0.0897199214 -0.0457098223 0.0167112369
  vertex -0.0896783173 -0.0457231849 0.0166709088
  vertex -0.0896809176 -0.0457060039 0.0167112369
  endloop
 endfacet

 facet normal 0 -0.920010209 0.391894668
  outer loop
  vertex -0.0897199214 -0.0457098223 0.0167112369
  vertex -0.0897589251 -0.0457098223 0.0167112369
  vertex -0.0897589251 -0.0457269996 0.0166709088
  endloop
 endfacet

 facet normal 0 -0.920010209 0.391894668
  outer loop
  vertex -0.0897199214 -0.0457098223 0.0167112369
  vertex -0.0897589251 -0.0457269996 0.0166709088
  vertex -0.0897173211 -0.0457269996 0.0166709088
  endloop
 endfacet

 facet normal 0.165765852 -0.903381467 0.395504355
  outer loop
  vertex -0.0896809176 -0.0457060039 0.0167112369
  vertex -0.0896783173 -0.0457231849 0.0166709088
  vertex -0.0896367133 -0.0457155518 0.0166709088
  endloop
 endfacet

 facet normal 0.175631151 -0.897340178 0.404888213
  outer loop
  vertex -0.0896809176 -0.0457060039 0.0167112369
  vertex -0.0896367133 -0.0457155518 0.0166709088
  vertex -0.0896419138 -0.0456983708 0.0167112369
  endloop
 endfacet

 facet normal 0.201566964 -0.891485631 0.405739188
  outer loop
  vertex -0.0896419138 -0.0456983708 0.0167112369
  vertex -0.0896367133 -0.0457155518 0.0166709088
  vertex -0.067986764 -0.0407984406 0.0167192649
  endloop
 endfacet

 facet normal 0.203408509 -0.899408698 0.3868967
  outer loop
  vertex -0.067986764 -0.0407984406 0.0167192649
  vertex -0.0896367133 -0.0457155518 0.0166709088
  vertex -0.067986764 -0.0408156179 0.0166793279
  endloop
 endfacet

 facet normal -0.452512234 -0.80144465 0.391048878
  outer loop
  vertex -0.0899487436 -0.045660194 0.0167112369
  vertex -0.0899825469 -0.0456411056 0.0167112369
  vertex -0.0899565443 -0.045675464 0.0166709088
  endloop
 endfacet

 facet normal -0.371016026 -0.842395782 0.390789568
  outer loop
  vertex -0.0899487436 -0.045660194 0.0167112369
  vertex -0.0899565443 -0.045675464 0.0166709088
  vertex -0.0899175406 -0.045692645 0.0166709088
  endloop
 endfacet

 facet normal -0.353750557 -0.843206644 0.404800266
  outer loop
  vertex -0.0899487436 -0.045660194 0.0167112369
  vertex -0.0899175406 -0.045692645 0.0166709088
  vertex -0.08991234 -0.045675464 0.0167112369
  endloop
 endfacet

 facet normal -0.314872265 -0.857895374 0.406043261
  outer loop
  vertex -0.08991234 -0.045675464 0.0167112369
  vertex -0.0899175406 -0.045692645 0.0166709088
  vertex -0.089881137 -0.0457060039 0.0166709088
  endloop
 endfacet

 facet normal -0.314889193 -0.857895374 0.406030148
  outer loop
  vertex -0.08991234 -0.045675464 0.0167112369
  vertex -0.089881137 -0.0457060039 0.0166709088
  vertex -0.0898759365 -0.0456888266 0.0167112369
  endloop
 endfacet

 facet normal -0.25736177 -0.876613796 0.406587303
  outer loop
  vertex -0.0898759365 -0.0456888266 0.0167112369
  vertex -0.089881137 -0.0457060039 0.0166709088
  vertex -0.0898369327 -0.0457002781 0.0167112369
  endloop
 endfacet

 facet normal -0.208779141 -0.910047472 0.358085155
  outer loop
  vertex -0.0898369327 -0.0457002781 0.0167112369
  vertex -0.089881137 -0.0457060039 0.0166709088
  vertex -0.089839533 -0.0457155518 0.0166709088
  endloop
 endfacet

 facet normal -0.179312378 -0.916148305 0.35849607
  outer loop
  vertex -0.0898369327 -0.0457002781 0.0167112369
  vertex -0.089839533 -0.0457155518 0.0166709088
  vertex -0.0898005292 -0.0457231849 0.0166709088
  endloop
 endfacet

 facet normal -0.133429736 -0.908653677 0.395657778
  outer loop
  vertex -0.0898369327 -0.0457002781 0.0167112369
  vertex -0.0898005292 -0.0457231849 0.0166709088
  vertex -0.0897979289 -0.0457060039 0.0167112369
  endloop
 endfacet

 facet normal -0.492670715 -0.793132305 0.358073711
  outer loop
  vertex -0.0899825469 -0.0456411056 0.0167112369
  vertex -0.0899903476 -0.0456544682 0.0166709088
  vertex -0.0899565443 -0.045675464 0.0166709088
  endloop
 endfacet

 facet normal -0.0894683003 -0.91422838 0.395198762
  outer loop
  vertex -0.0897979289 -0.0457060039 0.0167112369
  vertex -0.0898005292 -0.0457231849 0.0166709088
  vertex -0.0897589251 -0.0457098223 0.0167112369
  endloop
 endfacet

 facet normal -0.0841094628 -0.916750073 0.39050594
  outer loop
  vertex -0.0897589251 -0.0457098223 0.0167112369
  vertex -0.0898005292 -0.0457231849 0.0166709088
  vertex -0.0897589251 -0.0457269996 0.0166709088
  endloop
 endfacet

 facet normal 0.196644038 -0.869665623 -0.452783316
  outer loop
  vertex -0.067986764 -0.0407831706 0.0152521534
  vertex -0.067986764 -0.0408041663 0.0152924825
  vertex -0.089644514 -0.0456792824 0.0152501967
  endloop
 endfacet

 facet normal 0.1533411 -0.881478429 -0.446634382
  outer loop
  vertex -0.089644514 -0.0456792824 0.0152501967
  vertex -0.0896419138 -0.0456983708 0.0152887627
  vertex -0.0896835178 -0.0457060039 0.015289546
  endloop
 endfacet

 facet normal 0.143762201 -0.879071653 -0.454494774
  outer loop
  vertex -0.089644514 -0.0456792824 0.0152501967
  vertex -0.0896835178 -0.0457060039 0.015289546
  vertex -0.0896887183 -0.0456869155 0.015250979
  endloop
 endfacet

 facet normal 0.197432101 -0.873229444 -0.445523351
  outer loop
  vertex -0.089644514 -0.0456792824 0.0152501967
  vertex -0.067986764 -0.0408041663 0.0152924825
  vertex -0.0896419138 -0.0456983708 0.0152887627
  endloop
 endfacet

 facet normal 0.0903355703 -0.887664557 -0.451543033
  outer loop
  vertex -0.0896887183 -0.0456869155 0.015250979
  vertex -0.0896835178 -0.0457060039 0.015289546
  vertex -0.0897303224 -0.045692645 0.0152539155
  endloop
 endfacet

 facet normal -0.0418422148 -0.89476788 -0.444566965
  outer loop
  vertex -0.0897303224 -0.045692645 0.0152539155
  vertex -0.0897277221 -0.0457117334 0.0152920904
  vertex -0.0897693262 -0.0457117334 0.0152960066
  endloop
 endfacet

 facet normal -0.0477161109 -0.892309546 -0.448895216
  outer loop
  vertex -0.0897303224 -0.045692645 0.0152539155
  vertex -0.0897693262 -0.0457117334 0.0152960066
  vertex -0.0897745267 -0.045692645 0.015258614
  endloop
 endfacet

 facet normal 0.0891888589 -0.888404489 -0.450314164
  outer loop
  vertex -0.0897303224 -0.045692645 0.0152539155
  vertex -0.0896835178 -0.0457060039 0.015289546
  vertex -0.0897277221 -0.0457117334 0.0152920904
  endloop
 endfacet

 facet normal -0.093396306 -0.891959786 -0.442362905
  outer loop
  vertex -0.0897745267 -0.045692645 0.015258614
  vertex -0.0897693262 -0.0457117334 0.0152960066
  vertex -0.0898135304 -0.0457098223 0.0153014874
  endloop
 endfacet

 facet normal -0.106297545 -0.88584125 -0.451648325
  outer loop
  vertex -0.0897745267 -0.045692645 0.015258614
  vertex -0.0898135304 -0.0457098223 0.0153014874
  vertex -0.089818731 -0.0456907339 0.0152652711
  endloop
 endfacet

 facet normal -0.167986915 -0.881811559 -0.440668762
  outer loop
  vertex -0.089818731 -0.0456907339 0.0152652711
  vertex -0.0898135304 -0.0457098223 0.0153014874
  vertex -0.089860335 -0.0456869155 0.0152734928
  endloop
 endfacet

 facet normal -0.192082316 -0.892158449 -0.408849299
  outer loop
  vertex -0.089860335 -0.0456869155 0.0152734928
  vertex -0.0898135304 -0.0457098223 0.0153014874
  vertex -0.0898551345 -0.0457040966 0.0153085357
  endloop
 endfacet

 facet normal -0.281662762 -0.877420545 -0.38832891
  outer loop
  vertex -0.089860335 -0.0456869155 0.0152734928
  vertex -0.0898551345 -0.0457040966 0.0153085357
  vertex -0.0898967385 -0.0456945524 0.0153171504
  endloop
 endfacet

 facet normal -0.296680123 -0.867570043 -0.39912799
  outer loop
  vertex -0.089860335 -0.0456869155 0.0152734928
  vertex -0.0898967385 -0.0456945524 0.0153171504
  vertex -0.089901939 -0.0456773713 0.0152836731
  endloop
 endfacet

 facet normal -0.328578383 -0.860053539 -0.390313029
  outer loop
  vertex -0.089901939 -0.0456773713 0.0152836731
  vertex -0.0898967385 -0.0456945524 0.0153171504
  vertex -0.0899383426 -0.0456831008 0.0153269386
  endloop
 endfacet

 facet normal -0.345137209 -0.847805619 -0.402623892
  outer loop
  vertex -0.089901939 -0.0456773713 0.0152836731
  vertex -0.0899383426 -0.0456831008 0.0153269386
  vertex -0.0899435431 -0.0456659198 0.0152952233
  endloop
 endfacet

 facet normal -0.471155405 -0.800790489 -0.369793534
  outer loop
  vertex -0.0899435431 -0.0456659198 0.0152952233
  vertex -0.0899773464 -0.0456659198 0.0153382923
  vertex -0.0899799466 -0.0456506498 0.0153085357
  endloop
 endfacet

 facet normal -0.474171966 -0.787985444 -0.392734021
  outer loop
  vertex -0.0899435431 -0.0456659198 0.0152952233
  vertex -0.0899799466 -0.0456506498 0.0153085357
  vertex -0.0899851471 -0.0456334688 0.0152803455
  endloop
 endfacet

 facet normal -0.440868199 -0.773776472 -0.454868376
  outer loop
  vertex -0.0899435431 -0.0456659198 0.0152952233
  vertex -0.0899851471 -0.0456334688 0.0152803455
  vertex -0.0899461433 -0.0456468314 0.0152652711
  endloop
 endfacet

 facet normal -0.462020487 -0.80934608 -0.36262387
  outer loop
  vertex -0.0899435431 -0.0456659198 0.0152952233
  vertex -0.0899383426 -0.0456831008 0.0153269386
  vertex -0.0899773464 -0.0456659198 0.0153382923
  endloop
 endfacet

 facet normal -0.491095036 -0.781179845 -0.385465831
  outer loop
  vertex -0.0899851471 -0.0456334688 0.0152803455
  vertex -0.0899799466 -0.0456506498 0.0153085357
  vertex -0.0900189579 -0.0456334688 0.0153234135
  endloop
 endfacet

 facet normal -0.506894946 -0.764695406 -0.397867382
  outer loop
  vertex -0.0899851471 -0.0456334688 0.0152803455
  vertex -0.0900189579 -0.0456334688 0.0153234135
  vertex -0.0900215507 -0.0456181988 0.0152973766
  endloop
 endfacet

 facet normal -0.599495828 -0.715084195 -0.359526455
  outer loop
  vertex -0.0900215507 -0.0456181988 0.0152973766
  vertex -0.0900189579 -0.0456334688 0.0153234135
  vertex -0.0900553539 -0.0455991141 0.0153157786
  endloop
 endfacet

 facet normal -0.604884744 -0.692897499 -0.392438054
  outer loop
  vertex -0.0900215507 -0.0456181988 0.0152973766
  vertex -0.0900553539 -0.0455991141 0.0153157786
  vertex -0.0900605544 -0.0455819331 0.0152934613
  endloop
 endfacet

 facet normal -0.598819673 -0.688226163 -0.409585118
  outer loop
  vertex -0.0900215507 -0.0456181988 0.0152973766
  vertex -0.0900605544 -0.0455819331 0.0152934613
  vertex -0.0900267512 -0.0455991141 0.0152729061
  endloop
 endfacet

 facet normal -0.688667417 -0.614834607 -0.384337842
  outer loop
  vertex -0.0900605544 -0.0455819331 0.0152934613
  vertex -0.0900891572 -0.0455762073 0.0153355524
  vertex -0.0900917575 -0.0455609336 0.0153157786
  endloop
 endfacet

 facet normal -0.691321552 -0.601046443 -0.401020855
  outer loop
  vertex -0.0900605544 -0.0455819331 0.0152934613
  vertex -0.0900917575 -0.0455609336 0.0153157786
  vertex -0.0900943577 -0.0455456637 0.0152973766
  endloop
 endfacet

 facet normal -0.658062339 -0.66295445 -0.356995046
  outer loop
  vertex -0.0900605544 -0.0455819331 0.0152934613
  vertex -0.0900553539 -0.0455991141 0.0153157786
  vertex -0.0900891572 -0.0455762073 0.0153355524
  endloop
 endfacet

 facet normal -0.729558468 -0.573440075 -0.372707486
  outer loop
  vertex -0.0900943577 -0.0455456637 0.0152973766
  vertex -0.0900917575 -0.0455609336 0.0153157786
  vertex -0.0901203677 -0.0455399379 0.0153394667
  endloop
 endfacet

 facet normal -0.732775629 -0.567481697 -0.375505537
  outer loop
  vertex -0.0900943577 -0.0455456637 0.0152973766
  vertex -0.0901203677 -0.0455399379 0.0153394667
  vertex -0.090128161 -0.045509398 0.0153085357
  endloop
 endfacet

 facet normal -0.72849828 -0.555823326 -0.400438279
  outer loop
  vertex -0.0900943577 -0.0455456637 0.0152973766
  vertex -0.090128161 -0.045509398 0.0153085357
  vertex -0.0900995657 -0.0455265753 0.0152803455
  endloop
 endfacet

 facet normal -0.734502494 -0.532364368 -0.42082569
  outer loop
  vertex -0.0900995657 -0.0455265753 0.0152803455
  vertex -0.090128161 -0.045509398 0.0153085357
  vertex -0.0901047587 -0.0455074869 0.0152652711
  endloop
 endfacet

 facet normal -0.759841442 -0.485407561 -0.432458848
  outer loop
  vertex -0.0901047587 -0.0455074869 0.0152652711
  vertex -0.090128161 -0.045509398 0.0153085357
  vertex -0.0901359618 -0.0454750359 0.0152836731
  endloop
 endfacet

 facet normal -0.80021143 -0.460042328 -0.384737223
  outer loop
  vertex -0.0901359618 -0.0454750359 0.0152836731
  vertex -0.090128161 -0.045509398 0.0153085357
  vertex -0.0901567638 -0.0454750359 0.0153269386
  endloop
 endfacet

 facet normal -0.82753861 -0.396074027 -0.397875965
  outer loop
  vertex -0.0901359618 -0.0454750359 0.0152836731
  vertex -0.0901567638 -0.0454750359 0.0153269386
  vertex -0.0901593715 -0.0454597697 0.0153171504
  endloop
 endfacet

 facet normal -0.828275084 -0.392231941 -0.400143117
  outer loop
  vertex -0.0901359618 -0.0454750359 0.0152836731
  vertex -0.0901593715 -0.0454597697 0.0153171504
  vertex -0.0901671723 -0.0454273187 0.0153014874
  endloop
 endfacet

 facet normal -0.816536367 -0.367834181 -0.44493413
  outer loop
  vertex -0.0901359618 -0.0454750359 0.0152836731
  vertex -0.0901671723 -0.0454273187 0.0153014874
  vertex -0.090148963 -0.0454158634 0.015258614
  endloop
 endfacet

 facet normal -0.841841459 -0.311636239 -0.440665096
  outer loop
  vertex -0.090148963 -0.0454158634 0.015258614
  vertex -0.0901671723 -0.0454273187 0.0153014874
  vertex -0.090174973 -0.0453929603 0.0152920904
  endloop
 endfacet

 facet normal -0.841865301 -0.307737559 -0.443351328
  outer loop
  vertex -0.090148963 -0.0454158634 0.015258614
  vertex -0.090174973 -0.0453929603 0.0152920904
  vertex -0.090154171 -0.0453948677 0.0152539155
  endloop
 endfacet

 facet normal -0.850294232 -0.27351433 -0.449655145
  outer loop
  vertex -0.090154171 -0.0453948677 0.0152539155
  vertex -0.090174973 -0.0453929603 0.0152920904
  vertex -0.0901593715 -0.0453738719 0.015250979
  endloop
 endfacet

 facet normal -0.870781541 -0.227301806 -0.435974211
  outer loop
  vertex -0.0901593715 -0.0453738719 0.015250979
  vertex -0.090174973 -0.0453929603 0.0152920904
  vertex -0.0901827663 -0.0453566946 0.0152887627
  endloop
 endfacet

 facet normal -0.871066213 -0.196994632 -0.449929893
  outer loop
  vertex -0.0901593715 -0.0453738719 0.015250979
  vertex -0.0901827663 -0.0453566946 0.0152887627
  vertex -0.0944862366 -0.026257081 0.0152578317
  endloop
 endfacet

 facet normal -0.831335723 -0.187975869 -0.523016334
  outer loop
  vertex -0.0901593715 -0.0453738719 0.015250979
  vertex -0.0944862366 -0.026257081 0.0152578317
  vertex -0.0944628343 -0.026257081 0.0152206346
  endloop
 endfacet

 facet normal -0.932793796 -0.210978985 0.292204708
  outer loop
  vertex -0.0945200399 -0.026257081 0.0166709088
  vertex -0.0945330411 -0.026257081 0.0166294053
  vertex -0.0902113691 -0.0453643277 0.0166294053
  endloop
 endfacet

 facet normal -0.927367866 -0.209793657 0.309799284
  outer loop
  vertex -0.0945200399 -0.026257081 0.0166709088
  vertex -0.0902113691 -0.0453643277 0.0166294053
  vertex -0.0901983678 -0.0453605093 0.0166709088
  endloop
 endfacet

 facet normal -0.920199335 -0.238744959 0.310216337
  outer loop
  vertex -0.0901983678 -0.0453605093 0.0166709088
  vertex -0.0902113691 -0.0453643277 0.0166294053
  vertex -0.0902009755 -0.0454044119 0.0166294053
  endloop
 endfacet

 facet normal -0.920199335 -0.238744959 0.310216337
  outer loop
  vertex -0.0901983678 -0.0453605093 0.0166709088
  vertex -0.0902009755 -0.0454044119 0.0166294053
  vertex -0.0901879743 -0.0454005934 0.0166709088
  endloop
 endfacet

 facet normal -0.899945498 -0.306488127 0.310101867
  outer loop
  vertex -0.0901879743 -0.0454005934 0.0166709088
  vertex -0.0902009755 -0.0454044119 0.0166294053
  vertex -0.090174973 -0.0454387702 0.0166709088
  endloop
 endfacet

 facet normal -0.854493737 -0.428884149 0.293085188
  outer loop
  vertex -0.0901567638 -0.0454750359 0.0166709088
  vertex -0.090174973 -0.0454387702 0.0166709088
  vertex -0.0901671723 -0.0454826765 0.0166294053
  endloop
 endfacet

 facet normal -0.828776479 -0.475382268 0.295196861
  outer loop
  vertex -0.0901567638 -0.0454750359 0.0166709088
  vertex -0.0901671723 -0.0454826765 0.0166294053
  vertex -0.0901463702 -0.0455189422 0.0166294053
  endloop
 endfacet

 facet normal -0.828793228 -0.475366235 0.295175731
  outer loop
  vertex -0.0901567638 -0.0454750359 0.0166709088
  vertex -0.0901463702 -0.0455189422 0.0166294053
  vertex -0.0901359618 -0.0455113053 0.0166709088
  endloop
 endfacet

 facet normal -0.896546781 -0.348978132 0.272796959
  outer loop
  vertex -0.090174973 -0.0454387702 0.0166709088
  vertex -0.0902009755 -0.0454044119 0.0166294053
  vertex -0.0901853666 -0.045444496 0.0166294053
  endloop
 endfacet

 facet normal -0.867979288 -0.413785458 0.274578899
  outer loop
  vertex -0.090174973 -0.0454387702 0.0166709088
  vertex -0.0901853666 -0.045444496 0.0166294053
  vertex -0.0901671723 -0.0454826765 0.0166294053
  endloop
 endfacet

 facet normal -0.768449187 -0.554156661 0.319994271
  outer loop
  vertex -0.0901359618 -0.0455113053 0.0166709088
  vertex -0.0901229605 -0.0455533005 0.0166294053
  vertex -0.0901125669 -0.0455437563 0.0166709088
  endloop
 endfacet

 facet normal -0.789268017 -0.537599742 0.29671964
  outer loop
  vertex -0.0901359618 -0.0455113053 0.0166709088
  vertex -0.0901463702 -0.0455189422 0.0166294053
  vertex -0.0901229605 -0.0455533005 0.0166294053
  endloop
 endfacet

 facet normal -0.6784513 -0.677801967 0.283352017
  outer loop
  vertex -0.0900865644 -0.0455762073 0.0166709088
  vertex -0.090065755 -0.0456143804 0.0166294053
  vertex -0.0900579542 -0.0456048399 0.0166709088
  endloop
 endfacet

 facet normal -0.738982677 -0.592149019 0.321347624
  outer loop
  vertex -0.0900865644 -0.0455762073 0.0166709088
  vertex -0.0901125669 -0.0455437563 0.0166709088
  vertex -0.0901229605 -0.0455533005 0.0166294053
  endloop
 endfacet

 facet normal -0.70588702 -0.661118686 0.254255027
  outer loop
  vertex -0.0900865644 -0.0455762073 0.0166709088
  vertex -0.0901229605 -0.0455533005 0.0166294053
  vertex -0.090065755 -0.0456143804 0.0166294053
  endloop
 endfacet

 facet normal -0.594558537 -0.751983941 0.2846407
  outer loop
  vertex -0.0900579542 -0.0456048399 0.0166709088
  vertex -0.090065755 -0.0456143804 0.0166294053
  vertex -0.0900319591 -0.0456411056 0.0166294053
  endloop
 endfacet

 facet normal -0.594499886 -0.752008379 0.284698844
  outer loop
  vertex -0.0900579542 -0.0456048399 0.0166709088
  vertex -0.0900319591 -0.0456411056 0.0166294053
  vertex -0.0900241509 -0.0456315614 0.0166709088
  endloop
 endfacet

 facet normal -0.56730628 -0.772846878 0.284378827
  outer loop
  vertex -0.0900241509 -0.0456315614 0.0166709088
  vertex -0.0900319591 -0.0456411056 0.0166294053
  vertex -0.0899981484 -0.0456659198 0.0166294053
  endloop
 endfacet

 facet normal -0.532094538 -0.785228193 0.316689491
  outer loop
  vertex -0.0900241509 -0.0456315614 0.0166709088
  vertex -0.0899981484 -0.0456659198 0.0166294053
  vertex -0.0899903476 -0.0456544682 0.0166709088
  endloop
 endfacet

 facet normal 0 -0.951887965 0.306446582
  outer loop
  vertex -0.0897173211 -0.0457269996 0.0166709088
  vertex -0.0897589251 -0.0457269996 0.0166709088
  vertex -0.0897589251 -0.0457403623 0.0166294053
  endloop
 endfacet

 facet normal 0.0441299155 -0.963019788 0.265792191
  outer loop
  vertex -0.0897173211 -0.0457269996 0.0166709088
  vertex -0.0897589251 -0.0457403623 0.0166294053
  vertex -0.0897173211 -0.0457384549 0.0166294053
  endloop
 endfacet

 facet normal 0.0881417245 -0.960207105 0.2650159
  outer loop
  vertex -0.0897173211 -0.0457269996 0.0166709088
  vertex -0.0897173211 -0.0457384549 0.0166294053
  vertex -0.0896757171 -0.0457346365 0.0166294053
  endloop
 endfacet

 facet normal 0.0937715992 -0.958201528 0.270290315
  outer loop
  vertex -0.0897173211 -0.0457269996 0.0166709088
  vertex -0.0896757171 -0.0457346365 0.0166294053
  vertex -0.0896783173 -0.0457231849 0.0166709088
  endloop
 endfacet

 facet normal 0.131215319 -0.953498065 0.271337599
  outer loop
  vertex -0.0896783173 -0.0457231849 0.0166709088
  vertex -0.0896757171 -0.0457346365 0.0166294053
  vertex -0.089634113 -0.0457289107 0.0166294053
  endloop
 endfacet

 facet normal 0.171494246 -0.934599698 0.31163013
  outer loop
  vertex -0.0896783173 -0.0457231849 0.0166709088
  vertex -0.089634113 -0.0457289107 0.0166294053
  vertex -0.0896367133 -0.0457155518 0.0166709088
  endloop
 endfacet

 facet normal 0.209616125 -0.926831722 0.311518818
  outer loop
  vertex -0.0896367133 -0.0457155518 0.0166709088
  vertex -0.089634113 -0.0457289107 0.0166294053
  vertex -0.067986764 -0.0408194363 0.0166699309
  endloop
 endfacet

 facet normal 0.205085605 -0.906787038 0.36834386
  outer loop
  vertex -0.0896367133 -0.0457155518 0.0166709088
  vertex -0.067986764 -0.0408194363 0.0166699309
  vertex -0.067986764 -0.0408156179 0.0166793279
  endloop
 endfacet

 facet normal -0.385750264 -0.875849962 0.289971948
  outer loop
  vertex -0.0899565443 -0.045675464 0.0166709088
  vertex -0.0899617448 -0.0456869155 0.0166294053
  vertex -0.0899227411 -0.0457040966 0.0166294053
  endloop
 endfacet

 facet normal -0.385750264 -0.875849962 0.289971948
  outer loop
  vertex -0.0899565443 -0.045675464 0.0166709088
  vertex -0.0899227411 -0.0457040966 0.0166294053
  vertex -0.0899175406 -0.045692645 0.0166709088
  endloop
 endfacet

 facet normal -0.500543296 -0.8058061 0.316438079
  outer loop
  vertex -0.0899565443 -0.045675464 0.0166709088
  vertex -0.0899903476 -0.0456544682 0.0166709088
  vertex -0.0899981484 -0.0456659198 0.0166294053
  endloop
 endfacet

 facet normal -0.478316903 -0.829362094 0.288741112
  outer loop
  vertex -0.0899565443 -0.045675464 0.0166709088
  vertex -0.0899981484 -0.0456659198 0.0166294053
  vertex -0.0899617448 -0.0456869155 0.0166294053
  endloop
 endfacet

 facet normal -0.329825431 -0.89863652 0.289253384
  outer loop
  vertex -0.0899175406 -0.045692645 0.0166709088
  vertex -0.0899227411 -0.0457040966 0.0166294053
  vertex -0.089881137 -0.0457060039 0.0166709088
  endloop
 endfacet

 facet normal -0.255407542 -0.927778423 0.272018731
  outer loop
  vertex -0.089881137 -0.0457060039 0.0166709088
  vertex -0.0898837373 -0.0457174592 0.0166294053
  vertex -0.0898421332 -0.0457289107 0.0166294053
  endloop
 endfacet

 facet normal -0.212482721 -0.926191032 0.311482221
  outer loop
  vertex -0.089881137 -0.0457060039 0.0166709088
  vertex -0.0898421332 -0.0457289107 0.0166294053
  vertex -0.089839533 -0.0457155518 0.0166709088
  endloop
 endfacet

 facet normal -0.312007427 -0.910657763 0.270839214
  outer loop
  vertex -0.089881137 -0.0457060039 0.0166709088
  vertex -0.0899227411 -0.0457040966 0.0166294053
  vertex -0.0898837373 -0.0457174592 0.0166294053
  endloop
 endfacet

 facet normal -0.182514235 -0.932507396 0.311638653
  outer loop
  vertex -0.089839533 -0.0457155518 0.0166709088
  vertex -0.0898421332 -0.0457289107 0.0166294053
  vertex -0.0898005292 -0.0457231849 0.0166709088
  endloop
 endfacet

 facet normal -0.0870021135 -0.948278368 0.30528453
  outer loop
  vertex -0.0898005292 -0.0457231849 0.0166709088
  vertex -0.0898005292 -0.0457365476 0.0166294053
  vertex -0.0897589251 -0.0457403623 0.0166294053
  endloop
 endfacet

 facet normal -0.0870021135 -0.948278368 0.30528453
  outer loop
  vertex -0.0898005292 -0.0457231849 0.0166709088
  vertex -0.0897589251 -0.0457403623 0.0166294053
  vertex -0.0897589251 -0.0457269996 0.0166709088
  endloop
 endfacet

 facet normal -0.172061622 -0.937691629 0.301876307
  outer loop
  vertex -0.0898005292 -0.0457231849 0.0166709088
  vertex -0.0898421332 -0.0457289107 0.0166294053
  vertex -0.0898005292 -0.0457365476 0.0166294053
  endloop
 endfacet

 facet normal 0.203830898 -0.901358366 -0.382107556
  outer loop
  vertex -0.067986764 -0.0408041663 0.0152924825
  vertex -0.067986764 -0.0408213474 0.0153330071
  vertex -0.0896367133 -0.0457155518 0.0153290918
  endloop
 endfacet

 facet normal 0.201552078 -0.891489148 -0.405738771
  outer loop
  vertex -0.067986764 -0.0408041663 0.0152924825
  vertex -0.0896367133 -0.0457155518 0.0153290918
  vertex -0.0896419138 -0.0456983708 0.0152887627
  endloop
 endfacet

 facet normal 0.157722637 -0.900997818 -0.404136717
  outer loop
  vertex -0.0896419138 -0.0456983708 0.0152887627
  vertex -0.0896367133 -0.0457155518 0.0153290918
  vertex -0.0896835178 -0.0457060039 0.015289546
  endloop
 endfacet

 facet normal 0.0954324007 -0.912873149 -0.396932483
  outer loop
  vertex -0.0896835178 -0.0457060039 0.015289546
  vertex -0.0896809176 -0.0457231849 0.0153296785
  vertex -0.0897277221 -0.0457117334 0.0152920904
  endloop
 endfacet

 facet normal 0.151046678 -0.905195355 -0.397248328
  outer loop
  vertex -0.0896835178 -0.0457060039 0.015289546
  vertex -0.0896367133 -0.0457155518 0.0153290918
  vertex -0.0896809176 -0.0457231849 0.0153296785
  endloop
 endfacet

 facet normal 0.0130583066 -0.932226121 -0.361640722
  outer loop
  vertex -0.0897277221 -0.0457117334 0.0152920904
  vertex -0.0897225216 -0.0457269996 0.0153316362
  vertex -0.0897667259 -0.0457289107 0.0153349647
  endloop
 endfacet

 facet normal -0.0377480797 -0.915270448 -0.401067466
  outer loop
  vertex -0.0897277221 -0.0457117334 0.0152920904
  vertex -0.0897667259 -0.0457289107 0.0153349647
  vertex -0.0897693262 -0.0457117334 0.0152960066
  endloop
 endfacet

 facet normal 0.0678426251 -0.92770505 -0.367097586
  outer loop
  vertex -0.0897277221 -0.0457117334 0.0152920904
  vertex -0.0896809176 -0.0457231849 0.0153296785
  vertex -0.0897225216 -0.0457269996 0.0153316362
  endloop
 endfacet

 facet normal -0.0886945575 -0.913561285 -0.396911919
  outer loop
  vertex -0.0897693262 -0.0457117334 0.0152960066
  vertex -0.0897667259 -0.0457289107 0.0153349647
  vertex -0.0898135304 -0.0457098223 0.0153014874
  endloop
 endfacet

 facet normal -0.175036535 -0.917564392 -0.356984347
  outer loop
  vertex -0.0898135304 -0.0457098223 0.0153014874
  vertex -0.0898109302 -0.045725096 0.0153394667
  vertex -0.0898525342 -0.0457193665 0.015345145
  endloop
 endfacet

 facet normal -0.187579125 -0.911193609 -0.366797388
  outer loop
  vertex -0.0898135304 -0.0457098223 0.0153014874
  vertex -0.0898525342 -0.0457193665 0.015345145
  vertex -0.0898551345 -0.0457040966 0.0153085357
  endloop
 endfacet

 facet normal -0.11683131 -0.924187601 -0.363631487
  outer loop
  vertex -0.0898135304 -0.0457098223 0.0153014874
  vertex -0.0897667259 -0.0457289107 0.0153349647
  vertex -0.0898109302 -0.045725096 0.0153394667
  endloop
 endfacet

 facet normal -0.264217794 -0.896639347 -0.355284005
  outer loop
  vertex -0.0898551345 -0.0457040966 0.0153085357
  vertex -0.0898525342 -0.0457193665 0.015345145
  vertex -0.0898941383 -0.0457098223 0.0153519968
  endloop
 endfacet

 facet normal -0.279580295 -0.886887014 -0.367785811
  outer loop
  vertex -0.0898551345 -0.0457040966 0.0153085357
  vertex -0.0898941383 -0.0457098223 0.0153519968
  vertex -0.0898967385 -0.0456945524 0.0153171504
  endloop
 endfacet

 facet normal -0.325285405 -0.874788523 -0.359074622
  outer loop
  vertex -0.0898967385 -0.0456945524 0.0153171504
  vertex -0.0898941383 -0.0457098223 0.0153519968
  vertex -0.0899383426 -0.0456831008 0.0153269386
  endloop
 endfacet

 facet normal -0.345632762 -0.879215121 -0.327900618
  outer loop
  vertex -0.0899383426 -0.0456831008 0.0153269386
  vertex -0.0898941383 -0.0457098223 0.0153519968
  vertex -0.0899357423 -0.0456964597 0.0153600229
  endloop
 endfacet

 facet normal -0.442007482 -0.843274057 -0.30580765
  outer loop
  vertex -0.0899383426 -0.0456831008 0.0153269386
  vertex -0.0899357423 -0.0456964597 0.0153600229
  vertex -0.0899747461 -0.0456792824 0.0153690288
  endloop
 endfacet

 facet normal -0.458477855 -0.828558028 -0.321387082
  outer loop
  vertex -0.0899383426 -0.0456831008 0.0153269386
  vertex -0.0899747461 -0.0456792824 0.0153690288
  vertex -0.0899773464 -0.0456659198 0.0153382923
  endloop
 endfacet

 facet normal -0.515721917 -0.800824285 -0.30448553
  outer loop
  vertex -0.0899773464 -0.0456659198 0.0153382923
  vertex -0.0899747461 -0.0456792824 0.0153690288
  vertex -0.0900189579 -0.0456334688 0.0153234135
  endloop
 endfacet

 facet normal -0.488244712 -0.793026924 -0.364315152
  outer loop
  vertex -0.0899773464 -0.0456659198 0.0153382923
  vertex -0.0900189579 -0.0456334688 0.0153234135
  vertex -0.0899799466 -0.0456506498 0.0153085357
  endloop
 endfacet

 facet normal -0.556305289 -0.78305316 -0.278122723
  outer loop
  vertex -0.0900189579 -0.0456334688 0.0153234135
  vertex -0.0900137499 -0.0456468314 0.0153506268
  vertex -0.0900501534 -0.0456258357 0.0153643303
  endloop
 endfacet

 facet normal -0.605762362 -0.725537896 -0.326568186
  outer loop
  vertex -0.0900189579 -0.0456334688 0.0153234135
  vertex -0.0900501534 -0.0456258357 0.0153643303
  vertex -0.0900527537 -0.045612473 0.0153394667
  endloop
 endfacet

 facet normal -0.607266903 -0.718688428 -0.338694334
  outer loop
  vertex -0.0900189579 -0.0456334688 0.0153234135
  vertex -0.0900527537 -0.045612473 0.0153394667
  vertex -0.0900553539 -0.0455991141 0.0153157786
  endloop
 endfacet

 facet normal -0.526863158 -0.798466146 -0.291319788
  outer loop
  vertex -0.0900189579 -0.0456334688 0.0153234135
  vertex -0.0899747461 -0.0456792824 0.0153690288
  vertex -0.0900137499 -0.0456468314 0.0153506268
  endloop
 endfacet

 facet normal -0.63826406 -0.698388696 -0.323839843
  outer loop
  vertex -0.0900553539 -0.0455991141 0.0153157786
  vertex -0.0900527537 -0.045612473 0.0153394667
  vertex -0.0900865644 -0.0455895662 0.0153566953
  endloop
 endfacet

 facet normal -0.656246662 -0.67167902 -0.343784213
  outer loop
  vertex -0.0900553539 -0.0455991141 0.0153157786
  vertex -0.0900865644 -0.0455895662 0.0153566953
  vertex -0.0900891572 -0.0455762073 0.0153355524
  endloop
 endfacet

 facet normal -0.740427911 -0.60556221 -0.291652054
  outer loop
  vertex -0.0900891572 -0.0455762073 0.0153355524
  vertex -0.0900865644 -0.0455895662 0.0153566953
  vertex -0.0901203677 -0.0455399379 0.0153394667
  endloop
 endfacet

 facet normal -0.72666949 -0.586612105 -0.357544035
  outer loop
  vertex -0.0900891572 -0.0455762073 0.0153355524
  vertex -0.0901203677 -0.0455399379 0.0153394667
  vertex -0.0900917575 -0.0455609336 0.0153157786
  endloop
 endfacet

 facet normal -0.774116993 -0.574826479 -0.265174508
  outer loop
  vertex -0.0901203677 -0.0455399379 0.0153394667
  vertex -0.09011776 -0.0455513895 0.0153566953
  vertex -0.0901437625 -0.0455265753 0.0153788179
  endloop
 endfacet

 facet normal -0.790455282 -0.541549563 -0.286189914
  outer loop
  vertex -0.0901203677 -0.0455399379 0.0153394667
  vertex -0.0901437625 -0.0455265753 0.0153788179
  vertex -0.0901463702 -0.0455151238 0.0153643303
  endloop
 endfacet

 facet normal -0.795020342 -0.519770086 -0.312700719
  outer loop
  vertex -0.0901203677 -0.0455399379 0.0153394667
  vertex -0.0901463702 -0.0455151238 0.0153643303
  vertex -0.090128161 -0.045509398 0.0153085357
  endloop
 endfacet

 facet normal -0.740892291 -0.605507731 -0.290583938
  outer loop
  vertex -0.0901203677 -0.0455399379 0.0153394667
  vertex -0.0900865644 -0.0455895662 0.0153566953
  vertex -0.09011776 -0.0455513895 0.0153566953
  endloop
 endfacet

 facet normal -0.805584788 -0.502215028 -0.314345777
  outer loop
  vertex -0.090128161 -0.045509398 0.0153085357
  vertex -0.0901463702 -0.0455151238 0.0153643303
  vertex -0.0901567638 -0.0454750359 0.0153269386
  endloop
 endfacet

 facet normal -0.84486866 -0.383244097 -0.373257369
  outer loop
  vertex -0.0901567638 -0.0454750359 0.0153269386
  vertex -0.0901671723 -0.0454273187 0.0153014874
  vertex -0.0901593715 -0.0454597697 0.0153171504
  endloop
 endfacet

 facet normal -0.830695868 -0.479455054 -0.282961547
  outer loop
  vertex -0.0901567638 -0.0454750359 0.0153269386
  vertex -0.0901463702 -0.0455151238 0.0153643303
  vertex -0.0901723653 -0.0454788581 0.0153792091
  endloop
 endfacet

 facet normal -0.847917914 -0.446555823 -0.285697997
  outer loop
  vertex -0.0901567638 -0.0454750359 0.0153269386
  vertex -0.0901723653 -0.0454788581 0.0153792091
  vertex -0.090174973 -0.0454674028 0.0153690288
  endloop
 endfacet

 facet normal -0.856342554 -0.42507562 -0.293237299
  outer loop
  vertex -0.0901567638 -0.0454750359 0.0153269386
  vertex -0.090174973 -0.0454674028 0.0153690288
  vertex -0.0901775733 -0.0454559512 0.0153600229
  endloop
 endfacet

 facet normal -0.86011672 -0.40892157 -0.304929942
  outer loop
  vertex -0.0901567638 -0.0454750359 0.0153269386
  vertex -0.0901775733 -0.0454559512 0.0153600229
  vertex -0.0901801735 -0.045444496 0.0153519968
  endloop
 endfacet

 facet normal -0.859902382 -0.373195171 -0.348271847
  outer loop
  vertex -0.0901567638 -0.0454750359 0.0153269386
  vertex -0.0901801735 -0.045444496 0.0153519968
  vertex -0.0901671723 -0.0454273187 0.0153014874
  endloop
 endfacet

 facet normal -0.873682261 -0.345577449 -0.342425853
  outer loop
  vertex -0.0901671723 -0.0454273187 0.0153014874
  vertex -0.0901801735 -0.045444496 0.0153519968
  vertex -0.0901827663 -0.0454311371 0.015345145
  endloop
 endfacet

 facet normal -0.879999399 -0.328373492 -0.343179107
  outer loop
  vertex -0.0901671723 -0.0454273187 0.0153014874
  vertex -0.0901827663 -0.0454311371 0.015345145
  vertex -0.0901931748 -0.0453891419 0.0153316362
  endloop
 endfacet

 facet normal -0.876843154 -0.301487744 -0.374501348
  outer loop
  vertex -0.0901671723 -0.0454273187 0.0153014874
  vertex -0.0901931748 -0.0453891419 0.0153316362
  vertex -0.090174973 -0.0453929603 0.0152920904
  endloop
 endfacet

 facet normal -0.892193079 -0.230479509 -0.388420641
  outer loop
  vertex -0.090174973 -0.0453929603 0.0152920904
  vertex -0.0901931748 -0.0453891419 0.0153316362
  vertex -0.0901957676 -0.0453757793 0.0153296785
  endloop
 endfacet

 facet normal -0.892322004 -0.227694899 -0.389764637
  outer loop
  vertex -0.090174973 -0.0453929603 0.0152920904
  vertex -0.0901957676 -0.0453757793 0.0153296785
  vertex -0.0901827663 -0.0453566946 0.0152887627
  endloop
 endfacet

 facet normal -0.901548982 -0.203924194 -0.381607592
  outer loop
  vertex -0.0901827663 -0.0453566946 0.0152887627
  vertex -0.0901957676 -0.0453757793 0.0153296785
  vertex -0.0945200399 -0.026257081 0.0153290918
  endloop
 endfacet

 facet normal -0.89269489 -0.201868534 -0.402920544
  outer loop
  vertex -0.0901827663 -0.0453566946 0.0152887627
  vertex -0.0945200399 -0.026257081 0.0153290918
  vertex -0.0945018381 -0.026257081 0.0152887627
  endloop
 endfacet

 facet normal -0.875179768 -0.197907776 -0.441466779
  outer loop
  vertex -0.0901827663 -0.0453566946 0.0152887627
  vertex -0.0945018381 -0.026257081 0.0152887627
  vertex -0.0944862366 -0.026257081 0.0152578317
  endloop
 endfacet

 facet normal -0.948921621 -0.214605331 0.231284007
  outer loop
  vertex -0.0945330411 -0.026257081 0.0166294053
  vertex -0.0945434421 -0.026257081 0.0165867284
  vertex -0.0902217776 -0.0453662351 0.0165867284
  endloop
 endfacet

 facet normal -0.946774423 -0.214141116 0.240336999
  outer loop
  vertex -0.0945330411 -0.026257081 0.0166294053
  vertex -0.0902217776 -0.0453662351 0.0165867284
  vertex -0.0902113691 -0.0453643277 0.0166294053
  endloop
 endfacet

 facet normal -0.939677775 -0.243798599 0.239933565
  outer loop
  vertex -0.0902113691 -0.0453643277 0.0166294053
  vertex -0.0902217776 -0.0453662351 0.0165867284
  vertex -0.0902009755 -0.0454044119 0.0166294053
  endloop
 endfacet

 facet normal -0.905462503 -0.352448553 0.23646912
  outer loop
  vertex -0.0902009755 -0.0454044119 0.0166294053
  vertex -0.0901957676 -0.045446407 0.0165867284
  vertex -0.0901853666 -0.045444496 0.0166294053
  endloop
 endfacet

 facet normal -0.934898257 -0.30322504 0.184445158
  outer loop
  vertex -0.0902009755 -0.0454044119 0.0166294053
  vertex -0.0902217776 -0.0453662351 0.0165867284
  vertex -0.0901957676 -0.045446407 0.0165867284
  endloop
 endfacet

 facet normal -0.873946607 -0.416630238 0.250273198
  outer loop
  vertex -0.0901671723 -0.0454826765 0.0166294053
  vertex -0.0901853666 -0.045444496 0.0166294053
  vertex -0.0901775733 -0.0454864912 0.0165867284
  endloop
 endfacet

 facet normal -0.840348721 -0.48202008 0.247932702
  outer loop
  vertex -0.0901671723 -0.0454826765 0.0166294053
  vertex -0.0901775733 -0.0454864912 0.0165867284
  vertex -0.0901463702 -0.0455189422 0.0166294053
  endloop
 endfacet

 facet normal -0.885307014 -0.401972115 0.23377347
  outer loop
  vertex -0.0901853666 -0.045444496 0.0166294053
  vertex -0.0901957676 -0.045446407 0.0165867284
  vertex -0.0901775733 -0.0454864912 0.0165867284
  endloop
 endfacet

 facet normal -0.806051373 -0.549031436 0.221010476
  outer loop
  vertex -0.0901229605 -0.0455533005 0.0166294053
  vertex -0.0901463702 -0.0455189422 0.0166294053
  vertex -0.0901307613 -0.0455590263 0.0165867284
  endloop
 endfacet

 facet normal -0.731738031 -0.644999444 0.220307052
  outer loop
  vertex -0.0901229605 -0.0455533005 0.0166294053
  vertex -0.0901307613 -0.0455590263 0.0165867284
  vertex -0.0901021585 -0.0455914773 0.0165867284
  endloop
 endfacet

 facet normal -0.707116783 -0.662270427 0.247757405
  outer loop
  vertex -0.0901229605 -0.0455533005 0.0166294053
  vertex -0.0901021585 -0.0455914773 0.0165867284
  vertex -0.090065755 -0.0456143804 0.0166294053
  endloop
 endfacet

 facet normal -0.823595226 -0.531460702 0.198092267
  outer loop
  vertex -0.0901463702 -0.0455189422 0.0166294053
  vertex -0.0901775733 -0.0454864912 0.0165867284
  vertex -0.0901307613 -0.0455590263 0.0165867284
  endloop
 endfacet

 facet normal -0.684104383 -0.698968589 0.208432138
  outer loop
  vertex -0.090065755 -0.0456143804 0.0166294053
  vertex -0.0901021585 -0.0455914773 0.0165867284
  vertex -0.0900709555 -0.0456220172 0.0165867284
  endloop
 endfacet

 facet normal -0.6359424 -0.742515028 0.210354313
  outer loop
  vertex -0.090065755 -0.0456143804 0.0166294053
  vertex -0.0900709555 -0.0456220172 0.0165867284
  vertex -0.0900397524 -0.0456487425 0.0165867284
  endloop
 endfacet

 facet normal -0.601171017 -0.760347307 0.245897502
  outer loop
  vertex -0.090065755 -0.0456143804 0.0166294053
  vertex -0.0900397524 -0.0456487425 0.0165867284
  vertex -0.0900319591 -0.0456411056 0.0166294053
  endloop
 endfacet

 facet normal -0.573749423 -0.781624436 0.244693696
  outer loop
  vertex -0.0900319591 -0.0456411056 0.0166294053
  vertex -0.0900397524 -0.0456487425 0.0165867284
  vertex -0.0899981484 -0.0456659198 0.0166294053
  endloop
 endfacet

 facet normal -0.488404095 -0.846727967 0.210981697
  outer loop
  vertex -0.0899981484 -0.0456659198 0.0166294053
  vertex -0.0900033489 -0.0456735529 0.0165867284
  vertex -0.0899669454 -0.0456945524 0.0165867284
  endloop
 endfacet

 facet normal -0.488344043 -0.846748292 0.211039275
  outer loop
  vertex -0.0899981484 -0.0456659198 0.0166294053
  vertex -0.0899669454 -0.0456945524 0.0165867284
  vertex -0.0899617448 -0.0456869155 0.0166294053
  endloop
 endfacet

 facet normal -0.550475299 -0.807604134 0.211547703
  outer loop
  vertex -0.0899981484 -0.0456659198 0.0166294053
  vertex -0.0900397524 -0.0456487425 0.0165867284
  vertex -0.0900033489 -0.0456735529 0.0165867284
  endloop
 endfacet

 facet normal 0.0447209142 -0.974915981 0.218034193
  outer loop
  vertex -0.0897589251 -0.0457403623 0.0166294053
  vertex -0.0897589251 -0.0457499065 0.0165867284
  vertex -0.0897173211 -0.0457479991 0.0165867284
  endloop
 endfacet

 facet normal 0.04467557 -0.974927425 0.217992008
  outer loop
  vertex -0.0897589251 -0.0457403623 0.0166294053
  vertex -0.0897173211 -0.0457479991 0.0165867284
  vertex -0.0897173211 -0.0457384549 0.0166294053
  endloop
 endfacet

 facet normal -0.0890724584 -0.97084409 0.222548962
  outer loop
  vertex -0.0897589251 -0.0457403623 0.0166294053
  vertex -0.0898005292 -0.0457365476 0.0166294053
  vertex -0.0898031294 -0.0457460918 0.0165867284
  endloop
 endfacet

 facet normal -0.0839725807 -0.972445488 0.217481673
  outer loop
  vertex -0.0897589251 -0.0457403623 0.0166294053
  vertex -0.0898031294 -0.0457460918 0.0165867284
  vertex -0.0897589251 -0.0457499065 0.0165867284
  endloop
 endfacet

 facet normal 0.0891797468 -0.972013533 0.217340499
  outer loop
  vertex -0.0897173211 -0.0457384549 0.0166294053
  vertex -0.0897173211 -0.0457479991 0.0165867284
  vertex -0.0896757171 -0.0457441807 0.0165867284
  endloop
 endfacet

 facet normal 0.0892242417 -0.972000062 0.217382059
  outer loop
  vertex -0.0897173211 -0.0457384549 0.0166294053
  vertex -0.0896757171 -0.0457441807 0.0165867284
  vertex -0.0896757171 -0.0457346365 0.0166294053
  endloop
 endfacet

 facet normal 0.133102179 -0.96720922 0.216310591
  outer loop
  vertex -0.0896757171 -0.0457346365 0.0166294053
  vertex -0.0896757171 -0.0457441807 0.0165867284
  vertex -0.089634113 -0.0457289107 0.0166294053
  endloop
 endfacet

 facet normal 0.16733022 -0.968679547 0.183468148
  outer loop
  vertex -0.089634113 -0.0457289107 0.0166294053
  vertex -0.0896757171 -0.0457441807 0.0165867284
  vertex -0.0896315128 -0.0457365476 0.0165867284
  endloop
 endfacet

 facet normal 0.216756925 -0.958598614 0.1846755
  outer loop
  vertex -0.089634113 -0.0457289107 0.0166294053
  vertex -0.0896315128 -0.0457365476 0.0165867284
  vertex -0.067986764 -0.0408423431 0.0165863354
  endloop
 endfacet

 facet normal 0.216522798 -0.957510114 0.190505534
  outer loop
  vertex -0.089634113 -0.0457289107 0.0166294053
  vertex -0.067986764 -0.0408423431 0.0165863354
  vertex -0.067986764 -0.040840432 0.016595928
  endloop
 endfacet

 facet normal 0.215338871 -0.95208472 0.217172414
  outer loop
  vertex -0.089634113 -0.0457289107 0.0166294053
  vertex -0.067986764 -0.040840432 0.016595928
  vertex -0.067986764 -0.0408327989 0.0166294053
  endloop
 endfacet

 facet normal 0.210011542 -0.928530872 0.306146502
  outer loop
  vertex -0.089634113 -0.0457289107 0.0166294053
  vertex -0.067986764 -0.0408327989 0.0166294053
  vertex -0.067986764 -0.0408194363 0.0166699309
  endloop
 endfacet

 facet normal -0.429793835 -0.878276289 0.209542379
  outer loop
  vertex -0.0899617448 -0.0456869155 0.0166294053
  vertex -0.0899669454 -0.0456945524 0.0165867284
  vertex -0.0899279416 -0.0457136407 0.0165867284
  endloop
 endfacet

 facet normal -0.390680492 -0.887044132 0.246011063
  outer loop
  vertex -0.0899617448 -0.0456869155 0.0166294053
  vertex -0.0899279416 -0.0457136407 0.0165867284
  vertex -0.0899227411 -0.0457040966 0.0166294053
  endloop
 endfacet

 facet normal -0.314363718 -0.917535007 0.243526191
  outer loop
  vertex -0.0899227411 -0.0457040966 0.0166294053
  vertex -0.0899279416 -0.0457136407 0.0165867284
  vertex -0.0898837373 -0.0457174592 0.0166294053
  endloop
 endfacet

 facet normal -0.258592546 -0.939231813 0.225773394
  outer loop
  vertex -0.0898837373 -0.0457174592 0.0166294053
  vertex -0.0898863375 -0.0457269996 0.0165867284
  vertex -0.0898447335 -0.0457384549 0.0165867284
  endloop
 endfacet

 facet normal -0.258560956 -0.939233303 0.225803047
  outer loop
  vertex -0.0898837373 -0.0457174592 0.0166294053
  vertex -0.0898447335 -0.0457384549 0.0165867284
  vertex -0.0898421332 -0.0457289107 0.0166294053
  endloop
 endfacet

 facet normal -0.297887117 -0.927569628 0.225561008
  outer loop
  vertex -0.0898837373 -0.0457174592 0.0166294053
  vertex -0.0899279416 -0.0457136407 0.0165867284
  vertex -0.0898863375 -0.0457269996 0.0165867284
  endloop
 endfacet

 facet normal -0.175852135 -0.958348989 0.225040302
  outer loop
  vertex -0.0898421332 -0.0457289107 0.0166294053
  vertex -0.0898447335 -0.0457384549 0.0165867284
  vertex -0.0898031294 -0.0457460918 0.0165867284
  endloop
 endfacet

 facet normal -0.175852135 -0.958348989 0.225040302
  outer loop
  vertex -0.0898421332 -0.0457289107 0.0166294053
  vertex -0.0898031294 -0.0457460918 0.0165867284
  vertex -0.0898005292 -0.0457365476 0.0166294053
  endloop
 endfacet

 facet normal 0.212781489 -0.940608442 -0.264536947
  outer loop
  vertex -0.067986764 -0.0408213474 0.0153330071
  vertex -0.067986764 -0.0408327989 0.0153737273
  vertex -0.089634113 -0.0457289107 0.0153705953
  endloop
 endfacet

 facet normal 0.209578559 -0.926840186 -0.311519146
  outer loop
  vertex -0.067986764 -0.0408213474 0.0153330071
  vertex -0.089634113 -0.0457289107 0.0153705953
  vertex -0.0896367133 -0.0457155518 0.0153290918
  endloop
 endfacet

 facet normal 0.157686815 -0.937053263 -0.311554551
  outer loop
  vertex -0.0896367133 -0.0457155518 0.0153290918
  vertex -0.089634113 -0.0457289107 0.0153705953
  vertex -0.0896783173 -0.0457365476 0.0153711829
  endloop
 endfacet

 facet normal 0.157686815 -0.937053263 -0.311554551
  outer loop
  vertex -0.0896367133 -0.0457155518 0.0153290918
  vertex -0.0896783173 -0.0457365476 0.0153711829
  vertex -0.0896809176 -0.0457231849 0.0153296785
  endloop
 endfacet

 facet normal 0.0752919242 -0.947799802 -0.309849769
  outer loop
  vertex -0.0896809176 -0.0457231849 0.0153296785
  vertex -0.0896783173 -0.0457365476 0.0153711829
  vertex -0.0897199214 -0.0457403623 0.0153727485
  endloop
 endfacet

 facet normal 0.0722044781 -0.947200418 -0.312406689
  outer loop
  vertex -0.0896809176 -0.0457231849 0.0153296785
  vertex -0.0897199214 -0.0457403623 0.0153727485
  vertex -0.0897225216 -0.0457269996 0.0153316362
  endloop
 endfacet

 facet normal 0.0177352019 -0.950554013 -0.310052574
  outer loop
  vertex -0.0897225216 -0.0457269996 0.0153316362
  vertex -0.0897199214 -0.0457403623 0.0153727485
  vertex -0.0897667259 -0.0457289107 0.0153349647
  endloop
 endfacet

 facet normal -0.0145326834 -0.961767673 -0.273480862
  outer loop
  vertex -0.0897667259 -0.0457289107 0.0153349647
  vertex -0.0897199214 -0.0457403623 0.0153727485
  vertex -0.0897641256 -0.0457403623 0.0153750973
  endloop
 endfacet

 facet normal -0.10283117 -0.958261132 -0.266761005
  outer loop
  vertex -0.0897667259 -0.0457289107 0.0153349647
  vertex -0.0897641256 -0.0457403623 0.0153750973
  vertex -0.0898083299 -0.0457365476 0.0153784268
  endloop
 endfacet

 facet normal -0.110356331 -0.955524921 -0.27348429
  outer loop
  vertex -0.0897667259 -0.0457289107 0.0153349647
  vertex -0.0898083299 -0.0457365476 0.0153784268
  vertex -0.0898109302 -0.045725096 0.0153394667
  endloop
 endfacet

 facet normal -0.158555403 -0.95009321 -0.268669307
  outer loop
  vertex -0.0898109302 -0.045725096 0.0153394667
  vertex -0.0898083299 -0.0457365476 0.0153784268
  vertex -0.089849934 -0.0457308218 0.0153827332
  endloop
 endfacet

 facet normal -0.168013915 -0.946161687 -0.27667594
  outer loop
  vertex -0.0898109302 -0.045725096 0.0153394667
  vertex -0.089849934 -0.0457308218 0.0153827332
  vertex -0.0898525342 -0.0457193665 0.015345145
  endloop
 endfacet

 facet normal -0.256901354 -0.929285526 -0.265386492
  outer loop
  vertex -0.0898525342 -0.0457193665 0.015345145
  vertex -0.089849934 -0.0457308218 0.0153827332
  vertex -0.0898941383 -0.0457098223 0.0153519968
  endloop
 endfacet

 facet normal -0.335160643 -0.914238691 -0.227672681
  outer loop
  vertex -0.0898941383 -0.0457098223 0.0153519968
  vertex -0.089891538 -0.0457289107 0.0154248243
  vertex -0.0899331421 -0.0457060039 0.0153940879
  endloop
 endfacet

 facet normal -0.337525934 -0.912785888 -0.229996249
  outer loop
  vertex -0.0898941383 -0.0457098223 0.0153519968
  vertex -0.0899331421 -0.0457060039 0.0153940879
  vertex -0.0899357423 -0.0456964597 0.0153600229
  endloop
 endfacet

 facet normal -0.279550225 -0.931156695 -0.234092101
  outer loop
  vertex -0.0898941383 -0.0457098223 0.0153519968
  vertex -0.089849934 -0.0457308218 0.0153827332
  vertex -0.089891538 -0.0457289107 0.0154248243
  endloop
 endfacet

 facet normal -0.424973309 -0.879544139 -0.214009047
  outer loop
  vertex -0.0899357423 -0.0456964597 0.0153600229
  vertex -0.0899331421 -0.0457060039 0.0153940879
  vertex -0.0899721459 -0.0456888266 0.0154009396
  endloop
 endfacet

 facet normal -0.435786963 -0.871435821 -0.22514312
  outer loop
  vertex -0.0899357423 -0.0456964597 0.0153600229
  vertex -0.0899721459 -0.0456888266 0.0154009396
  vertex -0.0899747461 -0.0456792824 0.0153690288
  endloop
 endfacet

 facet normal -0.495080531 -0.84265995 -0.211706385
  outer loop
  vertex -0.0899747461 -0.0456792824 0.0153690288
  vertex -0.0899721459 -0.0456888266 0.0154009396
  vertex -0.0900111496 -0.0456678309 0.0154085755
  endloop
 endfacet

 facet normal -0.536043048 -0.802848577 -0.260944545
  outer loop
  vertex -0.0899747461 -0.0456792824 0.0153690288
  vertex -0.0900111496 -0.0456678309 0.0154085755
  vertex -0.0900111496 -0.0456582829 0.0153792091
  endloop
 endfacet

 facet normal -0.536702275 -0.798956275 -0.271329463
  outer loop
  vertex -0.0899747461 -0.0456792824 0.0153690288
  vertex -0.0900111496 -0.0456582829 0.0153792091
  vertex -0.0900137499 -0.0456468314 0.0153506268
  endloop
 endfacet

 facet normal -0.554720521 -0.78853476 -0.265514851
  outer loop
  vertex -0.0900137499 -0.0456468314 0.0153506268
  vertex -0.0900111496 -0.0456582829 0.0153792091
  vertex -0.0900501534 -0.0456258357 0.0153643303
  endloop
 endfacet

 facet normal -0.558489203 -0.788888633 -0.256407201
  outer loop
  vertex -0.0900501534 -0.0456258357 0.0153643303
  vertex -0.0900111496 -0.0456582829 0.0153792091
  vertex -0.0900111496 -0.0456678309 0.0154085755
  endloop
 endfacet

 facet normal -0.580057859 -0.781357765 -0.230245322
  outer loop
  vertex -0.0900501534 -0.0456258357 0.0153643303
  vertex -0.0900111496 -0.0456678309 0.0154085755
  vertex -0.0900475532 -0.0456353799 0.0153901717
  endloop
 endfacet

 facet normal -0.625333905 -0.75037086 -0.214245722
  outer loop
  vertex -0.0900501534 -0.0456258357 0.0153643303
  vertex -0.0900475532 -0.0456353799 0.0153901717
  vertex -0.0900813565 -0.045610562 0.0154019184
  endloop
 endfacet

 facet normal -0.63823694 -0.734199166 -0.231527865
  outer loop
  vertex -0.0900501534 -0.0456258357 0.0153643303
  vertex -0.0900813565 -0.045610562 0.0154019184
  vertex -0.0900839567 -0.0456010178 0.0153788179
  endloop
 endfacet

 facet normal -0.644049525 -0.70765245 -0.290565431
  outer loop
  vertex -0.0900501534 -0.0456258357 0.0153643303
  vertex -0.0900839567 -0.0456010178 0.0153788179
  vertex -0.0900865644 -0.0455895662 0.0153566953
  endloop
 endfacet

 facet normal -0.636812747 -0.704955697 -0.312261045
  outer loop
  vertex -0.0900501534 -0.0456258357 0.0153643303
  vertex -0.0900865644 -0.0455895662 0.0153566953
  vertex -0.0900527537 -0.045612473 0.0153394667
  endloop
 endfacet

 facet normal -0.730053902 -0.638161719 -0.244481221
  outer loop
  vertex -0.0900865644 -0.0455895662 0.0153566953
  vertex -0.0900839567 -0.0456010178 0.0153788179
  vertex -0.0901125669 -0.0455742963 0.015394479
  endloop
 endfacet

 facet normal -0.743616283 -0.61455518 -0.263356537
  outer loop
  vertex -0.0900865644 -0.0455895662 0.0153566953
  vertex -0.0901125669 -0.0455742963 0.015394479
  vertex -0.0901151597 -0.0455628447 0.0153750973
  endloop
 endfacet

 facet normal -0.744742513 -0.60865438 -0.273675919
  outer loop
  vertex -0.0900865644 -0.0455895662 0.0153566953
  vertex -0.0901151597 -0.0455628447 0.0153750973
  vertex -0.09011776 -0.0455513895 0.0153566953
  endloop
 endfacet

 facet normal -0.77198875 -0.582798123 -0.253731847
  outer loop
  vertex -0.09011776 -0.0455513895 0.0153566953
  vertex -0.0901151597 -0.0455628447 0.0153750973
  vertex -0.0901437625 -0.0455265753 0.0153788179
  endloop
 endfacet

 facet normal -0.772394419 -0.583384216 -0.251137257
  outer loop
  vertex -0.0901437625 -0.0455265753 0.0153788179
  vertex -0.0901151597 -0.0455628447 0.0153750973
  vertex -0.0901411697 -0.0455437563 0.0154107288
  endloop
 endfacet

 facet normal -0.816499412 -0.533501804 -0.220690757
  outer loop
  vertex -0.0901437625 -0.0455265753 0.0153788179
  vertex -0.0901411697 -0.0455437563 0.0154107288
  vertex -0.0901671723 -0.0455055796 0.015414644
  endloop
 endfacet

 facet normal -0.828975797 -0.501489937 -0.247602895
  outer loop
  vertex -0.0901437625 -0.0455265753 0.0153788179
  vertex -0.0901671723 -0.0455055796 0.015414644
  vertex -0.0901463702 -0.0455151238 0.0153643303
  endloop
 endfacet

 facet normal -0.832539976 -0.494103372 -0.250477731
  outer loop
  vertex -0.0901463702 -0.0455151238 0.0153643303
  vertex -0.0901671723 -0.0455055796 0.015414644
  vertex -0.0901723653 -0.0454788581 0.0153792091
  endloop
 endfacet

 facet normal -0.876434922 -0.437426895 -0.201294899
  outer loop
  vertex -0.0901723653 -0.0454788581 0.0153792091
  vertex -0.0901671723 -0.0455055796 0.015414644
  vertex -0.0901905745 -0.0454597697 0.0154169928
  endloop
 endfacet

 facet normal -0.885541856 -0.40919432 -0.219944894
  outer loop
  vertex -0.0901723653 -0.0454788581 0.0153792091
  vertex -0.0901905745 -0.0454597697 0.0154169928
  vertex -0.0901983678 -0.0454273187 0.0153880185
  endloop
 endfacet

 facet normal -0.883910835 -0.406421661 -0.231350869
  outer loop
  vertex -0.0901723653 -0.0454788581 0.0153792091
  vertex -0.0901983678 -0.0454273187 0.0153880185
  vertex -0.090174973 -0.0454674028 0.0153690288
  endloop
 endfacet

 facet normal -0.883073449 -0.397117704 -0.24995786
  outer loop
  vertex -0.090174973 -0.0454674028 0.0153690288
  vertex -0.0901983678 -0.0454273187 0.0153880185
  vertex -0.0901775733 -0.0454559512 0.0153600229
  endloop
 endfacet

 facet normal -0.884392202 -0.386207432 -0.262095928
  outer loop
  vertex -0.0901775733 -0.0454559512 0.0153600229
  vertex -0.0901983678 -0.0454273187 0.0153880185
  vertex -0.0902009755 -0.0454177745 0.0153827332
  endloop
 endfacet

 facet normal -0.884351432 -0.385365576 -0.26346916
  outer loop
  vertex -0.0901775733 -0.0454559512 0.0153600229
  vertex -0.0902009755 -0.0454177745 0.0153827332
  vertex -0.0901801735 -0.045444496 0.0153519968
  endloop
 endfacet

 facet normal -0.889602363 -0.333245337 -0.312338442
  outer loop
  vertex -0.0901801735 -0.045444496 0.0153519968
  vertex -0.0902009755 -0.0454177745 0.0153827332
  vertex -0.0901827663 -0.0454311371 0.015345145
  endloop
 endfacet

 facet normal -0.891750097 -0.322882861 -0.31706214
  outer loop
  vertex -0.0901827663 -0.0454311371 0.015345145
  vertex -0.0902009755 -0.0454177745 0.0153827332
  vertex -0.0901931748 -0.0453891419 0.0153316362
  endloop
 endfacet

 facet normal -0.928911805 -0.244007528 -0.27853781
  outer loop
  vertex -0.0901931748 -0.0453891419 0.0153316362
  vertex -0.0902009755 -0.0454177745 0.0153827332
  vertex -0.0902113691 -0.0453643277 0.0153705953
  endloop
 endfacet

 facet normal -0.929909348 -0.223684162 -0.291948587
  outer loop
  vertex -0.0901931748 -0.0453891419 0.0153316362
  vertex -0.0902113691 -0.0453643277 0.0153705953
  vertex -0.0901957676 -0.0453757793 0.0153296785
  endloop
 endfacet

 facet normal -0.931586683 -0.210715503 -0.296218216
  outer loop
  vertex -0.0901957676 -0.0453757793 0.0153296785
  vertex -0.0902113691 -0.0453643277 0.0153705953
  vertex -0.0945200399 -0.026257081 0.0153290918
  endloop
 endfacet

 facet normal -0.932793796 -0.210978985 -0.292204708
  outer loop
  vertex -0.0945200399 -0.026257081 0.0153290918
  vertex -0.0902113691 -0.0453643277 0.0153705953
  vertex -0.0945330411 -0.026257081 0.0153705953
  endloop
 endfacet

 facet normal -0.968736529 -0.219086498 0.116407916
  outer loop
  vertex -0.0945434421 -0.026257081 0.0165867284
  vertex -0.0945486426 -0.026257081 0.016543461
  vertex -0.0902269781 -0.0453662351 0.016543461
  endloop
 endfacet

 facet normal -0.968731582 -0.2190855 0.116451152
  outer loop
  vertex -0.0945434421 -0.026257081 0.0165867284
  vertex -0.0902269781 -0.0453662351 0.016543461
  vertex -0.0902217776 -0.0453662351 0.0165867284
  endloop
 endfacet

 facet normal -0.949028671 -0.293819129 0.114082679
  outer loop
  vertex -0.0902217776 -0.0453662351 0.0165867284
  vertex -0.0902269781 -0.0453662351 0.016543461
  vertex -0.0902009755 -0.0454502255 0.016543461
  endloop
 endfacet

 facet normal -0.941827893 -0.305472583 0.140166849
  outer loop
  vertex -0.0902217776 -0.0453662351 0.0165867284
  vertex -0.0902009755 -0.0454502255 0.016543461
  vertex -0.0901957676 -0.045446407 0.0165867284
  endloop
 endfacet

 facet normal -0.900994003 -0.409094751 0.144400105
  outer loop
  vertex -0.0901957676 -0.045446407 0.0165867284
  vertex -0.0902009755 -0.0454502255 0.016543461
  vertex -0.0901775733 -0.0454864912 0.0165867284
  endloop
 endfacet

 facet normal -0.89539808 -0.426946282 0.126409233
  outer loop
  vertex -0.0901775733 -0.0454864912 0.0165867284
  vertex -0.0902009755 -0.0454502255 0.016543461
  vertex -0.0901827663 -0.0454883985 0.016543461
  endloop
 endfacet

 facet normal -0.845949292 -0.51852566 0.124502793
  outer loop
  vertex -0.0901775733 -0.0454864912 0.0165867284
  vertex -0.0901827663 -0.0454883985 0.016543461
  vertex -0.0901593715 -0.0455265753 0.016543461
  endloop
 endfacet

 facet normal -0.831090569 -0.536297381 0.147219256
  outer loop
  vertex -0.0901775733 -0.0454864912 0.0165867284
  vertex -0.0901593715 -0.0455265753 0.016543461
  vertex -0.0901307613 -0.0455590263 0.0165867284
  endloop
 endfacet

 facet normal -0.795177341 -0.601802349 0.0743449852
  outer loop
  vertex -0.0901307613 -0.0455590263 0.0165867284
  vertex -0.0901593715 -0.0455265753 0.016543461
  vertex -0.090107359 -0.045595292 0.016543461
  endloop
 endfacet

 facet normal -0.742030561 -0.654071987 0.146903858
  outer loop
  vertex -0.0901307613 -0.0455590263 0.0165867284
  vertex -0.090107359 -0.045595292 0.016543461
  vertex -0.0901021585 -0.0455914773 0.0165867284
  endloop
 endfacet

 facet normal -0.692039251 -0.707030535 0.145566568
  outer loop
  vertex -0.0901021585 -0.0455914773 0.0165867284
  vertex -0.090107359 -0.045595292 0.016543461
  vertex -0.090076156 -0.0456258357 0.016543461
  endloop
 endfacet

 facet normal -0.692013443 -0.707049489 0.14559713
  outer loop
  vertex -0.0901021585 -0.0455914773 0.0165867284
  vertex -0.090076156 -0.0456258357 0.016543461
  vertex -0.0900709555 -0.0456220172 0.0165867284
  endloop
 endfacet

 facet normal -0.643742979 -0.751622856 0.143728971
  outer loop
  vertex -0.0900709555 -0.0456220172 0.0165867284
  vertex -0.090076156 -0.0456258357 0.016543461
  vertex -0.0900397524 -0.0456487425 0.0165867284
  endloop
 endfacet

 facet normal -0.616676927 -0.780060947 0.105898857
  outer loop
  vertex -0.0900397524 -0.0456487425 0.0165867284
  vertex -0.090076156 -0.0456258357 0.016543461
  vertex -0.0900423527 -0.0456525609 0.016543461
  endloop
 endfacet

 facet normal -0.56003958 -0.821635842 0.106161259
  outer loop
  vertex -0.0900397524 -0.0456487425 0.0165867284
  vertex -0.0900423527 -0.0456525609 0.016543461
  vertex -0.0900059491 -0.0456773713 0.016543461
  endloop
 endfacet

 facet normal -0.56003958 -0.821635842 0.106161259
  outer loop
  vertex -0.0900397524 -0.0456487425 0.0165867284
  vertex -0.0900059491 -0.0456773713 0.016543461
  vertex -0.0900033489 -0.0456735529 0.0165867284
  endloop
 endfacet

 facet normal -0.494504482 -0.857303977 0.143162295
  outer loop
  vertex -0.0900033489 -0.0456735529 0.0165867284
  vertex -0.0899695456 -0.0457002781 0.016543461
  vertex -0.0899669454 -0.0456945524 0.0165867284
  endloop
 endfacet

 facet normal -0.529551864 -0.841617286 0.106090948
  outer loop
  vertex -0.0900033489 -0.0456735529 0.0165867284
  vertex -0.0900059491 -0.0456773713 0.016543461
  vertex -0.0899695456 -0.0457002781 0.016543461
  endloop
 endfacet

 facet normal -0.0852349624 -0.98706454 0.135788947
  outer loop
  vertex -0.0897589251 -0.0457499065 0.0165867284
  vertex -0.0898031294 -0.0457460918 0.0165867284
  vertex -0.0897615254 -0.0457556359 0.016543461
  endloop
 endfacet

 facet normal 0.0428196006 -0.990773559 0.128586113
  outer loop
  vertex -0.0897589251 -0.0457499065 0.0165867284
  vertex -0.0897615254 -0.0457556359 0.016543461
  vertex -0.0897173211 -0.0457537249 0.016543461
  endloop
 endfacet

 facet normal 0.0454281494 -0.990333676 0.131055772
  outer loop
  vertex -0.0897589251 -0.0457499065 0.0165867284
  vertex -0.0897173211 -0.0457537249 0.016543461
  vertex -0.0897173211 -0.0457479991 0.0165867284
  endloop
 endfacet

 facet normal -0.0905800462 -0.987276018 0.13069582
  outer loop
  vertex -0.0898031294 -0.0457460918 0.0165867284
  vertex -0.0898031294 -0.0457518175 0.016543461
  vertex -0.0897615254 -0.0457556359 0.016543461
  endloop
 endfacet

 facet normal -0.1787135 -0.973942697 0.1396323
  outer loop
  vertex -0.0898031294 -0.0457460918 0.0165867284
  vertex -0.0898447335 -0.0457384549 0.0165867284
  vertex -0.0898473337 -0.0457441807 0.016543461
  endloop
 endfacet

 facet normal -0.168789566 -0.977127492 0.129352361
  outer loop
  vertex -0.0898031294 -0.0457460918 0.0165867284
  vertex -0.0898473337 -0.0457441807 0.016543461
  vertex -0.0898031294 -0.0457518175 0.016543461
  endloop
 endfacet

 facet normal 0.0852899179 -0.987744749 0.130713195
  outer loop
  vertex -0.0897173211 -0.0457479991 0.0165867284
  vertex -0.0897173211 -0.0457537249 0.016543461
  vertex -0.0896731168 -0.0457499065 0.016543461
  endloop
 endfacet

 facet normal 0.0905148387 -0.986565351 0.135999545
  outer loop
  vertex -0.0897173211 -0.0457479991 0.0165867284
  vertex -0.0896731168 -0.0457499065 0.016543461
  vertex -0.0896757171 -0.0457441807 0.0165867284
  endloop
 endfacet

 facet normal 0.168560803 -0.975803196 0.139268041
  outer loop
  vertex -0.0896757171 -0.0457441807 0.0165867284
  vertex -0.0896731168 -0.0457499065 0.016543461
  vertex -0.0896315128 -0.0457365476 0.0165867284
  endloop
 endfacet

 facet normal 0.178970858 -0.975345314 0.129116416
  outer loop
  vertex -0.0896315128 -0.0457365476 0.0165867284
  vertex -0.0896731168 -0.0457499065 0.016543461
  vertex -0.0896315128 -0.0457422733 0.016543461
  endloop
 endfacet

 facet normal 0.218733698 -0.967345238 0.128057376
  outer loop
  vertex -0.0896315128 -0.0457365476 0.0165867284
  vertex -0.0896315128 -0.0457422733 0.016543461
  vertex -0.067986764 -0.0408480689 0.0165430699
  endloop
 endfacet

 facet normal 0.218734294 -0.967348039 0.128035873
  outer loop
  vertex -0.0896315128 -0.0457365476 0.0165867284
  vertex -0.067986764 -0.0408480689 0.0165430699
  vertex -0.067986764 -0.0408423431 0.0165863354
  endloop
 endfacet

 facet normal -0.434985936 -0.888886213 0.143765718
  outer loop
  vertex -0.0899669454 -0.0456945524 0.0165867284
  vertex -0.0899695456 -0.0457002781 0.016543461
  vertex -0.0899279416 -0.0457136407 0.0165867284
  endloop
 endfacet

 facet normal -0.400902599 -0.910149753 0.104424775
  outer loop
  vertex -0.0899279416 -0.0457136407 0.0165867284
  vertex -0.0899695456 -0.0457002781 0.016543461
  vertex -0.0899305418 -0.0457174592 0.016543461
  endloop
 endfacet

 facet normal -0.34272787 -0.933769643 0.103014402
  outer loop
  vertex -0.0899279416 -0.0457136407 0.0165867284
  vertex -0.0899305418 -0.0457174592 0.016543461
  vertex -0.0898889378 -0.0457327291 0.016543461
  endloop
 endfacet

 facet normal -0.302627146 -0.942329288 0.142941996
  outer loop
  vertex -0.0899279416 -0.0457136407 0.0165867284
  vertex -0.0898889378 -0.0457327291 0.016543461
  vertex -0.0898863375 -0.0457269996 0.0165867284
  endloop
 endfacet

 facet normal -0.262709737 -0.954348922 0.142133027
  outer loop
  vertex -0.0898863375 -0.0457269996 0.0165867284
  vertex -0.0898889378 -0.0457327291 0.016543461
  vertex -0.0898473337 -0.0457441807 0.016543461
  endloop
 endfacet

 facet normal -0.262753069 -0.9543432 0.142091677
  outer loop
  vertex -0.0898863375 -0.0457269996 0.0165867284
  vertex -0.0898473337 -0.0457441807 0.016543461
  vertex -0.0898447335 -0.0457384549 0.0165867284
  endloop
 endfacet

 facet normal 0.214875549 -0.949890971 -0.22701475
  outer loop
  vertex -0.067986764 -0.0408327989 0.0153737273
  vertex -0.067986764 -0.0408423431 0.0154136643
  vertex -0.089634113 -0.0457289107 0.0153705953
  endloop
 endfacet

 facet normal 0.165754125 -0.968959212 -0.183422193
  outer loop
  vertex -0.089634113 -0.0457289107 0.0153705953
  vertex -0.0896315128 -0.0457365476 0.0154132731
  vertex -0.0896757171 -0.0457441807 0.0154136643
  endloop
 endfacet

 facet normal 0.164886147 -0.968948841 -0.18425703
  outer loop
  vertex -0.089634113 -0.0457289107 0.0153705953
  vertex -0.0896757171 -0.0457441807 0.0154136643
  vertex -0.0896783173 -0.0457365476 0.0153711829
  endloop
 endfacet

 facet normal 0.216756925 -0.958598614 -0.1846755
  outer loop
  vertex -0.089634113 -0.0457289107 0.0153705953
  vertex -0.067986764 -0.0408423431 0.0154136643
  vertex -0.0896315128 -0.0457365476 0.0154132731
  endloop
 endfacet

 facet normal 0.129798144 -0.974486947 -0.183105424
  outer loop
  vertex -0.0896783173 -0.0457365476 0.0153711829
  vertex -0.0896757171 -0.0457441807 0.0154136643
  vertex -0.0897173211 -0.0457499065 0.015414644
  endloop
 endfacet

 facet normal 0.0805479139 -0.970754802 -0.226157472
  outer loop
  vertex -0.0896783173 -0.0457365476 0.0153711829
  vertex -0.0897173211 -0.0457499065 0.015414644
  vertex -0.0897199214 -0.0457403623 0.0153727485
  endloop
 endfacet

 facet normal -0.00785216223 -0.975093126 -0.221656725
  outer loop
  vertex -0.0897199214 -0.0457403623 0.0153727485
  vertex -0.0897173211 -0.0457499065 0.015414644
  vertex -0.0897615254 -0.0457499065 0.0154162105
  endloop
 endfacet

 facet normal -0.011978115 -0.974190831 -0.225408167
  outer loop
  vertex -0.0897199214 -0.0457403623 0.0153727485
  vertex -0.0897615254 -0.0457499065 0.0154162105
  vertex -0.0897641256 -0.0457403623 0.0153750973
  endloop
 endfacet

 facet normal -0.0955014378 -0.970955074 -0.219375849
  outer loop
  vertex -0.0897641256 -0.0457403623 0.0153750973
  vertex -0.0897615254 -0.0457499065 0.0154162105
  vertex -0.0898057297 -0.0457460918 0.0154185593
  endloop
 endfacet

 facet normal -0.10057316 -0.969380498 -0.224023283
  outer loop
  vertex -0.0897641256 -0.0457403623 0.0153750973
  vertex -0.0898057297 -0.0457460918 0.0154185593
  vertex -0.0898083299 -0.0457365476 0.0153784268
  endloop
 endfacet

 facet normal -0.155233726 -0.963289976 -0.219031662
  outer loop
  vertex -0.0898083299 -0.0457365476 0.0153784268
  vertex -0.0898057297 -0.0457460918 0.0154185593
  vertex -0.089849934 -0.0457308218 0.0153827332
  endloop
 endfacet

 facet normal -0.189715952 -0.965662241 -0.177494124
  outer loop
  vertex -0.089849934 -0.0457308218 0.0153827332
  vertex -0.0898057297 -0.0457460918 0.0154185593
  vertex -0.0898473337 -0.0457384549 0.0154214967
  endloop
 endfacet

 facet normal -0.220338374 -0.959729612 -0.174270347
  outer loop
  vertex -0.089849934 -0.0457308218 0.0153827332
  vertex -0.0898473337 -0.0457384549 0.0154214967
  vertex -0.089891538 -0.0457289107 0.0154248243
  endloop
 endfacet

 facet normal -0.371860683 -0.92294383 -0.0994704291
  outer loop
  vertex -0.089891538 -0.0457289107 0.0154248243
  vertex -0.0899305418 -0.0457174592 0.0154643692
  vertex -0.0899305418 -0.0457136407 0.0154289342
  endloop
 endfacet

 facet normal -0.374817848 -0.911072731 -0.17163384
  outer loop
  vertex -0.089891538 -0.0457289107 0.0154248243
  vertex -0.0899305418 -0.0457136407 0.0154289342
  vertex -0.0899331421 -0.0457060039 0.0153940879
  endloop
 endfacet

 facet normal -0.219080016 -0.9654392 -0.141177833
  outer loop
  vertex -0.089891538 -0.0457289107 0.0154248243
  vertex -0.0898473337 -0.0457384549 0.0154214967
  vertex -0.0898473337 -0.0457441807 0.0154606504
  endloop
 endfacet

 facet normal -0.26768285 -0.960262775 -0.07900168
  outer loop
  vertex -0.089891538 -0.0457289107 0.0154248243
  vertex -0.0898473337 -0.0457441807 0.0154606504
  vertex -0.0898889378 -0.0457327291 0.0154624116
  endloop
 endfacet

 facet normal -0.346633732 -0.935309052 -0.0710075721
  outer loop
  vertex -0.089891538 -0.0457289107 0.0154248243
  vertex -0.0898889378 -0.0457327291 0.0154624116
  vertex -0.0899305418 -0.0457174592 0.0154643692
  endloop
 endfacet

 facet normal -0.392406553 -0.904168487 -0.168809175
  outer loop
  vertex -0.0899331421 -0.0457060039 0.0153940879
  vertex -0.0899305418 -0.0457136407 0.0154289342
  vertex -0.0899721459 -0.0456964597 0.0154336337
  endloop
 endfacet

 facet normal -0.424499631 -0.881709754 -0.205883592
  outer loop
  vertex -0.0899331421 -0.0457060039 0.0153940879
  vertex -0.0899721459 -0.0456964597 0.0154336337
  vertex -0.0899721459 -0.0456888266 0.0154009396
  endloop
 endfacet

 facet normal -0.494383186 -0.846473634 -0.197655797
  outer loop
  vertex -0.0899721459 -0.0456888266 0.0154009396
  vertex -0.0899721459 -0.0456964597 0.0154336337
  vertex -0.0900111496 -0.0456678309 0.0154085755
  endloop
 endfacet

 facet normal -0.510047019 -0.843259752 -0.169602245
  outer loop
  vertex -0.0900111496 -0.0456678309 0.0154085755
  vertex -0.0899721459 -0.0456964597 0.0154336337
  vertex -0.0900085494 -0.045675464 0.0154387243
  endloop
 endfacet

 facet normal -0.572279334 -0.805347621 -0.154634088
  outer loop
  vertex -0.0900111496 -0.0456678309 0.0154085755
  vertex -0.0900085494 -0.045675464 0.0154387243
  vertex -0.0900449604 -0.0456506498 0.0154442061
  endloop
 endfacet

 facet normal -0.581269681 -0.796276808 -0.167537749
  outer loop
  vertex -0.0900111496 -0.0456678309 0.0154085755
  vertex -0.0900449604 -0.0456506498 0.0154442061
  vertex -0.0900449604 -0.045644924 0.0154169928
  endloop
 endfacet

 facet normal -0.58420217 -0.780881166 -0.221206769
  outer loop
  vertex -0.0900111496 -0.0456678309 0.0154085755
  vertex -0.0900449604 -0.045644924 0.0154169928
  vertex -0.0900475532 -0.0456353799 0.0153901717
  endloop
 endfacet

 facet normal -0.624722898 -0.752827168 -0.207298249
  outer loop
  vertex -0.0900475532 -0.0456353799 0.0153901717
  vertex -0.0900449604 -0.045644924 0.0154169928
  vertex -0.0900813565 -0.045610562 0.0154019184
  endloop
 endfacet

 facet normal -0.700613618 -0.698249459 -0.146929115
  outer loop
  vertex -0.0900813565 -0.045610562 0.0154019184
  vertex -0.0900787562 -0.0456181988 0.0154258022
  vertex -0.0901125669 -0.0455819331 0.015414644
  endloop
 endfacet

 facet normal -0.705554485 -0.679454029 -0.201333821
  outer loop
  vertex -0.0900813565 -0.045610562 0.0154019184
  vertex -0.0901125669 -0.0455819331 0.015414644
  vertex -0.0900839567 -0.0456010178 0.0153788179
  endloop
 endfacet

 facet normal -0.638070524 -0.750850022 -0.170558527
  outer loop
  vertex -0.0900813565 -0.045610562 0.0154019184
  vertex -0.0900449604 -0.045644924 0.0154169928
  vertex -0.0900787562 -0.0456181988 0.0154258022
  endloop
 endfacet

 facet normal -0.729833126 -0.639321089 -0.242099836
  outer loop
  vertex -0.0900839567 -0.0456010178 0.0153788179
  vertex -0.0901125669 -0.0455819331 0.015414644
  vertex -0.0901125669 -0.0455742963 0.015394479
  endloop
 endfacet

 facet normal -0.768152893 -0.598772168 -0.226744652
  outer loop
  vertex -0.0901125669 -0.0455742963 0.015394479
  vertex -0.0901125669 -0.0455819331 0.015414644
  vertex -0.0901411697 -0.0455437563 0.0154107288
  endloop
 endfacet

 facet normal -0.769279003 -0.589922011 -0.245360956
  outer loop
  vertex -0.0901125669 -0.0455742963 0.015394479
  vertex -0.0901411697 -0.0455437563 0.0154107288
  vertex -0.0901151597 -0.0455628447 0.0153750973
  endloop
 endfacet

 facet normal -0.824070871 -0.545699656 -0.152050331
  outer loop
  vertex -0.0901411697 -0.0455437563 0.0154107288
  vertex -0.090164572 -0.0455170311 0.0154416598
  vertex -0.0901671723 -0.0455055796 0.015414644
  endloop
 endfacet

 facet normal -0.783717155 -0.602611303 -0.15048936
  outer loop
  vertex -0.0901411697 -0.0455437563 0.0154107288
  vertex -0.0901125669 -0.0455819331 0.015414644
  vertex -0.0901385695 -0.0455513895 0.0154277598
  endloop
 endfacet

 facet normal -0.815110922 -0.564814985 -0.128756613
  outer loop
  vertex -0.0901411697 -0.0455437563 0.0154107288
  vertex -0.0901385695 -0.0455513895 0.0154277598
  vertex -0.090164572 -0.0455170311 0.0154416598
  endloop
 endfacet

 facet normal -0.877559543 -0.438363492 -0.194233865
  outer loop
  vertex -0.0901671723 -0.0455055796 0.015414644
  vertex -0.0901879743 -0.0454731323 0.0154353948
  vertex -0.0901905745 -0.0454597697 0.0154169928
  endloop
 endfacet

 facet normal -0.868874311 -0.480268151 -0.12000028
  outer loop
  vertex -0.0901671723 -0.0455055796 0.015414644
  vertex -0.090164572 -0.0455170311 0.0154416598
  vertex -0.0901879743 -0.0454731323 0.0154353948
  endloop
 endfacet

 facet normal -0.909924448 -0.38604793 -0.151672527
  outer loop
  vertex -0.0901905745 -0.0454597697 0.0154169928
  vertex -0.0901879743 -0.0454731323 0.0154353948
  vertex -0.0902087763 -0.0454254076 0.0154387243
  endloop
 endfacet

 facet normal -0.911411166 -0.373408854 -0.172902972
  outer loop
  vertex -0.0901905745 -0.0454597697 0.0154169928
  vertex -0.0902087763 -0.0454254076 0.0154387243
  vertex -0.0901983678 -0.0454273187 0.0153880185
  endloop
 endfacet

 facet normal -0.92075491 -0.348305672 -0.175765634
  outer loop
  vertex -0.0901983678 -0.0454273187 0.0153880185
  vertex -0.0902087763 -0.0454254076 0.0154387243
  vertex -0.0902009755 -0.0454177745 0.0153827332
  endloop
 endfacet

 facet normal -0.932957292 -0.315682858 -0.173017681
  outer loop
  vertex -0.0902009755 -0.0454177745 0.0153827332
  vertex -0.0902087763 -0.0454254076 0.0154387243
  vertex -0.0902139768 -0.0454005934 0.0154214967
  endloop
 endfacet

 facet normal -0.943850875 -0.262911528 -0.200057864
  outer loop
  vertex -0.0902009755 -0.0454177745 0.0153827332
  vertex -0.0902139768 -0.0454005934 0.0154214967
  vertex -0.0902165771 -0.0453872345 0.0154162105
  endloop
 endfacet

 facet normal -0.943932533 -0.261843115 -0.201070592
  outer loop
  vertex -0.0902009755 -0.0454177745 0.0153827332
  vertex -0.0902165771 -0.0453872345 0.0154162105
  vertex -0.0902217776 -0.0453662351 0.0154132731
  endloop
 endfacet

 facet normal -0.941223085 -0.237659678 -0.240035683
  outer loop
  vertex -0.0902009755 -0.0454177745 0.0153827332
  vertex -0.0902217776 -0.0453662351 0.0154132731
  vertex -0.0902113691 -0.0453643277 0.0153705953
  endloop
 endfacet

 facet normal -0.946770072 -0.214160591 -0.240336776
  outer loop
  vertex -0.0902113691 -0.0453643277 0.0153705953
  vertex -0.0902217776 -0.0453662351 0.0154132731
  vertex -0.0945356414 -0.026257081 0.0153792091
  endloop
 endfacet

 facet normal -0.935670912 -0.211629733 -0.282370389
  outer loop
  vertex -0.0902113691 -0.0453643277 0.0153705953
  vertex -0.0945356414 -0.026257081 0.0153792091
  vertex -0.0945330411 -0.026257081 0.0153705953
  endloop
 endfacet

 facet normal -0.975400805 -0.220438883 0
  outer loop
  vertex -0.0945486426 -0.026257081 0.016543461
  vertex -0.0945486426 -0.026257081 0.0154565386
  vertex -0.0902295783 -0.0453681462 0.0154999997
  endloop
 endfacet

 facet normal -0.975400805 -0.220438883 0
  outer loop
  vertex -0.0945486426 -0.026257081 0.016543461
  vertex -0.0902295783 -0.0453681462 0.0154999997
  vertex -0.0902295783 -0.0453681462 0.0164998043
  endloop
 endfacet

 facet normal -0.97313571 -0.220081419 0.0676086918
  outer loop
  vertex -0.0945486426 -0.026257081 0.016543461
  vertex -0.0902295783 -0.0453681462 0.0164998043
  vertex -0.0902269781 -0.0453662351 0.016543461
  endloop
 endfacet

 facet normal -0.952945352 -0.295024812 0.0696818084
  outer loop
  vertex -0.0902269781 -0.0453662351 0.016543461
  vertex -0.0902295783 -0.0453681462 0.0164998043
  vertex -0.0902165771 -0.0454101413 0.0164998043
  endloop
 endfacet

 facet normal -0.952942967 -0.295031011 0.0696885586
  outer loop
  vertex -0.0902269781 -0.0453662351 0.016543461
  vertex -0.0902165771 -0.0454101413 0.0164998043
  vertex -0.0902009755 -0.0454502255 0.016543461
  endloop
 endfacet

 facet normal -0.909912467 -0.414797723 0.00147745316
  outer loop
  vertex -0.0902009755 -0.0454502255 0.016543461
  vertex -0.0902035758 -0.0454483144 0.0154776825
  vertex -0.0901827663 -0.0454903096 0.0164998043
  endloop
 endfacet

 facet normal -0.902478695 -0.430322498 0.0188313145
  outer loop
  vertex -0.0902009755 -0.0454502255 0.016543461
  vertex -0.0901827663 -0.0454903096 0.0164998043
  vertex -0.0901827663 -0.0454883985 0.016543461
  endloop
 endfacet

 facet normal -0.932489038 -0.36119473 0.00162864698
  outer loop
  vertex -0.0902009755 -0.0454502255 0.016543461
  vertex -0.0902165771 -0.0454101413 0.0164998043
  vertex -0.0902035758 -0.0454483144 0.0154776825
  endloop
 endfacet

 facet normal -0.867238402 -0.497417063 0.0217674337
  outer loop
  vertex -0.0901827663 -0.0454883985 0.016543461
  vertex -0.0901827663 -0.0454903096 0.0164998043
  vertex -0.0901619643 -0.0455265753 0.0164998043
  endloop
 endfacet

 facet normal -0.851486564 -0.521919668 0.0507005379
  outer loop
  vertex -0.0901827663 -0.0454883985 0.016543461
  vertex -0.0901619643 -0.0455265753 0.0164998043
  vertex -0.0901593715 -0.0455265753 0.016543461
  endloop
 endfacet

 facet normal -0.811751008 -0.582000196 0.0483345389
  outer loop
  vertex -0.0901593715 -0.0455265753 0.016543461
  vertex -0.0901619643 -0.0455265753 0.0164998043
  vertex -0.0901359618 -0.0455628447 0.0164998043
  endloop
 endfacet

 facet normal -0.795217037 -0.60183239 0.0736733079
  outer loop
  vertex -0.0901593715 -0.0455265753 0.016543461
  vertex -0.0901359618 -0.0455628447 0.0164998043
  vertex -0.090107359 -0.045595292 0.016543461
  endloop
 endfacet

 facet normal -0.699125826 -0.714316428 0.0312271193
  outer loop
  vertex -0.090107359 -0.045595292 0.016543461
  vertex -0.090107359 -0.0455972031 0.0164998043
  vertex -0.090076156 -0.045627743 0.0164998043
  endloop
 endfacet

 facet normal -0.699149489 -0.714294791 0.0311941486
  outer loop
  vertex -0.090107359 -0.045595292 0.016543461
  vertex -0.090076156 -0.045627743 0.0164998043
  vertex -0.090076156 -0.0456258357 0.016543461
  endloop
 endfacet

 facet normal -0.768236637 -0.639555275 0.027958855
  outer loop
  vertex -0.090107359 -0.045595292 0.016543461
  vertex -0.0901359618 -0.0455628447 0.0164998043
  vertex -0.090107359 -0.0455972031 0.0164998043
  endloop
 endfacet

 facet normal -0.619828463 -0.783990145 0.0342378356
  outer loop
  vertex -0.090076156 -0.0456258357 0.016543461
  vertex -0.090076156 -0.045627743 0.0164998043
  vertex -0.0900423527 -0.0456544682 0.0164998043
  endloop
 endfacet

 facet normal -0.619799733 -0.784011245 0.0342739075
  outer loop
  vertex -0.090076156 -0.0456258357 0.016543461
  vertex -0.0900423527 -0.0456544682 0.0164998043
  vertex -0.0900423527 -0.0456525609 0.016543461
  endloop
 endfacet

 facet normal -0.591393173 -0.805613995 0.0352182984
  outer loop
  vertex -0.0900423527 -0.0456525609 0.016543461
  vertex -0.0900423527 -0.0456544682 0.0164998043
  vertex -0.0900085494 -0.0456792824 0.0164998043
  endloop
 endfacet

 facet normal -0.561859488 -0.824305713 0.0695274919
  outer loop
  vertex -0.0900423527 -0.0456525609 0.016543461
  vertex -0.0900085494 -0.0456792824 0.0164998043
  vertex -0.0900059491 -0.0456773713 0.016543461
  endloop
 endfacet

 facet normal -0.531303287 -0.844400764 0.0685874447
  outer loop
  vertex -0.0899695456 -0.0457002781 0.016543461
  vertex -0.0900059491 -0.0456773713 0.016543461
  vertex -0.0900085494 -0.0456792824 0.0164998043
  endloop
 endfacet

 facet normal -0.506043315 -0.861683369 0.0377080664
  outer loop
  vertex -0.0899695456 -0.0457002781 0.016543461
  vertex -0.0900085494 -0.0456792824 0.0164998043
  vertex -0.0899695456 -0.0457021892 0.0164998043
  endloop
 endfacet

 facet normal -0.402745128 -0.914436996 0.0400166139
  outer loop
  vertex -0.0899695456 -0.0457002781 0.016543461
  vertex -0.0899695456 -0.0457021892 0.0164998043
  vertex -0.0899305418 -0.0457193665 0.0164998043
  endloop
 endfacet

 facet normal -0.402784199 -0.914421558 0.0399749354
  outer loop
  vertex -0.0899695456 -0.0457002781 0.016543461
  vertex -0.0899305418 -0.0457193665 0.0164998043
  vertex -0.0899305418 -0.0457174592 0.016543461
  endloop
 endfacet

 facet normal 0.0430928096 -0.998117805 0.0436338112
  outer loop
  vertex -0.0897615254 -0.0457556359 0.016543461
  vertex -0.0897615254 -0.0457575433 0.0164998043
  vertex -0.0897173211 -0.0457556359 0.0164998043
  endloop
 endfacet

 facet normal 0.0431368388 -0.998113871 0.0436783917
  outer loop
  vertex -0.0897615254 -0.0457556359 0.016543461
  vertex -0.0897173211 -0.0457556359 0.0164998043
  vertex -0.0897173211 -0.0457537249 0.016543461
  endloop
 endfacet

 facet normal -0.0912774429 -0.994877279 0.0434475392
  outer loop
  vertex -0.0897615254 -0.0457556359 0.016543461
  vertex -0.0898031294 -0.0457518175 0.016543461
  vertex -0.0898031294 -0.0457537249 0.0164998043
  endloop
 endfacet

 facet normal -0.0913236886 -0.99487108 0.0434918776
  outer loop
  vertex -0.0897615254 -0.0457556359 0.016543461
  vertex -0.0898031294 -0.0457537249 0.0164998043
  vertex -0.0897615254 -0.0457575433 0.0164998043
  endloop
 endfacet

 facet normal 0.0859463736 -0.995347202 0.0435573161
  outer loop
  vertex -0.0897173211 -0.0457537249 0.016543461
  vertex -0.0897173211 -0.0457556359 0.0164998043
  vertex -0.0896731168 -0.0457518175 0.0164998043
  endloop
 endfacet

 facet normal 0.0859463736 -0.995347202 0.0435573161
  outer loop
  vertex -0.0897173211 -0.0457537249 0.016543461
  vertex -0.0896731168 -0.0457518175 0.0164998043
  vertex -0.0896731168 -0.0457499065 0.016543461
  endloop
 endfacet

 facet normal -0.170061901 -0.984493196 0.0430381931
  outer loop
  vertex -0.0898031294 -0.0457518175 0.016543461
  vertex -0.0898473337 -0.0457441807 0.016543461
  vertex -0.0898473337 -0.0457460918 0.0164998043
  endloop
 endfacet

 facet normal -0.17001991 -0.984502375 0.0429944545
  outer loop
  vertex -0.0898031294 -0.0457518175 0.016543461
  vertex -0.0898473337 -0.0457460918 0.0164998043
  vertex -0.0898031294 -0.0457537249 0.0164998043
  endloop
 endfacet

 facet normal -0.265168846 -0.963282049 0.0421109311
  outer loop
  vertex -0.0898473337 -0.0457441807 0.016543461
  vertex -0.0898889378 -0.0457327291 0.016543461
  vertex -0.0898889378 -0.0457346365 0.0164998043
  endloop
 endfacet

 facet normal -0.265168846 -0.963282049 0.0421109311
  outer loop
  vertex -0.0898473337 -0.0457441807 0.016543461
  vertex -0.0898889378 -0.0457346365 0.0164998043
  vertex -0.0898473337 -0.0457460918 0.0164998043
  endloop
 endfacet

 facet normal 0.180359349 -0.982660294 0.0430021249
  outer loop
  vertex -0.0896731168 -0.0457499065 0.016543461
  vertex -0.0896731168 -0.0457518175 0.0164998043
  vertex -0.0896315128 -0.0457441807 0.0164998043
  endloop
 endfacet

 facet normal 0.180314973 -0.982670307 0.0429585055
  outer loop
  vertex -0.0896731168 -0.0457499065 0.016543461
  vertex -0.0896315128 -0.0457441807 0.0164998043
  vertex -0.0896315128 -0.0457422733 0.016543461
  endloop
 endfacet

 facet normal 0.220329091 -0.974494874 0.0426011086
  outer loop
  vertex -0.0896315128 -0.0457422733 0.016543461
  vertex -0.0896315128 -0.0457441807 0.0164998043
  vertex -0.067986764 -0.04084998 0.016509397
  endloop
 endfacet

 facet normal 0.220211685 -0.973887563 0.0552261174
  outer loop
  vertex -0.0896315128 -0.0457422733 0.016543461
  vertex -0.067986764 -0.04084998 0.016509397
  vertex -0.067986764 -0.0408480689 0.0165430699
  endloop
 endfacet

 facet normal -0.344271153 -0.937974513 0.0410045795
  outer loop
  vertex -0.0899305418 -0.0457174592 0.016543461
  vertex -0.0899305418 -0.0457193665 0.0164998043
  vertex -0.0898889378 -0.0457346365 0.0164998043
  endloop
 endfacet

 facet normal -0.344271153 -0.937974513 0.0410045795
  outer loop
  vertex -0.0899305418 -0.0457174592 0.016543461
  vertex -0.0898889378 -0.0457346365 0.0164998043
  vertex -0.0898889378 -0.0457327291 0.016543461
  endloop
 endfacet

 facet normal 0.218734324 -0.967348039 -0.128035873
  outer loop
  vertex -0.067986764 -0.0408423431 0.0154136643
  vertex -0.067986764 -0.0408480689 0.0154569298
  vertex -0.0896315128 -0.0457422733 0.0154565386
  endloop
 endfacet

 facet normal 0.218733639 -0.967345238 -0.128057376
  outer loop
  vertex -0.067986764 -0.0408423431 0.0154136643
  vertex -0.0896315128 -0.0457422733 0.0154565386
  vertex -0.0896315128 -0.0457365476 0.0154132731
  endloop
 endfacet

 facet normal 0.178382725 -0.975451171 -0.129130453
  outer loop
  vertex -0.0896315128 -0.0457365476 0.0154132731
  vertex -0.0896315128 -0.0457422733 0.0154565386
  vertex -0.0896731168 -0.0457499065 0.0154567342
  endloop
 endfacet

 facet normal 0.167344198 -0.975929976 -0.139844373
  outer loop
  vertex -0.0896315128 -0.0457365476 0.0154132731
  vertex -0.0896731168 -0.0457499065 0.0154567342
  vertex -0.0896757171 -0.0457441807 0.0154136643
  endloop
 endfacet

 facet normal 0.131822854 -0.981557548 -0.138446957
  outer loop
  vertex -0.0896757171 -0.0457441807 0.0154136643
  vertex -0.0896731168 -0.0457499065 0.0154567342
  vertex -0.0897173211 -0.0457499065 0.015414644
  endloop
 endfacet

 facet normal 0.0414242484 -0.995132685 -0.0894140676
  outer loop
  vertex -0.0897173211 -0.0457499065 0.015414644
  vertex -0.0897173211 -0.0457537249 0.0154571263
  vertex -0.0897615254 -0.0457556359 0.0154579086
  endloop
 endfacet

 facet normal -0.00482045952 -0.990686774 -0.136075556
  outer loop
  vertex -0.0897173211 -0.0457499065 0.015414644
  vertex -0.0897615254 -0.0457556359 0.0154579086
  vertex -0.0897615254 -0.0457499065 0.0154162105
  endloop
 endfacet

 facet normal 0.0849014819 -0.992391527 -0.0891677737
  outer loop
  vertex -0.0897173211 -0.0457499065 0.015414644
  vertex -0.0896731168 -0.0457499065 0.0154567342
  vertex -0.0897173211 -0.0457537249 0.0154571263
  endloop
 endfacet

 facet normal -0.0923830718 -0.98646158 -0.135495216
  outer loop
  vertex -0.0897615254 -0.0457499065 0.0154162105
  vertex -0.0897615254 -0.0457556359 0.0154579086
  vertex -0.0898057297 -0.0457460918 0.0154185593
  endloop
 endfacet

 facet normal -0.17321001 -0.976671696 -0.126927584
  outer loop
  vertex -0.0898057297 -0.0457460918 0.0154185593
  vertex -0.0898031294 -0.0457518175 0.015459083
  vertex -0.0898473337 -0.0457441807 0.0154606504
  endloop
 endfacet

 facet normal -0.188338086 -0.971769214 -0.142103478
  outer loop
  vertex -0.0898057297 -0.0457460918 0.0154185593
  vertex -0.0898473337 -0.0457441807 0.0154606504
  vertex -0.0898473337 -0.0457384549 0.0154214967
  endloop
 endfacet

 facet normal -0.094280757 -0.986568928 -0.133389488
  outer loop
  vertex -0.0898057297 -0.0457460918 0.0154185593
  vertex -0.0897615254 -0.0457556359 0.0154579086
  vertex -0.0898031294 -0.0457518175 0.015459083
  endloop
 endfacet

 facet normal -0.402584553 -0.914072454 -0.048961442
  outer loop
  vertex -0.0899305418 -0.0457174592 0.0154643692
  vertex -0.0899305418 -0.0457193665 0.0154999997
  vertex -0.0899695456 -0.0457021892 0.0154999997
  endloop
 endfacet

 facet normal -0.405194879 -0.912727773 -0.0523951501
  outer loop
  vertex -0.0899305418 -0.0457174592 0.0154643692
  vertex -0.0899695456 -0.0457021892 0.0154999997
  vertex -0.0899695456 -0.0457002781 0.0154667199
  endloop
 endfacet

 facet normal -0.405715883 -0.911060929 -0.0732304677
  outer loop
  vertex -0.0899305418 -0.0457174592 0.0154643692
  vertex -0.0899695456 -0.0457002781 0.0154667199
  vertex -0.0899721459 -0.0456964597 0.0154336337
  endloop
 endfacet

 facet normal -0.389295161 -0.915809631 -0.0987015367
  outer loop
  vertex -0.0899305418 -0.0457174592 0.0154643692
  vertex -0.0899721459 -0.0456964597 0.0154336337
  vertex -0.0899305418 -0.0457136407 0.0154289342
  endloop
 endfacet

 facet normal -0.346206635 -0.936815381 -0.0501796417
  outer loop
  vertex -0.0899305418 -0.0457174592 0.0154643692
  vertex -0.0898889378 -0.0457327291 0.0154624116
  vertex -0.0899305418 -0.0457193665 0.0154999997
  endloop
 endfacet

 facet normal -0.265114516 -0.963084877 -0.0467109904
  outer loop
  vertex -0.0898473337 -0.0457441807 0.0154606504
  vertex -0.0898473337 -0.0457460918 0.0154999997
  vertex -0.0898889378 -0.0457346365 0.0154999997
  endloop
 endfacet

 facet normal -0.267010063 -0.962453961 -0.0488682501
  outer loop
  vertex -0.0898473337 -0.0457441807 0.0154606504
  vertex -0.0898889378 -0.0457346365 0.0154999997
  vertex -0.0898889378 -0.0457327291 0.0154624116
  endloop
 endfacet

 facet normal -0.171668127 -0.983998239 -0.0477253199
  outer loop
  vertex -0.0898473337 -0.0457441807 0.0154606504
  vertex -0.0898031294 -0.0457518175 0.015459083
  vertex -0.0898473337 -0.0457460918 0.0154999997
  endloop
 endfacet

 facet normal -0.344170183 -0.937699318 -0.0476113483
  outer loop
  vertex -0.0898889378 -0.0457327291 0.0154624116
  vertex -0.0898889378 -0.0457346365 0.0154999997
  vertex -0.0899305418 -0.0457193665 0.0154999997
  endloop
 endfacet

 facet normal -0.476241529 -0.876999855 -0.0637598559
  outer loop
  vertex -0.0899721459 -0.0456964597 0.0154336337
  vertex -0.0899695456 -0.0457002781 0.0154667199
  vertex -0.0900085494 -0.0456792824 0.0154692642
  endloop
 endfacet

 facet normal -0.507904351 -0.85476315 -0.106831692
  outer loop
  vertex -0.0899721459 -0.0456964597 0.0154336337
  vertex -0.0900085494 -0.0456792824 0.0154692642
  vertex -0.0900085494 -0.045675464 0.0154387243
  endloop
 endfacet

 facet normal -0.565523684 -0.818365097 -0.102282524
  outer loop
  vertex -0.0900085494 -0.045675464 0.0154387243
  vertex -0.0900085494 -0.0456792824 0.0154692642
  vertex -0.0900449604 -0.0456544682 0.0154720042
  endloop
 endfacet

 facet normal -0.571166873 -0.813196063 -0.111716747
  outer loop
  vertex -0.0900085494 -0.045675464 0.0154387243
  vertex -0.0900449604 -0.0456544682 0.0154720042
  vertex -0.0900449604 -0.0456506498 0.0154442061
  endloop
 endfacet

 facet normal -0.653608203 -0.749790668 -0.103006139
  outer loop
  vertex -0.0900449604 -0.0456506498 0.0154442061
  vertex -0.0900449604 -0.0456544682 0.0154720042
  vertex -0.0900787562 -0.0456220172 0.0154502736
  endloop
 endfacet

 facet normal -0.6540398 -0.747422457 -0.116583921
  outer loop
  vertex -0.0900449604 -0.0456506498 0.0154442061
  vertex -0.0900787562 -0.0456220172 0.0154502736
  vertex -0.0900787562 -0.0456181988 0.0154258022
  endloop
 endfacet

 facet normal -0.637444913 -0.75398767 -0.158640057
  outer loop
  vertex -0.0900449604 -0.0456506498 0.0154442061
  vertex -0.0900787562 -0.0456181988 0.0154258022
  vertex -0.0900449604 -0.045644924 0.0154169928
  endloop
 endfacet

 facet normal -0.684336007 -0.72045517 -0.112377524
  outer loop
  vertex -0.0900787562 -0.0456181988 0.0154258022
  vertex -0.0900787562 -0.0456220172 0.0154502736
  vertex -0.0901099592 -0.0455933847 0.0154567342
  endloop
 endfacet

 facet normal -0.700678051 -0.698235571 -0.146688774
  outer loop
  vertex -0.0900787562 -0.0456181988 0.0154258022
  vertex -0.0901099592 -0.0455933847 0.0154567342
  vertex -0.0901125669 -0.0455819331 0.015414644
  endloop
 endfacet

 facet normal -0.777014136 -0.617917001 -0.12011537
  outer loop
  vertex -0.0901125669 -0.0455819331 0.015414644
  vertex -0.0901099592 -0.0455933847 0.0154567342
  vertex -0.0901385695 -0.0455552079 0.0154453805
  endloop
 endfacet

 facet normal -0.782025695 -0.60910356 -0.132018119
  outer loop
  vertex -0.0901125669 -0.0455819331 0.015414644
  vertex -0.0901385695 -0.0455552079 0.0154453805
  vertex -0.0901385695 -0.0455513895 0.0154277598
  endloop
 endfacet

 facet normal -0.814621508 -0.566831708 -0.122856043
  outer loop
  vertex -0.090164572 -0.0455170311 0.0154416598
  vertex -0.0901385695 -0.0455513895 0.0154277598
  vertex -0.0901385695 -0.0455552079 0.0154453805
  endloop
 endfacet

 facet normal -0.820635557 -0.566367865 -0.0760583505
  outer loop
  vertex -0.090164572 -0.0455170311 0.0154416598
  vertex -0.0901385695 -0.0455552079 0.0154453805
  vertex -0.0901619643 -0.0455246679 0.0154704386
  endloop
 endfacet

 facet normal -0.829050958 -0.554498971 -0.0721491799
  outer loop
  vertex -0.090164572 -0.0455170311 0.0154416598
  vertex -0.0901619643 -0.0455246679 0.0154704386
  vertex -0.0901619643 -0.0455265753 0.0154851219
  endloop
 endfacet

 facet normal -0.86052531 -0.505909801 -0.059594553
  outer loop
  vertex -0.090164572 -0.0455170311 0.0154416598
  vertex -0.0901619643 -0.0455265753 0.0154851219
  vertex -0.0901853666 -0.0454845801 0.0154665234
  endloop
 endfacet

 facet normal -0.867587507 -0.48966831 -0.0867000446
  outer loop
  vertex -0.090164572 -0.0455170311 0.0154416598
  vertex -0.0901853666 -0.0454845801 0.0154665234
  vertex -0.0901853666 -0.0454826765 0.0154557554
  endloop
 endfacet

 facet normal -0.869890153 -0.479929805 -0.113834888
  outer loop
  vertex -0.090164572 -0.0455170311 0.0154416598
  vertex -0.0901853666 -0.0454826765 0.0154557554
  vertex -0.0901879743 -0.0454731323 0.0154353948
  endloop
 endfacet

 facet normal -0.901652813 -0.424285054 -0.0836915299
  outer loop
  vertex -0.0901879743 -0.0454731323 0.0154353948
  vertex -0.0901853666 -0.0454826765 0.0154557554
  vertex -0.0902035758 -0.0454483144 0.0154776825
  endloop
 endfacet

 facet normal -0.912967563 -0.394142449 -0.105556011
  outer loop
  vertex -0.0901879743 -0.0454731323 0.0154353948
  vertex -0.0902035758 -0.0454483144 0.0154776825
  vertex -0.090206176 -0.0454349518 0.0154502736
  endloop
 endfacet

 facet normal -0.913389921 -0.389997125 -0.116709471
  outer loop
  vertex -0.0901879743 -0.0454731323 0.0154353948
  vertex -0.090206176 -0.0454349518 0.0154502736
  vertex -0.0902087763 -0.0454254076 0.0154387243
  endloop
 endfacet

 facet normal -0.951049328 -0.294450611 -0.0938299149
  outer loop
  vertex -0.0902087763 -0.0454254076 0.0154387243
  vertex -0.0902191773 -0.0454044119 0.0154782692
  vertex -0.0902243704 -0.045381505 0.015459083
  endloop
 endfacet

 facet normal -0.951714396 -0.28265211 -0.11978104
  outer loop
  vertex -0.0902087763 -0.0454254076 0.0154387243
  vertex -0.0902243704 -0.045381505 0.015459083
  vertex -0.0902139768 -0.0454005934 0.0154214967
  endloop
 endfacet

 facet normal -0.9299891 -0.35738048 -0.086020112
  outer loop
  vertex -0.0902087763 -0.0454254076 0.0154387243
  vertex -0.090206176 -0.0454349518 0.0154502736
  vertex -0.0902035758 -0.0454483144 0.0154776825
  endloop
 endfacet

 facet normal -0.94023037 -0.333177656 -0.0704229847
  outer loop
  vertex -0.0902087763 -0.0454254076 0.0154387243
  vertex -0.0902035758 -0.0454483144 0.0154776825
  vertex -0.0902191773 -0.0454044119 0.0154782692
  endloop
 endfacet

 facet normal -0.958234251 -0.250546396 -0.137890339
  outer loop
  vertex -0.0902139768 -0.0454005934 0.0154214967
  vertex -0.0902243704 -0.045381505 0.015459083
  vertex -0.0902217776 -0.0453662351 0.0154132731
  endloop
 endfacet

 facet normal -0.945221961 -0.261387467 -0.195530817
  outer loop
  vertex -0.0902139768 -0.0454005934 0.0154214967
  vertex -0.0902217776 -0.0453662351 0.0154132731
  vertex -0.0902165771 -0.0453872345 0.0154162105
  endloop
 endfacet

 facet normal -0.959618092 -0.245995685 -0.136451945
  outer loop
  vertex -0.0902217776 -0.0453662351 0.0154132731
  vertex -0.0902243704 -0.045381505 0.015459083
  vertex -0.0902269781 -0.0453700535 0.0154567342
  endloop
 endfacet

 facet normal -0.966457069 -0.218571112 -0.134860545
  outer loop
  vertex -0.0902217776 -0.0453662351 0.0154132731
  vertex -0.0902269781 -0.0453700535 0.0154567342
  vertex -0.0945434421 -0.026257081 0.0154132731
  endloop
 endfacet

 facet normal -0.95190078 -0.215279087 -0.218036816
  outer loop
  vertex -0.0902217776 -0.0453662351 0.0154132731
  vertex -0.0945434421 -0.026257081 0.0154132731
  vertex -0.0945356414 -0.026257081 0.0153792091
  endloop
 endfacet

 facet normal -0.96874547 -0.219045967 -0.116408996
  outer loop
  vertex -0.0945486426 -0.026257081 0.0154565386
  vertex -0.0945434421 -0.026257081 0.0154132731
  vertex -0.0902269781 -0.0453700535 0.0154567342
  endloop
 endfacet

 facet normal -0.974212408 -0.220281407 -0.0488500968
  outer loop
  vertex -0.0945486426 -0.026257081 0.0154565386
  vertex -0.0902269781 -0.0453700535 0.0154567342
  vertex -0.0902295783 -0.0453681462 0.0154999997
  endloop
 endfacet

 facet normal -0.961245477 -0.275693983 0
  outer loop
  vertex -0.0902295783 -0.0453681462 0.0164998043
  vertex -0.0902295783 -0.0453681462 0.0154999997
  vertex -0.0902191773 -0.0454044119 0.0154782692
  endloop
 endfacet

 facet normal -0.961245477 -0.275693983 0
  outer loop
  vertex -0.0902295783 -0.0453681462 0.0164998043
  vertex -0.0902191773 -0.0454044119 0.0154782692
  vertex -0.0902191773 -0.0454044119 0.0154815977
  endloop
 endfacet

 facet normal -0.955266953 -0.295743614 0.000775227905
  outer loop
  vertex -0.0902295783 -0.0453681462 0.0164998043
  vertex -0.0902191773 -0.0454044119 0.0154815977
  vertex -0.0902165771 -0.0454101413 0.0164998043
  endloop
 endfacet

 facet normal -0.942258239 -0.334886849 0.000521831447
  outer loop
  vertex -0.0902035758 -0.0454483144 0.0154776825
  vertex -0.0902165771 -0.0454101413 0.0164998043
  vertex -0.0902191773 -0.0454044119 0.0154815977
  endloop
 endfacet

 facet normal -0.94227308 -0.334845573 0
  outer loop
  vertex -0.0902035758 -0.0454483144 0.0154776825
  vertex -0.0902191773 -0.0454044119 0.0154815977
  vertex -0.0902191773 -0.0454044119 0.0154782692
  endloop
 endfacet

 facet normal -0.900319934 -0.428563058 -0.0758808181
  outer loop
  vertex -0.0902035758 -0.0454483144 0.0154776825
  vertex -0.0901853666 -0.0454826765 0.0154557554
  vertex -0.0901853666 -0.0454845801 0.0154665234
  endloop
 endfacet

 facet normal -0.89457047 -0.446872473 -0.00699095521
  outer loop
  vertex -0.0902035758 -0.0454483144 0.0154776825
  vertex -0.0901853666 -0.0454845801 0.0154665234
  vertex -0.0901827663 -0.0454903096 0.0154999997
  endloop
 endfacet

 facet normal -0.89607513 -0.443902582 0
  outer loop
  vertex -0.0902035758 -0.0454483144 0.0154776825
  vertex -0.0901827663 -0.0454903096 0.0154999997
  vertex -0.0901827663 -0.0454903096 0.0164998043
  endloop
 endfacet

 facet normal -0.867443979 -0.497534931 0
  outer loop
  vertex -0.0901827663 -0.0454903096 0.0164998043
  vertex -0.0901827663 -0.0454903096 0.0154999997
  vertex -0.0901619643 -0.0455265753 0.0154851219
  endloop
 endfacet

 facet normal -0.867443979 -0.497534931 0
  outer loop
  vertex -0.0901827663 -0.0454903096 0.0164998043
  vertex -0.0901619643 -0.0455265753 0.0154851219
  vertex -0.0901619643 -0.0455265753 0.0164998043
  endloop
 endfacet

 facet normal -0.812700808 -0.582681239 0
  outer loop
  vertex -0.0901619643 -0.0455265753 0.0164998043
  vertex -0.0901619643 -0.0455265753 0.0154851219
  vertex -0.0901359618 -0.0455628447 0.0154815977
  endloop
 endfacet

 facet normal -0.812700808 -0.582681239 0
  outer loop
  vertex -0.0901619643 -0.0455265753 0.0164998043
  vertex -0.0901359618 -0.0455628447 0.0154815977
  vertex -0.0901359618 -0.0455628447 0.0164998043
  endloop
 endfacet

 facet normal -0.768537045 -0.639805317 0
  outer loop
  vertex -0.0901359618 -0.0455628447 0.0164998043
  vertex -0.0901359618 -0.0455628447 0.0154815977
  vertex -0.090107359 -0.0455972031 0.0154999997
  endloop
 endfacet

 facet normal -0.768537045 -0.639805317 0
  outer loop
  vertex -0.0901359618 -0.0455628447 0.0164998043
  vertex -0.090107359 -0.0455972031 0.0154999997
  vertex -0.090107359 -0.0455972031 0.0164998043
  endloop
 endfacet

 facet normal -0.699466944 -0.714664936 0
  outer loop
  vertex -0.090107359 -0.0455972031 0.0164998043
  vertex -0.090107359 -0.0455972031 0.0154999997
  vertex -0.090076156 -0.045627743 0.0154999997
  endloop
 endfacet

 facet normal -0.699466944 -0.714664936 0
  outer loop
  vertex -0.090107359 -0.0455972031 0.0164998043
  vertex -0.090076156 -0.045627743 0.0154999997
  vertex -0.090076156 -0.045627743 0.0164998043
  endloop
 endfacet

 facet normal -0.620191336 -0.7844491 0.00156976376
  outer loop
  vertex -0.090076156 -0.045627743 0.0164998043
  vertex -0.0900449604 -0.0456544682 0.0154720042
  vertex -0.0900423527 -0.0456544682 0.0164998043
  endloop
 endfacet

 facet normal -0.650520563 -0.759488702 0
  outer loop
  vertex -0.090076156 -0.045627743 0.0164998043
  vertex -0.090076156 -0.045627743 0.0154999997
  vertex -0.0900449604 -0.0456544682 0.0154720042
  endloop
 endfacet

 facet normal -0.591759622 -0.806113183 0.00149780035
  outer loop
  vertex -0.0900423527 -0.0456544682 0.0164998043
  vertex -0.0900449604 -0.0456544682 0.0154720042
  vertex -0.0900085494 -0.0456792824 0.0164998043
  endloop
 endfacet

 facet normal -0.506403446 -0.8622967 0
  outer loop
  vertex -0.0900085494 -0.0456792824 0.0164998043
  vertex -0.0900085494 -0.0456792824 0.0154692642
  vertex -0.0899695456 -0.0457021892 0.0154999997
  endloop
 endfacet

 facet normal -0.506403446 -0.8622967 0
  outer loop
  vertex -0.0900085494 -0.0456792824 0.0164998043
  vertex -0.0899695456 -0.0457021892 0.0154999997
  vertex -0.0899695456 -0.0457021892 0.0164998043
  endloop
 endfacet

 facet normal -0.563232064 -0.826298833 0
  outer loop
  vertex -0.0900085494 -0.0456792824 0.0164998043
  vertex -0.0900449604 -0.0456544682 0.0154720042
  vertex -0.0900085494 -0.0456792824 0.0154692642
  endloop
 endfacet

 facet normal -0.403068006 -0.915170074 0
  outer loop
  vertex -0.0899695456 -0.0457021892 0.0164998043
  vertex -0.0899695456 -0.0457021892 0.0154999997
  vertex -0.0899305418 -0.0457193665 0.0154999997
  endloop
 endfacet

 facet normal -0.403068006 -0.915170074 0
  outer loop
  vertex -0.0899695456 -0.0457021892 0.0164998043
  vertex -0.0899305418 -0.0457193665 0.0154999997
  vertex -0.0899305418 -0.0457193665 0.0164998043
  endloop
 endfacet

 facet normal 0.0431338921 -0.999069333 0
  outer loop
  vertex -0.0897615254 -0.0457575433 0.0164998043
  vertex -0.0897615254 -0.0457575433 0.0154999997
  vertex -0.0897173211 -0.0457556359 0.0154999997
  endloop
 endfacet

 facet normal 0.0431338921 -0.999069333 0
  outer loop
  vertex -0.0897615254 -0.0457575433 0.0164998043
  vertex -0.0897173211 -0.0457556359 0.0154999997
  vertex -0.0897173211 -0.0457556359 0.0164998043
  endloop
 endfacet

 facet normal -0.0914101899 -0.995813429 0
  outer loop
  vertex -0.0897615254 -0.0457575433 0.0164998043
  vertex -0.0898031294 -0.0457537249 0.0164998043
  vertex -0.0898031294 -0.0457537249 0.0154999997
  endloop
 endfacet

 facet normal -0.0914101899 -0.995813429 0
  outer loop
  vertex -0.0897615254 -0.0457575433 0.0164998043
  vertex -0.0898031294 -0.0457537249 0.0154999997
  vertex -0.0897615254 -0.0457575433 0.0154999997
  endloop
 endfacet

 facet normal 0.0860280171 -0.99629271 0
  outer loop
  vertex -0.0897173211 -0.0457556359 0.0164998043
  vertex -0.0897173211 -0.0457556359 0.0154999997
  vertex -0.0896731168 -0.0457518175 0.0154999997
  endloop
 endfacet

 facet normal 0.0860280171 -0.99629271 0
  outer loop
  vertex -0.0897173211 -0.0457556359 0.0164998043
  vertex -0.0896731168 -0.0457518175 0.0154999997
  vertex -0.0896731168 -0.0457518175 0.0164998043
  endloop
 endfacet

 facet normal -0.170177251 -0.985413492 0
  outer loop
  vertex -0.0898031294 -0.0457537249 0.0164998043
  vertex -0.0898473337 -0.0457460918 0.0164998043
  vertex -0.0898473337 -0.0457460918 0.0154999997
  endloop
 endfacet

 facet normal -0.170177251 -0.985413492 0
  outer loop
  vertex -0.0898031294 -0.0457537249 0.0164998043
  vertex -0.0898473337 -0.0457460918 0.0154999997
  vertex -0.0898031294 -0.0457537249 0.0154999997
  endloop
 endfacet

 facet normal -0.265404195 -0.964137197 0
  outer loop
  vertex -0.0898473337 -0.0457460918 0.0164998043
  vertex -0.0898889378 -0.0457346365 0.0164998043
  vertex -0.0898889378 -0.0457346365 0.0154999997
  endloop
 endfacet

 facet normal -0.265404195 -0.964137197 0
  outer loop
  vertex -0.0898473337 -0.0457460918 0.0164998043
  vertex -0.0898889378 -0.0457346365 0.0154999997
  vertex -0.0898473337 -0.0457460918 0.0154999997
  endloop
 endfacet

 facet normal 0.180526346 -0.983570099 0
  outer loop
  vertex -0.0896731168 -0.0457518175 0.0164998043
  vertex -0.0896731168 -0.0457518175 0.0154999997
  vertex -0.0896315128 -0.0457441807 0.0154999997
  endloop
 endfacet

 facet normal 0.180526346 -0.983570099 0
  outer loop
  vertex -0.0896731168 -0.0457518175 0.0164998043
  vertex -0.0896315128 -0.0457441807 0.0154999997
  vertex -0.0896315128 -0.0457441807 0.0164998043
  endloop
 endfacet

 facet normal 0.220547289 -0.975376308 0
  outer loop
  vertex -0.0896315128 -0.0457441807 0.0164998043
  vertex -0.0896315128 -0.0457441807 0.0154999997
  vertex -0.067986764 -0.04084998 0.0154999997
  endloop
 endfacet

 facet normal 0.220547289 -0.975376308 0
  outer loop
  vertex -0.0896315128 -0.0457441807 0.0164998043
  vertex -0.067986764 -0.04084998 0.0154999997
  vertex -0.067986764 -0.04084998 0.016509397
  endloop
 endfacet

 facet normal -0.344560951 -0.938763976 0
  outer loop
  vertex -0.0899305418 -0.0457193665 0.0164998043
  vertex -0.0899305418 -0.0457193665 0.0154999997
  vertex -0.0898889378 -0.0457346365 0.0154999997
  endloop
 endfacet

 facet normal -0.344560951 -0.938763976 0
  outer loop
  vertex -0.0899305418 -0.0457193665 0.0164998043
  vertex -0.0898889378 -0.0457346365 0.0154999997
  vertex -0.0898889378 -0.0457346365 0.0164998043
  endloop
 endfacet

 facet normal 0.220342144 -0.974465489 -0.0432027951
  outer loop
  vertex -0.067986764 -0.0408480689 0.0154569298
  vertex -0.067986764 -0.04084998 0.0154999997
  vertex -0.0896315128 -0.0457422733 0.0154565386
  endloop
 endfacet

 facet normal 0.180358231 -0.982654035 -0.0431512743
  outer loop
  vertex -0.0896315128 -0.0457422733 0.0154565386
  vertex -0.0896315128 -0.0457441807 0.0154999997
  vertex -0.0896731168 -0.0457518175 0.0154999997
  endloop
 endfacet

 facet normal 0.18011409 -0.982688248 -0.0433924682
  outer loop
  vertex -0.0896315128 -0.0457422733 0.0154565386
  vertex -0.0896731168 -0.0457518175 0.0154999997
  vertex -0.0896731168 -0.0457499065 0.0154567342
  endloop
 endfacet

 facet normal 0.220345244 -0.974482894 -0.0427924506
  outer loop
  vertex -0.0896315128 -0.0457422733 0.0154565386
  vertex -0.067986764 -0.04084998 0.0154999997
  vertex -0.0896315128 -0.0457441807 0.0154999997
  endloop
 endfacet

 facet normal 0.085944891 -0.995330036 -0.0439506881
  outer loop
  vertex -0.0896731168 -0.0457499065 0.0154567342
  vertex -0.0896731168 -0.0457518175 0.0154999997
  vertex -0.0897173211 -0.0457556359 0.0154999997
  endloop
 endfacet

 facet normal 0.0855534747 -0.99534601 -0.0443527251
  outer loop
  vertex -0.0896731168 -0.0457499065 0.0154567342
  vertex -0.0897173211 -0.0457556359 0.0154999997
  vertex -0.0897173211 -0.0457537249 0.0154571263
  endloop
 endfacet

 facet normal 0.0430912077 -0.99808073 -0.0444745831
  outer loop
  vertex -0.0897173211 -0.0457537249 0.0154571263
  vertex -0.0897173211 -0.0457556359 0.0154999997
  vertex -0.0897615254 -0.0457575433 0.0154999997
  endloop
 endfacet

 facet normal 0.0423337035 -0.998078048 -0.045255363
  outer loop
  vertex -0.0897173211 -0.0457537249 0.0154571263
  vertex -0.0897615254 -0.0457575433 0.0154999997
  vertex -0.0897615254 -0.0457556359 0.0154579086
  endloop
 endfacet

 facet normal -0.0913171396 -0.994799793 -0.0451067202
  outer loop
  vertex -0.0897615254 -0.0457556359 0.0154579086
  vertex -0.0897615254 -0.0457575433 0.0154999997
  vertex -0.0898031294 -0.0457537249 0.0154999997
  endloop
 endfacet

 facet normal -0.0925628841 -0.994627774 -0.046345856
  outer loop
  vertex -0.0897615254 -0.0457556359 0.0154579086
  vertex -0.0898031294 -0.0457537249 0.0154999997
  vertex -0.0898031294 -0.0457518175 0.015459083
  endloop
 endfacet

 facet normal -0.169998139 -0.984376311 -0.0458681807
  outer loop
  vertex -0.0898031294 -0.0457518175 0.015459083
  vertex -0.0898031294 -0.0457537249 0.0154999997
  vertex -0.0898473337 -0.0457460918 0.0154999997
  endloop
 endfacet

 facet normal -0.475929081 -0.878038168 -0.0504037887
  outer loop
  vertex -0.0899695456 -0.0457021892 0.0154999997
  vertex -0.0900085494 -0.0456792824 0.0154692642
  vertex -0.0899695456 -0.0457002781 0.0154667199
  endloop
 endfacet

 facet normal -0.674962521 -0.736190975 -0.0494817011
  outer loop
  vertex -0.0900449604 -0.0456544682 0.0154720042
  vertex -0.090076156 -0.045627743 0.0154999997
  vertex -0.0900787562 -0.0456220172 0.0154502736
  endloop
 endfacet

 facet normal -0.680730045 -0.730922222 -0.0485735498
  outer loop
  vertex -0.0900787562 -0.0456220172 0.0154502736
  vertex -0.090076156 -0.045627743 0.0154999997
  vertex -0.0901099592 -0.0455933847 0.0154567342
  endloop
 endfacet

 facet normal -0.699312389 -0.714507043 -0.0210198574
  outer loop
  vertex -0.0901099592 -0.0455933847 0.0154567342
  vertex -0.090076156 -0.045627743 0.0154999997
  vertex -0.090107359 -0.0455972031 0.0154999997
  endloop
 endfacet

 facet normal -0.765656888 -0.643159628 -0.0107392184
  outer loop
  vertex -0.0901099592 -0.0455933847 0.0154567342
  vertex -0.090107359 -0.0455972031 0.0154999997
  vertex -0.0901359618 -0.0455628447 0.0154815977
  endloop
 endfacet

 facet normal -0.787728548 -0.611753404 -0.0723987967
  outer loop
  vertex -0.0901099592 -0.0455933847 0.0154567342
  vertex -0.0901359618 -0.0455628447 0.0154815977
  vertex -0.0901385695 -0.0455552079 0.0154453805
  endloop
 endfacet

 facet normal -0.813973069 -0.577445686 -0.0632803887
  outer loop
  vertex -0.0901385695 -0.0455552079 0.0154453805
  vertex -0.0901359618 -0.0455628447 0.0154815977
  vertex -0.0901619643 -0.0455265753 0.0154851219
  endloop
 endfacet

 facet normal -0.819951773 -0.567647576 -0.0738600194
  outer loop
  vertex -0.0901385695 -0.0455552079 0.0154453805
  vertex -0.0901619643 -0.0455265753 0.0154851219
  vertex -0.0901619643 -0.0455246679 0.0154704386
  endloop
 endfacet

 facet normal -0.87025708 -0.492316246 -0.0166539531
  outer loop
  vertex -0.0901619643 -0.0455265753 0.0154851219
  vertex -0.0901827663 -0.0454903096 0.0154999997
  vertex -0.0901853666 -0.0454845801 0.0154665234
  endloop
 endfacet

 facet normal -0.966599941 -0.253108382 -0.0402576104
  outer loop
  vertex -0.0902191773 -0.0454044119 0.0154782692
  vertex -0.0902295783 -0.0453681462 0.0154999997
  vertex -0.0902243704 -0.045381505 0.015459083
  endloop
 endfacet

 facet normal -0.971833229 -0.230677605 -0.0482479818
  outer loop
  vertex -0.0902243704 -0.045381505 0.015459083
  vertex -0.0902295783 -0.0453681462 0.0154999997
  vertex -0.0902269781 -0.0453700535 0.0154567342
  endloop
 endfacet

endsolid AssimpScene
