solid AssimpScene
 facet normal 0.043895524 -0.0481730215 -0.997874022
  outer loop
  vertex -0.0714998022 0.021653207 -0.0128544867
  vertex -0.0714580417 0.021643538 -0.0128521835
  vertex -0.0714696422 0.0216011368 -0.0128506469
  endloop
 endfacet

 facet normal 0.00149191392 -0.0726951957 -0.997353077
  outer loop
  vertex -0.0714998022 0.021653207 -0.0128544867
  vertex -0.0714696422 0.0216011368 -0.0128506469
  vertex -0.0715114027 0.0216108058 -0.0128514143
  endloop
 endfacet

 facet normal -0.051974155 -0.0580374114 -0.99696058
  outer loop
  vertex -0.0714998022 0.021653207 -0.0128544867
  vertex -0.0715114027 0.0216108058 -0.0128514143
  vertex -0.0715508461 0.0216197334 -0.0128498776
  endloop
 endfacet

 facet normal -0.0777020156 -0.0187838748 -0.996799648
  outer loop
  vertex -0.0714998022 0.021653207 -0.0128544867
  vertex -0.0715508461 0.0216197334 -0.0128498776
  vertex -0.0715415627 0.0216628779 -0.0128514143
  endloop
 endfacet

 facet normal -0.0697544962 0.0157418139 -0.997439981
  outer loop
  vertex -0.0714998022 0.021653207 -0.0128544867
  vertex -0.0715415627 0.0216628779 -0.0128514143
  vertex -0.0710891336 0.0236676559 -0.0128514143
  endloop
 endfacet

 facet normal -0.0695384368 0.0156977922 -0.997455776
  outer loop
  vertex -0.0714998022 0.021653207 -0.0128544867
  vertex -0.0710891336 0.0236676559 -0.0128514143
  vertex -0.071045056 0.0236676559 -0.0128544867
  endloop
 endfacet

 facet normal 0.0521880649 -0.0117810732 -0.998567879
  outer loop
  vertex -0.0714998022 0.021653207 -0.0128544867
  vertex -0.071045056 0.0236676559 -0.0128544867
  vertex -0.0710009709 0.0236676559 -0.0128521835
  endloop
 endfacet

 facet normal 0.0523507558 -0.0118213696 -0.998558879
  outer loop
  vertex -0.0714998022 0.021653207 -0.0128544867
  vertex -0.0710009709 0.0236676559 -0.0128521835
  vertex -0.0714580417 0.021643538 -0.0128521835
  endloop
 endfacet

 facet normal 0.129088834 -0.0711647123 -0.989076257
  outer loop
  vertex -0.0714580417 0.021643538 -0.0128521835
  vertex -0.0714162737 0.0216338672 -0.0128460368
  vertex -0.0714278817 0.0215914659 -0.0128445001
  endloop
 endfacet

 facet normal 0.129088834 -0.0711647123 -0.989076257
  outer loop
  vertex -0.0714580417 0.021643538 -0.0128521835
  vertex -0.0714278817 0.0215914659 -0.0128445001
  vertex -0.0714696422 0.0216011368 -0.0128506469
  endloop
 endfacet

 facet normal 0.109727964 -0.0247777663 -0.993652761
  outer loop
  vertex -0.0714580417 0.021643538 -0.0128521835
  vertex -0.0710009709 0.0236676559 -0.0128521835
  vertex -0.0709800869 0.0236676559 -0.0128498776
  endloop
 endfacet

 facet normal 0.138380632 -0.0315477401 -0.989876509
  outer loop
  vertex -0.0714580417 0.021643538 -0.0128521835
  vertex -0.0709800869 0.0236676559 -0.0128498776
  vertex -0.0714162737 0.0216338672 -0.0128460368
  endloop
 endfacet

 facet normal 0.109564416 -0.151239648 -0.982406437
  outer loop
  vertex -0.0714696422 0.0216011368 -0.0128506469
  vertex -0.0714278817 0.0215914659 -0.0128445001
  vertex -0.0714371577 0.0215498079 -0.0128391217
  endloop
 endfacet

 facet normal 0.0883882493 -0.164635956 -0.982386112
  outer loop
  vertex -0.0714696422 0.0216011368 -0.0128506469
  vertex -0.0714371577 0.0215498079 -0.0128391217
  vertex -0.0714789182 0.0215594769 -0.0128445001
  endloop
 endfacet

 facet normal 0.00524142804 -0.147104725 -0.989107072
  outer loop
  vertex -0.0714696422 0.0216011368 -0.0128506469
  vertex -0.0714789182 0.0215594769 -0.0128445001
  vertex -0.0715183616 0.0215684045 -0.0128460368
  endloop
 endfacet

 facet normal -0.0105059249 -0.124101378 -0.992214024
  outer loop
  vertex -0.0714696422 0.0216011368 -0.0128506469
  vertex -0.0715183616 0.0215684045 -0.0128460368
  vertex -0.0715114027 0.0216108058 -0.0128514143
  endloop
 endfacet

 facet normal -0.0646631271 -0.115088448 -0.991248369
  outer loop
  vertex -0.0715114027 0.0216108058 -0.0128514143
  vertex -0.0715183616 0.0215684045 -0.0128460368
  vertex -0.0715508461 0.0216197334 -0.0128498776
  endloop
 endfacet

 facet normal -0.137370408 -0.124829814 -0.982622504
  outer loop
  vertex -0.0715508461 0.0216197334 -0.0128498776
  vertex -0.0715624467 0.0215780754 -0.0128429634
  vertex -0.0716042072 0.0215877462 -0.0128383534
  endloop
 endfacet

 facet normal -0.169728845 -0.0709593892 -0.982932806
  outer loop
  vertex -0.0715508461 0.0216197334 -0.0128498776
  vertex -0.0716042072 0.0215877462 -0.0128383534
  vertex -0.0715949312 0.0216294043 -0.0128429634
  endloop
 endfacet

 facet normal -0.160776183 -0.0275241174 -0.986607134
  outer loop
  vertex -0.0715508461 0.0216197334 -0.0128498776
  vertex -0.0715949312 0.0216294043 -0.0128429634
  vertex -0.0715833306 0.0216718055 -0.0128460368
  endloop
 endfacet

 facet normal -0.129269511 -0.00750380522 -0.991581142
  outer loop
  vertex -0.0715508461 0.0216197334 -0.0128498776
  vertex -0.0715833306 0.0216718055 -0.0128460368
  vertex -0.0715415627 0.0216628779 -0.0128514143
  endloop
 endfacet

 facet normal -0.0985927507 -0.136150151 -0.985770106
  outer loop
  vertex -0.0715508461 0.0216197334 -0.0128498776
  vertex -0.0715183616 0.0215684045 -0.0128460368
  vertex -0.0715624467 0.0215780754 -0.0128429634
  endloop
 endfacet

 facet normal -0.121862598 0.0275012851 -0.992165983
  outer loop
  vertex -0.0715415627 0.0216628779 -0.0128514143
  vertex -0.0715833306 0.0216718055 -0.0128460368
  vertex -0.0710891336 0.0236676559 -0.0128514143
  endloop
 endfacet

 facet normal 0 1 0
  outer loop
  vertex -0.0710891336 0.0236676559 -0.0128514143
  vertex -0.0711309016 0.0236676559 -0.0128460368
  vertex -0.0711587444 0.0236676559 -0.0128406584
  endloop
 endfacet

 facet normal 0 1 0
  outer loop
  vertex -0.0710891336 0.0236676559 -0.0128514143
  vertex -0.0711587444 0.0236676559 -0.0128406584
  vertex -0.0711749867 0.0236676559 -0.0128360484
  endloop
 endfacet

 facet normal 0 1 0
  outer loop
  vertex -0.0710891336 0.0236676559 -0.0128514143
  vertex -0.0711749867 0.0236676559 -0.0128360484
  vertex -0.0712213814 0.0236676559 -0.0128222201
  endloop
 endfacet

 facet normal 0 1 0
  outer loop
  vertex -0.0710891336 0.0236676559 -0.0128514143
  vertex -0.0712213814 0.0236676559 -0.0128222201
  vertex -0.0712608248 0.0236676559 -0.0128060868
  endloop
 endfacet

 facet normal 0 1 0
  outer loop
  vertex -0.0710891336 0.0236676559 -0.0128514143
  vertex -0.0712608248 0.0236676559 -0.0128060868
  vertex -0.0713002682 0.0236676559 -0.012784576
  endloop
 endfacet

 facet normal 0 1 0
  outer loop
  vertex -0.0710891336 0.0236676559 -0.0128514143
  vertex -0.0713002682 0.0236676559 -0.012784576
  vertex -0.0713373944 0.0236676559 -0.0127622969
  endloop
 endfacet

 facet normal 0 1 0
  outer loop
  vertex -0.0710891336 0.0236676559 -0.0128514143
  vertex -0.0713373944 0.0236676559 -0.0127622969
  vertex -0.0713721961 0.0236676559 -0.0127354078
  endloop
 endfacet

 facet normal 0 1 0
  outer loop
  vertex -0.0710891336 0.0236676559 -0.0128514143
  vertex -0.0713721961 0.0236676559 -0.0127354078
  vertex -0.0714046806 0.0236676559 -0.0127062146
  endloop
 endfacet

 facet normal 0 1 0
  outer loop
  vertex -0.0710891336 0.0236676559 -0.0128514143
  vertex -0.0714046806 0.0236676559 -0.0127062146
  vertex -0.07142324 0.0236676559 -0.0126877762
  endloop
 endfacet

 facet normal 0 1 0
  outer loop
  vertex -0.0710891336 0.0236676559 -0.0128514143
  vertex -0.07142324 0.0236676559 -0.0126877762
  vertex -0.0714348406 0.0236676559 -0.012673948
  endloop
 endfacet

 facet normal 0 1 0
  outer loop
  vertex -0.0710891336 0.0236676559 -0.0128514143
  vertex -0.0714348406 0.0236676559 -0.012673948
  vertex -0.0714626834 0.0236676559 -0.012638608
  endloop
 endfacet

 facet normal 0 1 0
  outer loop
  vertex -0.0710891336 0.0236676559 -0.0128514143
  vertex -0.0714626834 0.0236676559 -0.012638608
  vertex -0.0714858845 0.0236676559 -0.0126025006
  endloop
 endfacet

 facet normal 0 1 0
  outer loop
  vertex -0.0710891336 0.0236676559 -0.0128514143
  vertex -0.0714858845 0.0236676559 -0.0126025006
  vertex -0.071506761 0.0236676559 -0.0125633189
  endloop
 endfacet

 facet normal 0 1 0
  outer loop
  vertex -0.0710891336 0.0236676559 -0.0128514143
  vertex -0.071506761 0.0236676559 -0.0125633189
  vertex -0.0715160444 0.0236676559 -0.0125410408
  endloop
 endfacet

 facet normal 0 1 0
  outer loop
  vertex -0.0710891336 0.0236676559 -0.0128514143
  vertex -0.0715160444 0.0236676559 -0.0125410408
  vertex -0.0715230033 0.0236676559 -0.0125233708
  endloop
 endfacet

 facet normal 0 1 0
  outer loop
  vertex -0.0710891336 0.0236676559 -0.0128514143
  vertex -0.0715230033 0.0236676559 -0.0125233708
  vertex -0.0715369284 0.0236676559 -0.0124826534
  endloop
 endfacet

 facet normal 0 1 0
  outer loop
  vertex -0.0710891336 0.0236676559 -0.0128514143
  vertex -0.0715369284 0.0236676559 -0.0124826534
  vertex -0.0715462044 0.0236676559 -0.0124403993
  endloop
 endfacet

 facet normal 0 1 0
  outer loop
  vertex -0.0710891336 0.0236676559 -0.0128514143
  vertex -0.0715462044 0.0236676559 -0.0124403993
  vertex -0.0715508461 0.0236676559 -0.0124004502
  endloop
 endfacet

 facet normal 0 1 0
  outer loop
  vertex -0.0710891336 0.0236676559 -0.0128514143
  vertex -0.0715508461 0.0236676559 -0.0124004502
  vertex -0.0715531632 0.0236676559 -0.0123574277
  endloop
 endfacet

 facet normal 0 1 0
  outer loop
  vertex -0.0710891336 0.0236676559 -0.0128514143
  vertex -0.0715531632 0.0236676559 -0.0123574277
  vertex -0.0715531632 0.0236676559 -0.0107663795
  endloop
 endfacet

 facet normal 0 1 0
  outer loop
  vertex -0.0710891336 0.0236676559 -0.0128514143
  vertex -0.0715531632 0.0236676559 -0.0107663795
  vertex -0.0715485215 0.0236676559 -0.0106711155
  endloop
 endfacet

 facet normal 0 1 0
  outer loop
  vertex -0.0710891336 0.0236676559 -0.0128514143
  vertex -0.0715485215 0.0236676559 -0.0106711155
  vertex -0.0715346038 0.0236676559 -0.0105866082
  endloop
 endfacet

 facet normal 0 1 0
  outer loop
  vertex -0.0710891336 0.0236676559 -0.0128514143
  vertex -0.0715346038 0.0236676559 -0.0105866082
  vertex -0.0715230033 0.0236676559 -0.0105451224
  endloop
 endfacet

 facet normal 0 1 0
  outer loop
  vertex -0.0710891336 0.0236676559 -0.0128514143
  vertex -0.0715230033 0.0236676559 -0.0105451224
  vertex -0.0715160444 0.0236676559 -0.010522075
  endloop
 endfacet

 facet normal 0 1 0
  outer loop
  vertex -0.0710891336 0.0236676559 -0.0128514143
  vertex -0.0715160444 0.0236676559 -0.010522075
  vertex -0.0714998022 0.0236676559 -0.0104775159
  endloop
 endfacet

 facet normal 0 1 0
  outer loop
  vertex -0.0710891336 0.0236676559 -0.0128514143
  vertex -0.0714998022 0.0236676559 -0.0104775159
  vertex -0.0714812428 0.0236676559 -0.010436031
  endloop
 endfacet

 facet normal 0 1 0
  outer loop
  vertex -0.0710891336 0.0236676559 -0.0128514143
  vertex -0.0714812428 0.0236676559 -0.010436031
  vertex -0.0714580417 0.0236676559 -0.0103945453
  endloop
 endfacet

 facet normal 0 1 0
  outer loop
  vertex -0.0710891336 0.0236676559 -0.0128514143
  vertex -0.0714580417 0.0236676559 -0.0103945453
  vertex -0.0714348406 0.0236676559 -0.0103569003
  endloop
 endfacet

 facet normal 0 1 0
  outer loop
  vertex -0.0710891336 0.0236676559 -0.0128514143
  vertex -0.0714348406 0.0236676559 -0.0103569003
  vertex -0.0714116395 0.0236676559 -0.0103261704
  endloop
 endfacet

 facet normal 0 1 0
  outer loop
  vertex -0.0710891336 0.0236676559 -0.0128514143
  vertex -0.0714116395 0.0236676559 -0.0103261704
  vertex -0.0713791549 0.0236676559 -0.0102885263
  endloop
 endfacet

 facet normal 0 1 0
  outer loop
  vertex -0.0710891336 0.0236676559 -0.0128514143
  vertex -0.0713791549 0.0236676559 -0.0102885263
  vertex -0.071348995 0.0236676559 -0.0102593331
  endloop
 endfacet

 facet normal 0 1 0
  outer loop
  vertex -0.0710891336 0.0236676559 -0.0128514143
  vertex -0.071348995 0.0236676559 -0.0102593331
  vertex -0.0713141933 0.0236676559 -0.0102347489
  endloop
 endfacet

 facet normal 0 1 0
  outer loop
  vertex -0.0710891336 0.0236676559 -0.0128514143
  vertex -0.0713141933 0.0236676559 -0.0102347489
  vertex -0.0712793916 0.0236676559 -0.0102140065
  endloop
 endfacet

 facet normal 0 1 0
  outer loop
  vertex -0.0710891336 0.0236676559 -0.0128514143
  vertex -0.0712793916 0.0236676559 -0.0102140065
  vertex -0.0712422654 0.0236676559 -0.0101978732
  endloop
 endfacet

 facet normal 0 1 0
  outer loop
  vertex -0.0710891336 0.0236676559 -0.0128514143
  vertex -0.0712422654 0.0236676559 -0.0101978732
  vertex -0.0712074637 0.0236676559 -0.010186349
  endloop
 endfacet

 facet normal 0 1 0
  outer loop
  vertex -0.0710891336 0.0236676559 -0.0128514143
  vertex -0.0712074637 0.0236676559 -0.010186349
  vertex -0.0590777621 0.0236676559 -0.00779170822
  endloop
 endfacet

 facet normal 0 1 0
  outer loop
  vertex -0.0710891336 0.0236676559 -0.0128514143
  vertex -0.0590777621 0.0236676559 -0.00779170822
  vertex -0.0590777621 0.0236676559 -0.00985600054
  endloop
 endfacet

 facet normal 0 1 0
  outer loop
  vertex -0.0710891336 0.0236676559 -0.0128514143
  vertex -0.0590777621 0.0236676559 -0.00985600054
  vertex -0.0620011389 0.0236676559 -0.0105927549
  endloop
 endfacet

 facet normal 0 1 0
  outer loop
  vertex -0.0710891336 0.0236676559 -0.0128514143
  vertex -0.0620011389 0.0236676559 -0.0105927549
  vertex -0.0709128082 0.0236676559 -0.0128383534
  endloop
 endfacet

 facet normal 0 1 0
  outer loop
  vertex -0.0710891336 0.0236676559 -0.0128514143
  vertex -0.0709128082 0.0236676559 -0.0128383534
  vertex -0.0709545687 0.0236676559 -0.0128460368
  endloop
 endfacet

 facet normal 0 1 0
  outer loop
  vertex -0.0710891336 0.0236676559 -0.0128514143
  vertex -0.0709545687 0.0236676559 -0.0128460368
  vertex -0.0709800869 0.0236676559 -0.0128498776
  endloop
 endfacet

 facet normal 0 1 0
  outer loop
  vertex -0.0710891336 0.0236676559 -0.0128514143
  vertex -0.0709800869 0.0236676559 -0.0128498776
  vertex -0.0710009709 0.0236676559 -0.0128521835
  endloop
 endfacet

 facet normal 0 1 0
  outer loop
  vertex -0.0710891336 0.0236676559 -0.0128514143
  vertex -0.0710009709 0.0236676559 -0.0128521835
  vertex -0.071045056 0.0236676559 -0.0128544867
  endloop
 endfacet

 facet normal -0.127647921 0.0289358608 -0.991397381
  outer loop
  vertex -0.0710891336 0.0236676559 -0.0128514143
  vertex -0.0715833306 0.0216718055 -0.0128460368
  vertex -0.0711309016 0.0236676559 -0.0128460368
  endloop
 endfacet

 facet normal 0.163694665 -0.0804215819 -0.983227611
  outer loop
  vertex -0.0714162737 0.0216338672 -0.0128460368
  vertex -0.0713745132 0.0216249395 -0.0128383534
  vertex -0.0714278817 0.0215914659 -0.0128445001
  endloop
 endfacet

 facet normal 0.148722917 -0.0337628797 -0.98830241
  outer loop
  vertex -0.0714162737 0.0216338672 -0.0128460368
  vertex -0.0709800869 0.0236676559 -0.0128498776
  vertex -0.0709545687 0.0236676559 -0.0128460368
  endloop
 endfacet

 facet normal 0.172683388 -0.0392023511 -0.984196901
  outer loop
  vertex -0.0714162737 0.0216338672 -0.0128460368
  vertex -0.0709545687 0.0236676559 -0.0128460368
  vertex -0.0713745132 0.0216249395 -0.0128383534
  endloop
 endfacet

 facet normal 0.169800863 -0.0905072391 -0.981313467
  outer loop
  vertex -0.0714278817 0.0215914659 -0.0128445001
  vertex -0.0713745132 0.0216249395 -0.0128383534
  vertex -0.0713837966 0.0215825383 -0.0128360484
  endloop
 endfacet

 facet normal 0.154447734 -0.160271376 -0.974914908
  outer loop
  vertex -0.0714278817 0.0215914659 -0.0128445001
  vertex -0.0713837966 0.0215825383 -0.0128360484
  vertex -0.0714371577 0.0215498079 -0.0128391217
  endloop
 endfacet

 facet normal 0.0786152706 -0.236064941 -0.968552053
  outer loop
  vertex -0.0714371577 0.0215498079 -0.0128391217
  vertex -0.0714464411 0.021508893 -0.0128299035
  vertex -0.0714858845 0.0215178207 -0.01283528
  endloop
 endfacet

 facet normal 0.0724919885 -0.227053612 -0.971180439
  outer loop
  vertex -0.0714371577 0.0215498079 -0.0128391217
  vertex -0.0714858845 0.0215178207 -0.01283528
  vertex -0.0714789182 0.0215594769 -0.0128445001
  endloop
 endfacet

 facet normal 0.172571614 -0.190621957 -0.966375828
  outer loop
  vertex -0.0714371577 0.0215498079 -0.0128391217
  vertex -0.0713837966 0.0215825383 -0.0128360484
  vertex -0.0713953972 0.0215408802 -0.0128299035
  endloop
 endfacet

 facet normal 0.160329551 -0.238940418 -0.957706571
  outer loop
  vertex -0.0714371577 0.0215498079 -0.0128391217
  vertex -0.0713953972 0.0215408802 -0.0128299035
  vertex -0.0714069977 0.0214992221 -0.0128214518
  endloop
 endfacet

 facet normal 0.144289777 -0.24854207 -0.957813859
  outer loop
  vertex -0.0714371577 0.0215498079 -0.0128391217
  vertex -0.0714069977 0.0214992221 -0.0128214518
  vertex -0.0714464411 0.021508893 -0.0128299035
  endloop
 endfacet

 facet normal -0.00940794218 -0.214581549 -0.976660728
  outer loop
  vertex -0.0714789182 0.0215594769 -0.0128445001
  vertex -0.0714858845 0.0215178207 -0.01283528
  vertex -0.0715299621 0.0215267465 -0.0128368167
  endloop
 endfacet

 facet normal -0.0102285407 -0.213362634 -0.976919591
  outer loop
  vertex -0.0714789182 0.0215594769 -0.0128445001
  vertex -0.0715299621 0.0215267465 -0.0128368167
  vertex -0.0715183616 0.0215684045 -0.0128460368
  endloop
 endfacet

 facet normal -0.108845204 -0.185817406 -0.976537108
  outer loop
  vertex -0.0715183616 0.0215684045 -0.0128460368
  vertex -0.0715299621 0.0215267465 -0.0128368167
  vertex -0.0715624467 0.0215780754 -0.0128429634
  endloop
 endfacet

 facet normal -0.150974751 -0.189497858 -0.970204771
  outer loop
  vertex -0.0715624467 0.0215780754 -0.0128429634
  vertex -0.0715694055 0.0215364173 -0.0128337443
  vertex -0.0716042072 0.0215877462 -0.0128383534
  endloop
 endfacet

 facet normal -0.123555534 -0.194708705 -0.973048151
  outer loop
  vertex -0.0715624467 0.0215780754 -0.0128429634
  vertex -0.0715299621 0.0215267465 -0.0128368167
  vertex -0.0715694055 0.0215364173 -0.0128337443
  endloop
 endfacet

 facet normal -0.167050689 -0.199971169 -0.965456188
  outer loop
  vertex -0.0716042072 0.0215877462 -0.0128383534
  vertex -0.0715694055 0.0215364173 -0.0128337443
  vertex -0.071611166 0.0215453431 -0.0128283668
  endloop
 endfacet

 facet normal -0.278978944 -0.17652753 -0.943932652
  outer loop
  vertex -0.0716042072 0.0215877462 -0.0128383534
  vertex -0.071611166 0.0215453431 -0.0128283668
  vertex -0.0716506094 0.0215542708 -0.0128183784
  endloop
 endfacet

 facet normal -0.278961301 -0.17655234 -0.943933189
  outer loop
  vertex -0.0716042072 0.0215877462 -0.0128383534
  vertex -0.0716506094 0.0215542708 -0.0128183784
  vertex -0.0716436505 0.021596672 -0.0128283668
  endloop
 endfacet

 facet normal -0.258224666 -0.0623987429 -0.964067638
  outer loop
  vertex -0.0716042072 0.0215877462 -0.0128383534
  vertex -0.0716436505 0.021596672 -0.0128283668
  vertex -0.0716366917 0.0216390733 -0.0128329759
  endloop
 endfacet

 facet normal -0.243833378 -0.0528399423 -0.968376696
  outer loop
  vertex -0.0716042072 0.0215877462 -0.0128383534
  vertex -0.0716366917 0.0216390733 -0.0128329759
  vertex -0.0715949312 0.0216294043 -0.0128429634
  endloop
 endfacet

 facet normal -0.236636281 -0.0186153688 -0.97141999
  outer loop
  vertex -0.0715949312 0.0216294043 -0.0128429634
  vertex -0.0716366917 0.0216390733 -0.0128329759
  vertex -0.0716274083 0.0216814745 -0.0128360484
  endloop
 endfacet

 facet normal -0.222978041 -0.00964983739 -0.974775732
  outer loop
  vertex -0.0715949312 0.0216294043 -0.0128429634
  vertex -0.0716274083 0.0216814745 -0.0128360484
  vertex -0.0715833306 0.0216718055 -0.0128460368
  endloop
 endfacet

 facet normal -0.210808098 0.0474771485 -0.976373851
  outer loop
  vertex -0.0715833306 0.0216718055 -0.0128460368
  vertex -0.0716274083 0.0216814745 -0.0128360484
  vertex -0.0711587444 0.0236676559 -0.0128406584
  endloop
 endfacet

 facet normal -0.189478785 0.0429519787 -0.980944872
  outer loop
  vertex -0.0715833306 0.0216718055 -0.0128460368
  vertex -0.0711587444 0.0236676559 -0.0128406584
  vertex -0.0711309016 0.0236676559 -0.0128460368
  endloop
 endfacet

 facet normal 0.180782542 -0.0408616625 -0.982674003
  outer loop
  vertex -0.0713745132 0.0216249395 -0.0128383534
  vertex -0.0709545687 0.0236676559 -0.0128460368
  vertex -0.0709128082 0.0236676559 -0.0128383534
  endloop
 endfacet

 facet normal 0.243843079 -0.0551150255 -0.968247354
  outer loop
  vertex -0.0713745132 0.0216249395 -0.0128383534
  vertex -0.0709128082 0.0236676559 -0.0128383534
  vertex -0.0521938987 0.0214977358 -0.00800067279
  endloop
 endfacet

 facet normal 0.243840605 -0.0552415475 -0.968240738
  outer loop
  vertex -0.0713745132 0.0216249395 -0.0128383534
  vertex -0.0521938987 0.0214977358 -0.00800067279
  vertex -0.053101074 0.0174933895 -0.00800067279
  endloop
 endfacet

 facet normal 0.232618064 -0.103480391 -0.967047393
  outer loop
  vertex -0.0713745132 0.0216249395 -0.0128383534
  vertex -0.053101074 0.0174933895 -0.00800067279
  vertex -0.0713837966 0.0215825383 -0.0128360484
  endloop
 endfacet

 facet normal 0.232393473 -0.104427956 -0.966999531
  outer loop
  vertex -0.0713837966 0.0215825383 -0.0128360484
  vertex -0.053101074 0.0174933895 -0.00800067279
  vertex -0.05812186 0.0185846724 -0.00932513922
  endloop
 endfacet

 facet normal 0.2255885 -0.132404655 -0.965183377
  outer loop
  vertex -0.0713837966 0.0215825383 -0.0128360484
  vertex -0.05812186 0.0185846724 -0.00932513922
  vertex -0.0530871525 0.0174294151 -0.00798991788
  endloop
 endfacet

 facet normal 0.214457795 -0.176216349 -0.960705757
  outer loop
  vertex -0.0713837966 0.0215825383 -0.0128360484
  vertex -0.0530871525 0.0174294151 -0.00798991788
  vertex -0.05812186 0.0185564049 -0.00932052918
  endloop
 endfacet

 facet normal 0.208354056 -0.199283347 -0.957535863
  outer loop
  vertex -0.0713837966 0.0215825383 -0.0128360484
  vertex -0.05812186 0.0185564049 -0.00932052918
  vertex -0.0713953972 0.0215408802 -0.0128299035
  endloop
 endfacet

 facet normal 0.120467417 -0.327603817 -0.937103689
  outer loop
  vertex -0.0714464411 0.021508893 -0.0128299035
  vertex -0.0714069977 0.0214992221 -0.0128214518
  vertex -0.0714185983 0.0214597974 -0.0128091602
  endloop
 endfacet

 facet normal 0.0997079462 -0.338734478 -0.935583949
  outer loop
  vertex -0.0714464411 0.021508893 -0.0128299035
  vertex -0.0714185983 0.0214597974 -0.0128091602
  vertex -0.0714603588 0.0214687232 -0.0128168436
  endloop
 endfacet

 facet normal 0.0580536611 -0.326809138 -0.94330579
  outer loop
  vertex -0.0714464411 0.021508893 -0.0128299035
  vertex -0.0714603588 0.0214687232 -0.0128168436
  vertex -0.071497485 0.0214776509 -0.0128222201
  endloop
 endfacet

 facet normal 0.0556406304 -0.323207587 -0.944690943
  outer loop
  vertex -0.0714464411 0.021508893 -0.0128299035
  vertex -0.071497485 0.0214776509 -0.0128222201
  vertex -0.0714858845 0.0215178207 -0.01283528
  endloop
 endfacet

 facet normal -0.0278908219 -0.301777959 -0.952970207
  outer loop
  vertex -0.0714858845 0.0215178207 -0.01283528
  vertex -0.071497485 0.0214776509 -0.0128222201
  vertex -0.0715299621 0.0215267465 -0.0128368167
  endloop
 endfacet

 facet normal 0.199201807 -0.233239993 -0.951797128
  outer loop
  vertex -0.0713953972 0.0215408802 -0.0128299035
  vertex -0.05812186 0.0185564049 -0.00932052918
  vertex -0.05812186 0.0185125154 -0.00930977426
  endloop
 endfacet

 facet normal 0.195364863 -0.24695605 -0.949128747
  outer loop
  vertex -0.0713953972 0.0215408802 -0.0128299035
  vertex -0.05812186 0.0185125154 -0.00930977426
  vertex -0.0714069977 0.0214992221 -0.0128214518
  endloop
 endfacet

 facet normal 0.177966177 -0.307463855 -0.934769571
  outer loop
  vertex -0.0714069977 0.0214992221 -0.0128214518
  vertex -0.05812186 0.0185125154 -0.00930977426
  vertex -0.0529688261 0.0173096489 -0.00793306716
  endloop
 endfacet

 facet normal 0.168600529 -0.338250577 -0.925829589
  outer loop
  vertex -0.0714069977 0.0214992221 -0.0128214518
  vertex -0.0529688261 0.0173096489 -0.00793306716
  vertex -0.0714185983 0.0214597974 -0.0128091602
  endloop
 endfacet

 facet normal -0.0296828412 -0.30284664 -0.952576995
  outer loop
  vertex -0.0715299621 0.0215267465 -0.0128368167
  vertex -0.071497485 0.0214776509 -0.0128222201
  vertex -0.0715392455 0.0214865766 -0.0128237568
  endloop
 endfacet

 facet normal -0.119435742 -0.281916052 -0.95197618
  outer loop
  vertex -0.0715299621 0.0215267465 -0.0128368167
  vertex -0.0715392455 0.0214865766 -0.0128237568
  vertex -0.0715786889 0.0214955043 -0.0128214518
  endloop
 endfacet

 facet normal -0.137386829 -0.256287515 -0.956787109
  outer loop
  vertex -0.0715299621 0.0215267465 -0.0128368167
  vertex -0.0715786889 0.0214955043 -0.0128214518
  vertex -0.0715694055 0.0215364173 -0.0128337443
  endloop
 endfacet

 facet normal -0.17542012 -0.246558696 -0.953119397
  outer loop
  vertex -0.0715694055 0.0215364173 -0.0128337443
  vertex -0.0715786889 0.0214955043 -0.0128214518
  vertex -0.071611166 0.0215453431 -0.0128283668
  endloop
 endfacet

 facet normal -0.206790492 -0.265418589 -0.941695631
  outer loop
  vertex -0.071611166 0.0215453431 -0.0128283668
  vertex -0.0715786889 0.0214955043 -0.0128214518
  vertex -0.0716181323 0.0215044301 -0.0128153069
  endloop
 endfacet

 facet normal -0.252862275 -0.254906237 -0.933318555
  outer loop
  vertex -0.071611166 0.0215453431 -0.0128283668
  vertex -0.0716181323 0.0215044301 -0.0128153069
  vertex -0.0716575757 0.0215126127 -0.0128068551
  endloop
 endfacet

 facet normal -0.284576476 -0.211125821 -0.935116053
  outer loop
  vertex -0.071611166 0.0215453431 -0.0128283668
  vertex -0.0716575757 0.0215126127 -0.0128068551
  vertex -0.0716506094 0.0215542708 -0.0128183784
  endloop
 endfacet

 facet normal -0.327355027 -0.165399671 -0.930312753
  outer loop
  vertex -0.0716436505 0.021596672 -0.0128283668
  vertex -0.0716506094 0.0215542708 -0.0128183784
  vertex -0.0716900527 0.0215631966 -0.0128060868
  endloop
 endfacet

 facet normal -0.340592563 -0.146042436 -0.928799391
  outer loop
  vertex -0.0716436505 0.021596672 -0.0128283668
  vertex -0.0716900527 0.0215631966 -0.0128060868
  vertex -0.0716830939 0.0216055997 -0.0128153069
  endloop
 endfacet

 facet normal -0.324025303 -0.0494973138 -0.944752634
  outer loop
  vertex -0.0716436505 0.021596672 -0.0128283668
  vertex -0.0716830939 0.0216055997 -0.0128153069
  vertex -0.0716366917 0.0216390733 -0.0128329759
  endloop
 endfacet

 facet normal -0.324502289 -0.0487696826 -0.944626808
  outer loop
  vertex -0.0716366917 0.0216390733 -0.0128329759
  vertex -0.0716830939 0.0216055997 -0.0128153069
  vertex -0.0716738105 0.0216480009 -0.0128206834
  endloop
 endfacet

 facet normal -0.314329386 -8.65057336e-06 -0.949313998
  outer loop
  vertex -0.0716366917 0.0216390733 -0.0128329759
  vertex -0.0716738105 0.0216480009 -0.0128206834
  vertex -0.0716274083 0.0216814745 -0.0128360484
  endloop
 endfacet

 facet normal -0.285001695 0.0649198592 -0.956326008
  outer loop
  vertex -0.0716274083 0.0216814745 -0.0128360484
  vertex -0.0712213814 0.0236676559 -0.0128222201
  vertex -0.0711749867 0.0236676559 -0.0128360484
  endloop
 endfacet

 facet normal -0.272524893 0.0620778017 -0.960143983
  outer loop
  vertex -0.0716274083 0.0216814745 -0.0128360484
  vertex -0.0711749867 0.0236676559 -0.0128360484
  vertex -0.0711587444 0.0236676559 -0.0128406584
  endloop
 endfacet

 facet normal -0.32687217 0.0194185637 -0.944869041
  outer loop
  vertex -0.0716274083 0.0216814745 -0.0128360484
  vertex -0.0716738105 0.0216480009 -0.0128206834
  vertex -0.0716668516 0.0216904022 -0.0128222201
  endloop
 endfacet

 facet normal -0.315642804 0.0711132437 -0.94620955
  outer loop
  vertex -0.0716274083 0.0216814745 -0.0128360484
  vertex -0.0716668516 0.0216904022 -0.0128222201
  vertex -0.0712213814 0.0236676559 -0.0128222201
  endloop
 endfacet

 facet normal 0.130468547 0.845516145 -0.517764807
  outer loop
  vertex -0.0709128082 0.0236676559 -0.0128383534
  vertex -0.0620011389 0.0236676559 -0.0105927549
  vertex -0.0532658026 0.0236661676 -0.00839401782
  endloop
 endfacet

 facet normal 0.24384515 -0.0550981611 -0.968247771
  outer loop
  vertex -0.0709128082 0.0236676559 -0.0128383534
  vertex -0.0532658026 0.0236661676 -0.00839401782
  vertex -0.0521938987 0.0214977358 -0.00800067279
  endloop
 endfacet

 facet normal 0.244358271 -0.0548238754 -0.968134046
  outer loop
  vertex -0.0521938987 0.0214977358 -0.00800067279
  vertex -0.0532658026 0.0236661676 -0.00839401782
  vertex -0.0517043471 0.0236661676 -0.00799990445
  endloop
 endfacet

 facet normal 0.361921161 -0.0813791454 -0.928649843
  outer loop
  vertex -0.0521938987 0.0214977358 -0.00800067279
  vertex -0.0517043471 0.0236661676 -0.00799990445
  vertex -0.0482960604 0.0236661676 -0.00667159725
  endloop
 endfacet

 facet normal 0.361923486 -0.0813840851 -0.928648591
  outer loop
  vertex -0.0521938987 0.0214977358 -0.00800067279
  vertex -0.0482960604 0.0236661676 -0.00667159725
  vertex -0.0482960604 0.0232190918 -0.00663241697
  endloop
 endfacet

 facet normal 0.362124771 -0.0819411799 -0.928521037
  outer loop
  vertex -0.0521938987 0.0214977358 -0.00800067279
  vertex -0.0482960604 0.0232190918 -0.00663241697
  vertex -0.0499642417 0.0162734129 -0.00667006103
  endloop
 endfacet

 facet normal 0.362093538 -0.0819572136 -0.928531766
  outer loop
  vertex -0.0521938987 0.0214977358 -0.00800067279
  vertex -0.0499642417 0.0162734129 -0.00667006103
  vertex -0.0530871525 0.0174294151 -0.00798991788
  endloop
 endfacet

 facet normal 0.352866411 -0.0799411088 -0.932252526
  outer loop
  vertex -0.0521938987 0.0214977358 -0.00800067279
  vertex -0.0530871525 0.0174294151 -0.00798991788
  vertex -0.053101074 0.0174933895 -0.00800067279
  endloop
 endfacet

 facet normal 0.230559871 -0.11232271 -0.966553569
  outer loop
  vertex -0.053101074 0.0174933895 -0.00800067279
  vertex -0.0530871525 0.0174294151 -0.00798991788
  vertex -0.05812186 0.0185846724 -0.00932513922
  endloop
 endfacet

 facet normal 0.361898601 -0.0825143084 -0.928558469
  outer loop
  vertex -0.0530871525 0.0174294151 -0.00798991788
  vertex -0.0499642417 0.0162734129 -0.00667006103
  vertex -0.0511150323 0.0165776629 -0.00714560924
  endloop
 endfacet

 facet normal 0.361718655 -0.0829611048 -0.928588808
  outer loop
  vertex -0.0530871525 0.0174294151 -0.00798991788
  vertex -0.0511150323 0.0165776629 -0.00714560924
  vertex -0.0525210388 0.0170686301 -0.00773716299
  endloop
 endfacet

 facet normal 0.361013144 -0.0841833875 -0.928753316
  outer loop
  vertex -0.0530871525 0.0174294151 -0.00798991788
  vertex -0.0525210388 0.0170686301 -0.00773716299
  vertex -0.0529688261 0.0173096489 -0.00793306716
  endloop
 endfacet

 facet normal 0.288775593 -0.162551418 -0.943496466
  outer loop
  vertex -0.0530871525 0.0174294151 -0.00798991788
  vertex -0.0529688261 0.0173096489 -0.00793306716
  vertex -0.0530407503 0.0173691604 -0.00796533376
  endloop
 endfacet

 facet normal 0.280303091 -0.169611424 -0.944808006
  outer loop
  vertex -0.0530871525 0.0174294151 -0.00798991788
  vertex -0.0530407503 0.0173691604 -0.00796533376
  vertex -0.053075552 0.0174100734 -0.00798300374
  endloop
 endfacet

 facet normal 0.203116924 -0.219295546 -0.954281449
  outer loop
  vertex -0.0530871525 0.0174294151 -0.00798991788
  vertex -0.053075552 0.0174100734 -0.00798300374
  vertex -0.05812186 0.0185564049 -0.00932052918
  endloop
 endfacet

 facet normal 0.199287266 -0.233235881 -0.95178026
  outer loop
  vertex -0.05812186 0.0185564049 -0.00932052918
  vertex -0.053075552 0.0174100734 -0.00798300374
  vertex -0.05812186 0.0185125154 -0.00930977426
  endloop
 endfacet

 facet normal 0.0890913382 -0.410552084 -0.907474458
  outer loop
  vertex -0.0714185983 0.0214597974 -0.0128091602
  vertex -0.071432516 0.021421114 -0.0127930269
  vertex -0.0714696422 0.0214300416 -0.0128007103
  endloop
 endfacet

 facet normal 0.0823097527 -0.400386095 -0.912642419
  outer loop
  vertex -0.0714185983 0.0214597974 -0.0128091602
  vertex -0.0714696422 0.0214300416 -0.0128007103
  vertex -0.0714603588 0.0214687232 -0.0128168436
  endloop
 endfacet

 facet normal 0.153072163 -0.38756308 -0.909045577
  outer loop
  vertex -0.0714185983 0.0214597974 -0.0128091602
  vertex -0.0529688261 0.0173096489 -0.00793306716
  vertex -0.0529247411 0.0172784049 -0.00791232381
  endloop
 endfacet

 facet normal 0.14202179 -0.421007454 -0.895869672
  outer loop
  vertex -0.0714185983 0.0214597974 -0.0128091602
  vertex -0.0529247411 0.0172784049 -0.00791232381
  vertex -0.0528156981 0.017212199 -0.00786392391
  endloop
 endfacet

 facet normal 0.141038865 -0.42390269 -0.894658923
  outer loop
  vertex -0.0714185983 0.0214597974 -0.0128091602
  vertex -0.0528156981 0.017212199 -0.00786392391
  vertex -0.071432516 0.021421114 -0.0127930269
  endloop
 endfacet

 facet normal 0.046132423 -0.393933177 -0.917980671
  outer loop
  vertex -0.0714603588 0.0214687232 -0.0128168436
  vertex -0.0714696422 0.0214300416 -0.0128007103
  vertex -0.071506761 0.0214382242 -0.0128060868
  endloop
 endfacet

 facet normal 0.0405059867 -0.386568666 -0.921370685
  outer loop
  vertex -0.0714603588 0.0214687232 -0.0128168436
  vertex -0.071506761 0.0214382242 -0.0128060868
  vertex -0.071497485 0.0214776509 -0.0128222201
  endloop
 endfacet

 facet normal -0.0447827056 -0.369299948 -0.928230643
  outer loop
  vertex -0.071497485 0.0214776509 -0.0128222201
  vertex -0.071506761 0.0214382242 -0.0128060868
  vertex -0.0715392455 0.0214865766 -0.0128237568
  endloop
 endfacet

 facet normal 0.196669012 -0.242949471 -0.949893117
  outer loop
  vertex -0.05812186 0.0185125154 -0.00930977426
  vertex -0.053075552 0.0174100734 -0.00798300374
  vertex -0.0530407503 0.0173691604 -0.00796533376
  endloop
 endfacet

 facet normal 0.184107393 -0.28716597 -0.940021396
  outer loop
  vertex -0.05812186 0.0185125154 -0.00930977426
  vertex -0.0530407503 0.0173691604 -0.00796533376
  vertex -0.0529688261 0.0173096489 -0.00793306716
  endloop
 endfacet

 facet normal 0.336091638 -0.133395925 -0.932334781
  outer loop
  vertex -0.0529688261 0.0173096489 -0.00793306716
  vertex -0.0525210388 0.0170686301 -0.00773716299
  vertex -0.0528156981 0.017212199 -0.00786392391
  endloop
 endfacet

 facet normal 0.265116632 -0.245077297 -0.93255043
  outer loop
  vertex -0.0529688261 0.0173096489 -0.00793306716
  vertex -0.0528156981 0.017212199 -0.00786392391
  vertex -0.0529247411 0.0172784049 -0.00791232381
  endloop
 endfacet

 facet normal -0.0643294826 -0.380371153 -0.922593832
  outer loop
  vertex -0.0715392455 0.0214865766 -0.0128237568
  vertex -0.071506761 0.0214382242 -0.0128060868
  vertex -0.0715485215 0.0214471519 -0.0128068551
  endloop
 endfacet

 facet normal -0.126093656 -0.365651429 -0.922171056
  outer loop
  vertex -0.0715392455 0.0214865766 -0.0128237568
  vertex -0.0715485215 0.0214471519 -0.0128068551
  vertex -0.0715856478 0.0214560777 -0.0128053185
  endloop
 endfacet

 facet normal -0.134383589 -0.35487327 -0.925205946
  outer loop
  vertex -0.0715392455 0.0214865766 -0.0128237568
  vertex -0.0715856478 0.0214560777 -0.0128053185
  vertex -0.0715786889 0.0214955043 -0.0128214518
  endloop
 endfacet

 facet normal -0.218810171 -0.33620742 -0.916016817
  outer loop
  vertex -0.0715786889 0.0214955043 -0.0128214518
  vertex -0.0715856478 0.0214560777 -0.0128053185
  vertex -0.0716181323 0.0215044301 -0.0128153069
  endloop
 endfacet

 facet normal -0.226135671 -0.340437025 -0.912669301
  outer loop
  vertex -0.0716181323 0.0215044301 -0.0128153069
  vertex -0.0715856478 0.0214560777 -0.0128053185
  vertex -0.0716227666 0.0214642603 -0.0127991736
  endloop
 endfacet

 facet normal -0.26312685 -0.333238214 -0.905382037
  outer loop
  vertex -0.0716181323 0.0215044301 -0.0128153069
  vertex -0.0716227666 0.0214642603 -0.0127991736
  vertex -0.0716575757 0.0215126127 -0.0128068551
  endloop
 endfacet

 facet normal -0.345685244 -0.332459152 -0.877480865
  outer loop
  vertex -0.0716575757 0.0215126127 -0.0128068551
  vertex -0.0716598928 0.0214724429 -0.0127907218
  vertex -0.0716970116 0.0214806255 -0.0127791986
  endloop
 endfacet

 facet normal -0.383547902 -0.286254346 -0.878037333
  outer loop
  vertex -0.0716575757 0.0215126127 -0.0128068551
  vertex -0.0716970116 0.0214806255 -0.0127791986
  vertex -0.0716923773 0.0215215404 -0.0127945635
  endloop
 endfacet

 facet normal -0.37568137 -0.227592558 -0.89836812
  outer loop
  vertex -0.0716575757 0.0215126127 -0.0128068551
  vertex -0.0716923773 0.0215215404 -0.0127945635
  vertex -0.0716900527 0.0215631966 -0.0128060868
  endloop
 endfacet

 facet normal -0.332410187 -0.199450761 -0.921804249
  outer loop
  vertex -0.0716575757 0.0215126127 -0.0128068551
  vertex -0.0716900527 0.0215631966 -0.0128060868
  vertex -0.0716506094 0.0215542708 -0.0128183784
  endloop
 endfacet

 facet normal -0.279850662 -0.343842 -0.896357238
  outer loop
  vertex -0.0716575757 0.0215126127 -0.0128068551
  vertex -0.0716227666 0.0214642603 -0.0127991736
  vertex -0.0716598928 0.0214724429 -0.0127907218
  endloop
 endfacet

 facet normal -0.429081768 -0.218549713 -0.876427352
  outer loop
  vertex -0.0716900527 0.0215631966 -0.0128060868
  vertex -0.0716923773 0.0215215404 -0.0127945635
  vertex -0.0717294961 0.021529723 -0.0127784302
  endloop
 endfacet

 facet normal -0.429081768 -0.218549713 -0.876427352
  outer loop
  vertex -0.0716900527 0.0215631966 -0.0128060868
  vertex -0.0717294961 0.021529723 -0.0127784302
  vertex -0.071727179 0.0215713792 -0.0127899535
  endloop
 endfacet

 facet normal -0.419576347 -0.133063197 -0.897914171
  outer loop
  vertex -0.0716900527 0.0215631966 -0.0128060868
  vertex -0.071727179 0.0215713792 -0.0127899535
  vertex -0.0717225373 0.0216137823 -0.0127984053
  endloop
 endfacet

 facet normal -0.412980914 -0.128258616 -0.901663244
  outer loop
  vertex -0.0716900527 0.0215631966 -0.0128060868
  vertex -0.0717225373 0.0216137823 -0.0127984053
  vertex -0.0716830939 0.0216055997 -0.0128153069
  endloop
 endfacet

 facet normal -0.39950031 -0.0334089212 -0.916124105
  outer loop
  vertex -0.0716830939 0.0216055997 -0.0128153069
  vertex -0.0717225373 0.0216137823 -0.0127984053
  vertex -0.0717155784 0.0216569267 -0.0128030134
  endloop
 endfacet

 facet normal -0.394922227 -0.0300088078 -0.918224275
  outer loop
  vertex -0.0716830939 0.0216055997 -0.0128153069
  vertex -0.0717155784 0.0216569267 -0.0128030134
  vertex -0.0716738105 0.0216480009 -0.0128206834
  endloop
 endfacet

 facet normal -0.384117097 0.0296154525 -0.922809303
  outer loop
  vertex -0.0716738105 0.0216480009 -0.0128206834
  vertex -0.0717155784 0.0216569267 -0.0128030134
  vertex -0.0716668516 0.0216904022 -0.0128222201
  endloop
 endfacet

 facet normal -0.377216697 0.0849856362 -0.922217488
  outer loop
  vertex -0.0712213814 0.0236676559 -0.0128222201
  vertex -0.0716668516 0.0216904022 -0.0128222201
  vertex -0.0712608248 0.0236676559 -0.0128060868
  endloop
 endfacet

 facet normal -0.390151918 0.0400813632 -0.919877708
  outer loop
  vertex -0.0716668516 0.0216904022 -0.0128222201
  vertex -0.0717155784 0.0216569267 -0.0128030134
  vertex -0.0717039779 0.021699328 -0.0128060868
  endloop
 endfacet

 facet normal -0.379769802 0.0855009705 -0.921121299
  outer loop
  vertex -0.0716668516 0.0216904022 -0.0128222201
  vertex -0.0717039779 0.021699328 -0.0128060868
  vertex -0.0712608248 0.0236676559 -0.0128060868
  endloop
 endfacet

 facet normal 0.118957475 0.873528659 -0.472013652
  outer loop
  vertex -0.0620011389 0.0236676559 -0.0105927549
  vertex -0.0590777621 0.0236676559 -0.00985600054
  vertex -0.0532658026 0.0236661676 -0.00839401782
  endloop
 endfacet

 facet normal 0.072300978 0.955362618 -0.286452502
  outer loop
  vertex -0.0532658026 0.0236661676 -0.00839401782
  vertex -0.0590777621 0.0236676559 -0.00985600054
  vertex -0.0517043471 0.0236661676 -0.00799990445
  endloop
 endfacet

 facet normal 0.000569889962 0.999998868 -0.0014622747
  outer loop
  vertex -0.0517043471 0.0236661676 -0.00799990445
  vertex -0.0590777621 0.0236676559 -0.00985600054
  vertex -0.0482960604 0.0236661676 -0.00667159725
  endloop
 endfacet

 facet normal 1 0 0
  outer loop
  vertex -0.0482960604 0.0236661676 -0.00667159725
  vertex -0.0482960604 0.0236661676 -0.00500602834
  vertex -0.0482960604 0.0231990051 -0.00500602834
  endloop
 endfacet

 facet normal 1 0 0
  outer loop
  vertex -0.0482960604 0.0236661676 -0.00667159725
  vertex -0.0482960604 0.0231990051 -0.00500602834
  vertex -0.0482960604 0.0231990051 -0.00663011195
  endloop
 endfacet

 facet normal 1 0 0
  outer loop
  vertex -0.0482960604 0.0236661676 -0.00667159725
  vertex -0.0482960604 0.0231990051 -0.00663011195
  vertex -0.0482960604 0.0232190918 -0.00663241697
  endloop
 endfacet

 facet normal 0.000138003466 1 0
  outer loop
  vertex -0.0482960604 0.0236661676 -0.00667159725
  vertex -0.0590777621 0.0236676559 -0.00985600054
  vertex -0.0590777621 0.0236676559 -0.00779170822
  endloop
 endfacet

 facet normal 0.000138003466 1 0
  outer loop
  vertex -0.0482960604 0.0236661676 -0.00667159725
  vertex -0.0590777621 0.0236676559 -0.00779170822
  vertex -0.0482960604 0.0236661676 -0.00500602834
  endloop
 endfacet

 facet normal 0.53325671 -0.096446678 -0.840437591
  outer loop
  vertex -0.0482960604 0.0232190918 -0.00663241697
  vertex -0.0482960604 0.0231990051 -0.00663011195
  vertex -0.0490663461 0.0160681009 -0.00630053179
  endloop
 endfacet

 facet normal 0.384325922 -0.0840671882 -0.919361949
  outer loop
  vertex -0.0482960604 0.0232190918 -0.00663241697
  vertex -0.0490663461 0.0160681009 -0.00630053179
  vertex -0.0490663461 0.0163537525 -0.00632665213
  endloop
 endfacet

 facet normal 0.370752633 -0.0827968642 -0.925033569
  outer loop
  vertex -0.0482960604 0.0232190918 -0.00663241697
  vertex -0.0490663461 0.0163537525 -0.00632665213
  vertex -0.0490663461 0.0165769197 -0.00634662714
  endloop
 endfacet

 facet normal 0.362160653 -0.0819498897 -0.928506315
  outer loop
  vertex -0.0482960604 0.0232190918 -0.00663241697
  vertex -0.0490663461 0.0165769197 -0.00634662714
  vertex -0.0499642417 0.0162734129 -0.00667006103
  endloop
 endfacet

 facet normal 0.325325936 -0.210426018 -0.92189157
  outer loop
  vertex -0.0499642417 0.0162734129 -0.00667006103
  vertex -0.0502705015 0.0163485464 -0.0067952862
  vertex -0.0511150323 0.0165776629 -0.00714560924
  endloop
 endfacet

 facet normal 0.362466007 -0.0830879807 -0.928286016
  outer loop
  vertex -0.0499642417 0.0162734129 -0.00667006103
  vertex -0.0490663461 0.0165769197 -0.00634662714
  vertex -0.0490663461 0.0163537525 -0.00632665213
  endloop
 endfacet

 facet normal 0.362503499 -0.0838700458 -0.928201079
  outer loop
  vertex -0.0499642417 0.0162734129 -0.00667006103
  vertex -0.0490663461 0.0163537525 -0.00632665213
  vertex -0.0496579818 0.0162027441 -0.00654406799
  endloop
 endfacet

 facet normal -0.21252355 -0.976657331 -0.0312119797
  outer loop
  vertex -0.0499642417 0.0162734129 -0.00667006103
  vertex -0.0496579818 0.0162027441 -0.00654406799
  vertex -0.0716065317 0.0211644731 -0.012353587
  endloop
 endfacet

 facet normal -0.209158838 -0.976881564 -0.0442174524
  outer loop
  vertex -0.0499642417 0.0162734129 -0.00667006103
  vertex -0.0716065317 0.0211644731 -0.012353587
  vertex -0.071611166 0.0211674497 -0.0123973778
  endloop
 endfacet

 facet normal -0.18906346 -0.97480166 -0.118392438
  outer loop
  vertex -0.0499642417 0.0162734129 -0.00667006103
  vertex -0.071611166 0.0211674497 -0.0123973778
  vertex -0.0715995729 0.0211704243 -0.0124403993
  endloop
 endfacet

 facet normal -0.185768053 -0.973952293 -0.130027503
  outer loop
  vertex -0.0499642417 0.0162734129 -0.00667006103
  vertex -0.0715995729 0.0211704243 -0.0124403993
  vertex -0.0502705015 0.0163485464 -0.0067952862
  endloop
 endfacet

 facet normal 0.283146143 -0.304008603 -0.909619212
  outer loop
  vertex -0.0511150323 0.0165776629 -0.00714560924
  vertex -0.0513841696 0.0166580025 -0.00725623732
  vertex -0.0516509824 0.0167428069 -0.00736763421
  endloop
 endfacet

 facet normal 0.293022662 -0.27865079 -0.914599061
  outer loop
  vertex -0.0511150323 0.0165776629 -0.00714560924
  vertex -0.0516509824 0.0167428069 -0.00736763421
  vertex -0.0519154817 0.0168328173 -0.00747979851
  endloop
 endfacet

 facet normal 0.356444567 -0.0986707062 -0.929091692
  outer loop
  vertex -0.0511150323 0.0165776629 -0.00714560924
  vertex -0.0519154817 0.0168328173 -0.00747979851
  vertex -0.0525210388 0.0170686301 -0.00773716299
  endloop
 endfacet

 facet normal 0.322958022 -0.217805654 -0.92100966
  outer loop
  vertex -0.0511150323 0.0165776629 -0.00714560924
  vertex -0.0502705015 0.0163485464 -0.0067952862
  vertex -0.0505744405 0.0164273996 -0.00692051183
  endloop
 endfacet

 facet normal 0.247407377 -0.41878587 -0.873732269
  outer loop
  vertex -0.0511150323 0.0165776629 -0.00714560924
  vertex -0.0505744405 0.0164273996 -0.00692051183
  vertex -0.050845895 0.016501043 -0.00703267613
  endloop
 endfacet

 facet normal -0.116927788 -0.928848863 -0.351522058
  outer loop
  vertex -0.0511150323 0.0165776629 -0.00714560924
  vertex -0.050845895 0.016501043 -0.00703267613
  vertex -0.0715578049 0.021184558 -0.0125187617
  endloop
 endfacet

 facet normal -0.112370923 -0.924238205 -0.364906132
  outer loop
  vertex -0.0511150323 0.0165776629 -0.00714560924
  vertex -0.0715578049 0.021184558 -0.0125187617
  vertex -0.0715624467 0.0212024115 -0.0125625515
  endloop
 endfacet

 facet normal -0.0848708376 -0.892979383 -0.442023635
  outer loop
  vertex -0.0511150323 0.0165776629 -0.00714560924
  vertex -0.0715624467 0.0212024115 -0.0125625515
  vertex -0.0513841696 0.0166580025 -0.00725623732
  endloop
 endfacet

 facet normal 0.0915247202 -0.559618175 -0.823681235
  outer loop
  vertex -0.0525210388 0.0170686301 -0.00773716299
  vertex -0.05812186 0.018371176 -0.00924447272
  vertex -0.0526695289 0.0171370674 -0.00780015951
  endloop
 endfacet

 facet normal 0.298211575 -0.210050389 -0.931100905
  outer loop
  vertex -0.0525210388 0.0170686301 -0.00773716299
  vertex -0.0526695289 0.0171370674 -0.00780015951
  vertex -0.0528156981 0.017212199 -0.00786392391
  endloop
 endfacet

 facet normal 0.343492001 -0.132641822 -0.929741681
  outer loop
  vertex -0.0525210388 0.0170686301 -0.00773716299
  vertex -0.0519154817 0.0168328173 -0.00747979851
  vertex -0.0521196537 0.0169072058 -0.00756584248
  endloop
 endfacet

 facet normal 0.30968684 -0.213356718 -0.926592112
  outer loop
  vertex -0.0525210388 0.0170686301 -0.00773716299
  vertex -0.0521196537 0.0169072058 -0.00756584248
  vertex -0.0523215048 0.0169845689 -0.00765111903
  endloop
 endfacet

 facet normal 0.0546755604 -0.647904336 -0.759756923
  outer loop
  vertex -0.0525210388 0.0170686301 -0.00773716299
  vertex -0.0523215048 0.0169845689 -0.00765111903
  vertex -0.0714742839 0.0213177148 -0.0127246529
  endloop
 endfacet

 facet normal 0.0599118397 -0.635908365 -0.769435585
  outer loop
  vertex -0.0525210388 0.0170686301 -0.00773716299
  vertex -0.0714742839 0.0213177148 -0.0127246529
  vertex -0.0714603588 0.021349702 -0.0127500044
  endloop
 endfacet

 facet normal 0.091072984 -0.560737431 -0.822969854
  outer loop
  vertex -0.0525210388 0.0170686301 -0.00773716299
  vertex -0.0714603588 0.021349702 -0.0127500044
  vertex -0.05812186 0.018371176 -0.00924447272
  endloop
 endfacet

 facet normal 0.0804076791 -0.516019285 -0.852794647
  outer loop
  vertex -0.071432516 0.021421114 -0.0127930269
  vertex -0.0714464411 0.0213846639 -0.0127722835
  vertex -0.0714835599 0.0213928465 -0.0127807353
  endloop
 endfacet

 facet normal 0.0620766245 -0.490150392 -0.869424582
  outer loop
  vertex -0.071432516 0.021421114 -0.0127930269
  vertex -0.0714835599 0.0213928465 -0.0127807353
  vertex -0.0714696422 0.0214300416 -0.0128007103
  endloop
 endfacet

 facet normal 0.11111097 -0.508501709 -0.853862047
  outer loop
  vertex -0.071432516 0.021421114 -0.0127930269
  vertex -0.0528156981 0.017212199 -0.00786392391
  vertex -0.0526695289 0.0171370674 -0.00780015951
  endloop
 endfacet

 facet normal 0.108066946 -0.516605735 -0.849376321
  outer loop
  vertex -0.071432516 0.021421114 -0.0127930269
  vertex -0.0526695289 0.0171370674 -0.00780015951
  vertex -0.05812186 0.018371176 -0.00924447272
  endloop
 endfacet

 facet normal 0.105987273 -0.522083461 -0.846283376
  outer loop
  vertex -0.071432516 0.021421114 -0.0127930269
  vertex -0.05812186 0.018371176 -0.00924447272
  vertex -0.0714464411 0.0213846639 -0.0127722835
  endloop
 endfacet

 facet normal 0.021451544 -0.479241341 -0.877421021
  outer loop
  vertex -0.0714696422 0.0214300416 -0.0128007103
  vertex -0.0714835599 0.0213928465 -0.0127807353
  vertex -0.071506761 0.0214382242 -0.0128060868
  endloop
 endfacet

 facet normal -0.0207026526 -0.495676994 -0.868260145
  outer loop
  vertex -0.071506761 0.0214382242 -0.0128060868
  vertex -0.0714835599 0.0213928465 -0.0127807353
  vertex -0.0715183616 0.0214010291 -0.012784576
  endloop
 endfacet

 facet normal -0.0703073591 -0.482867926 -0.872866273
  outer loop
  vertex -0.071506761 0.0214382242 -0.0128060868
  vertex -0.0715183616 0.0214010291 -0.012784576
  vertex -0.0715554878 0.0214092117 -0.0127861127
  endloop
 endfacet

 facet normal -0.0834478363 -0.466212481 -0.880728364
  outer loop
  vertex -0.071506761 0.0214382242 -0.0128060868
  vertex -0.0715554878 0.0214092117 -0.0127861127
  vertex -0.0715485215 0.0214471519 -0.0128068551
  endloop
 endfacet

 facet normal -0.145534366 -0.453918785 -0.879077673
  outer loop
  vertex -0.0715485215 0.0214471519 -0.0128068551
  vertex -0.0715554878 0.0214092117 -0.0127861127
  vertex -0.0715926066 0.0214181393 -0.012784576
  endloop
 endfacet

 facet normal -0.145534366 -0.453918785 -0.879077673
  outer loop
  vertex -0.0715485215 0.0214471519 -0.0128068551
  vertex -0.0715926066 0.0214181393 -0.012784576
  vertex -0.0715856478 0.0214560777 -0.0128053185
  endloop
 endfacet

 facet normal -0.236156985 -0.432432979 -0.870190561
  outer loop
  vertex -0.0715856478 0.0214560777 -0.0128053185
  vertex -0.0715926066 0.0214181393 -0.012784576
  vertex -0.0716274083 0.0214263219 -0.0127791986
  endloop
 endfacet

 facet normal -0.23883608 -0.429364413 -0.870978475
  outer loop
  vertex -0.0715856478 0.0214560777 -0.0128053185
  vertex -0.0716274083 0.0214263219 -0.0127791986
  vertex -0.0716227666 0.0214642603 -0.0127991736
  endloop
 endfacet

 facet normal -0.280317962 -0.42013225 -0.863082111
  outer loop
  vertex -0.0716227666 0.0214642603 -0.0127991736
  vertex -0.0716274083 0.0214263219 -0.0127791986
  vertex -0.0716622099 0.0214337613 -0.0127715161
  endloop
 endfacet

 facet normal -0.287644118 -0.412017912 -0.864582062
  outer loop
  vertex -0.0716227666 0.0214642603 -0.0127991736
  vertex -0.0716622099 0.0214337613 -0.0127715161
  vertex -0.0716598928 0.0214724429 -0.0127907218
  endloop
 endfacet

 facet normal -0.350962877 -0.399449289 -0.846915185
  outer loop
  vertex -0.0716598928 0.0214724429 -0.0127907218
  vertex -0.0716622099 0.0214337613 -0.0127715161
  vertex -0.0716993362 0.0214419439 -0.0127599919
  endloop
 endfacet

 facet normal -0.35096404 -0.399447888 -0.846915364
  outer loop
  vertex -0.0716598928 0.0214724429 -0.0127907218
  vertex -0.0716993362 0.0214419439 -0.0127599919
  vertex -0.0716970116 0.0214806255 -0.0127791986
  endloop
 endfacet

 facet normal -0.446794719 -0.376207083 -0.811691284
  outer loop
  vertex -0.0716970116 0.0214806255 -0.0127791986
  vertex -0.0716993362 0.0214419439 -0.0127599919
  vertex -0.0717318207 0.0214888081 -0.0127638336
  endloop
 endfacet

 facet normal -0.441978067 -0.279070348 -0.852511108
  outer loop
  vertex -0.0716970116 0.0214806255 -0.0127791986
  vertex -0.0717318207 0.0214888081 -0.0127638336
  vertex -0.0717294961 0.021529723 -0.0127784302
  endloop
 endfacet

 facet normal -0.433462232 -0.273339212 -0.858717799
  outer loop
  vertex -0.0716970116 0.0214806255 -0.0127791986
  vertex -0.0717294961 0.021529723 -0.0127784302
  vertex -0.0716923773 0.0215215404 -0.0127945635
  endloop
 endfacet

 facet normal -0.498443127 -0.205240712 -0.842277169
  outer loop
  vertex -0.071727179 0.0215713792 -0.0127899535
  vertex -0.0717294961 0.021529723 -0.0127784302
  vertex -0.0717666224 0.0215379056 -0.0127584552
  endloop
 endfacet

 facet normal -0.520579338 -0.173291668 -0.836042583
  outer loop
  vertex -0.071727179 0.0215713792 -0.0127899535
  vertex -0.0717666224 0.0215379056 -0.0127584552
  vertex -0.0717619807 0.0215795636 -0.0127699794
  endloop
 endfacet

 facet normal -0.515883625 -0.125590295 -0.847402573
  outer loop
  vertex -0.071727179 0.0215713792 -0.0127899535
  vertex -0.0717619807 0.0215795636 -0.0127699794
  vertex -0.0717573389 0.0216227081 -0.0127791986
  endloop
 endfacet

 facet normal -0.502537251 -0.115785122 -0.856767297
  outer loop
  vertex -0.071727179 0.0215713792 -0.0127899535
  vertex -0.0717573389 0.0216227081 -0.0127791986
  vertex -0.0717225373 0.0216137823 -0.0127984053
  endloop
 endfacet

 facet normal -0.486064047 -0.0149220657 -0.873795867
  outer loop
  vertex -0.0717225373 0.0216137823 -0.0127984053
  vertex -0.0717573389 0.0216227081 -0.0127791986
  vertex -0.0717155784 0.0216569267 -0.0128030134
  endloop
 endfacet

 facet normal -0.497240007 0.00302399113 -0.867607832
  outer loop
  vertex -0.0717155784 0.0216569267 -0.0128030134
  vertex -0.0717573389 0.0216227081 -0.0127791986
  vertex -0.0717503801 0.0216651093 -0.0127830403
  endloop
 endfacet

 facet normal -0.488725901 0.047822319 -0.871125698
  outer loop
  vertex -0.0717155784 0.0216569267 -0.0128030134
  vertex -0.0717503801 0.0216651093 -0.0127830403
  vertex -0.0717434138 0.0217082556 -0.012784576
  endloop
 endfacet

 facet normal -0.466655552 0.0637494922 -0.882138729
  outer loop
  vertex -0.0717155784 0.0216569267 -0.0128030134
  vertex -0.0717434138 0.0217082556 -0.012784576
  vertex -0.0717039779 0.021699328 -0.0128060868
  endloop
 endfacet

 facet normal -0.458141029 0.103145383 -0.882874727
  outer loop
  vertex -0.0712608248 0.0236676559 -0.0128060868
  vertex -0.0717039779 0.021699328 -0.0128060868
  vertex -0.0717434138 0.0217082556 -0.012784576
  endloop
 endfacet

 facet normal -0.476005435 0.10765557 -0.872828245
  outer loop
  vertex -0.0712608248 0.0236676559 -0.0128060868
  vertex -0.0717434138 0.0217082556 -0.012784576
  vertex -0.0713002682 0.0236676559 -0.012784576
  endloop
 endfacet

 facet normal 0 0.999999881 0.000534128863
  outer loop
  vertex -0.0482960604 0.0236661676 -0.00500602834
  vertex -0.0590777621 0.0236676559 -0.00779170822
  vertex -0.049551256 0.0236661676 -0.00500602834
  endloop
 endfacet

 facet normal 0 0 1
  outer loop
  vertex -0.0482960604 0.0236661676 -0.00500602834
  vertex -0.049551256 0.0236661676 -0.00500602834
  vertex -0.0712956265 0.023126848 -0.00500602834
  endloop
 endfacet

 facet normal 0 0 1
  outer loop
  vertex -0.0482960604 0.0236661676 -0.00500602834
  vertex -0.0712956265 0.023126848 -0.00500602834
  vertex -0.0713118687 0.0231261048 -0.00500602834
  endloop
 endfacet

 facet normal 0 0 1
  outer loop
  vertex -0.0482960604 0.0236661676 -0.00500602834
  vertex -0.0713118687 0.0231261048 -0.00500602834
  vertex -0.0713397115 0.0231231283 -0.00500602834
  endloop
 endfacet

 facet normal 0 0 1
  outer loop
  vertex -0.0482960604 0.0236661676 -0.00500602834
  vertex -0.0713397115 0.0231231283 -0.00500602834
  vertex -0.0713745132 0.0231179222 -0.00500602834
  endloop
 endfacet

 facet normal 0 0 1
  outer loop
  vertex -0.0482960604 0.0236661676 -0.00500602834
  vertex -0.0713745132 0.0231179222 -0.00500602834
  vertex -0.0713814721 0.023116434 -0.00500602834
  endloop
 endfacet

 facet normal 0 0 1
  outer loop
  vertex -0.0482960604 0.0236661676 -0.00500602834
  vertex -0.0713814721 0.023116434 -0.00500602834
  vertex -0.0714255571 0.0231045317 -0.00500602834
  endloop
 endfacet

 facet normal 0 0 1
  outer loop
  vertex -0.0482960604 0.0236661676 -0.00500602834
  vertex -0.0714255571 0.0231045317 -0.00500602834
  vertex -0.0714603588 0.0230926294 -0.00500602834
  endloop
 endfacet

 facet normal 0 0 1
  outer loop
  vertex -0.0482960604 0.0236661676 -0.00500602834
  vertex -0.0714603588 0.0230926294 -0.00500602834
  vertex -0.071506761 0.0230718013 -0.00500602834
  endloop
 endfacet

 facet normal 0 0 1
  outer loop
  vertex -0.0482960604 0.0236661676 -0.00500602834
  vertex -0.071506761 0.0230718013 -0.00500602834
  vertex -0.0715369284 0.0230539478 -0.00500602834
  endloop
 endfacet

 facet normal 0 0 1
  outer loop
  vertex -0.0482960604 0.0236661676 -0.00500602834
  vertex -0.0715369284 0.0230539478 -0.00500602834
  vertex -0.0715717301 0.0230301432 -0.00500602834
  endloop
 endfacet

 facet normal 0 0 1
  outer loop
  vertex -0.0482960604 0.0236661676 -0.00500602834
  vertex -0.0715717301 0.0230301432 -0.00500602834
  vertex -0.0715926066 0.0230145212 -0.00500602834
  endloop
 endfacet

 facet normal 0 0 1
  outer loop
  vertex -0.0482960604 0.0236661676 -0.00500602834
  vertex -0.0715926066 0.0230145212 -0.00500602834
  vertex -0.0716134906 0.0229974128 -0.00500602834
  endloop
 endfacet

 facet normal 0 0 1
  outer loop
  vertex -0.0482960604 0.0236661676 -0.00500602834
  vertex -0.0716134906 0.0229974128 -0.00500602834
  vertex -0.0716436505 0.022966912 -0.00500602834
  endloop
 endfacet

 facet normal 0 0 1
  outer loop
  vertex -0.0482960604 0.0236661676 -0.00500602834
  vertex -0.0716436505 0.022966912 -0.00500602834
  vertex -0.0716668516 0.0229393896 -0.00500602834
  endloop
 endfacet

 facet normal 0 0 1
  outer loop
  vertex -0.0482960604 0.0236661676 -0.00500602834
  vertex -0.0716668516 0.0229393896 -0.00500602834
  vertex -0.0716830939 0.0229193047 -0.00500602834
  endloop
 endfacet

 facet normal 0 0 1
  outer loop
  vertex -0.0482960604 0.0236661676 -0.00500602834
  vertex -0.0716830939 0.0229193047 -0.00500602834
  vertex -0.0716923773 0.0229044259 -0.00500602834
  endloop
 endfacet

 facet normal 0 0 1
  outer loop
  vertex -0.0482960604 0.0236661676 -0.00500602834
  vertex -0.0716923773 0.0229044259 -0.00500602834
  vertex -0.071727179 0.0228449162 -0.00500602834
  endloop
 endfacet

 facet normal 0 0 1
  outer loop
  vertex -0.0482960604 0.0236661676 -0.00500602834
  vertex -0.071727179 0.0228449162 -0.00500602834
  vertex -0.0717387795 0.0228203665 -0.00500602834
  endloop
 endfacet

 facet normal 0 0 1
  outer loop
  vertex -0.0482960604 0.0236661676 -0.00500602834
  vertex -0.0717387795 0.0228203665 -0.00500602834
  vertex -0.0717526972 0.0227794535 -0.00500602834
  endloop
 endfacet

 facet normal 0 0 1
  outer loop
  vertex -0.0482960604 0.0236661676 -0.00500602834
  vertex -0.0717526972 0.0227794535 -0.00500602834
  vertex -0.0717619807 0.0227452349 -0.00500602834
  endloop
 endfacet

 facet normal 0 0 1
  outer loop
  vertex -0.0482960604 0.0236661676 -0.00500602834
  vertex -0.0717619807 0.0227452349 -0.00500602834
  vertex -0.0718199834 0.0224893373 -0.00500602834
  endloop
 endfacet

 facet normal 0 0 1
  outer loop
  vertex -0.0482960604 0.0236661676 -0.00500602834
  vertex -0.0718199834 0.0224893373 -0.00500602834
  vertex -0.0719847158 0.0217625592 -0.00500602834
  endloop
 endfacet

 facet normal 0 0 1
  outer loop
  vertex -0.0482960604 0.0236661676 -0.00500602834
  vertex -0.0719847158 0.0217625592 -0.00500602834
  vertex -0.07198935 0.0217402428 -0.00500602834
  endloop
 endfacet

 facet normal 0 0 1
  outer loop
  vertex -0.0482960604 0.0236661676 -0.00500602834
  vertex -0.07198935 0.0217402428 -0.00500602834
  vertex -0.0719963163 0.0216881707 -0.00500602834
  endloop
 endfacet

 facet normal 0 0 1
  outer loop
  vertex -0.0482960604 0.0236661676 -0.00500602834
  vertex -0.0719963163 0.0216881707 -0.00500602834
  vertex -0.0719986334 0.0216323789 -0.00500602834
  endloop
 endfacet

 facet normal 0 0 1
  outer loop
  vertex -0.0482960604 0.0236661676 -0.00500602834
  vertex -0.0719986334 0.0216323789 -0.00500602834
  vertex -0.0719870329 0.0215572454 -0.00500602834
  endloop
 endfacet

 facet normal 0 0 1
  outer loop
  vertex -0.0482960604 0.0236661676 -0.00500602834
  vertex -0.0719870329 0.0215572454 -0.00500602834
  vertex -0.071980074 0.021524515 -0.00500602834
  endloop
 endfacet

 facet normal 0 0 1
  outer loop
  vertex -0.0482960604 0.0236661676 -0.00500602834
  vertex -0.071980074 0.021524515 -0.00500602834
  vertex -0.0719684735 0.0214828569 -0.00500602834
  endloop
 endfacet

 facet normal 0 0 1
  outer loop
  vertex -0.0482960604 0.0236661676 -0.00500602834
  vertex -0.0719684735 0.0214828569 -0.00500602834
  vertex -0.0719591901 0.0214575659 -0.00500602834
  endloop
 endfacet

 facet normal 0 0 1
  outer loop
  vertex -0.0482960604 0.0236661676 -0.00500602834
  vertex -0.0719591901 0.0214575659 -0.00500602834
  vertex -0.0719475895 0.0214337613 -0.00500602834
  endloop
 endfacet

 facet normal 0 0 1
  outer loop
  vertex -0.0482960604 0.0236661676 -0.00500602834
  vertex -0.0719475895 0.0214337613 -0.00500602834
  vertex -0.0719313473 0.0214040056 -0.00500602834
  endloop
 endfacet

 facet normal 0 0 1
  outer loop
  vertex -0.0482960604 0.0236661676 -0.00500602834
  vertex -0.0719313473 0.0214040056 -0.00500602834
  vertex -0.0719197467 0.0213854089 -0.00500602834
  endloop
 endfacet

 facet normal 0 0 1
  outer loop
  vertex -0.0482960604 0.0236661676 -0.00500602834
  vertex -0.0719197467 0.0213854089 -0.00500602834
  vertex -0.0718942285 0.021349702 -0.00500602834
  endloop
 endfacet

 facet normal 0 0 1
  outer loop
  vertex -0.0482960604 0.0236661676 -0.00500602834
  vertex -0.0718942285 0.021349702 -0.00500602834
  vertex -0.0718756616 0.0213251542 -0.00500602834
  endloop
 endfacet

 facet normal 0 0 1
  outer loop
  vertex -0.0482960604 0.0236661676 -0.00500602834
  vertex -0.0718756616 0.0213251542 -0.00500602834
  vertex -0.0718455017 0.021293167 -0.00500602834
  endloop
 endfacet

 facet normal 0 0 1
  outer loop
  vertex -0.0482960604 0.0236661676 -0.00500602834
  vertex -0.0718455017 0.021293167 -0.00500602834
  vertex -0.0718362257 0.0212849844 -0.00500602834
  endloop
 endfacet

 facet normal 0 0 1
  outer loop
  vertex -0.0482960604 0.0236661676 -0.00500602834
  vertex -0.0718362257 0.0212849844 -0.00500602834
  vertex -0.0718037412 0.0212567151 -0.00500602834
  endloop
 endfacet

 facet normal 0 0 1
  outer loop
  vertex -0.0482960604 0.0236661676 -0.00500602834
  vertex -0.0718037412 0.0212567151 -0.00500602834
  vertex -0.0717689395 0.0212314241 -0.00500602834
  endloop
 endfacet

 facet normal 0 0 1
  outer loop
  vertex -0.0482960604 0.0236661676 -0.00500602834
  vertex -0.0717689395 0.0212314241 -0.00500602834
  vertex -0.0717294961 0.0212091077 -0.00500602834
  endloop
 endfacet

 facet normal 0 0 1
  outer loop
  vertex -0.0482960604 0.0236661676 -0.00500602834
  vertex -0.0717294961 0.0212091077 -0.00500602834
  vertex -0.0717016533 0.0211957172 -0.00500602834
  endloop
 endfacet

 facet normal 0 0 1
  outer loop
  vertex -0.0482960604 0.0236661676 -0.00500602834
  vertex -0.0717016533 0.0211957172 -0.00500602834
  vertex -0.0716506094 0.0211756323 -0.00500602834
  endloop
 endfacet

 facet normal 0 0 1
  outer loop
  vertex -0.0482960604 0.0236661676 -0.00500602834
  vertex -0.0716506094 0.0211756323 -0.00500602834
  vertex -0.0716181323 0.0211667065 -0.00500602834
  endloop
 endfacet

 facet normal 0 0 1
  outer loop
  vertex -0.0482960604 0.0236661676 -0.00500602834
  vertex -0.0716181323 0.0211667065 -0.00500602834
  vertex -0.0716065317 0.02116373 -0.00500602834
  endloop
 endfacet

 facet normal 0 0 1
  outer loop
  vertex -0.0482960604 0.0236661676 -0.00500602834
  vertex -0.0716065317 0.02116373 -0.00500602834
  vertex -0.05812186 0.0181160234 -0.00500602834
  endloop
 endfacet

 facet normal 0 0 1
  outer loop
  vertex -0.0482960604 0.0236661676 -0.00500602834
  vertex -0.05812186 0.0181160234 -0.00500602834
  vertex -0.0482960604 0.0231990051 -0.00500602834
  endloop
 endfacet

 facet normal 0.994216323 -0.107396156 0
  outer loop
  vertex -0.0482960604 0.0231990051 -0.00663011195
  vertex -0.0482960604 0.0231990051 -0.00500602834
  vertex -0.0490663461 0.0160681009 -0.00500679668
  endloop
 endfacet

 facet normal 0.994216323 -0.107396156 0
  outer loop
  vertex -0.0482960604 0.0231990051 -0.00663011195
  vertex -0.0490663461 0.0160681009 -0.00500679668
  vertex -0.0490663461 0.0160681009 -0.00630053179
  endloop
 endfacet

 facet normal 0.362695575 -0.0848603472 -0.928036034
  outer loop
  vertex -0.0490663461 0.0160681009 -0.00630053179
  vertex -0.0496579818 0.0162027441 -0.00654406799
  vertex -0.0490663461 0.0163537525 -0.00632665213
  endloop
 endfacet

 facet normal -0.220504224 -0.975386024 0
  outer loop
  vertex -0.0490663461 0.0160681009 -0.00630053179
  vertex -0.0490663461 0.0160681009 -0.00500679668
  vertex -0.0716065317 0.02116373 -0.00500602834
  endloop
 endfacet

 facet normal -0.220504224 -0.975386024 0
  outer loop
  vertex -0.0490663461 0.0160681009 -0.00630053179
  vertex -0.0716065317 0.02116373 -0.00500602834
  vertex -0.0716065317 0.02116373 -0.0067630196
  endloop
 endfacet

 facet normal -0.220501721 -0.975386679 -0.00012977673
  outer loop
  vertex -0.0490663461 0.0160681009 -0.00630053179
  vertex -0.0716065317 0.02116373 -0.0067630196
  vertex -0.0716065317 0.0211644731 -0.012353587
  endloop
 endfacet

 facet normal -0.217950329 -0.975907922 -0.0100693423
  outer loop
  vertex -0.0490663461 0.0160681009 -0.00630053179
  vertex -0.0716065317 0.0211644731 -0.012353587
  vertex -0.0496579818 0.0162027441 -0.00654406799
  endloop
 endfacet

 facet normal -0.159824044 -0.962708175 -0.218286842
  outer loop
  vertex -0.0502705015 0.0163485464 -0.0067952862
  vertex -0.05812186 0.0181301571 -0.00890413765
  vertex -0.0505744405 0.0164273996 -0.00692051183
  endloop
 endfacet

 facet normal -0.163518235 -0.96474421 -0.20622924
  outer loop
  vertex -0.0502705015 0.0163485464 -0.0067952862
  vertex -0.0715995729 0.0211704243 -0.0124403993
  vertex -0.0715833306 0.0211763754 -0.0124811167
  endloop
 endfacet

 facet normal -0.162474796 -0.964180529 -0.209661826
  outer loop
  vertex -0.0502705015 0.0163485464 -0.0067952862
  vertex -0.0715833306 0.0211763754 -0.0124811167
  vertex -0.05812186 0.0181301571 -0.00890413765
  endloop
 endfacet

 facet normal -0.222293556 -0.974047184 -0.0426327474
  outer loop
  vertex -0.0716065317 0.0211644731 -0.012353587
  vertex -0.0716250911 0.0211704243 -0.0123927677
  vertex -0.071611166 0.0211674497 -0.0123973778
  endloop
 endfacet

 facet normal -0.245370075 -0.969429433 -0.000128984117
  outer loop
  vertex -0.0716065317 0.0211644731 -0.012353587
  vertex -0.0716065317 0.02116373 -0.0067630196
  vertex -0.0716506094 0.0211756323 -0.0123574277
  endloop
 endfacet

 facet normal -0.242604285 -0.969586372 -0.0323325768
  outer loop
  vertex -0.0716065317 0.0211644731 -0.012353587
  vertex -0.0716506094 0.0211756323 -0.0123574277
  vertex -0.0716250911 0.0211704243 -0.0123927677
  endloop
 endfacet

 facet normal -0.247958943 -0.960126519 -0.129125983
  outer loop
  vertex -0.071611166 0.0211674497 -0.0123973778
  vertex -0.0716250911 0.0211704243 -0.0123927677
  vertex -0.0716343746 0.0211786069 -0.0124357902
  endloop
 endfacet

 facet normal -0.243422076 -0.960884452 -0.132086515
  outer loop
  vertex -0.071611166 0.0211674497 -0.0123973778
  vertex -0.0716343746 0.0211786069 -0.0124357902
  vertex -0.0715995729 0.0211704243 -0.0124403993
  endloop
 endfacet

 facet normal -0.248806462 -0.94893688 -0.193943396
  outer loop
  vertex -0.0715995729 0.0211704243 -0.0124403993
  vertex -0.0716343746 0.0211786069 -0.0124357902
  vertex -0.0716274083 0.0211860463 -0.0124811167
  endloop
 endfacet

 facet normal -0.20890443 -0.952285409 -0.222511679
  outer loop
  vertex -0.0715995729 0.0211704243 -0.0124403993
  vertex -0.0716274083 0.0211860463 -0.0124811167
  vertex -0.0715833306 0.0211763754 -0.0124811167
  endloop
 endfacet

 facet normal -0.0804798827 -0.887392223 -0.45393616
  outer loop
  vertex -0.0513841696 0.0166580025 -0.00725623732
  vertex -0.0715624467 0.0212024115 -0.0125625515
  vertex -0.0715508461 0.02122101 -0.0126009639
  endloop
 endfacet

 facet normal -0.0616332293 -0.861913383 -0.503295839
  outer loop
  vertex -0.0513841696 0.0166580025 -0.00725623732
  vertex -0.0715508461 0.02122101 -0.0126009639
  vertex -0.0715183616 0.0212366302 -0.0126316939
  endloop
 endfacet

 facet normal -0.057345055 -0.855787396 -0.514139593
  outer loop
  vertex -0.0513841696 0.0166580025 -0.00725623732
  vertex -0.0715183616 0.0212366302 -0.0126316939
  vertex -0.0516509824 0.0167428069 -0.00736763421
  endloop
 endfacet

 facet normal -0.0293629039 -0.812244892 -0.582577229
  outer loop
  vertex -0.0516509824 0.0167428069 -0.00736763421
  vertex -0.0715183616 0.0212366302 -0.0126316939
  vertex -0.0519154817 0.0168328173 -0.00747979851
  endloop
 endfacet

 facet normal -0.0207356885 -0.797574759 -0.602863729
  outer loop
  vertex -0.0519154817 0.0168328173 -0.00747979851
  vertex -0.0715183616 0.0212366302 -0.0126316939
  vertex -0.0715021268 0.021261178 -0.0126647288
  endloop
 endfacet

 facet normal 0.00315470039 -0.754484832 -0.656309962
  outer loop
  vertex -0.0519154817 0.0168328173 -0.00747979851
  vertex -0.0715021268 0.021261178 -0.0126647288
  vertex -0.0714905187 0.0212879591 -0.0126954596
  endloop
 endfacet

 facet normal 0.00562423002 -0.749832213 -0.661604106
  outer loop
  vertex -0.0519154817 0.0168328173 -0.00747979851
  vertex -0.0714905187 0.0212879591 -0.0126954596
  vertex -0.0521196537 0.0169072058 -0.00756584248
  endloop
 endfacet

 facet normal -0.157237768 -0.961164534 -0.22680217
  outer loop
  vertex -0.0505744405 0.0164273996 -0.00692051183
  vertex -0.05812186 0.0181301571 -0.00890413765
  vertex -0.0715833306 0.0211763754 -0.0124811167
  endloop
 endfacet

 facet normal -0.137768671 -0.947467268 -0.288661689
  outer loop
  vertex -0.0505744405 0.0164273996 -0.00692051183
  vertex -0.0715833306 0.0211763754 -0.0124811167
  vertex -0.050845895 0.016501043 -0.00703267613
  endloop
 endfacet

 facet normal -0.135069281 -0.945262551 -0.297044009
  outer loop
  vertex -0.050845895 0.016501043 -0.00703267613
  vertex -0.0715833306 0.0211763754 -0.0124811167
  vertex -0.0715578049 0.021184558 -0.0125187617
  endloop
 endfacet

 facet normal -0.161668137 -0.935879529 -0.313038558
  outer loop
  vertex -0.0715578049 0.021184558 -0.0125187617
  vertex -0.0715833306 0.0211763754 -0.0124811167
  vertex -0.07160189 0.0211942289 -0.0125249065
  endloop
 endfacet

 facet normal -0.158936143 -0.931824565 -0.326255292
  outer loop
  vertex -0.0715578049 0.021184558 -0.0125187617
  vertex -0.07160189 0.0211942289 -0.0125249065
  vertex -0.0715717301 0.0211882778 -0.0125226025
  endloop
 endfacet

 facet normal -0.146799892 -0.921306312 -0.360061765
  outer loop
  vertex -0.0715578049 0.021184558 -0.0125187617
  vertex -0.0715717301 0.0211882778 -0.0125226025
  vertex -0.0715624467 0.0212024115 -0.0125625515
  endloop
 endfacet

 facet normal -0.15388222 -0.919724405 -0.361147314
  outer loop
  vertex -0.0715624467 0.0212024115 -0.0125625515
  vertex -0.0715717301 0.0211882778 -0.0125226025
  vertex -0.07160189 0.0211942289 -0.0125249065
  endloop
 endfacet

 facet normal -0.187133938 -0.900787473 -0.391870916
  outer loop
  vertex -0.0715624467 0.0212024115 -0.0125625515
  vertex -0.07160189 0.0211942289 -0.0125249065
  vertex -0.0716181323 0.0212143138 -0.0125633189
  endloop
 endfacet

 facet normal -0.180333808 -0.872931957 -0.453287363
  outer loop
  vertex -0.0715624467 0.0212024115 -0.0125625515
  vertex -0.0716181323 0.0212143138 -0.0125633189
  vertex -0.0715717301 0.0212254729 -0.012603269
  endloop
 endfacet

 facet normal -0.135742098 -0.87503314 -0.464640796
  outer loop
  vertex -0.0715624467 0.0212024115 -0.0125625515
  vertex -0.0715717301 0.0212254729 -0.012603269
  vertex -0.0715508461 0.02122101 -0.0126009639
  endloop
 endfacet

 facet normal 0.0910907611 -0.560691953 -0.822998881
  outer loop
  vertex -0.05812186 0.018371176 -0.00924447272
  vertex -0.0714603588 0.021349702 -0.0127500044
  vertex -0.0714464411 0.0213846639 -0.0127722835
  endloop
 endfacet

 facet normal 0.0267278068 -0.708072424 -0.705633819
  outer loop
  vertex -0.0521196537 0.0169072058 -0.00756584248
  vertex -0.0714905187 0.0212879591 -0.0126954596
  vertex -0.0523215048 0.0169845689 -0.00765111903
  endloop
 endfacet

 facet normal 0.0269846357 -0.707541347 -0.706156611
  outer loop
  vertex -0.0523215048 0.0169845689 -0.00765111903
  vertex -0.0714905187 0.0212879591 -0.0126954596
  vertex -0.0714742839 0.0213177148 -0.0127246529
  endloop
 endfacet

 facet normal 0.00780097675 -0.70247525 -0.711665392
  outer loop
  vertex -0.0714742839 0.0213177148 -0.0127246529
  vertex -0.0714905187 0.0212879591 -0.0126954596
  vertex -0.0715183616 0.0212946534 -0.0127023729
  endloop
 endfacet

 facet normal -0.00422980636 -0.690623164 -0.723202467
  outer loop
  vertex -0.0714742839 0.0213177148 -0.0127246529
  vertex -0.0715183616 0.0212946534 -0.0127023729
  vertex -0.071506761 0.0213251542 -0.0127315661
  endloop
 endfacet

 facet normal 0.0221931152 -0.626902223 -0.778781831
  outer loop
  vertex -0.0714742839 0.0213177148 -0.0127246529
  vertex -0.071506761 0.0213251542 -0.0127315661
  vertex -0.0714603588 0.021349702 -0.0127500044
  endloop
 endfacet

 facet normal 0.0211755708 -0.62571609 -0.77976346
  outer loop
  vertex -0.0714603588 0.021349702 -0.0127500044
  vertex -0.071506761 0.0213251542 -0.0127315661
  vertex -0.0714951605 0.0213571414 -0.0127569195
  endloop
 endfacet

 facet normal 0.0432668254 -0.564051509 -0.824605346
  outer loop
  vertex -0.0714603588 0.021349702 -0.0127500044
  vertex -0.0714951605 0.0213571414 -0.0127569195
  vertex -0.0714835599 0.0213928465 -0.0127807353
  endloop
 endfacet

 facet normal 0.0664831772 -0.554886699 -0.829265177
  outer loop
  vertex -0.0714603588 0.021349702 -0.0127500044
  vertex -0.0714835599 0.0213928465 -0.0127807353
  vertex -0.0714464411 0.0213846639 -0.0127722835
  endloop
 endfacet

 facet normal -0.0017886525 -0.554475904 -0.832197845
  outer loop
  vertex -0.0714835599 0.0213928465 -0.0127807353
  vertex -0.0714951605 0.0213571414 -0.0127569195
  vertex -0.0715299621 0.021365324 -0.0127622969
  endloop
 endfacet

 facet normal -0.028759554 -0.522410274 -0.85220921
  outer loop
  vertex -0.0714835599 0.0213928465 -0.0127807353
  vertex -0.0715299621 0.021365324 -0.0127622969
  vertex -0.0715183616 0.0214010291 -0.012784576
  endloop
 endfacet

 facet normal -0.0768841207 -0.509706736 -0.856906056
  outer loop
  vertex -0.0715183616 0.0214010291 -0.012784576
  vertex -0.0715299621 0.021365324 -0.0127622969
  vertex -0.0715554878 0.0214092117 -0.0127861127
  endloop
 endfacet

 facet normal -0.155683815 -0.500893831 -0.851391733
  outer loop
  vertex -0.0715554878 0.0214092117 -0.0127861127
  vertex -0.0715624467 0.0213735066 -0.0127638336
  vertex -0.0715926066 0.0214181393 -0.012784576
  endloop
 endfacet

 facet normal -0.0893118009 -0.514665544 -0.852726698
  outer loop
  vertex -0.0715554878 0.0214092117 -0.0127861127
  vertex -0.0715299621 0.021365324 -0.0127622969
  vertex -0.0715624467 0.0213735066 -0.0127638336
  endloop
 endfacet

 facet normal -0.175691351 -0.510053754 -0.842008233
  outer loop
  vertex -0.0715926066 0.0214181393 -0.012784576
  vertex -0.0715624467 0.0213735066 -0.0127638336
  vertex -0.0715972483 0.0213816892 -0.0127615286
  endloop
 endfacet

 facet normal -0.232645541 -0.498449057 -0.835119486
  outer loop
  vertex -0.0715926066 0.0214181393 -0.012784576
  vertex -0.0715972483 0.0213816892 -0.0127615286
  vertex -0.0716297328 0.0213891268 -0.0127569195
  endloop
 endfacet

 facet normal -0.244113117 -0.487056702 -0.838560998
  outer loop
  vertex -0.0715926066 0.0214181393 -0.012784576
  vertex -0.0716297328 0.0213891268 -0.0127569195
  vertex -0.0716274083 0.0214263219 -0.0127791986
  endloop
 endfacet

 facet normal -0.285022676 -0.479393512 -0.830026567
  outer loop
  vertex -0.0716274083 0.0214263219 -0.0127791986
  vertex -0.0716297328 0.0213891268 -0.0127569195
  vertex -0.0716668516 0.0213965662 -0.0127484687
  endloop
 endfacet

 facet normal -0.285593241 -0.478792667 -0.830177188
  outer loop
  vertex -0.0716274083 0.0214263219 -0.0127791986
  vertex -0.0716668516 0.0213965662 -0.0127484687
  vertex -0.0716622099 0.0214337613 -0.0127715161
  endloop
 endfacet

 facet normal -0.354172647 -0.460259378 -0.814078033
  outer loop
  vertex -0.0716622099 0.0214337613 -0.0127715161
  vertex -0.0716668516 0.0213965662 -0.0127484687
  vertex -0.0716993362 0.0214419439 -0.0127599919
  endloop
 endfacet

 facet normal -0.372582853 -0.469919503 -0.800223529
  outer loop
  vertex -0.0716993362 0.0214419439 -0.0127599919
  vertex -0.0716668516 0.0213965662 -0.0127484687
  vertex -0.0716993362 0.0214040056 -0.0127377128
  endloop
 endfacet

 facet normal -0.461539865 -0.449218959 -0.764972806
  outer loop
  vertex -0.0716993362 0.0214419439 -0.0127599919
  vertex -0.0716993362 0.0214040056 -0.0127377128
  vertex -0.0717294961 0.021411445 -0.0127238845
  endloop
 endfacet

 facet normal -0.470559686 -0.440081477 -0.764788806
  outer loop
  vertex -0.0716993362 0.0214419439 -0.0127599919
  vertex -0.0717294961 0.021411445 -0.0127238845
  vertex -0.0717619807 0.0214181393 -0.0127077512
  endloop
 endfacet

 facet normal -0.478852689 -0.425299972 -0.767997444
  outer loop
  vertex -0.0716993362 0.0214419439 -0.0127599919
  vertex -0.0717619807 0.0214181393 -0.0127077512
  vertex -0.0717318207 0.0214493833 -0.0127438586
  endloop
 endfacet

 facet normal -0.47960481 -0.396575868 -0.782755971
  outer loop
  vertex -0.0716993362 0.0214419439 -0.0127599919
  vertex -0.0717318207 0.0214493833 -0.0127438586
  vertex -0.0717318207 0.0214888081 -0.0127638336
  endloop
 endfacet

 facet normal -0.493671179 -0.393034428 -0.775765896
  outer loop
  vertex -0.0717318207 0.0214888081 -0.0127638336
  vertex -0.0717318207 0.0214493833 -0.0127438586
  vertex -0.0717642978 0.0214568209 -0.012726957
  endloop
 endfacet

 facet normal -0.526753366 -0.355319381 -0.772191048
  outer loop
  vertex -0.0717318207 0.0214888081 -0.0127638336
  vertex -0.0717642978 0.0214568209 -0.012726957
  vertex -0.0717666224 0.0214969907 -0.0127438586
  endloop
 endfacet

 facet normal -0.526691914 -0.285639137 -0.800628424
  outer loop
  vertex -0.0717318207 0.0214888081 -0.0127638336
  vertex -0.0717666224 0.0214969907 -0.0127438586
  vertex -0.0717666224 0.0215379056 -0.0127584552
  endloop
 endfacet

 facet normal -0.5015499 -0.265318573 -0.823440254
  outer loop
  vertex -0.0717318207 0.0214888081 -0.0127638336
  vertex -0.0717666224 0.0215379056 -0.0127584552
  vertex -0.0717294961 0.021529723 -0.0127784302
  endloop
 endfacet

 facet normal -0.54858017 -0.280948818 -0.787481785
  outer loop
  vertex -0.0717666224 0.0215379056 -0.0127584552
  vertex -0.0717666224 0.0214969907 -0.0127438586
  vertex -0.0717990994 0.0215044301 -0.0127238845
  endloop
 endfacet

 facet normal -0.573741138 -0.249064416 -0.780248761
  outer loop
  vertex -0.0717666224 0.0215379056 -0.0127584552
  vertex -0.0717990994 0.0215044301 -0.0127238845
  vertex -0.0717990994 0.0215453431 -0.0127369445
  endloop
 endfacet

 facet normal -0.571007371 -0.172354862 -0.802648425
  outer loop
  vertex -0.0717666224 0.0215379056 -0.0127584552
  vertex -0.0717990994 0.0215453431 -0.0127369445
  vertex -0.0717967823 0.0215877462 -0.0127477003
  endloop
 endfacet

 facet normal -0.55881542 -0.162705272 -0.813174248
  outer loop
  vertex -0.0717666224 0.0215379056 -0.0127584552
  vertex -0.0717967823 0.0215877462 -0.0127477003
  vertex -0.0717619807 0.0215795636 -0.0127699794
  endloop
 endfacet

 facet normal -0.55474925 -0.116376452 -0.823838472
  outer loop
  vertex -0.0717619807 0.0215795636 -0.0127699794
  vertex -0.0717967823 0.0215877462 -0.0127477003
  vertex -0.0717573389 0.0216227081 -0.0127791986
  endloop
 endfacet

 facet normal -0.574966252 -0.0845240504 -0.813799441
  outer loop
  vertex -0.0717573389 0.0216227081 -0.0127791986
  vertex -0.0717967823 0.0215877462 -0.0127477003
  vertex -0.0717921406 0.0216301475 -0.0127553828
  endloop
 endfacet

 facet normal -0.570216954 -0.0409421138 -0.820473254
  outer loop
  vertex -0.0717573389 0.0216227081 -0.0127791986
  vertex -0.0717921406 0.0216301475 -0.0127553828
  vertex -0.0717874989 0.0216732919 -0.0127607603
  endloop
 endfacet

 facet normal -0.513520598 0.00656234007 -0.858052194
  outer loop
  vertex -0.0717573389 0.0216227081 -0.0127791986
  vertex -0.0717874989 0.0216732919 -0.0127607603
  vertex -0.0717503801 0.0216651093 -0.0127830403
  endloop
 endfacet

 facet normal -0.505655169 0.0509058908 -0.861232519
  outer loop
  vertex -0.0717503801 0.0216651093 -0.0127830403
  vertex -0.0717874989 0.0216732919 -0.0127607603
  vertex -0.0717434138 0.0217082556 -0.012784576
  endloop
 endfacet

 facet normal -0.52351594 0.0824271291 -0.848019361
  outer loop
  vertex -0.0717434138 0.0217082556 -0.012784576
  vertex -0.0717874989 0.0216732919 -0.0127607603
  vertex -0.0717782155 0.0217164382 -0.0127622969
  endloop
 endfacet

 facet normal -0.515911341 0.11655689 -0.848675489
  outer loop
  vertex -0.0717434138 0.0217082556 -0.012784576
  vertex -0.0717782155 0.0217164382 -0.0127622969
  vertex -0.0713373944 0.0236676559 -0.0127622969
  endloop
 endfacet

 facet normal -0.511164904 0.115607403 -0.851672113
  outer loop
  vertex -0.0717434138 0.0217082556 -0.012784576
  vertex -0.0713373944 0.0236676559 -0.0127622969
  vertex -0.0713002682 0.0236676559 -0.012784576
  endloop
 endfacet

 facet normal -0.000324591005 0.999998569 0.00164416875
  outer loop
  vertex -0.0590777621 0.0236676559 -0.00779170822
  vertex -0.0712074637 0.0236676559 -0.010186349
  vertex -0.049551256 0.0236661676 -0.00500602834
  endloop
 endfacet

 facet normal 5.90351774e-05 -0.000114119597 1
  outer loop
  vertex -0.0482960604 0.0231990051 -0.00500602834
  vertex -0.05812186 0.0181160234 -0.00500602834
  vertex -0.0490663461 0.0160681009 -0.00500679668
  endloop
 endfacet

 facet normal -0.024662178 0.994335711 0.10338524
  outer loop
  vertex -0.049551256 0.0236661676 -0.00500602834
  vertex -0.0712074637 0.0236676559 -0.010186349
  vertex -0.0712956265 0.023126848 -0.00500602834
  endloop
 endfacet

 facet normal -0.116857752 -0.517040491 0.847946584
  outer loop
  vertex -0.0490663461 0.0160681009 -0.00500679668
  vertex -0.05812186 0.0181160234 -0.00500602834
  vertex -0.0716065317 0.02116373 -0.00500602834
  endloop
 endfacet

 facet normal -0.248452991 -0.968643904 0
  outer loop
  vertex -0.0716065317 0.02116373 -0.0067630196
  vertex -0.0716065317 0.02116373 -0.00500602834
  vertex -0.0716181323 0.0211667065 -0.00500602834
  endloop
 endfacet

 facet normal -0.255109131 -0.96691227 -4.68850194e-05
  outer loop
  vertex -0.0716065317 0.02116373 -0.0067630196
  vertex -0.0716181323 0.0211667065 -0.00500602834
  vertex -0.0716506094 0.0211756323 -0.0123574277
  endloop
 endfacet

 facet normal -0.207094848 -0.944036424 -0.256723732
  outer loop
  vertex -0.0715833306 0.0211763754 -0.0124811167
  vertex -0.0716274083 0.0211860463 -0.0124811167
  vertex -0.0716042072 0.0211815834 -0.0124834217
  endloop
 endfacet

 facet normal -0.200263247 -0.933987558 -0.29590857
  outer loop
  vertex -0.0715833306 0.0211763754 -0.0124811167
  vertex -0.0716042072 0.0211815834 -0.0124834217
  vertex -0.07160189 0.0211942289 -0.0125249065
  endloop
 endfacet

 facet normal -0.298763096 -0.951329827 -0.0755787268
  outer loop
  vertex -0.0716250911 0.0211704243 -0.0123927677
  vertex -0.0716506094 0.0211756323 -0.0123574277
  vertex -0.0716807693 0.0211882778 -0.0123973778
  endloop
 endfacet

 facet normal -0.296795696 -0.950205088 -0.0949873775
  outer loop
  vertex -0.0716250911 0.0211704243 -0.0123927677
  vertex -0.0716807693 0.0211882778 -0.0123973778
  vertex -0.0716552511 0.0211830717 -0.0124250343
  endloop
 endfacet

 facet normal -0.268050849 -0.955405295 -0.123893984
  outer loop
  vertex -0.0716250911 0.0211704243 -0.0123927677
  vertex -0.0716552511 0.0211830717 -0.0124250343
  vertex -0.0716343746 0.0211786069 -0.0124357902
  endloop
 endfacet

 facet normal -0.356600493 -0.93425709 0
  outer loop
  vertex -0.0716506094 0.0211756323 -0.0123574277
  vertex -0.0716506094 0.0211756323 -0.00500602834
  vertex -0.0716993362 0.0211942289 -0.0067630196
  endloop
 endfacet

 facet normal -0.368216515 -0.929740131 -0.000116182433
  outer loop
  vertex -0.0716506094 0.0211756323 -0.0123574277
  vertex -0.0716993362 0.0211942289 -0.0067630196
  vertex -0.0716900527 0.0211912543 -0.0123612694
  endloop
 endfacet

 facet normal -0.367323965 -0.930034101 -0.010476239
  outer loop
  vertex -0.0716506094 0.0211756323 -0.0123574277
  vertex -0.0716900527 0.0211912543 -0.0123612694
  vertex -0.0716877356 0.0211905092 -0.0123766344
  endloop
 endfacet

 facet normal -0.362398058 -0.931778848 -0.0213481802
  outer loop
  vertex -0.0716506094 0.0211756323 -0.0123574277
  vertex -0.0716877356 0.0211905092 -0.0123766344
  vertex -0.0716807693 0.0211882778 -0.0123973778
  endloop
 endfacet

 facet normal -0.264989018 -0.964251459 0
  outer loop
  vertex -0.0716506094 0.0211756323 -0.0123574277
  vertex -0.0716181323 0.0211667065 -0.00500602834
  vertex -0.0716506094 0.0211756323 -0.00500602834
  endloop
 endfacet

 facet normal -0.301716983 -0.932444453 -0.198782206
  outer loop
  vertex -0.0716343746 0.0211786069 -0.0124357902
  vertex -0.0716552511 0.0211830717 -0.0124250343
  vertex -0.0716575757 0.0211934857 -0.0124703618
  endloop
 endfacet

 facet normal -0.301049411 -0.932554424 -0.19927758
  outer loop
  vertex -0.0716343746 0.0211786069 -0.0124357902
  vertex -0.0716575757 0.0211934857 -0.0124703618
  vertex -0.0716274083 0.0211860463 -0.0124811167
  endloop
 endfacet

 facet normal -0.226277083 -0.925158858 -0.304761827
  outer loop
  vertex -0.0716274083 0.0211860463 -0.0124811167
  vertex -0.0716181323 0.0211979486 -0.0125241391
  vertex -0.07160189 0.0211942289 -0.0125249065
  endloop
 endfacet

 facet normal -0.208695933 -0.932166219 -0.295824885
  outer loop
  vertex -0.0716274083 0.0211860463 -0.0124811167
  vertex -0.07160189 0.0211942289 -0.0125249065
  vertex -0.0716042072 0.0211815834 -0.0124834217
  endloop
 endfacet

 facet normal -0.320772707 -0.907227933 -0.272107333
  outer loop
  vertex -0.0716274083 0.0211860463 -0.0124811167
  vertex -0.0716575757 0.0211934857 -0.0124703618
  vertex -0.0716459677 0.0212038998 -0.0125187617
  endloop
 endfacet

 facet normal -0.25545451 -0.916250229 -0.308591098
  outer loop
  vertex -0.0716274083 0.0211860463 -0.0124811167
  vertex -0.0716459677 0.0212038998 -0.0125187617
  vertex -0.0716181323 0.0211979486 -0.0125241391
  endloop
 endfacet

 facet normal -0.117132746 -0.829797626 -0.545633495
  outer loop
  vertex -0.0715508461 0.02122101 -0.0126009639
  vertex -0.0715717301 0.0212254729 -0.012603269
  vertex -0.0715183616 0.0212366302 -0.0126316939
  endloop
 endfacet

 facet normal -0.117881343 -0.828978002 -0.546717107
  outer loop
  vertex -0.0715183616 0.0212366302 -0.0126316939
  vertex -0.0715717301 0.0212254729 -0.012603269
  vertex -0.0715647638 0.0212477893 -0.012638608
  endloop
 endfacet

 facet normal -0.104119033 -0.799521863 -0.591543794
  outer loop
  vertex -0.0715183616 0.0212366302 -0.0126316939
  vertex -0.0715647638 0.0212477893 -0.012638608
  vertex -0.0715299621 0.0212671291 -0.0126708746
  endloop
 endfacet

 facet normal -0.0356065854 -0.793685853 -0.607284904
  outer loop
  vertex -0.0715183616 0.0212366302 -0.0126316939
  vertex -0.0715299621 0.0212671291 -0.0126708746
  vertex -0.0715021268 0.021261178 -0.0126647288
  endloop
 endfacet

 facet normal -0.014832845 -0.751035631 -0.660095096
  outer loop
  vertex -0.0715021268 0.021261178 -0.0126647288
  vertex -0.0715299621 0.0212671291 -0.0126708746
  vertex -0.0714905187 0.0212879591 -0.0126954596
  endloop
 endfacet

 facet normal -0.0161317121 -0.749969482 -0.661275744
  outer loop
  vertex -0.0714905187 0.0212879591 -0.0126954596
  vertex -0.0715299621 0.0212671291 -0.0126708746
  vertex -0.0715183616 0.0212946534 -0.0127023729
  endloop
 endfacet

 facet normal -0.223720998 -0.899352551 -0.37565133
  outer loop
  vertex -0.07160189 0.0211942289 -0.0125249065
  vertex -0.0716181323 0.0211979486 -0.0125241391
  vertex -0.0716181323 0.0212143138 -0.0125633189
  endloop
 endfacet

 facet normal -0.262177169 -0.890463352 -0.371938407
  outer loop
  vertex -0.0716181323 0.0212143138 -0.0125633189
  vertex -0.0716181323 0.0211979486 -0.0125241391
  vertex -0.0716459677 0.0212038998 -0.0125187617
  endloop
 endfacet

 facet normal -0.291315615 -0.875053883 -0.386543423
  outer loop
  vertex -0.0716181323 0.0212143138 -0.0125633189
  vertex -0.0716459677 0.0212038998 -0.0125187617
  vertex -0.0716691762 0.0212262161 -0.0125517957
  endloop
 endfacet

 facet normal -0.295437932 -0.855753899 -0.424737215
  outer loop
  vertex -0.0716181323 0.0212143138 -0.0125633189
  vertex -0.0716691762 0.0212262161 -0.0125517957
  vertex -0.0716343746 0.0212187767 -0.0125610149
  endloop
 endfacet

 facet normal -0.295423269 -0.840496957 -0.454191685
  outer loop
  vertex -0.0716181323 0.0212143138 -0.0125633189
  vertex -0.0716343746 0.0212187767 -0.0125610149
  vertex -0.0716366917 0.0212403499 -0.0125994273
  endloop
 endfacet

 facet normal -0.278026015 -0.841251373 -0.4636783
  outer loop
  vertex -0.0716181323 0.0212143138 -0.0125633189
  vertex -0.0716366917 0.0212403499 -0.0125994273
  vertex -0.0716158077 0.0212351438 -0.0126025006
  endloop
 endfacet

 facet normal -0.20107314 -0.85996598 -0.469071507
  outer loop
  vertex -0.0716181323 0.0212143138 -0.0125633189
  vertex -0.0716158077 0.0212351438 -0.0126025006
  vertex -0.0715949312 0.021230679 -0.012603269
  endloop
 endfacet

 facet normal -0.193740889 -0.863231122 -0.466150731
  outer loop
  vertex -0.0716181323 0.0212143138 -0.0125633189
  vertex -0.0715949312 0.021230679 -0.012603269
  vertex -0.0715717301 0.0212254729 -0.012603269
  endloop
 endfacet

 facet normal -0.187330455 -0.834668815 -0.517914414
  outer loop
  vertex -0.0715717301 0.0212254729 -0.012603269
  vertex -0.0715949312 0.021230679 -0.012603269
  vertex -0.0715902895 0.0212529954 -0.012640913
  endloop
 endfacet

 facet normal -0.119684353 -0.828630149 -0.546852589
  outer loop
  vertex -0.0715717301 0.0212254729 -0.012603269
  vertex -0.0715902895 0.0212529954 -0.012640913
  vertex -0.0715647638 0.0212477893 -0.012638608
  endloop
 endfacet

 facet normal -0.0778492615 -0.736351967 -0.672105193
  outer loop
  vertex -0.0715183616 0.0212946534 -0.0127023729
  vertex -0.0715299621 0.0212671291 -0.0126708746
  vertex -0.0715485215 0.0213013496 -0.0127062146
  endloop
 endfacet

 facet normal -0.0574484579 -0.678836763 -0.732038498
  outer loop
  vertex -0.0715183616 0.0212946534 -0.0127023729
  vertex -0.0715485215 0.0213013496 -0.0127062146
  vertex -0.071506761 0.0213251542 -0.0127315661
  endloop
 endfacet

 facet normal -0.066215314 -0.670660615 -0.738803029
  outer loop
  vertex -0.071506761 0.0213251542 -0.0127315661
  vertex -0.0715485215 0.0213013496 -0.0127062146
  vertex -0.0715392455 0.0213325918 -0.0127354078
  endloop
 endfacet

 facet normal -0.0510925949 -0.625254035 -0.778747022
  outer loop
  vertex -0.071506761 0.0213251542 -0.0127315661
  vertex -0.0715392455 0.0213325918 -0.0127354078
  vertex -0.0715299621 0.021365324 -0.0127622969
  endloop
 endfacet

 facet normal -0.02311204 -0.615823388 -0.787545204
  outer loop
  vertex -0.071506761 0.0213251542 -0.0127315661
  vertex -0.0715299621 0.021365324 -0.0127622969
  vertex -0.0714951605 0.0213571414 -0.0127569195
  endloop
 endfacet

 facet normal -0.0901411623 -0.616804004 -0.781938195
  outer loop
  vertex -0.0715299621 0.021365324 -0.0127622969
  vertex -0.0715392455 0.0213325918 -0.0127354078
  vertex -0.0715717301 0.021339288 -0.0127369445
  endloop
 endfacet

 facet normal -0.112227306 -0.594956994 -0.795884013
  outer loop
  vertex -0.0715299621 0.021365324 -0.0127622969
  vertex -0.0715717301 0.021339288 -0.0127369445
  vertex -0.0715624467 0.0213735066 -0.0127638336
  endloop
 endfacet

 facet normal -0.187903166 -0.574838758 -0.796399951
  outer loop
  vertex -0.0715624467 0.0213735066 -0.0127638336
  vertex -0.0715717301 0.021339288 -0.0127369445
  vertex -0.0715972483 0.0213816892 -0.0127615286
  endloop
 endfacet

 facet normal -0.223452196 -0.565872073 -0.793635845
  outer loop
  vertex -0.0715972483 0.0213816892 -0.0127615286
  vertex -0.0716042072 0.0213467255 -0.0127346395
  vertex -0.0716366917 0.0213541649 -0.0127307987
  endloop
 endfacet

 facet normal -0.239488527 -0.550055623 -0.800052583
  outer loop
  vertex -0.0715972483 0.0213816892 -0.0127615286
  vertex -0.0716366917 0.0213541649 -0.0127307987
  vertex -0.0716297328 0.0213891268 -0.0127569195
  endloop
 endfacet

 facet normal -0.188168913 -0.57492578 -0.796274364
  outer loop
  vertex -0.0715972483 0.0213816892 -0.0127615286
  vertex -0.0715717301 0.021339288 -0.0127369445
  vertex -0.0716042072 0.0213467255 -0.0127346395
  endloop
 endfacet

 facet normal -0.288048565 -0.535690546 -0.793765485
  outer loop
  vertex -0.0716297328 0.0213891268 -0.0127569195
  vertex -0.0716366917 0.0213541649 -0.0127307987
  vertex -0.0716668516 0.0213965662 -0.0127484687
  endloop
 endfacet

 facet normal -0.331160367 -0.553906322 -0.7638852
  outer loop
  vertex -0.0716668516 0.0213965662 -0.0127484687
  vertex -0.0716366917 0.0213541649 -0.0127307987
  vertex -0.0716668516 0.0213616043 -0.0127231162
  endloop
 endfacet

 facet normal -0.362598836 -0.547079682 -0.754470706
  outer loop
  vertex -0.0716668516 0.0213965662 -0.0127484687
  vertex -0.0716668516 0.0213616043 -0.0127231162
  vertex -0.0716993362 0.0213682987 -0.0127123604
  endloop
 endfacet

 facet normal -0.37344119 -0.537058771 -0.756379306
  outer loop
  vertex -0.0716668516 0.0213965662 -0.0127484687
  vertex -0.0716993362 0.0213682987 -0.0127123604
  vertex -0.0716993362 0.0214040056 -0.0127377128
  endloop
 endfacet

 facet normal -0.459003687 -0.514352918 -0.724400938
  outer loop
  vertex -0.0716993362 0.0214040056 -0.0127377128
  vertex -0.0716993362 0.0213682987 -0.0127123604
  vertex -0.0717294961 0.021411445 -0.0127238845
  endloop
 endfacet

 facet normal -0.462360501 -0.515844166 -0.721198678
  outer loop
  vertex -0.0717294961 0.021411445 -0.0127238845
  vertex -0.0716993362 0.0213682987 -0.0127123604
  vertex -0.071727179 0.021374993 -0.0126992995
  endloop
 endfacet

 facet normal -0.464047968 -0.515423238 -0.720415473
  outer loop
  vertex -0.0717294961 0.021411445 -0.0127238845
  vertex -0.071727179 0.021374993 -0.0126992995
  vertex -0.0717619807 0.0214181393 -0.0127077512
  endloop
 endfacet

 facet normal -0.493123293 -0.410434544 -0.767054737
  outer loop
  vertex -0.0717619807 0.0214181393 -0.0127077512
  vertex -0.0717642978 0.0214568209 -0.012726957
  vertex -0.0717318207 0.0214493833 -0.0127438586
  endloop
 endfacet

 facet normal -0.476231664 -0.522649646 -0.707135677
  outer loop
  vertex -0.0717619807 0.0214181393 -0.0127077512
  vertex -0.071727179 0.021374993 -0.0126992995
  vertex -0.0717573389 0.0213816892 -0.0126839345
  endloop
 endfacet

 facet normal -0.540154696 -0.507424057 -0.67138195
  outer loop
  vertex -0.0717619807 0.0214181393 -0.0127077512
  vertex -0.0717573389 0.0213816892 -0.0126839345
  vertex -0.0717921406 0.0214248337 -0.0126885446
  endloop
 endfacet

 facet normal -0.554091871 -0.396631002 -0.731892109
  outer loop
  vertex -0.0717619807 0.0214181393 -0.0127077512
  vertex -0.0717921406 0.0214248337 -0.0126885446
  vertex -0.0717944577 0.0214635171 -0.0127077512
  endloop
 endfacet

 facet normal -0.554095626 -0.396633625 -0.731887937
  outer loop
  vertex -0.0717619807 0.0214181393 -0.0127077512
  vertex -0.0717944577 0.0214635171 -0.0127077512
  vertex -0.0717642978 0.0214568209 -0.012726957
  endloop
 endfacet

 facet normal -0.556738257 -0.358618855 -0.749289691
  outer loop
  vertex -0.0717642978 0.0214568209 -0.012726957
  vertex -0.0717944577 0.0214635171 -0.0127077512
  vertex -0.0717990994 0.0215044301 -0.0127238845
  endloop
 endfacet

 facet normal -0.547491252 -0.351197422 -0.759548366
  outer loop
  vertex -0.0717642978 0.0214568209 -0.012726957
  vertex -0.0717990994 0.0215044301 -0.0127238845
  vertex -0.0717666224 0.0214969907 -0.0127438586
  endloop
 endfacet

 facet normal -0.637928843 -0.344043583 -0.688970923
  outer loop
  vertex -0.0717990994 0.0215044301 -0.0127238845
  vertex -0.0717944577 0.0214635171 -0.0127077512
  vertex -0.0718246251 0.0214702114 -0.0126831662
  endloop
 endfacet

 facet normal -0.662700117 -0.314482063 -0.679654062
  outer loop
  vertex -0.0717990994 0.0215044301 -0.0127238845
  vertex -0.0718246251 0.0214702114 -0.0126831662
  vertex -0.0718571022 0.0215170756 -0.0126731796
  endloop
 endfacet

 facet normal -0.668154418 -0.237555891 -0.705079317
  outer loop
  vertex -0.0717990994 0.0215044301 -0.0127238845
  vertex -0.0718571022 0.0215170756 -0.0126731796
  vertex -0.0718292668 0.0215527825 -0.0127115929
  endloop
 endfacet

 facet normal -0.658806026 -0.228774056 -0.716684818
  outer loop
  vertex -0.0717990994 0.0215044301 -0.0127238845
  vertex -0.0718292668 0.0215527825 -0.0127115929
  vertex -0.0717990994 0.0215453431 -0.0127369445
  endloop
 endfacet

 facet normal -0.658654392 -0.185001239 -0.729348361
  outer loop
  vertex -0.0717990994 0.0215453431 -0.0127369445
  vertex -0.0718292668 0.0215527825 -0.0127115929
  vertex -0.0718292668 0.0215951838 -0.0127223479
  endloop
 endfacet

 facet normal -0.629793763 -0.158431232 -0.760433793
  outer loop
  vertex -0.0717990994 0.0215453431 -0.0127369445
  vertex -0.0718292668 0.0215951838 -0.0127223479
  vertex -0.0717967823 0.0215877462 -0.0127477003
  endloop
 endfacet

 facet normal -0.624478042 -0.0784357488 -0.777094007
  outer loop
  vertex -0.0717967823 0.0215877462 -0.0127477003
  vertex -0.0718292668 0.0215951838 -0.0127223479
  vertex -0.0718269423 0.0216375869 -0.0127284937
  endloop
 endfacet

 facet normal -0.619572043 -0.0737826526 -0.781464458
  outer loop
  vertex -0.0717967823 0.0215877462 -0.0127477003
  vertex -0.0718269423 0.0216375869 -0.0127284937
  vertex -0.0717921406 0.0216301475 -0.0127553828
  endloop
 endfacet

 facet normal -0.615370393 -0.0319886692 -0.787588716
  outer loop
  vertex -0.0717921406 0.0216301475 -0.0127553828
  vertex -0.0718269423 0.0216375869 -0.0127284937
  vertex -0.0717874989 0.0216732919 -0.0127607603
  endloop
 endfacet

 facet normal -0.636755347 0.00658935076 -0.771037757
  outer loop
  vertex -0.0717874989 0.0216732919 -0.0127607603
  vertex -0.0718269423 0.0216375869 -0.0127284937
  vertex -0.0718199834 0.0216807313 -0.0127338711
  endloop
 endfacet

 facet normal -0.625929892 0.073329635 -0.776424229
  outer loop
  vertex -0.0717874989 0.0216732919 -0.0127607603
  vertex -0.0718199834 0.0216807313 -0.0127338711
  vertex -0.0718130246 0.0217238776 -0.0127354078
  endloop
 endfacet

 facet normal -0.594919026 0.0995846838 -0.797592759
  outer loop
  vertex -0.0717874989 0.0216732919 -0.0127607603
  vertex -0.0718130246 0.0217238776 -0.0127354078
  vertex -0.0717782155 0.0217164382 -0.0127622969
  endloop
 endfacet

 facet normal -0.588018298 0.132847577 -0.797863424
  outer loop
  vertex -0.0717782155 0.0217164382 -0.0127622969
  vertex -0.0718130246 0.0217238776 -0.0127354078
  vertex -0.0713373944 0.0236676559 -0.0127622969
  endloop
 endfacet

 facet normal -0.605581939 0.137339279 -0.783842087
  outer loop
  vertex -0.0713373944 0.0236676559 -0.0127622969
  vertex -0.0718130246 0.0217238776 -0.0127354078
  vertex -0.0713721961 0.0236676559 -0.0127354078
  endloop
 endfacet

 facet normal -0.0341703929 0.994073868 0.103196092
  outer loop
  vertex -0.0712074637 0.0236676559 -0.010186349
  vertex -0.0712422654 0.0236676559 -0.0101978732
  vertex -0.0712956265 0.023126848 -0.00500602834
  endloop
 endfacet

 facet normal -0.0447845683 0.99366802 0.103044719
  outer loop
  vertex -0.0712956265 0.023126848 -0.00500602834
  vertex -0.0712422654 0.0236676559 -0.0101978732
  vertex -0.0712793916 0.0236676559 -0.0102140065
  endloop
 endfacet

 facet normal -0.0455082059 0.993635774 0.103039108
  outer loop
  vertex -0.0712956265 0.023126848 -0.00500602834
  vertex -0.0712793916 0.0236676559 -0.0102140065
  vertex -0.0713118687 0.0231261048 -0.00500602834
  endloop
 endfacet

 facet normal -0.430529237 -0.901326597 -0.047487434
  outer loop
  vertex -0.0716807693 0.0211882778 -0.0123973778
  vertex -0.0716877356 0.0211905092 -0.0123766344
  vertex -0.0717294961 0.0212098509 -0.0123651111
  endloop
 endfacet

 facet normal -0.43282491 -0.899985552 -0.0518504865
  outer loop
  vertex -0.0716807693 0.0211882778 -0.0123973778
  vertex -0.0717294961 0.0212098509 -0.0123651111
  vertex -0.0717225373 0.0212083627 -0.0123973778
  endloop
 endfacet

 facet normal -0.431384146 -0.896989763 -0.0965253562
  outer loop
  vertex -0.0716807693 0.0211882778 -0.0123973778
  vertex -0.0717225373 0.0212083627 -0.0123973778
  vertex -0.0717132539 0.0212061312 -0.0124181202
  endloop
 endfacet

 facet normal -0.394565165 -0.904687107 -0.160808831
  outer loop
  vertex -0.0716807693 0.0211882778 -0.0123973778
  vertex -0.0717132539 0.0212061312 -0.0124181202
  vertex -0.0716923773 0.0212016683 -0.012444241
  endloop
 endfacet

 facet normal -0.369954169 -0.913473248 -0.169412106
  outer loop
  vertex -0.0716807693 0.0211882778 -0.0123973778
  vertex -0.0716923773 0.0212016683 -0.012444241
  vertex -0.0716552511 0.0211830717 -0.0124250343
  endloop
 endfacet

 facet normal -0.366885364 -0.913573146 -0.175440356
  outer loop
  vertex -0.0716552511 0.0211830717 -0.0124250343
  vertex -0.0716923773 0.0212016683 -0.012444241
  vertex -0.0716761351 0.0211979486 -0.0124588376
  endloop
 endfacet

 facet normal -0.341497719 -0.919682622 -0.193812609
  outer loop
  vertex -0.0716552511 0.0211830717 -0.0124250343
  vertex -0.0716761351 0.0211979486 -0.0124588376
  vertex -0.0716575757 0.0211934857 -0.0124703618
  endloop
 endfacet

 facet normal -0.366165698 -0.930549562 0.00030449513
  outer loop
  vertex -0.0716506094 0.0211756323 -0.00500602834
  vertex -0.0717016533 0.0211957172 -0.00500602834
  vertex -0.0716993362 0.0211942289 -0.0067630196
  endloop
 endfacet

 facet normal -0.433424115 -0.901190162 0.000190841267
  outer loop
  vertex -0.0716993362 0.0211942289 -0.0067630196
  vertex -0.0717016533 0.0211957172 -0.00500602834
  vertex -0.0717294961 0.0212091077 -0.00500602834
  endloop
 endfacet

 facet normal -0.44238776 -0.896823883 0
  outer loop
  vertex -0.0716993362 0.0211942289 -0.0067630196
  vertex -0.0717294961 0.0212091077 -0.00500602834
  vertex -0.0717294961 0.0212091077 -0.0067630196
  endloop
 endfacet

 facet normal -0.44238776 -0.896823883 -0.000119078373
  outer loop
  vertex -0.0716993362 0.0211942289 -0.0067630196
  vertex -0.0717294961 0.0212091077 -0.0067630196
  vertex -0.0717294961 0.0212098509 -0.0123651111
  endloop
 endfacet

 facet normal -0.426472276 -0.904500604 -0.000226170319
  outer loop
  vertex -0.0716993362 0.0211942289 -0.0067630196
  vertex -0.0717294961 0.0212098509 -0.0123651111
  vertex -0.0716900527 0.0211912543 -0.0123612694
  endloop
 endfacet

 facet normal -0.424778402 -0.905068278 -0.0203657821
  outer loop
  vertex -0.0716900527 0.0211912543 -0.0123612694
  vertex -0.0717294961 0.0212098509 -0.0123651111
  vertex -0.0716877356 0.0211905092 -0.0123766344
  endloop
 endfacet

 facet normal -0.366559833 -0.898239851 -0.242484972
  outer loop
  vertex -0.0716575757 0.0211934857 -0.0124703618
  vertex -0.0716761351 0.0211979486 -0.0124588376
  vertex -0.0716970116 0.0212158021 -0.0124934083
  endloop
 endfacet

 facet normal -0.357030988 -0.897682905 -0.258252591
  outer loop
  vertex -0.0716575757 0.0211934857 -0.0124703618
  vertex -0.0716970116 0.0212158021 -0.0124934083
  vertex -0.0716714934 0.0212098509 -0.0125080049
  endloop
 endfacet

 facet normal -0.326076955 -0.90509069 -0.27291891
  outer loop
  vertex -0.0716575757 0.0211934857 -0.0124703618
  vertex -0.0716714934 0.0212098509 -0.0125080049
  vertex -0.0716459677 0.0212038998 -0.0125187617
  endloop
 endfacet

 facet normal -0.348396361 -0.871833444 -0.344276637
  outer loop
  vertex -0.0716459677 0.0212038998 -0.0125187617
  vertex -0.0716714934 0.0212098509 -0.0125080049
  vertex -0.0716691762 0.0212262161 -0.0125517957
  endloop
 endfacet

 facet normal -0.109300062 -0.798008323 -0.592651844
  outer loop
  vertex -0.0715647638 0.0212477893 -0.012638608
  vertex -0.0715902895 0.0212529954 -0.012640913
  vertex -0.0715578049 0.0212730803 -0.012673948
  endloop
 endfacet

 facet normal -0.105343096 -0.798733473 -0.592391491
  outer loop
  vertex -0.0715647638 0.0212477893 -0.012638608
  vertex -0.0715578049 0.0212730803 -0.012673948
  vertex -0.0715299621 0.0212671291 -0.0126708746
  endloop
 endfacet

 facet normal -0.083668761 -0.737492263 -0.670152843
  outer loop
  vertex -0.0715299621 0.0212671291 -0.0126708746
  vertex -0.0715578049 0.0212730803 -0.012673948
  vertex -0.0715485215 0.0213013496 -0.0127062146
  endloop
 endfacet

 facet normal -0.299356878 -0.840277076 -0.452017605
  outer loop
  vertex -0.0716691762 0.0212262161 -0.0125517957
  vertex -0.0716575757 0.0212448128 -0.0125940489
  vertex -0.0716343746 0.0212187767 -0.0125610149
  endloop
 endfacet

 facet normal -0.378309339 -0.860355139 -0.34157151
  outer loop
  vertex -0.0716691762 0.0212262161 -0.0125517957
  vertex -0.0716714934 0.0212098509 -0.0125080049
  vertex -0.0717016533 0.0212343987 -0.0125364307
  endloop
 endfacet

 facet normal -0.40259552 -0.814786673 -0.417180479
  outer loop
  vertex -0.0716691762 0.0212262161 -0.0125517957
  vertex -0.0717016533 0.0212343987 -0.0125364307
  vertex -0.0716970116 0.0212537404 -0.0125786839
  endloop
 endfacet

 facet normal -0.361919761 -0.812519193 -0.456975698
  outer loop
  vertex -0.0716691762 0.0212262161 -0.0125517957
  vertex -0.0716970116 0.0212537404 -0.0125786839
  vertex -0.0716575757 0.0212448128 -0.0125940489
  endloop
 endfacet

 facet normal -0.296515673 -0.840229034 -0.45397526
  outer loop
  vertex -0.0716343746 0.0212187767 -0.0125610149
  vertex -0.0716575757 0.0212448128 -0.0125940489
  vertex -0.0716366917 0.0212403499 -0.0125994273
  endloop
 endfacet

 facet normal -0.277613848 -0.794474781 -0.540130019
  outer loop
  vertex -0.0716366917 0.0212403499 -0.0125994273
  vertex -0.0716366917 0.0212648977 -0.0126355356
  vertex -0.0716158077 0.0212351438 -0.0126025006
  endloop
 endfacet

 facet normal -0.304723561 -0.796643376 -0.522018135
  outer loop
  vertex -0.0716366917 0.0212403499 -0.0125994273
  vertex -0.0716575757 0.0212448128 -0.0125940489
  vertex -0.0716598928 0.0212693624 -0.0126301572
  endloop
 endfacet

 facet normal -0.277991623 -0.79438442 -0.540068567
  outer loop
  vertex -0.0716366917 0.0212403499 -0.0125994273
  vertex -0.0716598928 0.0212693624 -0.0126301572
  vertex -0.0716366917 0.0212648977 -0.0126355356
  endloop
 endfacet

 facet normal -0.275440723 -0.794364095 -0.54140383
  outer loop
  vertex -0.0716158077 0.0212351438 -0.0126025006
  vertex -0.0716366917 0.0212648977 -0.0126355356
  vertex -0.0716134906 0.0212589465 -0.012638608
  endloop
 endfacet

 facet normal -0.258829117 -0.798711181 -0.543201625
  outer loop
  vertex -0.0716158077 0.0212351438 -0.0126025006
  vertex -0.0716134906 0.0212589465 -0.012638608
  vertex -0.0715902895 0.0212529954 -0.012640913
  endloop
 endfacet

 facet normal -0.196995795 -0.832499444 -0.517819941
  outer loop
  vertex -0.0716158077 0.0212351438 -0.0126025006
  vertex -0.0715902895 0.0212529954 -0.012640913
  vertex -0.0715949312 0.021230679 -0.012603269
  endloop
 endfacet

 facet normal -0.144067466 -0.776321888 -0.61365211
  outer loop
  vertex -0.0715902895 0.0212529954 -0.012640913
  vertex -0.0715833306 0.0212790333 -0.0126754846
  vertex -0.0715578049 0.0212730803 -0.012673948
  endloop
 endfacet

 facet normal -0.254677027 -0.7626127 -0.594610393
  outer loop
  vertex -0.0715902895 0.0212529954 -0.012640913
  vertex -0.0716134906 0.0212589465 -0.012638608
  vertex -0.071611166 0.0212857276 -0.012673948
  endloop
 endfacet

 facet normal -0.216322228 -0.758473516 -0.6147542
  outer loop
  vertex -0.0715902895 0.0212529954 -0.012640913
  vertex -0.071611166 0.0212857276 -0.012673948
  vertex -0.0715833306 0.0212790333 -0.0126754846
  endloop
 endfacet

 facet normal -0.127174959 -0.727656662 -0.674049199
  outer loop
  vertex -0.0715485215 0.0213013496 -0.0127062146
  vertex -0.0715578049 0.0212730803 -0.012673948
  vertex -0.0715786889 0.021308044 -0.0127077512
  endloop
 endfacet

 facet normal -0.110075794 -0.665378213 -0.738346279
  outer loop
  vertex -0.0715485215 0.0213013496 -0.0127062146
  vertex -0.0715786889 0.021308044 -0.0127077512
  vertex -0.0715717301 0.021339288 -0.0127369445
  endloop
 endfacet

 facet normal -0.101549014 -0.662930369 -0.741762161
  outer loop
  vertex -0.0715485215 0.0213013496 -0.0127062146
  vertex -0.0715717301 0.021339288 -0.0127369445
  vertex -0.0715392455 0.0213325918 -0.0127354078
  endloop
 endfacet

 facet normal -0.20001176 -0.644774973 -0.737740159
  outer loop
  vertex -0.0715717301 0.021339288 -0.0127369445
  vertex -0.0715786889 0.021308044 -0.0127077512
  vertex -0.0716042072 0.0213467255 -0.0127346395
  endloop
 endfacet

 facet normal -0.216531515 -0.649508834 -0.72887063
  outer loop
  vertex -0.0716042072 0.0213467255 -0.0127346395
  vertex -0.0715786889 0.021308044 -0.0127077512
  vertex -0.0716065317 0.0213147383 -0.0127054462
  endloop
 endfacet

 facet normal -0.233890623 -0.646109104 -0.72652477
  outer loop
  vertex -0.0716042072 0.0213467255 -0.0127346395
  vertex -0.0716065317 0.0213147383 -0.0127054462
  vertex -0.0716366917 0.0213541649 -0.0127307987
  endloop
 endfacet

 facet normal -0.33374685 -0.61958003 -0.710446119
  outer loop
  vertex -0.0716366917 0.0213541649 -0.0127307987
  vertex -0.0716668516 0.0213281289 -0.012693923
  vertex -0.0716668516 0.0213616043 -0.0127231162
  endloop
 endfacet

 facet normal -0.235938191 -0.646834254 -0.725216329
  outer loop
  vertex -0.0716366917 0.0213541649 -0.0127307987
  vertex -0.0716065317 0.0213147383 -0.0127054462
  vertex -0.0716366917 0.0213214345 -0.0127016045
  endloop
 endfacet

 facet normal -0.320047319 -0.630615234 -0.707031965
  outer loop
  vertex -0.0716366917 0.0213541649 -0.0127307987
  vertex -0.0716366917 0.0213214345 -0.0127016045
  vertex -0.0716668516 0.0213281289 -0.012693923
  endloop
 endfacet

 facet normal -0.359325022 -0.61336869 -0.703323841
  outer loop
  vertex -0.0716668516 0.0213616043 -0.0127231162
  vertex -0.0716668516 0.0213281289 -0.012693923
  vertex -0.0716993362 0.0213682987 -0.0127123604
  endloop
 endfacet

 facet normal -0.388228983 -0.624837518 -0.677389383
  outer loop
  vertex -0.0716993362 0.0213682987 -0.0127123604
  vertex -0.0716668516 0.0213281289 -0.012693923
  vertex -0.0716923773 0.0213348232 -0.0126854712
  endloop
 endfacet

 facet normal -0.397403568 -0.623472333 -0.67331475
  outer loop
  vertex -0.0716993362 0.0213682987 -0.0127123604
  vertex -0.0716923773 0.0213348232 -0.0126854712
  vertex -0.0717225373 0.0213407744 -0.0126731796
  endloop
 endfacet

 facet normal -0.456323475 -0.578168273 -0.676380277
  outer loop
  vertex -0.0716993362 0.0213682987 -0.0127123604
  vertex -0.0717225373 0.0213407744 -0.0126731796
  vertex -0.071727179 0.021374993 -0.0126992995
  endloop
 endfacet

 facet normal -0.469068587 -0.575170457 -0.670189261
  outer loop
  vertex -0.071727179 0.021374993 -0.0126992995
  vertex -0.0717225373 0.0213407744 -0.0126731796
  vertex -0.0717573389 0.0213816892 -0.0126839345
  endloop
 endfacet

 facet normal -0.540671289 -0.575164676 -0.613889396
  outer loop
  vertex -0.0717573389 0.0213816892 -0.0126839345
  vertex -0.0717480555 0.0213467255 -0.0126593513
  vertex -0.0717735812 0.0213526767 -0.0126424497
  endloop
 endfacet

 facet normal -0.556698918 -0.562491596 -0.611301541
  outer loop
  vertex -0.0717573389 0.0213816892 -0.0126839345
  vertex -0.0717735812 0.0213526767 -0.0126424497
  vertex -0.0718107 0.0213935915 -0.0126462905
  endloop
 endfacet

 facet normal -0.565826297 -0.524381578 -0.636289716
  outer loop
  vertex -0.0717573389 0.0213816892 -0.0126839345
  vertex -0.0718107 0.0213935915 -0.0126462905
  vertex -0.0717921406 0.0214248337 -0.0126885446
  endloop
 endfacet

 facet normal -0.487566084 -0.585082471 -0.648041606
  outer loop
  vertex -0.0717573389 0.0213816892 -0.0126839345
  vertex -0.0717225373 0.0213407744 -0.0126731796
  vertex -0.0717480555 0.0213467255 -0.0126593513
  endloop
 endfacet

 facet normal -0.644106805 -0.451968253 -0.617131412
  outer loop
  vertex -0.0717921406 0.0214248337 -0.0126885446
  vertex -0.0718107 0.0213935915 -0.0126462905
  vertex -0.0718176588 0.0214307848 -0.0126662655
  endloop
 endfacet

 facet normal -0.65510428 -0.392421544 -0.645634413
  outer loop
  vertex -0.0717921406 0.0214248337 -0.0126885446
  vertex -0.0718176588 0.0214307848 -0.0126662655
  vertex -0.0718246251 0.0214702114 -0.0126831662
  endloop
 endfacet

 facet normal -0.63441658 -0.373952478 -0.67651695
  outer loop
  vertex -0.0717921406 0.0214248337 -0.0126885446
  vertex -0.0718246251 0.0214702114 -0.0126831662
  vertex -0.0717944577 0.0214635171 -0.0127077512
  endloop
 endfacet

 facet normal -0.675550163 -0.388023108 -0.626952946
  outer loop
  vertex -0.0718246251 0.0214702114 -0.0126831662
  vertex -0.0718176588 0.0214307848 -0.0126662655
  vertex -0.0718431845 0.021436736 -0.0126424497
  endloop
 endfacet

 facet normal -0.67553556 -0.388038754 -0.626959085
  outer loop
  vertex -0.0718246251 0.0214702114 -0.0126831662
  vertex -0.0718431845 0.021436736 -0.0126424497
  vertex -0.0718501434 0.0214761626 -0.0126593513
  endloop
 endfacet

 facet normal -0.683346927 -0.335436702 -0.648474574
  outer loop
  vertex -0.0718246251 0.0214702114 -0.0126831662
  vertex -0.0718501434 0.0214761626 -0.0126593513
  vertex -0.0718571022 0.0215170756 -0.0126731796
  endloop
 endfacet

 facet normal -0.74552393 -0.314421803 -0.587650537
  outer loop
  vertex -0.0718571022 0.0215170756 -0.0126731796
  vertex -0.0718756616 0.0214821137 -0.0126309255
  vertex -0.0718826279 0.0215230267 -0.0126439864
  endloop
 endfacet

 facet normal -0.756426096 -0.216951177 -0.617050946
  outer loop
  vertex -0.0718571022 0.0215170756 -0.0126731796
  vertex -0.0718826279 0.0215230267 -0.0126439864
  vertex -0.0718872696 0.021565428 -0.0126532046
  endloop
 endfacet

 facet normal -0.744930923 -0.202028319 -0.635816455
  outer loop
  vertex -0.0718571022 0.0215170756 -0.0126731796
  vertex -0.0718872696 0.021565428 -0.0126532046
  vertex -0.0718594268 0.0215594769 -0.0126839345
  endloop
 endfacet

 facet normal -0.685589969 -0.214002818 -0.695822716
  outer loop
  vertex -0.0718571022 0.0215170756 -0.0126731796
  vertex -0.0718594268 0.0215594769 -0.0126839345
  vertex -0.0718292668 0.0215527825 -0.0127115929
  endloop
 endfacet

 facet normal -0.736402094 -0.325706899 -0.592981398
  outer loop
  vertex -0.0718571022 0.0215170756 -0.0126731796
  vertex -0.0718501434 0.0214761626 -0.0126593513
  vertex -0.0718756616 0.0214821137 -0.0126309255
  endloop
 endfacet

 facet normal -0.686241806 -0.178836867 -0.705045879
  outer loop
  vertex -0.0718292668 0.0215527825 -0.0127115929
  vertex -0.0718594268 0.0215594769 -0.0126839345
  vertex -0.0718292668 0.0215951838 -0.0127223479
  endloop
 endfacet

 facet normal -0.695612609 -0.164717615 -0.699279189
  outer loop
  vertex -0.0718292668 0.0215951838 -0.0127223479
  vertex -0.0718594268 0.0215594769 -0.0126839345
  vertex -0.0718594268 0.02160188 -0.012693923
  endloop
 endfacet

 facet normal -0.692864299 -0.0776248127 -0.716877639
  outer loop
  vertex -0.0718292668 0.0215951838 -0.0127223479
  vertex -0.0718594268 0.02160188 -0.012693923
  vertex -0.0718571022 0.0216450244 -0.0127008362
  endloop
 endfacet

 facet normal -0.683320701 -0.0679465383 -0.726949871
  outer loop
  vertex -0.0718292668 0.0215951838 -0.0127223479
  vertex -0.0718571022 0.0216450244 -0.0127008362
  vertex -0.0718269423 0.0216375869 -0.0127284937
  endloop
 endfacet

 facet normal -0.67352289 0.0165152512 -0.738981962
  outer loop
  vertex -0.0718269423 0.0216375869 -0.0127284937
  vertex -0.0718571022 0.0216450244 -0.0127008362
  vertex -0.0718199834 0.0216807313 -0.0127338711
  endloop
 endfacet

 facet normal -0.688764572 0.0467036627 -0.723479271
  outer loop
  vertex -0.0718199834 0.0216807313 -0.0127338711
  vertex -0.0718571022 0.0216450244 -0.0127008362
  vertex -0.0718501434 0.0216881707 -0.0127046779
  endloop
 endfacet

 facet normal -0.682225585 0.0841977745 -0.72627753
  outer loop
  vertex -0.0718199834 0.0216807313 -0.0127338711
  vertex -0.0718501434 0.0216881707 -0.0127046779
  vertex -0.0718130246 0.0217238776 -0.0127354078
  endloop
 endfacet

 facet normal -0.683024764 0.0858412012 -0.725333393
  outer loop
  vertex -0.0718130246 0.0217238776 -0.0127354078
  vertex -0.0718501434 0.0216881707 -0.0127046779
  vertex -0.0718431845 0.021730572 -0.0127062146
  endloop
 endfacet

 facet normal -0.669868231 0.151640892 -0.726829946
  outer loop
  vertex -0.0718130246 0.0217238776 -0.0127354078
  vertex -0.0718431845 0.021730572 -0.0127062146
  vertex -0.0714046806 0.0236676559 -0.0127062146
  endloop
 endfacet

 facet normal -0.660903156 0.149885505 -0.735351205
  outer loop
  vertex -0.0718130246 0.0217238776 -0.0127354078
  vertex -0.0714046806 0.0236676559 -0.0127062146
  vertex -0.0713721961 0.0236676559 -0.0127354078
  endloop
 endfacet

 facet normal -0.0613018535 0.992805779 0.102854304
  outer loop
  vertex -0.0712793916 0.0236676559 -0.0102140065
  vertex -0.0713141933 0.0236676559 -0.0102347489
  vertex -0.0713118687 0.0231261048 -0.00500602834
  endloop
 endfacet

 facet normal -0.0726040825 0.992050767 0.10278111
  outer loop
  vertex -0.0713118687 0.0231261048 -0.00500602834
  vertex -0.0713141933 0.0236676559 -0.0102347489
  vertex -0.071348995 0.0236676559 -0.0102593331
  endloop
 endfacet

 facet normal -0.0994310156 0.989727139 0.102731153
  outer loop
  vertex -0.0713118687 0.0231261048 -0.00500602834
  vertex -0.071348995 0.0236676559 -0.0102593331
  vertex -0.0713791549 0.0236676559 -0.0102885263
  endloop
 endfacet

 facet normal -0.105702929 0.989075541 0.102744244
  outer loop
  vertex -0.0713118687 0.0231261048 -0.00500602834
  vertex -0.0713791549 0.0236676559 -0.0102885263
  vertex -0.0713397115 0.0231231283 -0.00500602834
  endloop
 endfacet

 facet normal -0.492437571 -0.870347738 -0.000115562929
  outer loop
  vertex -0.0717294961 0.0212098509 -0.0123651111
  vertex -0.0717294961 0.0212091077 -0.0067630196
  vertex -0.0717689395 0.0212314241 -0.0067630196
  endloop
 endfacet

 facet normal -0.492463201 -0.870333314 -0.000115799208
  outer loop
  vertex -0.0717294961 0.0212098509 -0.0123651111
  vertex -0.0717689395 0.0212314241 -0.0067630196
  vertex -0.0717689395 0.0212321673 -0.012353587
  endloop
 endfacet

 facet normal -0.502971768 -0.862818182 -0.0506381355
  outer loop
  vertex -0.0717294961 0.0212098509 -0.0123651111
  vertex -0.0717689395 0.0212321673 -0.012353587
  vertex -0.0717619807 0.021230679 -0.0123973778
  endloop
 endfacet

 facet normal -0.491384506 -0.868443429 -0.0659339279
  outer loop
  vertex -0.0717294961 0.0212098509 -0.0123651111
  vertex -0.0717619807 0.021230679 -0.0123973778
  vertex -0.0717225373 0.0212083627 -0.0123973778
  endloop
 endfacet

 facet normal -0.489259541 -0.86468786 -0.113754883
  outer loop
  vertex -0.0717225373 0.0212083627 -0.0123973778
  vertex -0.0717619807 0.021230679 -0.0123973778
  vertex -0.0717387795 0.0212247279 -0.0124519235
  endloop
 endfacet

 facet normal -0.476441711 -0.871049821 -0.119480208
  outer loop
  vertex -0.0717225373 0.0212083627 -0.0123973778
  vertex -0.0717387795 0.0212247279 -0.0124519235
  vertex -0.0717132539 0.0212061312 -0.0124181202
  endloop
 endfacet

 facet normal -0.41404447 -0.892594039 -0.178446174
  outer loop
  vertex -0.0717132539 0.0212061312 -0.0124181202
  vertex -0.0717387795 0.0212247279 -0.0124519235
  vertex -0.0716923773 0.0212016683 -0.012444241
  endloop
 endfacet

 facet normal -0.3999376 -0.890197217 -0.21817182
  outer loop
  vertex -0.0716923773 0.0212016683 -0.012444241
  vertex -0.0716970116 0.0212158021 -0.0124934083
  vertex -0.0716761351 0.0211979486 -0.0124588376
  endloop
 endfacet

 facet normal -0.405379802 -0.888011873 -0.217030078
  outer loop
  vertex -0.0716923773 0.0212016683 -0.012444241
  vertex -0.0717387795 0.0212247279 -0.0124519235
  vertex -0.0716970116 0.0212158021 -0.0124934083
  endloop
 endfacet

 facet normal -0.492437571 -0.870347738 0
  outer loop
  vertex -0.0717294961 0.0212091077 -0.00500602834
  vertex -0.0717689395 0.0212314241 -0.00500602834
  vertex -0.0717689395 0.0212314241 -0.0067630196
  endloop
 endfacet

 facet normal -0.492437571 -0.870347738 0
  outer loop
  vertex -0.0717294961 0.0212091077 -0.00500602834
  vertex -0.0717689395 0.0212314241 -0.0067630196
  vertex -0.0717294961 0.0212091077 -0.0067630196
  endloop
 endfacet

 facet normal -0.413802594 -0.851049423 -0.32323724
  outer loop
  vertex -0.0716970116 0.0212158021 -0.0124934083
  vertex -0.0717155784 0.0212373752 -0.0125264432
  vertex -0.0717016533 0.0212343987 -0.0125364307
  endloop
 endfacet

 facet normal -0.389188439 -0.860094547 -0.329802424
  outer loop
  vertex -0.0716970116 0.0212158021 -0.0124934083
  vertex -0.0717016533 0.0212343987 -0.0125364307
  vertex -0.0716714934 0.0212098509 -0.0125080049
  endloop
 endfacet

 facet normal -0.45073837 -0.850607872 -0.27074191
  outer loop
  vertex -0.0716970116 0.0212158021 -0.0124934083
  vertex -0.0717387795 0.0212247279 -0.0124519235
  vertex -0.0717434138 0.0212433264 -0.0125026284
  endloop
 endfacet

 facet normal -0.440601289 -0.844660044 -0.304006457
  outer loop
  vertex -0.0716970116 0.0212158021 -0.0124934083
  vertex -0.0717434138 0.0212433264 -0.0125026284
  vertex -0.0717155784 0.0212373752 -0.0125264432
  endloop
 endfacet

 facet normal -0.129231796 -0.728072405 -0.673208594
  outer loop
  vertex -0.0715578049 0.0212730803 -0.012673948
  vertex -0.0715833306 0.0212790333 -0.0126754846
  vertex -0.0715786889 0.021308044 -0.0127077512
  endloop
 endfacet

 facet normal -0.370103091 -0.787793815 -0.492346048
  outer loop
  vertex -0.0716575757 0.0212448128 -0.0125940489
  vertex -0.0716970116 0.0212537404 -0.0125786839
  vertex -0.0716830939 0.0212745685 -0.0126224756
  endloop
 endfacet

 facet normal -0.346012443 -0.786089182 -0.51219058
  outer loop
  vertex -0.0716575757 0.0212448128 -0.0125940489
  vertex -0.0716830939 0.0212745685 -0.0126224756
  vertex -0.0716598928 0.0212693624 -0.0126301572
  endloop
 endfacet

 facet normal -0.442652822 -0.814866066 -0.374234974
  outer loop
  vertex -0.0717016533 0.0212343987 -0.0125364307
  vertex -0.0717155784 0.0212373752 -0.0125264432
  vertex -0.0717341378 0.021261923 -0.0125579424
  endloop
 endfacet

 facet normal -0.416757315 -0.811678171 -0.409257889
  outer loop
  vertex -0.0717016533 0.0212343987 -0.0125364307
  vertex -0.0717341378 0.021261923 -0.0125579424
  vertex -0.0717155784 0.0212582033 -0.0125694657
  endloop
 endfacet

 facet normal -0.403035492 -0.814590394 -0.417138934
  outer loop
  vertex -0.0717016533 0.0212343987 -0.0125364307
  vertex -0.0717155784 0.0212582033 -0.0125694657
  vertex -0.0716970116 0.0212537404 -0.0125786839
  endloop
 endfacet

 facet normal -0.420422673 -0.775437534 -0.471106648
  outer loop
  vertex -0.0716970116 0.0212537404 -0.0125786839
  vertex -0.0717155784 0.0212582033 -0.0125694657
  vertex -0.071706295 0.0212797765 -0.0126132555
  endloop
 endfacet

 facet normal -0.372263849 -0.786677539 -0.492501915
  outer loop
  vertex -0.0716970116 0.0212537404 -0.0125786839
  vertex -0.071706295 0.0212797765 -0.0126132555
  vertex -0.0716830939 0.0212745685 -0.0126224756
  endloop
 endfacet

 facet normal -0.28179419 -0.76137656 -0.58386457
  outer loop
  vertex -0.0716366917 0.0212648977 -0.0126355356
  vertex -0.0716598928 0.0212693624 -0.0126301572
  vertex -0.0716390088 0.0212916788 -0.0126693379
  endloop
 endfacet

 facet normal -0.273275703 -0.763026714 -0.58575654
  outer loop
  vertex -0.0716366917 0.0212648977 -0.0126355356
  vertex -0.0716390088 0.0212916788 -0.0126693379
  vertex -0.0716134906 0.0212589465 -0.012638608
  endloop
 endfacet

 facet normal -0.326252848 -0.736041367 -0.593129098
  outer loop
  vertex -0.0716598928 0.0212693624 -0.0126301572
  vertex -0.0716622099 0.0212976299 -0.0126639605
  vertex -0.0716390088 0.0212916788 -0.0126693379
  endloop
 endfacet

 facet normal -0.357077122 -0.728459299 -0.584673584
  outer loop
  vertex -0.0716598928 0.0212693624 -0.0126301572
  vertex -0.0716830939 0.0212745685 -0.0126224756
  vertex -0.0716622099 0.0212976299 -0.0126639605
  endloop
 endfacet

 facet normal -0.261009395 -0.761061847 -0.593850911
  outer loop
  vertex -0.0716134906 0.0212589465 -0.012638608
  vertex -0.0716390088 0.0212916788 -0.0126693379
  vertex -0.071611166 0.0212857276 -0.012673948
  endloop
 endfacet

 facet normal -0.208270058 -0.712232232 -0.670334995
  outer loop
  vertex -0.0715833306 0.0212790333 -0.0126754846
  vertex -0.071611166 0.0212857276 -0.012673948
  vertex -0.0715786889 0.021308044 -0.0127077512
  endloop
 endfacet

 facet normal -0.240648985 -0.69600457 -0.676510036
  outer loop
  vertex -0.071611166 0.0212857276 -0.012673948
  vertex -0.0716366917 0.0213214345 -0.0127016045
  vertex -0.0716065317 0.0213147383 -0.0127054462
  endloop
 endfacet

 facet normal -0.224468797 -0.700072765 -0.677873075
  outer loop
  vertex -0.071611166 0.0212857276 -0.012673948
  vertex -0.0716065317 0.0213147383 -0.0127054462
  vertex -0.0715786889 0.021308044 -0.0127077512
  endloop
 endfacet

 facet normal -0.259793282 -0.700516164 -0.664668858
  outer loop
  vertex -0.071611166 0.0212857276 -0.012673948
  vertex -0.0716390088 0.0212916788 -0.0126693379
  vertex -0.0716366917 0.0213214345 -0.0127016045
  endloop
 endfacet

 facet normal -0.318870604 -0.685227275 -0.654816866
  outer loop
  vertex -0.0716668516 0.0213281289 -0.012693923
  vertex -0.0716366917 0.0213214345 -0.0127016045
  vertex -0.0716390088 0.0212916788 -0.0126693379
  endloop
 endfacet

 facet normal -0.326647818 -0.687182546 -0.6489079
  outer loop
  vertex -0.0716668516 0.0213281289 -0.012693923
  vertex -0.0716390088 0.0212916788 -0.0126693379
  vertex -0.0716622099 0.0212976299 -0.0126639605
  endloop
 endfacet

 facet normal -0.37218979 -0.678652823 -0.633170664
  outer loop
  vertex -0.0716668516 0.0213281289 -0.012693923
  vertex -0.0716622099 0.0212976299 -0.0126639605
  vertex -0.0716900527 0.0213035811 -0.012653973
  endloop
 endfacet

 facet normal -0.38513118 -0.669565797 -0.635102928
  outer loop
  vertex -0.0716668516 0.0213281289 -0.012693923
  vertex -0.0716900527 0.0213035811 -0.012653973
  vertex -0.0717155784 0.0213087872 -0.0126439864
  endloop
 endfacet

 facet normal -0.385880083 -0.668743014 -0.635515094
  outer loop
  vertex -0.0716668516 0.0213281289 -0.012693923
  vertex -0.0717155784 0.0213087872 -0.0126439864
  vertex -0.0716923773 0.0213348232 -0.0126854712
  endloop
 endfacet

 facet normal -0.390522212 -0.665504575 -0.636078775
  outer loop
  vertex -0.0716923773 0.0213348232 -0.0126854712
  vertex -0.0717155784 0.0213087872 -0.0126439864
  vertex -0.0717225373 0.0213407744 -0.0126731796
  endloop
 endfacet

 facet normal -0.474198669 -0.647571683 -0.596478462
  outer loop
  vertex -0.0717225373 0.0213407744 -0.0126731796
  vertex -0.0717155784 0.0213087872 -0.0126439864
  vertex -0.0717480555 0.0213467255 -0.0126593513
  endloop
 endfacet

 facet normal -0.503540754 -0.650927901 -0.568101764
  outer loop
  vertex -0.0717480555 0.0213467255 -0.0126593513
  vertex -0.0717387795 0.0213147383 -0.0126309255
  vertex -0.0717619807 0.0213199463 -0.0126163289
  endloop
 endfacet

 facet normal -0.523327649 -0.637096703 -0.565894067
  outer loop
  vertex -0.0717480555 0.0213467255 -0.0126593513
  vertex -0.0717619807 0.0213199463 -0.0126163289
  vertex -0.0717735812 0.0213526767 -0.0126424497
  endloop
 endfacet

 facet normal -0.491518825 -0.653812408 -0.575272679
  outer loop
  vertex -0.0717480555 0.0213467255 -0.0126593513
  vertex -0.0717155784 0.0213087872 -0.0126439864
  vertex -0.0717387795 0.0213147383 -0.0126309255
  endloop
 endfacet

 facet normal -0.590188622 -0.587466598 -0.553678989
  outer loop
  vertex -0.0717735812 0.0213526767 -0.0126424497
  vertex -0.0717967823 0.0213578846 -0.012623243
  vertex -0.0718107 0.0213935915 -0.0126462905
  endloop
 endfacet

 facet normal -0.576334178 -0.624720931 -0.526842237
  outer loop
  vertex -0.0717735812 0.0213526767 -0.0126424497
  vertex -0.0717619807 0.0213199463 -0.0126163289
  vertex -0.0717967823 0.0213578846 -0.012623243
  endloop
 endfacet

 facet normal -0.659188032 -0.539010882 -0.524345756
  outer loop
  vertex -0.0718107 0.0213935915 -0.0126462905
  vertex -0.0718199834 0.0213630907 -0.012603269
  vertex -0.0718339011 0.0213987976 -0.0126224756
  endloop
 endfacet

 facet normal -0.683064878 -0.464030355 -0.564002097
  outer loop
  vertex -0.0718107 0.0213935915 -0.0126462905
  vertex -0.0718339011 0.0213987976 -0.0126224756
  vertex -0.0718431845 0.021436736 -0.0126424497
  endloop
 endfacet

 facet normal -0.663933635 -0.446430176 -0.5999102
  outer loop
  vertex -0.0718107 0.0213935915 -0.0126462905
  vertex -0.0718431845 0.021436736 -0.0126424497
  vertex -0.0718176588 0.0214307848 -0.0126662655
  endloop
 endfacet

 facet normal -0.600322843 -0.585608125 -0.544679403
  outer loop
  vertex -0.0718107 0.0213935915 -0.0126462905
  vertex -0.0717967823 0.0213578846 -0.012623243
  vertex -0.0718199834 0.0213630907 -0.012603269
  endloop
 endfacet

 facet normal -0.727488995 -0.374807715 -0.574699044
  outer loop
  vertex -0.0718501434 0.0214761626 -0.0126593513
  vertex -0.0718431845 0.021436736 -0.0126424497
  vertex -0.0718756616 0.0214821137 -0.0126309255
  endloop
 endfacet

 facet normal -0.728669822 -0.376278251 -0.572236896
  outer loop
  vertex -0.0718756616 0.0214821137 -0.0126309255
  vertex -0.0718431845 0.021436736 -0.0126424497
  vertex -0.0718663856 0.0214419439 -0.0126163289
  endloop
 endfacet

 facet normal -0.746685147 -0.372706801 -0.550954521
  outer loop
  vertex -0.0718756616 0.0214821137 -0.0126309255
  vertex -0.0718663856 0.0214419439 -0.0126163289
  vertex -0.0718895867 0.0214464068 -0.012587904
  endloop
 endfacet

 facet normal -0.764678121 -0.352128208 -0.539697289
  outer loop
  vertex -0.0718756616 0.0214821137 -0.0126309255
  vertex -0.0718895867 0.0214464068 -0.012587904
  vertex -0.0718988702 0.0214865766 -0.0126009639
  endloop
 endfacet

 facet normal -0.773827434 -0.308276594 -0.553314328
  outer loop
  vertex -0.0718756616 0.0214821137 -0.0126309255
  vertex -0.0718988702 0.0214865766 -0.0126009639
  vertex -0.0718826279 0.0215230267 -0.0126439864
  endloop
 endfacet

 facet normal -0.794198513 -0.281649411 -0.5384444
  outer loop
  vertex -0.0718826279 0.0215230267 -0.0126439864
  vertex -0.0718988702 0.0214865766 -0.0126009639
  vertex -0.071905829 0.0215282347 -0.0126124872
  endloop
 endfacet

 facet normal -0.802584171 -0.218592808 -0.555045784
  outer loop
  vertex -0.0718826279 0.0215230267 -0.0126439864
  vertex -0.071905829 0.0215282347 -0.0126124872
  vertex -0.0719104707 0.021570636 -0.0126224756
  endloop
 endfacet

 facet normal -0.79702276 -0.210326597 -0.566142678
  outer loop
  vertex -0.0718826279 0.0215230267 -0.0126439864
  vertex -0.0719104707 0.021570636 -0.0126224756
  vertex -0.0718872696 0.021565428 -0.0126532046
  endloop
 endfacet

 facet normal -0.754851699 -0.139359295 -0.640919626
  outer loop
  vertex -0.0718872696 0.021565428 -0.0126532046
  vertex -0.0718872696 0.0216078311 -0.0126624247
  vertex -0.0718594268 0.02160188 -0.012693923
  endloop
 endfacet

 facet normal -0.746910989 -0.152452812 -0.647211134
  outer loop
  vertex -0.0718872696 0.021565428 -0.0126532046
  vertex -0.0718594268 0.02160188 -0.012693923
  vertex -0.0718594268 0.0215594769 -0.0126839345
  endloop
 endfacet

 facet normal -0.801239491 -0.146374837 -0.580163598
  outer loop
  vertex -0.0718872696 0.021565428 -0.0126532046
  vertex -0.0719104707 0.021570636 -0.0126224756
  vertex -0.0719127879 0.0216137823 -0.0126301572
  endloop
 endfacet

 facet normal -0.789182603 -0.130491376 -0.600135684
  outer loop
  vertex -0.0718872696 0.021565428 -0.0126532046
  vertex -0.0719127879 0.0216137823 -0.0126301572
  vertex -0.0718872696 0.0216078311 -0.0126624247
  endloop
 endfacet

 facet normal -0.753691673 -0.0642910898 -0.654076099
  outer loop
  vertex -0.0718594268 0.02160188 -0.012693923
  vertex -0.0718872696 0.0216078311 -0.0126624247
  vertex -0.0718571022 0.0216450244 -0.0127008362
  endloop
 endfacet

 facet normal -0.77606982 -0.0215668678 -0.630278111
  outer loop
  vertex -0.0718571022 0.0216450244 -0.0127008362
  vertex -0.0718872696 0.0216078311 -0.0126624247
  vertex -0.0719104707 0.0216569267 -0.0126355356
  endloop
 endfacet

 facet normal -0.775226831 -0.0105639286 -0.631594718
  outer loop
  vertex -0.0718571022 0.0216450244 -0.0127008362
  vertex -0.0719104707 0.0216569267 -0.0126355356
  vertex -0.0718803033 0.0216941219 -0.0126731796
  endloop
 endfacet

 facet normal -0.716144502 0.0535771325 -0.695892751
  outer loop
  vertex -0.0718571022 0.0216450244 -0.0127008362
  vertex -0.0718803033 0.0216941219 -0.0126731796
  vertex -0.0718501434 0.0216881707 -0.0127046779
  endloop
 endfacet

 facet normal -0.710557818 0.0913631618 -0.697682142
  outer loop
  vertex -0.0718501434 0.0216881707 -0.0127046779
  vertex -0.0718803033 0.0216941219 -0.0126731796
  vertex -0.0718431845 0.021730572 -0.0127062146
  endloop
 endfacet

 facet normal -0.734918892 0.148861632 -0.661615014
  outer loop
  vertex -0.0718431845 0.021730572 -0.0127062146
  vertex -0.0718803033 0.0216941219 -0.0126731796
  vertex -0.0718710274 0.0217365231 -0.012673948
  endloop
 endfacet

 facet normal -0.731493235 0.164879844 -0.661613405
  outer loop
  vertex -0.0718431845 0.021730572 -0.0127062146
  vertex -0.0718710274 0.0217365231 -0.012673948
  vertex -0.07142324 0.0236676559 -0.0126877762
  endloop
 endfacet

 facet normal -0.695963264 0.15754813 -0.700581074
  outer loop
  vertex -0.0718431845 0.021730572 -0.0127062146
  vertex -0.07142324 0.0236676559 -0.0126877762
  vertex -0.0714046806 0.0236676559 -0.0127062146
  endloop
 endfacet

 facet normal -0.119006775 0.987569034 0.102688283
  outer loop
  vertex -0.0713791549 0.0236676559 -0.0102885263
  vertex -0.0714116395 0.0236676559 -0.0103261704
  vertex -0.0713397115 0.0231231283 -0.00500602834
  endloop
 endfacet

 facet normal -0.136025965 0.98536849 0.102693155
  outer loop
  vertex -0.0713397115 0.0231231283 -0.00500602834
  vertex -0.0714116395 0.0236676559 -0.0103261704
  vertex -0.0714348406 0.0236676559 -0.0103569003
  endloop
 endfacet

 facet normal -0.147191733 0.983758926 0.102727853
  outer loop
  vertex -0.0713397115 0.0231231283 -0.00500602834
  vertex -0.0714348406 0.0236676559 -0.0103569003
  vertex -0.0713745132 0.0231179222 -0.00500602834
  endloop
 endfacet

 facet normal -0.580252051 -0.814437032 0
  outer loop
  vertex -0.0717689395 0.0212314241 -0.0067630196
  vertex -0.0717689395 0.0212314241 -0.00500602834
  vertex -0.0717898235 0.021246301 -0.0067630196
  endloop
 endfacet

 facet normal -0.580252051 -0.814437032 -7.22889381e-05
  outer loop
  vertex -0.0717689395 0.0212314241 -0.0067630196
  vertex -0.0717898235 0.021246301 -0.0067630196
  vertex -0.0718037412 0.0212567151 -0.012353587
  endloop
 endfacet

 facet normal -0.576389015 -0.817175508 -0.000108726468
  outer loop
  vertex -0.0717689395 0.0212314241 -0.0067630196
  vertex -0.0718037412 0.0212567151 -0.012353587
  vertex -0.0717689395 0.0212321673 -0.012353587
  endloop
 endfacet

 facet normal -0.576009989 -0.816637993 -0.0362633877
  outer loop
  vertex -0.0717689395 0.0212321673 -0.012353587
  vertex -0.0718037412 0.0212567151 -0.012353587
  vertex -0.071801424 0.0212567151 -0.0123904627
  endloop
 endfacet

 facet normal -0.557251573 -0.828140795 -0.0604443103
  outer loop
  vertex -0.0717689395 0.0212321673 -0.012353587
  vertex -0.071801424 0.0212567151 -0.0123904627
  vertex -0.0717619807 0.021230679 -0.0123973778
  endloop
 endfacet

 facet normal -0.560106635 -0.822693825 -0.0972391218
  outer loop
  vertex -0.0717619807 0.021230679 -0.0123973778
  vertex -0.071801424 0.0212567151 -0.0123904627
  vertex -0.0717921406 0.0212544836 -0.0124250343
  endloop
 endfacet

 facet normal -0.533890307 -0.834540486 -0.136026829
  outer loop
  vertex -0.0717619807 0.021230679 -0.0123973778
  vertex -0.0717921406 0.0212544836 -0.0124250343
  vertex -0.0717387795 0.0212247279 -0.0124519235
  endloop
 endfacet

 facet normal -0.544193625 -0.821327925 -0.171095669
  outer loop
  vertex -0.0717387795 0.0212247279 -0.0124519235
  vertex -0.0717921406 0.0212544836 -0.0124250343
  vertex -0.0717758983 0.0212507639 -0.0124588376
  endloop
 endfacet

 facet normal -0.533803403 -0.817995906 -0.214328378
  outer loop
  vertex -0.0717387795 0.0212247279 -0.0124519235
  vertex -0.0717758983 0.0212507639 -0.0124588376
  vertex -0.0717666224 0.0212485325 -0.0124734342
  endloop
 endfacet

 facet normal -0.506517768 -0.823449373 -0.255677402
  outer loop
  vertex -0.0717387795 0.0212247279 -0.0124519235
  vertex -0.0717666224 0.0212485325 -0.0124734342
  vertex -0.0717434138 0.0212433264 -0.0125026284
  endloop
 endfacet

 facet normal -0.587876797 -0.808950543 0.000137079944
  outer loop
  vertex -0.0717689395 0.0212314241 -0.00500602834
  vertex -0.0718037412 0.0212567151 -0.00500602834
  vertex -0.0717898235 0.021246301 -0.0067630196
  endloop
 endfacet

 facet normal -0.473028243 -0.808087826 -0.351053447
  outer loop
  vertex -0.0717155784 0.0212373752 -0.0125264432
  vertex -0.0717434138 0.0212433264 -0.0125026284
  vertex -0.0717341378 0.021261923 -0.0125579424
  endloop
 endfacet

 facet normal -0.537394404 -0.793514192 -0.285556495
  outer loop
  vertex -0.0717434138 0.0212433264 -0.0125026284
  vertex -0.0717666224 0.0212485325 -0.0124734342
  vertex -0.07178054 0.0212723371 -0.0125133833
  endloop
 endfacet

 facet normal -0.516514242 -0.786473155 -0.338634193
  outer loop
  vertex -0.0717434138 0.0212433264 -0.0125026284
  vertex -0.07178054 0.0212723371 -0.0125133833
  vertex -0.0717642978 0.0212686174 -0.0125295166
  endloop
 endfacet

 facet normal -0.504952967 -0.789003909 -0.349993289
  outer loop
  vertex -0.0717434138 0.0212433264 -0.0125026284
  vertex -0.0717642978 0.0212686174 -0.0125295166
  vertex -0.0717341378 0.021261923 -0.0125579424
  endloop
 endfacet

 facet normal -0.388504118 -0.725716233 -0.567803204
  outer loop
  vertex -0.0716830939 0.0212745685 -0.0126224756
  vertex -0.071706295 0.0212797765 -0.0126132555
  vertex -0.0717155784 0.0213087872 -0.0126439864
  endloop
 endfacet

 facet normal -0.374938726 -0.721689105 -0.581881285
  outer loop
  vertex -0.0716830939 0.0212745685 -0.0126224756
  vertex -0.0717155784 0.0213087872 -0.0126439864
  vertex -0.0716900527 0.0213035811 -0.012653973
  endloop
 endfacet

 facet normal -0.364840209 -0.723618686 -0.585890353
  outer loop
  vertex -0.0716830939 0.0212745685 -0.0126224756
  vertex -0.0716900527 0.0213035811 -0.012653973
  vertex -0.0716622099 0.0212976299 -0.0126639605
  endloop
 endfacet

 facet normal -0.531223595 -0.754152358 -0.386077374
  outer loop
  vertex -0.0717341378 0.021261923 -0.0125579424
  vertex -0.0717642978 0.0212686174 -0.0125295166
  vertex -0.0717689395 0.0212939102 -0.012572539
  endloop
 endfacet

 facet normal -0.492503107 -0.742803037 -0.453524411
  outer loop
  vertex -0.0717341378 0.021261923 -0.0125579424
  vertex -0.0717689395 0.0212939102 -0.012572539
  vertex -0.0717480555 0.0212894473 -0.012587904
  endloop
 endfacet

 facet normal -0.461516976 -0.749713421 -0.474269837
  outer loop
  vertex -0.0717341378 0.021261923 -0.0125579424
  vertex -0.0717480555 0.0212894473 -0.012587904
  vertex -0.071706295 0.0212797765 -0.0126132555
  endloop
 endfacet

 facet normal -0.444570124 -0.762596309 -0.469898075
  outer loop
  vertex -0.0717341378 0.021261923 -0.0125579424
  vertex -0.071706295 0.0212797765 -0.0126132555
  vertex -0.0717155784 0.0212582033 -0.0125694657
  endloop
 endfacet

 facet normal -0.479130834 -0.707611561 -0.519345403
  outer loop
  vertex -0.071706295 0.0212797765 -0.0126132555
  vertex -0.0717480555 0.0212894473 -0.012587904
  vertex -0.0717387795 0.0213147383 -0.0126309255
  endloop
 endfacet

 facet normal -0.475933492 -0.706727207 -0.523473024
  outer loop
  vertex -0.071706295 0.0212797765 -0.0126132555
  vertex -0.0717387795 0.0213147383 -0.0126309255
  vertex -0.0717155784 0.0213087872 -0.0126439864
  endloop
 endfacet

 facet normal -0.484452456 -0.704486787 -0.518656313
  outer loop
  vertex -0.0717387795 0.0213147383 -0.0126309255
  vertex -0.0717480555 0.0212894473 -0.012587904
  vertex -0.0717619807 0.0213199463 -0.0126163289
  endloop
 endfacet

 facet normal -0.51503861 -0.698325634 -0.497067928
  outer loop
  vertex -0.0717619807 0.0213199463 -0.0126163289
  vertex -0.0717480555 0.0212894473 -0.012587904
  vertex -0.0717689395 0.0212939102 -0.012572539
  endloop
 endfacet

 facet normal -0.556717038 -0.672155082 -0.488132894
  outer loop
  vertex -0.0717619807 0.0213199463 -0.0126163289
  vertex -0.0717689395 0.0212939102 -0.012572539
  vertex -0.0717828572 0.0213244092 -0.0125986589
  endloop
 endfacet

 facet normal -0.577585876 -0.625458896 -0.524591088
  outer loop
  vertex -0.0717619807 0.0213199463 -0.0126163289
  vertex -0.0717828572 0.0213244092 -0.0125986589
  vertex -0.0717967823 0.0213578846 -0.012623243
  endloop
 endfacet

 facet normal -0.585634589 -0.6237306 -0.517679691
  outer loop
  vertex -0.0717967823 0.0213578846 -0.012623243
  vertex -0.0717828572 0.0213244092 -0.0125986589
  vertex -0.0718199834 0.0213630907 -0.012603269
  endloop
 endfacet

 facet normal -0.594371974 -0.629989326 -0.499835372
  outer loop
  vertex -0.0718199834 0.0213630907 -0.012603269
  vertex -0.0717828572 0.0213244092 -0.0125986589
  vertex -0.0718037412 0.0213288721 -0.0125794522
  endloop
 endfacet

 facet normal -0.638974667 -0.620088458 -0.455194175
  outer loop
  vertex -0.0718199834 0.0213630907 -0.012603269
  vertex -0.0718037412 0.0213288721 -0.0125794522
  vertex -0.0718223006 0.0213333368 -0.0125594782
  endloop
 endfacet

 facet normal -0.662266612 -0.602962613 -0.444791049
  outer loop
  vertex -0.0718199834 0.0213630907 -0.012603269
  vertex -0.0718223006 0.0213333368 -0.0125594782
  vertex -0.0718594268 0.0213712752 -0.0125556374
  endloop
 endfacet

 facet normal -0.693389595 -0.535478115 -0.482155889
  outer loop
  vertex -0.0718199834 0.0213630907 -0.012603269
  vertex -0.0718594268 0.0213712752 -0.0125556374
  vertex -0.0718547851 0.0214040056 -0.0125986589
  endloop
 endfacet

 facet normal -0.690756023 -0.532438755 -0.489249468
  outer loop
  vertex -0.0718199834 0.0213630907 -0.012603269
  vertex -0.0718547851 0.0214040056 -0.0125986589
  vertex -0.0718339011 0.0213987976 -0.0126224756
  endloop
 endfacet

 facet normal -0.714204252 -0.462898076 -0.525012136
  outer loop
  vertex -0.0718339011 0.0213987976 -0.0126224756
  vertex -0.0718547851 0.0214040056 -0.0125986589
  vertex -0.0718663856 0.0214419439 -0.0126163289
  endloop
 endfacet

 facet normal -0.708390236 -0.456641972 -0.538202047
  outer loop
  vertex -0.0718339011 0.0213987976 -0.0126224756
  vertex -0.0718663856 0.0214419439 -0.0126163289
  vertex -0.0718431845 0.021436736 -0.0126424497
  endloop
 endfacet

 facet normal -0.721493125 -0.4611637 -0.516503453
  outer loop
  vertex -0.0718663856 0.0214419439 -0.0126163289
  vertex -0.0718547851 0.0214040056 -0.0125986589
  vertex -0.0718895867 0.0214464068 -0.012587904
  endloop
 endfacet

 facet normal -0.823871374 -0.421103179 -0.379352182
  outer loop
  vertex -0.0718895867 0.0214464068 -0.012587904
  vertex -0.0718919039 0.0214121882 -0.0125448816
  vertex -0.0719220713 0.0214545894 -0.0125264432
  endloop
 endfacet

 facet normal -0.832583845 -0.395981967 -0.387301534
  outer loop
  vertex -0.0718895867 0.0214464068 -0.012587904
  vertex -0.0719220713 0.0214545894 -0.0125264432
  vertex -0.0719197467 0.0214910395 -0.0125686973
  endloop
 endfacet

 facet normal -0.809759259 -0.342072695 -0.476735055
  outer loop
  vertex -0.0718895867 0.0214464068 -0.012587904
  vertex -0.0719197467 0.0214910395 -0.0125686973
  vertex -0.0718988702 0.0214865766 -0.0126009639
  endloop
 endfacet

 facet normal -0.72310847 -0.463626862 -0.512019694
  outer loop
  vertex -0.0718895867 0.0214464068 -0.012587904
  vertex -0.0718547851 0.0214040056 -0.0125986589
  vertex -0.0718756616 0.0214077253 -0.012572539
  endloop
 endfacet

 facet normal -0.801155508 -0.446580619 -0.398391426
  outer loop
  vertex -0.0718895867 0.0214464068 -0.012587904
  vertex -0.0718756616 0.0214077253 -0.012572539
  vertex -0.0718919039 0.0214121882 -0.0125448816
  endloop
 endfacet

 facet normal -0.824113786 -0.274724722 -0.495341271
  outer loop
  vertex -0.0718988702 0.0214865766 -0.0126009639
  vertex -0.0719197467 0.0214910395 -0.0125686973
  vertex -0.071905829 0.0215282347 -0.0126124872
  endloop
 endfacet

 facet normal -0.853371084 -0.230870396 -0.467393488
  outer loop
  vertex -0.071905829 0.0215282347 -0.0126124872
  vertex -0.0719197467 0.0214910395 -0.0125686973
  vertex -0.0719452724 0.0215371605 -0.0125448816
  endloop
 endfacet

 facet normal -0.855068624 -0.219135746 -0.469933212
  outer loop
  vertex -0.071905829 0.0215282347 -0.0126124872
  vertex -0.0719452724 0.0215371605 -0.0125448816
  vertex -0.0719313473 0.0215750989 -0.012587904
  endloop
 endfacet

 facet normal -0.848997116 -0.207406536 -0.485990047
  outer loop
  vertex -0.071905829 0.0215282347 -0.0126124872
  vertex -0.0719313473 0.0215750989 -0.012587904
  vertex -0.0719104707 0.021570636 -0.0126224756
  endloop
 endfacet

 facet normal -0.855775535 -0.134934068 -0.499440789
  outer loop
  vertex -0.0719104707 0.021570636 -0.0126224756
  vertex -0.0719313473 0.0215750989 -0.012587904
  vertex -0.0719127879 0.0216137823 -0.0126301572
  endloop
 endfacet

 facet normal -0.78693819 -0.0344856232 -0.61606741
  outer loop
  vertex -0.0718872696 0.0216078311 -0.0126624247
  vertex -0.0719127879 0.0216137823 -0.0126301572
  vertex -0.0719104707 0.0216569267 -0.0126355356
  endloop
 endfacet

 facet normal -0.870700061 -0.106657073 -0.480110049
  outer loop
  vertex -0.0719127879 0.0216137823 -0.0126301572
  vertex -0.0719313473 0.0215750989 -0.012587904
  vertex -0.0719336718 0.0216182452 -0.0125932824
  endloop
 endfacet

 facet normal -0.870840907 -0.0144292749 -0.491353214
  outer loop
  vertex -0.0719127879 0.0216137823 -0.0126301572
  vertex -0.0719336718 0.0216182452 -0.0125932824
  vertex -0.0719104707 0.0216569267 -0.0126355356
  endloop
 endfacet

 facet normal -0.870957077 -0.0141435619 -0.491155475
  outer loop
  vertex -0.0719104707 0.0216569267 -0.0126355356
  vertex -0.0719336718 0.0216182452 -0.0125932824
  vertex -0.0719313473 0.0216621347 -0.0125986589
  endloop
 endfacet

 facet normal -0.865240276 0.057558611 -0.498042524
  outer loop
  vertex -0.0719104707 0.0216569267 -0.0126355356
  vertex -0.0719313473 0.0216621347 -0.0125986589
  vertex -0.071926713 0.0217052791 -0.0126017323
  endloop
 endfacet

 facet normal -0.829743326 0.104587577 -0.548258543
  outer loop
  vertex -0.0719104707 0.0216569267 -0.0126355356
  vertex -0.071926713 0.0217052791 -0.0126017323
  vertex -0.0719035044 0.021700073 -0.0126378397
  endloop
 endfacet

 facet normal -0.823439777 0.103052184 -0.557967067
  outer loop
  vertex -0.0719104707 0.0216569267 -0.0126355356
  vertex -0.0719035044 0.021700073 -0.0126378397
  vertex -0.0718803033 0.0216941219 -0.0126731796
  endloop
 endfacet

 facet normal -0.819700837 0.124432944 -0.559112668
  outer loop
  vertex -0.0718803033 0.0216941219 -0.0126731796
  vertex -0.0719035044 0.021700073 -0.0126378397
  vertex -0.0718965456 0.0217424743 -0.012638608
  endloop
 endfacet

 facet normal -0.786961079 0.161449894 -0.595504999
  outer loop
  vertex -0.0718803033 0.0216941219 -0.0126731796
  vertex -0.0718965456 0.0217424743 -0.012638608
  vertex -0.0718710274 0.0217365231 -0.012673948
  endloop
 endfacet

 facet normal -0.78360486 0.176596344 -0.595631838
  outer loop
  vertex -0.0718710274 0.0217365231 -0.012673948
  vertex -0.0718965456 0.0217424743 -0.012638608
  vertex -0.0714626834 0.0236676559 -0.012638608
  endloop
 endfacet

 facet normal -0.773420572 0.174693823 -0.609346092
  outer loop
  vertex -0.0718710274 0.0217365231 -0.012673948
  vertex -0.0714626834 0.0236676559 -0.012638608
  vertex -0.0714348406 0.0236676559 -0.012673948
  endloop
 endfacet

 facet normal -0.754921436 0.170515388 -0.633259892
  outer loop
  vertex -0.0718710274 0.0217365231 -0.012673948
  vertex -0.0714348406 0.0236676559 -0.012673948
  vertex -0.07142324 0.0236676559 -0.0126877762
  endloop
 endfacet

 facet normal -0.166516766 0.980683088 0.102629706
  outer loop
  vertex -0.0714348406 0.0236676559 -0.0103569003
  vertex -0.0714580417 0.0236676559 -0.0103945453
  vertex -0.0713745132 0.0231179222 -0.00500602834
  endloop
 endfacet

 facet normal -0.183423206 0.977666855 0.102584049
  outer loop
  vertex -0.0713745132 0.0231179222 -0.00500602834
  vertex -0.0714580417 0.0236676559 -0.0103945453
  vertex -0.0714812428 0.0236676559 -0.010436031
  endloop
 endfacet

 facet normal -0.207933605 0.972750425 0.102568075
  outer loop
  vertex -0.0713745132 0.0231179222 -0.00500602834
  vertex -0.0714812428 0.0236676559 -0.010436031
  vertex -0.0713814721 0.023116434 -0.00500602834
  endloop
 endfacet

 facet normal -0.599026799 -0.800728977 0
  outer loop
  vertex -0.0717898235 0.021246301 -0.0067630196
  vertex -0.0718037412 0.0212567151 -0.00500602834
  vertex -0.0718037412 0.0212567151 -0.012353587
  endloop
 endfacet

 facet normal -0.65649718 -0.754328489 0
  outer loop
  vertex -0.0718037412 0.0212567151 -0.012353587
  vertex -0.0718037412 0.0212567151 -0.00500602834
  vertex -0.0718362257 0.0212849844 -0.00500602834
  endloop
 endfacet

 facet normal -0.65649718 -0.754328489 0
  outer loop
  vertex -0.0718037412 0.0212567151 -0.012353587
  vertex -0.0718362257 0.0212849844 -0.00500602834
  vertex -0.0718362257 0.0212849844 -0.0123750977
  endloop
 endfacet

 facet normal -0.640631199 -0.7667889 -0.0403316915
  outer loop
  vertex -0.0718037412 0.0212567151 -0.012353587
  vertex -0.0718362257 0.0212849844 -0.0123750977
  vertex -0.071801424 0.0212567151 -0.0123904627
  endloop
 endfacet

 facet normal -0.640818954 -0.766589761 -0.0411233827
  outer loop
  vertex -0.071801424 0.0212567151 -0.0123904627
  vertex -0.0718362257 0.0212849844 -0.0123750977
  vertex -0.0718339011 0.0212842394 -0.0123973778
  endloop
 endfacet

 facet normal -0.627090335 -0.76985997 -0.118631057
  outer loop
  vertex -0.071801424 0.0212567151 -0.0123904627
  vertex -0.0718339011 0.0212842394 -0.0123973778
  vertex -0.0717921406 0.0212544836 -0.0124250343
  endloop
 endfacet

 facet normal -0.633048415 -0.762070537 -0.136008382
  outer loop
  vertex -0.0717921406 0.0212544836 -0.0124250343
  vertex -0.0718339011 0.0212842394 -0.0123973778
  vertex -0.0718223006 0.0212820079 -0.0124388626
  endloop
 endfacet

 facet normal -0.608500361 -0.767726064 -0.200808629
  outer loop
  vertex -0.0717921406 0.0212544836 -0.0124250343
  vertex -0.0718223006 0.0212820079 -0.0124388626
  vertex -0.0718037412 0.021277545 -0.0124780433
  endloop
 endfacet

 facet normal -0.601792216 -0.772110701 -0.204184338
  outer loop
  vertex -0.0717921406 0.0212544836 -0.0124250343
  vertex -0.0718037412 0.021277545 -0.0124780433
  vertex -0.0717758983 0.0212507639 -0.0124588376
  endloop
 endfacet

 facet normal -0.57721436 -0.778009772 -0.248041064
  outer loop
  vertex -0.0717758983 0.0212507639 -0.0124588376
  vertex -0.0718037412 0.021277545 -0.0124780433
  vertex -0.0717666224 0.0212485325 -0.0124734342
  endloop
 endfacet

 facet normal -0.573758721 -0.775863826 -0.262366831
  outer loop
  vertex -0.0717666224 0.0212485325 -0.0124734342
  vertex -0.0718037412 0.021277545 -0.0124780433
  vertex -0.07178054 0.0212723371 -0.0125133833
  endloop
 endfacet

 facet normal -0.622734904 -0.721584022 -0.302519262
  outer loop
  vertex -0.07178054 0.0212723371 -0.0125133833
  vertex -0.0718037412 0.021277545 -0.0124780433
  vertex -0.0718292668 0.0213073008 -0.0124964816
  endloop
 endfacet

 facet normal -0.623147488 -0.712771177 -0.321938694
  outer loop
  vertex -0.07178054 0.0212723371 -0.0125133833
  vertex -0.0718292668 0.0213073008 -0.0124964816
  vertex -0.071801424 0.0213013496 -0.0125371991
  endloop
 endfacet

 facet normal -0.576530755 -0.724715054 -0.377359778
  outer loop
  vertex -0.07178054 0.0212723371 -0.0125133833
  vertex -0.071801424 0.0213013496 -0.0125371991
  vertex -0.0717689395 0.0212939102 -0.012572539
  endloop
 endfacet

 facet normal -0.547654629 -0.745756626 -0.379369855
  outer loop
  vertex -0.07178054 0.0212723371 -0.0125133833
  vertex -0.0717689395 0.0212939102 -0.012572539
  vertex -0.0717642978 0.0212686174 -0.0125295166
  endloop
 endfacet

 facet normal -0.603972554 -0.682587862 -0.41144985
  outer loop
  vertex -0.0717689395 0.0212939102 -0.012572539
  vertex -0.071801424 0.0213013496 -0.0125371991
  vertex -0.0718037412 0.0213288721 -0.0125794522
  endloop
 endfacet

 facet normal -0.57649219 -0.667158484 -0.471758813
  outer loop
  vertex -0.0717689395 0.0212939102 -0.012572539
  vertex -0.0718037412 0.0213288721 -0.0125794522
  vertex -0.0717828572 0.0213244092 -0.0125986589
  endloop
 endfacet

 facet normal -0.605779588 -0.68148005 -0.410628915
  outer loop
  vertex -0.0718037412 0.0213288721 -0.0125794522
  vertex -0.071801424 0.0213013496 -0.0125371991
  vertex -0.0718223006 0.0213333368 -0.0125594782
  endloop
 endfacet

 facet normal -0.654366374 -0.670587778 -0.349452078
  outer loop
  vertex -0.0718223006 0.0213333368 -0.0125594782
  vertex -0.071801424 0.0213013496 -0.0125371991
  vertex -0.0718292668 0.0213073008 -0.0124964816
  endloop
 endfacet

 facet normal -0.672513425 -0.654790282 -0.344928145
  outer loop
  vertex -0.0718223006 0.0213333368 -0.0125594782
  vertex -0.0718292668 0.0213073008 -0.0124964816
  vertex -0.0718524605 0.0213400312 -0.0125133833
  endloop
 endfacet

 facet normal -0.685610592 -0.634753168 -0.356408
  outer loop
  vertex -0.0718223006 0.0213333368 -0.0125594782
  vertex -0.0718524605 0.0213400312 -0.0125133833
  vertex -0.0718594268 0.0213712752 -0.0125556374
  endloop
 endfacet

 facet normal -0.725876212 -0.604789138 -0.327618569
  outer loop
  vertex -0.0718594268 0.0213712752 -0.0125556374
  vertex -0.0718524605 0.0213400312 -0.0125133833
  vertex -0.0718663856 0.0213430058 -0.0124880318
  endloop
 endfacet

 facet normal -0.748642862 -0.580694258 -0.319887847
  outer loop
  vertex -0.0718594268 0.0213712752 -0.0125556374
  vertex -0.0718663856 0.0213430058 -0.0124880318
  vertex -0.0718872696 0.0213779695 -0.0125026284
  endloop
 endfacet

 facet normal -0.777697742 -0.527558863 -0.341859311
  outer loop
  vertex -0.0718594268 0.0213712752 -0.0125556374
  vertex -0.0718872696 0.0213779695 -0.0125026284
  vertex -0.0718919039 0.0214121882 -0.0125448816
  endloop
 endfacet

 facet normal -0.77245295 -0.515905857 -0.370348066
  outer loop
  vertex -0.0718594268 0.0213712752 -0.0125556374
  vertex -0.0718919039 0.0214121882 -0.0125448816
  vertex -0.0718756616 0.0214077253 -0.012572539
  endloop
 endfacet

 facet normal -0.696253121 -0.533103526 -0.480658114
  outer loop
  vertex -0.0718594268 0.0213712752 -0.0125556374
  vertex -0.0718756616 0.0214077253 -0.012572539
  vertex -0.0718547851 0.0214040056 -0.0125986589
  endloop
 endfacet

 facet normal -0.803205967 -0.502988219 -0.319160074
  outer loop
  vertex -0.0718919039 0.0214121882 -0.0125448816
  vertex -0.0718872696 0.0213779695 -0.0125026284
  vertex -0.0719197467 0.0214181393 -0.0124841901
  endloop
 endfacet

 facet normal -0.830177486 -0.443862081 -0.33733055
  outer loop
  vertex -0.0718919039 0.0214121882 -0.0125448816
  vertex -0.0719197467 0.0214181393 -0.0124841901
  vertex -0.0719220713 0.0214545894 -0.0125264432
  endloop
 endfacet

 facet normal -0.84769839 -0.423800439 -0.319062233
  outer loop
  vertex -0.0719220713 0.0214545894 -0.0125264432
  vertex -0.0719197467 0.0214181393 -0.0124841901
  vertex -0.071935989 0.0214575659 -0.0124934083
  endloop
 endfacet

 facet normal -0.863695085 -0.381277651 -0.329633355
  outer loop
  vertex -0.0719220713 0.0214545894 -0.0125264432
  vertex -0.071935989 0.0214575659 -0.0124934083
  vertex -0.071935989 0.0214947592 -0.0125364307
  endloop
 endfacet

 facet normal -0.841196775 -0.385738462 -0.378937781
  outer loop
  vertex -0.0719220713 0.0214545894 -0.0125264432
  vertex -0.071935989 0.0214947592 -0.0125364307
  vertex -0.0719197467 0.0214910395 -0.0125686973
  endloop
 endfacet

 facet normal -0.87177968 -0.272014171 -0.407441229
  outer loop
  vertex -0.0719197467 0.0214910395 -0.0125686973
  vertex -0.071935989 0.0214947592 -0.0125364307
  vertex -0.0719452724 0.0215371605 -0.0125448816
  endloop
 endfacet

 facet normal -0.893574417 -0.151362091 -0.422627866
  outer loop
  vertex -0.0719452724 0.0215371605 -0.0125448816
  vertex -0.0719499066 0.0215795636 -0.012550259
  vertex -0.0719313473 0.0215750989 -0.012587904
  endloop
 endfacet

 facet normal -0.90938592 -0.263228714 -0.322068334
  outer loop
  vertex -0.0719452724 0.0215371605 -0.0125448816
  vertex -0.071935989 0.0214947592 -0.0125364307
  vertex -0.0719591901 0.021540137 -0.0125080049
  endloop
 endfacet

 facet normal -0.923405886 -0.190468639 -0.333231628
  outer loop
  vertex -0.0719452724 0.0215371605 -0.0125448816
  vertex -0.0719591901 0.021540137 -0.0125080049
  vertex -0.0719661489 0.0215832833 -0.0125133833
  endloop
 endfacet

 facet normal -0.910455585 -0.148564667 -0.38600418
  outer loop
  vertex -0.0719452724 0.0215371605 -0.0125448816
  vertex -0.0719661489 0.0215832833 -0.0125133833
  vertex -0.0719499066 0.0215795636 -0.012550259
  endloop
 endfacet

 facet normal -0.896191001 -0.116817795 -0.428013295
  outer loop
  vertex -0.0719313473 0.0215750989 -0.012587904
  vertex -0.0719499066 0.0215795636 -0.012550259
  vertex -0.0719522312 0.0216227081 -0.0125571741
  endloop
 endfacet

 facet normal -0.889739692 -0.103258774 -0.444635689
  outer loop
  vertex -0.0719313473 0.0215750989 -0.012587904
  vertex -0.0719522312 0.0216227081 -0.0125571741
  vertex -0.0719336718 0.0216182452 -0.0125932824
  endloop
 endfacet

 facet normal -0.890656233 -0.0403229445 -0.452885747
  outer loop
  vertex -0.0719336718 0.0216182452 -0.0125932824
  vertex -0.0719522312 0.0216227081 -0.0125571741
  vertex -0.0719522312 0.0216658544 -0.0125610149
  endloop
 endfacet

 facet normal -0.874936283 -0.0130641861 -0.484061897
  outer loop
  vertex -0.0719336718 0.0216182452 -0.0125932824
  vertex -0.0719522312 0.0216658544 -0.0125610149
  vertex -0.0719313473 0.0216621347 -0.0125986589
  endloop
 endfacet

 facet normal -0.870476007 0.0587879233 -0.488687515
  outer loop
  vertex -0.0719313473 0.0216621347 -0.0125986589
  vertex -0.0719522312 0.0216658544 -0.0125610149
  vertex -0.071926713 0.0217052791 -0.0126017323
  endloop
 endfacet

 facet normal -0.826634526 0.123586386 -0.549000859
  outer loop
  vertex -0.071926713 0.0217052791 -0.0126017323
  vertex -0.0719197467 0.0217484254 -0.0126025006
  vertex -0.0719035044 0.021700073 -0.0126378397
  endloop
 endfacet

 facet normal -0.87632978 0.0760142133 -0.475676477
  outer loop
  vertex -0.071926713 0.0217052791 -0.0126017323
  vertex -0.0719522312 0.0216658544 -0.0125610149
  vertex -0.0719475895 0.0217097439 -0.0125625515
  endloop
 endfacet

 facet normal -0.868525505 0.131611735 -0.477851212
  outer loop
  vertex -0.071926713 0.0217052791 -0.0126017323
  vertex -0.0719475895 0.0217097439 -0.0125625515
  vertex -0.0719197467 0.0217484254 -0.0126025006
  endloop
 endfacet

 facet normal -0.825103641 0.125469178 -0.550873399
  outer loop
  vertex -0.0719035044 0.021700073 -0.0126378397
  vertex -0.0719197467 0.0217484254 -0.0126025006
  vertex -0.0718965456 0.0217424743 -0.012638608
  endloop
 endfacet

 facet normal -0.813031852 0.183228135 -0.552636087
  outer loop
  vertex -0.0718965456 0.0217424743 -0.012638608
  vertex -0.0719197467 0.0217484254 -0.0126025006
  vertex -0.0714626834 0.0236676559 -0.012638608
  endloop
 endfacet

 facet normal -0.826471329 0.186834455 -0.531072557
  outer loop
  vertex -0.0714626834 0.0236676559 -0.012638608
  vertex -0.0719197467 0.0217484254 -0.0126025006
  vertex -0.0714858845 0.0236676559 -0.0126025006
  endloop
 endfacet

 facet normal -0.229043648 0.968007267 0.102474421
  outer loop
  vertex -0.0713814721 0.023116434 -0.00500602834
  vertex -0.0714812428 0.0236676559 -0.010436031
  vertex -0.0714998022 0.0236676559 -0.0104775159
  endloop
 endfacet

 facet normal -0.259295762 0.96035856 0.102358095
  outer loop
  vertex -0.0713814721 0.023116434 -0.00500602834
  vertex -0.0714998022 0.0236676559 -0.0104775159
  vertex -0.0714255571 0.0231045317 -0.00500602834
  endloop
 endfacet

 facet normal -0.661277652 -0.750141323 0
  outer loop
  vertex -0.0718362257 0.0212849844 -0.0123750977
  vertex -0.0718362257 0.0212849844 -0.00500602834
  vertex -0.0718455017 0.021293167 -0.00500602834
  endloop
 endfacet

 facet normal -0.711013198 -0.703178763 -0.000114795796
  outer loop
  vertex -0.0718362257 0.0212849844 -0.0123750977
  vertex -0.0718455017 0.021293167 -0.00500602834
  vertex -0.0718663856 0.0213154834 -0.0123789394
  endloop
 endfacet

 facet normal -0.706970215 -0.705470085 -0.0500510558
  outer loop
  vertex -0.0718362257 0.0212849844 -0.0123750977
  vertex -0.0718663856 0.0213154834 -0.0123789394
  vertex -0.0718339011 0.0212842394 -0.0123973778
  endloop
 endfacet

 facet normal -0.722666979 -0.680781305 -0.119537696
  outer loop
  vertex -0.0718339011 0.0212842394 -0.0123973778
  vertex -0.0718663856 0.0213154834 -0.0123789394
  vertex -0.0718571022 0.0213139951 -0.012426571
  endloop
 endfacet

 facet normal -0.701705873 -0.696104467 -0.151814625
  outer loop
  vertex -0.0718339011 0.0212842394 -0.0123973778
  vertex -0.0718571022 0.0213139951 -0.012426571
  vertex -0.0718501434 0.0213125069 -0.0124519235
  endloop
 endfacet

 facet normal -0.695137441 -0.701607704 -0.15662238
  outer loop
  vertex -0.0718339011 0.0212842394 -0.0123973778
  vertex -0.0718501434 0.0213125069 -0.0124519235
  vertex -0.0718223006 0.0212820079 -0.0124388626
  endloop
 endfacet

 facet normal -0.672938287 -0.707171619 -0.216938734
  outer loop
  vertex -0.0718223006 0.0212820079 -0.0124388626
  vertex -0.0718501434 0.0213125069 -0.0124519235
  vertex -0.0718408599 0.0213102754 -0.0124734342
  endloop
 endfacet

 facet normal -0.659455419 -0.715402305 -0.230907246
  outer loop
  vertex -0.0718223006 0.0212820079 -0.0124388626
  vertex -0.0718408599 0.0213102754 -0.0124734342
  vertex -0.0718037412 0.021277545 -0.0124780433
  endloop
 endfacet

 facet normal -0.658674657 -0.7133165 -0.239431366
  outer loop
  vertex -0.0718037412 0.021277545 -0.0124780433
  vertex -0.0718408599 0.0213102754 -0.0124734342
  vertex -0.0718292668 0.0213073008 -0.0124964816
  endloop
 endfacet

 facet normal -0.699020565 -0.663732052 -0.266139209
  outer loop
  vertex -0.0718292668 0.0213073008 -0.0124964816
  vertex -0.0718408599 0.0213102754 -0.0124734342
  vertex -0.0718663856 0.0213430058 -0.0124880318
  endloop
 endfacet

 facet normal -0.695309341 -0.650567889 -0.3054609
  outer loop
  vertex -0.0718292668 0.0213073008 -0.0124964816
  vertex -0.0718663856 0.0213430058 -0.0124880318
  vertex -0.0718524605 0.0213400312 -0.0125133833
  endloop
 endfacet

 facet normal -0.711477041 -0.661051929 -0.238350078
  outer loop
  vertex -0.0718663856 0.0213430058 -0.0124880318
  vertex -0.0718408599 0.0213102754 -0.0124734342
  vertex -0.0718501434 0.0213125069 -0.0124519235
  endloop
 endfacet

 facet normal -0.731191397 -0.646635413 -0.217305824
  outer loop
  vertex -0.0718663856 0.0213430058 -0.0124880318
  vertex -0.0718501434 0.0213125069 -0.0124519235
  vertex -0.0718756616 0.0213452391 -0.0124634467
  endloop
 endfacet

 facet normal -0.781068504 -0.575392604 -0.242601559
  outer loop
  vertex -0.0718663856 0.0213430058 -0.0124880318
  vertex -0.0718756616 0.0213452391 -0.0124634467
  vertex -0.0718988702 0.0213809442 -0.0124734342
  endloop
 endfacet

 facet normal -0.780871332 -0.571604252 -0.252009004
  outer loop
  vertex -0.0718663856 0.0213430058 -0.0124880318
  vertex -0.0718988702 0.0213809442 -0.0124734342
  vertex -0.0718872696 0.0213779695 -0.0125026284
  endloop
 endfacet

 facet normal -0.805624604 -0.529271364 -0.266159743
  outer loop
  vertex -0.0718872696 0.0213779695 -0.0125026284
  vertex -0.0718988702 0.0213809442 -0.0124734342
  vertex -0.0719197467 0.0214181393 -0.0124841901
  endloop
 endfacet

 facet normal -0.879804075 -0.416137516 -0.229726896
  outer loop
  vertex -0.0719197467 0.0214181393 -0.0124841901
  vertex -0.0719290301 0.0214203708 -0.0124526918
  vertex -0.071935989 0.0214575659 -0.0124934083
  endloop
 endfacet

 facet normal -0.821719825 -0.525268137 -0.221065313
  outer loop
  vertex -0.0719197467 0.0214181393 -0.0124841901
  vertex -0.0718988702 0.0213809442 -0.0124734342
  vertex -0.0719081461 0.0213831756 -0.012444241
  endloop
 endfacet

 facet normal -0.831793666 -0.514390171 -0.208619475
  outer loop
  vertex -0.0719197467 0.0214181393 -0.0124841901
  vertex -0.0719081461 0.0213831756 -0.012444241
  vertex -0.0719290301 0.0214203708 -0.0124526918
  endloop
 endfacet

 facet normal -0.912241936 -0.3421323 -0.225300059
  outer loop
  vertex -0.071935989 0.0214575659 -0.0124934083
  vertex -0.0719545484 0.0214620288 -0.0124250343
  vertex -0.0719591901 0.0215007104 -0.0124649834
  endloop
 endfacet

 facet normal -0.910929859 -0.312094867 -0.269821465
  outer loop
  vertex -0.071935989 0.0214575659 -0.0124934083
  vertex -0.0719591901 0.0215007104 -0.0124649834
  vertex -0.071935989 0.0214947592 -0.0125364307
  endloop
 endfacet

 facet normal -0.889863431 -0.402229011 -0.21530211
  outer loop
  vertex -0.071935989 0.0214575659 -0.0124934083
  vertex -0.0719290301 0.0214203708 -0.0124526918
  vertex -0.0719545484 0.0214620288 -0.0124250343
  endloop
 endfacet

 facet normal -0.91511023 -0.297260016 -0.272414535
  outer loop
  vertex -0.071935989 0.0214947592 -0.0125364307
  vertex -0.0719591901 0.0215007104 -0.0124649834
  vertex -0.0719591901 0.021540137 -0.0125080049
  endloop
 endfacet

 facet normal -0.913542032 -0.111830495 -0.391068935
  outer loop
  vertex -0.0719499066 0.0215795636 -0.012550259
  vertex -0.0719661489 0.0215832833 -0.0125133833
  vertex -0.0719522312 0.0216227081 -0.0125571741
  endloop
 endfacet

 facet normal -0.944030643 -0.24318634 -0.222860426
  outer loop
  vertex -0.0719591901 0.021540137 -0.0125080049
  vertex -0.0719591901 0.0215007104 -0.0124649834
  vertex -0.0719684735 0.0215029418 -0.0124281077
  endloop
 endfacet

 facet normal -0.949511766 -0.227394849 -0.216145754
  outer loop
  vertex -0.0719591901 0.021540137 -0.0125080049
  vertex -0.0719684735 0.0215029418 -0.0124281077
  vertex -0.0719777495 0.0215453431 -0.0124319484
  endloop
 endfacet

 facet normal -0.949518681 -0.227361917 -0.216149718
  outer loop
  vertex -0.0719591901 0.021540137 -0.0125080049
  vertex -0.0719777495 0.0215453431 -0.0124319484
  vertex -0.0719777495 0.0215855148 -0.0124742016
  endloop
 endfacet

 facet normal -0.94495523 -0.185964584 -0.269215405
  outer loop
  vertex -0.0719591901 0.021540137 -0.0125080049
  vertex -0.0719777495 0.0215855148 -0.0124742016
  vertex -0.0719661489 0.0215832833 -0.0125133833
  endloop
 endfacet

 facet normal -0.925862849 -0.0826471969 -0.368710756
  outer loop
  vertex -0.0719661489 0.0215832833 -0.0125133833
  vertex -0.0719684735 0.0216264278 -0.012517225
  vertex -0.0719522312 0.0216227081 -0.0125571741
  endloop
 endfacet

 facet normal -0.95722425 -0.0763552338 -0.279090881
  outer loop
  vertex -0.0719661489 0.0215832833 -0.0125133833
  vertex -0.0719777495 0.0215855148 -0.0124742016
  vertex -0.0719684735 0.0216264278 -0.012517225
  endloop
 endfacet

 facet normal -0.926934958 -0.033276476 -0.373743594
  outer loop
  vertex -0.0719522312 0.0216227081 -0.0125571741
  vertex -0.0719684735 0.0216264278 -0.012517225
  vertex -0.0719522312 0.0216658544 -0.0125610149
  endloop
 endfacet

 facet normal -0.929499805 -0.0257541873 -0.367922217
  outer loop
  vertex -0.0719522312 0.0216658544 -0.0125610149
  vertex -0.0719684735 0.0216264278 -0.012517225
  vertex -0.0719684735 0.0216703173 -0.0125202974
  endloop
 endfacet

 facet normal -0.923496664 0.0737990737 -0.376440734
  outer loop
  vertex -0.0719522312 0.0216658544 -0.0125610149
  vertex -0.0719684735 0.0216703173 -0.0125202974
  vertex -0.0719638318 0.0217127185 -0.0125233708
  endloop
 endfacet

 facet normal -0.918292522 0.0835567564 -0.386984706
  outer loop
  vertex -0.0719522312 0.0216658544 -0.0125610149
  vertex -0.0719638318 0.0217127185 -0.0125233708
  vertex -0.0719475895 0.0217097439 -0.0125625515
  endloop
 endfacet

 facet normal -0.880535364 0.181611866 -0.437806666
  outer loop
  vertex -0.0719197467 0.0217484254 -0.0126025006
  vertex -0.0719475895 0.0217097439 -0.0125625515
  vertex -0.0719383061 0.0217528883 -0.0125633189
  endloop
 endfacet

 facet normal -0.876997411 0.197656259 -0.437958419
  outer loop
  vertex -0.0719197467 0.0217484254 -0.0126025006
  vertex -0.0719383061 0.0217528883 -0.0125633189
  vertex -0.071506761 0.0236676559 -0.0125633189
  endloop
 endfacet

 facet normal -0.865452945 0.195646748 -0.46120882
  outer loop
  vertex -0.0719197467 0.0217484254 -0.0126025006
  vertex -0.071506761 0.0236676559 -0.0125633189
  vertex -0.0714858845 0.0236676559 -0.0126025006
  endloop
 endfacet

 facet normal -0.902346134 0.187184691 -0.388244033
  outer loop
  vertex -0.0719475895 0.0217097439 -0.0125625515
  vertex -0.0719638318 0.0217127185 -0.0125233708
  vertex -0.0719383061 0.0217528883 -0.0125633189
  endloop
 endfacet

 facet normal -0.279963315 0.954572082 0.102042995
  outer loop
  vertex -0.0714255571 0.0231045317 -0.00500602834
  vertex -0.0714998022 0.0236676559 -0.0104775159
  vertex -0.0715160444 0.0236676559 -0.010522075
  endloop
 endfacet

 facet normal -0.321918964 0.941323876 0.101378754
  outer loop
  vertex -0.0714255571 0.0231045317 -0.00500602834
  vertex -0.0715160444 0.0236676559 -0.010522075
  vertex -0.0714603588 0.0230926294 -0.00500602834
  endloop
 endfacet

 facet normal -0.727577567 -0.6860255 -1.59656884e-05
  outer loop
  vertex -0.0718455017 0.021293167 -0.00500602834
  vertex -0.0718756616 0.0213251542 -0.00500602834
  vertex -0.0718663856 0.0213154834 -0.0123789394
  endloop
 endfacet

 facet normal -0.771691978 -0.635996461 -0.000137114257
  outer loop
  vertex -0.0718663856 0.0213154834 -0.0123789394
  vertex -0.0718756616 0.0213251542 -0.00500602834
  vertex -0.0718919039 0.0213452391 -0.0067630196
  endloop
 endfacet

 facet normal -0.775734842 -0.631059051 -0.000181647934
  outer loop
  vertex -0.0718663856 0.0213154834 -0.0123789394
  vertex -0.0718919039 0.0213452391 -0.0067630196
  vertex -0.0718942285 0.021349702 -0.012353587
  endloop
 endfacet

 facet normal -0.792181253 -0.608320832 -0.0489346795
  outer loop
  vertex -0.0718663856 0.0213154834 -0.0123789394
  vertex -0.0718942285 0.021349702 -0.012353587
  vertex -0.0719197467 0.0213854089 -0.0123843178
  endloop
 endfacet

 facet normal -0.790611386 -0.608565331 -0.0676909611
  outer loop
  vertex -0.0718663856 0.0213154834 -0.0123789394
  vertex -0.0719197467 0.0213854089 -0.0123843178
  vertex -0.0718895867 0.021348957 -0.012408901
  endloop
 endfacet

 facet normal -0.75797689 -0.639658809 -0.127701625
  outer loop
  vertex -0.0718663856 0.0213154834 -0.0123789394
  vertex -0.0718895867 0.021348957 -0.012408901
  vertex -0.0718571022 0.0213139951 -0.012426571
  endloop
 endfacet

 facet normal -0.761145592 -0.630696237 -0.151260346
  outer loop
  vertex -0.0718571022 0.0213139951 -0.012426571
  vertex -0.0718895867 0.021348957 -0.012408901
  vertex -0.0718756616 0.0213452391 -0.0124634467
  endloop
 endfacet

 facet normal -0.747949719 -0.642228246 -0.167672917
  outer loop
  vertex -0.0718571022 0.0213139951 -0.012426571
  vertex -0.0718756616 0.0213452391 -0.0124634467
  vertex -0.0718501434 0.0213125069 -0.0124519235
  endloop
 endfacet

 facet normal -0.785481393 -0.597923994 -0.159706041
  outer loop
  vertex -0.0718756616 0.0213452391 -0.0124634467
  vertex -0.0718895867 0.021348957 -0.012408901
  vertex -0.071915105 0.0213839207 -0.0124142785
  endloop
 endfacet

 facet normal -0.789295256 -0.590384901 -0.168696672
  outer loop
  vertex -0.0718756616 0.0213452391 -0.0124634467
  vertex -0.071915105 0.0213839207 -0.0124142785
  vertex -0.0719081461 0.0213831756 -0.012444241
  endloop
 endfacet

 facet normal -0.792541087 -0.573203623 -0.208125576
  outer loop
  vertex -0.0718756616 0.0213452391 -0.0124634467
  vertex -0.0719081461 0.0213831756 -0.012444241
  vertex -0.0718988702 0.0213809442 -0.0124734342
  endloop
 endfacet

 facet normal -0.839128256 -0.512507558 -0.182208091
  outer loop
  vertex -0.0719290301 0.0214203708 -0.0124526918
  vertex -0.0719081461 0.0213831756 -0.012444241
  vertex -0.071915105 0.0213839207 -0.0124142785
  endloop
 endfacet

 facet normal -0.85541451 -0.493247211 -0.158029556
  outer loop
  vertex -0.0719290301 0.0214203708 -0.0124526918
  vertex -0.071915105 0.0213839207 -0.0124142785
  vertex -0.071935989 0.021421859 -0.0124196569
  endloop
 endfacet

 facet normal -0.886269987 -0.43190074 -0.167293653
  outer loop
  vertex -0.0719290301 0.0214203708 -0.0124526918
  vertex -0.071935989 0.021421859 -0.0124196569
  vertex -0.0719545484 0.0214620288 -0.0124250343
  endloop
 endfacet

 facet normal -0.936653197 -0.327947825 -0.123009019
  outer loop
  vertex -0.0719545484 0.0214620288 -0.0124250343
  vertex -0.0719591901 0.0214620288 -0.0123896943
  vertex -0.0719684735 0.0215029418 -0.0124281077
  endloop
 endfacet

 facet normal -0.920283616 -0.329038948 -0.211687669
  outer loop
  vertex -0.0719545484 0.0214620288 -0.0124250343
  vertex -0.0719684735 0.0215029418 -0.0124281077
  vertex -0.0719591901 0.0215007104 -0.0124649834
  endloop
 endfacet

 facet normal -0.895395994 -0.429463029 -0.117590778
  outer loop
  vertex -0.0719545484 0.0214620288 -0.0124250343
  vertex -0.071935989 0.021421859 -0.0124196569
  vertex -0.0719591901 0.0214620288 -0.0123896943
  endloop
 endfacet

 facet normal -0.952195287 -0.293977886 -0.0830728486
  outer loop
  vertex -0.0719684735 0.0215029418 -0.0124281077
  vertex -0.0719591901 0.0214620288 -0.0123896943
  vertex -0.0719754323 0.0215044301 -0.012353587
  endloop
 endfacet

 facet normal -0.966547966 -0.241831407 -0.0854545012
  outer loop
  vertex -0.0719684735 0.0215029418 -0.0124281077
  vertex -0.0719754323 0.0215044301 -0.012353587
  vertex -0.0719823912 0.0215460882 -0.0123927677
  endloop
 endfacet

 facet normal -0.96875757 -0.22203736 -0.110490672
  outer loop
  vertex -0.0719684735 0.0215029418 -0.0124281077
  vertex -0.0719823912 0.0215460882 -0.0123927677
  vertex -0.0719777495 0.0215453431 -0.0124319484
  endloop
 endfacet

 facet normal -0.969181955 -0.220134482 -0.110577047
  outer loop
  vertex -0.0719777495 0.0215453431 -0.0124319484
  vertex -0.0719823912 0.0215460882 -0.0123927677
  vertex -0.0719870329 0.0215877462 -0.0124350218
  endloop
 endfacet

 facet normal -0.951220036 -0.223595381 -0.212568924
  outer loop
  vertex -0.0719777495 0.0215453431 -0.0124319484
  vertex -0.0719870329 0.0215877462 -0.0124350218
  vertex -0.0719777495 0.0215855148 -0.0124742016
  endloop
 endfacet

 facet normal -0.971512675 -0.0711312443 -0.226060852
  outer loop
  vertex -0.0719777495 0.0215855148 -0.0124742016
  vertex -0.0719870329 0.0215877462 -0.0124350218
  vertex -0.071980074 0.0216294043 -0.0124780433
  endloop
 endfacet

 facet normal -0.957699955 -0.0749334097 -0.277841389
  outer loop
  vertex -0.0719777495 0.0215855148 -0.0124742016
  vertex -0.071980074 0.0216294043 -0.0124780433
  vertex -0.0719684735 0.0216264278 -0.012517225
  endloop
 endfacet

 facet normal -0.959081769 -0.0201161336 -0.28241384
  outer loop
  vertex -0.0719684735 0.0216264278 -0.012517225
  vertex -0.071980074 0.0216294043 -0.0124780433
  vertex -0.071980074 0.0216725487 -0.0124811167
  endloop
 endfacet

 facet normal -0.95897752 -0.0197950508 -0.282790482
  outer loop
  vertex -0.0719684735 0.0216264278 -0.012517225
  vertex -0.071980074 0.0216725487 -0.0124811167
  vertex -0.0719684735 0.0216703173 -0.0125202974
  endloop
 endfacet

 facet normal -0.954194188 0.0836225152 -0.287264407
  outer loop
  vertex -0.0719684735 0.0216703173 -0.0125202974
  vertex -0.071980074 0.0216725487 -0.0124811167
  vertex -0.0719638318 0.0217127185 -0.0125233708
  endloop
 endfacet

 facet normal -0.903571486 0.194353029 -0.381818771
  outer loop
  vertex -0.0719638318 0.0217127185 -0.0125233708
  vertex -0.0719545484 0.0217558648 -0.0125233708
  vertex -0.0719383061 0.0217528883 -0.0125633189
  endloop
 endfacet

 facet normal -0.956305921 0.0962508023 -0.276070565
  outer loop
  vertex -0.0719638318 0.0217127185 -0.0125233708
  vertex -0.071980074 0.0216725487 -0.0124811167
  vertex -0.0719754323 0.0217164382 -0.012481885
  endloop
 endfacet

 facet normal -0.948472023 0.150650546 -0.278756678
  outer loop
  vertex -0.0719638318 0.0217127185 -0.0125233708
  vertex -0.0719754323 0.0217164382 -0.012481885
  vertex -0.0719684735 0.0217588395 -0.0124826534
  endloop
 endfacet

 facet normal -0.922860146 0.198501915 -0.33003962
  outer loop
  vertex -0.0719638318 0.0217127185 -0.0125233708
  vertex -0.0719684735 0.0217588395 -0.0124826534
  vertex -0.0719545484 0.0217558648 -0.0125233708
  endloop
 endfacet

 facet normal -0.901667595 0.203216404 -0.381704926
  outer loop
  vertex -0.0719383061 0.0217528883 -0.0125633189
  vertex -0.0719545484 0.0217558648 -0.0125233708
  vertex -0.071506761 0.0236676559 -0.0125633189
  endloop
 endfacet

 facet normal -0.903738201 0.203811079 -0.376455009
  outer loop
  vertex -0.071506761 0.0236676559 -0.0125633189
  vertex -0.0719545484 0.0217558648 -0.0125233708
  vertex -0.0715160444 0.0236676559 -0.0125410408
  endloop
 endfacet

 facet normal -0.334588826 0.936930835 0.101048693
  outer loop
  vertex -0.0714603588 0.0230926294 -0.00500602834
  vertex -0.0715160444 0.0236676559 -0.010522075
  vertex -0.0715230033 0.0236676559 -0.0105451224
  endloop
 endfacet

 facet normal -0.358971626 0.927933812 0.100390442
  outer loop
  vertex -0.0714603588 0.0230926294 -0.00500602834
  vertex -0.0715230033 0.0236676559 -0.0105451224
  vertex -0.0715346038 0.0236676559 -0.0105866082
  endloop
 endfacet

 facet normal -0.407506078 0.907824278 0.0989640579
  outer loop
  vertex -0.0714603588 0.0230926294 -0.00500602834
  vertex -0.0715346038 0.0236676559 -0.0105866082
  vertex -0.071506761 0.0230718013 -0.00500602834
  endloop
 endfacet

 facet normal -0.797629595 -0.603147447 0.000478156202
  outer loop
  vertex -0.0718756616 0.0213251542 -0.00500602834
  vertex -0.0718942285 0.021349702 -0.00500602834
  vertex -0.0718919039 0.0213452391 -0.0067630196
  endloop
 endfacet

 facet normal -0.813557088 -0.581484914 0.000402085076
  outer loop
  vertex -0.0718919039 0.0213452391 -0.0067630196
  vertex -0.0718942285 0.021349702 -0.00500602834
  vertex -0.0719197467 0.0213854089 -0.00500602834
  endloop
 endfacet

 facet normal -0.814246118 -0.580519915 0.000369103975
  outer loop
  vertex -0.0718919039 0.0213452391 -0.0067630196
  vertex -0.0719197467 0.0213854089 -0.00500602834
  vertex -0.0719104707 0.0213712752 -0.0067630196
  endloop
 endfacet

 facet normal -0.814246118 -0.580519974 -0.000115367038
  outer loop
  vertex -0.0718919039 0.0213452391 -0.0067630196
  vertex -0.0719104707 0.0213712752 -0.0067630196
  vertex -0.0719197467 0.0213854089 -0.0123843178
  endloop
 endfacet

 facet normal -0.813505769 -0.581557035 -0.000126445302
  outer loop
  vertex -0.0718919039 0.0213452391 -0.0067630196
  vertex -0.0719197467 0.0213854089 -0.0123843178
  vertex -0.0718942285 0.021349702 -0.012353587
  endloop
 endfacet

 facet normal -0.797208071 -0.596360385 -0.0938812643
  outer loop
  vertex -0.0719197467 0.0213854089 -0.0123843178
  vertex -0.071915105 0.0213839207 -0.0124142785
  vertex -0.0718895867 0.021348957 -0.012408901
  endloop
 endfacet

 facet normal -0.835912645 -0.548862576 0
  outer loop
  vertex -0.0719197467 0.0213854089 -0.0123843178
  vertex -0.0719104707 0.0213712752 -0.0067630196
  vertex -0.0719197467 0.0213854089 -0.00500602834
  endloop
 endfacet

 facet normal -0.848472059 -0.529240072 0
  outer loop
  vertex -0.0719197467 0.0213854089 -0.0123843178
  vertex -0.0719197467 0.0213854089 -0.00500602834
  vertex -0.0719313473 0.0214040056 -0.00500602834
  endloop
 endfacet

 facet normal -0.848499 -0.529197097 -1.50824349e-07
  outer loop
  vertex -0.0719197467 0.0213854089 -0.0123843178
  vertex -0.0719313473 0.0214040056 -0.00500602834
  vertex -0.0719336718 0.0214077253 -0.0067630196
  endloop
 endfacet

 facet normal -0.87616384 -0.482013345 -0.000255973311
  outer loop
  vertex -0.0719197467 0.0213854089 -0.0123843178
  vertex -0.0719336718 0.0214077253 -0.0067630196
  vertex -0.0719406307 0.0214233473 -0.012353587
  endloop
 endfacet

 facet normal -0.887508035 -0.459392309 -0.0358908586
  outer loop
  vertex -0.0719197467 0.0213854089 -0.0123843178
  vertex -0.0719406307 0.0214233473 -0.012353587
  vertex -0.0719591901 0.0214620288 -0.0123896943
  endloop
 endfacet

 facet normal -0.885089338 -0.460409045 -0.0681200773
  outer loop
  vertex -0.0719197467 0.0213854089 -0.0123843178
  vertex -0.0719591901 0.0214620288 -0.0123896943
  vertex -0.071935989 0.021421859 -0.0124196569
  endloop
 endfacet

 facet normal -0.864154339 -0.491174698 -0.109474532
  outer loop
  vertex -0.0719197467 0.0213854089 -0.0123843178
  vertex -0.071935989 0.021421859 -0.0124196569
  vertex -0.071915105 0.0213839207 -0.0124142785
  endloop
 endfacet

 facet normal -0.901472569 -0.432836145 -0.000261653302
  outer loop
  vertex -0.0719591901 0.0214620288 -0.0123896943
  vertex -0.0719406307 0.0214233473 -0.012353587
  vertex -0.0719591901 0.0214575659 -0.00500602834
  endloop
 endfacet

 facet normal -0.933902264 -0.357528389 -0.00021612909
  outer loop
  vertex -0.0719591901 0.0214620288 -0.0123896943
  vertex -0.0719591901 0.0214575659 -0.00500602834
  vertex -0.0719754323 0.0215044301 -0.012353587
  endloop
 endfacet

 facet normal -0.938798845 -0.34446606 -0.000121990139
  outer loop
  vertex -0.0719754323 0.0215044301 -0.012353587
  vertex -0.0719591901 0.0214575659 -0.00500602834
  vertex -0.0719684735 0.0214828569 -0.00500602834
  endloop
 endfacet

 facet normal -0.955258012 -0.295773834 3.65639789e-05
  outer loop
  vertex -0.0719754323 0.0215044301 -0.012353587
  vertex -0.0719684735 0.0214828569 -0.00500602834
  vertex -0.0719777495 0.0215126127 -0.0067630196
  endloop
 endfacet

 facet normal -0.972403705 -0.233304709 -6.19832426e-05
  outer loop
  vertex -0.0719754323 0.0215044301 -0.012353587
  vertex -0.0719777495 0.0215126127 -0.0067630196
  vertex -0.0719847158 0.0215416253 -0.0067630196
  endloop
 endfacet

 facet normal -0.976072609 -0.217445225 -0.000173588574
  outer loop
  vertex -0.0719754323 0.0215044301 -0.012353587
  vertex -0.0719847158 0.0215416253 -0.0067630196
  vertex -0.0719847158 0.0215460882 -0.012353587
  endloop
 endfacet

 facet normal -0.97444427 -0.217082441 -0.0577383488
  outer loop
  vertex -0.0719754323 0.0215044301 -0.012353587
  vertex -0.0719847158 0.0215460882 -0.012353587
  vertex -0.0719823912 0.0215460882 -0.0123927677
  endloop
 endfacet

 facet normal -0.975580812 -0.211898148 -0.0578056984
  outer loop
  vertex -0.0719823912 0.0215460882 -0.0123927677
  vertex -0.0719847158 0.0215460882 -0.012353587
  vertex -0.0719916746 0.0215892345 -0.0123943044
  endloop
 endfacet

 facet normal -0.971686959 -0.212668046 -0.102940731
  outer loop
  vertex -0.0719823912 0.0215460882 -0.0123927677
  vertex -0.0719916746 0.0215892345 -0.0123943044
  vertex -0.0719870329 0.0215877462 -0.0124350218
  endloop
 endfacet

 facet normal -0.992066979 -0.059258502 -0.11086785
  outer loop
  vertex -0.0719870329 0.0215877462 -0.0124350218
  vertex -0.0719916746 0.0215892345 -0.0123943044
  vertex -0.07198935 0.0216308907 -0.0124373268
  endloop
 endfacet

 facet normal -0.973497689 -0.0640656799 -0.219540536
  outer loop
  vertex -0.0719870329 0.0215877462 -0.0124350218
  vertex -0.07198935 0.0216308907 -0.0124373268
  vertex -0.071980074 0.0216294043 -0.0124780433
  endloop
 endfacet

 facet normal -0.974999189 -0.01578773 -0.221646667
  outer loop
  vertex -0.071980074 0.0216294043 -0.0124780433
  vertex -0.07198935 0.0216308907 -0.0124373268
  vertex -0.071980074 0.0216725487 -0.0124811167
  endloop
 endfacet

 facet normal -0.97677511 -0.00749713136 -0.214136213
  outer loop
  vertex -0.071980074 0.0216725487 -0.0124811167
  vertex -0.07198935 0.0216308907 -0.0124373268
  vertex -0.07198935 0.0216747802 -0.0124388626
  endloop
 endfacet

 facet normal -0.970835328 0.0987953469 -0.218445122
  outer loop
  vertex -0.071980074 0.0216725487 -0.0124811167
  vertex -0.07198935 0.0216747802 -0.0124388626
  vertex -0.0719754323 0.0217164382 -0.012481885
  endloop
 endfacet

 facet normal -0.92080605 0.207852766 -0.330020696
  outer loop
  vertex -0.0719545484 0.0217558648 -0.0125233708
  vertex -0.0719684735 0.0217588395 -0.0124826534
  vertex -0.0715230033 0.0236676559 -0.0125233708
  endloop
 endfacet

 facet normal -0.91054672 0.205536932 -0.358691067
  outer loop
  vertex -0.0719545484 0.0217558648 -0.0125233708
  vertex -0.0715230033 0.0236676559 -0.0125233708
  vertex -0.0715160444 0.0236676559 -0.0125410408
  endloop
 endfacet

 facet normal -0.971022248 0.100547843 -0.216808721
  outer loop
  vertex -0.0719754323 0.0217164382 -0.012481885
  vertex -0.07198935 0.0216747802 -0.0124388626
  vertex -0.0719847158 0.0217179265 -0.0124396309
  endloop
 endfacet

 facet normal -0.96428293 0.15170151 -0.217129558
  outer loop
  vertex -0.0719754323 0.0217164382 -0.012481885
  vertex -0.0719847158 0.0217179265 -0.0124396309
  vertex -0.0719777495 0.0217610709 -0.0124403993
  endloop
 endfacet

 facet normal -0.963307381 0.154155731 -0.219715461
  outer loop
  vertex -0.0719754323 0.0217164382 -0.012481885
  vertex -0.0719777495 0.0217610709 -0.0124403993
  vertex -0.0719684735 0.0217588395 -0.0124826534
  endloop
 endfacet

 facet normal -0.951415479 0.21509704 -0.220322058
  outer loop
  vertex -0.0719684735 0.0217588395 -0.0124826534
  vertex -0.0719777495 0.0217610709 -0.0124403993
  vertex -0.0715369284 0.0236676559 -0.0124826534
  endloop
 endfacet

 facet normal -0.925286472 0.209189743 -0.316361606
  outer loop
  vertex -0.0719684735 0.0217588395 -0.0124826534
  vertex -0.0715369284 0.0236676559 -0.0124826534
  vertex -0.0715230033 0.0236676559 -0.0125233708
  endloop
 endfacet

 facet normal -0.507107079 0.856740952 0.09400668
  outer loop
  vertex -0.0715346038 0.0236676559 -0.0105866082
  vertex -0.0715369284 0.0230539478 -0.00500602834
  vertex -0.071506761 0.0230718013 -0.00500602834
  endloop
 endfacet

 facet normal -0.552006364 0.828867853 0.090922758
  outer loop
  vertex -0.0715346038 0.0236676559 -0.0105866082
  vertex -0.0715485215 0.0236676559 -0.0106711155
  vertex -0.0715369284 0.0230539478 -0.00500602834
  endloop
 endfacet

 facet normal -0.877764225 -0.479092836 0.000144558988
  outer loop
  vertex -0.0719336718 0.0214077253 -0.0067630196
  vertex -0.0719313473 0.0214040056 -0.00500602834
  vertex -0.0719475895 0.0214337613 -0.00500602834
  endloop
 endfacet

 facet normal -0.887013614 -0.461743236 -0.000185824552
  outer loop
  vertex -0.0719336718 0.0214077253 -0.0067630196
  vertex -0.0719475895 0.0214337613 -0.00500602834
  vertex -0.0719406307 0.0214233473 -0.012353587
  endloop
 endfacet

 facet normal -0.898916185 -0.438120723 -0.000230583799
  outer loop
  vertex -0.0719406307 0.0214233473 -0.012353587
  vertex -0.0719475895 0.0214337613 -0.00500602834
  vertex -0.0719591901 0.0214575659 -0.00500602834
  endloop
 endfacet

 facet normal -0.963348627 -0.268251956 0.000545392395
  outer loop
  vertex -0.0719684735 0.0214828569 -0.00500602834
  vertex -0.071980074 0.021524515 -0.00500602834
  vertex -0.0719777495 0.0215126127 -0.0067630196
  endloop
 endfacet

 facet normal -0.972403646 -0.233304679 0.000296696002
  outer loop
  vertex -0.0719777495 0.0215126127 -0.0067630196
  vertex -0.071980074 0.021524515 -0.00500602834
  vertex -0.0719847158 0.0215416253 -0.0067630196
  endloop
 endfacet

 facet normal -0.985323608 -0.170696765 0.000216844317
  outer loop
  vertex -0.0719847158 0.0215416253 -0.0067630196
  vertex -0.0719870329 0.0215572454 -0.00500602834
  vertex -0.0719870329 0.021555014 -0.0067630196
  endloop
 endfacet

 facet normal -0.985323608 -0.170696765 -0.00013626882
  outer loop
  vertex -0.0719847158 0.0215416253 -0.0067630196
  vertex -0.0719870329 0.021555014 -0.0067630196
  vertex -0.0719847158 0.0215460882 -0.012353587
  endloop
 endfacet

 facet normal -0.978126168 -0.208011761 0.000558115833
  outer loop
  vertex -0.0719847158 0.0215416253 -0.0067630196
  vertex -0.071980074 0.021524515 -0.00500602834
  vertex -0.0719870329 0.0215572454 -0.00500602834
  endloop
 endfacet

 facet normal -0.987218976 -0.159369856 -0.000155140966
  outer loop
  vertex -0.0719847158 0.0215460882 -0.012353587
  vertex -0.0719870329 0.021555014 -0.0067630196
  vertex -0.0719916746 0.0215892345 -0.0123943044
  endloop
 endfacet

 facet normal -0.98725754 -0.159131244 -0.000153659304
  outer loop
  vertex -0.0719916746 0.0215892345 -0.0123943044
  vertex -0.0719870329 0.021555014 -0.0067630196
  vertex -0.0719986334 0.0216323789 -0.012353587
  endloop
 endfacet

 facet normal -0.992394388 -0.0572737828 -0.108963728
  outer loop
  vertex -0.0719916746 0.0215892345 -0.0123943044
  vertex -0.0719986334 0.0216323789 -0.012353587
  vertex -0.07198935 0.0216308907 -0.0124373268
  endloop
 endfacet

 facet normal -0.992377698 -0.0575760603 -0.108956508
  outer loop
  vertex -0.07198935 0.0216308907 -0.0124373268
  vertex -0.0719986334 0.0216323789 -0.012353587
  vertex -0.0719939917 0.0216323789 -0.0123958411
  endloop
 endfacet

 facet normal -0.99380815 -0.00388768874 -0.111041807
  outer loop
  vertex -0.07198935 0.0216308907 -0.0124373268
  vertex -0.0719939917 0.0216323789 -0.0123958411
  vertex -0.07198935 0.0216747802 -0.0124388626
  endloop
 endfacet

 facet normal -0.994024873 -0.00193164754 -0.109137349
  outer loop
  vertex -0.07198935 0.0216747802 -0.0124388626
  vertex -0.0719939917 0.0216323789 -0.0123958411
  vertex -0.0719986334 0.0216323789 -0.012353587
  endloop
 endfacet

 facet normal -0.994223356 0.00177414902 -0.107316338
  outer loop
  vertex -0.07198935 0.0216747802 -0.0124388626
  vertex -0.0719986334 0.0216323789 -0.012353587
  vertex -0.0719939917 0.0216762684 -0.0123958411
  endloop
 endfacet

 facet normal -0.992826223 0.0495455302 -0.108817503
  outer loop
  vertex -0.07198935 0.0216747802 -0.0124388626
  vertex -0.0719939917 0.0216762684 -0.0123958411
  vertex -0.0719916746 0.0217194129 -0.0123973778
  endloop
 endfacet

 facet normal -0.980922818 0.102532126 -0.165159374
  outer loop
  vertex -0.07198935 0.0216747802 -0.0124388626
  vertex -0.0719916746 0.0217194129 -0.0123973778
  vertex -0.0719847158 0.0217179265 -0.0124396309
  endloop
 endfacet

 facet normal -0.974024057 0.154186338 -0.165842474
  outer loop
  vertex -0.0719847158 0.0217179265 -0.0124396309
  vertex -0.0719916746 0.0217194129 -0.0123973778
  vertex -0.0719777495 0.0217610709 -0.0124403993
  endloop
 endfacet

 facet normal -0.970340788 0.219397306 -0.101507805
  outer loop
  vertex -0.0719777495 0.0217610709 -0.0124403993
  vertex -0.0719916746 0.0217194129 -0.0123973778
  vertex -0.0715508461 0.0236676559 -0.0124004502
  endloop
 endfacet

 facet normal -0.969126642 0.21935761 -0.112587556
  outer loop
  vertex -0.0719777495 0.0217610709 -0.0124403993
  vertex -0.0715508461 0.0236676559 -0.0124004502
  vertex -0.0715462044 0.0236676559 -0.0124403993
  endloop
 endfacet

 facet normal -0.953692019 0.215864047 -0.20946233
  outer loop
  vertex -0.0719777495 0.0217610709 -0.0124403993
  vertex -0.0715462044 0.0236676559 -0.0124403993
  vertex -0.0715369284 0.0236676559 -0.0124826534
  endloop
 endfacet

 facet normal -0.562265337 0.822022676 0.0902022272
  outer loop
  vertex -0.0715369284 0.0230539478 -0.00500602834
  vertex -0.0715485215 0.0236676559 -0.0106711155
  vertex -0.0715717301 0.0230301432 -0.00500602834
  endloop
 endfacet

 facet normal -0.631568611 0.770762086 0.0839472339
  outer loop
  vertex -0.0715485215 0.0236676559 -0.0106711155
  vertex -0.0716134906 0.0229974128 -0.00500602834
  vertex -0.0715926066 0.0230145212 -0.00500602834
  endloop
 endfacet

 facet normal -0.596732736 0.797674835 0.0873211175
  outer loop
  vertex -0.0715485215 0.0236676559 -0.0106711155
  vertex -0.0715926066 0.0230145212 -0.00500602834
  vertex -0.0715717301 0.0230301432 -0.00500602834
  endloop
 endfacet

 facet normal -0.874457777 0.483227342 0.0426025763
  outer loop
  vertex -0.0715485215 0.0236676559 -0.0106711155
  vertex -0.0715531632 0.0236676559 -0.0107663795
  vertex -0.071727179 0.0228449162 -0.00500602834
  endloop
 endfacet

 facet normal -0.86231482 0.504274964 0.0460422561
  outer loop
  vertex -0.0715485215 0.0236676559 -0.0106711155
  vertex -0.071727179 0.0228449162 -0.00500602834
  vertex -0.0716923773 0.0229044259 -0.00500602834
  endloop
 endfacet

 facet normal -0.847416818 0.528597236 0.0496973656
  outer loop
  vertex -0.0715485215 0.0236676559 -0.0106711155
  vertex -0.0716923773 0.0229044259 -0.00500602834
  vertex -0.0716830939 0.0229193047 -0.00500602834
  endloop
 endfacet

 facet normal -0.77597332 0.627463937 0.0644546077
  outer loop
  vertex -0.0715485215 0.0236676559 -0.0106711155
  vertex -0.0716830939 0.0229193047 -0.00500602834
  vertex -0.0716668516 0.0229393896 -0.00500602834
  endloop
 endfacet

 facet normal -0.762880862 0.643085539 0.0667362884
  outer loop
  vertex -0.0715485215 0.0236676559 -0.0106711155
  vertex -0.0716668516 0.0229393896 -0.00500602834
  vertex -0.0716436505 0.022966912 -0.00500602834
  endloop
 endfacet

 facet normal -0.709029794 0.701197088 0.0748286322
  outer loop
  vertex -0.0715485215 0.0236676559 -0.0106711155
  vertex -0.0716436505 0.022966912 -0.00500602834
  vertex -0.0716134906 0.0229974128 -0.00500602834
  endloop
 endfacet

 facet normal -0.988290429 -0.152584389 0.000193835323
  outer loop
  vertex -0.0719870329 0.0215572454 -0.00500602834
  vertex -0.0719986334 0.0216323789 -0.00500602834
  vertex -0.0719870329 0.021555014 -0.0067630196
  endloop
 endfacet

 facet normal -0.988945425 -0.148280516 0
  outer loop
  vertex -0.0719870329 0.021555014 -0.0067630196
  vertex -0.0719986334 0.0216323789 -0.00500602834
  vertex -0.0719986334 0.0216323789 -0.012353587
  endloop
 endfacet

 facet normal -0.997162282 0.0527010821 -0.0537592322
  outer loop
  vertex -0.0719986334 0.0216323789 -0.012353587
  vertex -0.0719963163 0.0216762684 -0.012353587
  vertex -0.0719916746 0.0217194129 -0.0123973778
  endloop
 endfacet

 facet normal -0.997103691 0.0516634248 -0.0558122955
  outer loop
  vertex -0.0719986334 0.0216323789 -0.012353587
  vertex -0.0719916746 0.0217194129 -0.0123973778
  vertex -0.0719939917 0.0216762684 -0.0123958411
  endloop
 endfacet

 facet normal -0.999136806 0.0415401384 0
  outer loop
  vertex -0.0719986334 0.0216323789 -0.012353587
  vertex -0.0719986334 0.0216323789 -0.00500602834
  vertex -0.0719963163 0.0216881707 -0.00500602834
  endloop
 endfacet

 facet normal -0.998606324 0.0527773947 -8.54941682e-05
  outer loop
  vertex -0.0719986334 0.0216323789 -0.012353587
  vertex -0.0719963163 0.0216881707 -0.00500602834
  vertex -0.0719963163 0.0216762684 -0.012353587
  endloop
 endfacet

 facet normal -0.994453847 0.105159067 -0.00178626087
  outer loop
  vertex -0.0719916746 0.0217194129 -0.0123973778
  vertex -0.0719963163 0.0216762684 -0.012353587
  vertex -0.0719916746 0.0217201579 -0.012353587
  endloop
 endfacet

 facet normal -0.986795366 0.161948964 -0.00275091012
  outer loop
  vertex -0.0719916746 0.0217194129 -0.0123973778
  vertex -0.0719916746 0.0217201579 -0.012353587
  vertex -0.0719847158 0.0217625592 -0.012353587
  endloop
 endfacet

 facet normal -0.97347492 0.220168412 -0.0622296222
  outer loop
  vertex -0.0719916746 0.0217194129 -0.0123973778
  vertex -0.0719847158 0.0217625592 -0.012353587
  vertex -0.0715508461 0.0236676559 -0.0124004502
  endloop
 endfacet

 facet normal -0.973967969 0.220519722 -0.0525127798
  outer loop
  vertex -0.0715508461 0.0236676559 -0.0124004502
  vertex -0.0719847158 0.0217625592 -0.012353587
  vertex -0.0715531632 0.0236676559 -0.0123574277
  endloop
 endfacet

 facet normal -0.954647124 0.297739953 0
  outer loop
  vertex -0.0715531632 0.0236676559 -0.0107663795
  vertex -0.0715531632 0.0236676559 -0.0123574277
  vertex -0.0715624467 0.0236379001 -0.0107417954
  endloop
 endfacet

 facet normal -0.951037943 0.308726639 0.0146604795
  outer loop
  vertex -0.0715531632 0.0236676559 -0.0107663795
  vertex -0.0715624467 0.0236379001 -0.0107417954
  vertex -0.0717526972 0.0227794535 -0.00500602834
  endloop
 endfacet

 facet normal -0.946576178 0.322039217 0.0168677345
  outer loop
  vertex -0.0715531632 0.0236676559 -0.0107663795
  vertex -0.0717526972 0.0227794535 -0.00500602834
  vertex -0.0717387795 0.0228203665 -0.00500602834
  endloop
 endfacet

 facet normal -0.903598189 0.42705363 0.0336991176
  outer loop
  vertex -0.0715531632 0.0236676559 -0.0107663795
  vertex -0.0717387795 0.0228203665 -0.00500602834
  vertex -0.071727179 0.0228449162 -0.00500602834
  endloop
 endfacet

 facet normal -0.994455338 0.105159208 -0.000170347543
  outer loop
  vertex -0.0719963163 0.0216762684 -0.012353587
  vertex -0.0719963163 0.0216881707 -0.00500602834
  vertex -0.0719916746 0.0217201579 -0.012353587
  endloop
 endfacet

 facet normal -0.991183519 0.132495612 -4.92729196e-05
  outer loop
  vertex -0.0719963163 0.0216881707 -0.00500602834
  vertex -0.07198935 0.0217402428 -0.00500602834
  vertex -0.0719916746 0.0217201579 -0.012353587
  endloop
 endfacet

 facet normal -0.986799121 0.161949575 -0.000131171168
  outer loop
  vertex -0.0719916746 0.0217201579 -0.012353587
  vertex -0.07198935 0.0217402428 -0.00500602834
  vertex -0.0719847158 0.0217625592 -0.012353587
  endloop
 endfacet

 facet normal -0.979068696 0.20352985 0
  outer loop
  vertex -0.0719847158 0.0217625592 -0.012353587
  vertex -0.07198935 0.0217402428 -0.00500602834
  vertex -0.0719847158 0.0217625592 -0.00500602834
  endloop
 endfacet

 facet normal -0.975574672 0.219668195 0
  outer loop
  vertex -0.0719847158 0.0217625592 -0.012353587
  vertex -0.0719847158 0.0217625592 -0.00500602834
  vertex -0.0715624467 0.0236379001 -0.0107417954
  endloop
 endfacet

 facet normal -0.975290298 0.220922038 -0.00153335277
  outer loop
  vertex -0.0719847158 0.0217625592 -0.012353587
  vertex -0.0715624467 0.0236379001 -0.0107417954
  vertex -0.0715531632 0.0236676559 -0.0123574277
  endloop
 endfacet

 facet normal -0.975262165 0.221050665 0.000475017703
  outer loop
  vertex -0.0715624467 0.0236379001 -0.0107417954
  vertex -0.0719847158 0.0217625592 -0.00500602834
  vertex -0.0718199834 0.0224893373 -0.00500602834
  endloop
 endfacet

 facet normal -0.975258768 0.221065968 0.000478231552
  outer loop
  vertex -0.0715624467 0.0236379001 -0.0107417954
  vertex -0.0718199834 0.0224893373 -0.00500602834
  vertex -0.0717619807 0.0227452349 -0.00500602834
  endloop
 endfacet

 facet normal -0.965111136 0.26174283 0.00716183335
  outer loop
  vertex -0.0715624467 0.0236379001 -0.0107417954
  vertex -0.0717619807 0.0227452349 -0.00500602834
  vertex -0.0717526972 0.0227794535 -0.00500602834
  endloop
 endfacet

endsolid AssimpScene
