solid AssimpScene
 facet normal 0.395652354 0.0933691263 -0.91364187
  outer loop
  vertex -0.0440355316 -0.0236676559 -0.00500635616
  vertex -0.0422720723 -0.029181866 -0.00480621308
  vertex -0.0439328626 -0.0241027065 -0.00500635616
  endloop
 endfacet

 facet normal 0.363353193 0.085746929 -0.927697122
  outer loop
  vertex -0.0440355316 -0.0236676559 -0.00500635616
  vertex -0.0439328626 -0.0241027065 -0.00500635616
  vertex -0.0456147939 -0.0236676559 -0.00562490895
  endloop
 endfacet

 facet normal 0 1 0
  outer loop
  vertex -0.0440355316 -0.0236676559 -0.00500635616
  vertex -0.0456147939 -0.0236676559 -0.00562490895
  vertex -0.0495493598 -0.0236676559 -0.00716144033
  endloop
 endfacet

 facet normal 0 1 0
  outer loop
  vertex -0.0440355316 -0.0236676559 -0.00500635616
  vertex -0.0495493598 -0.0236676559 -0.00716144033
  vertex -0.0517053679 -0.0236676559 -0.0080014104
  endloop
 endfacet

 facet normal 0 1 0
  outer loop
  vertex -0.0440355316 -0.0236676559 -0.00500635616
  vertex -0.0517053679 -0.0236676559 -0.0080014104
  vertex -0.0678391978 -0.0236676559 -0.012063371
  endloop
 endfacet

 facet normal 0 1 0
  outer loop
  vertex -0.0440355316 -0.0236676559 -0.00500635616
  vertex -0.0678391978 -0.0236676559 -0.012063371
  vertex -0.0709161907 -0.0236676559 -0.0128379399
  endloop
 endfacet

 facet normal 0 1 0
  outer loop
  vertex -0.0440355316 -0.0236676559 -0.00500635616
  vertex -0.0709161907 -0.0236676559 -0.0128379399
  vertex -0.0709584653 -0.0236676559 -0.0128473956
  endloop
 endfacet

 facet normal 0 1 0
  outer loop
  vertex -0.0440355316 -0.0236676559 -0.00500635616
  vertex -0.0709584653 -0.0236676559 -0.0128473956
  vertex -0.0709765851 -0.0236676559 -0.0128497602
  endloop
 endfacet

 facet normal 0 1 0
  outer loop
  vertex -0.0440355316 -0.0236676559 -0.00500635616
  vertex -0.0709765851 -0.0236676559 -0.0128497602
  vertex -0.0710037649 -0.0236676559 -0.0128529109
  endloop
 endfacet

 facet normal 0 1 0
  outer loop
  vertex -0.0440355316 -0.0236676559 -0.00500635616
  vertex -0.0710037649 -0.0236676559 -0.0128529109
  vertex -0.0710460395 -0.0236676559 -0.0128544867
  endloop
 endfacet

 facet normal 0 1 0
  outer loop
  vertex -0.0440355316 -0.0236676559 -0.00500635616
  vertex -0.0710460395 -0.0236676559 -0.0128544867
  vertex -0.0710883141 -0.0236676559 -0.0128513351
  endloop
 endfacet

 facet normal 0 1 0
  outer loop
  vertex -0.0440355316 -0.0236676559 -0.00500635616
  vertex -0.0710883141 -0.0236676559 -0.0128513351
  vertex -0.0711336061 -0.0236676559 -0.0128458198
  endloop
 endfacet

 facet normal 0 1 0
  outer loop
  vertex -0.0440355316 -0.0236676559 -0.00500635616
  vertex -0.0711336061 -0.0236676559 -0.0128458198
  vertex -0.0711788982 -0.0236676559 -0.0128355762
  endloop
 endfacet

 facet normal 0 1 0
  outer loop
  vertex -0.0440355316 -0.0236676559 -0.00500635616
  vertex -0.0711788982 -0.0236676559 -0.0128355762
  vertex -0.0712181553 -0.0236676559 -0.012822181
  endloop
 endfacet

 facet normal 0 1 0
  outer loop
  vertex -0.0440355316 -0.0236676559 -0.00500635616
  vertex -0.0712181553 -0.0236676559 -0.012822181
  vertex -0.0712604299 -0.0236676559 -0.0128048463
  endloop
 endfacet

 facet normal 0 1 0
  outer loop
  vertex -0.0440355316 -0.0236676559 -0.00500635616
  vertex -0.0712604299 -0.0236676559 -0.0128048463
  vertex -0.071299687 -0.0236676559 -0.0127859339
  endloop
 endfacet

 facet normal 0 1 0
  outer loop
  vertex -0.0440355316 -0.0236676559 -0.00500635616
  vertex -0.071299687 -0.0236676559 -0.0127859339
  vertex -0.0713359192 -0.0236676559 -0.0127615081
  endloop
 endfacet

 facet normal 0 1 0
  outer loop
  vertex -0.0440355316 -0.0236676559 -0.00500635616
  vertex -0.0713359192 -0.0236676559 -0.0127615081
  vertex -0.0713872537 -0.0236676559 -0.0127228973
  endloop
 endfacet

 facet normal 0 1 0
  outer loop
  vertex -0.0440355316 -0.0236676559 -0.00500635616
  vertex -0.0713872537 -0.0236676559 -0.0127228973
  vertex -0.0714174509 -0.0236676559 -0.0126921665
  endloop
 endfacet

 facet normal 0 1 0
  outer loop
  vertex -0.0440355316 -0.0236676559 -0.00500635616
  vertex -0.0714174509 -0.0236676559 -0.0126921665
  vertex -0.0714476481 -0.0236676559 -0.0126590719
  endloop
 endfacet

 facet normal 0 1 0
  outer loop
  vertex -0.0440355316 -0.0236676559 -0.00500635616
  vertex -0.0714476481 -0.0236676559 -0.0126590719
  vertex -0.0714869052 -0.0236676559 -0.0126023386
  endloop
 endfacet

 facet normal 0 1 0
  outer loop
  vertex -0.0440355316 -0.0236676559 -0.00500635616
  vertex -0.0714869052 -0.0236676559 -0.0126023386
  vertex -0.0715140775 -0.0236676559 -0.012547181
  endloop
 endfacet

 facet normal 0 1 0
  outer loop
  vertex -0.0440355316 -0.0236676559 -0.00500635616
  vertex -0.0715140775 -0.0236676559 -0.012547181
  vertex -0.0715231374 -0.0236676559 -0.0125203906
  endloop
 endfacet

 facet normal 0 1 0
  outer loop
  vertex -0.0440355316 -0.0236676559 -0.00500635616
  vertex -0.0715231374 -0.0236676559 -0.0125203906
  vertex -0.0715412572 -0.0236676559 -0.0124636563
  endloop
 endfacet

 facet normal 0 1 0
  outer loop
  vertex -0.0440355316 -0.0236676559 -0.00500635616
  vertex -0.0715412572 -0.0236676559 -0.0124636563
  vertex -0.0715472922 -0.0236676559 -0.0124392305
  endloop
 endfacet

 facet normal 0 1 0
  outer loop
  vertex -0.0440355316 -0.0236676559 -0.00500635616
  vertex -0.0715472922 -0.0236676559 -0.0124392305
  vertex -0.0715503171 -0.0236676559 -0.0124226827
  endloop
 endfacet

 facet normal 0 1 0
  outer loop
  vertex -0.0440355316 -0.0236676559 -0.00500635616
  vertex -0.0715503171 -0.0236676559 -0.0124226827
  vertex -0.0715533346 -0.0236676559 -0.0123966802
  endloop
 endfacet

 facet normal 0 1 0
  outer loop
  vertex -0.0440355316 -0.0236676559 -0.00500635616
  vertex -0.0715533346 -0.0236676559 -0.0123966802
  vertex -0.0715533346 -0.0236676559 -0.0107049188
  endloop
 endfacet

 facet normal 0 1 0
  outer loop
  vertex -0.0440355316 -0.0236676559 -0.00500635616
  vertex -0.0715533346 -0.0236676559 -0.0107049188
  vertex -0.0715472922 -0.0236676559 -0.0106607927
  endloop
 endfacet

 facet normal 0 1 0
  outer loop
  vertex -0.0440355316 -0.0236676559 -0.00500635616
  vertex -0.0715472922 -0.0236676559 -0.0106607927
  vertex -0.0715412572 -0.0236676559 -0.0106174545
  endloop
 endfacet

 facet normal 0 1 0
  outer loop
  vertex -0.0440355316 -0.0236676559 -0.00500635616
  vertex -0.0715412572 -0.0236676559 -0.0106174545
  vertex -0.0715291798 -0.0236676559 -0.0105686001
  endloop
 endfacet

 facet normal 0 1 0
  outer loop
  vertex -0.0440355316 -0.0236676559 -0.00500635616
  vertex -0.0715291798 -0.0236676559 -0.0105686001
  vertex -0.0715171024 -0.0236676559 -0.0105228992
  endloop
 endfacet

 facet normal 0 1 0
  outer loop
  vertex -0.0440355316 -0.0236676559 -0.00500635616
  vertex -0.0715171024 -0.0236676559 -0.0105228992
  vertex -0.0714989826 -0.0236676559 -0.0104779853
  endloop
 endfacet

 facet normal 0 1 0
  outer loop
  vertex -0.0440355316 -0.0236676559 -0.00500635616
  vertex -0.0714989826 -0.0236676559 -0.0104779853
  vertex -0.0714808628 -0.0236676559 -0.010435435
  endloop
 endfacet

 facet normal 0 1 0
  outer loop
  vertex -0.0440355316 -0.0236676559 -0.00500635616
  vertex -0.0714808628 -0.0236676559 -0.010435435
  vertex -0.0714597255 -0.0236676559 -0.0103984009
  endloop
 endfacet

 facet normal 0 1 0
  outer loop
  vertex -0.0440355316 -0.0236676559 -0.00500635616
  vertex -0.0714597255 -0.0236676559 -0.0103984009
  vertex -0.0714325458 -0.0236676559 -0.0103574265
  endloop
 endfacet

 facet normal 0 1 0
  outer loop
  vertex -0.0440355316 -0.0236676559 -0.00500635616
  vertex -0.0714325458 -0.0236676559 -0.0103574265
  vertex -0.0714053735 -0.0236676559 -0.0103211803
  endloop
 endfacet

 facet normal 0 1 0
  outer loop
  vertex -0.0440355316 -0.0236676559 -0.00500635616
  vertex -0.0714053735 -0.0236676559 -0.0103211803
  vertex -0.0713781938 -0.0236676559 -0.010287297
  endloop
 endfacet

 facet normal 0 1 0
  outer loop
  vertex -0.0440355316 -0.0236676559 -0.00500635616
  vertex -0.0713781938 -0.0236676559 -0.010287297
  vertex -0.0713329017 -0.0236676559 -0.010249475
  endloop
 endfacet

 facet normal 0 1 0
  outer loop
  vertex -0.0440355316 -0.0236676559 -0.00500635616
  vertex -0.0713329017 -0.0236676559 -0.010249475
  vertex -0.071299687 -0.0236676559 -0.0102250483
  endloop
 endfacet

 facet normal 0 1 0
  outer loop
  vertex -0.0440355316 -0.0236676559 -0.00500635616
  vertex -0.071299687 -0.0236676559 -0.0102250483
  vertex -0.0712785497 -0.0236676559 -0.0102140168
  endloop
 endfacet

 facet normal 0 1 0
  outer loop
  vertex -0.0440355316 -0.0236676559 -0.00500635616
  vertex -0.0712785497 -0.0236676559 -0.0102140168
  vertex -0.0712423101 -0.0236676559 -0.0101982579
  endloop
 endfacet

 facet normal 0 1 0
  outer loop
  vertex -0.0440355316 -0.0236676559 -0.00500635616
  vertex -0.0712423101 -0.0236676559 -0.0101982579
  vertex -0.0712060779 -0.0236676559 -0.0101856496
  endloop
 endfacet

 facet normal 0 1 0
  outer loop
  vertex -0.0440355316 -0.0236676559 -0.00500635616
  vertex -0.0712060779 -0.0236676559 -0.0101856496
  vertex -0.0495523773 -0.0236676559 -0.00500635616
  endloop
 endfacet

 facet normal 0 0.0766240358 0.997060061
  outer loop
  vertex -0.0440355316 -0.0236676559 -0.00500635616
  vertex -0.0495523773 -0.0236676559 -0.00500635616
  vertex -0.0484502167 -0.0262822453 -0.00480542518
  endloop
 endfacet

 facet normal 0 0.0766240358 0.997060061
  outer loop
  vertex -0.0440355316 -0.0236676559 -0.00500635616
  vertex -0.0484502167 -0.0262822453 -0.00480542518
  vertex -0.0468105637 -0.0262822453 -0.00480542518
  endloop
 endfacet

 facet normal 0.0293189771 0.0456187613 0.9985286
  outer loop
  vertex -0.0440355316 -0.0236676559 -0.00500635616
  vertex -0.0468105637 -0.0262822453 -0.00480542518
  vertex -0.0422720723 -0.029181866 -0.00480621308
  endloop
 endfacet

 facet normal 0.0180059522 0.00431125565 0.999828577
  outer loop
  vertex -0.0422720723 -0.029181866 -0.00480621308
  vertex -0.0407924578 -0.0357269086 -0.00480463728
  vertex -0.0407139473 -0.0360548049 -0.00480463728
  endloop
 endfacet

 facet normal 0.362728179 0.0820191875 -0.928278565
  outer loop
  vertex -0.0422720723 -0.029181866 -0.00480621308
  vertex -0.0407139473 -0.0360548049 -0.00480463728
  vertex -0.0465357788 -0.0262801014 -0.00621588156
  endloop
 endfacet

 facet normal 0.362733692 0.0820287019 -0.928275585
  outer loop
  vertex -0.0422720723 -0.029181866 -0.00480621308
  vertex -0.0465357788 -0.0262801014 -0.00621588156
  vertex -0.0439328626 -0.0241027065 -0.00500635616
  endloop
 endfacet

 facet normal 0.000382689264 0.000327268383 0.99999994
  outer loop
  vertex -0.0422720723 -0.029181866 -0.00480621308
  vertex -0.0468105637 -0.0262822453 -0.00480542518
  vertex -0.0407924578 -0.0357269086 -0.00480463728
  endloop
 endfacet

 facet normal 0.362644255 0.0821491107 -0.928299904
  outer loop
  vertex -0.0439328626 -0.0241027065 -0.00500635616
  vertex -0.0465357788 -0.0262801014 -0.00621588156
  vertex -0.0456147939 -0.0236676559 -0.00562490895
  endloop
 endfacet

 facet normal 0.362535715 0.082196027 -0.92833817
  outer loop
  vertex -0.0456147939 -0.0236676559 -0.00562490895
  vertex -0.0465357788 -0.0262801014 -0.00621588156
  vertex -0.0495493598 -0.0236676559 -0.00716144033
  endloop
 endfacet

 facet normal -0.161968753 0.00755623169 0.986766934
  outer loop
  vertex -0.0495523773 -0.0236676559 -0.00500635616
  vertex -0.0490631983 -0.0395244919 -0.00480463728
  vertex -0.0484502167 -0.0262822453 -0.00480542518
  endloop
 endfacet

 facet normal -0.232065648 0.0693478435 0.970224977
  outer loop
  vertex -0.0495523773 -0.0236676559 -0.00500635616
  vertex -0.0712060779 -0.0236676559 -0.0101856496
  vertex -0.0669031218 -0.0439392887 -0.00770749943
  endloop
 endfacet

 facet normal -0.216553986 0.0554758385 0.974693239
  outer loop
  vertex -0.0495523773 -0.0236676559 -0.00500635616
  vertex -0.0669031218 -0.0439392887 -0.00770749943
  vertex -0.0669151992 -0.0439864397 -0.00770749943
  endloop
 endfacet

 facet normal -0.189424977 0.0314028971 0.98139286
  outer loop
  vertex -0.0495523773 -0.0236676559 -0.00500635616
  vertex -0.0669151992 -0.0439864397 -0.00770749943
  vertex -0.0669212341 -0.0440228693 -0.00770749943
  endloop
 endfacet

 facet normal -0.162293136 0.00754554896 0.986713767
  outer loop
  vertex -0.0495523773 -0.0236676559 -0.00500635616
  vertex -0.0669212341 -0.0440228693 -0.00770749943
  vertex -0.0490631983 -0.0395244919 -0.00480463728
  endloop
 endfacet

 facet normal 0 8.34202947e-05 1
  outer loop
  vertex -0.0468105637 -0.0262822453 -0.00480542518
  vertex -0.0484502167 -0.0262822453 -0.00480542518
  vertex -0.0463093072 -0.0357269086 -0.00480463728
  endloop
 endfacet

 facet normal 0 8.34202947e-05 1
  outer loop
  vertex -0.0468105637 -0.0262822453 -0.00480542518
  vertex -0.0463093072 -0.0357269086 -0.00480463728
  vertex -0.0407924578 -0.0357269086 -0.00480463728
  endloop
 endfacet

 facet normal 0 0 1
  outer loop
  vertex -0.0407924578 -0.0357269086 -0.00480463728
  vertex -0.0463093072 -0.0357269086 -0.00480463728
  vertex -0.0490631983 -0.0395244919 -0.00480463728
  endloop
 endfacet

 facet normal 0 0 1
  outer loop
  vertex -0.0407924578 -0.0357269086 -0.00480463728
  vertex -0.0490631983 -0.0395244919 -0.00480463728
  vertex -0.0449927524 -0.0395244919 -0.00480463728
  endloop
 endfacet

 facet normal 0 0 1
  outer loop
  vertex -0.0407924578 -0.0357269086 -0.00480463728
  vertex -0.0449927524 -0.0395244919 -0.00480463728
  vertex -0.0416439921 -0.0372163691 -0.00480463728
  endloop
 endfacet

 facet normal 0 0 1
  outer loop
  vertex -0.0407924578 -0.0357269086 -0.00480463728
  vertex -0.0416439921 -0.0372163691 -0.00480463728
  vertex -0.041550383 -0.0371499322 -0.00480463728
  endloop
 endfacet

 facet normal 0 0 1
  outer loop
  vertex -0.0407924578 -0.0357269086 -0.00480463728
  vertex -0.041550383 -0.0371499322 -0.00480463728
  vertex -0.041468855 -0.0370899253 -0.00480463728
  endloop
 endfacet

 facet normal 0 0 1
  outer loop
  vertex -0.0407924578 -0.0357269086 -0.00480463728
  vertex -0.041468855 -0.0370899253 -0.00480463728
  vertex -0.0413359888 -0.0369849131 -0.00480463728
  endloop
 endfacet

 facet normal 0 0 1
  outer loop
  vertex -0.0407924578 -0.0357269086 -0.00480463728
  vertex -0.0413359888 -0.0369849131 -0.00480463728
  vertex -0.0412514396 -0.0369099043 -0.00480463728
  endloop
 endfacet

 facet normal 0 0 1
  outer loop
  vertex -0.0407924578 -0.0357269086 -0.00480463728
  vertex -0.0412514396 -0.0369099043 -0.00480463728
  vertex -0.0411034785 -0.0367706008 -0.00480463728
  endloop
 endfacet

 facet normal 0 0 1
  outer loop
  vertex -0.0407924578 -0.0357269086 -0.00480463728
  vertex -0.0411034785 -0.0367706008 -0.00480463728
  vertex -0.0410159118 -0.0366741605 -0.00480463728
  endloop
 endfacet

 facet normal 0 0 1
  outer loop
  vertex -0.0407924578 -0.0357269086 -0.00480463728
  vertex -0.0410159118 -0.0366741605 -0.00480463728
  vertex -0.0409645773 -0.0366162993 -0.00480463728
  endloop
 endfacet

 facet normal 0 0 1
  outer loop
  vertex -0.0407924578 -0.0357269086 -0.00480463728
  vertex -0.0409645773 -0.0366162993 -0.00480463728
  vertex -0.0408890881 -0.036519859 -0.00480463728
  endloop
 endfacet

 facet normal 0 0 1
  outer loop
  vertex -0.0407924578 -0.0357269086 -0.00480463728
  vertex -0.0408890881 -0.036519859 -0.00480463728
  vertex -0.0408437923 -0.0364555642 -0.00480463728
  endloop
 endfacet

 facet normal 0 0 1
  outer loop
  vertex -0.0407924578 -0.0357269086 -0.00480463728
  vertex -0.0408437923 -0.0364555642 -0.00480463728
  vertex -0.0407713205 -0.0363312662 -0.00480463728
  endloop
 endfacet

 facet normal 0 0 1
  outer loop
  vertex -0.0407924578 -0.0357269086 -0.00480463728
  vertex -0.0407713205 -0.0363312662 -0.00480463728
  vertex -0.0407532044 -0.0362926871 -0.00480463728
  endloop
 endfacet

 facet normal 0 0 1
  outer loop
  vertex -0.0407924578 -0.0357269086 -0.00480463728
  vertex -0.0407532044 -0.0362926871 -0.00480463728
  vertex -0.0407381058 -0.0362541117 -0.00480463728
  endloop
 endfacet

 facet normal 0 0 1
  outer loop
  vertex -0.0407924578 -0.0357269086 -0.00480463728
  vertex -0.0407381058 -0.0362541117 -0.00480463728
  vertex -0.0407230072 -0.0362069644 -0.00480463728
  endloop
 endfacet

 facet normal 0 0 1
  outer loop
  vertex -0.0407924578 -0.0357269086 -0.00480463728
  vertex -0.0407230072 -0.0362069644 -0.00480463728
  vertex -0.0407048911 -0.0360998102 -0.00480463728
  endloop
 endfacet

 facet normal 0 0 1
  outer loop
  vertex -0.0407924578 -0.0357269086 -0.00480463728
  vertex -0.0407048911 -0.0360998102 -0.00480463728
  vertex -0.0407139473 -0.0360548049 -0.00480463728
  endloop
 endfacet

 facet normal 0.367364943 0.073947534 -0.927132547
  outer loop
  vertex -0.0407139473 -0.0360548049 -0.00480463728
  vertex -0.0407048911 -0.0360998102 -0.00480463728
  vertex -0.0471457429 -0.0404974632 -0.00770749943
  endloop
 endfacet

 facet normal 0.362557381 0.0817173868 -0.928371906
  outer loop
  vertex -0.0407139473 -0.0360548049 -0.00480463728
  vertex -0.0471457429 -0.0404974632 -0.00770749943
  vertex -0.0478613898 -0.0395244919 -0.00790133979
  endloop
 endfacet

 facet normal 0.362492025 0.081863232 -0.928384542
  outer loop
  vertex -0.0407139473 -0.0360548049 -0.00480463728
  vertex -0.0478613898 -0.0395244919 -0.00790133979
  vertex -0.0465357788 -0.0262801014 -0.00621588156
  endloop
 endfacet

 facet normal 0.3623074 0.0818905979 -0.92845428
  outer loop
  vertex -0.0465357788 -0.0262801014 -0.00621588156
  vertex -0.0478613898 -0.0395244919 -0.00790133979
  vertex -0.0495493598 -0.0236676559 -0.00716144033
  endloop
 endfacet

 facet normal 0.361988962 0.0818626136 -0.92858094
  outer loop
  vertex -0.0495493598 -0.0236676559 -0.00716144033
  vertex -0.0478613898 -0.0395244919 -0.00790133979
  vertex -0.0503706969 -0.0295547657 -0.0080006225
  endloop
 endfacet

 facet normal 0.361798227 0.0818993598 -0.928651989
  outer loop
  vertex -0.0495493598 -0.0236676559 -0.00716144033
  vertex -0.0503706969 -0.0295547657 -0.0080006225
  vertex -0.0517053679 -0.0236676559 -0.0080014104
  endloop
 endfacet

 facet normal -0.060958162 -0.286262125 0.956210315
  outer loop
  vertex -0.0490631983 -0.0395244919 -0.00480463728
  vertex -0.0663384497 -0.0455423295 -0.00770749943
  vertex -0.0663082525 -0.0455487594 -0.00770749943
  endloop
 endfacet

 facet normal -0.0590306744 -0.29112947 0.954860806
  outer loop
  vertex -0.0490631983 -0.0395244919 -0.00480463728
  vertex -0.0663082525 -0.0455487594 -0.00770749943
  vertex -0.0662659779 -0.0455573313 -0.00770749943
  endloop
 endfacet

 facet normal -0.0354369208 -0.349466264 0.936278582
  outer loop
  vertex -0.0490631983 -0.0395244919 -0.00480463728
  vertex -0.0662659779 -0.0455573313 -0.00770749943
  vertex -0.0662237033 -0.0455616191 -0.00770749943
  endloop
 endfacet

 facet normal 0 -0.433342665 0.901229322
  outer loop
  vertex -0.0490631983 -0.0395244919 -0.00480463728
  vertex -0.0662237033 -0.0455616191 -0.00770749943
  vertex -0.0449927524 -0.0395244919 -0.00480463728
  endloop
 endfacet

 facet normal -8.764019e-05 6.35540564e-05 1
  outer loop
  vertex -0.0490631983 -0.0395244919 -0.00480463728
  vertex -0.0463093072 -0.0357269086 -0.00480463728
  vertex -0.0484502167 -0.0262822453 -0.00480542518
  endloop
 endfacet

 facet normal -0.160446241 0 0.987044692
  outer loop
  vertex -0.0490631983 -0.0395244919 -0.00480463728
  vertex -0.0669212341 -0.0440228693 -0.00770749943
  vertex -0.0669212341 -0.0441171676 -0.00770749943
  endloop
 endfacet

 facet normal -0.157652229 -0.011109164 0.987432182
  outer loop
  vertex -0.0490631983 -0.0395244919 -0.00480463728
  vertex -0.0669212341 -0.0441171676 -0.00770749943
  vertex -0.0669182166 -0.0441600308 -0.00770749943
  endloop
 endfacet

 facet normal -0.153569266 -0.0270457976 0.987767696
  outer loop
  vertex -0.0490631983 -0.0395244919 -0.00480463728
  vertex -0.0669182166 -0.0441600308 -0.00770749943
  vertex -0.0669121742 -0.0441943184 -0.00770749943
  endloop
 endfacet

 facet normal -0.151698887 -0.0342357717 0.987833679
  outer loop
  vertex -0.0490631983 -0.0395244919 -0.00480463728
  vertex -0.0669121742 -0.0441943184 -0.00770749943
  vertex -0.0666887239 -0.0451844335 -0.00770749943
  endloop
 endfacet

 facet normal -0.147325099 -0.0479042046 0.987927377
  outer loop
  vertex -0.0490631983 -0.0395244919 -0.00480463728
  vertex -0.0666887239 -0.0451844335 -0.00770749943
  vertex -0.066679664 -0.0452122949 -0.00770749943
  endloop
 endfacet

 facet normal -0.146166548 -0.0514883064 0.987919211
  outer loop
  vertex -0.0490631983 -0.0395244919 -0.00480463728
  vertex -0.066679664 -0.0452122949 -0.00770749943
  vertex -0.0666675866 -0.0452465825 -0.00770749943
  endloop
 endfacet

 facet normal -0.142301172 -0.0633179322 0.987796068
  outer loop
  vertex -0.0490631983 -0.0395244919 -0.00480463728
  vertex -0.0666675866 -0.0452465825 -0.00770749943
  vertex -0.0666494668 -0.0452872999 -0.00770749943
  endloop
 endfacet

 facet normal -0.138956532 -0.0734126493 0.987573624
  outer loop
  vertex -0.0490631983 -0.0395244919 -0.00480463728
  vertex -0.0666494668 -0.0452872999 -0.00770749943
  vertex -0.0666404143 -0.0453044474 -0.00770749943
  endloop
 endfacet

 facet normal -0.135194838 -0.0846622884 0.987195432
  outer loop
  vertex -0.0490631983 -0.0395244919 -0.00480463728
  vertex -0.0666404143 -0.0453044474 -0.00770749943
  vertex -0.0666162521 -0.0453430228 -0.00770749943
  endloop
 endfacet

 facet normal -0.130202413 -0.0993737429 0.986494958
  outer loop
  vertex -0.0490631983 -0.0395244919 -0.00480463728
  vertex -0.0666162521 -0.0453430228 -0.00770749943
  vertex -0.0665770024 -0.0453944579 -0.00770749943
  endloop
 endfacet

 facet normal -0.122440979 -0.121779829 0.984976053
  outer loop
  vertex -0.0490631983 -0.0395244919 -0.00480463728
  vertex -0.0665770024 -0.0453944579 -0.00770749943
  vertex -0.0665407628 -0.0454308875 -0.00770749943
  endloop
 endfacet

 facet normal -0.11643485 -0.138803199 0.983451486
  outer loop
  vertex -0.0490631983 -0.0395244919 -0.00480463728
  vertex -0.0665407628 -0.0454308875 -0.00770749943
  vertex -0.0665075481 -0.0454587527 -0.00770749943
  endloop
 endfacet

 facet normal -0.110422701 -0.155586094 0.981631219
  outer loop
  vertex -0.0490631983 -0.0395244919 -0.00480463728
  vertex -0.0665075481 -0.0454587527 -0.00770749943
  vertex -0.0664713159 -0.0454844683 -0.00770749943
  endloop
 endfacet

 facet normal -0.0979389697 -0.189760953 0.97693342
  outer loop
  vertex -0.0490631983 -0.0395244919 -0.00480463728
  vertex -0.0664713159 -0.0454844683 -0.00770749943
  vertex -0.0664380938 -0.0455016121 -0.00770749943
  endloop
 endfacet

 facet normal -0.0943564624 -0.199411929 0.97536242
  outer loop
  vertex -0.0490631983 -0.0395244919 -0.00480463728
  vertex -0.0664380938 -0.0455016121 -0.00770749943
  vertex -0.0663928017 -0.0455230437 -0.00770749943
  endloop
 endfacet

 facet normal -0.0821930021 -0.231630266 0.969325423
  outer loop
  vertex -0.0490631983 -0.0395244919 -0.00480463728
  vertex -0.0663928017 -0.0455230437 -0.00770749943
  vertex -0.0663384497 -0.0455423295 -0.00770749943
  endloop
 endfacet

 facet normal -0.32827732 0.0457597673 0.943472326
  outer loop
  vertex -0.0712060779 -0.0236676559 -0.0101856496
  vertex -0.0712423101 -0.0236676559 -0.0101982579
  vertex -0.0669212341 -0.0440228693 -0.00770749943
  endloop
 endfacet

 facet normal -0.307434946 0.0509666018 0.95020318
  outer loop
  vertex -0.0712060779 -0.0236676559 -0.0101856496
  vertex -0.0669212341 -0.0440228693 -0.00770749943
  vertex -0.0669151992 -0.0439864397 -0.00770749943
  endloop
 endfacet

 facet normal -0.251982868 0.0645518452 0.965576351
  outer loop
  vertex -0.0712060779 -0.0236676559 -0.0101856496
  vertex -0.0669151992 -0.0439864397 -0.00770749943
  vertex -0.0669031218 -0.0439392887 -0.00770749943
  endloop
 endfacet

 facet normal -0.398679912 0.0275356006 0.916676641
  outer loop
  vertex -0.0669212341 -0.0440228693 -0.00770749943
  vertex -0.0712423101 -0.0236676559 -0.0101982579
  vertex -0.0712785497 -0.0236676559 -0.0102140168
  endloop
 endfacet

 facet normal -0.462639123 0.0101269884 0.886488914
  outer loop
  vertex -0.0669212341 -0.0440228693 -0.00770749943
  vertex -0.0712785497 -0.0236676559 -0.0102140168
  vertex -0.071299687 -0.0236676559 -0.0102250483
  endloop
 endfacet

 facet normal -0.49846226 0 0.866911411
  outer loop
  vertex -0.0669212341 -0.0440228693 -0.00770749943
  vertex -0.071299687 -0.0236676559 -0.0102250483
  vertex -0.0669212341 -0.0441171676 -0.00770749943
  endloop
 endfacet

 facet normal 0.453612655 -0.0766986683 -0.887892365
  outer loop
  vertex -0.0407048911 -0.0360998102 -0.00480463728
  vertex -0.0407230072 -0.0362069644 -0.00480463728
  vertex -0.0456117727 -0.0395244919 -0.00701566646
  endloop
 endfacet

 facet normal 0.437757373 -0.0475625619 -0.897834241
  outer loop
  vertex -0.0407048911 -0.0360998102 -0.00480463728
  vertex -0.0456117727 -0.0395244919 -0.00701566646
  vertex -0.0471457429 -0.0405831859 -0.00770749943
  endloop
 endfacet

 facet normal 0.428277373 -0.0305134039 -0.903131962
  outer loop
  vertex -0.0407048911 -0.0360998102 -0.00480463728
  vertex -0.0471457429 -0.0405831859 -0.00770749943
  vertex -0.0477677844 -0.0409646593 -0.00798959192
  endloop
 endfacet

 facet normal 0.38908276 0.0377152823 -0.920430422
  outer loop
  vertex -0.0407048911 -0.0360998102 -0.00480463728
  vertex -0.0477677844 -0.0409646593 -0.00798959192
  vertex -0.0471457429 -0.0404974632 -0.00770749943
  endloop
 endfacet

 facet normal 0.374858707 0.059515316 -0.925169766
  outer loop
  vertex -0.0471457429 -0.0404974632 -0.00770749943
  vertex -0.0477677844 -0.0409646593 -0.00798959192
  vertex -0.0477949604 -0.040928226 -0.00799825974
  endloop
 endfacet

 facet normal 0.37341845 0.0619701669 -0.925590873
  outer loop
  vertex -0.0471457429 -0.0404974632 -0.00770749943
  vertex -0.0477949604 -0.040928226 -0.00799825974
  vertex -0.0478009991 -0.0409153663 -0.0079998346
  endloop
 endfacet

 facet normal 0.362273544 0.081482403 -0.928503454
  outer loop
  vertex -0.0471457429 -0.0404974632 -0.00770749943
  vertex -0.0478009991 -0.0409153663 -0.0079998346
  vertex -0.0478613898 -0.0395244919 -0.00790133979
  endloop
 endfacet

 facet normal 0.360386133 0.0814526305 -0.929240286
  outer loop
  vertex -0.0478613898 -0.0395244919 -0.00790133979
  vertex -0.0478009991 -0.0409153663 -0.0079998346
  vertex -0.0503706969 -0.0295547657 -0.0080006225
  endloop
 endfacet

 facet normal 0.270794213 0.0611853227 -0.960690916
  outer loop
  vertex -0.0503706969 -0.0295547657 -0.0080006225
  vertex -0.0478009991 -0.0409153663 -0.0079998346
  vertex -0.0481180586 -0.0395244919 -0.0080006225
  endloop
 endfacet

 facet normal 0.245876044 0.0555551164 -0.967707872
  outer loop
  vertex -0.0503706969 -0.0295547657 -0.0080006225
  vertex -0.0481180586 -0.0395244919 -0.0080006225
  vertex -0.0485770404 -0.0395244919 -0.00811724178
  endloop
 endfacet

 facet normal 0.24471058 0.0553490333 -0.968015134
  outer loop
  vertex -0.0503706969 -0.0295547657 -0.0080006225
  vertex -0.0485770404 -0.0395244919 -0.00811724178
  vertex -0.0517053679 -0.0236676559 -0.0080014104
  endloop
 endfacet

 facet normal 0.243827134 0.0551764369 -0.96824795
  outer loop
  vertex -0.0517053679 -0.0236676559 -0.0080014104
  vertex -0.0485770404 -0.0395244919 -0.00811724178
  vertex -0.0656741336 -0.0395244919 -0.0124226827
  endloop
 endfacet

 facet normal 0.243811771 0.0551907867 -0.96825093
  outer loop
  vertex -0.0517053679 -0.0236676559 -0.0080014104
  vertex -0.0656741336 -0.0395244919 -0.0124226827
  vertex -0.0703213289 -0.0262801014 -0.0128379399
  endloop
 endfacet

 facet normal 0.243771821 0.0554651581 -0.968245268
  outer loop
  vertex -0.0517053679 -0.0236676559 -0.0080014104
  vertex -0.0703213289 -0.0262801014 -0.0128379399
  vertex -0.0678391978 -0.0236676559 -0.012063371
  endloop
 endfacet

 facet normal -0.208275422 -0.978070319 0
  outer loop
  vertex -0.0663384497 -0.0455423295 -0.00770749943
  vertex -0.0663082525 -0.0455487594 -0.0123903761
  vertex -0.0663082525 -0.0455487594 -0.00770749943
  endloop
 endfacet

 facet normal -0.334415674 -0.942425668 0
  outer loop
  vertex -0.0663384497 -0.0455423295 -0.00770749943
  vertex -0.0663928017 -0.0455230437 -0.00770749943
  vertex -0.0663928017 -0.0455230437 -0.0123541299
  endloop
 endfacet

 facet normal -0.334399283 -0.94243145 -2.15533248e-07
  outer loop
  vertex -0.0663384497 -0.0455423295 -0.00770749943
  vertex -0.0663928017 -0.0455230437 -0.0123541299
  vertex -0.0663505271 -0.0455380455 -0.0123754041
  endloop
 endfacet

 facet normal -0.245818764 -0.969315767 -0.000254112761
  outer loop
  vertex -0.0663384497 -0.0455423295 -0.00770749943
  vertex -0.0663505271 -0.0455380455 -0.0123754041
  vertex -0.0663082525 -0.0455487594 -0.0123903761
  endloop
 endfacet

 facet normal -0.198720455 -0.980056226 0
  outer loop
  vertex -0.0663082525 -0.0455487594 -0.00770749943
  vertex -0.0663082525 -0.0455487594 -0.0123903761
  vertex -0.0662659779 -0.0455573313 -0.0123691
  endloop
 endfacet

 facet normal -0.198720455 -0.980056226 0
  outer loop
  vertex -0.0663082525 -0.0455487594 -0.00770749943
  vertex -0.0662659779 -0.0455573313 -0.0123691
  vertex -0.0662659779 -0.0455573313 -0.00770749943
  endloop
 endfacet

 facet normal -0.100885615 -0.994898021 0
  outer loop
  vertex -0.0662659779 -0.0455573313 -0.00770749943
  vertex -0.0662659779 -0.0455573313 -0.0123691
  vertex -0.0662237033 -0.0455616191 -0.0123541299
  endloop
 endfacet

 facet normal -0.100885615 -0.994898021 0
  outer loop
  vertex -0.0662659779 -0.0455573313 -0.00770749943
  vertex -0.0662237033 -0.0455616191 -0.0123541299
  vertex -0.0662237033 -0.0455616191 -0.00770749943
  endloop
 endfacet

 facet normal 0.0443207212 -0.999017358 0
  outer loop
  vertex -0.0662237033 -0.0455616191 -0.00770749943
  vertex -0.0662237033 -0.0455616191 -0.0123541299
  vertex -0.0661753863 -0.0455594771 -0.012376192
  endloop
 endfacet

 facet normal 0.0472698025 -0.998882174 3.05806534e-05
  outer loop
  vertex -0.0662237033 -0.0455616191 -0.00770749943
  vertex -0.0661753863 -0.0455594771 -0.012376192
  vertex -0.0661784112 -0.0455594771 -0.00770749943
  endloop
 endfacet

 facet normal 0.0236388128 -0.499523729 0.865977645
  outer loop
  vertex -0.0662237033 -0.0455616191 -0.00770749943
  vertex -0.0661784112 -0.0455594771 -0.00770749943
  vertex -0.0449927524 -0.0395244919 -0.00480463728
  endloop
 endfacet

 facet normal 0.338784695 -0.906979442 0.250226557
  outer loop
  vertex -0.0449927524 -0.0395244919 -0.00480463728
  vertex -0.0477255061 -0.0413461328 -0.00770749943
  vertex -0.0476681367 -0.0413247012 -0.00770749943
  endloop
 endfacet

 facet normal 0.558263183 -0.829663932 0
  outer loop
  vertex -0.0449927524 -0.0395244919 -0.00480463728
  vertex -0.0476681367 -0.0413247012 -0.00770749943
  vertex -0.0449927524 -0.0395244919 -0.00631674193
  endloop
 endfacet

 facet normal 0.567505419 -0.823369622 0
  outer loop
  vertex -0.0449927524 -0.0395244919 -0.00480463728
  vertex -0.0449927524 -0.0395244919 -0.00631674193
  vertex -0.0416439921 -0.0372163691 -0.00480463728
  endloop
 endfacet

 facet normal 0.034057714 -0.527785718 0.848694503
  outer loop
  vertex -0.0449927524 -0.0395244919 -0.00480463728
  vertex -0.0661784112 -0.0455594771 -0.00770749943
  vertex -0.0661451966 -0.0455573313 -0.00770749943
  endloop
 endfacet

 facet normal 0.108489476 -0.713473558 0.692232311
  outer loop
  vertex -0.0449927524 -0.0395244919 -0.00480463728
  vertex -0.0661451966 -0.0455573313 -0.00770749943
  vertex -0.066102922 -0.0455509052 -0.00770749943
  endloop
 endfacet

 facet normal 0.203273937 -0.898958325 0.388012379
  outer loop
  vertex -0.0449927524 -0.0395244919 -0.00480463728
  vertex -0.066102922 -0.0455509052 -0.00770749943
  vertex -0.0485408045 -0.0415797308 -0.00770749943
  endloop
 endfacet

 facet normal 0.213200539 -0.901158512 0.377437294
  outer loop
  vertex -0.0449927524 -0.0395244919 -0.00480463728
  vertex -0.0485408045 -0.0415797308 -0.00770749943
  vertex -0.0484592766 -0.0415604413 -0.00770749943
  endloop
 endfacet

 facet normal 0.220906436 -0.902673602 0.369297683
  outer loop
  vertex -0.0449927524 -0.0395244919 -0.00480463728
  vertex -0.0484592766 -0.0415604413 -0.00770749943
  vertex -0.0483717062 -0.0415390097 -0.00770749943
  endloop
 endfacet

 facet normal 0.241117463 -0.905941844 0.348039955
  outer loop
  vertex -0.0449927524 -0.0395244919 -0.00480463728
  vertex -0.0483717062 -0.0415390097 -0.00770749943
  vertex -0.0482026078 -0.0414940044 -0.00770749943
  endloop
 endfacet

 facet normal 0.25034222 -0.907025754 0.338575065
  outer loop
  vertex -0.0449927524 -0.0395244919 -0.00480463728
  vertex -0.0482026078 -0.0414940044 -0.00770749943
  vertex -0.0480395481 -0.0414489992 -0.00770749943
  endloop
 endfacet

 facet normal 0.285409749 -0.909182072 0.303198397
  outer loop
  vertex -0.0449927524 -0.0395244919 -0.00480463728
  vertex -0.0480395481 -0.0414489992 -0.00770749943
  vertex -0.0478825271 -0.0413997099 -0.00770749943
  endloop
 endfacet

 facet normal 0.310161978 -0.908995271 0.278436959
  outer loop
  vertex -0.0449927524 -0.0395244919 -0.00480463728
  vertex -0.0478825271 -0.0413997099 -0.00770749943
  vertex -0.0477255061 -0.0413461328 -0.00770749943
  endloop
 endfacet

 facet normal -0.592219114 -0.0276590511 0.805302262
  outer loop
  vertex -0.0669212341 -0.0441171676 -0.00770749943
  vertex -0.071299687 -0.0236676559 -0.0102250483
  vertex -0.0713329017 -0.0236676559 -0.010249475
  endloop
 endfacet

 facet normal -0.640369415 -0.0428237543 0.766872346
  outer loop
  vertex -0.0669212341 -0.0441171676 -0.00770749943
  vertex -0.0713329017 -0.0236676559 -0.010249475
  vertex -0.0713781938 -0.0236676559 -0.010287297
  endloop
 endfacet

 facet normal -0.649339139 -0.0457565039 0.759121358
  outer loop
  vertex -0.0669212341 -0.0441171676 -0.00770749943
  vertex -0.0713781938 -0.0236676559 -0.010287297
  vertex -0.0669182166 -0.0441600308 -0.00770749943
  endloop
 endfacet

 facet normal -0.776857615 -0.0906310976 0.623119771
  outer loop
  vertex -0.0669182166 -0.0441600308 -0.00770749943
  vertex -0.0713781938 -0.0236676559 -0.010287297
  vertex -0.0714053735 -0.0236676559 -0.0103211803
  endloop
 endfacet

 facet normal -0.79622072 -0.0982045978 0.596982837
  outer loop
  vertex -0.0669182166 -0.0441600308 -0.00770749943
  vertex -0.0714053735 -0.0236676559 -0.0103211803
  vertex -0.0714325458 -0.0236676559 -0.0103574265
  endloop
 endfacet

 facet normal -0.828173578 -0.111411288 0.549286962
  outer loop
  vertex -0.0669182166 -0.0441600308 -0.00770749943
  vertex -0.0714325458 -0.0236676559 -0.0103574265
  vertex -0.0714597255 -0.0236676559 -0.0103984009
  endloop
 endfacet

 facet normal -0.861531377 -0.126362234 0.491727918
  outer loop
  vertex -0.0669182166 -0.0441600308 -0.00770749943
  vertex -0.0714597255 -0.0236676559 -0.0103984009
  vertex -0.0714808628 -0.0236676559 -0.010435435
  endloop
 endfacet

 facet normal -0.909527302 -0.150954887 0.38726303
  outer loop
  vertex -0.0669182166 -0.0441600308 -0.00770749943
  vertex -0.0714808628 -0.0236676559 -0.010435435
  vertex -0.0714989826 -0.0236676559 -0.0104779853
  endloop
 endfacet

 facet normal -0.916201591 -0.154835448 0.36959523
  outer loop
  vertex -0.0669182166 -0.0441600308 -0.00770749943
  vertex -0.0714989826 -0.0236676559 -0.0104779853
  vertex -0.0715171024 -0.0236676559 -0.0105228992
  endloop
 endfacet

 facet normal -0.930631578 -0.163897857 0.327204019
  outer loop
  vertex -0.0669182166 -0.0441600308 -0.00770749943
  vertex -0.0715171024 -0.0236676559 -0.0105228992
  vertex -0.0669121742 -0.0441943184 -0.00770749943
  endloop
 endfacet

 facet normal -0.951205611 -0.178911373 0.251393676
  outer loop
  vertex -0.0669121742 -0.0441943184 -0.00770749943
  vertex -0.0715171024 -0.0236676559 -0.0105228992
  vertex -0.0715291798 -0.0236676559 -0.0105686001
  endloop
 endfacet

 facet normal -0.95459038 -0.181817159 0.236008495
  outer loop
  vertex -0.0669121742 -0.0441943184 -0.00770749943
  vertex -0.0715291798 -0.0236676559 -0.0105686001
  vertex -0.0715412572 -0.0236676559 -0.0106174545
  endloop
 endfacet

 facet normal -0.970483482 -0.199688479 0.13522771
  outer loop
  vertex -0.0669121742 -0.0441943184 -0.00770749943
  vertex -0.0715412572 -0.0236676559 -0.0106174545
  vertex -0.0715472922 -0.0236676559 -0.0106607927
  endloop
 endfacet

 facet normal -0.970727921 -0.200083151 0.132868186
  outer loop
  vertex -0.0669121742 -0.0441943184 -0.00770749943
  vertex -0.0715472922 -0.0236676559 -0.0106607927
  vertex -0.0715533346 -0.0236676559 -0.0107049188
  endloop
 endfacet

 facet normal -0.975611925 -0.21933423 0.00859690737
  outer loop
  vertex -0.0669121742 -0.0441943184 -0.00770749943
  vertex -0.0715533346 -0.0236676559 -0.0107049188
  vertex -0.0715412572 -0.0237255208 -0.0108105065
  endloop
 endfacet

 facet normal -0.975462437 -0.220144719 0.00302758301
  outer loop
  vertex -0.0669121742 -0.0441943184 -0.00770749943
  vertex -0.0715412572 -0.0237255208 -0.0108105065
  vertex -0.0666887239 -0.0451844335 -0.00770749943
  endloop
 endfacet

 facet normal -0.975441337 -0.220248029 0.00228014239
  outer loop
  vertex -0.0666887239 -0.0451844335 -0.00770749943
  vertex -0.0715412572 -0.0237255208 -0.0108105065
  vertex -0.0713298842 -0.0246663429 -0.0112627978
  endloop
 endfacet

 facet normal -0.975374937 -0.220552728 0.000434976013
  outer loop
  vertex -0.0666887239 -0.0451844335 -0.00770749943
  vertex -0.0713298842 -0.0246663429 -0.0112627978
  vertex -0.0670480579 -0.0436006784 -0.0104299188
  endloop
 endfacet

 facet normal -0.975002468 -0.222193405 -0.000568635878
  outer loop
  vertex -0.0666887239 -0.0451844335 -0.00770749943
  vertex -0.0670480579 -0.0436006784 -0.0104299188
  vertex -0.066679664 -0.0452122949 -0.0123541299
  endloop
 endfacet

 facet normal -0.950989425 -0.309223592 0
  outer loop
  vertex -0.0666887239 -0.0451844335 -0.00770749943
  vertex -0.066679664 -0.0452122949 -0.0123541299
  vertex -0.066679664 -0.0452122949 -0.00770749943
  endloop
 endfacet

 facet normal -0.943192542 -0.332246929 0
  outer loop
  vertex -0.066679664 -0.0452122949 -0.00770749943
  vertex -0.066679664 -0.0452122949 -0.0123541299
  vertex -0.0666675866 -0.0452465825 -0.00770749943
  endloop
 endfacet

 facet normal -0.937623143 -0.347653478 -0.000128166197
  outer loop
  vertex -0.0666675866 -0.0452465825 -0.00770749943
  vertex -0.066679664 -0.0452122949 -0.0123541299
  vertex -0.0666645691 -0.0452530123 -0.0123541299
  endloop
 endfacet

 facet normal -0.913630366 -0.406545967 -3.10771975e-05
  outer loop
  vertex -0.0666675866 -0.0452465825 -0.00770749943
  vertex -0.0666645691 -0.0452530123 -0.0123541299
  vertex -0.0666464493 -0.0452937298 -0.0123541299
  endloop
 endfacet

 facet normal -0.913637638 -0.406529665 -3.12757511e-05
  outer loop
  vertex -0.0666675866 -0.0452465825 -0.00770749943
  vertex -0.0666464493 -0.0452937298 -0.0123541299
  vertex -0.0666494668 -0.0452872999 -0.00770749943
  endloop
 endfacet

 facet normal -0.884189069 -0.46712923 7.16952127e-05
  outer loop
  vertex -0.0666494668 -0.0452872999 -0.00770749943
  vertex -0.0666464493 -0.0452937298 -0.0123541299
  vertex -0.0666404143 -0.0453044474 -0.00770749943
  endloop
 endfacet

 facet normal -0.847543836 -0.530725479 -0.000122608617
  outer loop
  vertex -0.0666404143 -0.0453044474 -0.00770749943
  vertex -0.0666464493 -0.0452937298 -0.0123541299
  vertex -0.0666222945 -0.0453323089 -0.0123541299
  endloop
 endfacet

 facet normal -0.847531676 -0.53074491 -0.000122445403
  outer loop
  vertex -0.0666404143 -0.0453044474 -0.00770749943
  vertex -0.0666222945 -0.0453323089 -0.0123541299
  vertex -0.0666162521 -0.0453430228 -0.00770749943
  endloop
 endfacet

 facet normal -0.817509413 -0.575915277 -0.000265625276
  outer loop
  vertex -0.0666162521 -0.0453430228 -0.00770749943
  vertex -0.0666222945 -0.0453323089 -0.0123541299
  vertex -0.0665981397 -0.0453665964 -0.0123541299
  endloop
 endfacet

 facet normal -0.79492557 -0.606707036 -2.13375133e-05
  outer loop
  vertex -0.0666162521 -0.0453430228 -0.00770749943
  vertex -0.0665981397 -0.0453665964 -0.0123541299
  vertex -0.0665770024 -0.0453944579 -0.00770749943
  endloop
 endfacet

 facet normal -0.709018469 -0.705189943 5.44386712e-05
  outer loop
  vertex -0.0665770024 -0.0453944579 -0.00770749943
  vertex -0.06657096 -0.0454008877 -0.0123541299
  vertex -0.0665407628 -0.0454308875 -0.00770749943
  endloop
 endfacet

 facet normal -0.783700109 -0.621139467 -0.000158930896
  outer loop
  vertex -0.0665770024 -0.0453944579 -0.00770749943
  vertex -0.0665981397 -0.0453665964 -0.0123541299
  vertex -0.06657096 -0.0454008877 -0.0123541299
  endloop
 endfacet

 facet normal -0.704815388 -0.709390879 0
  outer loop
  vertex -0.0665407628 -0.0454308875 -0.00770749943
  vertex -0.06657096 -0.0454008877 -0.0123541299
  vertex -0.0665407628 -0.0454308875 -0.0123541299
  endloop
 endfacet

 facet normal -0.642674685 -0.766139209 0
  outer loop
  vertex -0.0665407628 -0.0454308875 -0.00770749943
  vertex -0.0665407628 -0.0454308875 -0.0123541299
  vertex -0.0665075481 -0.0454587527 -0.0123541299
  endloop
 endfacet

 facet normal -0.642674685 -0.766139209 0
  outer loop
  vertex -0.0665407628 -0.0454308875 -0.00770749943
  vertex -0.0665075481 -0.0454587527 -0.0123541299
  vertex -0.0665075481 -0.0454587527 -0.00770749943
  endloop
 endfacet

 facet normal -0.578770638 -0.815490425 0
  outer loop
  vertex -0.0665075481 -0.0454587527 -0.00770749943
  vertex -0.0665075481 -0.0454587527 -0.0123541299
  vertex -0.0664713159 -0.0454844683 -0.0123541299
  endloop
 endfacet

 facet normal -0.578770638 -0.815490425 0
  outer loop
  vertex -0.0665075481 -0.0454587527 -0.00770749943
  vertex -0.0664713159 -0.0454844683 -0.0123541299
  vertex -0.0664713159 -0.0454844683 -0.00770749943
  endloop
 endfacet

 facet normal -0.458634913 -0.888624787 0.000222454866
  outer loop
  vertex -0.0664713159 -0.0454844683 -0.00770749943
  vertex -0.0664320588 -0.0455058999 -0.0123817082
  vertex -0.0664380938 -0.0455016121 -0.00770749943
  endloop
 endfacet

 facet normal -0.479171008 -0.877721548 0
  outer loop
  vertex -0.0664713159 -0.0454844683 -0.00770749943
  vertex -0.0664713159 -0.0454844683 -0.0123541299
  vertex -0.0664320588 -0.0455058999 -0.0123817082
  endloop
 endfacet

 facet normal -0.427709311 -0.903916299 0.000276432896
  outer loop
  vertex -0.0664380938 -0.0455016121 -0.00770749943
  vertex -0.0664320588 -0.0455058999 -0.0123817082
  vertex -0.0663928017 -0.0455230437 -0.00770749943
  endloop
 endfacet

 facet normal -0.400249422 -0.916406274 0
  outer loop
  vertex -0.0663928017 -0.0455230437 -0.00770749943
  vertex -0.0664320588 -0.0455058999 -0.0123817082
  vertex -0.0663928017 -0.0455230437 -0.0123541299
  endloop
 endfacet

 facet normal 0.49468714 -0.158409134 -0.854512215
  outer loop
  vertex -0.0407230072 -0.0362069644 -0.00480463728
  vertex -0.0407381058 -0.0362541117 -0.00480463728
  vertex -0.0455393046 -0.0395244919 -0.00697784452
  endloop
 endfacet

 facet normal 0.460770309 -0.090583697 -0.882884681
  outer loop
  vertex -0.0407230072 -0.0362069644 -0.00480463728
  vertex -0.0455393046 -0.0395244919 -0.00697784452
  vertex -0.0456117727 -0.0395244919 -0.00701566646
  endloop
 endfacet

 facet normal 0.460766435 -0.0906749666 -0.88287729
  outer loop
  vertex -0.0456117727 -0.0395244919 -0.00701566646
  vertex -0.0455393046 -0.0395244919 -0.00697784452
  vertex -0.0471457429 -0.0405831859 -0.00770749943
  endloop
 endfacet

 facet normal 0.463002414 -0.0952035487 -0.881229341
  outer loop
  vertex -0.0471457429 -0.0405831859 -0.00770749943
  vertex -0.0455393046 -0.0395244919 -0.00697784452
  vertex -0.0477406047 -0.0410182364 -0.00797304418
  endloop
 endfacet

 facet normal 0.439638019 -0.053901013 -0.896556318
  outer loop
  vertex -0.0471457429 -0.0405831859 -0.00770749943
  vertex -0.0477406047 -0.0410182364 -0.00797304418
  vertex -0.0477677844 -0.0409646593 -0.00798959192
  endloop
 endfacet

 facet normal 0.402636498 -0.0774628446 -0.912076473
  outer loop
  vertex -0.0477677844 -0.0409646593 -0.00798959192
  vertex -0.0477406047 -0.0410182364 -0.00797304418
  vertex -0.047761742 -0.040979661 -0.00798565149
  endloop
 endfacet

 facet normal 0.282113165 -0.135870129 -0.949711263
  outer loop
  vertex -0.0477677844 -0.0409646593 -0.00798959192
  vertex -0.047761742 -0.040979661 -0.00798565149
  vertex -0.0660546049 -0.0451608561 -0.0128213922
  endloop
 endfacet

 facet normal 0.281545222 -0.132682294 -0.950330257
  outer loop
  vertex -0.0477677844 -0.0409646593 -0.00798959192
  vertex -0.0660546049 -0.0451608561 -0.0128213922
  vertex -0.0660636649 -0.0451179966 -0.01283006
  endloop
 endfacet

 facet normal 0.269323647 -0.0667179897 -0.960735917
  outer loop
  vertex -0.0477677844 -0.0409646593 -0.00798959192
  vertex -0.0660636649 -0.0451179966 -0.01283006
  vertex -0.0660727248 -0.0450751334 -0.0128355762
  endloop
 endfacet

 facet normal 0.262778491 -0.0333945155 -0.964278162
  outer loop
  vertex -0.0477677844 -0.0409646593 -0.00798959192
  vertex -0.0660727248 -0.0450751334 -0.0128355762
  vertex -0.0477949604 -0.040928226 -0.00799825974
  endloop
 endfacet

 facet normal 0.255692482 0.000729994848 -0.966757953
  outer loop
  vertex -0.0477949604 -0.040928226 -0.00799825974
  vertex -0.0660727248 -0.0450751334 -0.0128355762
  vertex -0.0660817847 -0.0450322703 -0.0128379399
  endloop
 endfacet

 facet normal 0.255521744 0.00154308917 -0.96680218
  outer loop
  vertex -0.0477949604 -0.040928226 -0.00799825974
  vertex -0.0660817847 -0.0450322703 -0.0128379399
  vertex -0.0478009991 -0.0409153663 -0.0079998346
  endloop
 endfacet

 facet normal 0.243998975 0.0544081442 -0.968248069
  outer loop
  vertex -0.0478009991 -0.0409153663 -0.0079998346
  vertex -0.0660817847 -0.0450322703 -0.0128379399
  vertex -0.0485770404 -0.0395244919 -0.00811724178
  endloop
 endfacet

 facet normal 0.245876819 0.0555012338 -0.967710853
  outer loop
  vertex -0.0478009991 -0.0409153663 -0.0079998346
  vertex -0.0485770404 -0.0395244919 -0.00811724178
  vertex -0.0481180586 -0.0395244919 -0.0080006225
  endloop
 endfacet

 facet normal 0.243830115 0.0549548939 -0.968259752
  outer loop
  vertex -0.0485770404 -0.0395244919 -0.00811724178
  vertex -0.0660817847 -0.0450322703 -0.0128379399
  vertex -0.0656741336 -0.0395244919 -0.0124226827
  endloop
 endfacet

 facet normal 0.243450627 0.0549900196 -0.968353212
  outer loop
  vertex -0.0656741336 -0.0395244919 -0.0124226827
  vertex -0.0660817847 -0.0450322703 -0.0128379399
  vertex -0.0673258677 -0.0395244919 -0.0128379399
  endloop
 endfacet

 facet normal 0.243449703 0.0550606512 -0.968349516
  outer loop
  vertex -0.0656741336 -0.0395244919 -0.0124226827
  vertex -0.0673258677 -0.0395244919 -0.0128379399
  vertex -0.0703213289 -0.0262801014 -0.0128379399
  endloop
 endfacet

 facet normal 0.204135984 0.0462467372 -0.977849603
  outer loop
  vertex -0.0703213289 -0.0262801014 -0.0128379399
  vertex -0.070366621 -0.0262801014 -0.0128473956
  vertex -0.0709584653 -0.0236676559 -0.0128473956
  endloop
 endfacet

 facet normal 0.218003199 0.0496402197 -0.974684834
  outer loop
  vertex -0.0703213289 -0.0262801014 -0.0128379399
  vertex -0.0709584653 -0.0236676559 -0.0128473956
  vertex -0.0709161907 -0.0236676559 -0.0128379399
  endloop
 endfacet

 facet normal 0.243737251 0.0554999672 -0.968251944
  outer loop
  vertex -0.0703213289 -0.0262801014 -0.0128379399
  vertex -0.0709161907 -0.0236676559 -0.0128379399
  vertex -0.0678391978 -0.0236676559 -0.012063371
  endloop
 endfacet

 facet normal 0.218011603 0.0493073575 -0.974699855
  outer loop
  vertex -0.0703213289 -0.0262801014 -0.0128379399
  vertex -0.0673258677 -0.0395244919 -0.0128379399
  vertex -0.0673681423 -0.0395244919 -0.0128473956
  endloop
 endfacet

 facet normal 0.204136267 0.0462157242 -0.977850914
  outer loop
  vertex -0.0703213289 -0.0262801014 -0.0128379399
  vertex -0.0673681423 -0.0395244919 -0.0128473956
  vertex -0.070366621 -0.0262801014 -0.0128473956
  endloop
 endfacet

 facet normal -0.238057598 -0.961734951 -0.135625914
  outer loop
  vertex -0.0663082525 -0.0455487594 -0.0123903761
  vertex -0.0663475096 -0.0455380455 -0.0123974681
  vertex -0.0663444847 -0.0455359034 -0.0124179544
  endloop
 endfacet

 facet normal -0.236650318 -0.961814523 -0.137512028
  outer loop
  vertex -0.0663082525 -0.0455487594 -0.0123903761
  vertex -0.0663444847 -0.0455359034 -0.0124179544
  vertex -0.0663293898 -0.0455337577 -0.0124589289
  endloop
 endfacet

 facet normal -0.234825194 -0.962170005 -0.138152584
  outer loop
  vertex -0.0663082525 -0.0455487594 -0.0123903761
  vertex -0.0663293898 -0.0455337577 -0.0124589289
  vertex -0.0662961751 -0.0455466174 -0.0124258343
  endloop
 endfacet

 facet normal -0.173246294 -0.977769732 -0.118119404
  outer loop
  vertex -0.0663082525 -0.0455487594 -0.0123903761
  vertex -0.0662961751 -0.0455466174 -0.0124258343
  vertex -0.066256918 -0.045555193 -0.0124124382
  endloop
 endfacet

 facet normal -0.158385366 -0.983988941 -0.0817295089
  outer loop
  vertex -0.0663082525 -0.0455487594 -0.0123903761
  vertex -0.066256918 -0.045555193 -0.0124124382
  vertex -0.0662659779 -0.0455573313 -0.0123691
  endloop
 endfacet

 facet normal -0.257279992 -0.965695322 -0.0352086574
  outer loop
  vertex -0.0663082525 -0.0455487594 -0.0123903761
  vertex -0.0663505271 -0.0455380455 -0.0123754041
  vertex -0.0663475096 -0.0455380455 -0.0123974681
  endloop
 endfacet

 facet normal -0.343652636 -0.938864291 -0.0209023748
  outer loop
  vertex -0.0663505271 -0.0455380455 -0.0123754041
  vertex -0.0663928017 -0.0455230437 -0.0123541299
  vertex -0.0663897842 -0.0455230437 -0.0124037703
  endloop
 endfacet

 facet normal -0.328109205 -0.943572044 -0.044901602
  outer loop
  vertex -0.0663505271 -0.0455380455 -0.0123754041
  vertex -0.0663897842 -0.0455230437 -0.0124037703
  vertex -0.0663475096 -0.0455380455 -0.0123974681
  endloop
 endfacet

 facet normal -0.0788075477 -0.994727492 -0.0656257123
  outer loop
  vertex -0.0662659779 -0.0455573313 -0.0123691
  vertex -0.066256918 -0.045555193 -0.0124124382
  vertex -0.0662146434 -0.0455594771 -0.012398256
  endloop
 endfacet

 facet normal -0.0780923963 -0.994866788 -0.0643562973
  outer loop
  vertex -0.0662659779 -0.0455573313 -0.0123691
  vertex -0.0662146434 -0.0455594771 -0.012398256
  vertex -0.0662237033 -0.0455616191 -0.0123541299
  endloop
 endfacet

 facet normal 0.0244466588 -0.998754561 -0.0434960313
  outer loop
  vertex -0.0662237033 -0.0455616191 -0.0123541299
  vertex -0.0662146434 -0.0455594771 -0.012398256
  vertex -0.0661753863 -0.0455594771 -0.012376192
  endloop
 endfacet

 facet normal 0.0643954948 -0.997924447 4.16599287e-05
  outer loop
  vertex -0.0661753863 -0.0455594771 -0.012376192
  vertex -0.0661451966 -0.0455573313 -0.00770749943
  vertex -0.0661784112 -0.0455594771 -0.00770749943
  endloop
 endfacet

 facet normal 0.0467506051 -0.995437443 -0.0831797048
  outer loop
  vertex -0.0661753863 -0.0455594771 -0.012376192
  vertex -0.0662146434 -0.0455594771 -0.012398256
  vertex -0.0661542565 -0.045555193 -0.0124155907
  endloop
 endfacet

 facet normal 0.0851345211 -0.994408786 -0.0624756292
  outer loop
  vertex -0.0661753863 -0.0455594771 -0.012376192
  vertex -0.0661542565 -0.045555193 -0.0124155907
  vertex -0.0661270767 -0.045555193 -0.0123785567
  endloop
 endfacet

 facet normal 0.0883358419 -0.996090829 -0.000114020986
  outer loop
  vertex -0.0661753863 -0.0455594771 -0.012376192
  vertex -0.0661270767 -0.045555193 -0.0123785567
  vertex -0.0661451966 -0.0455573313 -0.00770749943
  endloop
 endfacet

 facet normal 0.322367281 -0.863027453 -0.388925493
  outer loop
  vertex -0.0477255061 -0.0413461328 -0.00770749943
  vertex -0.0476651154 -0.0413139835 -0.00772877503
  vertex -0.0476681367 -0.0413247012 -0.00770749943
  endloop
 endfacet

 facet normal 0.298660368 -0.875287414 -0.380360365
  outer loop
  vertex -0.0477255061 -0.0413461328 -0.00770749943
  vertex -0.0478825271 -0.0413997099 -0.00770749943
  vertex -0.0660576224 -0.045510184 -0.0125196027
  endloop
 endfacet

 facet normal 0.300389111 -0.869602084 -0.3918657
  outer loop
  vertex -0.0477255061 -0.0413461328 -0.00770749943
  vertex -0.0660576224 -0.045510184 -0.0125196027
  vertex -0.0660696998 -0.0454951823 -0.0125621529
  endloop
 endfacet

 facet normal 0.304979295 -0.853113294 -0.423302859
  outer loop
  vertex -0.0477255061 -0.0413461328 -0.00770749943
  vertex -0.0660696998 -0.0454951823 -0.0125621529
  vertex -0.0476651154 -0.0413139835 -0.00772877503
  endloop
 endfacet

 facet normal 0.626478255 -0.728230596 -0.277858317
  outer loop
  vertex -0.0476681367 -0.0413247012 -0.00770749943
  vertex -0.0476651154 -0.0413139835 -0.00772877503
  vertex -0.0413359888 -0.0369849131 -0.00480463728
  endloop
 endfacet

 facet normal 0.625227869 -0.732965112 -0.268052816
  outer loop
  vertex -0.0476681367 -0.0413247012 -0.00770749943
  vertex -0.0413359888 -0.0369849131 -0.00480463728
  vertex -0.0450229459 -0.0395244919 -0.0064601507
  endloop
 endfacet

 facet normal 0.613732517 -0.764085233 -0.198761672
  outer loop
  vertex -0.0476681367 -0.0413247012 -0.00770749943
  vertex -0.0450229459 -0.0395244919 -0.0064601507
  vertex -0.0450048298 -0.0395244919 -0.00640420569
  endloop
 endfacet

 facet normal 0.585003972 -0.806997478 -0.0807804912
  outer loop
  vertex -0.0476681367 -0.0413247012 -0.00770749943
  vertex -0.0450048298 -0.0395244919 -0.00640420569
  vertex -0.0449927524 -0.0395244919 -0.00631674193
  endloop
 endfacet

 facet normal 0.589927733 -0.803336561 -0.081460394
  outer loop
  vertex -0.0449927524 -0.0395244919 -0.00631674193
  vertex -0.0450048298 -0.0395244919 -0.00640420569
  vertex -0.041550383 -0.0371499322 -0.00480463728
  endloop
 endfacet

 facet normal 0.578379989 -0.814929605 -0.0369662344
  outer loop
  vertex -0.0449927524 -0.0395244919 -0.00631674193
  vertex -0.041550383 -0.0371499322 -0.00480463728
  vertex -0.0416439921 -0.0372163691 -0.00480463728
  endloop
 endfacet

 facet normal 0.150330156 -0.988635898 0.000129862034
  outer loop
  vertex -0.0661451966 -0.0455573313 -0.00770749943
  vertex -0.0661270767 -0.045555193 -0.0123785567
  vertex -0.066102922 -0.0455509052 -0.00770749943
  endloop
 endfacet

 facet normal 0.220553398 -0.975374997 -1.99783226e-05
  outer loop
  vertex -0.066102922 -0.0455509052 -0.00770749943
  vertex -0.0660938621 -0.0455487594 -0.0123541299
  vertex -0.0485408045 -0.0415797308 -0.00770749943
  endloop
 endfacet

 facet normal 0.190123379 -0.981760204 -8.22439761e-05
  outer loop
  vertex -0.066102922 -0.0455509052 -0.00770749943
  vertex -0.0661270767 -0.045555193 -0.0123785567
  vertex -0.0660938621 -0.0455487594 -0.0123541299
  endloop
 endfacet

 facet normal 0.224419206 -0.974369824 -0.0154819135
  outer loop
  vertex -0.0485408045 -0.0415797308 -0.00770749943
  vertex -0.0660938621 -0.0455487594 -0.0123541299
  vertex -0.0661059394 -0.0455509052 -0.0123943165
  endloop
 endfacet

 facet normal 0.230060741 -0.972423315 -0.0382743999
  outer loop
  vertex -0.0485408045 -0.0415797308 -0.00770749943
  vertex -0.0661059394 -0.0455509052 -0.0123943165
  vertex -0.0484592766 -0.0415604413 -0.00770749943
  endloop
 endfacet

 facet normal 0.237162158 -0.96909821 -0.0678436384
  outer loop
  vertex -0.0484592766 -0.0415604413 -0.00770749943
  vertex -0.0661059394 -0.0455509052 -0.0123943165
  vertex -0.0483717062 -0.0415390097 -0.00770749943
  endloop
 endfacet

 facet normal 0.248362482 -0.961620927 -0.116624624
  outer loop
  vertex -0.0483717062 -0.0415390097 -0.00770749943
  vertex -0.0661059394 -0.0455509052 -0.0123943165
  vertex -0.0660817847 -0.0455444753 -0.0123958923
  endloop
 endfacet

 facet normal 0.253829896 -0.956866622 -0.141338885
  outer loop
  vertex -0.0483717062 -0.0415390097 -0.00770749943
  vertex -0.0660817847 -0.0455444753 -0.0123958923
  vertex -0.0660727248 -0.0455359034 -0.0124376537
  endloop
 endfacet

 facet normal 0.254502237 -0.956232011 -0.144391343
  outer loop
  vertex -0.0483717062 -0.0415390097 -0.00770749943
  vertex -0.0660727248 -0.0455359034 -0.0124376537
  vertex -0.0482026078 -0.0414940044 -0.00770749943
  endloop
 endfacet

 facet normal 0.261781663 -0.94847244 -0.178522795
  outer loop
  vertex -0.0482026078 -0.0414940044 -0.00770749943
  vertex -0.0660727248 -0.0455359034 -0.0124376537
  vertex -0.0480395481 -0.0414489992 -0.00770749943
  endloop
 endfacet

 facet normal 0.263275146 -0.946663797 -0.185779274
  outer loop
  vertex -0.0480395481 -0.0414489992 -0.00770749943
  vertex -0.0660727248 -0.0455359034 -0.0124376537
  vertex -0.0660636649 -0.0455251858 -0.0124794161
  endloop
 endfacet

 facet normal 0.284822434 -0.911282659 -0.297388822
  outer loop
  vertex -0.0480395481 -0.0414489992 -0.00770749943
  vertex -0.0660636649 -0.0455251858 -0.0124794161
  vertex -0.0660576224 -0.045510184 -0.0125196027
  endloop
 endfacet

 facet normal 0.285568416 -0.909687638 -0.301528037
  outer loop
  vertex -0.0480395481 -0.0414489992 -0.00770749943
  vertex -0.0660576224 -0.045510184 -0.0125196027
  vertex -0.0478825271 -0.0413997099 -0.00770749943
  endloop
 endfacet

 facet normal -0.978901327 -0.204333782 0
  outer loop
  vertex -0.0715533346 -0.0236676559 -0.0107049188
  vertex -0.0715533346 -0.0236676559 -0.0123966802
  vertex -0.0715412572 -0.0237255208 -0.0108105065
  endloop
 endfacet

 facet normal -0.975735843 -0.218950093 -0.000557315827
  outer loop
  vertex -0.0715412572 -0.0237255208 -0.0108105065
  vertex -0.0715533346 -0.0236676559 -0.0123966802
  vertex -0.0713298842 -0.0246663429 -0.0112627978
  endloop
 endfacet

 facet normal -0.975521564 -0.219899043 -0.00143533619
  outer loop
  vertex -0.0713298842 -0.0246663429 -0.0112627978
  vertex -0.0715533346 -0.0236676559 -0.0123966802
  vertex -0.0709645078 -0.0262801014 -0.0123541299
  endloop
 endfacet

 facet normal -0.975367427 -0.22058633 -0.00036744267
  outer loop
  vertex -0.0713298842 -0.0246663429 -0.0112627978
  vertex -0.0709645078 -0.0262801014 -0.0123541299
  vertex -0.0670480579 -0.0436006784 -0.0104299188
  endloop
 endfacet

 facet normal -0.975330472 -0.220742315 -0.00184677704
  outer loop
  vertex -0.0670480579 -0.0436006784 -0.0104299188
  vertex -0.0709645078 -0.0262801014 -0.0123541299
  vertex -0.066679664 -0.0452122949 -0.0123541299
  endloop
 endfacet

 facet normal -0.975326121 -0.220741332 -0.00352537888
  outer loop
  vertex -0.066679664 -0.0452122949 -0.0123541299
  vertex -0.0709645078 -0.0262801014 -0.0123541299
  vertex -0.0666887239 -0.0451715738 -0.0123974681
  endloop
 endfacet

 facet normal -0.956579387 -0.283750266 -0.0666451529
  outer loop
  vertex -0.066679664 -0.0452122949 -0.0123541299
  vertex -0.0666887239 -0.0451715738 -0.0123974681
  vertex -0.0666766465 -0.0452122949 -0.0123974681
  endloop
 endfacet

 facet normal -0.93562901 -0.346914053 -0.065185532
  outer loop
  vertex -0.066679664 -0.0452122949 -0.0123541299
  vertex -0.0666766465 -0.0452122949 -0.0123974681
  vertex -0.0666645691 -0.0452530123 -0.0123541299
  endloop
 endfacet

 facet normal -0.935132921 -0.34802556 -0.0663680956
  outer loop
  vertex -0.0666645691 -0.0452530123 -0.0123541299
  vertex -0.0666766465 -0.0452122949 -0.0123974681
  vertex -0.0666585267 -0.0452530123 -0.0124392305
  endloop
 endfacet

 facet normal -0.911715746 -0.405694008 -0.0647061318
  outer loop
  vertex -0.0666645691 -0.0452530123 -0.0123541299
  vertex -0.0666585267 -0.0452530123 -0.0124392305
  vertex -0.0666464493 -0.0452937298 -0.0123541299
  endloop
 endfacet

 facet normal -0.910706997 -0.407771409 -0.0658432394
  outer loop
  vertex -0.0666464493 -0.0452937298 -0.0123541299
  vertex -0.0666585267 -0.0452530123 -0.0124392305
  vertex -0.0666434318 -0.0452937298 -0.0123958923
  endloop
 endfacet

 facet normal -0.862117171 -0.502860785 -0.0623302422
  outer loop
  vertex -0.0666464493 -0.0452937298 -0.0123541299
  vertex -0.0666434318 -0.0452937298 -0.0123958923
  vertex -0.0666222945 -0.0453301631 -0.0123943165
  endloop
 endfacet

 facet normal -0.847204447 -0.530512989 -0.0282957479
  outer loop
  vertex -0.0666464493 -0.0452937298 -0.0123541299
  vertex -0.0666222945 -0.0453301631 -0.0123943165
  vertex -0.0666222945 -0.0453323089 -0.0123541299
  endloop
 endfacet

 facet normal -0.817124069 -0.575643718 -0.0307028703
  outer loop
  vertex -0.0666222945 -0.0453323089 -0.0123541299
  vertex -0.0666222945 -0.0453301631 -0.0123943165
  vertex -0.0665981397 -0.0453665964 -0.0123541299
  endloop
 endfacet

 facet normal -0.798710942 -0.598464191 -0.0624609739
  outer loop
  vertex -0.0665981397 -0.0453665964 -0.0123541299
  vertex -0.0666222945 -0.0453301631 -0.0123943165
  vertex -0.0665951148 -0.0453665964 -0.0123927398
  endloop
 endfacet

 facet normal -0.782232404 -0.619976223 -0.0611723177
  outer loop
  vertex -0.0665981397 -0.0453665964 -0.0123541299
  vertex -0.0665951148 -0.0453665964 -0.0123927398
  vertex -0.06657096 -0.0454008877 -0.0123541299
  endloop
 endfacet

 facet normal -0.780685067 -0.621674836 -0.0636489615
  outer loop
  vertex -0.06657096 -0.0454008877 -0.0123541299
  vertex -0.0665951148 -0.0453665964 -0.0123927398
  vertex -0.0665679425 -0.0454008877 -0.012391164
  endloop
 endfacet

 facet normal -0.703654528 -0.708222568 -0.0573687032
  outer loop
  vertex -0.06657096 -0.0454008877 -0.0123541299
  vertex -0.0665679425 -0.0454008877 -0.012391164
  vertex -0.0665407628 -0.0454308875 -0.0123541299
  endloop
 endfacet

 facet normal -0.641714513 -0.764994562 -0.0546437763
  outer loop
  vertex -0.0665407628 -0.0454308875 -0.0123541299
  vertex -0.0665377453 -0.0454308875 -0.0123895882
  vertex -0.0665075481 -0.0454587527 -0.0123541299
  endloop
 endfacet

 facet normal -0.701983571 -0.709680259 -0.0597758517
  outer loop
  vertex -0.0665407628 -0.0454308875 -0.0123541299
  vertex -0.0665679425 -0.0454008877 -0.012391164
  vertex -0.0665377453 -0.0454308875 -0.0123895882
  endloop
 endfacet

 facet normal -0.577964902 -0.814355135 -0.05274738
  outer loop
  vertex -0.0665075481 -0.0454587527 -0.0123541299
  vertex -0.0665045306 -0.0454587527 -0.0123872245
  vertex -0.0664713159 -0.0454844683 -0.0123541299
  endloop
 endfacet

 facet normal -0.639129817 -0.766883969 -0.0583295263
  outer loop
  vertex -0.0665075481 -0.0454587527 -0.0123541299
  vertex -0.0665377453 -0.0454308875 -0.0123895882
  vertex -0.0665045306 -0.0454587527 -0.0123872245
  endloop
 endfacet

 facet normal -0.521275163 -0.849449754 -0.0818990096
  outer loop
  vertex -0.0664320588 -0.0455058999 -0.0123817082
  vertex -0.0664713159 -0.0454844683 -0.0123541299
  vertex -0.0664652735 -0.0454823263 -0.0124148028
  endloop
 endfacet

 facet normal -0.46807465 -0.870781064 -0.150487408
  outer loop
  vertex -0.0664320588 -0.0455058999 -0.0123817082
  vertex -0.0664652735 -0.0454823263 -0.0124148028
  vertex -0.066413939 -0.0455016121 -0.0124628684
  endloop
 endfacet

 facet normal -0.435594916 -0.888521791 -0.144173697
  outer loop
  vertex -0.0664320588 -0.0455058999 -0.0123817082
  vertex -0.066413939 -0.0455016121 -0.0124628684
  vertex -0.0663897842 -0.0455230437 -0.0124037703
  endloop
 endfacet

 facet normal -0.386232972 -0.922102094 -0.0234922878
  outer loop
  vertex -0.0664320588 -0.0455058999 -0.0123817082
  vertex -0.0663897842 -0.0455230437 -0.0124037703
  vertex -0.0663928017 -0.0455230437 -0.0123541299
  endloop
 endfacet

 facet normal -0.555974603 -0.82688731 -0.0845561177
  outer loop
  vertex -0.0664713159 -0.0454844683 -0.0123541299
  vertex -0.0665045306 -0.0454587527 -0.0123872245
  vertex -0.0664652735 -0.0454823263 -0.0124148028
  endloop
 endfacet

 facet normal 0.514718413 -0.201452419 -0.833355844
  outer loop
  vertex -0.0407381058 -0.0362541117 -0.00480463728
  vertex -0.0407532044 -0.0362926871 -0.00480463728
  vertex -0.0471759364 -0.0406946279 -0.00770749943
  endloop
 endfacet

 facet normal 0.500600755 -0.171006367 -0.848619878
  outer loop
  vertex -0.0407381058 -0.0362541117 -0.00480463728
  vertex -0.0471759364 -0.0406946279 -0.00770749943
  vertex -0.0455393046 -0.0395244919 -0.00697784452
  endloop
 endfacet

 facet normal 0.49877429 -0.167324707 -0.85042733
  outer loop
  vertex -0.0455393046 -0.0395244919 -0.00697784452
  vertex -0.0471759364 -0.0406946279 -0.00770749943
  vertex -0.0471608378 -0.0406496227 -0.00770749943
  endloop
 endfacet

 facet normal 0.484922767 -0.138914019 -0.863454044
  outer loop
  vertex -0.0455393046 -0.0395244919 -0.00697784452
  vertex -0.0471608378 -0.0406496227 -0.00770749943
  vertex -0.0477315485 -0.0410353802 -0.00796595216
  endloop
 endfacet

 facet normal 0.471716076 -0.112498373 -0.874544561
  outer loop
  vertex -0.0455393046 -0.0395244919 -0.00697784452
  vertex -0.0477315485 -0.0410353802 -0.00796595216
  vertex -0.0477406047 -0.0410182364 -0.00797304418
  endloop
 endfacet

 facet normal 0.285104752 -0.153014898 -0.946203887
  outer loop
  vertex -0.0477406047 -0.0410182364 -0.00797304418
  vertex -0.0660546049 -0.0451608561 -0.0128213922
  vertex -0.047761742 -0.040979661 -0.00798565149
  endloop
 endfacet

 facet normal 0.296871513 -0.226821512 -0.927587926
  outer loop
  vertex -0.0477406047 -0.0410182364 -0.00797304418
  vertex -0.0477315485 -0.0410353802 -0.00796595216
  vertex -0.0660546049 -0.0451608561 -0.0128213922
  endloop
 endfacet

 facet normal 0.243396819 -0.253738374 -0.936148882
  outer loop
  vertex -0.0660546049 -0.0451608561 -0.0128213922
  vertex -0.0660485625 -0.0452015772 -0.0128087848
  vertex -0.0660908446 -0.0452101491 -0.0128174527
  endloop
 endfacet

 facet normal 0.243402779 -0.253742546 -0.936146259
  outer loop
  vertex -0.0660546049 -0.0451608561 -0.0128213922
  vertex -0.0660908446 -0.0452101491 -0.0128174527
  vertex -0.0660968795 -0.0451694317 -0.01283006
  endloop
 endfacet

 facet normal 0.229804307 -0.163112253 -0.959470868
  outer loop
  vertex -0.0660546049 -0.0451608561 -0.0128213922
  vertex -0.0660968795 -0.0451694317 -0.01283006
  vertex -0.0661059394 -0.0451265685 -0.0128395166
  endloop
 endfacet

 facet normal 0.243502796 -0.142549783 -0.959367454
  outer loop
  vertex -0.0660546049 -0.0451608561 -0.0128213922
  vertex -0.0661059394 -0.0451265685 -0.0128395166
  vertex -0.0660636649 -0.0451179966 -0.01283006
  endloop
 endfacet

 facet normal 0.299006641 -0.241478354 -0.923191905
  outer loop
  vertex -0.0660546049 -0.0451608561 -0.0128213922
  vertex -0.0477315485 -0.0410353802 -0.00796595216
  vertex -0.0660485625 -0.0452015772 -0.0128087848
  endloop
 endfacet

 facet normal 0.235785648 -0.0960131735 -0.967050493
  outer loop
  vertex -0.0660636649 -0.0451179966 -0.01283006
  vertex -0.0661059394 -0.0451265685 -0.0128395166
  vertex -0.0661119744 -0.0450858511 -0.0128450319
  endloop
 endfacet

 facet normal 0.251856744 -0.0709788054 -0.965158165
  outer loop
  vertex -0.0660636649 -0.0451179966 -0.01283006
  vertex -0.0661119744 -0.0450858511 -0.0128450319
  vertex -0.0660727248 -0.0450751334 -0.0128355762
  endloop
 endfacet

 facet normal 0.235178992 -0.00389159983 -0.971944273
  outer loop
  vertex -0.0660727248 -0.0450751334 -0.0128355762
  vertex -0.0661119744 -0.0450858511 -0.0128450319
  vertex -0.0660817847 -0.0450322703 -0.0128379399
  endloop
 endfacet

 facet normal 0.216536805 0.00718459208 -0.976247966
  outer loop
  vertex -0.0660817847 -0.0450322703 -0.0128379399
  vertex -0.0661119744 -0.0450858511 -0.0128450319
  vertex -0.0661240593 -0.0450429879 -0.0128473956
  endloop
 endfacet

 facet normal 0.206772953 0.0466146655 -0.977277875
  outer loop
  vertex -0.0660817847 -0.0450322703 -0.0128379399
  vertex -0.0661240593 -0.0450429879 -0.0128473956
  vertex -0.0673681423 -0.0395244919 -0.0128473956
  endloop
 endfacet

 facet normal 0.218012303 0.0492440723 -0.974702954
  outer loop
  vertex -0.0660817847 -0.0450322703 -0.0128379399
  vertex -0.0673681423 -0.0395244919 -0.0128473956
  vertex -0.0673258677 -0.0395244919 -0.0128379399
  endloop
 endfacet

 facet normal 0.129363731 0.0293071866 -0.991163969
  outer loop
  vertex -0.070366621 -0.0262801014 -0.0128473956
  vertex -0.0709765851 -0.0236676559 -0.0128497602
  vertex -0.0709584653 -0.0236676559 -0.0128473956
  endloop
 endfacet

 facet normal 0.126632318 0.0286691096 -0.991535366
  outer loop
  vertex -0.070366621 -0.0262801014 -0.0128473956
  vertex -0.0673681423 -0.0395244919 -0.0128473956
  vertex -0.0709765851 -0.0236676559 -0.0128497602
  endloop
 endfacet

 facet normal 0.108073637 0.0244331807 -0.993842602
  outer loop
  vertex -0.0673681423 -0.0395244919 -0.0128473956
  vertex -0.0674043745 -0.0395244919 -0.0128513351
  vertex -0.0710037649 -0.0236676559 -0.0128529109
  endloop
 endfacet

 facet normal 0.115149818 0.0260558855 -0.993006349
  outer loop
  vertex -0.0673681423 -0.0395244919 -0.0128473956
  vertex -0.0710037649 -0.0236676559 -0.0128529109
  vertex -0.0709765851 -0.0236676559 -0.0128497602
  endloop
 endfacet

 facet normal 0.113987386 0.0256971922 -0.993149877
  outer loop
  vertex -0.0673681423 -0.0395244919 -0.0128473956
  vertex -0.0661240593 -0.0450429879 -0.0128473956
  vertex -0.0661633089 -0.0450515598 -0.0128521221
  endloop
 endfacet

 facet normal 0.108073696 0.0244086776 -0.993843198
  outer loop
  vertex -0.0673681423 -0.0395244919 -0.0128473956
  vertex -0.0661633089 -0.0450515598 -0.0128521221
  vertex -0.0674043745 -0.0395244919 -0.0128513351
  endloop
 endfacet

 facet normal -0.311751515 -0.939168215 -0.144131735
  outer loop
  vertex -0.0663475096 -0.0455380455 -0.0123974681
  vertex -0.0663897842 -0.0455230437 -0.0124037703
  vertex -0.0663444847 -0.0455359034 -0.0124179544
  endloop
 endfacet

 facet normal -0.315646201 -0.935272992 -0.160100386
  outer loop
  vertex -0.0663444847 -0.0455359034 -0.0124179544
  vertex -0.0663897842 -0.0455230437 -0.0124037703
  vertex -0.0663837418 -0.0455209017 -0.012428198
  endloop
 endfacet

 facet normal -0.314306736 -0.934921861 -0.164719328
  outer loop
  vertex -0.0663444847 -0.0455359034 -0.0124179544
  vertex -0.0663837418 -0.0455209017 -0.012428198
  vertex -0.0663293898 -0.0455337577 -0.0124589289
  endloop
 endfacet

 facet normal -0.183713645 -0.963005245 -0.197155327
  outer loop
  vertex -0.0663293898 -0.0455337577 -0.0124589289
  vertex -0.0663203299 -0.0455316156 -0.0124778403
  vertex -0.0662901327 -0.0455444753 -0.012443169
  endloop
 endfacet

 facet normal -0.188947037 -0.96439147 -0.185062125
  outer loop
  vertex -0.0663293898 -0.0455337577 -0.0124589289
  vertex -0.0662901327 -0.0455444753 -0.012443169
  vertex -0.0662961751 -0.0455466174 -0.0124258343
  endloop
 endfacet

 facet normal -0.337040901 -0.917234838 -0.212329537
  outer loop
  vertex -0.0663293898 -0.0455337577 -0.0124589289
  vertex -0.0663837418 -0.0455209017 -0.012428198
  vertex -0.0663746819 -0.0455187559 -0.0124518368
  endloop
 endfacet

 facet normal -0.337555379 -0.915311813 -0.219683275
  outer loop
  vertex -0.0663293898 -0.0455337577 -0.0124589289
  vertex -0.0663746819 -0.0455187559 -0.0124518368
  vertex -0.0663656294 -0.0455166139 -0.0124746878
  endloop
 endfacet

 facet normal -0.334525198 -0.914849699 -0.226148099
  outer loop
  vertex -0.0663293898 -0.0455337577 -0.0124589289
  vertex -0.0663656294 -0.0455166139 -0.0124746878
  vertex -0.0663565695 -0.0455144718 -0.0124967508
  endloop
 endfacet

 facet normal -0.304392517 -0.919155836 -0.249995261
  outer loop
  vertex -0.0663293898 -0.0455337577 -0.0124589289
  vertex -0.0663565695 -0.0455144718 -0.0124967508
  vertex -0.0663203299 -0.0455316156 -0.0124778403
  endloop
 endfacet

 facet normal -0.153212339 -0.972815394 -0.17365548
  outer loop
  vertex -0.0662961751 -0.0455466174 -0.0124258343
  vertex -0.0662901327 -0.0455444753 -0.012443169
  vertex -0.066256918 -0.045555193 -0.0124124382
  endloop
 endfacet

 facet normal -0.0560465567 -0.988891602 -0.137666941
  outer loop
  vertex -0.066256918 -0.045555193 -0.0124124382
  vertex -0.0662357807 -0.0455509052 -0.0124518368
  vertex -0.0662055835 -0.0455573313 -0.0124179544
  endloop
 endfacet

 facet normal -0.0555968955 -0.98952359 -0.133237034
  outer loop
  vertex -0.066256918 -0.045555193 -0.0124124382
  vertex -0.0662055835 -0.0455573313 -0.0124179544
  vertex -0.0662146434 -0.0455594771 -0.012398256
  endloop
 endfacet

 facet normal -0.144257173 -0.972433567 -0.183201611
  outer loop
  vertex -0.066256918 -0.045555193 -0.0124124382
  vertex -0.0662901327 -0.0455444753 -0.012443169
  vertex -0.0662357807 -0.0455509052 -0.0124518368
  endloop
 endfacet

 facet normal -0.380632013 -0.908248186 -0.173794493
  outer loop
  vertex -0.0663897842 -0.0455230437 -0.0124037703
  vertex -0.066413939 -0.0455016121 -0.0124628684
  vertex -0.0663837418 -0.0455209017 -0.012428198
  endloop
 endfacet

 facet normal 0.0455353707 -0.995137393 -0.0873391777
  outer loop
  vertex -0.0662146434 -0.0455594771 -0.012398256
  vertex -0.0662055835 -0.0455573313 -0.0124179544
  vertex -0.0661542565 -0.045555193 -0.0124155907
  endloop
 endfacet

 facet normal 0.123591684 -0.988179684 -0.0906972736
  outer loop
  vertex -0.0661542565 -0.045555193 -0.0124155907
  vertex -0.0661180168 -0.0455530472 -0.0123895882
  vertex -0.0661270767 -0.045555193 -0.0123785567
  endloop
 endfacet

 facet normal 0.0479297601 -0.988174617 -0.145648852
  outer loop
  vertex -0.0661542565 -0.045555193 -0.0124155907
  vertex -0.0662055835 -0.0455573313 -0.0124179544
  vertex -0.0661784112 -0.0455509052 -0.0124526247
  endloop
 endfacet

 facet normal 0.0947026238 -0.979966104 -0.175208151
  outer loop
  vertex -0.0661542565 -0.045555193 -0.0124155907
  vertex -0.0661784112 -0.0455509052 -0.0124526247
  vertex -0.0661693513 -0.0455487594 -0.0124597168
  endloop
 endfacet

 facet normal 0.113466315 -0.976882637 -0.181178898
  outer loop
  vertex -0.0661542565 -0.045555193 -0.0124155907
  vertex -0.0661693513 -0.0455487594 -0.0124597168
  vertex -0.0661391541 -0.0455423295 -0.0124754766
  endloop
 endfacet

 facet normal 0.139779359 -0.974758863 -0.174088523
  outer loop
  vertex -0.0661542565 -0.045555193 -0.0124155907
  vertex -0.0661391541 -0.0455423295 -0.0124754766
  vertex -0.0661089569 -0.0455444753 -0.0124392305
  endloop
 endfacet

 facet normal 0.15277195 -0.976793706 -0.15011628
  outer loop
  vertex -0.0661542565 -0.045555193 -0.0124155907
  vertex -0.0661089569 -0.0455444753 -0.0124392305
  vertex -0.0661059394 -0.0455509052 -0.0123943165
  endloop
 endfacet

 facet normal 0.133642346 -0.985459268 -0.104927503
  outer loop
  vertex -0.0661542565 -0.045555193 -0.0124155907
  vertex -0.0661059394 -0.0455509052 -0.0123943165
  vertex -0.0661180168 -0.0455530472 -0.0123895882
  endloop
 endfacet

 facet normal 0.147083014 -0.986565828 -0.0710938647
  outer loop
  vertex -0.0661270767 -0.045555193 -0.0123785567
  vertex -0.0661180168 -0.0455530472 -0.0123895882
  vertex -0.0661059394 -0.0455509052 -0.0123943165
  endloop
 endfacet

 facet normal 0.194388956 -0.980905473 -0.00610743323
  outer loop
  vertex -0.0661270767 -0.045555193 -0.0123785567
  vertex -0.0661059394 -0.0455509052 -0.0123943165
  vertex -0.0660938621 -0.0455487594 -0.0123541299
  endloop
 endfacet

 facet normal 0.305597246 -0.850653529 -0.427783817
  outer loop
  vertex -0.0476651154 -0.0413139835 -0.00772877503
  vertex -0.0660696998 -0.0454951823 -0.0125621529
  vertex -0.066045545 -0.0454694666 -0.0125960344
  endloop
 endfacet

 facet normal 0.317547619 -0.789645314 -0.524998903
  outer loop
  vertex -0.0476651154 -0.0413139835 -0.00772877503
  vertex -0.066045545 -0.0454694666 -0.0125960344
  vertex -0.0476651154 -0.0412904099 -0.00776423374
  endloop
 endfacet

 facet normal 0.635348082 -0.643068314 -0.42754662
  outer loop
  vertex -0.0476651154 -0.0413139835 -0.00772877503
  vertex -0.0476651154 -0.0412904099 -0.00776423374
  vertex -0.0451014563 -0.0395244919 -0.0066106529
  endloop
 endfacet

 facet normal 0.635379076 -0.664984286 -0.392542332
  outer loop
  vertex -0.0476651154 -0.0413139835 -0.00772877503
  vertex -0.0451014563 -0.0395244919 -0.0066106529
  vertex -0.0411034785 -0.0367706008 -0.00480463728
  endloop
 endfacet

 facet normal 0.634926915 -0.674402118 -0.376894712
  outer loop
  vertex -0.0476651154 -0.0413139835 -0.00772877503
  vertex -0.0411034785 -0.0367706008 -0.00480463728
  vertex -0.0412514396 -0.0369099043 -0.00480463728
  endloop
 endfacet

 facet normal 0.630410135 -0.71058619 -0.312490642
  outer loop
  vertex -0.0476651154 -0.0413139835 -0.00772877503
  vertex -0.0412514396 -0.0369099043 -0.00480463728
  vertex -0.0413359888 -0.0369849131 -0.00480463728
  endloop
 endfacet

 facet normal 0.243885785 -0.919998407 -0.306793958
  outer loop
  vertex -0.0660576224 -0.045510184 -0.0125196027
  vertex -0.0660636649 -0.0455251858 -0.0124794161
  vertex -0.0660878196 -0.0455166139 -0.0125243291
  endloop
 endfacet

 facet normal 0.249132216 -0.890799999 -0.380011022
  outer loop
  vertex -0.0660576224 -0.045510184 -0.0125196027
  vertex -0.0660878196 -0.0455166139 -0.0125243291
  vertex -0.0660878196 -0.0454994701 -0.0125645157
  endloop
 endfacet

 facet normal 0.259797871 -0.885225236 -0.385851592
  outer loop
  vertex -0.0660576224 -0.045510184 -0.0125196027
  vertex -0.0660878196 -0.0454994701 -0.0125645157
  vertex -0.0660696998 -0.0454951823 -0.0125621529
  endloop
 endfacet

 facet normal 0.260836124 -0.849415064 -0.458757639
  outer loop
  vertex -0.0660696998 -0.0454951823 -0.0125621529
  vertex -0.0660878196 -0.0454994701 -0.0125645157
  vertex -0.066045545 -0.0454694666 -0.0125960344
  endloop
 endfacet

 facet normal 0.610622883 -0.772580743 -0.173951015
  outer loop
  vertex -0.0413359888 -0.0369849131 -0.00480463728
  vertex -0.041468855 -0.0370899253 -0.00480463728
  vertex -0.0450048298 -0.0395244919 -0.00640420569
  endloop
 endfacet

 facet normal 0.614971817 -0.762983561 -0.199163049
  outer loop
  vertex -0.0413359888 -0.0369849131 -0.00480463728
  vertex -0.0450048298 -0.0395244919 -0.00640420569
  vertex -0.0450229459 -0.0395244919 -0.0064601507
  endloop
 endfacet

 facet normal 0.590661407 -0.802506387 -0.0842771381
  outer loop
  vertex -0.0450048298 -0.0395244919 -0.00640420569
  vertex -0.041468855 -0.0370899253 -0.00480463728
  vertex -0.041550383 -0.0371499322 -0.00480463728
  endloop
 endfacet

 facet normal 0.233792946 -0.960144341 -0.153179333
  outer loop
  vertex -0.0661059394 -0.0455509052 -0.0123943165
  vertex -0.0661089569 -0.0455444753 -0.0124392305
  vertex -0.0660727248 -0.0455359034 -0.0124376537
  endloop
 endfacet

 facet normal 0.245820686 -0.958643317 -0.143440932
  outer loop
  vertex -0.0661059394 -0.0455509052 -0.0123943165
  vertex -0.0660727248 -0.0455359034 -0.0124376537
  vertex -0.0660817847 -0.0455444753 -0.0123958923
  endloop
 endfacet

 facet normal 0.233816415 -0.95278275 -0.193739399
  outer loop
  vertex -0.0660727248 -0.0455359034 -0.0124376537
  vertex -0.0661089569 -0.0455444753 -0.0124392305
  vertex -0.0660636649 -0.0455251858 -0.0124794161
  endloop
 endfacet

 facet normal 0.212540075 -0.952607512 -0.217636615
  outer loop
  vertex -0.0660636649 -0.0455251858 -0.0124794161
  vertex -0.0661089569 -0.0455444753 -0.0124392305
  vertex -0.0661300942 -0.0455401875 -0.0124786282
  endloop
 endfacet

 facet normal 0.211464524 -0.948749185 -0.234856904
  outer loop
  vertex -0.0660636649 -0.0455251858 -0.0124794161
  vertex -0.0661300942 -0.0455401875 -0.0124786282
  vertex -0.0660968795 -0.0455316156 -0.0124833547
  endloop
 endfacet

 facet normal 0.214883178 -0.932559431 -0.290100515
  outer loop
  vertex -0.0660636649 -0.0455251858 -0.0124794161
  vertex -0.0660968795 -0.0455316156 -0.0124833547
  vertex -0.0661149994 -0.0455230437 -0.0125243291
  endloop
 endfacet

 facet normal 0.219953522 -0.929596603 -0.295754164
  outer loop
  vertex -0.0660636649 -0.0455251858 -0.0124794161
  vertex -0.0661149994 -0.0455230437 -0.0125243291
  vertex -0.0660878196 -0.0455166139 -0.0125243291
  endloop
 endfacet

 facet normal -0.969170213 -0.219190866 -0.112537257
  outer loop
  vertex -0.0715533346 -0.0236676559 -0.0123966802
  vertex -0.0715503171 -0.0236676559 -0.0124226827
  vertex -0.0709584653 -0.0262801014 -0.0124313505
  endloop
 endfacet

 facet normal -0.969567478 -0.219331205 -0.108778656
  outer loop
  vertex -0.0715533346 -0.0236676559 -0.0123966802
  vertex -0.0709584653 -0.0262801014 -0.0124313505
  vertex -0.0666887239 -0.0451715738 -0.0123974681
  endloop
 endfacet

 facet normal -0.974167049 -0.220373914 -0.0493345484
  outer loop
  vertex -0.0715533346 -0.0236676559 -0.0123966802
  vertex -0.0666887239 -0.0451715738 -0.0123974681
  vertex -0.0709645078 -0.0262801014 -0.0123541299
  endloop
 endfacet

 facet normal -0.951824367 -0.268220872 -0.148620158
  outer loop
  vertex -0.0666887239 -0.0451715738 -0.0123974681
  vertex -0.0666826889 -0.0451694317 -0.0124400174
  vertex -0.0666706041 -0.0452122949 -0.0124400174
  endloop
 endfacet

 facet normal -0.949955046 -0.28178528 -0.134843186
  outer loop
  vertex -0.0666887239 -0.0451715738 -0.0123974681
  vertex -0.0666706041 -0.0452122949 -0.0124400174
  vertex -0.0666766465 -0.0452122949 -0.0123974681
  endloop
 endfacet

 facet normal -0.964610457 -0.21828106 -0.147919357
  outer loop
  vertex -0.0666887239 -0.0451715738 -0.0123974681
  vertex -0.0709584653 -0.0262801014 -0.0124313505
  vertex -0.0666826889 -0.0451694317 -0.0124400174
  endloop
 endfacet

 facet normal -0.94925493 -0.284181565 -0.13474381
  outer loop
  vertex -0.0666766465 -0.0452122949 -0.0123974681
  vertex -0.0666706041 -0.0452122949 -0.0124400174
  vertex -0.0666585267 -0.0452530123 -0.0124392305
  endloop
 endfacet

 facet normal -0.866658568 -0.418153614 -0.272122353
  outer loop
  vertex -0.0666585267 -0.0452530123 -0.0124392305
  vertex -0.0666464493 -0.0452508703 -0.0124809919
  vertex -0.0666404143 -0.0452915877 -0.0124376537
  endloop
 endfacet

 facet normal -0.900342464 -0.426405162 -0.0869608223
  outer loop
  vertex -0.0666585267 -0.0452530123 -0.0124392305
  vertex -0.0666404143 -0.0452915877 -0.0124376537
  vertex -0.0666434318 -0.0452937298 -0.0123958923
  endloop
 endfacet

 facet normal -0.945077956 -0.283482432 -0.162682489
  outer loop
  vertex -0.0666585267 -0.0452530123 -0.0124392305
  vertex -0.0666706041 -0.0452122949 -0.0124400174
  vertex -0.0666645691 -0.0452080071 -0.0124825686
  endloop
 endfacet

 facet normal -0.881977558 -0.382924199 -0.274744898
  outer loop
  vertex -0.0666585267 -0.0452530123 -0.0124392305
  vertex -0.0666645691 -0.0452080071 -0.0124825686
  vertex -0.0666464493 -0.0452508703 -0.0124809919
  endloop
 endfacet

 facet normal -0.859963417 -0.502719522 -0.0879546627
  outer loop
  vertex -0.0666434318 -0.0452937298 -0.0123958923
  vertex -0.0666404143 -0.0452915877 -0.0124376537
  vertex -0.0666222945 -0.0453301631 -0.0123943165
  endloop
 endfacet

 facet normal -0.836164594 -0.533891797 -0.125651747
  outer loop
  vertex -0.0666222945 -0.0453301631 -0.0123943165
  vertex -0.0666404143 -0.0452915877 -0.0124376537
  vertex -0.0666162521 -0.0453301631 -0.0124345021
  endloop
 endfacet

 facet normal -0.807495594 -0.577257812 -0.121343628
  outer loop
  vertex -0.0666222945 -0.0453301631 -0.0123943165
  vertex -0.0666162521 -0.0453301631 -0.0124345021
  vertex -0.0665920973 -0.0453644544 -0.0124321384
  endloop
 endfacet

 facet normal -0.796112001 -0.59787184 -0.0935670286
  outer loop
  vertex -0.0666222945 -0.0453301631 -0.0123943165
  vertex -0.0665920973 -0.0453644544 -0.0124321384
  vertex -0.0665951148 -0.0453665964 -0.0123927398
  endloop
 endfacet

 facet normal -0.778175116 -0.621055305 -0.0934548229
  outer loop
  vertex -0.0665951148 -0.0453665964 -0.0123927398
  vertex -0.0665920973 -0.0453644544 -0.0124321384
  vertex -0.0665679425 -0.0454008877 -0.012391164
  endloop
 endfacet

 facet normal -0.775616288 -0.623663008 -0.0972822085
  outer loop
  vertex -0.0665679425 -0.0454008877 -0.012391164
  vertex -0.0665920973 -0.0453644544 -0.0124321384
  vertex -0.0665649176 -0.045398742 -0.0124289859
  endloop
 endfacet

 facet normal -0.6990363 -0.708615422 -0.0959810987
  outer loop
  vertex -0.0665679425 -0.0454008877 -0.012391164
  vertex -0.0665649176 -0.045398742 -0.0124289859
  vertex -0.0665377453 -0.0454308875 -0.0123895882
  endloop
 endfacet

 facet normal -0.654716551 -0.740343273 -0.152439997
  outer loop
  vertex -0.0665377453 -0.0454308875 -0.0123895882
  vertex -0.0665649176 -0.045398742 -0.0124289859
  vertex -0.0665015057 -0.0454566069 -0.0124203181
  endloop
 endfacet

 facet normal -0.634437323 -0.765461683 -0.107506916
  outer loop
  vertex -0.0665377453 -0.0454308875 -0.0123895882
  vertex -0.0665015057 -0.0454566069 -0.0124203181
  vertex -0.0665045306 -0.0454587527 -0.0123872245
  endloop
 endfacet

 facet normal -0.564988017 -0.818441331 -0.104605071
  outer loop
  vertex -0.0665045306 -0.0454587527 -0.0123872245
  vertex -0.0665015057 -0.0454566069 -0.0124203181
  vertex -0.0664652735 -0.0454823263 -0.0124148028
  endloop
 endfacet

 facet normal -0.47312054 -0.866810441 -0.15746963
  outer loop
  vertex -0.0664652735 -0.0454823263 -0.0124148028
  vertex -0.0664592311 -0.0454801805 -0.0124447448
  vertex -0.066413939 -0.0455016121 -0.0124628684
  endloop
 endfacet

 facet normal -0.555841267 -0.816546023 -0.155862525
  outer loop
  vertex -0.0664652735 -0.0454823263 -0.0124148028
  vertex -0.0665015057 -0.0454566069 -0.0124203181
  vertex -0.0664924532 -0.0454566069 -0.0124526247
  endloop
 endfacet

 facet normal -0.543635726 -0.822233558 -0.168500111
  outer loop
  vertex -0.0664652735 -0.0454823263 -0.0124148028
  vertex -0.0664924532 -0.0454566069 -0.0124526247
  vertex -0.0664592311 -0.0454801805 -0.0124447448
  endloop
 endfacet

 facet normal -0.338836193 -0.91335547 -0.225769877
  outer loop
  vertex -0.066413939 -0.0455016121 -0.0124628684
  vertex -0.0664018616 -0.0454994701 -0.0124896588
  vertex -0.0663656294 -0.0455166139 -0.0124746878
  endloop
 endfacet

 facet normal -0.337934107 -0.915139914 -0.219817311
  outer loop
  vertex -0.066413939 -0.0455016121 -0.0124628684
  vertex -0.0663656294 -0.0455166139 -0.0124746878
  vertex -0.0663746819 -0.0455187559 -0.0124518368
  endloop
 endfacet

 facet normal -0.340068251 -0.915875673 -0.213366419
  outer loop
  vertex -0.066413939 -0.0455016121 -0.0124628684
  vertex -0.0663746819 -0.0455187559 -0.0124518368
  vertex -0.0663837418 -0.0455209017 -0.012428198
  endloop
 endfacet

 facet normal -0.486285448 -0.847342968 -0.213392168
  outer loop
  vertex -0.066413939 -0.0455016121 -0.0124628684
  vertex -0.0664592311 -0.0454801805 -0.0124447448
  vertex -0.0664501786 -0.0454780385 -0.0124739008
  endloop
 endfacet

 facet normal -0.468509614 -0.843336344 -0.26321584
  outer loop
  vertex -0.066413939 -0.0455016121 -0.0124628684
  vertex -0.0664501786 -0.0454780385 -0.0124739008
  vertex -0.0664380938 -0.0454758964 -0.012502267
  endloop
 endfacet

 facet normal -0.462405443 -0.845151186 -0.268143117
  outer loop
  vertex -0.066413939 -0.0455016121 -0.0124628684
  vertex -0.0664380938 -0.0454758964 -0.012502267
  vertex -0.0664260164 -0.0454737544 -0.0125298453
  endloop
 endfacet

 facet normal -0.452220678 -0.849488139 -0.27178371
  outer loop
  vertex -0.066413939 -0.0455016121 -0.0124628684
  vertex -0.0664260164 -0.0454737544 -0.0125298453
  vertex -0.0664018616 -0.0454994701 -0.0124896588
  endloop
 endfacet

 facet normal 0.53695178 -0.252189577 -0.805036187
  outer loop
  vertex -0.0407532044 -0.0362926871 -0.00480463728
  vertex -0.0407713205 -0.0363312662 -0.00480463728
  vertex -0.0454336144 -0.0395244919 -0.00691401865
  endloop
 endfacet

 facet normal 0.517587781 -0.207852006 -0.830000281
  outer loop
  vertex -0.0407532044 -0.0362926871 -0.00480463728
  vertex -0.0454336144 -0.0395244919 -0.00691401865
  vertex -0.0471759364 -0.0406946279 -0.00770749943
  endloop
 endfacet

 facet normal 0.517646432 -0.208402693 -0.82982564
  outer loop
  vertex -0.0471759364 -0.0406946279 -0.00770749943
  vertex -0.0471819751 -0.0407096297 -0.00770749943
  vertex -0.04770739 -0.0410953872 -0.00793837383
  endloop
 endfacet

 facet normal 0.51096946 -0.195354 -0.837106347
  outer loop
  vertex -0.0471759364 -0.0406946279 -0.00770749943
  vertex -0.04770739 -0.0410953872 -0.00793837383
  vertex -0.0477164499 -0.0410718136 -0.00794940535
  endloop
 endfacet

 facet normal 0.509240568 -0.191653579 -0.8390131
  outer loop
  vertex -0.0471759364 -0.0406946279 -0.00770749943
  vertex -0.0477164499 -0.0410718136 -0.00794940535
  vertex -0.0477224886 -0.0410568118 -0.00795649737
  endloop
 endfacet

 facet normal 0.498350263 -0.167182475 -0.850703835
  outer loop
  vertex -0.0471759364 -0.0406946279 -0.00770749943
  vertex -0.0477224886 -0.0410568118 -0.00795649737
  vertex -0.0471608378 -0.0406496227 -0.00770749943
  endloop
 endfacet

 facet normal 0.517865062 -0.208490655 -0.829667091
  outer loop
  vertex -0.0471759364 -0.0406946279 -0.00770749943
  vertex -0.0454336144 -0.0395244919 -0.00691401865
  vertex -0.0471819751 -0.0407096297 -0.00770749943
  endloop
 endfacet

 facet normal 0.497462809 -0.165431589 -0.851565123
  outer loop
  vertex -0.0471608378 -0.0406496227 -0.00770749943
  vertex -0.0477224886 -0.0410568118 -0.00795649737
  vertex -0.0477315485 -0.0410353802 -0.00796595216
  endloop
 endfacet

 facet normal 0.303624123 -0.274240553 -0.912471712
  outer loop
  vertex -0.0477315485 -0.0410353802 -0.00796595216
  vertex -0.0477224886 -0.0410568118 -0.00795649737
  vertex -0.0660485625 -0.0452015772 -0.0128087848
  endloop
 endfacet

 facet normal 0.294250667 -0.341005325 -0.892822444
  outer loop
  vertex -0.0660485625 -0.0452015772 -0.0128087848
  vertex -0.066045545 -0.0452422947 -0.012792238
  vertex -0.0660817847 -0.0452508703 -0.0128009059
  endloop
 endfacet

 facet normal 0.251617193 -0.3157987 -0.914855182
  outer loop
  vertex -0.0660485625 -0.0452015772 -0.0128087848
  vertex -0.0660817847 -0.0452508703 -0.0128009059
  vertex -0.0660908446 -0.0452101491 -0.0128174527
  endloop
 endfacet

 facet normal 0.307343692 -0.302775383 -0.902145803
  outer loop
  vertex -0.0660485625 -0.0452015772 -0.0128087848
  vertex -0.0477224886 -0.0410568118 -0.00795649737
  vertex -0.0477164499 -0.0410718136 -0.00794940535
  endloop
 endfacet

 facet normal 0.30747211 -0.303804129 -0.901756048
  outer loop
  vertex -0.0660485625 -0.0452015772 -0.0128087848
  vertex -0.0477164499 -0.0410718136 -0.00794940535
  vertex -0.04770739 -0.0410953872 -0.00793837383
  endloop
 endfacet

 facet normal 0.311483353 -0.337836593 -0.888169289
  outer loop
  vertex -0.0660485625 -0.0452015772 -0.0128087848
  vertex -0.04770739 -0.0410953872 -0.00793837383
  vertex -0.066045545 -0.0452422947 -0.012792238
  endloop
 endfacet

 facet normal 0.1777246 -0.266903341 -0.94719404
  outer loop
  vertex -0.0660968795 -0.0451694317 -0.01283006
  vertex -0.0660908446 -0.0452101491 -0.0128174527
  vertex -0.0661391541 -0.0451780036 -0.0128355762
  endloop
 endfacet

 facet normal 0.163457185 -0.182145804 -0.969589949
  outer loop
  vertex -0.0660968795 -0.0451694317 -0.01283006
  vertex -0.0661391541 -0.0451780036 -0.0128355762
  vertex -0.0661451966 -0.0451372862 -0.012844244
  endloop
 endfacet

 facet normal 0.1656463 -0.178953961 -0.96981281
  outer loop
  vertex -0.0660968795 -0.0451694317 -0.01283006
  vertex -0.0661451966 -0.0451372862 -0.012844244
  vertex -0.0661059394 -0.0451265685 -0.0128395166
  endloop
 endfacet

 facet normal 0.148650751 -0.111046366 -0.982635021
  outer loop
  vertex -0.0661059394 -0.0451265685 -0.0128395166
  vertex -0.0661451966 -0.0451372862 -0.012844244
  vertex -0.0661119744 -0.0450858511 -0.0128450319
  endloop
 endfacet

 facet normal 0.139822155 -0.105374478 -0.984553695
  outer loop
  vertex -0.0661119744 -0.0450858511 -0.0128450319
  vertex -0.0661451966 -0.0451372862 -0.012844244
  vertex -0.0661572739 -0.045094423 -0.0128505463
  endloop
 endfacet

 facet normal 0.124503434 -0.0196201243 -0.992025137
  outer loop
  vertex -0.0661119744 -0.0450858511 -0.0128450319
  vertex -0.0661572739 -0.045094423 -0.0128505463
  vertex -0.0661240593 -0.0450429879 -0.0128473956
  endloop
 endfacet

 facet normal 0.123640783 -0.0190557297 -0.992144167
  outer loop
  vertex -0.0661240593 -0.0450429879 -0.0128473956
  vertex -0.0661572739 -0.045094423 -0.0128505463
  vertex -0.0661633089 -0.0450515598 -0.0128521221
  endloop
 endfacet

 facet normal 0.0981735513 0.0221858248 -0.994922042
  outer loop
  vertex -0.0674043745 -0.0395244919 -0.0128513351
  vertex -0.0661633089 -0.0450515598 -0.0128521221
  vertex -0.0710037649 -0.0236676559 -0.0128529109
  endloop
 endfacet

 facet normal 0.0372473672 0.00843832828 -0.999270439
  outer loop
  vertex -0.0710037649 -0.0236676559 -0.0128529109
  vertex -0.0704541951 -0.0262801014 -0.0128544867
  vertex -0.0710460395 -0.0236676559 -0.0128544867
  endloop
 endfacet

 facet normal 0.0399873517 0.00901466236 -0.999159515
  outer loop
  vertex -0.0710037649 -0.0236676559 -0.0128529109
  vertex -0.0661633089 -0.0450515598 -0.0128521221
  vertex -0.0704541951 -0.0262801014 -0.0128544867
  endloop
 endfacet

 facet normal 0.0466611609 -0.0301337019 -0.99845618
  outer loop
  vertex -0.0661633089 -0.0450515598 -0.0128521221
  vertex -0.0661572739 -0.045094423 -0.0128505463
  vertex -0.0661965236 -0.0451029949 -0.0128521221
  endloop
 endfacet

 facet normal 0.0445063636 -0.0287421402 -0.998595595
  outer loop
  vertex -0.0661633089 -0.0450515598 -0.0128521221
  vertex -0.0661965236 -0.0451029949 -0.0128521221
  vertex -0.0662055835 -0.0450622775 -0.0128536979
  endloop
 endfacet

 facet normal 0.0352426209 0.00791738369 -0.999347389
  outer loop
  vertex -0.0661633089 -0.0450515598 -0.0128521221
  vertex -0.0662055835 -0.0450622775 -0.0128536979
  vertex -0.0674496666 -0.0395244919 -0.0128536979
  endloop
 endfacet

 facet normal 0.0382911675 0.00862693042 -0.999229491
  outer loop
  vertex -0.0661633089 -0.0450515598 -0.0128521221
  vertex -0.0674496666 -0.0395244919 -0.0128536979
  vertex -0.0704541951 -0.0262801014 -0.0128544867
  endloop
 endfacet

 facet normal -0.276060522 -0.91342175 -0.299084246
  outer loop
  vertex -0.0663203299 -0.0455316156 -0.0124778403
  vertex -0.0663565695 -0.0455144718 -0.0124967508
  vertex -0.0663414672 -0.0455123261 -0.012517239
  endloop
 endfacet

 facet normal -0.230636209 -0.917073727 -0.325242579
  outer loop
  vertex -0.0663203299 -0.0455316156 -0.0124778403
  vertex -0.0663414672 -0.0455123261 -0.012517239
  vertex -0.0662810728 -0.0455230437 -0.0125298453
  endloop
 endfacet

 facet normal -0.163571388 -0.946136355 -0.279411018
  outer loop
  vertex -0.0663203299 -0.0455316156 -0.0124778403
  vertex -0.0662810728 -0.0455230437 -0.0125298453
  vertex -0.0662629604 -0.0455380455 -0.0124896588
  endloop
 endfacet

 facet normal -0.155308694 -0.96033901 -0.231577754
  outer loop
  vertex -0.0663203299 -0.0455316156 -0.0124778403
  vertex -0.0662629604 -0.0455380455 -0.0124896588
  vertex -0.0662720203 -0.0455401875 -0.0124746878
  endloop
 endfacet

 facet normal -0.15642941 -0.96269232 -0.220802054
  outer loop
  vertex -0.0663203299 -0.0455316156 -0.0124778403
  vertex -0.0662720203 -0.0455401875 -0.0124746878
  vertex -0.0662901327 -0.0455444753 -0.012443169
  endloop
 endfacet

 facet normal -0.148695037 -0.96485883 -0.216650456
  outer loop
  vertex -0.0662901327 -0.0455444753 -0.012443169
  vertex -0.0662720203 -0.0455401875 -0.0124746878
  vertex -0.0662357807 -0.0455509052 -0.0124518368
  endloop
 endfacet

 facet normal -0.33807835 -0.91321969 -0.227448761
  outer loop
  vertex -0.0663656294 -0.0455166139 -0.0124746878
  vertex -0.0664018616 -0.0454994701 -0.0124896588
  vertex -0.0663565695 -0.0455144718 -0.0124967508
  endloop
 endfacet

 facet normal -0.342561126 -0.884333253 -0.317185521
  outer loop
  vertex -0.0663565695 -0.0455144718 -0.0124967508
  vertex -0.0664018616 -0.0454994701 -0.0124896588
  vertex -0.0663746819 -0.0454930402 -0.0125369374
  endloop
 endfacet

 facet normal -0.320503891 -0.888204932 -0.329194963
  outer loop
  vertex -0.0663565695 -0.0455144718 -0.0124967508
  vertex -0.0663746819 -0.0454930402 -0.0125369374
  vertex -0.0663414672 -0.0455123261 -0.012517239
  endloop
 endfacet

 facet normal -0.143257782 -0.963819921 -0.224785537
  outer loop
  vertex -0.0662357807 -0.0455509052 -0.0124518368
  vertex -0.0662720203 -0.0455401875 -0.0124746878
  vertex -0.0662629604 -0.0455380455 -0.0124896588
  endloop
 endfacet

 facet normal -0.107000187 -0.962237298 -0.250300616
  outer loop
  vertex -0.0662357807 -0.0455509052 -0.0124518368
  vertex -0.0662629604 -0.0455380455 -0.0124896588
  vertex -0.066250883 -0.0455359034 -0.0125030549
  endloop
 endfacet

 facet normal -0.0850674734 -0.962687373 -0.256898105
  outer loop
  vertex -0.0662357807 -0.0455509052 -0.0124518368
  vertex -0.066250883 -0.0455359034 -0.0125030549
  vertex -0.0662176684 -0.0455466174 -0.0124739008
  endloop
 endfacet

 facet normal -0.00264798757 -0.98123014 -0.192822814
  outer loop
  vertex -0.0662357807 -0.0455509052 -0.0124518368
  vertex -0.0662176684 -0.0455466174 -0.0124739008
  vertex -0.0661784112 -0.0455509052 -0.0124526247
  endloop
 endfacet

 facet normal -0.00252984883 -0.982881784 -0.18422012
  outer loop
  vertex -0.0662357807 -0.0455509052 -0.0124518368
  vertex -0.0661784112 -0.0455509052 -0.0124526247
  vertex -0.0662055835 -0.0455573313 -0.0124179544
  endloop
 endfacet

 facet normal 0.00251258514 -0.97938776 -0.201973185
  outer loop
  vertex -0.0661784112 -0.0455509052 -0.0124526247
  vertex -0.0662176684 -0.0455466174 -0.0124739008
  vertex -0.0662055835 -0.0455444753 -0.0124841435
  endloop
 endfacet

 facet normal 0.0445586331 -0.970624208 -0.236438334
  outer loop
  vertex -0.0661784112 -0.0455509052 -0.0124526247
  vertex -0.0662055835 -0.0455444753 -0.0124841435
  vertex -0.0661693513 -0.0455487594 -0.0124597168
  endloop
 endfacet

 facet normal 0.05708481 -0.965487003 -0.254118264
  outer loop
  vertex -0.0661693513 -0.0455487594 -0.0124597168
  vertex -0.0662055835 -0.0455444753 -0.0124841435
  vertex -0.0661693513 -0.0455359034 -0.0125085711
  endloop
 endfacet

 facet normal 0.0728977546 -0.964491069 -0.253856152
  outer loop
  vertex -0.0661693513 -0.0455487594 -0.0124597168
  vertex -0.0661693513 -0.0455359034 -0.0125085711
  vertex -0.0661391541 -0.0455423295 -0.0124754766
  endloop
 endfacet

 facet normal 0.121458016 -0.947772205 -0.294916689
  outer loop
  vertex -0.0661391541 -0.0455423295 -0.0124754766
  vertex -0.0661693513 -0.0455359034 -0.0125085711
  vertex -0.0661300942 -0.0455401875 -0.0124786282
  endloop
 endfacet

 facet normal 0.161966354 -0.967904449 -0.192166552
  outer loop
  vertex -0.0661391541 -0.0455423295 -0.0124754766
  vertex -0.0661300942 -0.0455401875 -0.0124786282
  vertex -0.0661089569 -0.0455444753 -0.0124392305
  endloop
 endfacet

 facet normal 0.250456423 -0.846460998 -0.469867468
  outer loop
  vertex -0.066045545 -0.0454694666 -0.0125960344
  vertex -0.0660878196 -0.0454994701 -0.0125645157
  vertex -0.0660878196 -0.0454780385 -0.0126031265
  endloop
 endfacet

 facet normal 0.252517879 -0.818722844 -0.515681863
  outer loop
  vertex -0.066045545 -0.0454694666 -0.0125960344
  vertex -0.0660878196 -0.0454780385 -0.0126031265
  vertex -0.0660666823 -0.045450177 -0.0126370089
  endloop
 endfacet

 facet normal 0.318374574 -0.783788621 -0.533210158
  outer loop
  vertex -0.066045545 -0.0454694666 -0.0125960344
  vertex -0.0660666823 -0.045450177 -0.0126370089
  vertex -0.0476651154 -0.0412904099 -0.00776423374
  endloop
 endfacet

 facet normal 0.629807413 -0.584442556 -0.511634231
  outer loop
  vertex -0.0476651154 -0.0412904099 -0.00776423374
  vertex -0.0476681367 -0.0412646942 -0.00779732829
  vertex -0.0474718586 -0.0411318205 -0.00770749943
  endloop
 endfacet

 facet normal 0.632551968 -0.592275679 -0.499086678
  outer loop
  vertex -0.0476651154 -0.0412904099 -0.00776423374
  vertex -0.0474718586 -0.0411318205 -0.00770749943
  vertex -0.0451014563 -0.0395244919 -0.0066106529
  endloop
 endfacet

 facet normal 0.323253572 -0.742022991 -0.587289512
  outer loop
  vertex -0.0476651154 -0.0412904099 -0.00776423374
  vertex -0.0660666823 -0.045450177 -0.0126370089
  vertex -0.0660395101 -0.0454158857 -0.0126653751
  endloop
 endfacet

 facet normal 0.324150741 -0.732424915 -0.598732114
  outer loop
  vertex -0.0476651154 -0.0412904099 -0.00776423374
  vertex -0.0660395101 -0.0454158857 -0.0126653751
  vertex -0.0476681367 -0.0412646942 -0.00779732829
  endloop
 endfacet

 facet normal 0.630951524 -0.572912395 -0.523136258
  outer loop
  vertex -0.0451014563 -0.0395244919 -0.0066106529
  vertex -0.0410159118 -0.0366741605 -0.00480463728
  vertex -0.0411034785 -0.0367706008 -0.00480463728
  endloop
 endfacet

 facet normal 0.629665315 -0.564076781 -0.534171283
  outer loop
  vertex -0.0451014563 -0.0395244919 -0.0066106529
  vertex -0.0474718586 -0.0411318205 -0.00770749943
  vertex -0.0410159118 -0.0366741605 -0.00480463728
  endloop
 endfacet

 facet normal 0.228391275 -0.895491004 -0.382012218
  outer loop
  vertex -0.0660878196 -0.0455166139 -0.0125243291
  vertex -0.0661059394 -0.0455037542 -0.0125653036
  vertex -0.0660878196 -0.0454994701 -0.0125645157
  endloop
 endfacet

 facet normal 0.213252008 -0.901273847 -0.377132595
  outer loop
  vertex -0.0660878196 -0.0455166139 -0.0125243291
  vertex -0.0661149994 -0.0455230437 -0.0125243291
  vertex -0.0661059394 -0.0455037542 -0.0125653036
  endloop
 endfacet

 facet normal 0.222183466 -0.852473736 -0.473205179
  outer loop
  vertex -0.0660878196 -0.0454994701 -0.0125645157
  vertex -0.0661059394 -0.0455037542 -0.0125653036
  vertex -0.0660878196 -0.0454780385 -0.0126031265
  endloop
 endfacet

 facet normal 0.133089393 -0.941610992 -0.309283018
  outer loop
  vertex -0.0661300942 -0.0455401875 -0.0124786282
  vertex -0.0661693513 -0.0455359034 -0.0125085711
  vertex -0.0661149994 -0.0455230437 -0.0125243291
  endloop
 endfacet

 facet normal 0.201320454 -0.9371292 -0.285059631
  outer loop
  vertex -0.0661300942 -0.0455401875 -0.0124786282
  vertex -0.0661149994 -0.0455230437 -0.0125243291
  vertex -0.0660968795 -0.0455316156 -0.0124833547
  endloop
 endfacet

 facet normal 0.108405143 -0.919950426 -0.376748651
  outer loop
  vertex -0.0661149994 -0.0455230437 -0.0125243291
  vertex -0.0661693513 -0.0455359034 -0.0125085711
  vertex -0.0661572739 -0.0455144718 -0.0125574246
  endloop
 endfacet

 facet normal 0.11603944 -0.915451527 -0.385335416
  outer loop
  vertex -0.0661149994 -0.0455230437 -0.0125243291
  vertex -0.0661572739 -0.0455144718 -0.0125574246
  vertex -0.0661391541 -0.045510184 -0.0125621529
  endloop
 endfacet

 facet normal 0.138049766 -0.907511175 -0.396693677
  outer loop
  vertex -0.0661149994 -0.0455230437 -0.0125243291
  vertex -0.0661391541 -0.045510184 -0.0125621529
  vertex -0.0661059394 -0.0455037542 -0.0125653036
  endloop
 endfacet

 facet normal -0.960311055 -0.216975659 -0.175283596
  outer loop
  vertex -0.0715503171 -0.0236676559 -0.0124226827
  vertex -0.0715472922 -0.0236676559 -0.0124392305
  vertex -0.0709584653 -0.0262801014 -0.0124313505
  endloop
 endfacet

 facet normal -0.950556278 -0.21492444 -0.224165708
  outer loop
  vertex -0.0709584653 -0.0262801014 -0.0124313505
  vertex -0.0715472922 -0.0236676559 -0.0124392305
  vertex -0.0709463879 -0.0262801014 -0.0124825686
  endloop
 endfacet

 facet normal -0.950543761 -0.214983031 -0.224162742
  outer loop
  vertex -0.0709584653 -0.0262801014 -0.0124313505
  vertex -0.0709463879 -0.0262801014 -0.0124825686
  vertex -0.0679509267 -0.0395244919 -0.0124825686
  endloop
 endfacet

 facet normal -0.954975128 -0.216069967 -0.203313321
  outer loop
  vertex -0.0709584653 -0.0262801014 -0.0124313505
  vertex -0.0679509267 -0.0395244919 -0.0124825686
  vertex -0.0679599866 -0.0395244919 -0.0124400174
  endloop
 endfacet

 facet normal -0.959343374 -0.217073902 -0.180386841
  outer loop
  vertex -0.0709584653 -0.0262801014 -0.0124313505
  vertex -0.0679599866 -0.0395244919 -0.0124400174
  vertex -0.0666826889 -0.0451694317 -0.0124400174
  endloop
 endfacet

 facet normal -0.94983691 -0.267660797 -0.161763936
  outer loop
  vertex -0.0666826889 -0.0451694317 -0.0124400174
  vertex -0.0666645691 -0.0452080071 -0.0124825686
  vertex -0.0666706041 -0.0452122949 -0.0124400174
  endloop
 endfacet

 facet normal -0.95497191 -0.216084749 -0.203312621
  outer loop
  vertex -0.0666826889 -0.0451694317 -0.0124400174
  vertex -0.0679599866 -0.0395244919 -0.0124400174
  vertex -0.0679509267 -0.0395244919 -0.0124825686
  endloop
 endfacet

 facet normal -0.953512073 -0.215809733 -0.210335299
  outer loop
  vertex -0.0666826889 -0.0451694317 -0.0124400174
  vertex -0.0679509267 -0.0395244919 -0.0124825686
  vertex -0.0666645691 -0.0452080071 -0.0124825686
  endloop
 endfacet

 facet normal -0.873686194 -0.380465448 -0.303180695
  outer loop
  vertex -0.0666464493 -0.0452508703 -0.0124809919
  vertex -0.0666645691 -0.0452080071 -0.0124825686
  vertex -0.0666343719 -0.0452465825 -0.0125211785
  endloop
 endfacet

 facet normal -0.861932874 -0.406919897 -0.302470088
  outer loop
  vertex -0.0666464493 -0.0452508703 -0.0124809919
  vertex -0.0666343719 -0.0452465825 -0.0125211785
  vertex -0.0666162521 -0.0452872999 -0.0125180259
  endloop
 endfacet

 facet normal -0.859598577 -0.426685542 -0.281122476
  outer loop
  vertex -0.0666464493 -0.0452508703 -0.0124809919
  vertex -0.0666162521 -0.0452872999 -0.0125180259
  vertex -0.0666404143 -0.0452915877 -0.0124376537
  endloop
 endfacet

 facet normal -0.833229005 -0.479121238 -0.275993496
  outer loop
  vertex -0.0666404143 -0.0452915877 -0.0124376537
  vertex -0.0666162521 -0.0452872999 -0.0125180259
  vertex -0.0666071922 -0.045328021 -0.0124746878
  endloop
 endfacet

 facet normal -0.820115745 -0.530994236 -0.213202178
  outer loop
  vertex -0.0666404143 -0.0452915877 -0.0124376537
  vertex -0.0666071922 -0.045328021 -0.0124746878
  vertex -0.0666162521 -0.0453301631 -0.0124345021
  endloop
 endfacet

 facet normal -0.897943974 -0.273036122 -0.345177978
  outer loop
  vertex -0.0666645691 -0.0452080071 -0.0124825686
  vertex -0.0666615516 -0.0451651439 -0.0125243291
  vertex -0.0666494668 -0.0452058651 -0.0125235412
  endloop
 endfacet

 facet normal -0.875000477 -0.344196111 -0.340445787
  outer loop
  vertex -0.0666645691 -0.0452080071 -0.0124825686
  vertex -0.0666494668 -0.0452058651 -0.0125235412
  vertex -0.0666343719 -0.0452465825 -0.0125211785
  endloop
 endfacet

 facet normal -0.934938371 -0.211605906 -0.284803689
  outer loop
  vertex -0.0666645691 -0.0452080071 -0.0124825686
  vertex -0.0679509267 -0.0395244919 -0.0124825686
  vertex -0.0666615516 -0.0451651439 -0.0125243291
  endloop
 endfacet

 facet normal -0.792553663 -0.572788477 -0.209218055
  outer loop
  vertex -0.0666162521 -0.0453301631 -0.0124345021
  vertex -0.0666071922 -0.045328021 -0.0124746878
  vertex -0.0665920973 -0.0453644544 -0.0124321384
  endloop
 endfacet

 facet normal -0.756356061 -0.618925691 -0.211793467
  outer loop
  vertex -0.0665920973 -0.0453644544 -0.0124321384
  vertex -0.0665830374 -0.0453623123 -0.0124707483
  vertex -0.0665649176 -0.045398742 -0.0124289859
  endloop
 endfacet

 facet normal -0.786219835 -0.578752756 -0.216572329
  outer loop
  vertex -0.0665920973 -0.0453644544 -0.0124321384
  vertex -0.0666071922 -0.045328021 -0.0124746878
  vertex -0.0665830374 -0.0453623123 -0.0124707483
  endloop
 endfacet

 facet normal -0.746039808 -0.627259731 -0.223539412
  outer loop
  vertex -0.0665649176 -0.045398742 -0.0124289859
  vertex -0.0665830374 -0.0453623123 -0.0124707483
  vertex -0.0665468052 -0.0453944579 -0.0125014791
  endloop
 endfacet

 facet normal -0.669682205 -0.712486506 -0.20949626
  outer loop
  vertex -0.0665649176 -0.045398742 -0.0124289859
  vertex -0.0665468052 -0.0453944579 -0.0125014791
  vertex -0.0665256679 -0.0454266034 -0.0124597168
  endloop
 endfacet

 facet normal -0.652758121 -0.739796638 -0.163118899
  outer loop
  vertex -0.0665649176 -0.045398742 -0.0124289859
  vertex -0.0665256679 -0.0454266034 -0.0124597168
  vertex -0.0665015057 -0.0454566069 -0.0124203181
  endloop
 endfacet

 facet normal -0.638156772 -0.748822331 -0.178944513
  outer loop
  vertex -0.0665015057 -0.0454566069 -0.0124203181
  vertex -0.0665256679 -0.0454266034 -0.0124597168
  vertex -0.0664924532 -0.0454566069 -0.0124526247
  endloop
 endfacet

 facet normal -0.532626748 -0.820191085 -0.20879513
  outer loop
  vertex -0.0664592311 -0.0454801805 -0.0124447448
  vertex -0.0664924532 -0.0454566069 -0.0124526247
  vertex -0.0664833933 -0.0454544649 -0.0124841435
  endloop
 endfacet

 facet normal -0.517974973 -0.826171279 -0.221682221
  outer loop
  vertex -0.0664592311 -0.0454801805 -0.0124447448
  vertex -0.0664833933 -0.0454544649 -0.0124841435
  vertex -0.0664501786 -0.0454780385 -0.0124739008
  endloop
 endfacet

 facet normal -0.624752581 -0.746106625 -0.230237439
  outer loop
  vertex -0.0664924532 -0.0454566069 -0.0124526247
  vertex -0.0665256679 -0.0454266034 -0.0124597168
  vertex -0.0664833933 -0.0454544649 -0.0124841435
  endloop
 endfacet

 facet normal -0.371614188 -0.867166162 -0.331550807
  outer loop
  vertex -0.0664018616 -0.0454994701 -0.0124896588
  vertex -0.0664260164 -0.0454737544 -0.0125298453
  vertex -0.0663746819 -0.0454930402 -0.0125369374
  endloop
 endfacet

 facet normal -0.49879545 -0.822100401 -0.274506927
  outer loop
  vertex -0.0664501786 -0.0454780385 -0.0124739008
  vertex -0.0664833933 -0.0454544649 -0.0124841435
  vertex -0.0664380938 -0.0454758964 -0.012502267
  endloop
 endfacet

 facet normal -0.500312448 -0.818404675 -0.282668203
  outer loop
  vertex -0.0664380938 -0.0454758964 -0.012502267
  vertex -0.0664833933 -0.0454544649 -0.0124841435
  vertex -0.0664260164 -0.0454737544 -0.0125298453
  endloop
 endfacet

 facet normal -0.517998874 -0.795441508 -0.314563274
  outer loop
  vertex -0.0664260164 -0.0454737544 -0.0125298453
  vertex -0.0664833933 -0.0454544649 -0.0124841435
  vertex -0.0664713159 -0.045450177 -0.0125148743
  endloop
 endfacet

 facet normal -0.518327951 -0.793804169 -0.318137169
  outer loop
  vertex -0.0664260164 -0.0454737544 -0.0125298453
  vertex -0.0664713159 -0.045450177 -0.0125148743
  vertex -0.0664562136 -0.045448035 -0.0125448173
  endloop
 endfacet

 facet normal -0.457342207 -0.782726943 -0.422109663
  outer loop
  vertex -0.0664260164 -0.0454737544 -0.0125298453
  vertex -0.0664562136 -0.045448035 -0.0125448173
  vertex -0.0664380938 -0.0454437509 -0.0125723956
  endloop
 endfacet

 facet normal -0.446324438 -0.786093652 -0.427611202
  outer loop
  vertex -0.0664260164 -0.0454737544 -0.0125298453
  vertex -0.0664380938 -0.0454437509 -0.0125723956
  vertex -0.0664199814 -0.0454394631 -0.012599187
  endloop
 endfacet

 facet normal -0.429409325 -0.794114411 -0.430104554
  outer loop
  vertex -0.0664260164 -0.0454737544 -0.0125298453
  vertex -0.0664199814 -0.0454394631 -0.012599187
  vertex -0.066407904 -0.0454694666 -0.0125558488
  endloop
 endfacet

 facet normal -0.370380253 -0.839985371 -0.396538854
  outer loop
  vertex -0.0664260164 -0.0454737544 -0.0125298453
  vertex -0.066407904 -0.0454694666 -0.0125558488
  vertex -0.0663746819 -0.0454930402 -0.0125369374
  endloop
 endfacet

 facet normal 0.568372726 -0.331381083 -0.753086329
  outer loop
  vertex -0.0407713205 -0.0363312662 -0.00480463728
  vertex -0.0408437923 -0.0364555642 -0.00480463728
  vertex -0.0472302921 -0.0408124998 -0.00770749943
  endloop
 endfacet

 facet normal 0.544808149 -0.271251887 -0.793477476
  outer loop
  vertex -0.0407713205 -0.0363312662 -0.00480463728
  vertex -0.0472302921 -0.0408124998 -0.00770749943
  vertex -0.04770739 -0.0410953872 -0.00793837383
  endloop
 endfacet

 facet normal 0.539542079 -0.258428097 -0.801317215
  outer loop
  vertex -0.0407713205 -0.0363312662 -0.00480463728
  vertex -0.04770739 -0.0410953872 -0.00793837383
  vertex -0.0454336144 -0.0395244919 -0.00691401865
  endloop
 endfacet

 facet normal 0.519397199 -0.21198687 -0.827821374
  outer loop
  vertex -0.0454336144 -0.0395244919 -0.00691401865
  vertex -0.04770739 -0.0410953872 -0.00793837383
  vertex -0.0471819751 -0.0407096297 -0.00770749943
  endloop
 endfacet

 facet normal 0.551009357 -0.290973514 -0.782127321
  outer loop
  vertex -0.04770739 -0.0410953872 -0.00793837383
  vertex -0.0472302921 -0.0408124998 -0.00770749943
  vertex -0.0476953126 -0.0411318205 -0.0079163108
  endloop
 endfacet

 facet normal 0.458296239 -0.344287455 -0.819408774
  outer loop
  vertex -0.04770739 -0.0410953872 -0.00793837383
  vertex -0.0476953126 -0.0411318205 -0.0079163108
  vertex -0.0477043726 -0.0411082469 -0.00793128181
  endloop
 endfacet

 facet normal 0.317937106 -0.399530053 -0.859820783
  outer loop
  vertex -0.04770739 -0.0410953872 -0.00793837383
  vertex -0.0477043726 -0.0411082469 -0.00793128181
  vertex -0.0660425276 -0.0452808738 -0.0127733266
  endloop
 endfacet

 facet normal 0.317711115 -0.397194624 -0.860985518
  outer loop
  vertex -0.04770739 -0.0410953872 -0.00793837383
  vertex -0.0660425276 -0.0452808738 -0.0127733266
  vertex -0.066045545 -0.0452422947 -0.012792238
  endloop
 endfacet

 facet normal 0.30172047 -0.400508404 -0.865192354
  outer loop
  vertex -0.066045545 -0.0452422947 -0.012792238
  vertex -0.0660425276 -0.0452808738 -0.0127733266
  vertex -0.0660817847 -0.0452508703 -0.0128009059
  endloop
 endfacet

 facet normal 0.286344022 -0.417874753 -0.862199426
  outer loop
  vertex -0.0660817847 -0.0452508703 -0.0128009059
  vertex -0.0660425276 -0.0452808738 -0.0127733266
  vertex -0.0660787597 -0.0452894457 -0.0127812065
  endloop
 endfacet

 facet normal 0.216177985 -0.430562019 -0.876289606
  outer loop
  vertex -0.0660817847 -0.0452508703 -0.0128009059
  vertex -0.0660787597 -0.0452894457 -0.0127812065
  vertex -0.0661149994 -0.0452980176 -0.0127859339
  endloop
 endfacet

 facet normal 0.198522776 -0.420923561 -0.885105729
  outer loop
  vertex -0.0660817847 -0.0452508703 -0.0128009059
  vertex -0.0661149994 -0.0452980176 -0.0127859339
  vertex -0.0661210343 -0.0452594422 -0.0128056332
  endloop
 endfacet

 facet normal 0.184364587 -0.334565312 -0.924162149
  outer loop
  vertex -0.0660817847 -0.0452508703 -0.0128009059
  vertex -0.0661210343 -0.0452594422 -0.0128056332
  vertex -0.0661300942 -0.0452187248 -0.012822181
  endloop
 endfacet

 facet normal 0.184382975 -0.334541082 -0.924167335
  outer loop
  vertex -0.0660817847 -0.0452508703 -0.0128009059
  vertex -0.0661300942 -0.0452187248 -0.012822181
  vertex -0.0660908446 -0.0452101491 -0.0128174527
  endloop
 endfacet

 facet normal 0.173543274 -0.272694558 -0.946319461
  outer loop
  vertex -0.0660908446 -0.0452101491 -0.0128174527
  vertex -0.0661300942 -0.0452187248 -0.012822181
  vertex -0.0661391541 -0.0451780036 -0.0128355762
  endloop
 endfacet

 facet normal 0.116474532 -0.286882967 -0.950858533
  outer loop
  vertex -0.0661391541 -0.0451780036 -0.0128355762
  vertex -0.0661300942 -0.0452187248 -0.012822181
  vertex -0.0661784112 -0.0451887213 -0.012837152
  endloop
 endfacet

 facet normal 0.0922125429 -0.194209024 -0.976616502
  outer loop
  vertex -0.0661391541 -0.0451780036 -0.0128355762
  vertex -0.0661784112 -0.0451887213 -0.012837152
  vertex -0.0661451966 -0.0451372862 -0.012844244
  endloop
 endfacet

 facet normal 0.0735810027 -0.182700083 -0.98041147
  outer loop
  vertex -0.0661451966 -0.0451372862 -0.012844244
  vertex -0.0661784112 -0.0451887213 -0.012837152
  vertex -0.0661874712 -0.0451458544 -0.0128458198
  endloop
 endfacet

 facet normal 0.0636350736 -0.132020816 -0.989202201
  outer loop
  vertex -0.0661451966 -0.0451372862 -0.012844244
  vertex -0.0661874712 -0.0451458544 -0.0128458198
  vertex -0.0661965236 -0.0451029949 -0.0128521221
  endloop
 endfacet

 facet normal 0.0673655123 -0.126544043 -0.989670932
  outer loop
  vertex -0.0661451966 -0.0451372862 -0.012844244
  vertex -0.0661965236 -0.0451029949 -0.0128521221
  vertex -0.0661572739 -0.045094423 -0.0128505463
  endloop
 endfacet

 facet normal 0.0270777717 0.00608312106 -0.999614835
  outer loop
  vertex -0.0704541951 -0.0262801014 -0.0128544867
  vertex -0.0674496666 -0.0395244919 -0.0128536979
  vertex -0.0662055835 -0.0450622775 -0.0128536979
  endloop
 endfacet

 facet normal -0.0499473624 -0.0113402465 -0.998687565
  outer loop
  vertex -0.0704541951 -0.0262801014 -0.0128544867
  vertex -0.0662055835 -0.0450622775 -0.0128536979
  vertex -0.066250883 -0.0450708494 -0.0128513351
  endloop
 endfacet

 facet normal -0.0585810542 -0.0132714398 -0.998194456
  outer loop
  vertex -0.0704541951 -0.0262801014 -0.0128544867
  vertex -0.066250883 -0.0450708494 -0.0128513351
  vertex -0.0710460395 -0.0236676559 -0.0128544867
  endloop
 endfacet

 facet normal -0.0743306279 -0.0167998001 -0.997092187
  outer loop
  vertex -0.0710460395 -0.0236676559 -0.0128544867
  vertex -0.066250883 -0.0450708494 -0.0128513351
  vertex -0.0710883141 -0.0236676559 -0.0128513351
  endloop
 endfacet

 facet normal 6.39415839e-06 -0.145492688 -0.989359438
  outer loop
  vertex -0.0661965236 -0.0451029949 -0.0128521221
  vertex -0.0661874712 -0.0451458544 -0.0128458198
  vertex -0.0662297457 -0.045156572 -0.012844244
  endloop
 endfacet

 facet normal -0.0218864344 -0.132159263 -0.990986824
  outer loop
  vertex -0.0661965236 -0.0451029949 -0.0128521221
  vertex -0.0662297457 -0.045156572 -0.012844244
  vertex -0.0662388057 -0.0451137088 -0.0128497602
  endloop
 endfacet

 facet normal -0.0433719717 -0.0489064716 -0.997861266
  outer loop
  vertex -0.0661965236 -0.0451029949 -0.0128521221
  vertex -0.0662388057 -0.0451137088 -0.0128497602
  vertex -0.066250883 -0.0450708494 -0.0128513351
  endloop
 endfacet

 facet normal -0.0429372825 -0.0481701717 -0.997915864
  outer loop
  vertex -0.0661965236 -0.0451029949 -0.0128521221
  vertex -0.066250883 -0.0450708494 -0.0128513351
  vertex -0.0662055835 -0.0450622775 -0.0128536979
  endloop
 endfacet

 facet normal -0.231769055 -0.913849473 -0.333410263
  outer loop
  vertex -0.0663414672 -0.0455123261 -0.012517239
  vertex -0.06631127 -0.0455058999 -0.0125558488
  vertex -0.0662810728 -0.0455230437 -0.0125298453
  endloop
 endfacet

 facet normal -0.297863334 -0.883139372 -0.362411648
  outer loop
  vertex -0.0663414672 -0.0455123261 -0.012517239
  vertex -0.0663746819 -0.0454930402 -0.0125369374
  vertex -0.066359587 -0.0454887562 -0.0125597883
  endloop
 endfacet

 facet normal -0.283870161 -0.884878755 -0.369333714
  outer loop
  vertex -0.0663414672 -0.0455123261 -0.012517239
  vertex -0.066359587 -0.0454887562 -0.0125597883
  vertex -0.06631127 -0.0455058999 -0.0125558488
  endloop
 endfacet

 facet normal -0.0985613167 -0.925963163 -0.364524126
  outer loop
  vertex -0.0662810728 -0.0455230437 -0.0125298453
  vertex -0.0662659779 -0.0455187559 -0.0125448173
  vertex -0.0662357807 -0.0455337577 -0.0125148743
  endloop
 endfacet

 facet normal -0.11676956 -0.940297425 -0.319696516
  outer loop
  vertex -0.0662810728 -0.0455230437 -0.0125298453
  vertex -0.0662357807 -0.0455337577 -0.0125148743
  vertex -0.066250883 -0.0455359034 -0.0125030549
  endloop
 endfacet

 facet normal -0.149345815 -0.946528673 -0.285970747
  outer loop
  vertex -0.0662810728 -0.0455230437 -0.0125298453
  vertex -0.066250883 -0.0455359034 -0.0125030549
  vertex -0.0662629604 -0.0455380455 -0.0124896588
  endloop
 endfacet

 facet normal -0.168348983 -0.901423633 -0.398865849
  outer loop
  vertex -0.0662810728 -0.0455230437 -0.0125298453
  vertex -0.06631127 -0.0455058999 -0.0125558488
  vertex -0.0662931576 -0.0455016121 -0.0125731835
  endloop
 endfacet

 facet normal -0.145960346 -0.902340055 -0.405558854
  outer loop
  vertex -0.0662810728 -0.0455230437 -0.0125298453
  vertex -0.0662931576 -0.0455016121 -0.0125731835
  vertex -0.0662659779 -0.0455187559 -0.0125448173
  endloop
 endfacet

 facet normal -0.36773783 -0.839331329 -0.400364727
  outer loop
  vertex -0.0663746819 -0.0454930402 -0.0125369374
  vertex -0.066407904 -0.0454694666 -0.0125558488
  vertex -0.066359587 -0.0454887562 -0.0125597883
  endloop
 endfacet

 facet normal -0.0739832297 -0.960384011 -0.268680036
  outer loop
  vertex -0.066250883 -0.0455359034 -0.0125030549
  vertex -0.0662357807 -0.0455337577 -0.0125148743
  vertex -0.0662176684 -0.0455466174 -0.0124739008
  endloop
 endfacet

 facet normal -0.061906904 -0.959783256 -0.273831308
  outer loop
  vertex -0.0662176684 -0.0455466174 -0.0124739008
  vertex -0.0662357807 -0.0455337577 -0.0125148743
  vertex -0.0662055835 -0.0455444753 -0.0124841435
  endloop
 endfacet

 facet normal 0.0135889454 -0.949630797 -0.313076496
  outer loop
  vertex -0.0662055835 -0.0455444753 -0.0124841435
  vertex -0.0662055835 -0.0455273278 -0.0125361495
  vertex -0.0661693513 -0.0455359034 -0.0125085711
  endloop
 endfacet

 facet normal -0.0183631238 -0.949558258 -0.313052595
  outer loop
  vertex -0.0662055835 -0.0455444753 -0.0124841435
  vertex -0.0662357807 -0.0455337577 -0.0125148743
  vertex -0.0662055835 -0.0455273278 -0.0125361495
  endloop
 endfacet

 facet normal 0.0558551066 -0.930272758 -0.362591833
  outer loop
  vertex -0.0661693513 -0.0455359034 -0.0125085711
  vertex -0.0662055835 -0.0455273278 -0.0125361495
  vertex -0.0661904886 -0.0455230437 -0.0125448173
  endloop
 endfacet

 facet normal 0.0929689258 -0.9200508 -0.380609125
  outer loop
  vertex -0.0661693513 -0.0455359034 -0.0125085711
  vertex -0.0661904886 -0.0455230437 -0.0125448173
  vertex -0.0661572739 -0.0455144718 -0.0125574246
  endloop
 endfacet

 facet normal 0.207112461 -0.852297723 -0.480305135
  outer loop
  vertex -0.0660878196 -0.0454780385 -0.0126031265
  vertex -0.0661059394 -0.0455037542 -0.0125653036
  vertex -0.0661300942 -0.0454887562 -0.0126023386
  endloop
 endfacet

 facet normal 0.199367926 -0.825281024 -0.528359532
  outer loop
  vertex -0.0660878196 -0.0454780385 -0.0126031265
  vertex -0.0661300942 -0.0454887562 -0.0126023386
  vertex -0.0661149994 -0.045460891 -0.0126401614
  endloop
 endfacet

 facet normal 0.215961665 -0.815977514 -0.536228895
  outer loop
  vertex -0.0660878196 -0.0454780385 -0.0126031265
  vertex -0.0661149994 -0.045460891 -0.0126401614
  vertex -0.0660666823 -0.045450177 -0.0126370089
  endloop
 endfacet

 facet normal 0.214975461 -0.807827294 -0.548817456
  outer loop
  vertex -0.0660666823 -0.045450177 -0.0126370089
  vertex -0.0661149994 -0.045460891 -0.0126401614
  vertex -0.0660908446 -0.0454544649 -0.0126401614
  endloop
 endfacet

 facet normal 0.215021163 -0.768581092 -0.602535605
  outer loop
  vertex -0.0660666823 -0.045450177 -0.0126370089
  vertex -0.0660908446 -0.0454544649 -0.0126401614
  vertex -0.0660938621 -0.0454287454 -0.012674043
  endloop
 endfacet

 facet normal 0.248378247 -0.74820435 -0.615222394
  outer loop
  vertex -0.0660666823 -0.045450177 -0.0126370089
  vertex -0.0660938621 -0.0454287454 -0.012674043
  vertex -0.0660666823 -0.0454223156 -0.0126708914
  endloop
 endfacet

 facet normal 0.297548056 -0.737424374 -0.606358469
  outer loop
  vertex -0.0660666823 -0.045450177 -0.0126370089
  vertex -0.0660666823 -0.0454223156 -0.0126708914
  vertex -0.0660395101 -0.0454158857 -0.0126653751
  endloop
 endfacet

 facet normal 0.626491725 -0.556491733 -0.545733571
  outer loop
  vertex -0.0476681367 -0.0412646942 -0.00779732829
  vertex -0.0476711541 -0.0412325487 -0.0078335749
  vertex -0.0474718586 -0.0411318205 -0.00770749943
  endloop
 endfacet

 facet normal 0.326841533 -0.693383098 -0.642179489
  outer loop
  vertex -0.0476681367 -0.0412646942 -0.00779732829
  vertex -0.0660395101 -0.0454158857 -0.0126653751
  vertex -0.0476711541 -0.0412325487 -0.0078335749
  endloop
 endfacet

 facet normal 0.626613736 -0.554965913 -0.547145367
  outer loop
  vertex -0.0474718586 -0.0411318205 -0.00770749943
  vertex -0.0476711541 -0.0412325487 -0.0078335749
  vertex -0.0474054292 -0.0410568118 -0.00770749943
  endloop
 endfacet

 facet normal 0.628584623 -0.556711495 -0.543096542
  outer loop
  vertex -0.0474718586 -0.0411318205 -0.00770749943
  vertex -0.0474054292 -0.0410568118 -0.00770749943
  vertex -0.0409645773 -0.0366162993 -0.00480463728
  endloop
 endfacet

 facet normal 0.628751159 -0.557783961 -0.541801691
  outer loop
  vertex -0.0474718586 -0.0411318205 -0.00770749943
  vertex -0.0409645773 -0.0366162993 -0.00480463728
  vertex -0.0410159118 -0.0366741605 -0.00480463728
  endloop
 endfacet

 facet normal 0.297045201 -0.683247447 -0.667036057
  outer loop
  vertex -0.0660395101 -0.0454158857 -0.0126653751
  vertex -0.0660666823 -0.0454223156 -0.0126708914
  vertex -0.0660395101 -0.045385886 -0.012696106
  endloop
 endfacet

 facet normal 0.327589482 -0.676061034 -0.660020232
  outer loop
  vertex -0.0660395101 -0.0454158857 -0.0126653751
  vertex -0.0660395101 -0.045385886 -0.012696106
  vertex -0.0476711541 -0.0412325487 -0.0078335749
  endloop
 endfacet

 facet normal 0.12962161 -0.886884212 -0.443434894
  outer loop
  vertex -0.0661059394 -0.0455037542 -0.0125653036
  vertex -0.0661391541 -0.045510184 -0.0125621529
  vertex -0.0661512315 -0.0454930402 -0.0125999749
  endloop
 endfacet

 facet normal 0.130082831 -0.886564732 -0.443938702
  outer loop
  vertex -0.0661059394 -0.0455037542 -0.0125653036
  vertex -0.0661512315 -0.0454930402 -0.0125999749
  vertex -0.0661300942 -0.0454887562 -0.0126023386
  endloop
 endfacet

 facet normal 0.0976632982 -0.894335747 -0.436606884
  outer loop
  vertex -0.0661572739 -0.0455144718 -0.0125574246
  vertex -0.0661512315 -0.0454930402 -0.0125999749
  vertex -0.0661391541 -0.045510184 -0.0125621529
  endloop
 endfacet

 facet normal 0.0670870319 -0.898379564 -0.434066385
  outer loop
  vertex -0.0661572739 -0.0455144718 -0.0125574246
  vertex -0.0661904886 -0.0455230437 -0.0125448173
  vertex -0.0661723688 -0.0454973243 -0.0125952475
  endloop
 endfacet

 facet normal 0.0832247436 -0.894702315 -0.438840985
  outer loop
  vertex -0.0661572739 -0.0455144718 -0.0125574246
  vertex -0.0661723688 -0.0454973243 -0.0125952475
  vertex -0.0661512315 -0.0454930402 -0.0125999749
  endloop
 endfacet

 facet normal -0.948236823 -0.214220688 -0.234428048
  outer loop
  vertex -0.0715472922 -0.0236676559 -0.0124392305
  vertex -0.0715412572 -0.0236676559 -0.0124636563
  vertex -0.0709463879 -0.0262801014 -0.0124825686
  endloop
 endfacet

 facet normal -0.931376159 -0.209925294 -0.2974388
  outer loop
  vertex -0.0709463879 -0.0262801014 -0.0124825686
  vertex -0.0715412572 -0.0236676559 -0.0124636563
  vertex -0.0715231374 -0.0236676559 -0.0125203906
  endloop
 endfacet

 facet normal -0.926386476 -0.209052145 -0.31321761
  outer loop
  vertex -0.0709463879 -0.0262801014 -0.0124825686
  vertex -0.0715231374 -0.0236676559 -0.0125203906
  vertex -0.0715140775 -0.0236676559 -0.012547181
  endloop
 endfacet

 facet normal -0.921443105 -0.208341762 -0.327927291
  outer loop
  vertex -0.0709463879 -0.0262801014 -0.0124825686
  vertex -0.0715140775 -0.0236676559 -0.012547181
  vertex -0.0666615516 -0.0451651439 -0.0125243291
  endloop
 endfacet

 facet normal -0.929343581 -0.21018824 -0.303548425
  outer loop
  vertex -0.0709463879 -0.0262801014 -0.0124825686
  vertex -0.0666615516 -0.0451651439 -0.0125243291
  vertex -0.0679509267 -0.0395244919 -0.0124825686
  endloop
 endfacet

 facet normal -0.846811056 -0.403595954 -0.346440852
  outer loop
  vertex -0.0666343719 -0.0452465825 -0.0125211785
  vertex -0.066619277 -0.0452444404 -0.0125605771
  vertex -0.0666162521 -0.0452872999 -0.0125180259
  endloop
 endfacet

 facet normal -0.870658875 -0.343274474 -0.352300793
  outer loop
  vertex -0.0666343719 -0.0452465825 -0.0125211785
  vertex -0.0666494668 -0.0452058651 -0.0125235412
  vertex -0.066619277 -0.0452444404 -0.0125605771
  endloop
 endfacet

 facet normal -0.819784641 -0.437785566 -0.369184226
  outer loop
  vertex -0.0666162521 -0.0452872999 -0.0125180259
  vertex -0.0666011572 -0.0452830158 -0.0125566367
  vertex -0.0665830374 -0.0453215912 -0.0125511205
  endloop
 endfacet

 facet normal -0.81612277 -0.48002857 -0.321739376
  outer loop
  vertex -0.0666162521 -0.0452872999 -0.0125180259
  vertex -0.0665830374 -0.0453215912 -0.0125511205
  vertex -0.0665951148 -0.045325879 -0.0125140864
  endloop
 endfacet

 facet normal -0.82940793 -0.483099669 -0.280530274
  outer loop
  vertex -0.0666162521 -0.0452872999 -0.0125180259
  vertex -0.0665951148 -0.045325879 -0.0125140864
  vertex -0.0666071922 -0.045328021 -0.0124746878
  endloop
 endfacet

 facet normal -0.825713933 -0.425653696 -0.37015596
  outer loop
  vertex -0.0666162521 -0.0452872999 -0.0125180259
  vertex -0.066619277 -0.0452444404 -0.0125605771
  vertex -0.0666011572 -0.0452830158 -0.0125566367
  endloop
 endfacet

 facet normal -0.772788703 -0.575219512 -0.268179476
  outer loop
  vertex -0.0666071922 -0.045328021 -0.0124746878
  vertex -0.0665951148 -0.045325879 -0.0125140864
  vertex -0.0665830374 -0.0453623123 -0.0124707483
  endloop
 endfacet

 facet normal -0.891101539 -0.271365374 -0.36372903
  outer loop
  vertex -0.0666615516 -0.0451651439 -0.0125243291
  vertex -0.0666464493 -0.0451608561 -0.0125645157
  vertex -0.0666343719 -0.0452015772 -0.0125637287
  endloop
 endfacet

 facet normal -0.891101539 -0.271365374 -0.36372903
  outer loop
  vertex -0.0666615516 -0.0451651439 -0.0125243291
  vertex -0.0666343719 -0.0452015772 -0.0125637287
  vertex -0.0666494668 -0.0452058651 -0.0125235412
  endloop
 endfacet

 facet normal -0.908715963 -0.205506563 -0.363321275
  outer loop
  vertex -0.0666615516 -0.0451651439 -0.0125243291
  vertex -0.0715140775 -0.0236676559 -0.012547181
  vertex -0.0666464493 -0.0451608561 -0.0125645157
  endloop
 endfacet

 facet normal -0.87036407 -0.33321768 -0.362536043
  outer loop
  vertex -0.0666494668 -0.0452058651 -0.0125235412
  vertex -0.0666343719 -0.0452015772 -0.0125637287
  vertex -0.066619277 -0.0452444404 -0.0125605771
  endloop
 endfacet

 facet normal -0.759278774 -0.586689472 -0.281586945
  outer loop
  vertex -0.0665830374 -0.0453623123 -0.0124707483
  vertex -0.0665951148 -0.045325879 -0.0125140864
  vertex -0.0665588826 -0.0453580245 -0.0125448173
  endloop
 endfacet

 facet normal -0.759278774 -0.586689472 -0.281586945
  outer loop
  vertex -0.0665830374 -0.0453623123 -0.0124707483
  vertex -0.0665588826 -0.0453580245 -0.0125448173
  vertex -0.0665468052 -0.0453944579 -0.0125014791
  endloop
 endfacet

 facet normal -0.658783555 -0.656179428 -0.368012071
  outer loop
  vertex -0.0665468052 -0.0453944579 -0.0125014791
  vertex -0.0665588826 -0.0453580245 -0.0125448173
  vertex -0.0665317029 -0.0453901701 -0.0125361495
  endloop
 endfacet

 facet normal -0.621454656 -0.697456062 -0.35686025
  outer loop
  vertex -0.0665468052 -0.0453944579 -0.0125014791
  vertex -0.0665317029 -0.0453901701 -0.0125361495
  vertex -0.0665015057 -0.0454223156 -0.0125259059
  endloop
 endfacet

 facet normal -0.611655653 -0.732611299 -0.29859364
  outer loop
  vertex -0.0665468052 -0.0453944579 -0.0125014791
  vertex -0.0665015057 -0.0454223156 -0.0125259059
  vertex -0.0664833933 -0.0454544649 -0.0124841435
  endloop
 endfacet

 facet normal -0.629051864 -0.736546695 -0.248581618
  outer loop
  vertex -0.0665468052 -0.0453944579 -0.0125014791
  vertex -0.0664833933 -0.0454544649 -0.0124841435
  vertex -0.0665256679 -0.0454266034 -0.0124597168
  endloop
 endfacet

 facet normal -0.57231611 -0.750838518 -0.329690665
  outer loop
  vertex -0.0664833933 -0.0454544649 -0.0124841435
  vertex -0.0665015057 -0.0454223156 -0.0125259059
  vertex -0.0664713159 -0.045450177 -0.0125148743
  endloop
 endfacet

 facet normal -0.567665577 -0.749829233 -0.339870661
  outer loop
  vertex -0.0664713159 -0.045450177 -0.0125148743
  vertex -0.0665015057 -0.0454223156 -0.0125259059
  vertex -0.0664562136 -0.045448035 -0.0125448173
  endloop
 endfacet

 facet normal -0.508367181 -0.735276401 -0.44825381
  outer loop
  vertex -0.0664562136 -0.045448035 -0.0125448173
  vertex -0.066468291 -0.0454137437 -0.0125873666
  vertex -0.0664380938 -0.0454437509 -0.0125723956
  endloop
 endfacet

 facet normal -0.570986807 -0.731359422 -0.372944564
  outer loop
  vertex -0.0664562136 -0.045448035 -0.0125448173
  vertex -0.0665015057 -0.0454223156 -0.0125259059
  vertex -0.0664864108 -0.0454180315 -0.0125574246
  endloop
 endfacet

 facet normal -0.539577723 -0.723774195 -0.430124342
  outer loop
  vertex -0.0664562136 -0.045448035 -0.0125448173
  vertex -0.0664864108 -0.0454180315 -0.0125574246
  vertex -0.066468291 -0.0454137437 -0.0125873666
  endloop
 endfacet

 facet normal -0.502469599 -0.733811796 -0.45721373
  outer loop
  vertex -0.0664380938 -0.0454437509 -0.0125723956
  vertex -0.066468291 -0.0454137437 -0.0125873666
  vertex -0.0664199814 -0.0454394631 -0.012599187
  endloop
 endfacet

 facet normal -0.421764463 -0.725115836 -0.544354379
  outer loop
  vertex -0.0664199814 -0.0454394631 -0.012599187
  vertex -0.0664229989 -0.0454051718 -0.0126425251
  vertex -0.0663958192 -0.0454351753 -0.0126236137
  endloop
 endfacet

 facet normal -0.3615821 -0.789383948 -0.496116281
  outer loop
  vertex -0.0664199814 -0.0454394631 -0.012599187
  vertex -0.0663958192 -0.0454351753 -0.0126236137
  vertex -0.0663897842 -0.0454651788 -0.0125802755
  endloop
 endfacet

 facet normal -0.405468762 -0.800563037 -0.441241443
  outer loop
  vertex -0.0664199814 -0.0454394631 -0.012599187
  vertex -0.0663897842 -0.0454651788 -0.0125802755
  vertex -0.066407904 -0.0454694666 -0.0125558488
  endloop
 endfacet

 facet normal -0.501568198 -0.726068377 -0.470376551
  outer loop
  vertex -0.0664199814 -0.0454394631 -0.012599187
  vertex -0.066468291 -0.0454137437 -0.0125873666
  vertex -0.0664471537 -0.0454094596 -0.0126165217
  endloop
 endfacet

 facet normal -0.448896766 -0.715711117 -0.535022736
  outer loop
  vertex -0.0664199814 -0.0454394631 -0.012599187
  vertex -0.0664471537 -0.0454094596 -0.0126165217
  vertex -0.0664229989 -0.0454051718 -0.0126425251
  endloop
 endfacet

 facet normal -0.366079122 -0.83167994 -0.417485952
  outer loop
  vertex -0.066407904 -0.0454694666 -0.0125558488
  vertex -0.0663897842 -0.0454651788 -0.0125802755
  vertex -0.066359587 -0.0454887562 -0.0125597883
  endloop
 endfacet

 facet normal 0.597953916 -0.421246618 -0.681910872
  outer loop
  vertex -0.0408437923 -0.0364555642 -0.00480463728
  vertex -0.0408890881 -0.036519859 -0.00480463728
  vertex -0.0452343225 -0.0395244919 -0.00675879046
  endloop
 endfacet

 facet normal 0.596745133 -0.417305589 -0.685384154
  outer loop
  vertex -0.0408437923 -0.0364555642 -0.00480463728
  vertex -0.0452343225 -0.0395244919 -0.00675879046
  vertex -0.0476741754 -0.0412068292 -0.00785878953
  endloop
 endfacet

 facet normal 0.59650892 -0.416531414 -0.686060309
  outer loop
  vertex -0.0408437923 -0.0364555642 -0.00480463728
  vertex -0.0476741754 -0.0412068292 -0.00785878953
  vertex -0.0453067906 -0.0395244919 -0.0068218275
  endloop
 endfacet

 facet normal 0.57428658 -0.348142505 -0.740939796
  outer loop
  vertex -0.0408437923 -0.0364555642 -0.00480463728
  vertex -0.0453067906 -0.0395244919 -0.0068218275
  vertex -0.0472302921 -0.0408124998 -0.00770749943
  endloop
 endfacet

 facet normal 0.57790482 -0.361898005 -0.731475115
  outer loop
  vertex -0.0472302921 -0.0408124998 -0.00770749943
  vertex -0.0472423695 -0.0408317856 -0.00770749943
  vertex -0.0476922914 -0.0411425345 -0.00790921971
  endloop
 endfacet

 facet normal 0.568319619 -0.336687624 -0.750769079
  outer loop
  vertex -0.0472302921 -0.0408124998 -0.00770749943
  vertex -0.0476922914 -0.0411425345 -0.00790921971
  vertex -0.0476953126 -0.0411318205 -0.0079163108
  endloop
 endfacet

 facet normal 0.579039574 -0.362608612 -0.730224788
  outer loop
  vertex -0.0472302921 -0.0408124998 -0.00770749943
  vertex -0.0453067906 -0.0395244919 -0.0068218275
  vertex -0.0472423695 -0.0408317856 -0.00770749943
  endloop
 endfacet

 facet normal 0.322791368 -0.457389086 -0.828613877
  outer loop
  vertex -0.0476953126 -0.0411318205 -0.0079163108
  vertex -0.0476922914 -0.0411425345 -0.00790921971
  vertex -0.0660425276 -0.0452808738 -0.0127733266
  endloop
 endfacet

 facet normal 0.3195903 -0.417433977 -0.850653291
  outer loop
  vertex -0.0476953126 -0.0411318205 -0.0079163108
  vertex -0.0660425276 -0.0452808738 -0.0127733266
  vertex -0.0477043726 -0.0411082469 -0.00793128181
  endloop
 endfacet

 facet normal 0.294361293 -0.490182102 -0.820410252
  outer loop
  vertex -0.0660425276 -0.0452808738 -0.0127733266
  vertex -0.0660395101 -0.0453173071 -0.0127504757
  vertex -0.0660787597 -0.0452894457 -0.0127812065
  endloop
 endfacet

 facet normal 0.324509412 -0.48314774 -0.813180089
  outer loop
  vertex -0.0660425276 -0.0452808738 -0.0127733266
  vertex -0.0476922914 -0.0411425345 -0.00790921971
  vertex -0.0660395101 -0.0453173071 -0.0127504757
  endloop
 endfacet

 facet normal 0.229763433 -0.51625526 -0.825039029
  outer loop
  vertex -0.0660787597 -0.0452894457 -0.0127812065
  vertex -0.0660757422 -0.045325879 -0.0127575677
  vertex -0.0661149994 -0.0452980176 -0.0127859339
  endloop
 endfacet

 facet normal 0.279453307 -0.506197333 -0.81588608
  outer loop
  vertex -0.0660787597 -0.0452894457 -0.0127812065
  vertex -0.0660395101 -0.0453173071 -0.0127504757
  vertex -0.0660757422 -0.045325879 -0.0127575677
  endloop
 endfacet

 facet normal 0.218900129 -0.527388334 -0.82094115
  outer loop
  vertex -0.0661149994 -0.0452980176 -0.0127859339
  vertex -0.0660757422 -0.045325879 -0.0127575677
  vertex -0.0661089569 -0.0453323089 -0.0127622951
  endloop
 endfacet

 facet normal 0.146629974 -0.543809474 -0.826299608
  outer loop
  vertex -0.0661149994 -0.0452980176 -0.0127859339
  vertex -0.0661089569 -0.0453323089 -0.0127622951
  vertex -0.0661451966 -0.0453408808 -0.0127630839
  endloop
 endfacet

 facet normal 0.111960463 -0.527749002 -0.841989219
  outer loop
  vertex -0.0661149994 -0.0452980176 -0.0127859339
  vertex -0.0661451966 -0.0453408808 -0.0127630839
  vertex -0.0661512315 -0.0453044474 -0.0127867218
  endloop
 endfacet

 facet normal 0.1021626 -0.468158633 -0.877718866
  outer loop
  vertex -0.0661149994 -0.0452980176 -0.0127859339
  vertex -0.0661512315 -0.0453044474 -0.0127867218
  vertex -0.0661602914 -0.0452680141 -0.01280721
  endloop
 endfacet

 facet normal 0.130670816 -0.434604466 -0.891091526
  outer loop
  vertex -0.0661149994 -0.0452980176 -0.0127859339
  vertex -0.0661602914 -0.0452680141 -0.01280721
  vertex -0.0661210343 -0.0452594422 -0.0128056332
  endloop
 endfacet

 facet normal 0.114182755 -0.352109939 -0.928967774
  outer loop
  vertex -0.0661210343 -0.0452594422 -0.0128056332
  vertex -0.0661602914 -0.0452680141 -0.01280721
  vertex -0.0661693513 -0.0452272929 -0.0128237568
  endloop
 endfacet

 facet normal 0.114164472 -0.352133602 -0.928960979
  outer loop
  vertex -0.0661210343 -0.0452594422 -0.0128056332
  vertex -0.0661693513 -0.0452272929 -0.0128237568
  vertex -0.0661300942 -0.0452187248 -0.012822181
  endloop
 endfacet

 facet normal 0.104433134 -0.304269642 -0.946844101
  outer loop
  vertex -0.0661300942 -0.0452187248 -0.012822181
  vertex -0.0661693513 -0.0452272929 -0.0128237568
  vertex -0.0661784112 -0.0451887213 -0.012837152
  endloop
 endfacet

 facet normal 0.00618992094 -0.29407689 -0.955761671
  outer loop
  vertex -0.0661784112 -0.0451887213 -0.012837152
  vertex -0.0662086084 -0.0452380106 -0.012822181
  vertex -0.0662206858 -0.0451972932 -0.0128347883
  endloop
 endfacet

 facet normal -0.00822365098 -0.227922738 -0.973644495
  outer loop
  vertex -0.0661784112 -0.0451887213 -0.012837152
  vertex -0.0662206858 -0.0451972932 -0.0128347883
  vertex -0.0662297457 -0.045156572 -0.012844244
  endloop
 endfacet

 facet normal 0.0130194034 -0.195538059 -0.980609655
  outer loop
  vertex -0.0661784112 -0.0451887213 -0.012837152
  vertex -0.0662297457 -0.045156572 -0.012844244
  vertex -0.0661874712 -0.0451458544 -0.0128458198
  endloop
 endfacet

 facet normal 0.0486486666 -0.317435682 -0.94703114
  outer loop
  vertex -0.0661784112 -0.0451887213 -0.012837152
  vertex -0.0661693513 -0.0452272929 -0.0128237568
  vertex -0.0662086084 -0.0452380106 -0.012822181
  endloop
 endfacet

 facet normal -0.115321986 -0.068927072 -0.990933955
  outer loop
  vertex -0.066250883 -0.0450708494 -0.0128513351
  vertex -0.0662388057 -0.0451137088 -0.0128497602
  vertex -0.0662810728 -0.0451222844 -0.012844244
  endloop
 endfacet

 facet normal -0.125396222 -0.0628994927 -0.990110934
  outer loop
  vertex -0.066250883 -0.0450708494 -0.0128513351
  vertex -0.0662810728 -0.0451222844 -0.012844244
  vertex -0.0662901327 -0.0450794213 -0.0128458198
  endloop
 endfacet

 facet normal -0.132650465 -0.0300615802 -0.990706921
  outer loop
  vertex -0.066250883 -0.0450708494 -0.0128513351
  vertex -0.0662901327 -0.0450794213 -0.0128458198
  vertex -0.0675372407 -0.0395244919 -0.0128473956
  endloop
 endfacet

 facet normal -0.119228981 -0.0269474816 -0.99250102
  outer loop
  vertex -0.066250883 -0.0450708494 -0.0128513351
  vertex -0.0675372407 -0.0395244919 -0.0128473956
  vertex -0.0710883141 -0.0236676559 -0.0128513351
  endloop
 endfacet

 facet normal -0.120847404 -0.0273098703 -0.992295384
  outer loop
  vertex -0.0710883141 -0.0236676559 -0.0128513351
  vertex -0.0675372407 -0.0395244919 -0.0128473956
  vertex -0.0711336061 -0.0236676559 -0.0128458198
  endloop
 endfacet

 facet normal -0.10529986 -0.229398534 -0.967619836
  outer loop
  vertex -0.0662297457 -0.045156572 -0.012844244
  vertex -0.0662599355 -0.0452058651 -0.0128292721
  vertex -0.0662689954 -0.0451651439 -0.0128379399
  endloop
 endfacet

 facet normal -0.118252501 -0.177034467 -0.977074802
  outer loop
  vertex -0.0662297457 -0.045156572 -0.012844244
  vertex -0.0662689954 -0.0451651439 -0.0128379399
  vertex -0.0662810728 -0.0451222844 -0.012844244
  endloop
 endfacet

 facet normal -0.0985066146 -0.147473127 -0.984148443
  outer loop
  vertex -0.0662297457 -0.045156572 -0.012844244
  vertex -0.0662810728 -0.0451222844 -0.012844244
  vertex -0.0662388057 -0.0451137088 -0.0128497602
  endloop
 endfacet

 facet normal -0.0827859193 -0.242857546 -0.966523051
  outer loop
  vertex -0.0662297457 -0.045156572 -0.012844244
  vertex -0.0662206858 -0.0451972932 -0.0128347883
  vertex -0.0662599355 -0.0452058651 -0.0128292721
  endloop
 endfacet

 facet normal -0.272444427 -0.864751816 -0.421874762
  outer loop
  vertex -0.06631127 -0.0455058999 -0.0125558488
  vertex -0.066359587 -0.0454887562 -0.0125597883
  vertex -0.0663414672 -0.0454844683 -0.0125802755
  endloop
 endfacet

 facet normal -0.236728042 -0.856453419 -0.458745569
  outer loop
  vertex -0.06631127 -0.0455058999 -0.0125558488
  vertex -0.0663414672 -0.0454844683 -0.0125802755
  vertex -0.0663203299 -0.0454801805 -0.012599187
  endloop
 endfacet

 facet normal -0.236367911 -0.856498241 -0.458847404
  outer loop
  vertex -0.06631127 -0.0455058999 -0.0125558488
  vertex -0.0663203299 -0.0454801805 -0.012599187
  vertex -0.0662931576 -0.0455016121 -0.0125731835
  endloop
 endfacet

 facet normal -0.328663409 -0.823226154 -0.462902963
  outer loop
  vertex -0.066359587 -0.0454887562 -0.0125597883
  vertex -0.0663897842 -0.0454651788 -0.0125802755
  vertex -0.0663414672 -0.0454844683 -0.0125802755
  endloop
 endfacet

 facet normal -0.131926626 -0.899224937 -0.417120934
  outer loop
  vertex -0.0662659779 -0.0455187559 -0.0125448173
  vertex -0.0662931576 -0.0455016121 -0.0125731835
  vertex -0.0662750378 -0.0454973243 -0.0125881555
  endloop
 endfacet

 facet normal -0.0911506563 -0.900086343 -0.426070452
  outer loop
  vertex -0.0662659779 -0.0455187559 -0.0125448173
  vertex -0.0662750378 -0.0454973243 -0.0125881555
  vertex -0.0662327632 -0.045510184 -0.012570031
  endloop
 endfacet

 facet normal -0.0714319497 -0.911914825 -0.404114902
  outer loop
  vertex -0.0662659779 -0.0455187559 -0.0125448173
  vertex -0.0662327632 -0.045510184 -0.012570031
  vertex -0.0662055835 -0.0455273278 -0.0125361495
  endloop
 endfacet

 facet normal -0.0753173679 -0.919874132 -0.38491416
  outer loop
  vertex -0.0662659779 -0.0455187559 -0.0125448173
  vertex -0.0662055835 -0.0455273278 -0.0125361495
  vertex -0.0662357807 -0.0455337577 -0.0125148743
  endloop
 endfacet

 facet normal -0.217160285 -0.852445543 -0.475581825
  outer loop
  vertex -0.0662931576 -0.0455016121 -0.0125731835
  vertex -0.0663203299 -0.0454801805 -0.012599187
  vertex -0.0662991926 -0.0454758964 -0.0126165217
  endloop
 endfacet

 facet normal -0.194604367 -0.855207205 -0.480364084
  outer loop
  vertex -0.0662931576 -0.0455016121 -0.0125731835
  vertex -0.0662991926 -0.0454758964 -0.0126165217
  vertex -0.0662750378 -0.0454973243 -0.0125881555
  endloop
 endfacet

 facet normal 0.0041614431 -0.899295509 -0.437321752
  outer loop
  vertex -0.0662055835 -0.0455273278 -0.0125361495
  vertex -0.0662116259 -0.0455058999 -0.0125802755
  vertex -0.0661904886 -0.0455230437 -0.0125448173
  endloop
 endfacet

 facet normal -0.0275096558 -0.900661111 -0.433650672
  outer loop
  vertex -0.0662055835 -0.0455273278 -0.0125361495
  vertex -0.0662327632 -0.045510184 -0.012570031
  vertex -0.0662116259 -0.0455058999 -0.0125802755
  endloop
 endfacet

 facet normal 0.0322584733 -0.895016849 -0.444864392
  outer loop
  vertex -0.0661904886 -0.0455230437 -0.0125448173
  vertex -0.0661935061 -0.0455016121 -0.0125881555
  vertex -0.0661723688 -0.0454973243 -0.0125952475
  endloop
 endfacet

 facet normal 0.0187153649 -0.895702481 -0.444259942
  outer loop
  vertex -0.0661904886 -0.0455230437 -0.0125448173
  vertex -0.0662116259 -0.0455058999 -0.0125802755
  vertex -0.0661935061 -0.0455016121 -0.0125881555
  endloop
 endfacet

 facet normal 0.110483378 -0.838946462 -0.5328812
  outer loop
  vertex -0.0661300942 -0.0454887562 -0.0126023386
  vertex -0.0661512315 -0.0454930402 -0.0125999749
  vertex -0.0661633089 -0.0454716086 -0.012636221
  endloop
 endfacet

 facet normal 0.137542248 -0.822900534 -0.551286578
  outer loop
  vertex -0.0661300942 -0.0454887562 -0.0126023386
  vertex -0.0661633089 -0.0454716086 -0.012636221
  vertex -0.0661149994 -0.045460891 -0.0126401614
  endloop
 endfacet

 facet normal 0.130128711 -0.801420152 -0.583774209
  outer loop
  vertex -0.0661149994 -0.045460891 -0.0126401614
  vertex -0.0661633089 -0.0454716086 -0.012636221
  vertex -0.066148214 -0.0454416052 -0.012674043
  endloop
 endfacet

 facet normal 0.166461825 -0.777864397 -0.605984688
  outer loop
  vertex -0.0661149994 -0.045460891 -0.0126401614
  vertex -0.066148214 -0.0454416052 -0.012674043
  vertex -0.0661210343 -0.0454351753 -0.0126748318
  endloop
 endfacet

 facet normal 0.199728563 -0.770015359 -0.605957806
  outer loop
  vertex -0.0661149994 -0.045460891 -0.0126401614
  vertex -0.0661210343 -0.0454351753 -0.0126748318
  vertex -0.0660938621 -0.0454287454 -0.012674043
  endloop
 endfacet

 facet normal 0.205098987 -0.770713747 -0.603270113
  outer loop
  vertex -0.0661149994 -0.045460891 -0.0126401614
  vertex -0.0660938621 -0.0454287454 -0.012674043
  vertex -0.0660908446 -0.0454544649 -0.0126401614
  endloop
 endfacet

 facet normal 0.242468521 -0.691003442 -0.680972338
  outer loop
  vertex -0.0660938621 -0.0454287454 -0.012674043
  vertex -0.0660696998 -0.0453923158 -0.0127024101
  vertex -0.0660666823 -0.0454223156 -0.0126708914
  endloop
 endfacet

 facet normal 0.190799087 -0.725477219 -0.66127038
  outer loop
  vertex -0.0660938621 -0.0454287454 -0.012674043
  vertex -0.0661210343 -0.0454351753 -0.0126748318
  vertex -0.0661270767 -0.0454073176 -0.0127071375
  endloop
 endfacet

 facet normal 0.236740038 -0.689754367 -0.684246421
  outer loop
  vertex -0.0660938621 -0.0454287454 -0.012674043
  vertex -0.0661270767 -0.0454073176 -0.0127071375
  vertex -0.0660696998 -0.0453923158 -0.0127024101
  endloop
 endfacet

 facet normal 0.285767615 -0.680298328 -0.674930453
  outer loop
  vertex -0.0660666823 -0.0454223156 -0.0126708914
  vertex -0.0660696998 -0.0453923158 -0.0127024101
  vertex -0.0660395101 -0.045385886 -0.012696106
  endloop
 endfacet

 facet normal 0.620251715 -0.510814607 -0.595278203
  outer loop
  vertex -0.0476711541 -0.0412325487 -0.0078335749
  vertex -0.0476741754 -0.0412068292 -0.00785878953
  vertex -0.0474054292 -0.0410568118 -0.00770749943
  endloop
 endfacet

 facet normal 0.32856223 -0.641271949 -0.693409801
  outer loop
  vertex -0.0476711541 -0.0412325487 -0.0078335749
  vertex -0.0660395101 -0.045385886 -0.012696106
  vertex -0.0476741754 -0.0412068292 -0.00785878953
  endloop
 endfacet

 facet normal 0.620208919 -0.509920478 -0.596089005
  outer loop
  vertex -0.0474054292 -0.0410568118 -0.00770749943
  vertex -0.0476741754 -0.0412068292 -0.00785878953
  vertex -0.0409645773 -0.0366162993 -0.00480463728
  endloop
 endfacet

 facet normal 0.613927245 -0.480569899 -0.626215637
  outer loop
  vertex -0.0409645773 -0.0366162993 -0.00480463728
  vertex -0.0452343225 -0.0395244919 -0.00675879046
  vertex -0.0408890881 -0.036519859 -0.00480463728
  endloop
 endfacet

 facet normal 0.617314696 -0.49598968 -0.610669136
  outer loop
  vertex -0.0409645773 -0.0366162993 -0.00480463728
  vertex -0.0476741754 -0.0412068292 -0.00785878953
  vertex -0.0452343225 -0.0395244919 -0.00675879046
  endloop
 endfacet

 facet normal 0.285320133 -0.64385879 -0.709956527
  outer loop
  vertex -0.0660395101 -0.045385886 -0.012696106
  vertex -0.0660696998 -0.0453923158 -0.0127024101
  vertex -0.0660696998 -0.0453601666 -0.0127315642
  endloop
 endfacet

 facet normal 0.30217433 -0.630707741 -0.714771628
  outer loop
  vertex -0.0660395101 -0.045385886 -0.012696106
  vertex -0.0660696998 -0.0453601666 -0.0127315642
  vertex -0.0660395101 -0.0453537367 -0.0127244731
  endloop
 endfacet

 facet normal 0.328713953 -0.624870002 -0.708155811
  outer loop
  vertex -0.0660395101 -0.045385886 -0.012696106
  vertex -0.0660395101 -0.0453537367 -0.0127244731
  vertex -0.0476741754 -0.0412068292 -0.00785878953
  endloop
 endfacet

 facet normal 0.0558262616 -0.851177931 -0.521900058
  outer loop
  vertex -0.0661512315 -0.0454930402 -0.0125999749
  vertex -0.0661723688 -0.0454973243 -0.0125952475
  vertex -0.0661633089 -0.0454716086 -0.012636221
  endloop
 endfacet

 facet normal 0.0119818654 -0.871149182 -0.490872324
  outer loop
  vertex -0.0661723688 -0.0454973243 -0.0125952475
  vertex -0.0661935061 -0.0455016121 -0.0125881555
  vertex -0.0662116259 -0.0454823263 -0.0126228258
  endloop
 endfacet

 facet normal 0.0433141291 -0.850476742 -0.524226308
  outer loop
  vertex -0.0661723688 -0.0454973243 -0.0125952475
  vertex -0.0662116259 -0.0454823263 -0.0126228258
  vertex -0.0661633089 -0.0454716086 -0.012636221
  endloop
 endfacet

 facet normal -0.879178703 -0.198465511 -0.433193147
  outer loop
  vertex -0.0715140775 -0.0236676559 -0.012547181
  vertex -0.0714869052 -0.0236676559 -0.0126023386
  vertex -0.0709161907 -0.0262801014 -0.0125637287
  endloop
 endfacet

 facet normal -0.898853302 -0.203252822 -0.388266683
  outer loop
  vertex -0.0715140775 -0.0236676559 -0.012547181
  vertex -0.0709161907 -0.0262801014 -0.0125637287
  vertex -0.0666464493 -0.0451608561 -0.0125645157
  endloop
 endfacet

 facet normal -0.840739489 -0.32781142 -0.430925578
  outer loop
  vertex -0.066619277 -0.0452444404 -0.0125605771
  vertex -0.0666343719 -0.0452015772 -0.0125637287
  vertex -0.0666011572 -0.0452401526 -0.012599187
  endloop
 endfacet

 facet normal -0.802628636 -0.420239568 -0.423303783
  outer loop
  vertex -0.066619277 -0.0452444404 -0.0125605771
  vertex -0.0666011572 -0.0452401526 -0.012599187
  vertex -0.0666011572 -0.0452830158 -0.0125566367
  endloop
 endfacet

 facet normal -0.795964479 -0.426484764 -0.429594487
  outer loop
  vertex -0.0666011572 -0.0452830158 -0.0125566367
  vertex -0.0666011572 -0.0452401526 -0.012599187
  vertex -0.0665830374 -0.045278728 -0.0125944586
  endloop
 endfacet

 facet normal -0.792589605 -0.43353492 -0.428776592
  outer loop
  vertex -0.0666011572 -0.0452830158 -0.0125566367
  vertex -0.0665830374 -0.045278728 -0.0125944586
  vertex -0.0665830374 -0.0453215912 -0.0125511205
  endloop
 endfacet

 facet normal -0.778052449 -0.446648359 -0.441746116
  outer loop
  vertex -0.0665830374 -0.0453215912 -0.0125511205
  vertex -0.0665830374 -0.045278728 -0.0125944586
  vertex -0.0665649176 -0.0453173071 -0.0125873666
  endloop
 endfacet

 facet normal -0.719058216 -0.550226271 -0.424507111
  outer loop
  vertex -0.0665830374 -0.0453215912 -0.0125511205
  vertex -0.0665649176 -0.0453173071 -0.0125873666
  vertex -0.0665588826 -0.0453580245 -0.0125448173
  endloop
 endfacet

 facet normal -0.765150785 -0.561770082 -0.314576983
  outer loop
  vertex -0.0665830374 -0.0453215912 -0.0125511205
  vertex -0.0665588826 -0.0453580245 -0.0125448173
  vertex -0.0665951148 -0.045325879 -0.0125140864
  endloop
 endfacet

 facet normal -0.858149529 -0.263083458 -0.440870136
  outer loop
  vertex -0.0666464493 -0.0451608561 -0.0125645157
  vertex -0.0666283369 -0.045156572 -0.0126023386
  vertex -0.0666343719 -0.0452015772 -0.0125637287
  endloop
 endfacet

 facet normal -0.875113606 -0.197882012 -0.441609442
  outer loop
  vertex -0.0666464493 -0.0451608561 -0.0125645157
  vertex -0.0709161907 -0.0262801014 -0.0125637287
  vertex -0.0666283369 -0.045156572 -0.0126023386
  endloop
 endfacet

 facet normal -0.835209966 -0.28921321 -0.467739284
  outer loop
  vertex -0.0666343719 -0.0452015772 -0.0125637287
  vertex -0.0666283369 -0.045156572 -0.0126023386
  vertex -0.0666011572 -0.0452401526 -0.012599187
  endloop
 endfacet

 facet normal -0.703299582 -0.560812294 -0.43687439
  outer loop
  vertex -0.0665588826 -0.0453580245 -0.0125448173
  vertex -0.0665649176 -0.0453173071 -0.0125873666
  vertex -0.0665407628 -0.0453537367 -0.0125794876
  endloop
 endfacet

 facet normal -0.64745903 -0.637757897 -0.417207003
  outer loop
  vertex -0.0665588826 -0.0453580245 -0.0125448173
  vertex -0.0665407628 -0.0453537367 -0.0125794876
  vertex -0.0665135905 -0.045388028 -0.012569244
  endloop
 endfacet

 facet normal -0.645893037 -0.652786136 -0.395843983
  outer loop
  vertex -0.0665588826 -0.0453580245 -0.0125448173
  vertex -0.0665135905 -0.045388028 -0.012569244
  vertex -0.0665317029 -0.0453901701 -0.0125361495
  endloop
 endfacet

 facet normal -0.610965848 -0.694798708 -0.379441023
  outer loop
  vertex -0.0665317029 -0.0453901701 -0.0125361495
  vertex -0.0665135905 -0.045388028 -0.012569244
  vertex -0.0665015057 -0.0454223156 -0.0125259059
  endloop
 endfacet

 facet normal -0.60389322 -0.698346853 -0.384219497
  outer loop
  vertex -0.0665015057 -0.0454223156 -0.0125259059
  vertex -0.0665135905 -0.045388028 -0.012569244
  vertex -0.0664864108 -0.0454180315 -0.0125574246
  endloop
 endfacet

 facet normal -0.559511304 -0.702889681 -0.439196199
  outer loop
  vertex -0.066468291 -0.0454137437 -0.0125873666
  vertex -0.0664864108 -0.0454180315 -0.0125574246
  vertex -0.0664954707 -0.0453837402 -0.0126007628
  endloop
 endfacet

 facet normal -0.528886378 -0.695935071 -0.485750645
  outer loop
  vertex -0.066468291 -0.0454137437 -0.0125873666
  vertex -0.0664954707 -0.0453837402 -0.0126007628
  vertex -0.0664471537 -0.0454094596 -0.0126165217
  endloop
 endfacet

 facet normal -0.579758704 -0.693573713 -0.427592695
  outer loop
  vertex -0.0664864108 -0.0454180315 -0.0125574246
  vertex -0.0665135905 -0.045388028 -0.012569244
  vertex -0.0664954707 -0.0453837402 -0.0126007628
  endloop
 endfacet

 facet normal -0.39146167 -0.717617929 -0.576005578
  outer loop
  vertex -0.0664229989 -0.0454051718 -0.0126425251
  vertex -0.0663988441 -0.045398742 -0.0126669509
  vertex -0.0663958192 -0.0454351753 -0.0126236137
  endloop
 endfacet

 facet normal -0.492102146 -0.661264062 -0.566184938
  outer loop
  vertex -0.0664229989 -0.0454051718 -0.0126425251
  vertex -0.0664471537 -0.0454094596 -0.0126165217
  vertex -0.0664471537 -0.0453730263 -0.0126590719
  endloop
 endfacet

 facet normal -0.446745813 -0.651409864 -0.613256395
  outer loop
  vertex -0.0664229989 -0.0454051718 -0.0126425251
  vertex -0.0664471537 -0.0453730263 -0.0126590719
  vertex -0.0663988441 -0.045398742 -0.0126669509
  endloop
 endfacet

 facet normal -0.384604633 -0.719599247 -0.578148961
  outer loop
  vertex -0.0663958192 -0.0454351753 -0.0126236137
  vertex -0.0663988441 -0.045398742 -0.0126669509
  vertex -0.0663746819 -0.0454287454 -0.0126456758
  endloop
 endfacet

 facet normal -0.33921212 -0.764745414 -0.547813535
  outer loop
  vertex -0.0663958192 -0.0454351753 -0.0126236137
  vertex -0.0663746819 -0.0454287454 -0.0126456758
  vertex -0.0663475096 -0.0454566069 -0.0126236137
  endloop
 endfacet

 facet normal -0.349672496 -0.78832823 -0.506228983
  outer loop
  vertex -0.0663958192 -0.0454351753 -0.0126236137
  vertex -0.0663475096 -0.0454566069 -0.0126236137
  vertex -0.0663686469 -0.045460891 -0.0126023386
  endloop
 endfacet

 facet normal -0.358572006 -0.790156305 -0.497070551
  outer loop
  vertex -0.0663958192 -0.0454351753 -0.0126236137
  vertex -0.0663686469 -0.045460891 -0.0126023386
  vertex -0.0663897842 -0.0454651788 -0.0125802755
  endloop
 endfacet

 facet normal -0.32683897 -0.818656385 -0.47220549
  outer loop
  vertex -0.0663897842 -0.0454651788 -0.0125802755
  vertex -0.0663686469 -0.045460891 -0.0126023386
  vertex -0.0663414672 -0.0454844683 -0.0125802755
  endloop
 endfacet

 facet normal -0.524773002 -0.64660728 -0.553635597
  outer loop
  vertex -0.0664471537 -0.0454094596 -0.0126165217
  vertex -0.0664954707 -0.0453837402 -0.0126007628
  vertex -0.0664471537 -0.0453730263 -0.0126590719
  endloop
 endfacet

 facet normal 0.590126216 -0.400645494 -0.700881124
  outer loop
  vertex -0.0476741754 -0.0412068292 -0.00785878953
  vertex -0.0476832353 -0.0411746837 -0.00788479205
  vertex -0.047293704 -0.0409110822 -0.00770749943
  endloop
 endfacet

 facet normal 0.596281171 -0.415824771 -0.686686695
  outer loop
  vertex -0.0476741754 -0.0412068292 -0.00785878953
  vertex -0.047293704 -0.0409110822 -0.00770749943
  vertex -0.0453067906 -0.0395244919 -0.0068218275
  endloop
 endfacet

 facet normal 0.327674687 -0.548866928 -0.769008756
  outer loop
  vertex -0.0476741754 -0.0412068292 -0.00785878953
  vertex -0.0660395101 -0.0453537367 -0.0127244731
  vertex -0.0660395101 -0.0453173071 -0.0127504757
  endloop
 endfacet

 facet normal 0.327275485 -0.536812425 -0.777639568
  outer loop
  vertex -0.0476741754 -0.0412068292 -0.00785878953
  vertex -0.0660395101 -0.0453173071 -0.0127504757
  vertex -0.0476832353 -0.0411746837 -0.00788479205
  endloop
 endfacet

 facet normal 0.584037662 -0.378091186 -0.718294621
  outer loop
  vertex -0.0453067906 -0.0395244919 -0.0068218275
  vertex -0.047293704 -0.0409110822 -0.00770749943
  vertex -0.0472423695 -0.0408317856 -0.00770749943
  endloop
 endfacet

 facet normal 0.583235383 -0.377571821 -0.719219089
  outer loop
  vertex -0.0472423695 -0.0408317856 -0.00770749943
  vertex -0.047293704 -0.0409110822 -0.00770749943
  vertex -0.0476922914 -0.0411425345 -0.00790921971
  endloop
 endfacet

 facet normal 0.583500028 -0.378758848 -0.718379855
  outer loop
  vertex -0.0476922914 -0.0411425345 -0.00790921971
  vertex -0.047293704 -0.0409110822 -0.00770749943
  vertex -0.0476862527 -0.0411661118 -0.00789188407
  endloop
 endfacet

 facet normal 0.325782299 -0.5045017 -0.799589872
  outer loop
  vertex -0.0476922914 -0.0411425345 -0.00790921971
  vertex -0.0476862527 -0.0411661118 -0.00789188407
  vertex -0.0660395101 -0.0453173071 -0.0127504757
  endloop
 endfacet

 facet normal 0.300332278 -0.554120958 -0.776370049
  outer loop
  vertex -0.0660395101 -0.0453173071 -0.0127504757
  vertex -0.0660395101 -0.0453537367 -0.0127244731
  vertex -0.0660696998 -0.0453601666 -0.0127315642
  endloop
 endfacet

 facet normal 0.283600748 -0.547230899 -0.787470043
  outer loop
  vertex -0.0660395101 -0.0453173071 -0.0127504757
  vertex -0.0660696998 -0.0453601666 -0.0127315642
  vertex -0.0660757422 -0.045325879 -0.0127575677
  endloop
 endfacet

 facet normal 0.327057302 -0.531312704 -0.78149879
  outer loop
  vertex -0.0660395101 -0.0453173071 -0.0127504757
  vertex -0.0476862527 -0.0411661118 -0.00789188407
  vertex -0.0476832353 -0.0411746837 -0.00788479205
  endloop
 endfacet

 facet normal 0.222330496 -0.563964605 -0.795306921
  outer loop
  vertex -0.0660757422 -0.045325879 -0.0127575677
  vertex -0.0660696998 -0.0453601666 -0.0127315642
  vertex -0.0661089569 -0.0453323089 -0.0127622951
  endloop
 endfacet

 facet normal 0.205759495 -0.57971096 -0.788415074
  outer loop
  vertex -0.0661089569 -0.0453323089 -0.0127622951
  vertex -0.0660696998 -0.0453601666 -0.0127315642
  vertex -0.066102922 -0.0453665964 -0.0127355047
  endloop
 endfacet

 facet normal 0.188103601 -0.583868444 -0.78975606
  outer loop
  vertex -0.0661089569 -0.0453323089 -0.0127622951
  vertex -0.066102922 -0.0453665964 -0.0127355047
  vertex -0.0661361367 -0.0453751683 -0.0127370805
  endloop
 endfacet

 facet normal 0.152686179 -0.571237206 -0.806458354
  outer loop
  vertex -0.0661089569 -0.0453323089 -0.0127622951
  vertex -0.0661361367 -0.0453751683 -0.0127370805
  vertex -0.0661451966 -0.0453408808 -0.0127630839
  endloop
 endfacet

 facet normal 0.111842059 -0.581529438 -0.805800736
  outer loop
  vertex -0.0661451966 -0.0453408808 -0.0127630839
  vertex -0.0661361367 -0.0453751683 -0.0127370805
  vertex -0.0661784112 -0.0453494489 -0.0127615081
  endloop
 endfacet

 facet normal 0.0969157964 -0.530380547 -0.84220171
  outer loop
  vertex -0.0661451966 -0.0453408808 -0.0127630839
  vertex -0.0661784112 -0.0453494489 -0.0127615081
  vertex -0.0661512315 -0.0453044474 -0.0127867218
  endloop
 endfacet

 facet normal 0.0878348202 -0.526733458 -0.845480204
  outer loop
  vertex -0.0661512315 -0.0453044474 -0.0127867218
  vertex -0.0661784112 -0.0453494489 -0.0127615081
  vertex -0.0661874712 -0.0453130193 -0.012785146
  endloop
 endfacet

 facet normal 0.0741599351 -0.474720716 -0.877006531
  outer loop
  vertex -0.0661512315 -0.0453044474 -0.0127867218
  vertex -0.0661874712 -0.0453130193 -0.012785146
  vertex -0.0661602914 -0.0452680141 -0.01280721
  endloop
 endfacet

 facet normal 0.0477810279 -0.462796867 -0.885175705
  outer loop
  vertex -0.0661602914 -0.0452680141 -0.01280721
  vertex -0.0661874712 -0.0453130193 -0.012785146
  vertex -0.0661995485 -0.045276586 -0.0128048463
  endloop
 endfacet

 facet normal 0.033001557 -0.403215498 -0.914509773
  outer loop
  vertex -0.0661602914 -0.0452680141 -0.01280721
  vertex -0.0661995485 -0.045276586 -0.0128048463
  vertex -0.0662086084 -0.0452380106 -0.012822181
  endloop
 endfacet

 facet normal 0.0620366782 -0.363878191 -0.92937839
  outer loop
  vertex -0.0661602914 -0.0452680141 -0.01280721
  vertex -0.0662086084 -0.0452380106 -0.012822181
  vertex -0.0661693513 -0.0452272929 -0.0128237568
  endloop
 endfacet

 facet normal -0.0394809283 -0.41727668 -0.907921553
  outer loop
  vertex -0.0662086084 -0.0452380106 -0.012822181
  vertex -0.0661995485 -0.045276586 -0.0128048463
  vertex -0.0662357807 -0.0452851616 -0.0127993301
  endloop
 endfacet

 facet normal -0.0570655689 -0.408598423 -0.910928607
  outer loop
  vertex -0.0662086084 -0.0452380106 -0.012822181
  vertex -0.0662357807 -0.0452851616 -0.0127993301
  vertex -0.0662478581 -0.0452465825 -0.0128158769
  endloop
 endfacet

 facet normal -0.0783480704 -0.332419455 -0.939871728
  outer loop
  vertex -0.0662086084 -0.0452380106 -0.012822181
  vertex -0.0662478581 -0.0452465825 -0.0128158769
  vertex -0.0662599355 -0.0452058651 -0.0128292721
  endloop
 endfacet

 facet normal -0.0648936555 -0.312650651 -0.947648883
  outer loop
  vertex -0.0662086084 -0.0452380106 -0.012822181
  vertex -0.0662599355 -0.0452058651 -0.0128292721
  vertex -0.0662206858 -0.0451972932 -0.0128347883
  endloop
 endfacet

 facet normal -0.176999763 -0.191862375 -0.965328872
  outer loop
  vertex -0.0662810728 -0.0451222844 -0.012844244
  vertex -0.0662689954 -0.0451651439 -0.0128379399
  vertex -0.06631127 -0.0451737195 -0.0128284842
  endloop
 endfacet

 facet normal -0.186589196 -0.186028913 -0.964664578
  outer loop
  vertex -0.0662810728 -0.0451222844 -0.012844244
  vertex -0.06631127 -0.0451737195 -0.0128284842
  vertex -0.0663233548 -0.0451329984 -0.0128340004
  endloop
 endfacet

 facet normal -0.215208516 -0.0812571943 -0.973181784
  outer loop
  vertex -0.0662810728 -0.0451222844 -0.012844244
  vertex -0.0663233548 -0.0451329984 -0.0128340004
  vertex -0.0663324073 -0.0450901352 -0.0128355762
  endloop
 endfacet

 facet normal -0.21520929 -0.0812585428 -0.973181367
  outer loop
  vertex -0.0662810728 -0.0451222844 -0.012844244
  vertex -0.0663324073 -0.0450901352 -0.0128355762
  vertex -0.0662901327 -0.0450794213 -0.0128458198
  endloop
 endfacet

 facet normal -0.223044127 -0.050650131 -0.973491609
  outer loop
  vertex -0.0662901327 -0.0450794213 -0.0128458198
  vertex -0.0663324073 -0.0450901352 -0.0128355762
  vertex -0.0675825328 -0.0395244919 -0.0128387278
  endloop
 endfacet

 facet normal -0.193929285 -0.0438679829 -0.980034232
  outer loop
  vertex -0.0662901327 -0.0450794213 -0.0128458198
  vertex -0.0675825328 -0.0395244919 -0.0128387278
  vertex -0.0711336061 -0.0236676559 -0.0128458198
  endloop
 endfacet

 facet normal -0.164271086 -0.0371591225 -0.985715091
  outer loop
  vertex -0.0662901327 -0.0450794213 -0.0128458198
  vertex -0.0711336061 -0.0236676559 -0.0128458198
  vertex -0.0675372407 -0.0395244919 -0.0128473956
  endloop
 endfacet

 facet normal -0.220306396 -0.0497724041 -0.974160135
  outer loop
  vertex -0.0711336061 -0.0236676559 -0.0128458198
  vertex -0.0675825328 -0.0395244919 -0.0128387278
  vertex -0.0711788982 -0.0236676559 -0.0128355762
  endloop
 endfacet

 facet normal -0.146966979 -0.348159105 -0.925843358
  outer loop
  vertex -0.0662599355 -0.0452058651 -0.0128292721
  vertex -0.0662478581 -0.0452465825 -0.0128158769
  vertex -0.0662871152 -0.0452551544 -0.0128064221
  endloop
 endfacet

 facet normal -0.168203816 -0.33673358 -0.926454544
  outer loop
  vertex -0.0662599355 -0.0452058651 -0.0128292721
  vertex -0.0662871152 -0.0452551544 -0.0128064221
  vertex -0.0662991926 -0.0452144369 -0.0128190285
  endloop
 endfacet

 facet normal -0.186262086 -0.274326771 -0.943425298
  outer loop
  vertex -0.0662599355 -0.0452058651 -0.0128292721
  vertex -0.0662991926 -0.0452144369 -0.0128190285
  vertex -0.06631127 -0.0451737195 -0.0128284842
  endloop
 endfacet

 facet normal -0.165194333 -0.24036175 -0.956523418
  outer loop
  vertex -0.0662599355 -0.0452058651 -0.0128292721
  vertex -0.06631127 -0.0451737195 -0.0128284842
  vertex -0.0662689954 -0.0451651439 -0.0128379399
  endloop
 endfacet

 facet normal -0.27347976 -0.82597959 -0.492916465
  outer loop
  vertex -0.0663414672 -0.0454844683 -0.0125802755
  vertex -0.0663475096 -0.0454566069 -0.0126236137
  vertex -0.0663203299 -0.0454801805 -0.012599187
  endloop
 endfacet

 facet normal -0.318337172 -0.816962421 -0.480867833
  outer loop
  vertex -0.0663414672 -0.0454844683 -0.0125802755
  vertex -0.0663686469 -0.045460891 -0.0126023386
  vertex -0.0663475096 -0.0454566069 -0.0126236137
  endloop
 endfacet

 facet normal -0.252836525 -0.821316481 -0.511383414
  outer loop
  vertex -0.0663203299 -0.0454801805 -0.012599187
  vertex -0.0663475096 -0.0454566069 -0.0126236137
  vertex -0.0662991926 -0.0454758964 -0.0126165217
  endloop
 endfacet

 facet normal -0.0895757377 -0.898899198 -0.428901643
  outer loop
  vertex -0.0662750378 -0.0454973243 -0.0125881555
  vertex -0.0662539005 -0.0454930402 -0.0126015507
  vertex -0.0662327632 -0.045510184 -0.012570031
  endloop
 endfacet

 facet normal -0.151763737 -0.846512556 -0.510278642
  outer loop
  vertex -0.0662750378 -0.0454973243 -0.0125881555
  vertex -0.0662991926 -0.0454758964 -0.0126165217
  vertex -0.0662539005 -0.0454930402 -0.0126015507
  endloop
 endfacet

 facet normal -0.0408098623 -0.88894558 -0.456191123
  outer loop
  vertex -0.0662327632 -0.045510184 -0.012570031
  vertex -0.0662539005 -0.0454930402 -0.0126015507
  vertex -0.0662116259 -0.0455058999 -0.0125802755
  endloop
 endfacet

 facet normal -0.241347119 -0.804211974 -0.543134153
  outer loop
  vertex -0.0662991926 -0.0454758964 -0.0126165217
  vertex -0.0663475096 -0.0454566069 -0.0126236137
  vertex -0.0663263723 -0.045450177 -0.0126425251
  endloop
 endfacet

 facet normal -0.179006085 -0.786632717 -0.590902567
  outer loop
  vertex -0.0662991926 -0.0454758964 -0.0126165217
  vertex -0.0663263723 -0.045450177 -0.0126425251
  vertex -0.0662720203 -0.0454394631 -0.0126732551
  endloop
 endfacet

 facet normal -0.15834251 -0.794600666 -0.586120725
  outer loop
  vertex -0.0662991926 -0.0454758964 -0.0126165217
  vertex -0.0662720203 -0.0454394631 -0.0126732551
  vertex -0.066250883 -0.0454651788 -0.0126441009
  endloop
 endfacet

 facet normal -0.130697235 -0.825164616 -0.549564898
  outer loop
  vertex -0.0662991926 -0.0454758964 -0.0126165217
  vertex -0.066250883 -0.0454651788 -0.0126441009
  vertex -0.0662539005 -0.0454930402 -0.0126015507
  endloop
 endfacet

 facet normal -0.0037997691 -0.874720752 -0.484612405
  outer loop
  vertex -0.0662116259 -0.0455058999 -0.0125802755
  vertex -0.0662116259 -0.0454823263 -0.0126228258
  vertex -0.0661935061 -0.0455016121 -0.0125881555
  endloop
 endfacet

 facet normal -0.0221751388 -0.874511957 -0.484496772
  outer loop
  vertex -0.0662116259 -0.0455058999 -0.0125802755
  vertex -0.0662539005 -0.0454930402 -0.0126015507
  vertex -0.0662116259 -0.0454823263 -0.0126228258
  endloop
 endfacet

 facet normal 0.0215231311 -0.817088366 -0.576110661
  outer loop
  vertex -0.0661633089 -0.0454716086 -0.012636221
  vertex -0.0662116259 -0.0454823263 -0.0126228258
  vertex -0.0661753863 -0.045448035 -0.0126701035
  endloop
 endfacet

 facet normal 0.103135616 -0.798902452 -0.592552185
  outer loop
  vertex -0.0661633089 -0.0454716086 -0.012636221
  vertex -0.0661753863 -0.045448035 -0.0126701035
  vertex -0.066148214 -0.0454416052 -0.012674043
  endloop
 endfacet

 facet normal 0.0766500384 -0.73601377 -0.672613323
  outer loop
  vertex -0.066148214 -0.0454416052 -0.012674043
  vertex -0.0661753863 -0.045448035 -0.0126701035
  vertex -0.0661572739 -0.0454137437 -0.0127055617
  endloop
 endfacet

 facet normal 0.119376592 -0.726619303 -0.676589668
  outer loop
  vertex -0.066148214 -0.0454416052 -0.012674043
  vertex -0.0661572739 -0.0454137437 -0.0127055617
  vertex -0.0661270767 -0.0454073176 -0.0127071375
  endloop
 endfacet

 facet normal 0.154413372 -0.733768821 -0.661619127
  outer loop
  vertex -0.066148214 -0.0454416052 -0.012674043
  vertex -0.0661270767 -0.0454073176 -0.0127071375
  vertex -0.0661210343 -0.0454351753 -0.0126748318
  endloop
 endfacet

 facet normal 0.2356323 -0.683398187 -0.690973461
  outer loop
  vertex -0.0660696998 -0.0453923158 -0.0127024101
  vertex -0.0661270767 -0.0454073176 -0.0127071375
  vertex -0.066099897 -0.045398742 -0.0127063496
  endloop
 endfacet

 facet normal 0.233054131 -0.653284907 -0.720350385
  outer loop
  vertex -0.0660696998 -0.0453923158 -0.0127024101
  vertex -0.066099897 -0.045398742 -0.0127063496
  vertex -0.0660696998 -0.0453601666 -0.0127315642
  endloop
 endfacet

 facet normal 0.102283612 -0.662393749 -0.742140532
  outer loop
  vertex -0.0661270767 -0.0454073176 -0.0127071375
  vertex -0.0661572739 -0.0454137437 -0.0127055617
  vertex -0.0661361367 -0.0453751683 -0.0127370805
  endloop
 endfacet

 facet normal 0.199690029 -0.637106061 -0.744459391
  outer loop
  vertex -0.0661270767 -0.0454073176 -0.0127071375
  vertex -0.0661361367 -0.0453751683 -0.0127370805
  vertex -0.066102922 -0.0453665964 -0.0127355047
  endloop
 endfacet

 facet normal 0.21153748 -0.64006871 -0.738623023
  outer loop
  vertex -0.0661270767 -0.0454073176 -0.0127071375
  vertex -0.066102922 -0.0453665964 -0.0127355047
  vertex -0.0660696998 -0.0453601666 -0.0127315642
  endloop
 endfacet

 facet normal 0.226343498 -0.650858164 -0.724673927
  outer loop
  vertex -0.0661270767 -0.0454073176 -0.0127071375
  vertex -0.0660696998 -0.0453601666 -0.0127315642
  vertex -0.066099897 -0.045398742 -0.0127063496
  endloop
 endfacet

 facet normal -0.0656780377 -0.832667947 -0.549864113
  outer loop
  vertex -0.0662116259 -0.0454823263 -0.0126228258
  vertex -0.0662539005 -0.0454930402 -0.0126015507
  vertex -0.066250883 -0.0454651788 -0.0126441009
  endloop
 endfacet

 facet normal -0.0451821499 -0.816914082 -0.574986935
  outer loop
  vertex -0.0662116259 -0.0454823263 -0.0126228258
  vertex -0.066250883 -0.0454651788 -0.0126441009
  vertex -0.0662267208 -0.0454587527 -0.0126551315
  endloop
 endfacet

 facet normal -0.00290622283 -0.8084445 -0.58856523
  outer loop
  vertex -0.0662116259 -0.0454823263 -0.0126228258
  vertex -0.0662267208 -0.0454587527 -0.0126551315
  vertex -0.0661753863 -0.045448035 -0.0126701035
  endloop
 endfacet

 facet normal -0.808553874 -0.182371885 -0.559447229
  outer loop
  vertex -0.0714869052 -0.0236676559 -0.0126023386
  vertex -0.0714476481 -0.0236676559 -0.0126590719
  vertex -0.0708769411 -0.0262801014 -0.0126322815
  endloop
 endfacet

 facet normal -0.825767636 -0.18670316 -0.532212317
  outer loop
  vertex -0.0714869052 -0.0236676559 -0.0126023386
  vertex -0.0708769411 -0.0262801014 -0.0126322815
  vertex -0.0666283369 -0.045156572 -0.0126023386
  endloop
 endfacet

 facet normal -0.87095803 -0.196920559 -0.45017153
  outer loop
  vertex -0.0714869052 -0.0236676559 -0.0126023386
  vertex -0.0666283369 -0.045156572 -0.0126023386
  vertex -0.0709161907 -0.0262801014 -0.0125637287
  endloop
 endfacet

 facet normal -0.80516386 -0.281489074 -0.521991491
  outer loop
  vertex -0.0666011572 -0.0452401526 -0.012599187
  vertex -0.0666283369 -0.045156572 -0.0126023386
  vertex -0.0665920973 -0.0451930054 -0.0126385847
  endloop
 endfacet

 facet normal -0.752703249 -0.330954701 -0.569128096
  outer loop
  vertex -0.0666011572 -0.0452401526 -0.012599187
  vertex -0.0665920973 -0.0451930054 -0.0126385847
  vertex -0.0665528402 -0.0452294387 -0.0126693156
  endloop
 endfacet

 facet normal -0.74691987 -0.346466243 -0.567513824
  outer loop
  vertex -0.0666011572 -0.0452401526 -0.012599187
  vertex -0.0665528402 -0.0452294387 -0.0126693156
  vertex -0.0665619001 -0.0452744439 -0.0126299178
  endloop
 endfacet

 facet normal -0.757520676 -0.417305917 -0.50201416
  outer loop
  vertex -0.0666011572 -0.0452401526 -0.012599187
  vertex -0.0665619001 -0.0452744439 -0.0126299178
  vertex -0.0665830374 -0.045278728 -0.0125944586
  endloop
 endfacet

 facet normal -0.746009469 -0.441964835 -0.498133391
  outer loop
  vertex -0.0665830374 -0.045278728 -0.0125944586
  vertex -0.0665619001 -0.0452744439 -0.0126299178
  vertex -0.0665649176 -0.0453173071 -0.0125873666
  endloop
 endfacet

 facet normal -0.68734014 -0.486763328 -0.539096475
  outer loop
  vertex -0.0665649176 -0.0453173071 -0.0125873666
  vertex -0.0665619001 -0.0452744439 -0.0126299178
  vertex -0.0665407628 -0.0453130193 -0.012622037
  endloop
 endfacet

 facet normal -0.66688776 -0.524311423 -0.529488683
  outer loop
  vertex -0.0665649176 -0.0453173071 -0.0125873666
  vertex -0.0665407628 -0.0453130193 -0.012622037
  vertex -0.0665196255 -0.0453494489 -0.0126125822
  endloop
 endfacet

 facet normal -0.668883622 -0.551343739 -0.498612851
  outer loop
  vertex -0.0665649176 -0.0453173071 -0.0125873666
  vertex -0.0665196255 -0.0453494489 -0.0126125822
  vertex -0.0665407628 -0.0453537367 -0.0125794876
  endloop
 endfacet

 facet normal -0.784007311 -0.192702457 -0.590083301
  outer loop
  vertex -0.0666283369 -0.045156572 -0.0126023386
  vertex -0.0665770024 -0.0451458544 -0.012674043
  vertex -0.0665920973 -0.0451930054 -0.0126385847
  endloop
 endfacet

 facet normal -0.794275701 -0.179691553 -0.580376744
  outer loop
  vertex -0.0666283369 -0.045156572 -0.0126023386
  vertex -0.0708769411 -0.0262801014 -0.0126322815
  vertex -0.0678754374 -0.0395244919 -0.0126393726
  endloop
 endfacet

 facet normal -0.787290096 -0.178209782 -0.59026742
  outer loop
  vertex -0.0666283369 -0.045156572 -0.0126023386
  vertex -0.0678754374 -0.0395244919 -0.0126393726
  vertex -0.0665770024 -0.0451458544 -0.012674043
  endloop
 endfacet

 facet normal -0.629882276 -0.609625816 -0.481253266
  outer loop
  vertex -0.0665407628 -0.0453537367 -0.0125794876
  vertex -0.0665196255 -0.0453494489 -0.0126125822
  vertex -0.0664954707 -0.0453837402 -0.0126007628
  endloop
 endfacet

 facet normal -0.630385756 -0.633585155 -0.448535055
  outer loop
  vertex -0.0665407628 -0.0453537367 -0.0125794876
  vertex -0.0664954707 -0.0453837402 -0.0126007628
  vertex -0.0665135905 -0.045388028 -0.012569244
  endloop
 endfacet

 facet normal -0.571846724 -0.597866714 -0.561735511
  outer loop
  vertex -0.0664954707 -0.0453837402 -0.0126007628
  vertex -0.0664954707 -0.0453430228 -0.0126441009
  vertex -0.0664713159 -0.045338735 -0.0126732551
  endloop
 endfacet

 facet normal -0.545591295 -0.618326068 -0.565688133
  outer loop
  vertex -0.0664954707 -0.0453837402 -0.0126007628
  vertex -0.0664713159 -0.045338735 -0.0126732551
  vertex -0.0664471537 -0.0453730263 -0.0126590719
  endloop
 endfacet

 facet normal -0.573165774 -0.597195506 -0.561104774
  outer loop
  vertex -0.0664954707 -0.0453837402 -0.0126007628
  vertex -0.0665196255 -0.0453494489 -0.0126125822
  vertex -0.0664954707 -0.0453430228 -0.0126441009
  endloop
 endfacet

 facet normal -0.338428348 -0.652922988 -0.677611947
  outer loop
  vertex -0.0663988441 -0.045398742 -0.0126669509
  vertex -0.0663928017 -0.0453601666 -0.0127071375
  vertex -0.0663686469 -0.0453923158 -0.0126882261
  endloop
 endfacet

 facet normal -0.319425821 -0.680864096 -0.659083605
  outer loop
  vertex -0.0663988441 -0.045398742 -0.0126669509
  vertex -0.0663686469 -0.0453923158 -0.0126882261
  vertex -0.0663203299 -0.0454180315 -0.0126850754
  endloop
 endfacet

 facet normal -0.319448799 -0.695622802 -0.643476129
  outer loop
  vertex -0.0663988441 -0.045398742 -0.0126669509
  vertex -0.0663203299 -0.0454180315 -0.0126850754
  vertex -0.0663475096 -0.0454223156 -0.0126669509
  endloop
 endfacet

 facet normal -0.324643195 -0.706933856 -0.628372073
  outer loop
  vertex -0.0663988441 -0.045398742 -0.0126669509
  vertex -0.0663475096 -0.0454223156 -0.0126669509
  vertex -0.0663746819 -0.0454287454 -0.0126456758
  endloop
 endfacet

 facet normal -0.440735638 -0.633020639 -0.636425197
  outer loop
  vertex -0.0663988441 -0.045398742 -0.0126669509
  vertex -0.0664471537 -0.0453730263 -0.0126590719
  vertex -0.0664199814 -0.0453665964 -0.0126842866
  endloop
 endfacet

 facet normal -0.409273624 -0.626722515 -0.663109303
  outer loop
  vertex -0.0663988441 -0.045398742 -0.0126669509
  vertex -0.0664199814 -0.0453665964 -0.0126842866
  vertex -0.0663928017 -0.0453601666 -0.0127071375
  endloop
 endfacet

 facet normal -0.464774311 -0.597634435 -0.653313041
  outer loop
  vertex -0.0664471537 -0.0453730263 -0.0126590719
  vertex -0.0664713159 -0.045338735 -0.0126732551
  vertex -0.0664199814 -0.0453665964 -0.0126842866
  endloop
 endfacet

 facet normal -0.291915625 -0.746118009 -0.598408997
  outer loop
  vertex -0.0663746819 -0.0454287454 -0.0126456758
  vertex -0.0663475096 -0.0454223156 -0.0126669509
  vertex -0.0663263723 -0.045450177 -0.0126425251
  endloop
 endfacet

 facet normal -0.295967251 -0.753570378 -0.586971104
  outer loop
  vertex -0.0663746819 -0.0454287454 -0.0126456758
  vertex -0.0663263723 -0.045450177 -0.0126425251
  vertex -0.0663475096 -0.0454566069 -0.0126236137
  endloop
 endfacet

 facet normal 0.585164487 -0.384523988 -0.713949561
  outer loop
  vertex -0.0476832353 -0.0411746837 -0.00788479205
  vertex -0.0476862527 -0.0411661118 -0.00789188407
  vertex -0.047293704 -0.0409110822 -0.00770749943
  endloop
 endfacet

 facet normal 0.0923660025 -0.659859776 -0.745690048
  outer loop
  vertex -0.0661361367 -0.0453751683 -0.0127370805
  vertex -0.0661572739 -0.0454137437 -0.0127055617
  vertex -0.0661693513 -0.0453815982 -0.0127355047
  endloop
 endfacet

 facet normal 0.0813522786 -0.612846136 -0.78600347
  outer loop
  vertex -0.0661361367 -0.0453751683 -0.0127370805
  vertex -0.0661693513 -0.0453815982 -0.0127355047
  vertex -0.0661784112 -0.0453494489 -0.0127615081
  endloop
 endfacet

 facet normal 0.00332904281 -0.603500962 -0.797355354
  outer loop
  vertex -0.0661784112 -0.0453494489 -0.0127615081
  vertex -0.0661995485 -0.0453901701 -0.0127307763
  vertex -0.0662116259 -0.0453558825 -0.0127567798
  endloop
 endfacet

 facet normal -0.010369787 -0.557049274 -0.830414712
  outer loop
  vertex -0.0661784112 -0.0453494489 -0.0127615081
  vertex -0.0662116259 -0.0453558825 -0.0127567798
  vertex -0.0662237033 -0.0453215912 -0.0127796298
  endloop
 endfacet

 facet normal 0.00102175563 -0.544118345 -0.839007854
  outer loop
  vertex -0.0661784112 -0.0453494489 -0.0127615081
  vertex -0.0662237033 -0.0453215912 -0.0127796298
  vertex -0.0661874712 -0.0453130193 -0.012785146
  endloop
 endfacet

 facet normal 0.0529892594 -0.618936479 -0.78365159
  outer loop
  vertex -0.0661784112 -0.0453494489 -0.0127615081
  vertex -0.0661693513 -0.0453815982 -0.0127355047
  vertex -0.0661995485 -0.0453901701 -0.0127307763
  endloop
 endfacet

 facet normal -0.0197452344 -0.480608165 -0.876713157
  outer loop
  vertex -0.0661874712 -0.0453130193 -0.012785146
  vertex -0.0662237033 -0.0453215912 -0.0127796298
  vertex -0.0662357807 -0.0452851616 -0.0127993301
  endloop
 endfacet

 facet normal -0.0197452344 -0.480608165 -0.876713157
  outer loop
  vertex -0.0661874712 -0.0453130193 -0.012785146
  vertex -0.0662357807 -0.0452851616 -0.0127993301
  vertex -0.0661995485 -0.045276586 -0.0128048463
  endloop
 endfacet

 facet normal -0.085690774 -0.486736596 -0.869335651
  outer loop
  vertex -0.0662357807 -0.0452851616 -0.0127993301
  vertex -0.0662599355 -0.0453301631 -0.0127717508
  vertex -0.0662750378 -0.0452937298 -0.0127906622
  endloop
 endfacet

 facet normal -0.1072542 -0.420103282 -0.901115894
  outer loop
  vertex -0.0662357807 -0.0452851616 -0.0127993301
  vertex -0.0662750378 -0.0452937298 -0.0127906622
  vertex -0.0662478581 -0.0452465825 -0.0128158769
  endloop
 endfacet

 facet normal -0.0719846338 -0.492770612 -0.867176712
  outer loop
  vertex -0.0662357807 -0.0452851616 -0.0127993301
  vertex -0.0662237033 -0.0453215912 -0.0127796298
  vertex -0.0662599355 -0.0453301631 -0.0127717508
  endloop
 endfacet

 facet normal -0.128217876 -0.409228981 -0.903378129
  outer loop
  vertex -0.0662478581 -0.0452465825 -0.0128158769
  vertex -0.0662750378 -0.0452937298 -0.0127906622
  vertex -0.0662871152 -0.0452551544 -0.0128064221
  endloop
 endfacet

 facet normal -0.235923499 -0.285669625 -0.9288342
  outer loop
  vertex -0.06631127 -0.0451737195 -0.0128284842
  vertex -0.0662991926 -0.0452144369 -0.0128190285
  vertex -0.0663384497 -0.0452230088 -0.0128064221
  endloop
 endfacet

 facet normal -0.256616414 -0.273450255 -0.927023768
  outer loop
  vertex -0.06631127 -0.0451737195 -0.0128284842
  vertex -0.0663384497 -0.0452230088 -0.0128064221
  vertex -0.0663505271 -0.0451822914 -0.012815089
  endloop
 endfacet

 facet normal -0.27472809 -0.208622366 -0.938616693
  outer loop
  vertex -0.06631127 -0.0451737195 -0.0128284842
  vertex -0.0663505271 -0.0451822914 -0.012815089
  vertex -0.0663626045 -0.0451415703 -0.0128206043
  endloop
 endfacet

 facet normal -0.274742544 -0.208647847 -0.938606739
  outer loop
  vertex -0.06631127 -0.0451737195 -0.0128284842
  vertex -0.0663626045 -0.0451415703 -0.0128206043
  vertex -0.0663233548 -0.0451329984 -0.0128340004
  endloop
 endfacet

 facet normal -0.298175693 -0.115271211 -0.947525144
  outer loop
  vertex -0.0663233548 -0.0451329984 -0.0128340004
  vertex -0.0663626045 -0.0451415703 -0.0128206043
  vertex -0.0663716644 -0.0450987071 -0.012822968
  endloop
 endfacet

 facet normal -0.285455525 -0.0953838676 -0.953633666
  outer loop
  vertex -0.0663233548 -0.0451329984 -0.0128340004
  vertex -0.0663716644 -0.0450987071 -0.012822968
  vertex -0.0663324073 -0.0450901352 -0.0128355762
  endloop
 endfacet

 facet normal -0.291990817 -0.0661821738 -0.954128504
  outer loop
  vertex -0.0663324073 -0.0450901352 -0.0128355762
  vertex -0.0663716644 -0.0450987071 -0.012822968
  vertex -0.0676248074 -0.0395244919 -0.0128261205
  endloop
 endfacet

 facet normal -0.285185367 -0.0645982102 -0.956293166
  outer loop
  vertex -0.0663324073 -0.0450901352 -0.0128355762
  vertex -0.0676248074 -0.0395244919 -0.0128261205
  vertex -0.0675825328 -0.0395244919 -0.0128387278
  endloop
 endfacet

 facet normal -0.285187364 -0.0644911081 -0.956299722
  outer loop
  vertex -0.0675825328 -0.0395244919 -0.0128387278
  vertex -0.0676248074 -0.0395244919 -0.0128261205
  vertex -0.0711788982 -0.0236676559 -0.0128355762
  endloop
 endfacet

 facet normal -0.322098941 -0.0723361522 -0.943938553
  outer loop
  vertex -0.0711788982 -0.0236676559 -0.0128355762
  vertex -0.0706383884 -0.0262801014 -0.0128198164
  vertex -0.0712181553 -0.0236676559 -0.012822181
  endloop
 endfacet

 facet normal -0.300072163 -0.0678244755 -0.951502264
  outer loop
  vertex -0.0711788982 -0.0236676559 -0.0128355762
  vertex -0.0676248074 -0.0395244919 -0.0128261205
  vertex -0.0706383884 -0.0262801014 -0.0128198164
  endloop
 endfacet

 facet normal -0.176633507 -0.41915518 -0.890566945
  outer loop
  vertex -0.0662871152 -0.0452551544 -0.0128064221
  vertex -0.0662750378 -0.0452937298 -0.0127906622
  vertex -0.0663263723 -0.0452637263 -0.0127946017
  endloop
 endfacet

 facet normal -0.201162681 -0.343672991 -0.917290866
  outer loop
  vertex -0.0662871152 -0.0452551544 -0.0128064221
  vertex -0.0663263723 -0.0452637263 -0.0127946017
  vertex -0.0662991926 -0.0452144369 -0.0128190285
  endloop
 endfacet

 facet normal -0.221949965 -0.331971705 -0.916805923
  outer loop
  vertex -0.0662991926 -0.0452144369 -0.0128190285
  vertex -0.0663263723 -0.0452637263 -0.0127946017
  vertex -0.0663384497 -0.0452230088 -0.0128064221
  endloop
 endfacet

 facet normal -0.284830511 -0.744971395 -0.603232384
  outer loop
  vertex -0.0663263723 -0.045450177 -0.0126425251
  vertex -0.0663475096 -0.0454223156 -0.0126669509
  vertex -0.0663203299 -0.0454180315 -0.0126850754
  endloop
 endfacet

 facet normal -0.192453027 -0.769652963 -0.608766198
  outer loop
  vertex -0.0663263723 -0.045450177 -0.0126425251
  vertex -0.0663203299 -0.0454180315 -0.0126850754
  vertex -0.0662720203 -0.0454394631 -0.0126732551
  endloop
 endfacet

 facet normal -0.13116844 -0.712650061 -0.689147949
  outer loop
  vertex -0.0662720203 -0.0454394631 -0.0126732551
  vertex -0.0662629604 -0.0454030298 -0.0127126537
  vertex -0.0662448406 -0.0454330333 -0.0126850754
  endloop
 endfacet

 facet normal -0.0869677067 -0.777527452 -0.62280643
  outer loop
  vertex -0.0662720203 -0.0454394631 -0.0126732551
  vertex -0.0662448406 -0.0454330333 -0.0126850754
  vertex -0.066250883 -0.0454651788 -0.0126441009
  endloop
 endfacet

 facet normal -0.150300682 -0.71528089 -0.682482958
  outer loop
  vertex -0.0662720203 -0.0454394631 -0.0126732551
  vertex -0.0663203299 -0.0454180315 -0.0126850754
  vertex -0.0662931576 -0.0454094596 -0.0127000455
  endloop
 endfacet

 facet normal -0.136336148 -0.711531043 -0.689301193
  outer loop
  vertex -0.0662720203 -0.0454394631 -0.0126732551
  vertex -0.0662931576 -0.0454094596 -0.0127000455
  vertex -0.0662629604 -0.0454030298 -0.0127126537
  endloop
 endfacet

 facet normal -0.0769522414 -0.7789011 -0.622407794
  outer loop
  vertex -0.066250883 -0.0454651788 -0.0126441009
  vertex -0.0662448406 -0.0454330333 -0.0126850754
  vertex -0.0662267208 -0.0454587527 -0.0126551315
  endloop
 endfacet

 facet normal 0.00367912138 -0.748513877 -0.663108945
  outer loop
  vertex -0.0661753863 -0.045448035 -0.0126701035
  vertex -0.0662176684 -0.0454266034 -0.0126945302
  vertex -0.0661874712 -0.0454201736 -0.0127016213
  endloop
 endfacet

 facet normal 0.068209812 -0.734358907 -0.675325513
  outer loop
  vertex -0.0661753863 -0.045448035 -0.0126701035
  vertex -0.0661874712 -0.0454201736 -0.0127016213
  vertex -0.0661572739 -0.0454137437 -0.0127055617
  endloop
 endfacet

 facet normal -0.0241898354 -0.771846414 -0.635348797
  outer loop
  vertex -0.0661753863 -0.045448035 -0.0126701035
  vertex -0.0662267208 -0.0454587527 -0.0126551315
  vertex -0.0662176684 -0.0454266034 -0.0126945302
  endloop
 endfacet

 facet normal 0.0511008464 -0.685325503 -0.726441801
  outer loop
  vertex -0.0661572739 -0.0454137437 -0.0127055617
  vertex -0.0661874712 -0.0454201736 -0.0127016213
  vertex -0.0661995485 -0.0453901701 -0.0127307763
  endloop
 endfacet

 facet normal 0.0724152625 -0.665083051 -0.743250072
  outer loop
  vertex -0.0661572739 -0.0454137437 -0.0127055617
  vertex -0.0661995485 -0.0453901701 -0.0127307763
  vertex -0.0661693513 -0.0453815982 -0.0127355047
  endloop
 endfacet

 facet normal -0.0395587459 -0.769723594 -0.637150526
  outer loop
  vertex -0.0662267208 -0.0454587527 -0.0126551315
  vertex -0.0662448406 -0.0454330333 -0.0126850754
  vertex -0.0662176684 -0.0454266034 -0.0126945302
  endloop
 endfacet

 facet normal -0.781181991 -0.176727742 -0.598767161
  outer loop
  vertex -0.0714476481 -0.0236676559 -0.0126590719
  vertex -0.067869395 -0.0395244919 -0.0126472516
  vertex -0.0678754374 -0.0395244919 -0.0126393726
  endloop
 endfacet

 facet normal -0.784702957 -0.177514881 -0.593910635
  outer loop
  vertex -0.0714476481 -0.0236676559 -0.0126590719
  vertex -0.0678754374 -0.0395244919 -0.0126393726
  vertex -0.0708769411 -0.0262801014 -0.0126322815
  endloop
 endfacet

 facet normal -0.728650928 -0.164553449 -0.664823413
  outer loop
  vertex -0.0714476481 -0.0236676559 -0.0126590719
  vertex -0.0714174509 -0.0236676559 -0.0126921665
  vertex -0.0708497614 -0.0262801014 -0.0126677398
  endloop
 endfacet

 facet normal -0.770092845 -0.174207523 -0.613684714
  outer loop
  vertex -0.0714476481 -0.0236676559 -0.0126590719
  vertex -0.0708497614 -0.0262801014 -0.0126677398
  vertex -0.0665770024 -0.0451458544 -0.012674043
  endloop
 endfacet

 facet normal -0.779589295 -0.176369935 -0.60094434
  outer loop
  vertex -0.0714476481 -0.0236676559 -0.0126590719
  vertex -0.0665770024 -0.0451458544 -0.012674043
  vertex -0.067869395 -0.0395244919 -0.0126472516
  endloop
 endfacet

 facet normal -0.751911879 -0.22518754 -0.619612157
  outer loop
  vertex -0.0665920973 -0.0451930054 -0.0126385847
  vertex -0.0665770024 -0.0451458544 -0.012674043
  vertex -0.0665407628 -0.0451822914 -0.0127047738
  endloop
 endfacet

 facet normal -0.737739682 -0.274753481 -0.616644681
  outer loop
  vertex -0.0665920973 -0.0451930054 -0.0126385847
  vertex -0.0665407628 -0.0451822914 -0.0127047738
  vertex -0.0665528402 -0.0452294387 -0.0126693156
  endloop
 endfacet

 facet normal -0.685179651 -0.317473114 -0.655545354
  outer loop
  vertex -0.0665528402 -0.0452294387 -0.0126693156
  vertex -0.0665407628 -0.0451822914 -0.0127047738
  vertex -0.0665256679 -0.0452230088 -0.0127008343
  endloop
 endfacet

 facet normal -0.666219473 -0.366870016 -0.649275005
  outer loop
  vertex -0.0665528402 -0.0452294387 -0.0126693156
  vertex -0.0665256679 -0.0452230088 -0.0127008343
  vertex -0.0665377453 -0.0452680141 -0.0126630114
  endloop
 endfacet

 facet normal -0.712261081 -0.375680178 -0.592915416
  outer loop
  vertex -0.0665528402 -0.0452294387 -0.0126693156
  vertex -0.0665377453 -0.0452680141 -0.0126630114
  vertex -0.0665619001 -0.0452744439 -0.0126299178
  endloop
 endfacet

 facet normal -0.66146034 -0.480148494 -0.576131701
  outer loop
  vertex -0.0665619001 -0.0452744439 -0.0126299178
  vertex -0.0665377453 -0.0452680141 -0.0126630114
  vertex -0.0665407628 -0.0453130193 -0.012622037
  endloop
 endfacet

 facet normal -0.650119603 -0.487219214 -0.58306247
  outer loop
  vertex -0.0665407628 -0.0453130193 -0.012622037
  vertex -0.0665377453 -0.0452680141 -0.0126630114
  vertex -0.066516608 -0.0453065895 -0.0126543436
  endloop
 endfacet

 facet normal -0.633106709 -0.516844273 -0.57623595
  outer loop
  vertex -0.0665407628 -0.0453130193 -0.012622037
  vertex -0.066516608 -0.0453065895 -0.0126543436
  vertex -0.0665196255 -0.0453494489 -0.0126125822
  endloop
 endfacet

 facet normal -0.620960355 -0.524129748 -0.582834721
  outer loop
  vertex -0.0665196255 -0.0453494489 -0.0126125822
  vertex -0.066516608 -0.0453065895 -0.0126543436
  vertex -0.0664954707 -0.0453430228 -0.0126441009
  endloop
 endfacet

 facet normal -0.729750574 -0.166424766 -0.663149357
  outer loop
  vertex -0.0665770024 -0.0451458544 -0.012674043
  vertex -0.0665498227 -0.0451394282 -0.0127055617
  vertex -0.0665407628 -0.0451822914 -0.0127047738
  endloop
 endfacet

 facet normal -0.781179368 -0.176745921 -0.598765135
  outer loop
  vertex -0.0665770024 -0.0451458544 -0.012674043
  vertex -0.0678754374 -0.0395244919 -0.0126393726
  vertex -0.067869395 -0.0395244919 -0.0126472516
  endloop
 endfacet

 facet normal -0.764752567 -0.172995731 -0.620665789
  outer loop
  vertex -0.0665770024 -0.0451458544 -0.012674043
  vertex -0.0708497614 -0.0262801014 -0.0126677398
  vertex -0.0678422228 -0.0395244919 -0.0126819229
  endloop
 endfacet

 facet normal -0.735061228 -0.166364282 -0.657273114
  outer loop
  vertex -0.0665770024 -0.0451458544 -0.012674043
  vertex -0.0678422228 -0.0395244919 -0.0126819229
  vertex -0.0678210855 -0.0395244919 -0.0127055617
  endloop
 endfacet

 facet normal -0.730015218 -0.165280461 -0.663144231
  outer loop
  vertex -0.0665770024 -0.0451458544 -0.012674043
  vertex -0.0678210855 -0.0395244919 -0.0127055617
  vertex -0.0665498227 -0.0451394282 -0.0127055617
  endloop
 endfacet

 facet normal -0.616833627 -0.523196816 -0.588031769
  outer loop
  vertex -0.0664954707 -0.0453430228 -0.0126441009
  vertex -0.066516608 -0.0453065895 -0.0126543436
  vertex -0.0664713159 -0.045338735 -0.0126732551
  endloop
 endfacet

 facet normal -0.605391204 -0.479100734 -0.635581732
  outer loop
  vertex -0.0664713159 -0.045338735 -0.0126732551
  vertex -0.066516608 -0.0453065895 -0.0126543436
  vertex -0.0664894283 -0.0453001633 -0.0126850754
  endloop
 endfacet

 facet normal -0.569690526 -0.47343123 -0.671800256
  outer loop
  vertex -0.0664713159 -0.045338735 -0.0126732551
  vertex -0.0664894283 -0.0453001633 -0.0126850754
  vertex -0.066462256 -0.0452937298 -0.0127126537
  endloop
 endfacet

 facet normal -0.509402275 -0.506481051 -0.695691288
  outer loop
  vertex -0.0664713159 -0.045338735 -0.0126732551
  vertex -0.066462256 -0.0452937298 -0.0127126537
  vertex -0.0664411187 -0.0453323089 -0.0127000455
  endloop
 endfacet

 facet normal -0.46228385 -0.589415789 -0.662482202
  outer loop
  vertex -0.0664713159 -0.045338735 -0.0126732551
  vertex -0.0664411187 -0.0453323089 -0.0127000455
  vertex -0.0664199814 -0.0453665964 -0.0126842866
  endloop
 endfacet

 facet normal -0.437105119 -0.583852172 -0.684146106
  outer loop
  vertex -0.0663928017 -0.0453601666 -0.0127071375
  vertex -0.0664199814 -0.0453665964 -0.0126842866
  vertex -0.0664411187 -0.0453323089 -0.0127000455
  endloop
 endfacet

 facet normal -0.418504119 -0.539829493 -0.730368733
  outer loop
  vertex -0.0663928017 -0.0453601666 -0.0127071375
  vertex -0.0664411187 -0.0453323089 -0.0127000455
  vertex -0.0664109215 -0.0453237332 -0.0127236852
  endloop
 endfacet

 facet normal -0.406166136 -0.537586153 -0.73893857
  outer loop
  vertex -0.0663928017 -0.0453601666 -0.0127071375
  vertex -0.0664109215 -0.0453237332 -0.0127236852
  vertex -0.0663807243 -0.0453173071 -0.0127449594
  endloop
 endfacet

 facet normal -0.348587453 -0.562996507 -0.749347568
  outer loop
  vertex -0.0663928017 -0.0453601666 -0.0127071375
  vertex -0.0663807243 -0.0453173071 -0.0127449594
  vertex -0.0663626045 -0.0453515947 -0.0127276238
  endloop
 endfacet

 facet normal -0.311343908 -0.621467471 -0.718918085
  outer loop
  vertex -0.0663928017 -0.0453601666 -0.0127071375
  vertex -0.0663626045 -0.0453515947 -0.0127276238
  vertex -0.0663414672 -0.045385886 -0.0127071375
  endloop
 endfacet

 facet normal -0.3251127 -0.648950994 -0.68786943
  outer loop
  vertex -0.0663928017 -0.0453601666 -0.0127071375
  vertex -0.0663414672 -0.045385886 -0.0127071375
  vertex -0.0663686469 -0.0453923158 -0.0126882261
  endloop
 endfacet

 facet normal -0.311749637 -0.668428898 -0.675288856
  outer loop
  vertex -0.0663686469 -0.0453923158 -0.0126882261
  vertex -0.0663414672 -0.045385886 -0.0127071375
  vertex -0.0663203299 -0.0454180315 -0.0126850754
  endloop
 endfacet

 facet normal -0.264669955 -0.657905221 -0.705060661
  outer loop
  vertex -0.0663203299 -0.0454180315 -0.0126850754
  vertex -0.0663414672 -0.045385886 -0.0127071375
  vertex -0.06631127 -0.0453794561 -0.0127244731
  endloop
 endfacet

 facet normal -0.175124988 -0.683035195 -0.709079802
  outer loop
  vertex -0.0663203299 -0.0454180315 -0.0126850754
  vertex -0.06631127 -0.0453794561 -0.0127244731
  vertex -0.0662931576 -0.0454094596 -0.0127000455
  endloop
 endfacet

 facet normal -0.0354257748 -0.69592452 -0.717240572
  outer loop
  vertex -0.0661995485 -0.0453901701 -0.0127307763
  vertex -0.0662176684 -0.0454266034 -0.0126945302
  vertex -0.0662327632 -0.0453965999 -0.0127228973
  endloop
 endfacet

 facet normal -0.0575460903 -0.640828013 -0.765524626
  outer loop
  vertex -0.0661995485 -0.0453901701 -0.0127307763
  vertex -0.0662327632 -0.0453965999 -0.0127228973
  vertex -0.0662448406 -0.0453644544 -0.0127488999
  endloop
 endfacet

 facet normal -0.0301227551 -0.610689998 -0.791296661
  outer loop
  vertex -0.0661995485 -0.0453901701 -0.0127307763
  vertex -0.0662448406 -0.0453644544 -0.0127488999
  vertex -0.0662116259 -0.0453558825 -0.0127567798
  endloop
 endfacet

 facet normal -0.0183314644 -0.700561404 -0.713356674
  outer loop
  vertex -0.0661995485 -0.0453901701 -0.0127307763
  vertex -0.0661874712 -0.0454201736 -0.0127016213
  vertex -0.0662176684 -0.0454266034 -0.0126945302
  endloop
 endfacet

 facet normal -0.048117321 -0.56851083 -0.821267426
  outer loop
  vertex -0.0662116259 -0.0453558825 -0.0127567798
  vertex -0.0662448406 -0.0453644544 -0.0127488999
  vertex -0.0662599355 -0.0453301631 -0.0127717508
  endloop
 endfacet

 facet normal -0.0454671942 -0.565020204 -0.823823392
  outer loop
  vertex -0.0662116259 -0.0453558825 -0.0127567798
  vertex -0.0662599355 -0.0453301631 -0.0127717508
  vertex -0.0662237033 -0.0453215912 -0.0127796298
  endloop
 endfacet

 facet normal -0.131624237 -0.589224637 -0.797175825
  outer loop
  vertex -0.0662599355 -0.0453301631 -0.0127717508
  vertex -0.0662448406 -0.0453644544 -0.0127488999
  vertex -0.0662931576 -0.045338735 -0.0127599314
  endloop
 endfacet

 facet normal -0.169263542 -0.508390069 -0.844327807
  outer loop
  vertex -0.0662599355 -0.0453301631 -0.0127717508
  vertex -0.0662931576 -0.045338735 -0.0127599314
  vertex -0.0662750378 -0.0452937298 -0.0127906622
  endloop
 endfacet

 facet normal -0.18645826 -0.501719534 -0.844695687
  outer loop
  vertex -0.0662750378 -0.0452937298 -0.0127906622
  vertex -0.0662931576 -0.045338735 -0.0127599314
  vertex -0.06631127 -0.0453001633 -0.0127788428
  endloop
 endfacet

 facet normal -0.201167509 -0.457899809 -0.865944266
  outer loop
  vertex -0.0662750378 -0.0452937298 -0.0127906622
  vertex -0.06631127 -0.0453001633 -0.0127788428
  vertex -0.0663263723 -0.0452637263 -0.0127946017
  endloop
 endfacet

 facet normal -0.286864877 -0.344566077 -0.893858373
  outer loop
  vertex -0.0663384497 -0.0452230088 -0.0128064221
  vertex -0.0663263723 -0.0452637263 -0.0127946017
  vertex -0.0663746819 -0.0452337228 -0.0127906622
  endloop
 endfacet

 facet normal -0.307703078 -0.291539013 -0.905717313
  outer loop
  vertex -0.0663384497 -0.0452230088 -0.0128064221
  vertex -0.0663746819 -0.0452337228 -0.0127906622
  vertex -0.0663897842 -0.0451908596 -0.0127993301
  endloop
 endfacet

 facet normal -0.303290099 -0.283610553 -0.909714401
  outer loop
  vertex -0.0663384497 -0.0452230088 -0.0128064221
  vertex -0.0663897842 -0.0451908596 -0.0127993301
  vertex -0.0663505271 -0.0451822914 -0.012815089
  endloop
 endfacet

 facet normal -0.321645319 -0.220141649 -0.920913637
  outer loop
  vertex -0.0663505271 -0.0451822914 -0.012815089
  vertex -0.0663897842 -0.0451908596 -0.0127993301
  vertex -0.0663626045 -0.0451415703 -0.0128206043
  endloop
 endfacet

 facet normal -0.34112832 -0.207624584 -0.916800797
  outer loop
  vertex -0.0663626045 -0.0451415703 -0.0128206043
  vertex -0.0663897842 -0.0451908596 -0.0127993301
  vertex -0.0664018616 -0.0451501422 -0.0128040574
  endloop
 endfacet

 facet normal -0.361533701 -0.127343982 -0.923621655
  outer loop
  vertex -0.0663626045 -0.0451415703 -0.0128206043
  vertex -0.0664018616 -0.0451501422 -0.0128040574
  vertex -0.0663716644 -0.0450987071 -0.012822968
  endloop
 endfacet

 facet normal -0.380364299 -0.114136301 -0.917766809
  outer loop
  vertex -0.0663716644 -0.0450987071 -0.012822968
  vertex -0.0664018616 -0.0451501422 -0.0128040574
  vertex -0.0664109215 -0.0451072827 -0.0128056332
  endloop
 endfacet

 facet normal -0.38635385 -0.0875589252 -0.918185234
  outer loop
  vertex -0.0663716644 -0.0450987071 -0.012822968
  vertex -0.0664109215 -0.0451072827 -0.0128056332
  vertex -0.0676761419 -0.0395244919 -0.0128056332
  endloop
 endfacet

 facet normal -0.372923434 -0.0843978077 -0.92401576
  outer loop
  vertex -0.0663716644 -0.0450987071 -0.012822968
  vertex -0.0676761419 -0.0395244919 -0.0128056332
  vertex -0.0706383884 -0.0262801014 -0.0128198164
  endloop
 endfacet

 facet normal -0.355738342 -0.08050026 -0.93111223
  outer loop
  vertex -0.0663716644 -0.0450987071 -0.012822968
  vertex -0.0706383884 -0.0262801014 -0.0128198164
  vertex -0.0676248074 -0.0395244919 -0.0128261205
  endloop
 endfacet

 facet normal -0.421605915 -0.0952198058 -0.901765823
  outer loop
  vertex -0.0706383884 -0.0262801014 -0.0128198164
  vertex -0.0707108602 -0.0262801014 -0.0127859339
  vertex -0.0712604299 -0.0236676559 -0.0128048463
  endloop
 endfacet

 facet normal -0.378034085 -0.0847296193 -0.921906352
  outer loop
  vertex -0.0706383884 -0.0262801014 -0.0128198164
  vertex -0.0712604299 -0.0236676559 -0.0128048463
  vertex -0.0712181553 -0.0236676559 -0.012822181
  endloop
 endfacet

 facet normal -0.421604246 -0.0952619538 -0.901762187
  outer loop
  vertex -0.0706383884 -0.0262801014 -0.0128198164
  vertex -0.0676761419 -0.0395244919 -0.0128056332
  vertex -0.0707108602 -0.0262801014 -0.0127859339
  endloop
 endfacet

 facet normal -0.25569886 -0.471095592 -0.844208002
  outer loop
  vertex -0.0663263723 -0.0452637263 -0.0127946017
  vertex -0.06631127 -0.0453001633 -0.0127788428
  vertex -0.0663626045 -0.0452722982 -0.0127788428
  endloop
 endfacet

 facet normal -0.297819376 -0.363679498 -0.882632911
  outer loop
  vertex -0.0663263723 -0.0452637263 -0.0127946017
  vertex -0.0663626045 -0.0452722982 -0.0127788428
  vertex -0.0663746819 -0.0452337228 -0.0127906622
  endloop
 endfacet

 facet normal -0.155389175 -0.678421736 -0.718051612
  outer loop
  vertex -0.0662629604 -0.0454030298 -0.0127126537
  vertex -0.0662931576 -0.0454094596 -0.0127000455
  vertex -0.06631127 -0.0453794561 -0.0127244731
  endloop
 endfacet

 facet normal -0.134052277 -0.649803758 -0.7481879
  outer loop
  vertex -0.0662629604 -0.0454030298 -0.0127126537
  vertex -0.06631127 -0.0453794561 -0.0127244731
  vertex -0.0662780553 -0.0453708842 -0.0127378684
  endloop
 endfacet

 facet normal -0.124192029 -0.647838473 -0.751586139
  outer loop
  vertex -0.0662629604 -0.0454030298 -0.0127126537
  vertex -0.0662780553 -0.0453708842 -0.0127378684
  vertex -0.0662448406 -0.0453644544 -0.0127488999
  endloop
 endfacet

 facet normal -0.116029471 -0.650630653 -0.750477791
  outer loop
  vertex -0.0662629604 -0.0454030298 -0.0127126537
  vertex -0.0662448406 -0.0453644544 -0.0127488999
  vertex -0.0662327632 -0.0453965999 -0.0127228973
  endloop
 endfacet

 facet normal -0.0897209495 -0.70282191 -0.705685139
  outer loop
  vertex -0.0662629604 -0.0454030298 -0.0127126537
  vertex -0.0662327632 -0.0453965999 -0.0127228973
  vertex -0.0662448406 -0.0454330333 -0.0126850754
  endloop
 endfacet

 facet normal -0.0782081038 -0.705394745 -0.704486847
  outer loop
  vertex -0.0662448406 -0.0454330333 -0.0126850754
  vertex -0.0662327632 -0.0453965999 -0.0127228973
  vertex -0.0662176684 -0.0454266034 -0.0126945302
  endloop
 endfacet

 facet normal -0.70418185 -0.159125626 -0.691958785
  outer loop
  vertex -0.0714174509 -0.0236676559 -0.0126921665
  vertex -0.0713872537 -0.0236676559 -0.0127228973
  vertex -0.0678210855 -0.0395244919 -0.0127055617
  endloop
 endfacet

 facet normal -0.721782327 -0.163133785 -0.672620058
  outer loop
  vertex -0.0714174509 -0.0236676559 -0.0126921665
  vertex -0.0678210855 -0.0395244919 -0.0127055617
  vertex -0.0708497614 -0.0262801014 -0.0126677398
  endloop
 endfacet

 facet normal -0.735079646 -0.16621834 -0.657289505
  outer loop
  vertex -0.0708497614 -0.0262801014 -0.0126677398
  vertex -0.0678210855 -0.0395244919 -0.0127055617
  vertex -0.0678422228 -0.0395244919 -0.0126819229
  endloop
 endfacet

 facet normal -0.672953784 -0.155523509 -0.723149776
  outer loop
  vertex -0.0665407628 -0.0451822914 -0.0127047738
  vertex -0.0665498227 -0.0451394282 -0.0127055617
  vertex -0.0665196255 -0.0451308563 -0.0127355047
  endloop
 endfacet

 facet normal -0.616211295 -0.201652333 -0.761327863
  outer loop
  vertex -0.0665407628 -0.0451822914 -0.0127047738
  vertex -0.0665196255 -0.0451308563 -0.0127355047
  vertex -0.0665075481 -0.0451737195 -0.0127339279
  endloop
 endfacet

 facet normal -0.60461247 -0.240187258 -0.759443164
  outer loop
  vertex -0.0665407628 -0.0451822914 -0.0127047738
  vertex -0.0665075481 -0.0451737195 -0.0127339279
  vertex -0.0664954707 -0.045216579 -0.0127299884
  endloop
 endfacet

 facet normal -0.628017902 -0.302234739 -0.717110634
  outer loop
  vertex -0.0665407628 -0.0451822914 -0.0127047738
  vertex -0.0664954707 -0.045216579 -0.0127299884
  vertex -0.0665256679 -0.0452230088 -0.0127008343
  endloop
 endfacet

 facet normal -0.588916242 -0.405145615 -0.699310184
  outer loop
  vertex -0.0665256679 -0.0452230088 -0.0127008343
  vertex -0.0664954707 -0.045216579 -0.0127299884
  vertex -0.0664773509 -0.0452551544 -0.0127228973
  endloop
 endfacet

 facet normal -0.588917851 -0.405151129 -0.699305654
  outer loop
  vertex -0.0665256679 -0.0452230088 -0.0127008343
  vertex -0.0664773509 -0.0452551544 -0.0127228973
  vertex -0.0665075481 -0.0452615842 -0.0126937423
  endloop
 endfacet

 facet normal -0.60624212 -0.41000402 -0.681445003
  outer loop
  vertex -0.0665256679 -0.0452230088 -0.0127008343
  vertex -0.0665075481 -0.0452615842 -0.0126937423
  vertex -0.0665377453 -0.0452680141 -0.0126630114
  endloop
 endfacet

 facet normal -0.596433759 -0.43209967 -0.676429391
  outer loop
  vertex -0.0665377453 -0.0452680141 -0.0126630114
  vertex -0.0665075481 -0.0452615842 -0.0126937423
  vertex -0.0664894283 -0.0453001633 -0.0126850754
  endloop
 endfacet

 facet normal -0.607176006 -0.475683451 -0.636445284
  outer loop
  vertex -0.0665377453 -0.0452680141 -0.0126630114
  vertex -0.0664894283 -0.0453001633 -0.0126850754
  vertex -0.066516608 -0.0453065895 -0.0126543436
  endloop
 endfacet

 facet normal -0.673722923 -0.152535498 -0.723070085
  outer loop
  vertex -0.0665498227 -0.0451394282 -0.0127055617
  vertex -0.0678210855 -0.0395244919 -0.0127055617
  vertex -0.0665196255 -0.0451308563 -0.0127355047
  endloop
 endfacet

 facet normal -0.6620332 -0.149692833 -0.734373331
  outer loop
  vertex -0.0678210855 -0.0395244919 -0.0127055617
  vertex -0.0713872537 -0.0236676559 -0.0127228973
  vertex -0.0677878708 -0.0395244919 -0.0127355047
  endloop
 endfacet

 facet normal -0.662026346 -0.149759933 -0.734365821
  outer loop
  vertex -0.0678210855 -0.0395244919 -0.0127055617
  vertex -0.0677878708 -0.0395244919 -0.0127355047
  vertex -0.0665196255 -0.0451308563 -0.0127355047
  endloop
 endfacet

 facet normal -0.590586603 -0.430700719 -0.68242538
  outer loop
  vertex -0.0664894283 -0.0453001633 -0.0126850754
  vertex -0.0665075481 -0.0452615842 -0.0126937423
  vertex -0.066462256 -0.0452937298 -0.0127126537
  endloop
 endfacet

 facet normal -0.474838376 -0.440841556 -0.761700213
  outer loop
  vertex -0.066462256 -0.0452937298 -0.0127126537
  vertex -0.0664471537 -0.0452487245 -0.012748112
  vertex -0.0664290413 -0.0452872999 -0.0127370805
  endloop
 endfacet

 facet normal -0.452376068 -0.491152614 -0.744395733
  outer loop
  vertex -0.066462256 -0.0452937298 -0.0127126537
  vertex -0.0664290413 -0.0452872999 -0.0127370805
  vertex -0.0664411187 -0.0453323089 -0.0127000455
  endloop
 endfacet

 facet normal -0.585045218 -0.414153904 -0.697279572
  outer loop
  vertex -0.066462256 -0.0452937298 -0.0127126537
  vertex -0.0665075481 -0.0452615842 -0.0126937423
  vertex -0.0664773509 -0.0452551544 -0.0127228973
  endloop
 endfacet

 facet normal -0.533339441 -0.405841529 -0.742187202
  outer loop
  vertex -0.066462256 -0.0452937298 -0.0127126537
  vertex -0.0664773509 -0.0452551544 -0.0127228973
  vertex -0.0664471537 -0.0452487245 -0.012748112
  endloop
 endfacet

 facet normal -0.443934768 -0.495323122 -0.746710777
  outer loop
  vertex -0.0664411187 -0.0453323089 -0.0127000455
  vertex -0.0664290413 -0.0452872999 -0.0127370805
  vertex -0.0664109215 -0.0453237332 -0.0127236852
  endloop
 endfacet

 facet normal -0.429032922 -0.491914749 -0.757595301
  outer loop
  vertex -0.0664109215 -0.0453237332 -0.0127236852
  vertex -0.0664290413 -0.0452872999 -0.0127370805
  vertex -0.0663807243 -0.0453173071 -0.0127449594
  endloop
 endfacet

 facet normal -0.290791214 -0.498008311 -0.816962779
  outer loop
  vertex -0.0663807243 -0.0453173071 -0.0127449594
  vertex -0.0663626045 -0.0452722982 -0.0127788428
  vertex -0.0663444847 -0.0453087315 -0.0127630839
  endloop
 endfacet

 facet normal -0.281305879 -0.518309951 -0.807602525
  outer loop
  vertex -0.0663807243 -0.0453173071 -0.0127449594
  vertex -0.0663444847 -0.0453087315 -0.0127630839
  vertex -0.0663293898 -0.0453451648 -0.0127449594
  endloop
 endfacet

 facet normal -0.299442261 -0.55172652 -0.778416574
  outer loop
  vertex -0.0663807243 -0.0453173071 -0.0127449594
  vertex -0.0663293898 -0.0453451648 -0.0127449594
  vertex -0.0663626045 -0.0453515947 -0.0127276238
  endloop
 endfacet

 facet normal -0.421133697 -0.475281477 -0.772498548
  outer loop
  vertex -0.0663807243 -0.0453173071 -0.0127449594
  vertex -0.0664290413 -0.0452872999 -0.0127370805
  vertex -0.0663958192 -0.0452808738 -0.0127591435
  endloop
 endfacet

 facet normal -0.360083193 -0.464266598 -0.809195042
  outer loop
  vertex -0.0663807243 -0.0453173071 -0.0127449594
  vertex -0.0663958192 -0.0452808738 -0.0127591435
  vertex -0.0663626045 -0.0452722982 -0.0127788428
  endloop
 endfacet

 facet normal -0.277524173 -0.596567333 -0.753052354
  outer loop
  vertex -0.0663626045 -0.0453515947 -0.0127276238
  vertex -0.0663293898 -0.0453451648 -0.0127449594
  vertex -0.06631127 -0.0453794561 -0.0127244731
  endloop
 endfacet

 facet normal -0.289377898 -0.616094708 -0.732589722
  outer loop
  vertex -0.0663626045 -0.0453515947 -0.0127276238
  vertex -0.06631127 -0.0453794561 -0.0127244731
  vertex -0.0663414672 -0.045385886 -0.0127071375
  endloop
 endfacet

 facet normal -0.157019988 -0.607905686 -0.778328538
  outer loop
  vertex -0.06631127 -0.0453794561 -0.0127244731
  vertex -0.0662931576 -0.045338735 -0.0127599314
  vertex -0.0662780553 -0.0453708842 -0.0127378684
  endloop
 endfacet

 facet normal -0.219606906 -0.583275616 -0.782024503
  outer loop
  vertex -0.06631127 -0.0453794561 -0.0127244731
  vertex -0.0663293898 -0.0453451648 -0.0127449594
  vertex -0.0662931576 -0.045338735 -0.0127599314
  endloop
 endfacet

 facet normal -0.14308016 -0.604834259 -0.78339237
  outer loop
  vertex -0.0662448406 -0.0453644544 -0.0127488999
  vertex -0.0662780553 -0.0453708842 -0.0127378684
  vertex -0.0662931576 -0.045338735 -0.0127599314
  endloop
 endfacet

 facet normal -0.246676728 -0.517561793 -0.819317043
  outer loop
  vertex -0.0662931576 -0.045338735 -0.0127599314
  vertex -0.0663293898 -0.0453451648 -0.0127449594
  vertex -0.06631127 -0.0453001633 -0.0127788428
  endloop
 endfacet

 facet normal -0.256085992 -0.513516605 -0.818975389
  outer loop
  vertex -0.06631127 -0.0453001633 -0.0127788428
  vertex -0.0663293898 -0.0453451648 -0.0127449594
  vertex -0.0663444847 -0.0453087315 -0.0127630839
  endloop
 endfacet

 facet normal -0.266659349 -0.491289049 -0.829173088
  outer loop
  vertex -0.06631127 -0.0453001633 -0.0127788428
  vertex -0.0663444847 -0.0453087315 -0.0127630839
  vertex -0.0663626045 -0.0452722982 -0.0127788428
  endloop
 endfacet

 facet normal -0.365853637 -0.375465482 -0.851573169
  outer loop
  vertex -0.0663746819 -0.0452337228 -0.0127906622
  vertex -0.0663626045 -0.0452722982 -0.0127788428
  vertex -0.066413939 -0.0452401526 -0.012770962
  endloop
 endfacet

 facet normal -0.385017544 -0.311310798 -0.868819356
  outer loop
  vertex -0.0663746819 -0.0452337228 -0.0127906622
  vertex -0.066413939 -0.0452401526 -0.012770962
  vertex -0.0663897842 -0.0451908596 -0.0127993301
  endloop
 endfacet

 facet normal -0.417912006 -0.29055801 -0.860770345
  outer loop
  vertex -0.0663897842 -0.0451908596 -0.0127993301
  vertex -0.066413939 -0.0452401526 -0.012770962
  vertex -0.0664260164 -0.0451994352 -0.0127788428
  endloop
 endfacet

 facet normal -0.432355285 -0.245756119 -0.867567182
  outer loop
  vertex -0.0663897842 -0.0451908596 -0.0127993301
  vertex -0.0664260164 -0.0451994352 -0.0127788428
  vertex -0.0664380938 -0.0451587178 -0.0127843581
  endloop
 endfacet

 facet normal -0.423051417 -0.227319598 -0.877127826
  outer loop
  vertex -0.0663897842 -0.0451908596 -0.0127993301
  vertex -0.0664380938 -0.0451587178 -0.0127843581
  vertex -0.0664018616 -0.0451501422 -0.0128040574
  endloop
 endfacet

 facet normal -0.442710847 -0.157207906 -0.882775664
  outer loop
  vertex -0.0664018616 -0.0451501422 -0.0128040574
  vertex -0.0664380938 -0.0451587178 -0.0127843581
  vertex -0.0664501786 -0.0451158546 -0.0127859339
  endloop
 endfacet

 facet normal -0.423630774 -0.122536421 -0.897508621
  outer loop
  vertex -0.0664018616 -0.0451501422 -0.0128040574
  vertex -0.0664501786 -0.0451158546 -0.0127859339
  vertex -0.0664109215 -0.0451072827 -0.0128056332
  endloop
 endfacet

 facet normal -0.429332852 -0.0972992107 -0.897889853
  outer loop
  vertex -0.0664109215 -0.0451072827 -0.0128056332
  vertex -0.0664501786 -0.0451158546 -0.0127859339
  vertex -0.0676761419 -0.0395244919 -0.0128056332
  endloop
 endfacet

 facet normal -0.4502455 -0.101846442 -0.887077332
  outer loop
  vertex -0.0676761419 -0.0395244919 -0.0128056332
  vertex -0.0664501786 -0.0451158546 -0.0127859339
  vertex -0.0707108602 -0.0262801014 -0.0127859339
  endloop
 endfacet

 facet normal -0.5631091 -0.127319366 -0.816515803
  outer loop
  vertex -0.0707108602 -0.0262801014 -0.0127859339
  vertex -0.0677425712 -0.0395244919 -0.0127678104
  vertex -0.0707531348 -0.0262801014 -0.0127567798
  endloop
 endfacet

 facet normal -0.563125014 -0.127100348 -0.81653893
  outer loop
  vertex -0.0707108602 -0.0262801014 -0.0127859339
  vertex -0.0707531348 -0.0262801014 -0.0127567798
  vertex -0.0713359192 -0.0236676559 -0.0127615081
  endloop
 endfacet

 facet normal -0.554573119 -0.124996647 -0.822693467
  outer loop
  vertex -0.0707108602 -0.0262801014 -0.0127859339
  vertex -0.0713359192 -0.0236676559 -0.0127615081
  vertex -0.071299687 -0.0236676559 -0.0127859339
  endloop
 endfacet

 facet normal -0.431967616 -0.0973622948 -0.896618485
  outer loop
  vertex -0.0707108602 -0.0262801014 -0.0127859339
  vertex -0.071299687 -0.0236676559 -0.0127859339
  vertex -0.0712604299 -0.0236676559 -0.0128048463
  endloop
 endfacet

 facet normal -0.544422925 -0.123149544 -0.82972157
  outer loop
  vertex -0.0707108602 -0.0262801014 -0.0127859339
  vertex -0.0664501786 -0.0451158546 -0.0127859339
  vertex -0.0677425712 -0.0395244919 -0.0127678104
  endloop
 endfacet

 facet normal -0.384250224 -0.410933346 -0.826731861
  outer loop
  vertex -0.0663626045 -0.0452722982 -0.0127788428
  vertex -0.0663958192 -0.0452808738 -0.0127591435
  vertex -0.066413939 -0.0452401526 -0.012770962
  endloop
 endfacet

 facet normal -0.595657229 -0.134313136 -0.791929603
  outer loop
  vertex -0.0713872537 -0.0236676559 -0.0127228973
  vertex -0.0713359192 -0.0236676559 -0.0127615081
  vertex -0.0707531348 -0.0262801014 -0.0127567798
  endloop
 endfacet

 facet normal -0.606108546 -0.136959299 -0.783501506
  outer loop
  vertex -0.0713872537 -0.0236676559 -0.0127228973
  vertex -0.0707531348 -0.0262801014 -0.0127567798
  vertex -0.0677878708 -0.0395244919 -0.0127355047
  endloop
 endfacet

 facet normal -0.562823951 -0.135405049 -0.815410793
  outer loop
  vertex -0.0665196255 -0.0451308563 -0.0127355047
  vertex -0.0664501786 -0.0451158546 -0.0127859339
  vertex -0.0664743334 -0.0451672859 -0.0127607193
  endloop
 endfacet

 facet normal -0.592433631 -0.195693567 -0.781489789
  outer loop
  vertex -0.0665196255 -0.0451308563 -0.0127355047
  vertex -0.0664743334 -0.0451672859 -0.0127607193
  vertex -0.0665075481 -0.0451737195 -0.0127339279
  endloop
 endfacet

 facet normal -0.578018546 -0.13075617 -0.805479646
  outer loop
  vertex -0.0665196255 -0.0451308563 -0.0127355047
  vertex -0.0677878708 -0.0395244919 -0.0127355047
  vertex -0.0677516311 -0.0395244919 -0.0127615081
  endloop
 endfacet

 facet normal -0.56641078 -0.128245234 -0.814083517
  outer loop
  vertex -0.0665196255 -0.0451308563 -0.0127355047
  vertex -0.0677516311 -0.0395244919 -0.0127615081
  vertex -0.0677425712 -0.0395244919 -0.0127678104
  endloop
 endfacet

 facet normal -0.564502954 -0.127837092 -0.815471768
  outer loop
  vertex -0.0665196255 -0.0451308563 -0.0127355047
  vertex -0.0677425712 -0.0395244919 -0.0127678104
  vertex -0.0664501786 -0.0451158546 -0.0127859339
  endloop
 endfacet

 facet normal -0.582098246 -0.235570863 -0.77824682
  outer loop
  vertex -0.0665075481 -0.0451737195 -0.0127339279
  vertex -0.0664743334 -0.0451672859 -0.0127607193
  vertex -0.0664954707 -0.045216579 -0.0127299884
  endloop
 endfacet

 facet normal -0.55396229 -0.256282121 -0.792114377
  outer loop
  vertex -0.0664954707 -0.045216579 -0.0127299884
  vertex -0.0664743334 -0.0451672859 -0.0127607193
  vertex -0.066462256 -0.0452080071 -0.0127559919
  endloop
 endfacet

 facet normal -0.521944284 -0.34452796 -0.780304193
  outer loop
  vertex -0.0664954707 -0.045216579 -0.0127299884
  vertex -0.066462256 -0.0452080071 -0.0127559919
  vertex -0.0664471537 -0.0452487245 -0.012748112
  endloop
 endfacet

 facet normal -0.539636493 -0.390552759 -0.745829105
  outer loop
  vertex -0.0664954707 -0.045216579 -0.0127299884
  vertex -0.0664471537 -0.0452487245 -0.012748112
  vertex -0.0664773509 -0.0452551544 -0.0127228973
  endloop
 endfacet

 facet normal -0.57802242 -0.130706459 -0.805484951
  outer loop
  vertex -0.0677878708 -0.0395244919 -0.0127355047
  vertex -0.0707531348 -0.0262801014 -0.0127567798
  vertex -0.0677516311 -0.0395244919 -0.0127615081
  endloop
 endfacet

 facet normal -0.474375188 -0.333543986 -0.814688087
  outer loop
  vertex -0.0664471537 -0.0452487245 -0.012748112
  vertex -0.066462256 -0.0452080071 -0.0127559919
  vertex -0.066413939 -0.0452401526 -0.012770962
  endloop
 endfacet

 facet normal -0.436293125 -0.42441994 -0.793420434
  outer loop
  vertex -0.0664471537 -0.0452487245 -0.012748112
  vertex -0.066413939 -0.0452401526 -0.012770962
  vertex -0.0663958192 -0.0452808738 -0.0127591435
  endloop
 endfacet

 facet normal -0.439616382 -0.431713521 -0.787629962
  outer loop
  vertex -0.0664471537 -0.0452487245 -0.012748112
  vertex -0.0663958192 -0.0452808738 -0.0127591435
  vertex -0.0664290413 -0.0452872999 -0.0127370805
  endloop
 endfacet

 facet normal -0.457786381 -0.29791373 -0.837662876
  outer loop
  vertex -0.066413939 -0.0452401526 -0.012770962
  vertex -0.066462256 -0.0452080071 -0.0127559919
  vertex -0.0664260164 -0.0451994352 -0.0127788428
  endloop
 endfacet

 facet normal -0.472112358 -0.25436312 -0.844043434
  outer loop
  vertex -0.0664260164 -0.0451994352 -0.0127788428
  vertex -0.066462256 -0.0452080071 -0.0127559919
  vertex -0.0664380938 -0.0451587178 -0.0127843581
  endloop
 endfacet

 facet normal -0.489225477 -0.242383093 -0.837800026
  outer loop
  vertex -0.0664380938 -0.0451587178 -0.0127843581
  vertex -0.066462256 -0.0452080071 -0.0127559919
  vertex -0.0664743334 -0.0451672859 -0.0127607193
  endloop
 endfacet

 facet normal -0.508754969 -0.174359232 -0.843070209
  outer loop
  vertex -0.0664380938 -0.0451587178 -0.0127843581
  vertex -0.0664743334 -0.0451672859 -0.0127607193
  vertex -0.0664501786 -0.0451158546 -0.0127859339
  endloop
 endfacet

 facet normal -0.566423357 -0.128074735 -0.814101636
  outer loop
  vertex -0.0677425712 -0.0395244919 -0.0127678104
  vertex -0.0677516311 -0.0395244919 -0.0127615081
  vertex -0.0707531348 -0.0262801014 -0.0127567798
  endloop
 endfacet

endsolid AssimpScene
