solid AssimpScene
 facet normal 0 0.995370984 0.0961076617
  outer loop
  vertex -0.0631491318 -0.0382367782 0.0149034308
  vertex -0.0632122234 -0.0382367782 0.0149034308
  vertex -0.0602489337 -0.0384397097 0.0170051493
  endloop
 endfacet

 facet normal 0 0.995370984 0.0961076617
  outer loop
  vertex -0.0631491318 -0.0382367782 0.0149034308
  vertex -0.0602489337 -0.0384397097 0.0170051493
  vertex -0.0520215258 -0.0384397097 0.0170051493
  endloop
 endfacet

 facet normal 0.0144796241 0.999697864 0.0198626928
  outer loop
  vertex -0.0631491318 -0.0382367782 0.0149034308
  vertex -0.0520215258 -0.0384397097 0.0170051493
  vertex -0.0627035499 -0.0382432342 0.0149034308
  endloop
 endfacet

 facet normal 0.0142054437 0.980768085 -0.194659203
  outer loop
  vertex -0.0631491318 -0.0382367782 0.0149034308
  vertex -0.0627035499 -0.0382432342 0.0149034308
  vertex -0.0478772633 -0.0390865058 0.0117366705
  endloop
 endfacet

 facet normal 0 0.965834737 -0.259158671
  outer loop
  vertex -0.0631491318 -0.0382367782 0.0149034308
  vertex -0.0478772633 -0.0390865058 0.0117366705
  vertex -0.0632122234 -0.0382367782 0.0149034308
  endloop
 endfacet

 facet normal -0.0208729971 0.998573482 0.0491450205
  outer loop
  vertex -0.0632122234 -0.0382367782 0.0149034308
  vertex -0.0637268052 -0.0382475369 0.0149034308
  vertex -0.0679854155 -0.0384397097 0.0169994757
  endloop
 endfacet

 facet normal -7.05545608e-05 0.995361447 0.0962062106
  outer loop
  vertex -0.0632122234 -0.0382367782 0.0149034308
  vertex -0.0679854155 -0.0384397097 0.0169994757
  vertex -0.0602489337 -0.0384397097 0.0170051493
  endloop
 endfacet

 facet normal -0.0196030717 0.93781966 -0.346568912
  outer loop
  vertex -0.0632122234 -0.0382367782 0.0149034308
  vertex -0.0478772633 -0.0390865058 0.0117366705
  vertex -0.0637268052 -0.0382475369 0.0149034308
  endloop
 endfacet

 facet normal 0.181691244 0.981751859 0.0561375991
  outer loop
  vertex -0.0520215258 -0.0384397097 0.0170051493
  vertex -0.0483445264 -0.0391202047 0.0170051493
  vertex -0.0478772633 -0.0390865058 0.0149034308
  endloop
 endfacet

 facet normal 0.154202938 0.988039315 0
  outer loop
  vertex -0.0520215258 -0.0384397097 0.0170051493
  vertex -0.0478772633 -0.0390865058 0.0149034308
  vertex -0.0478772633 -0.0390865058 0.0117366705
  endloop
 endfacet

 facet normal 0.036659766 0.994961858 -0.0933110863
  outer loop
  vertex -0.0520215258 -0.0384397097 0.0170051493
  vertex -0.0478772633 -0.0390865058 0.0117366705
  vertex -0.0627035499 -0.0382432342 0.0149034308
  endloop
 endfacet

 facet normal 0 0 1
  outer loop
  vertex -0.0520215258 -0.0384397097 0.0170051493
  vertex -0.0602489337 -0.0384397097 0.0170051493
  vertex -0.0602311902 -0.0385221727 0.0170051493
  endloop
 endfacet

 facet normal 0 0 1
  outer loop
  vertex -0.0520215258 -0.0384397097 0.0170051493
  vertex -0.0602311902 -0.0385221727 0.0170051493
  vertex -0.0591152757 -0.0434577428 0.0170051493
  endloop
 endfacet

 facet normal 0 0 1
  outer loop
  vertex -0.0520215258 -0.0384397097 0.0170051493
  vertex -0.0591152757 -0.0434577428 0.0170051493
  vertex -0.0590975322 -0.0434986167 0.0170051493
  endloop
 endfacet

 facet normal 0 0 1
  outer loop
  vertex -0.0520215258 -0.0384397097 0.0170051493
  vertex -0.0590975322 -0.0434986167 0.0170051493
  vertex -0.0590916164 -0.0435100906 0.0170051493
  endloop
 endfacet

 facet normal 0 0 1
  outer loop
  vertex -0.0520215258 -0.0384397097 0.0170051493
  vertex -0.0590916164 -0.0435100906 0.0170051493
  vertex -0.0590679571 -0.0435366221 0.0170051493
  endloop
 endfacet

 facet normal 0 0 1
  outer loop
  vertex -0.0520215258 -0.0384397097 0.0170051493
  vertex -0.0590679571 -0.0435366221 0.0170051493
  vertex -0.0590186678 -0.0435688905 0.0170051493
  endloop
 endfacet

 facet normal 0 0 1
  outer loop
  vertex -0.0520215258 -0.0384397097 0.0170051493
  vertex -0.0590186678 -0.0435688905 0.0170051493
  vertex -0.0590028949 -0.0435789302 0.0170051493
  endloop
 endfacet

 facet normal 0 0 1
  outer loop
  vertex -0.0520215258 -0.0384397097 0.0170051493
  vertex -0.0590028949 -0.0435789302 0.0170051493
  vertex -0.0589674078 -0.0435954221 0.0170051493
  endloop
 endfacet

 facet normal 0 0 1
  outer loop
  vertex -0.0520215258 -0.0384397097 0.0170051493
  vertex -0.0589674078 -0.0435954221 0.0170051493
  vertex -0.0588924848 -0.0436212346 0.0170051493
  endloop
 endfacet

 facet normal 0 0 1
  outer loop
  vertex -0.0520215258 -0.0384397097 0.0170051493
  vertex -0.0588924848 -0.0436212346 0.0170051493
  vertex -0.0587998219 -0.0436434634 0.0170051493
  endloop
 endfacet

 facet normal 0 0 1
  outer loop
  vertex -0.0520215258 -0.0384397097 0.0170051493
  vertex -0.0587998219 -0.0436434634 0.0170051493
  vertex -0.0586992726 -0.0436578058 0.0170051493
  endloop
 endfacet

 facet normal 0 0 1
  outer loop
  vertex -0.0520215258 -0.0384397097 0.0170051493
  vertex -0.0586992726 -0.0436578058 0.0170051493
  vertex -0.0586637817 -0.0436621085 0.0170051493
  endloop
 endfacet

 facet normal 0 0 1
  outer loop
  vertex -0.0520215258 -0.0384397097 0.0170051493
  vertex -0.0586637817 -0.0436621085 0.0170051493
  vertex -0.0586006939 -0.0436678454 0.0170051493
  endloop
 endfacet

 facet normal 0 0 1
  outer loop
  vertex -0.0520215258 -0.0384397097 0.0170051493
  vertex -0.0586006939 -0.0436678454 0.0170051493
  vertex -0.0585494302 -0.0436707139 0.0170051493
  endloop
 endfacet

 facet normal 0 0 1
  outer loop
  vertex -0.0520215258 -0.0384397097 0.0170051493
  vertex -0.0585494302 -0.0436707139 0.0170051493
  vertex -0.0584666245 -0.0436742976 0.0170051493
  endloop
 endfacet

 facet normal 0 0 1
  outer loop
  vertex -0.0520215258 -0.0384397097 0.0170051493
  vertex -0.0584666245 -0.0436742976 0.0170051493
  vertex -0.0583325587 -0.0436742976 0.0170051493
  endloop
 endfacet

 facet normal 0 0 1
  outer loop
  vertex -0.0520215258 -0.0384397097 0.0170051493
  vertex -0.0583325587 -0.0436742976 0.0170051493
  vertex -0.0582103208 -0.0436707139 0.0170051493
  endloop
 endfacet

 facet normal 0 0 1
  outer loop
  vertex -0.0520215258 -0.0384397097 0.0170051493
  vertex -0.0582103208 -0.0436707139 0.0170051493
  vertex -0.0580683649 -0.0436621085 0.0170051493
  endloop
 endfacet

 facet normal 0 0 1
  outer loop
  vertex -0.0520215258 -0.0384397097 0.0170051493
  vertex -0.0580683649 -0.0436621085 0.0170051493
  vertex -0.0580466762 -0.0436606742 0.0170051493
  endloop
 endfacet

 facet normal 0 0 1
  outer loop
  vertex -0.0520215258 -0.0384397097 0.0170051493
  vertex -0.0580466762 -0.0436606742 0.0170051493
  vertex -0.0578514934 -0.0436405949 0.0170051493
  endloop
 endfacet

 facet normal 0 0 1
  outer loop
  vertex -0.0520215258 -0.0384397097 0.0170051493
  vertex -0.0578514934 -0.0436405949 0.0170051493
  vertex -0.0577331968 -0.0436269715 0.0170051493
  endloop
 endfacet

 facet normal 0 0 1
  outer loop
  vertex -0.0520215258 -0.0384397097 0.0170051493
  vertex -0.0577331968 -0.0436269715 0.0170051493
  vertex -0.0576050431 -0.0436083265 0.0170051493
  endloop
 endfacet

 facet normal 0 0 1
  outer loop
  vertex -0.0520215258 -0.0384397097 0.0170051493
  vertex -0.0576050431 -0.0436083265 0.0170051493
  vertex -0.0573999994 -0.0435746275 0.0170051493
  endloop
 endfacet

 facet normal 0 0 1
  outer loop
  vertex -0.0520215258 -0.0384397097 0.0170051493
  vertex -0.0573999994 -0.0435746275 0.0170051493
  vertex -0.0572048128 -0.0435366221 0.0170051493
  endloop
 endfacet

 facet normal 0 0 1
  outer loop
  vertex -0.0520215258 -0.0384397097 0.0170051493
  vertex -0.0572048128 -0.0435366221 0.0170051493
  vertex -0.0570589155 -0.0435043536 0.0170051493
  endloop
 endfacet

 facet normal 0 0 1
  outer loop
  vertex -0.0520215258 -0.0384397097 0.0170051493
  vertex -0.0570589155 -0.0435043536 0.0170051493
  vertex -0.0483445264 -0.0415360034 0.0170051493
  endloop
 endfacet

 facet normal 0 0 1
  outer loop
  vertex -0.0520215258 -0.0384397097 0.0170051493
  vertex -0.0483445264 -0.0415360034 0.0170051493
  vertex -0.0483445264 -0.0391202047 0.0170051493
  endloop
 endfacet

 facet normal -0.046408575 0.883401752 -0.466312766
  outer loop
  vertex -0.0478772633 -0.0390865058 0.0117366705
  vertex -0.0642591268 -0.0382755026 0.0149034308
  vertex -0.0637268052 -0.0382475369 0.0149034308
  endloop
 endfacet

 facet normal 1 0 0
  outer loop
  vertex -0.0478772633 -0.0390865058 0.0117366705
  vertex -0.0478772633 -0.0390865058 0.0149034308
  vertex -0.0478772633 -0.0414313115 0.0149034308
  endloop
 endfacet

 facet normal 1 0 0
  outer loop
  vertex -0.0478772633 -0.0390865058 0.0117366705
  vertex -0.0478772633 -0.0414313115 0.0149034308
  vertex -0.0478772633 -0.0414313115 0.0117366705
  endloop
 endfacet

 facet normal 0 0 -1
  outer loop
  vertex -0.0478772633 -0.0390865058 0.0117366705
  vertex -0.0478772633 -0.0414313115 0.0117366705
  vertex -0.0597146377 -0.0441066921 0.0117366705
  endloop
 endfacet

 facet normal 0 0 -1
  outer loop
  vertex -0.0478772633 -0.0390865058 0.0117366705
  vertex -0.0597146377 -0.0441066921 0.0117366705
  vertex -0.0660926998 -0.0455479957 0.0117366705
  endloop
 endfacet

 facet normal 0 0 -1
  outer loop
  vertex -0.0478772633 -0.0390865058 0.0117366705
  vertex -0.0660926998 -0.0455479957 0.0117366705
  vertex -0.066136077 -0.0455558822 0.0117366705
  endloop
 endfacet

 facet normal 0 0 -1
  outer loop
  vertex -0.0478772633 -0.0390865058 0.0117366705
  vertex -0.066136077 -0.0455558822 0.0117366705
  vertex -0.0661735386 -0.0455594696 0.0117366705
  endloop
 endfacet

 facet normal 0 0 -1
  outer loop
  vertex -0.0478772633 -0.0390865058 0.0117366705
  vertex -0.0661735386 -0.0455594696 0.0117366705
  vertex -0.0662208498 -0.0455616191 0.0117366705
  endloop
 endfacet

 facet normal 0 0 -1
  outer loop
  vertex -0.0478772633 -0.0390865058 0.0117366705
  vertex -0.0662208498 -0.0455616191 0.0117366705
  vertex -0.0662622601 -0.0455573164 0.0117366705
  endloop
 endfacet

 facet normal 0 0 -1
  outer loop
  vertex -0.0478772633 -0.0390865058 0.0117366705
  vertex -0.0662622601 -0.0455573164 0.0117366705
  vertex -0.066278033 -0.0455551669 0.0117366705
  endloop
 endfacet

 facet normal 0 0 -1
  outer loop
  vertex -0.0478772633 -0.0390865058 0.0117366705
  vertex -0.066278033 -0.0455551669 0.0117366705
  vertex -0.0663115457 -0.045548711 0.0117366705
  endloop
 endfacet

 facet normal 0 0 -1
  outer loop
  vertex -0.0478772633 -0.0390865058 0.0117366705
  vertex -0.0663115457 -0.045548711 0.0117366705
  vertex -0.0663529485 -0.0455379561 0.0117366705
  endloop
 endfacet

 facet normal 0 0 -1
  outer loop
  vertex -0.0478772633 -0.0390865058 0.0117366705
  vertex -0.0663529485 -0.0455379561 0.0117366705
  vertex -0.0663943514 -0.0455228984 0.0117366705
  endloop
 endfacet

 facet normal 0 0 -1
  outer loop
  vertex -0.0478772633 -0.0390865058 0.0117366705
  vertex -0.0663943514 -0.0455228984 0.0117366705
  vertex -0.0664337873 -0.0455049723 0.0117366705
  endloop
 endfacet

 facet normal 0 0 -1
  outer loop
  vertex -0.0478772633 -0.0390865058 0.0117366705
  vertex -0.0664337873 -0.0455049723 0.0117366705
  vertex -0.0664673001 -0.0454856083 0.0117366705
  endloop
 endfacet

 facet normal 0 0 -1
  outer loop
  vertex -0.0478772633 -0.0390865058 0.0117366705
  vertex -0.0664673001 -0.0454856083 0.0117366705
  vertex -0.066506736 -0.0454583615 0.0117366705
  endloop
 endfacet

 facet normal 0 0 -1
  outer loop
  vertex -0.0478772633 -0.0390865058 0.0117366705
  vertex -0.066506736 -0.0454583615 0.0117366705
  vertex -0.0665363073 -0.0454332642 0.0117366705
  endloop
 endfacet

 facet normal 0 0 -1
  outer loop
  vertex -0.0478772633 -0.0390865058 0.0117366705
  vertex -0.0665363073 -0.0454332642 0.0117366705
  vertex -0.0665678531 -0.045403149 0.0117366705
  endloop
 endfacet

 facet normal 0 0 -1
  outer loop
  vertex -0.0478772633 -0.0390865058 0.0117366705
  vertex -0.0665678531 -0.045403149 0.0117366705
  vertex -0.0665777102 -0.0453923903 0.0117366705
  endloop
 endfacet

 facet normal 0 0 -1
  outer loop
  vertex -0.0478772633 -0.0390865058 0.0117366705
  vertex -0.0665777102 -0.0453923903 0.0117366705
  vertex -0.0665993989 -0.0453665778 0.0117366705
  endloop
 endfacet

 facet normal 0 0 -1
  outer loop
  vertex -0.0478772633 -0.0390865058 0.0117366705
  vertex -0.0665993989 -0.0453665778 0.0117366705
  vertex -0.0666053146 -0.0453586914 0.0117366705
  endloop
 endfacet

 facet normal 0 0 -1
  outer loop
  vertex -0.0478772633 -0.0390865058 0.0117366705
  vertex -0.0666053146 -0.0453586914 0.0117366705
  vertex -0.0666447431 -0.0452970229 0.0117366705
  endloop
 endfacet

 facet normal 0 0 -1
  outer loop
  vertex -0.0478772633 -0.0390865058 0.0117366705
  vertex -0.0666447431 -0.0452970229 0.0117366705
  vertex -0.0666644573 -0.0452532806 0.0117366705
  endloop
 endfacet

 facet normal 0 0 -1
  outer loop
  vertex -0.0478772633 -0.0390865058 0.0117366705
  vertex -0.0666644573 -0.0452532806 0.0117366705
  vertex -0.0666782632 -0.0452124067 0.0117366705
  endloop
 endfacet

 facet normal 0 0 -1
  outer loop
  vertex -0.0478772633 -0.0390865058 0.0117366705
  vertex -0.0666782632 -0.0452124067 0.0117366705
  vertex -0.0666900873 -0.0451751202 0.0117366705
  endloop
 endfacet

 facet normal 0 0 -1
  outer loop
  vertex -0.0478772633 -0.0390865058 0.0117366705
  vertex -0.0666900873 -0.0451751202 0.0117366705
  vertex -0.0667196661 -0.0450503528 0.0117366705
  endloop
 endfacet

 facet normal 0 0 -1
  outer loop
  vertex -0.0478772633 -0.0390865058 0.0117366705
  vertex -0.0667196661 -0.0450503528 0.0117366705
  vertex -0.0669345632 -0.0440916307 0.0117366705
  endloop
 endfacet

 facet normal 0 0 -1
  outer loop
  vertex -0.0478772633 -0.0390865058 0.0117366705
  vertex -0.0669345632 -0.0440916307 0.0117366705
  vertex -0.0669424534 -0.0440514758 0.0117366705
  endloop
 endfacet

 facet normal 0 0 -1
  outer loop
  vertex -0.0478772633 -0.0390865058 0.0117366705
  vertex -0.0669424534 -0.0440514758 0.0117366705
  vertex -0.0669463947 -0.0440235101 0.0117366705
  endloop
 endfacet

 facet normal 0 0 -1
  outer loop
  vertex -0.0478772633 -0.0390865058 0.0117366705
  vertex -0.0669463947 -0.0440235101 0.0117366705
  vertex -0.0669483691 -0.0439847894 0.0117366705
  endloop
 endfacet

 facet normal 0 0 -1
  outer loop
  vertex -0.0478772633 -0.0390865058 0.0117366705
  vertex -0.0669483691 -0.0439847894 0.0117366705
  vertex -0.0669483691 -0.0439288579 0.0117366705
  endloop
 endfacet

 facet normal 0 0 -1
  outer loop
  vertex -0.0478772633 -0.0390865058 0.0117366705
  vertex -0.0669483691 -0.0439288579 0.0117366705
  vertex -0.066938512 -0.0438686237 0.0117366705
  endloop
 endfacet

 facet normal 0 0 -1
  outer loop
  vertex -0.0478772633 -0.0390865058 0.0117366705
  vertex -0.066938512 -0.0438686237 0.0117366705
  vertex -0.0669306219 -0.043830622 0.0117366705
  endloop
 endfacet

 facet normal 0 0 -1
  outer loop
  vertex -0.0478772633 -0.0390865058 0.0117366705
  vertex -0.0669306219 -0.043830622 0.0117366705
  vertex -0.0669247061 -0.0438083895 0.0117366705
  endloop
 endfacet

 facet normal 0 0 -1
  outer loop
  vertex -0.0478772633 -0.0390865058 0.0117366705
  vertex -0.0669247061 -0.0438083895 0.0117366705
  vertex -0.0669049919 -0.0437574796 0.0117366705
  endloop
 endfacet

 facet normal 0 0 -1
  outer loop
  vertex -0.0478772633 -0.0390865058 0.0117366705
  vertex -0.0669049919 -0.0437574796 0.0117366705
  vertex -0.0668931603 -0.0437330976 0.0117366705
  endloop
 endfacet

 facet normal 0 0 -1
  outer loop
  vertex -0.0478772633 -0.0390865058 0.0117366705
  vertex -0.0668931603 -0.0437330976 0.0117366705
  vertex -0.0668754205 -0.0436972454 0.0117366705
  endloop
 endfacet

 facet normal 0 0 -1
  outer loop
  vertex -0.0478772633 -0.0390865058 0.0117366705
  vertex -0.0668754205 -0.0436972454 0.0117366705
  vertex -0.0668478161 -0.0436570905 0.0117366705
  endloop
 endfacet

 facet normal 0 0 -1
  outer loop
  vertex -0.0478772633 -0.0390865058 0.0117366705
  vertex -0.0668478161 -0.0436570905 0.0117366705
  vertex -0.0668241605 -0.0436269715 0.0117366705
  endloop
 endfacet

 facet normal 0 0 -1
  outer loop
  vertex -0.0478772633 -0.0390865058 0.0117366705
  vertex -0.0668241605 -0.0436269715 0.0117366705
  vertex -0.0668004975 -0.0436018743 0.0117366705
  endloop
 endfacet

 facet normal 0 0 -1
  outer loop
  vertex -0.0478772633 -0.0390865058 0.0117366705
  vertex -0.0668004975 -0.0436018743 0.0117366705
  vertex -0.0667689517 -0.0435724743 0.0117366705
  endloop
 endfacet

 facet normal 0 0 -1
  outer loop
  vertex -0.0478772633 -0.0390865058 0.0117366705
  vertex -0.0667689517 -0.0435724743 0.0117366705
  vertex -0.066737406 -0.0435488112 0.0117366705
  endloop
 endfacet

 facet normal 0 0 -1
  outer loop
  vertex -0.0478772633 -0.0390865058 0.0117366705
  vertex -0.066737406 -0.0435488112 0.0117366705
  vertex -0.0667038932 -0.0435273014 0.0117366705
  endloop
 endfacet

 facet normal 0 0 -1
  outer loop
  vertex -0.0478772633 -0.0390865058 0.0117366705
  vertex -0.0667038932 -0.0435273014 0.0117366705
  vertex -0.0666684061 -0.0435086563 0.0117366705
  endloop
 endfacet

 facet normal 0 0 -1
  outer loop
  vertex -0.0478772633 -0.0390865058 0.0117366705
  vertex -0.0666684061 -0.0435086563 0.0117366705
  vertex -0.0666368604 -0.043494314 0.0117366705
  endloop
 endfacet

 facet normal 0 0 -1
  outer loop
  vertex -0.0478772633 -0.0390865058 0.0117366705
  vertex -0.0666368604 -0.043494314 0.0117366705
  vertex -0.0665954575 -0.0434792563 0.0117366705
  endloop
 endfacet

 facet normal 0 0 -1
  outer loop
  vertex -0.0478772633 -0.0390865058 0.0117366705
  vertex -0.0665954575 -0.0434792563 0.0117366705
  vertex -0.066557996 -0.0434692167 0.0117366705
  endloop
 endfacet

 facet normal -0.0872744843 0.371995896 -0.924122453
  outer loop
  vertex -0.0478772633 -0.0390865058 0.0117366705
  vertex -0.066557996 -0.0434692167 0.0117366705
  vertex -0.0673545152 -0.0400237106 0.013198847
  endloop
 endfacet

 facet normal -0.0873122737 0.374134243 -0.923255205
  outer loop
  vertex -0.0478772633 -0.0390865058 0.0117366705
  vertex -0.0673545152 -0.0400237106 0.013198847
  vertex -0.0673919693 -0.0398695394 0.0132648647
  endloop
 endfacet

 facet normal -0.0876395404 0.438757151 -0.894321859
  outer loop
  vertex -0.0478772633 -0.0390865058 0.0117366705
  vertex -0.0673919693 -0.0398695394 0.0132648647
  vertex -0.0673505664 -0.0398602188 0.0132653806
  endloop
 endfacet

 facet normal -0.0876461715 0.44856441 -0.889442623
  outer loop
  vertex -0.0478772633 -0.0390865058 0.0117366705
  vertex -0.0673505664 -0.0398602188 0.0132653806
  vertex -0.0673880279 -0.0397110693 0.0133442916
  endloop
 endfacet

 facet normal -0.0863929242 0.534073949 -0.84101212
  outer loop
  vertex -0.0478772633 -0.0390865058 0.0117366705
  vertex -0.0673880279 -0.0397110693 0.0133442916
  vertex -0.067423515 -0.0395698063 0.0134376436
  endloop
 endfacet

 facet normal -0.0838911384 0.604338169 -0.792298973
  outer loop
  vertex -0.0478772633 -0.0390865058 0.0117366705
  vertex -0.067423515 -0.0395698063 0.0134376436
  vertex -0.0674609765 -0.0394357145 0.0135438908
  endloop
 endfacet

 facet normal -0.0823045969 0.633311152 -0.769508243
  outer loop
  vertex -0.0478772633 -0.0390865058 0.0117366705
  vertex -0.0674609765 -0.0394357145 0.0135438908
  vertex -0.0674195737 -0.039427828 0.0135459537
  endloop
 endfacet

 facet normal -0.0798197836 0.673193812 -0.735145509
  outer loop
  vertex -0.0478772633 -0.0390865058 0.0117366705
  vertex -0.0674195737 -0.039427828 0.0135459537
  vertex -0.0674550608 -0.0393030569 0.0136640612
  endloop
 endfacet

 facet normal -0.0743876323 0.735970795 -0.672914147
  outer loop
  vertex -0.0478772633 -0.0390865058 0.0117366705
  vertex -0.0674550608 -0.0393030569 0.0136640612
  vertex -0.0674885809 -0.0391876101 0.0137940329
  endloop
 endfacet

 facet normal -0.0694433749 0.778581023 -0.623690069
  outer loop
  vertex -0.0478772633 -0.0390865058 0.0117366705
  vertex -0.0674885809 -0.0391876101 0.0137940329
  vertex -0.0675063208 -0.0391338319 0.0138631444
  endloop
 endfacet

 facet normal -0.066430591 0.800687492 -0.595387697
  outer loop
  vertex -0.0478772633 -0.0390865058 0.0117366705
  vertex -0.0675063208 -0.0391338319 0.0138631444
  vertex -0.0674649179 -0.0391280949 0.0138662392
  endloop
 endfacet

 facet normal -0.0662543103 0.801923156 -0.593742132
  outer loop
  vertex -0.0478772633 -0.0390865058 0.0117366705
  vertex -0.0674649179 -0.0391280949 0.0138662392
  vertex -0.0674747825 -0.0390979759 0.0139080156
  endloop
 endfacet

 facet normal -0.0648536831 0.811278939 -0.58105129
  outer loop
  vertex -0.0478772633 -0.0390865058 0.0117366705
  vertex -0.0674747825 -0.0390979759 0.0139080156
  vertex -0.0674826652 -0.0390771814 0.0139379306
  endloop
 endfacet

 facet normal -0.0616790131 0.830988526 -0.552859724
  outer loop
  vertex -0.0478772633 -0.0390865058 0.0117366705
  vertex -0.0674826652 -0.0390771814 0.0139379306
  vertex -0.0674964637 -0.03902914 0.0140116839
  endloop
 endfacet

 facet normal -0.0593201891 0.844128549 -0.532849073
  outer loop
  vertex -0.0478772633 -0.0390865058 0.0117366705
  vertex -0.0674964637 -0.03902914 0.0140116839
  vertex -0.0679854155 -0.0384397097 0.0149998777
  endloop
 endfacet

 facet normal -0.0510283373 0.871778965 -0.487234563
  outer loop
  vertex -0.0478772633 -0.0390865058 0.0117366705
  vertex -0.0679854155 -0.0384397097 0.0149998777
  vertex -0.0642591268 -0.0382755026 0.0149034308
  endloop
 endfacet

 facet normal -0.0498685762 0.94926393 -0.310501516
  outer loop
  vertex -0.0637268052 -0.0382475369 0.0149034308
  vertex -0.0642591268 -0.0382755026 0.0149034308
  vertex -0.0679854155 -0.0384397097 0.0149998777
  endloop
 endfacet

 facet normal -0.0450801402 0.998983383 0
  outer loop
  vertex -0.0637268052 -0.0382475369 0.0149034308
  vertex -0.0679854155 -0.0384397097 0.0149998777
  vertex -0.0679854155 -0.0384397097 0.0169994757
  endloop
 endfacet

 facet normal -0.999073446 0.0430395715 0
  outer loop
  vertex -0.0679854155 -0.0384397097 0.0169994757
  vertex -0.0679854155 -0.0384397097 0.0149998777
  vertex -0.0680189356 -0.0392177254 0.0147543764
  endloop
 endfacet

 facet normal -0.999888599 0 0.0149271069
  outer loop
  vertex -0.0679854155 -0.0384397097 0.0169994757
  vertex -0.0680189356 -0.0392177254 0.0147543764
  vertex -0.0679854155 -0.0403471068 0.0169994757
  endloop
 endfacet

 facet normal -0.000733367866 0 0.999999821
  outer loop
  vertex -0.0679854155 -0.0384397097 0.0169994757
  vertex -0.0679854155 -0.0403471068 0.0169994757
  vertex -0.0602489337 -0.0384397097 0.0170051493
  endloop
 endfacet

 facet normal -0.000696421426 -0.000149855754 0.999999702
  outer loop
  vertex -0.0602489337 -0.0384397097 0.0170051493
  vertex -0.0679854155 -0.0403471068 0.0169994757
  vertex -0.0602311902 -0.0385221727 0.0170051493
  endloop
 endfacet

 facet normal 0.976165771 0 0.217026159
  outer loop
  vertex -0.0483445264 -0.0391202047 0.0170051493
  vertex -0.0483445264 -0.0415360034 0.0170051493
  vertex -0.0478772633 -0.0414313115 0.0149034308
  endloop
 endfacet

 facet normal 0.976165771 0 0.217026159
  outer loop
  vertex -0.0483445264 -0.0391202047 0.0170051493
  vertex -0.0478772633 -0.0414313115 0.0149034308
  vertex -0.0478772633 -0.0390865058 0.0149034308
  endloop
 endfacet

 facet normal 0.22046867 -0.975394011 0
  outer loop
  vertex -0.0478772633 -0.0414313115 0.0117366705
  vertex -0.0478772633 -0.0414313115 0.0149034308
  vertex -0.0649925619 -0.0452998914 0.0149039468
  endloop
 endfacet

 facet normal 0.220450789 -0.975398183 -0.000101782869
  outer loop
  vertex -0.0478772633 -0.0414313115 0.0117366705
  vertex -0.0649925619 -0.0452998914 0.0149039468
  vertex -0.0597146377 -0.0441066921 0.0117366705
  endloop
 endfacet

 facet normal -0.0989668369 0.369258851 -0.924042046
  outer loop
  vertex -0.066557996 -0.0434692167 0.0117366705
  vertex -0.0665954575 -0.0434792563 0.0117366705
  vertex -0.0673545152 -0.0400237106 0.013198847
  endloop
 endfacet

 facet normal -0.131538048 0.361656964 -0.922985315
  outer loop
  vertex -0.0673545152 -0.0400237106 0.013198847
  vertex -0.0665954575 -0.0434792563 0.0117366705
  vertex -0.0666368604 -0.043494314 0.0117366705
  endloop
 endfacet

 facet normal -0.147975743 0.357836485 -0.921984911
  outer loop
  vertex -0.0673545152 -0.0400237106 0.013198847
  vertex -0.0666368604 -0.043494314 0.0117366705
  vertex -0.0674333796 -0.0398795791 0.0132674435
  endloop
 endfacet

 facet normal -0.14461872 0.359600276 -0.921831369
  outer loop
  vertex -0.0673545152 -0.0400237106 0.013198847
  vertex -0.0674333796 -0.0398795791 0.0132674435
  vertex -0.0673919693 -0.0398695394 0.0132648647
  endloop
 endfacet

 facet normal -0.159627944 0.430036277 -0.888587475
  outer loop
  vertex -0.0673919693 -0.0398695394 0.0132648647
  vertex -0.0674333796 -0.0398795791 0.0132674435
  vertex -0.0674294308 -0.03972039 0.0133437756
  endloop
 endfacet

 facet normal -0.0898023918 0.448049366 -0.889487028
  outer loop
  vertex -0.0673919693 -0.0398695394 0.0132648647
  vertex -0.0674294308 -0.03972039 0.0133437756
  vertex -0.0673880279 -0.0397110693 0.0133442916
  endloop
 endfacet

 facet normal -0.0897918344 0.448049605 -0.889488101
  outer loop
  vertex -0.0673919693 -0.0398695394 0.0132648647
  vertex -0.0673880279 -0.0397110693 0.0133442916
  vertex -0.0673505664 -0.0398602188 0.0132653806
  endloop
 endfacet

 facet normal -0.108610436 0.52893585 -0.841683269
  outer loop
  vertex -0.0673880279 -0.0397110693 0.0133442916
  vertex -0.0674294308 -0.03972039 0.0133437756
  vertex -0.067423515 -0.0395698063 0.0134376436
  endloop
 endfacet

 facet normal -0.119020008 0.528598785 -0.840486526
  outer loop
  vertex -0.067423515 -0.0395698063 0.0134376436
  vertex -0.0674294308 -0.03972039 0.0133437756
  vertex -0.0674649179 -0.0395791307 0.0134376436
  endloop
 endfacet

 facet normal -0.133368939 0.592326045 -0.794583261
  outer loop
  vertex -0.067423515 -0.0395698063 0.0134376436
  vertex -0.0674649179 -0.0395791307 0.0134376436
  vertex -0.0674609765 -0.0394357145 0.0135438908
  endloop
 endfacet

 facet normal -0.143109038 0.591689169 -0.79336226
  outer loop
  vertex -0.0674609765 -0.0394357145 0.0135438908
  vertex -0.0674649179 -0.0395791307 0.0134376436
  vertex -0.0675023794 -0.0394450389 0.0135444058
  endloop
 endfacet

 facet normal -0.156631202 0.654726982 -0.73945874
  outer loop
  vertex -0.0674609765 -0.0394357145 0.0135438908
  vertex -0.0675023794 -0.0394450389 0.0135444058
  vertex -0.0674964637 -0.0393102281 0.0136625152
  endloop
 endfacet

 facet normal -0.0910187289 0.670393467 -0.736402273
  outer loop
  vertex -0.0674609765 -0.0394357145 0.0135438908
  vertex -0.0674964637 -0.0393102281 0.0136625152
  vertex -0.0674195737 -0.039427828 0.0135459537
  endloop
 endfacet

 facet normal -0.0887730867 0.671307683 -0.735843301
  outer loop
  vertex -0.0674195737 -0.039427828 0.0135459537
  vertex -0.0674964637 -0.0393102281 0.0136625152
  vertex -0.0674550608 -0.0393030569 0.0136640612
  endloop
 endfacet

 facet normal -0.101321593 0.73067975 -0.67516005
  outer loop
  vertex -0.0674550608 -0.0393030569 0.0136640612
  vertex -0.0674964637 -0.0393102281 0.0136625152
  vertex -0.0674885809 -0.0391876101 0.0137940329
  endloop
 endfacet

 facet normal -0.122224942 0.729581833 -0.672882915
  outer loop
  vertex -0.0674885809 -0.0391876101 0.0137940329
  vertex -0.0674964637 -0.0393102281 0.0136625152
  vertex -0.0675299838 -0.0391954966 0.013793001
  endloop
 endfacet

 facet normal -0.130243286 0.76599896 -0.629509509
  outer loop
  vertex -0.0674885809 -0.0391876101 0.0137940329
  vertex -0.0675299838 -0.0391954966 0.013793001
  vertex -0.0675063208 -0.0391338319 0.0138631444
  endloop
 endfacet

 facet normal -0.138203263 0.766468167 -0.627237201
  outer loop
  vertex -0.0675063208 -0.0391338319 0.0138631444
  vertex -0.0675299838 -0.0391954966 0.013793001
  vertex -0.0675477311 -0.0391417183 0.0138626294
  endloop
 endfacet

 facet normal -0.144224435 0.795540094 -0.588485599
  outer loop
  vertex -0.0675063208 -0.0391338319 0.0138631444
  vertex -0.0675477311 -0.0391417183 0.0138626294
  vertex -0.0675615296 -0.0390908048 0.0139348358
  endloop
 endfacet

 facet normal -0.144224435 0.795540094 -0.588485599
  outer loop
  vertex -0.0675063208 -0.0391338319 0.0138631444
  vertex -0.0675615296 -0.0390908048 0.0139348358
  vertex -0.0675201267 -0.0390829183 0.0139353517
  endloop
 endfacet

 facet normal -0.0847470984 0.806636095 -0.584941149
  outer loop
  vertex -0.0675063208 -0.0391338319 0.0138631444
  vertex -0.0675201267 -0.0390829183 0.0139353517
  vertex -0.0674747825 -0.0390979759 0.0139080156
  endloop
 endfacet

 facet normal -0.0667102635 0.801846504 -0.593794525
  outer loop
  vertex -0.0675063208 -0.0391338319 0.0138631444
  vertex -0.0674747825 -0.0390979759 0.0139080156
  vertex -0.0674649179 -0.0391280949 0.0138662392
  endloop
 endfacet

 facet normal -0.0835230276 0.80777806 -0.583539665
  outer loop
  vertex -0.0674747825 -0.0390979759 0.0139080156
  vertex -0.0675201267 -0.0390829183 0.0139353517
  vertex -0.0674826652 -0.0390771814 0.0139379306
  endloop
 endfacet

 facet normal -0.0883135721 0.826599002 -0.555819035
  outer loop
  vertex -0.0674826652 -0.0390771814 0.0139379306
  vertex -0.0675201267 -0.0390829183 0.0139353517
  vertex -0.0675378665 -0.0390348732 0.0140096201
  endloop
 endfacet

 facet normal -0.0869458169 0.827209473 -0.555126071
  outer loop
  vertex -0.0674826652 -0.0390771814 0.0139379306
  vertex -0.0675378665 -0.0390348732 0.0140096201
  vertex -0.0674964637 -0.03902914 0.0140116839
  endloop
 endfacet

 facet normal -0.0887367576 0.835509658 -0.542263269
  outer loop
  vertex -0.0674964637 -0.03902914 0.0140116839
  vertex -0.0675378665 -0.0390348732 0.0140096201
  vertex -0.0679854155 -0.0384397097 0.0149998777
  endloop
 endfacet

 facet normal -0.232106686 0.786057234 -0.572922826
  outer loop
  vertex -0.0679854155 -0.0384397097 0.0149998777
  vertex -0.0675615296 -0.0390908048 0.0139348358
  vertex -0.0676029325 -0.0391022786 0.0139358677
  endloop
 endfacet

 facet normal -0.327565521 0.744699359 -0.581484079
  outer loop
  vertex -0.0679854155 -0.0384397097 0.0149998777
  vertex -0.0676029325 -0.0391022786 0.0139358677
  vertex -0.0676246211 -0.0391653813 0.0138672711
  endloop
 endfacet

 facet normal -0.382408798 0.717858911 -0.581757903
  outer loop
  vertex -0.0679854155 -0.0384397097 0.0149998777
  vertex -0.0676246211 -0.0391653813 0.0138672711
  vertex -0.0676620826 -0.0391811579 0.0138724288
  endloop
 endfacet

 facet normal -0.440209001 0.687054515 -0.578076303
  outer loop
  vertex -0.0679854155 -0.0384397097 0.0149998777
  vertex -0.0676620826 -0.0391811579 0.0138724288
  vertex -0.0676995367 -0.039199084 0.0138796493
  endloop
 endfacet

 facet normal -0.512887836 0.644108772 -0.567512155
  outer loop
  vertex -0.0679854155 -0.0384397097 0.0149998777
  vertex -0.0676995367 -0.039199084 0.0138796493
  vertex -0.0677350312 -0.0392191634 0.0138889337
  endloop
 endfacet

 facet normal -0.59974438 0.585198283 -0.545755982
  outer loop
  vertex -0.0679854155 -0.0384397097 0.0149998777
  vertex -0.0677350312 -0.0392191634 0.0138889337
  vertex -0.067766577 -0.0392413922 0.013899764
  endloop
 endfacet

 facet normal -0.648285508 0.548169255 -0.528428257
  outer loop
  vertex -0.0679854155 -0.0384397097 0.0149998777
  vertex -0.067766577 -0.0392413922 0.013899764
  vertex -0.0677981153 -0.0392657705 0.0139131732
  endloop
 endfacet

 facet normal -0.717282414 0.489589304 -0.49579066
  outer loop
  vertex -0.0679854155 -0.0384397097 0.0149998777
  vertex -0.0677981153 -0.0392657705 0.0139131732
  vertex -0.0678257197 -0.0392915867 0.0139276143
  endloop
 endfacet

 facet normal -0.776766419 0.431637943 -0.458609581
  outer loop
  vertex -0.0679854155 -0.0384397097 0.0149998777
  vertex -0.0678257197 -0.0392915867 0.0139276143
  vertex -0.0678395182 -0.0393690281 0.0138781015
  endloop
 endfacet

 facet normal -0.809099317 0.396530241 -0.433730334
  outer loop
  vertex -0.0679854155 -0.0384397097 0.0149998777
  vertex -0.0678395182 -0.0393690281 0.0138781015
  vertex -0.0678631812 -0.0393969938 0.0138966693
  endloop
 endfacet

 facet normal -0.827690303 0.375220388 -0.417299122
  outer loop
  vertex -0.0679854155 -0.0384397097 0.0149998777
  vertex -0.0678631812 -0.0393969938 0.0138966693
  vertex -0.0678868368 -0.0393023416 0.0140287038
  endloop
 endfacet

 facet normal -0.8638677 0.329865426 -0.380685449
  outer loop
  vertex -0.0679854155 -0.0384397097 0.0149998777
  vertex -0.0678868368 -0.0393023416 0.0140287038
  vertex -0.067894727 -0.0393783487 0.0139807379
  endloop
 endfacet

 facet normal -0.897108197 0.282313138 -0.339847267
  outer loop
  vertex -0.0679854155 -0.0384397097 0.0149998777
  vertex -0.067894727 -0.0393783487 0.0139807379
  vertex -0.0679124668 -0.0394099019 0.0140013685
  endloop
 endfacet

 facet normal -0.90682745 0.267264396 -0.325935364
  outer loop
  vertex -0.0679854155 -0.0384397097 0.0149998777
  vertex -0.0679124668 -0.0394099019 0.0140013685
  vertex -0.0679223314 -0.0393647254 0.0140658384
  endloop
 endfacet

 facet normal -0.935483575 0.217452824 -0.278540581
  outer loop
  vertex -0.0679854155 -0.0384397097 0.0149998777
  vertex -0.0679223314 -0.0393647254 0.0140658384
  vertex -0.067945987 -0.0393568389 0.0141514549
  endloop
 endfacet

 facet normal -0.949941993 0.189173788 -0.248643488
  outer loop
  vertex -0.0679854155 -0.0384397097 0.0149998777
  vertex -0.067945987 -0.0393568389 0.0141514549
  vertex -0.0679676756 -0.0393525362 0.0142375855
  endloop
 endfacet

 facet normal -0.98093313 0.112983674 -0.158129051
  outer loop
  vertex -0.0679854155 -0.0384397097 0.0149998777
  vertex -0.0679676756 -0.0393525362 0.0142375855
  vertex -0.0679814741 -0.0393532552 0.014322686
  endloop
 endfacet

 facet normal -0.986815512 0.0936121941 -0.13203083
  outer loop
  vertex -0.0679854155 -0.0384397097 0.0149998777
  vertex -0.0679814741 -0.0393532552 0.014322686
  vertex -0.0680011883 -0.0392672047 0.0145310527
  endloop
 endfacet

 facet normal -0.991653562 0.0773448274 -0.103155509
  outer loop
  vertex -0.0679854155 -0.0384397097 0.0149998777
  vertex -0.0680011883 -0.0392672047 0.0145310527
  vertex -0.0680130199 -0.0392248966 0.0146764964
  endloop
 endfacet

 facet normal -0.994278789 0.0686545968 -0.0818310305
  outer loop
  vertex -0.0679854155 -0.0384397097 0.0149998777
  vertex -0.0680130199 -0.0392248966 0.0146764964
  vertex -0.0680189356 -0.0392177254 0.0147543764
  endloop
 endfacet

 facet normal -0.155619487 0.814032793 -0.559583068
  outer loop
  vertex -0.0679854155 -0.0384397097 0.0149998777
  vertex -0.0675378665 -0.0390348732 0.0140096201
  vertex -0.0675615296 -0.0390908048 0.0139348358
  endloop
 endfacet

 facet normal -0.996348619 0.0330722369 -0.0787117928
  outer loop
  vertex -0.0680189356 -0.0392177254 0.0147543764
  vertex -0.0680130199 -0.0392248966 0.0146764964
  vertex -0.0680149943 -0.0392621867 0.0146857807
  endloop
 endfacet

 facet normal -0.998775005 -0.0167451873 -0.0465629995
  outer loop
  vertex -0.0680189356 -0.0392177254 0.0147543764
  vertex -0.0680149943 -0.0392621867 0.0146857807
  vertex -0.0680149943 -0.039292302 0.014696612
  endloop
 endfacet

 facet normal -0.999117255 -0.0302572325 -0.0291420426
  outer loop
  vertex -0.0680189356 -0.0392177254 0.0147543764
  vertex -0.0680149943 -0.039292302 0.014696612
  vertex -0.0679854155 -0.0407034904 0.0151479002
  endloop
 endfacet

 facet normal -0.999181032 -0.029792022 -0.0273801796
  outer loop
  vertex -0.0680189356 -0.0392177254 0.0147543764
  vertex -0.0679854155 -0.0407034904 0.0151479002
  vertex -0.0679854155 -0.0407314561 0.0151783302
  endloop
 endfacet

 facet normal -0.99930805 -0.0287389196 -0.0236100368
  outer loop
  vertex -0.0680189356 -0.0392177254 0.0147543764
  vertex -0.0679854155 -0.0407314561 0.0151783302
  vertex -0.0679854155 -0.0407594219 0.0152123701
  endloop
 endfacet

 facet normal -0.999513745 -0.0265762433 -0.0163150113
  outer loop
  vertex -0.0680189356 -0.0392177254 0.0147543764
  vertex -0.0679854155 -0.0407594219 0.0152123701
  vertex -0.0679854155 -0.0407838002 0.0152520845
  endloop
 endfacet

 facet normal -0.999560475 -0.0259491019 -0.0143385138
  outer loop
  vertex -0.0680189356 -0.0392177254 0.0147543764
  vertex -0.0679854155 -0.0407838002 0.0152520845
  vertex -0.0679854155 -0.040806029 0.0152923129
  endloop
 endfacet

 facet normal -0.999652147 -0.0244460963 -0.00989505835
  outer loop
  vertex -0.0680189356 -0.0392177254 0.0147543764
  vertex -0.0679854155 -0.040806029 0.0152923129
  vertex -0.0679854155 -0.0408225246 0.0153330583
  endloop
 endfacet

 facet normal -0.999701619 -0.0234039314 -0.00700206449
  outer loop
  vertex -0.0680189356 -0.0392177254 0.0147543764
  vertex -0.0679854155 -0.0408225246 0.0153330583
  vertex -0.0679854155 -0.0408347137 0.0153738027
  endloop
 endfacet

 facet normal -0.999726415 -0.0227696337 -0.00534491846
  outer loop
  vertex -0.0680189356 -0.0392177254 0.0147543764
  vertex -0.0679854155 -0.0408347137 0.0153738027
  vertex -0.0679854155 -0.0408440344 0.0154135171
  endloop
 endfacet

 facet normal -0.999739051 -0.0224055126 -0.00444587599
  outer loop
  vertex -0.0680189356 -0.0392177254 0.0147543764
  vertex -0.0679854155 -0.0408440344 0.0154135171
  vertex -0.0679854155 -0.0408447534 0.0154171269
  endloop
 endfacet

 facet normal -0.999755561 -0.0218826272 -0.00316137518
  outer loop
  vertex -0.0680189356 -0.0392177254 0.0147543764
  vertex -0.0679854155 -0.0408447534 0.0154171269
  vertex -0.0679854155 -0.0408504903 0.0154568404
  endloop
 endfacet

 facet normal -0.999779642 -0.0209710002 -0.00104130164
  outer loop
  vertex -0.0680189356 -0.0392177254 0.0147543764
  vertex -0.0679854155 -0.0408504903 0.0154568404
  vertex -0.0679854155 -0.0408526398 0.0155001646
  endloop
 endfacet

 facet normal -0.999789894 -0.0204962064 0
  outer loop
  vertex -0.0680189356 -0.0392177254 0.0147543764
  vertex -0.0679854155 -0.0408526398 0.0155001646
  vertex -0.0679854155 -0.0408526398 0.0164991897
  endloop
 endfacet

 facet normal -0.999809861 -0.0194766466 0.000955722411
  outer loop
  vertex -0.0680189356 -0.0392177254 0.0147543764
  vertex -0.0679854155 -0.0408526398 0.0164991897
  vertex -0.0679854155 -0.0408504903 0.0165430289
  endloop
 endfacet

 facet normal -0.999841154 -0.0176284313 0.00264344481
  outer loop
  vertex -0.0680189356 -0.0392177254 0.0147543764
  vertex -0.0679854155 -0.0408504903 0.0165430289
  vertex -0.0679854155 -0.0408426002 0.0165956356
  endloop
 endfacet

 facet normal -0.999863029 -0.0160538517 0.00403337507
  outer loop
  vertex -0.0680189356 -0.0392177254 0.0147543764
  vertex -0.0679854155 -0.0408426002 0.0165956356
  vertex -0.0679854155 -0.0408318453 0.0166384447
  endloop
 endfacet

 facet normal -0.999876976 -0.0148399426 0.00507360278
  outer loop
  vertex -0.0680189356 -0.0392177254 0.0147543764
  vertex -0.0679854155 -0.0408318453 0.0166384447
  vertex -0.0679854155 -0.0408210903 0.0166699067
  endloop
 endfacet

 facet normal -0.999883771 -0.0141746504 0.00563059514
  outer loop
  vertex -0.0680189356 -0.0392177254 0.0147543764
  vertex -0.0679854155 -0.0408210903 0.0166699067
  vertex -0.0679854155 -0.0408053137 0.0167096183
  endloop
 endfacet

 facet normal -0.999896288 -0.0126621453 0.00685890904
  outer loop
  vertex -0.0680189356 -0.0392177254 0.0147543764
  vertex -0.0679854155 -0.0408053137 0.0167096183
  vertex -0.0679854155 -0.0407838002 0.0167493317
  endloop
 endfacet

 facet normal -0.999901772 -0.0118253725 0.00751588214
  outer loop
  vertex -0.0680189356 -0.0392177254 0.0147543764
  vertex -0.0679854155 -0.0407838002 0.0167493317
  vertex -0.0679854155 -0.0407608561 0.0167854354
  endloop
 endfacet

 facet normal -0.999908924 -0.0104047023 0.00859537534
  outer loop
  vertex -0.0680189356 -0.0392177254 0.0147543764
  vertex -0.0679854155 -0.0407608561 0.0167854354
  vertex -0.0679854155 -0.0407314561 0.0168210231
  endloop
 endfacet

 facet normal -0.999910474 -0.0100015132 0.00889071729
  outer loop
  vertex -0.0680189356 -0.0392177254 0.0147543764
  vertex -0.0679854155 -0.0407314561 0.0168210231
  vertex -0.0679854155 -0.0407034904 0.0168524832
  endloop
 endfacet

 facet normal -0.999913812 -0.0088052405 0.00973790418
  outer loop
  vertex -0.0680189356 -0.0392177254 0.0147543764
  vertex -0.0679854155 -0.0407034904 0.0168524832
  vertex -0.0679854155 -0.0406783931 0.0168751776
  endloop
 endfacet

 facet normal -0.999915123 -0.00783908274 0.0104033509
  outer loop
  vertex -0.0680189356 -0.0392177254 0.0147543764
  vertex -0.0679854155 -0.0406783931 0.0168751776
  vertex -0.0679854155 -0.0406332165 0.0169092175
  endloop
 endfacet

 facet normal -0.999915481 -0.00688843196 0.0110278297
  outer loop
  vertex -0.0680189356 -0.0392177254 0.0147543764
  vertex -0.0679854155 -0.0406332165 0.0169092175
  vertex -0.0679854155 -0.0406059697 0.0169262383
  endloop
 endfacet

 facet normal -0.99991554 -0.00682399003 0.0110690212
  outer loop
  vertex -0.0680189356 -0.0392177254 0.0147543764
  vertex -0.0679854155 -0.0406059697 0.0169262383
  vertex -0.0679854155 -0.0405959301 0.0169324279
  endloop
 endfacet

 facet normal -0.999914706 -0.0058524278 0.0116837816
  outer loop
  vertex -0.0680189356 -0.0392177254 0.0147543764
  vertex -0.0679854155 -0.0405959301 0.0169324279
  vertex -0.0679854155 -0.0405557752 0.0169525407
  endloop
 endfacet

 facet normal -0.999913216 -0.00509563182 0.0121444287
  outer loop
  vertex -0.0680189356 -0.0392177254 0.0147543764
  vertex -0.0679854155 -0.0405557752 0.0169525407
  vertex -0.0679854155 -0.0405299589 0.016963372
  endloop
 endfacet

 facet normal -0.999912262 -0.00467100646 0.0123966588
  outer loop
  vertex -0.0680189356 -0.0392177254 0.0147543764
  vertex -0.0679854155 -0.0405299589 0.016963372
  vertex -0.0679854155 -0.0405149013 0.0169690456
  endloop
 endfacet

 facet normal -0.999910653 -0.00409688568 0.0127329081
  outer loop
  vertex -0.0680189356 -0.0392177254 0.0147543764
  vertex -0.0679854155 -0.0405149013 0.0169690456
  vertex -0.0679854155 -0.0404876545 0.0169778131
  endloop
 endfacet

 facet normal -0.99990952 -0.00379655045 0.0129044289
  outer loop
  vertex -0.0680189356 -0.0392177254 0.0147543764
  vertex -0.0679854155 -0.0404876545 0.0169778131
  vertex -0.0679854155 -0.0404718779 0.0169824548
  endloop
 endfacet

 facet normal -0.999907136 -0.00317754201 0.0132528208
  outer loop
  vertex -0.0680189356 -0.0392177254 0.0147543764
  vertex -0.0679854155 -0.0404718779 0.0169824548
  vertex -0.0679854155 -0.0404525176 0.0169870965
  endloop
 endfacet

 facet normal -0.99990654 -0.0030494458 0.0133236563
  outer loop
  vertex -0.0680189356 -0.0392177254 0.0147543764
  vertex -0.0679854155 -0.0404525176 0.0169870965
  vertex -0.0679854155 -0.040436741 0.0169907082
  endloop
 endfacet

 facet normal -0.999903858 -0.00245423033 0.0136480657
  outer loop
  vertex -0.0680189356 -0.0392177254 0.0147543764
  vertex -0.0679854155 -0.040436741 0.0169907082
  vertex -0.0679854155 -0.0404281355 0.0169922542
  endloop
 endfacet

 facet normal -0.999900699 -0.00186070311 0.0139690433
  outer loop
  vertex -0.0680189356 -0.0392177254 0.0147543764
  vertex -0.0679854155 -0.0404281355 0.0169922542
  vertex -0.0679854155 -0.0404087752 0.0169948339
  endloop
 endfacet

 facet normal -0.999899983 -0.00173106557 0.0140379462
  outer loop
  vertex -0.0680189356 -0.0392177254 0.0147543764
  vertex -0.0679854155 -0.0404087752 0.0169948339
  vertex -0.0679854155 -0.0403836779 0.0169979278
  endloop
 endfacet

 facet normal -0.999894023 -0.000774436339 0.0145350089
  outer loop
  vertex -0.0680189356 -0.0392177254 0.0147543764
  vertex -0.0679854155 -0.0403836779 0.0169979278
  vertex -0.0679854155 -0.0403643176 0.0169989597
  endloop
 endfacet

 facet normal -0.999891758 -0.000439904717 0.0147058628
  outer loop
  vertex -0.0680189356 -0.0392177254 0.0147543764
  vertex -0.0679854155 -0.0403643176 0.0169989597
  vertex -0.0679854155 -0.0403471068 0.0169994757
  endloop
 endfacet

 facet normal -0.0113982623 -0.0298982412 0.999487996
  outer loop
  vertex -0.0679854155 -0.0403471068 0.0169994757
  vertex -0.0679854155 -0.0403643176 0.0169989597
  vertex -0.0589674078 -0.0435954221 0.0170051493
  endloop
 endfacet

 facet normal -0.00279664923 -0.00601747585 0.999977946
  outer loop
  vertex -0.0679854155 -0.0403471068 0.0169994757
  vertex -0.0589674078 -0.0435954221 0.0170051493
  vertex -0.0590028949 -0.0435789302 0.0170051493
  endloop
 endfacet

 facet normal -0.00145319011 -0.00228343252 0.999996364
  outer loop
  vertex -0.0679854155 -0.0403471068 0.0169994757
  vertex -0.0590028949 -0.0435789302 0.0170051493
  vertex -0.0590186678 -0.0435688905 0.0170051493
  endloop
 endfacet

 facet normal -0.00140243268 -0.00214216602 0.999996662
  outer loop
  vertex -0.0679854155 -0.0403471068 0.0169994757
  vertex -0.0590186678 -0.0435688905 0.0170051493
  vertex -0.0590679571 -0.0435366221 0.0170051493
  endloop
 endfacet

 facet normal -0.000934209384 -0.000833070546 0.999999225
  outer loop
  vertex -0.0679854155 -0.0403471068 0.0169994757
  vertex -0.0590679571 -0.0435366221 0.0170051493
  vertex -0.0590916164 -0.0435100906 0.0170051493
  endloop
 endfacet

 facet normal -0.000781162467 -0.000402726524 0.999999642
  outer loop
  vertex -0.0679854155 -0.0403471068 0.0169994757
  vertex -0.0590916164 -0.0435100906 0.0170051493
  vertex -0.0590975322 -0.0434986167 0.0170051493
  endloop
 endfacet

 facet normal -0.000754506676 -0.000327551475 0.999999702
  outer loop
  vertex -0.0679854155 -0.0403471068 0.0169994757
  vertex -0.0590975322 -0.0434986167 0.0170051493
  vertex -0.0591152757 -0.0434577428 0.0170051493
  endloop
 endfacet

 facet normal -0.000694722577 -0.000157074261 0.999999702
  outer loop
  vertex -0.0679854155 -0.0403471068 0.0169994757
  vertex -0.0591152757 -0.0434577428 0.0170051493
  vertex -0.0602311902 -0.0385221727 0.0170051493
  endloop
 endfacet

 facet normal 0.220322713 -0.975425661 0.00164228748
  outer loop
  vertex -0.0483445264 -0.0415360034 0.0170051493
  vertex -0.0570589155 -0.0435043536 0.0170051493
  vertex -0.0649925619 -0.0452998914 0.0149039468
  endloop
 endfacet

 facet normal 0.220468685 -0.975393951 0.000428981322
  outer loop
  vertex -0.0483445264 -0.0415360034 0.0170051493
  vertex -0.0649925619 -0.0452998914 0.0149039468
  vertex -0.0478772633 -0.0414313115 0.0149034308
  endloop
 endfacet

 facet normal 0.215917096 -0.976227641 0.0189620815
  outer loop
  vertex -0.0649925619 -0.0452998914 0.0149039468
  vertex -0.0570589155 -0.0435043536 0.0170051493
  vertex -0.0572048128 -0.0435366221 0.0170051493
  endloop
 endfacet

 facet normal 0.213895738 -0.976492167 0.0266759656
  outer loop
  vertex -0.0649925619 -0.0452998914 0.0149039468
  vertex -0.0572048128 -0.0435366221 0.0170051493
  vertex -0.0651660562 -0.0453378931 0.0149039468
  endloop
 endfacet

 facet normal 0.213911101 -0.976562262 0.02383589
  outer loop
  vertex -0.0649925619 -0.0452998914 0.0149039468
  vertex -0.0651660562 -0.0453378931 0.0149039468
  vertex -0.0660926998 -0.0455479957 0.0146120265
  endloop
 endfacet

 facet normal 0.219996482 -0.975500703 0
  outer loop
  vertex -0.0649925619 -0.0452998914 0.0149039468
  vertex -0.0660926998 -0.0455479957 0.0146120265
  vertex -0.0660926998 -0.0455479957 0.0117366705
  endloop
 endfacet

 facet normal 0.220420524 -0.975404918 -0.000154787995
  outer loop
  vertex -0.0649925619 -0.0452998914 0.0149039468
  vertex -0.0660926998 -0.0455479957 0.0117366705
  vertex -0.0597146377 -0.0441066921 0.0117366705
  endloop
 endfacet

 facet normal -0.161168382 0.354533046 -0.92104888
  outer loop
  vertex -0.0666368604 -0.043494314 0.0117366705
  vertex -0.0666684061 -0.0435086563 0.0117366705
  vertex -0.0674333796 -0.0398795791 0.0132674435
  endloop
 endfacet

 facet normal -0.250809252 0.405655146 -0.878941774
  outer loop
  vertex -0.0674333796 -0.0398795791 0.0132674435
  vertex -0.0674747825 -0.039891772 0.0132736322
  vertex -0.0674728081 -0.0397318639 0.0133468704
  endloop
 endfacet

 facet normal -0.176710308 0.429119587 -0.885793388
  outer loop
  vertex -0.0674333796 -0.0398795791 0.0132674435
  vertex -0.0674728081 -0.0397318639 0.0133468704
  vertex -0.0674294308 -0.03972039 0.0133437756
  endloop
 endfacet

 facet normal -0.183353513 0.348997295 -0.919011712
  outer loop
  vertex -0.0674333796 -0.0398795791 0.0132674435
  vertex -0.0666684061 -0.0435086563 0.0117366705
  vertex -0.0667038932 -0.0435273014 0.0117366705
  endloop
 endfacet

 facet normal -0.218323156 0.34018001 -0.914665341
  outer loop
  vertex -0.0674333796 -0.0398795791 0.0132674435
  vertex -0.0667038932 -0.0435273014 0.0117366705
  vertex -0.066737406 -0.0435488112 0.0117366705
  endloop
 endfacet

 facet normal -0.235218197 0.335888088 -0.912059009
  outer loop
  vertex -0.0674333796 -0.0398795791 0.0132674435
  vertex -0.066737406 -0.0435488112 0.0117366705
  vertex -0.0674747825 -0.039891772 0.0132736322
  endloop
 endfacet

 facet normal -0.194369361 0.508552194 -0.838805854
  outer loop
  vertex -0.0674294308 -0.03972039 0.0133437756
  vertex -0.0674728081 -0.0397318639 0.0133468704
  vertex -0.0674649179 -0.0395791307 0.0134376436
  endloop
 endfacet

 facet normal -0.203320593 0.507964075 -0.837038457
  outer loop
  vertex -0.0674649179 -0.0395791307 0.0134376436
  vertex -0.0674728081 -0.0397318639 0.0133468704
  vertex -0.0675063208 -0.0395906009 0.0134407384
  endloop
 endfacet

 facet normal -0.217208266 0.570148945 -0.792307258
  outer loop
  vertex -0.0674649179 -0.0395791307 0.0134376436
  vertex -0.0675063208 -0.0395906009 0.0134407384
  vertex -0.0675023794 -0.0394450389 0.0135444058
  endloop
 endfacet

 facet normal -0.226631194 0.569073558 -0.79043889
  outer loop
  vertex -0.0675023794 -0.0394450389 0.0135444058
  vertex -0.0675063208 -0.0395906009 0.0134407384
  vertex -0.0675437823 -0.039457228 0.0135475006
  endloop
 endfacet

 facet normal -0.241434515 0.633370817 -0.735221624
  outer loop
  vertex -0.0675023794 -0.0394450389 0.0135444058
  vertex -0.0675437823 -0.039457228 0.0135475006
  vertex -0.0675792694 -0.0393324569 0.013666641
  endloop
 endfacet

 facet normal -0.241421491 0.63337785 -0.735219896
  outer loop
  vertex -0.0675023794 -0.0394450389 0.0135444058
  vertex -0.0675792694 -0.0393324569 0.013666641
  vertex -0.0675378665 -0.0393202677 0.0136635462
  endloop
 endfacet

 facet normal -0.176674724 0.652989507 -0.736471832
  outer loop
  vertex -0.0675023794 -0.0394450389 0.0135444058
  vertex -0.0675378665 -0.0393202677 0.0136635462
  vertex -0.0674964637 -0.0393102281 0.0136625152
  endloop
 endfacet

 facet normal -0.189632058 0.71269834 -0.675352454
  outer loop
  vertex -0.0674964637 -0.0393102281 0.0136625152
  vertex -0.0675378665 -0.0393202677 0.0136635462
  vertex -0.0675713867 -0.0392055362 0.0137940329
  endloop
 endfacet

 facet normal -0.189631268 0.712698638 -0.675352275
  outer loop
  vertex -0.0674964637 -0.0393102281 0.0136625152
  vertex -0.0675713867 -0.0392055362 0.0137940329
  vertex -0.0675299838 -0.0391954966 0.013793001
  endloop
 endfacet

 facet normal -0.197737858 0.75076431 -0.630279899
  outer loop
  vertex -0.0675299838 -0.0391954966 0.013793001
  vertex -0.0675713867 -0.0392055362 0.0137940329
  vertex -0.0675477311 -0.0391417183 0.0138626294
  endloop
 endfacet

 facet normal -0.221105084 0.750879884 -0.622327924
  outer loop
  vertex -0.0675477311 -0.0391417183 0.0138626294
  vertex -0.0675713867 -0.0392055362 0.0137940329
  vertex -0.0675871596 -0.0391524732 0.0138636604
  endloop
 endfacet

 facet normal -0.226840943 0.775025785 -0.58981204
  outer loop
  vertex -0.0675477311 -0.0391417183 0.0138626294
  vertex -0.0675871596 -0.0391524732 0.0138636604
  vertex -0.0675615296 -0.0390908048 0.0139348358
  endloop
 endfacet

 facet normal -0.148049206 0.813875914 -0.561860681
  outer loop
  vertex -0.0675201267 -0.0390829183 0.0139353517
  vertex -0.0675615296 -0.0390908048 0.0139348358
  vertex -0.0675378665 -0.0390348732 0.0140096201
  endloop
 endfacet

 facet normal -0.22943756 0.774993598 -0.588849187
  outer loop
  vertex -0.0675615296 -0.0390908048 0.0139348358
  vertex -0.0675871596 -0.0391524732 0.0138636604
  vertex -0.0676029325 -0.0391022786 0.0139358677
  endloop
 endfacet

 facet normal -0.313703835 0.746167541 -0.587217212
  outer loop
  vertex -0.0676029325 -0.0391022786 0.0139358677
  vertex -0.0675871596 -0.0391524732 0.0138636604
  vertex -0.0676246211 -0.0391653813 0.0138672711
  endloop
 endfacet

 facet normal -0.309310973 0.72580415 -0.614438832
  outer loop
  vertex -0.0676246211 -0.0391653813 0.0138672711
  vertex -0.0675871596 -0.0391524732 0.0138636604
  vertex -0.0676108152 -0.0392184444 0.0137976436
  endloop
 endfacet

 facet normal -0.366636455 0.703510165 -0.608811319
  outer loop
  vertex -0.0676246211 -0.0391653813 0.0138672711
  vertex -0.0676108152 -0.0392184444 0.0137976436
  vertex -0.0676482767 -0.039233502 0.0138028013
  endloop
 endfacet

 facet normal -0.378714889 0.702158153 -0.602950275
  outer loop
  vertex -0.0676246211 -0.0391653813 0.0138672711
  vertex -0.0676482767 -0.039233502 0.0138028013
  vertex -0.0676620826 -0.0391811579 0.0138724288
  endloop
 endfacet

 facet normal -0.43751654 0.674953222 -0.594152689
  outer loop
  vertex -0.0676620826 -0.0391811579 0.0138724288
  vertex -0.0676482767 -0.039233502 0.0138028013
  vertex -0.0676995367 -0.039199084 0.0138796493
  endloop
 endfacet

 facet normal -0.443481028 0.669633031 -0.595748365
  outer loop
  vertex -0.0676995367 -0.039199084 0.0138796493
  vertex -0.0676482767 -0.039233502 0.0138028013
  vertex -0.0676857382 -0.0392514281 0.0138105368
  endloop
 endfacet

 facet normal -0.507328391 0.635166526 -0.582392812
  outer loop
  vertex -0.0676995367 -0.039199084 0.0138796493
  vertex -0.0676857382 -0.0392514281 0.0138105368
  vertex -0.0677212253 -0.0392707884 0.0138203371
  endloop
 endfacet

 facet normal -0.510730863 0.634412408 -0.580237031
  outer loop
  vertex -0.0676995367 -0.039199084 0.0138796493
  vertex -0.0677212253 -0.0392707884 0.0138203371
  vertex -0.0677350312 -0.0392191634 0.0138889337
  endloop
 endfacet

 facet normal -0.597950101 0.577991843 -0.55532074
  outer loop
  vertex -0.0677350312 -0.0392191634 0.0138889337
  vertex -0.0677212253 -0.0392707884 0.0138203371
  vertex -0.067766577 -0.0392413922 0.013899764
  endloop
 endfacet

 facet normal -0.608139157 0.565933108 -0.55667448
  outer loop
  vertex -0.067766577 -0.0392413922 0.013899764
  vertex -0.0677212253 -0.0392707884 0.0138203371
  vertex -0.0677527711 -0.039293021 0.0138321994
  endloop
 endfacet

 facet normal -0.633765221 0.546710193 -0.547219932
  outer loop
  vertex -0.067766577 -0.0392413922 0.013899764
  vertex -0.0677527711 -0.039293021 0.0138321994
  vertex -0.0677843168 -0.039316684 0.0138450935
  endloop
 endfacet

 facet normal -0.646907926 0.541980028 -0.536440015
  outer loop
  vertex -0.067766577 -0.0392413922 0.013899764
  vertex -0.0677843168 -0.039316684 0.0138450935
  vertex -0.0677981153 -0.0392657705 0.0139131732
  endloop
 endfacet

 facet normal -0.699457765 0.497064054 -0.513503909
  outer loop
  vertex -0.0677981153 -0.0392657705 0.0139131732
  vertex -0.0677843168 -0.039316684 0.0138450935
  vertex -0.0678138882 -0.0393417813 0.0138610816
  endloop
 endfacet

 facet normal -0.717158556 0.489070714 -0.496481061
  outer loop
  vertex -0.0677981153 -0.0392657705 0.0139131732
  vertex -0.0678138882 -0.0393417813 0.0138610816
  vertex -0.0678257197 -0.0392915867 0.0139276143
  endloop
 endfacet

 facet normal -0.771107793 0.434797227 -0.465128273
  outer loop
  vertex -0.0678257197 -0.0392915867 0.0139276143
  vertex -0.0678138882 -0.0393417813 0.0138610816
  vertex -0.0678395182 -0.0393690281 0.0138781015
  endloop
 endfacet

 facet normal -0.762296379 0.398460805 -0.510032654
  outer loop
  vertex -0.0678395182 -0.0393690281 0.0138781015
  vertex -0.0678138882 -0.0393417813 0.0138610816
  vertex -0.0677862912 -0.0394500569 0.0137352366
  endloop
 endfacet

 facet normal -0.765144706 0.394498229 -0.508846641
  outer loop
  vertex -0.0678395182 -0.0393690281 0.0138781015
  vertex -0.0677862912 -0.0394500569 0.0137352366
  vertex -0.0678119212 -0.0394751541 0.0137543203
  endloop
 endfacet

 facet normal -0.79986608 0.355757654 -0.483374476
  outer loop
  vertex -0.0678395182 -0.0393690281 0.0138781015
  vertex -0.0678119212 -0.0394751541 0.0137543203
  vertex -0.0678631812 -0.0393969938 0.0138966693
  endloop
 endfacet

 facet normal -0.809402943 0.340525001 -0.478444934
  outer loop
  vertex -0.0678631812 -0.0393969938 0.0138966693
  vertex -0.0678119212 -0.0394751541 0.0137543203
  vertex -0.0678355768 -0.0395024046 0.013774951
  endloop
 endfacet

 facet normal -0.819126785 0.328497887 -0.470234483
  outer loop
  vertex -0.0678631812 -0.0393969938 0.0138966693
  vertex -0.0678355768 -0.0395024046 0.013774951
  vertex -0.0678592399 -0.0395296514 0.0137971276
  endloop
 endfacet

 facet normal -0.876184464 0.272342026 -0.3976565
  outer loop
  vertex -0.0678631812 -0.0393969938 0.0138966693
  vertex -0.0678592399 -0.0395296514 0.0137971276
  vertex -0.0679006428 -0.0394565091 0.0139384465
  endloop
 endfacet

 facet normal -0.877480626 0.277907103 -0.390890509
  outer loop
  vertex -0.0678631812 -0.0393969938 0.0138966693
  vertex -0.0679006428 -0.0394565091 0.0139384465
  vertex -0.067894727 -0.0393783487 0.0139807379
  endloop
 endfacet

 facet normal -0.853984535 0.338146538 -0.395433158
  outer loop
  vertex -0.0678631812 -0.0393969938 0.0138966693
  vertex -0.067894727 -0.0393783487 0.0139807379
  vertex -0.0678868368 -0.0393023416 0.0140287038
  endloop
 endfacet

 facet normal -0.893156767 0.264432162 -0.363794923
  outer loop
  vertex -0.067894727 -0.0393783487 0.0139807379
  vertex -0.0679006428 -0.0394565091 0.0139384465
  vertex -0.0679124668 -0.0394099019 0.0140013685
  endloop
 endfacet

 facet normal -0.935086131 0.179008573 -0.30589205
  outer loop
  vertex -0.0679124668 -0.0394099019 0.0140013685
  vertex -0.0679144412 -0.0394880623 0.0139616551
  vertex -0.0679282397 -0.0395196117 0.0139853805
  endloop
 endfacet

 facet normal -0.941375852 0.177172855 -0.287091047
  outer loop
  vertex -0.0679124668 -0.0394099019 0.0140013685
  vertex -0.0679282397 -0.0395196117 0.0139853805
  vertex -0.0679361299 -0.0393977128 0.0140864691
  endloop
 endfacet

 facet normal -0.933903158 0.20958142 -0.289655864
  outer loop
  vertex -0.0679124668 -0.0394099019 0.0140013685
  vertex -0.0679361299 -0.0393977128 0.0140864691
  vertex -0.0679223314 -0.0393647254 0.0140658384
  endloop
 endfacet

 facet normal -0.933586955 0.180762917 -0.309419125
  outer loop
  vertex -0.0679124668 -0.0394099019 0.0140013685
  vertex -0.0679006428 -0.0394565091 0.0139384465
  vertex -0.0679144412 -0.0394880623 0.0139616551
  endloop
 endfacet

 facet normal -0.935539007 0.217221662 -0.278534621
  outer loop
  vertex -0.0679223314 -0.0393647254 0.0140658384
  vertex -0.0679361299 -0.0393977128 0.0140864691
  vertex -0.067945987 -0.0393568389 0.0141514549
  endloop
 endfacet

 facet normal -0.954452395 0.16502212 -0.248572752
  outer loop
  vertex -0.067945987 -0.0393568389 0.0141514549
  vertex -0.0679361299 -0.0393977128 0.0140864691
  vertex -0.0679676756 -0.0393525362 0.0142375855
  endloop
 endfacet

 facet normal -0.960383892 0.138437152 -0.241863579
  outer loop
  vertex -0.0679676756 -0.0393525362 0.0142375855
  vertex -0.0679361299 -0.0393977128 0.0140864691
  vertex -0.0679282397 -0.0395196117 0.0139853805
  endloop
 endfacet

 facet normal -0.96488899 0.122779205 -0.232195213
  outer loop
  vertex -0.0679676756 -0.0393525362 0.0142375855
  vertex -0.0679282397 -0.0395196117 0.0139853805
  vertex -0.0679558441 -0.0394643992 0.0141292764
  endloop
 endfacet

 facet normal -0.981636465 0.0685521588 -0.178018615
  outer loop
  vertex -0.0679676756 -0.0393525362 0.0142375855
  vertex -0.0679558441 -0.0394643992 0.0141292764
  vertex -0.0679735914 -0.0393876731 0.0142566692
  endloop
 endfacet

 facet normal -0.984097719 0.0793360695 -0.158925921
  outer loop
  vertex -0.0679676756 -0.0393525362 0.0142375855
  vertex -0.0679735914 -0.0393876731 0.0142566692
  vertex -0.0679814741 -0.0393532552 0.014322686
  endloop
 endfacet

 facet normal -0.989579916 0.0390634201 -0.138584152
  outer loop
  vertex -0.0679814741 -0.0393532552 0.014322686
  vertex -0.0679735914 -0.0393876731 0.0142566692
  vertex -0.0679854155 -0.0393891074 0.0143407378
  endloop
 endfacet

 facet normal -0.991256237 0.0469320528 -0.123322278
  outer loop
  vertex -0.0679814741 -0.0393532552 0.014322686
  vertex -0.0679854155 -0.0393891074 0.0143407378
  vertex -0.0679992214 -0.0393295884 0.0144743202
  endloop
 endfacet

 facet normal -0.987889946 0.0861415267 -0.129047334
  outer loop
  vertex -0.0679814741 -0.0393532552 0.014322686
  vertex -0.0679992214 -0.0393295884 0.0144743202
  vertex -0.0680011883 -0.0392672047 0.0145310527
  endloop
 endfacet

 facet normal -0.991603613 0.068444334 -0.109716043
  outer loop
  vertex -0.0680011883 -0.0392672047 0.0145310527
  vertex -0.0679992214 -0.0393295884 0.0144743202
  vertex -0.0680051371 -0.0393044911 0.0145434309
  endloop
 endfacet

 facet normal -0.992286086 0.0712643862 -0.101438284
  outer loop
  vertex -0.0680011883 -0.0392672047 0.0145310527
  vertex -0.0680051371 -0.0393044911 0.0145434309
  vertex -0.0680130199 -0.0392248966 0.0146764964
  endloop
 endfacet

 facet normal -0.996341288 0.0330454595 -0.0788177773
  outer loop
  vertex -0.0680130199 -0.0392248966 0.0146764964
  vertex -0.0680051371 -0.0393044911 0.0145434309
  vertex -0.0680149943 -0.0392621867 0.0146857807
  endloop
 endfacet

 facet normal -0.997797132 -0.0224496964 -0.0624254122
  outer loop
  vertex -0.0680149943 -0.0392621867 0.0146857807
  vertex -0.0680051371 -0.0393044911 0.0145434309
  vertex -0.0680149943 -0.039292302 0.014696612
  endloop
 endfacet

 facet normal -0.997339606 -0.0398999453 -0.0610072874
  outer loop
  vertex -0.0680149943 -0.039292302 0.014696612
  vertex -0.0680051371 -0.0393044911 0.0145434309
  vertex -0.0679854155 -0.0406332165 0.0150901359
  endloop
 endfacet

 facet normal -0.997537255 -0.0390912257 -0.0582367592
  outer loop
  vertex -0.0680149943 -0.039292302 0.014696612
  vertex -0.0679854155 -0.0406332165 0.0150901359
  vertex -0.0679854155 -0.0406439751 0.0150973564
  endloop
 endfacet

 facet normal -0.998473227 -0.0346099921 -0.0430529304
  outer loop
  vertex -0.0680149943 -0.039292302 0.014696612
  vertex -0.0679854155 -0.0406439751 0.0150973564
  vertex -0.0679854155 -0.0406683534 0.0151169552
  endloop
 endfacet

 facet normal -0.998763204 -0.032863047 -0.0373136662
  outer loop
  vertex -0.0680149943 -0.039292302 0.014696612
  vertex -0.0679854155 -0.0406683534 0.0151169552
  vertex -0.0679854155 -0.0407034904 0.0151479002
  endloop
 endfacet

 facet normal -0.977765739 -0.138598129 -0.157368347
  outer loop
  vertex -0.0679854155 -0.0407034904 0.0151479002
  vertex -0.0679854155 -0.0406683534 0.0151169552
  vertex -0.0678217784 -0.0401456133 0.0136398217
  endloop
 endfacet

 facet normal -0.976966977 -0.142588511 -0.158757821
  outer loop
  vertex -0.0679854155 -0.0407034904 0.0151479002
  vertex -0.0678217784 -0.0401456133 0.0136398217
  vertex -0.0669424534 -0.0440514758 0.0117366705
  endloop
 endfacet

 facet normal -0.97695154 -0.157167807 -0.144444153
  outer loop
  vertex -0.0679854155 -0.0407034904 0.0151479002
  vertex -0.0669424534 -0.0440514758 0.0117366705
  vertex -0.0679854155 -0.0407314561 0.0151783302
  endloop
 endfacet

 facet normal -0.976732671 -0.165710509 -0.136137038
  outer loop
  vertex -0.0679854155 -0.0407314561 0.0151783302
  vertex -0.0669424534 -0.0440514758 0.0117366705
  vertex -0.0679854155 -0.0407594219 0.0152123701
  endloop
 endfacet

 facet normal -0.975493491 -0.187513933 -0.115113787
  outer loop
  vertex -0.0679854155 -0.0407594219 0.0152123701
  vertex -0.0669424534 -0.0440514758 0.0117366705
  vertex -0.0679854155 -0.0407838002 0.0152520845
  endloop
 endfacet

 facet normal -0.975158393 -0.191523522 -0.111287378
  outer loop
  vertex -0.0679854155 -0.0407838002 0.0152520845
  vertex -0.0669424534 -0.0440514758 0.0117366705
  vertex -0.0669345632 -0.0440916307 0.0117366705
  endloop
 endfacet

 facet normal -0.974836826 -0.195113972 -0.107812777
  outer loop
  vertex -0.0679854155 -0.0407838002 0.0152520845
  vertex -0.0669345632 -0.0440916307 0.0117366705
  vertex -0.0679854155 -0.040806029 0.0152923129
  endloop
 endfacet

 facet normal -0.972400427 -0.216272801 -0.0875408426
  outer loop
  vertex -0.0679854155 -0.040806029 0.0152923129
  vertex -0.0669345632 -0.0440916307 0.0117366705
  vertex -0.0679854155 -0.0408225246 0.0153330583
  endloop
 endfacet

 facet normal -0.972172618 -0.217917979 -0.0859788358
  outer loop
  vertex -0.0679854155 -0.0408225246 0.0153330583
  vertex -0.0669345632 -0.0440916307 0.0117366705
  vertex -0.0667196661 -0.0450503528 0.0117366705
  endloop
 endfacet

 facet normal -0.970574021 -0.230050713 -0.071153231
  outer loop
  vertex -0.0679854155 -0.0408225246 0.0153330583
  vertex -0.0667196661 -0.0450503528 0.0117366705
  vertex -0.0666900873 -0.0451751202 0.0117366705
  endloop
 endfacet

 facet normal -0.970355988 -0.231539577 -0.0692727715
  outer loop
  vertex -0.0679854155 -0.0408225246 0.0153330583
  vertex -0.0666900873 -0.0451751202 0.0117366705
  vertex -0.0679854155 -0.0408347137 0.0153738027
  endloop
 endfacet

 facet normal -0.968722463 -0.24158068 -0.0567083806
  outer loop
  vertex -0.0679854155 -0.0408347137 0.0153738027
  vertex -0.0666900873 -0.0451751202 0.0117366705
  vertex -0.0679854155 -0.0408440344 0.0154135171
  endloop
 endfacet

 facet normal -0.9675982 -0.247666284 -0.0491438657
  outer loop
  vertex -0.0679854155 -0.0408440344 0.0154135171
  vertex -0.0666900873 -0.0451751202 0.0117366705
  vertex -0.0679854155 -0.0408447534 0.0154171269
  endloop
 endfacet

 facet normal -0.965628028 -0.257257283 -0.0371658616
  outer loop
  vertex -0.0679854155 -0.0408447534 0.0154171269
  vertex -0.0666900873 -0.0451751202 0.0117366705
  vertex -0.0679854155 -0.0408504903 0.0154568404
  endloop
 endfacet

 facet normal -0.961041868 -0.276062965 -0.0137077309
  outer loop
  vertex -0.0679854155 -0.0408504903 0.0154568404
  vertex -0.0666900873 -0.0451751202 0.0117366705
  vertex -0.0679854155 -0.0408526398 0.0155001646
  endloop
 endfacet

 facet normal -0.957967103 -0.286878496 -0.000227454831
  outer loop
  vertex -0.0679854155 -0.0408526398 0.0155001646
  vertex -0.0666900873 -0.0451751202 0.0117366705
  vertex -0.0666920617 -0.0451708175 0.0146120265
  endloop
 endfacet

 facet normal -0.957954109 -0.286921442 0
  outer loop
  vertex -0.0679854155 -0.0408526398 0.0155001646
  vertex -0.0666920617 -0.0451708175 0.0146120265
  vertex -0.0679854155 -0.0408526398 0.0164991897
  endloop
 endfacet

 facet normal -0.9561131 -0.292645782 0.0143601783
  outer loop
  vertex -0.0679854155 -0.0408526398 0.0164991897
  vertex -0.0666920617 -0.0451708175 0.0146120265
  vertex -0.0679854155 -0.0408504903 0.0165430289
  endloop
 endfacet

 facet normal -0.955083847 -0.295551062 0.0215496551
  outer loop
  vertex -0.0679854155 -0.0408504903 0.0165430289
  vertex -0.0666920617 -0.0451708175 0.0146120265
  vertex -0.0666782632 -0.0452124067 0.0146532878
  endloop
 endfacet

 facet normal -0.951291084 -0.304885358 0.0457186215
  outer loop
  vertex -0.0679854155 -0.0408504903 0.0165430289
  vertex -0.0666782632 -0.0452124067 0.0146532878
  vertex -0.0679854155 -0.0408426002 0.0165956356
  endloop
 endfacet

 facet normal -0.944678783 -0.318110645 0.0799222142
  outer loop
  vertex -0.0679854155 -0.0408426002 0.0165956356
  vertex -0.0666782632 -0.0452124067 0.0146532878
  vertex -0.0679854155 -0.0408318453 0.0166384447
  endloop
 endfacet

 facet normal -0.943232477 -0.320667356 0.0865163505
  outer loop
  vertex -0.0679854155 -0.0408318453 0.0166384447
  vertex -0.0666782632 -0.0452124067 0.0146532878
  vertex -0.0666644573 -0.0452532806 0.0146522569
  endloop
 endfacet

 facet normal -0.936933935 -0.330712497 0.113066733
  outer loop
  vertex -0.0679854155 -0.0408318453 0.0166384447
  vertex -0.0666644573 -0.0452532806 0.0146522569
  vertex -0.0679854155 -0.0408210903 0.0166699067
  endloop
 endfacet

 facet normal -0.931186616 -0.338792264 0.134578407
  outer loop
  vertex -0.0679854155 -0.0408210903 0.0166699067
  vertex -0.0666644573 -0.0452532806 0.0146522569
  vertex -0.0679854155 -0.0408053137 0.0167096183
  endloop
 endfacet

 facet normal -0.927662253 -0.343375951 0.14675121
  outer loop
  vertex -0.0679854155 -0.0408053137 0.0167096183
  vertex -0.0666644573 -0.0452532806 0.0146522569
  vertex -0.0666585416 -0.0452518463 0.0146930013
  endloop
 endfacet

 facet normal -0.912382305 -0.360337585 0.19420439
  outer loop
  vertex -0.0679854155 -0.0408053137 0.0167096183
  vertex -0.0666585416 -0.0452518463 0.0146930013
  vertex -0.0666506588 -0.0452504121 0.0147327147
  endloop
 endfacet

 facet normal -0.911961794 -0.360748649 0.195412561
  outer loop
  vertex -0.0679854155 -0.0408053137 0.0167096183
  vertex -0.0666506588 -0.0452504121 0.0147327147
  vertex -0.0679854155 -0.0407838002 0.0167493317
  endloop
 endfacet

 facet normal -0.89565146 -0.375358552 0.238567591
  outer loop
  vertex -0.0679854155 -0.0407838002 0.0167493317
  vertex -0.0666506588 -0.0452504121 0.0147327147
  vertex -0.0679854155 -0.0407608561 0.0167854354
  endloop
 endfacet

 facet normal -0.851965547 -0.405016124 0.331838697
  outer loop
  vertex -0.0679854155 -0.0407608561 0.0167854354
  vertex -0.0666506588 -0.0452504121 0.0147327147
  vertex -0.0666329116 -0.0452898517 0.0147301359
  endloop
 endfacet

 facet normal -0.850299835 -0.405938953 0.334968299
  outer loop
  vertex -0.0679854155 -0.0407608561 0.0167854354
  vertex -0.0666329116 -0.0452898517 0.0147301359
  vertex -0.0666368604 -0.0452475436 0.0147713963
  endloop
 endfacet

 facet normal -0.850034356 -0.406083077 0.335467219
  outer loop
  vertex -0.0679854155 -0.0407608561 0.0167854354
  vertex -0.0666368604 -0.0452475436 0.0147713963
  vertex -0.0679854155 -0.0407314561 0.0168210231
  endloop
 endfacet

 facet normal -0.846871316 -0.407800525 0.341332436
  outer loop
  vertex -0.0679854155 -0.0407314561 0.0168210231
  vertex -0.0666368604 -0.0452475436 0.0147713963
  vertex -0.0666191131 -0.0452869833 0.0147683024
  endloop
 endfacet

 facet normal -0.846753478 -0.40786314 0.341549933
  outer loop
  vertex -0.0679854155 -0.0407314561 0.0168210231
  vertex -0.0666191131 -0.0452869833 0.0147683024
  vertex -0.0666230544 -0.0452446751 0.0148090469
  endloop
 endfacet

 facet normal -0.841254711 -0.410686582 0.351606607
  outer loop
  vertex -0.0679854155 -0.0407314561 0.0168210231
  vertex -0.0666230544 -0.0452446751 0.0148090469
  vertex -0.0666053146 -0.0452841148 0.0148054361
  endloop
 endfacet

 facet normal -0.831222951 -0.415504128 0.369357079
  outer loop
  vertex -0.0679854155 -0.0407314561 0.0168210231
  vertex -0.0666053146 -0.0452841148 0.0148054361
  vertex -0.0679854155 -0.0407034904 0.0168524832
  endloop
 endfacet

 facet normal -0.811286688 -0.424221933 0.402305603
  outer loop
  vertex -0.0679854155 -0.0407034904 0.0168524832
  vertex -0.0666053146 -0.0452841148 0.0148054361
  vertex -0.0665895417 -0.0452805273 0.0148410238
  endloop
 endfacet

 facet normal -0.748969674 -0.444404483 0.491476417
  outer loop
  vertex -0.0679854155 -0.0407034904 0.0168524832
  vertex -0.0665895417 -0.0452805273 0.0148410238
  vertex -0.0679854155 -0.0406783931 0.0168751776
  endloop
 endfacet

 facet normal -0.735348761 -0.44784987 0.508618414
  outer loop
  vertex -0.0679854155 -0.0406783931 0.0168751776
  vertex -0.0665895417 -0.0452805273 0.0148410238
  vertex -0.0665501058 -0.04531423 0.0148683591
  endloop
 endfacet

 facet normal -0.729249001 -0.44921717 0.516139388
  outer loop
  vertex -0.0679854155 -0.0406783931 0.0168751776
  vertex -0.0665501058 -0.04531423 0.0148683591
  vertex -0.0665481389 -0.0452712066 0.0149085885
  endloop
 endfacet

 facet normal -0.650509953 -0.461768329 0.602998257
  outer loop
  vertex -0.0679854155 -0.0406783931 0.0168751776
  vertex -0.0665481389 -0.0452712066 0.0149085885
  vertex -0.0665264502 -0.0453084931 0.0149034308
  endloop
 endfacet

 facet normal -0.638885319 -0.46296224 0.614403307
  outer loop
  vertex -0.0679854155 -0.0406783931 0.0168751776
  vertex -0.0665264502 -0.0453084931 0.0149034308
  vertex -0.0679854155 -0.0406332165 0.0169092175
  endloop
 endfacet

 facet normal -0.632816195 -0.463558406 0.620207429
  outer loop
  vertex -0.0679854155 -0.0406332165 0.0169092175
  vertex -0.0665264502 -0.0453084931 0.0149034308
  vertex -0.0665027872 -0.0453049093 0.0149302511
  endloop
 endfacet

 facet normal -0.580512941 -0.466837585 0.667133749
  outer loop
  vertex -0.0679854155 -0.0406332165 0.0169092175
  vertex -0.0665027872 -0.0453049093 0.0149302511
  vertex -0.0664771572 -0.0452984534 0.0149570704
  endloop
 endfacet

 facet normal -0.513260603 -0.467187494 0.719930172
  outer loop
  vertex -0.0679854155 -0.0406332165 0.0169092175
  vertex -0.0664771572 -0.0452984534 0.0149570704
  vertex -0.0664475858 -0.0452920012 0.0149823418
  endloop
 endfacet

 facet normal -0.476674408 -0.465718836 0.745578647
  outer loop
  vertex -0.0679854155 -0.0406332165 0.0169092175
  vertex -0.0664475858 -0.0452920012 0.0149823418
  vertex -0.0679854155 -0.0406059697 0.0169262383
  endloop
 endfacet

 facet normal -0.463509798 -0.465005487 0.754273593
  outer loop
  vertex -0.0679854155 -0.0406059697 0.0169262383
  vertex -0.0664475858 -0.0452920012 0.0149823418
  vertex -0.0679854155 -0.0405959301 0.0169324279
  endloop
 endfacet

 facet normal -0.438252866 -0.463355631 0.770218134
  outer loop
  vertex -0.0679854155 -0.0405959301 0.0169324279
  vertex -0.0664475858 -0.0452920012 0.0149823418
  vertex -0.0664160401 -0.0452841148 0.0150050353
  endloop
 endfacet

 facet normal -0.431209385 -0.462771595 0.774532735
  outer loop
  vertex -0.0679854155 -0.0405959301 0.0169324279
  vertex -0.0664160401 -0.0452841148 0.0150050353
  vertex -0.0664002672 -0.0453221202 0.0149911102
  endloop
 endfacet

 facet normal -0.405964434 -0.460424364 0.789431691
  outer loop
  vertex -0.0679854155 -0.0405959301 0.0169324279
  vertex -0.0664002672 -0.0453221202 0.0149911102
  vertex -0.0663844943 -0.0452776626 0.01502515
  endloop
 endfacet

 facet normal -0.304192245 -0.446772158 0.841345191
  outer loop
  vertex -0.0679854155 -0.0405959301 0.0169324279
  vertex -0.0663844943 -0.0452776626 0.01502515
  vertex -0.0663490072 -0.0452697724 0.01504217
  endloop
 endfacet

 facet normal -0.26601088 -0.440013111 0.857686877
  outer loop
  vertex -0.0679854155 -0.0405959301 0.0169324279
  vertex -0.0663490072 -0.0452697724 0.01504217
  vertex -0.066315487 -0.045261886 0.015056612
  endloop
 endfacet

 facet normal -0.239815682 -0.43478936 0.868013084
  outer loop
  vertex -0.0679854155 -0.0405959301 0.0169324279
  vertex -0.066315487 -0.045261886 0.015056612
  vertex -0.0679854155 -0.0405557752 0.0169525407
  endloop
 endfacet

 facet normal -0.17034553 -0.419628084 0.891568661
  outer loop
  vertex -0.0679854155 -0.0405557752 0.0169525407
  vertex -0.066315487 -0.045261886 0.015056612
  vertex -0.0662799999 -0.0452532806 0.0150674423
  endloop
 endfacet

 facet normal -0.144542724 -0.413268417 0.899064302
  outer loop
  vertex -0.0679854155 -0.0405557752 0.0169525407
  vertex -0.0662799999 -0.0452532806 0.0150674423
  vertex -0.0589674078 -0.0435954221 0.0170051493
  endloop
 endfacet

 facet normal -0.134557113 -0.383389324 0.913732469
  outer loop
  vertex -0.0679854155 -0.0405557752 0.0169525407
  vertex -0.0589674078 -0.0435954221 0.0170051493
  vertex -0.0679854155 -0.0405299589 0.016963372
  endloop
 endfacet

 facet normal -0.123244986 -0.349908054 0.928641498
  outer loop
  vertex -0.0679854155 -0.0405299589 0.016963372
  vertex -0.0589674078 -0.0435954221 0.0170051493
  vertex -0.0679854155 -0.0405149013 0.0169690456
  endloop
 endfacet

 facet normal -0.107806973 -0.304506272 0.946389794
  outer loop
  vertex -0.0679854155 -0.0405149013 0.0169690456
  vertex -0.0589674078 -0.0435954221 0.0170051493
  vertex -0.0679854155 -0.0404876545 0.0169778131
  endloop
 endfacet

 facet normal -0.0996752903 -0.280838132 0.954565346
  outer loop
  vertex -0.0679854155 -0.0404876545 0.0169778131
  vertex -0.0589674078 -0.0435954221 0.0170051493
  vertex -0.0679854155 -0.0404718779 0.0169824548
  endloop
 endfacet

 facet normal -0.0829180107 -0.232352525 0.969090819
  outer loop
  vertex -0.0679854155 -0.0404718779 0.0169824548
  vertex -0.0589674078 -0.0435954221 0.0170051493
  vertex -0.0679854155 -0.0404525176 0.0169870965
  endloop
 endfacet

 facet normal -0.0794547498 -0.222400248 0.97171247
  outer loop
  vertex -0.0679854155 -0.0404525176 0.0169870965
  vertex -0.0589674078 -0.0435954221 0.0170051493
  vertex -0.0679854155 -0.040436741 0.0169907082
  endloop
 endfacet

 facet normal -0.063439019 -0.176627353 0.982231259
  outer loop
  vertex -0.0679854155 -0.040436741 0.0169907082
  vertex -0.0589674078 -0.0435954221 0.0170051493
  vertex -0.0679854155 -0.0404281355 0.0169922542
  endloop
 endfacet

 facet normal -0.0477360599 -0.131885201 0.990114927
  outer loop
  vertex -0.0679854155 -0.0404281355 0.0169922542
  vertex -0.0589674078 -0.0435954221 0.0170051493
  vertex -0.0679854155 -0.0404087752 0.0169948339
  endloop
 endfacet

 facet normal -0.0443385504 -0.122265957 0.991506517
  outer loop
  vertex -0.0679854155 -0.0404087752 0.0169948339
  vertex -0.0589674078 -0.0435954221 0.0170051493
  vertex -0.0679854155 -0.0403836779 0.0169979278
  endloop
 endfacet

 facet normal -0.0197445825 -0.0531949252 0.998389065
  outer loop
  vertex -0.0679854155 -0.0403836779 0.0169979278
  vertex -0.0589674078 -0.0435954221 0.0170051493
  vertex -0.0679854155 -0.0403643176 0.0169989597
  endloop
 endfacet

 facet normal -0.143480659 -0.416440189 0.897769928
  outer loop
  vertex -0.0589674078 -0.0435954221 0.0170051493
  vertex -0.0662799999 -0.0452532806 0.0150674423
  vertex -0.0588924848 -0.0436212346 0.0170051493
  endloop
 endfacet

 facet normal 0.189815328 -0.974879801 0.11653208
  outer loop
  vertex -0.0572048128 -0.0435366221 0.0170051493
  vertex -0.0573999994 -0.0435746275 0.0170051493
  vertex -0.0651660562 -0.0453378931 0.0149039468
  endloop
 endfacet

 facet normal 0.185735986 -0.973861098 0.130754441
  outer loop
  vertex -0.0651660562 -0.0453378931 0.0149039468
  vertex -0.0573999994 -0.0435746275 0.0170051493
  vertex -0.0653277263 -0.0453687273 0.0149039468
  endloop
 endfacet

 facet normal 0.185857624 -0.974498928 0.125732616
  outer loop
  vertex -0.0651660562 -0.0453378931 0.0149039468
  vertex -0.0653277263 -0.0453687273 0.0149039468
  vertex -0.0661025569 -0.045548711 0.0146543197
  endloop
 endfacet

 facet normal 0.211200953 -0.976896226 0.0326790735
  outer loop
  vertex -0.0651660562 -0.0453378931 0.0149039468
  vertex -0.0661025569 -0.045548711 0.0146543197
  vertex -0.0660926998 -0.0455479957 0.0146120265
  endloop
 endfacet

 facet normal 0.207257733 -0.977771223 0.0317451507
  outer loop
  vertex -0.0660926998 -0.0455479957 0.0146120265
  vertex -0.0661025569 -0.045548711 0.0146543197
  vertex -0.0661301613 -0.0455551669 0.014635752
  endloop
 endfacet

 facet normal 0.187994048 -0.982170105 0
  outer loop
  vertex -0.0660926998 -0.0455479957 0.0146120265
  vertex -0.0661301613 -0.0455551669 0.014635752
  vertex -0.0660926998 -0.0455479957 0.0117366705
  endloop
 endfacet

 facet normal 0.178891301 -0.983868837 -0.000121822173
  outer loop
  vertex -0.0660926998 -0.0455479957 0.0117366705
  vertex -0.0661301613 -0.0455551669 0.014635752
  vertex -0.066136077 -0.0455558822 0.0117366705
  endloop
 endfacet

 facet normal -0.24913165 0.332110256 -0.909745157
  outer loop
  vertex -0.0674747825 -0.039891772 0.0132736322
  vertex -0.066737406 -0.0435488112 0.0117366705
  vertex -0.0667689517 -0.0435724743 0.0117366705
  endloop
 endfacet

 facet normal -0.297164232 0.318838269 -0.900019765
  outer loop
  vertex -0.0674747825 -0.039891772 0.0132736322
  vertex -0.0667689517 -0.0435724743 0.0117366705
  vertex -0.0668004975 -0.0436018743 0.0117366705
  endloop
 endfacet

 facet normal -0.318725556 0.312743187 -0.894765794
  outer loop
  vertex -0.0674747825 -0.039891772 0.0132736322
  vertex -0.0668004975 -0.0436018743 0.0117366705
  vertex -0.0675142109 -0.0399053954 0.0132829165
  endloop
 endfacet

 facet normal -0.333983064 0.378333628 -0.863318622
  outer loop
  vertex -0.0674747825 -0.039891772 0.0132736322
  vertex -0.0675142109 -0.0399053954 0.0132829165
  vertex -0.0675516725 -0.0397583954 0.0133618275
  endloop
 endfacet

 facet normal -0.317794174 0.388670415 -0.864836574
  outer loop
  vertex -0.0674747825 -0.039891772 0.0132736322
  vertex -0.0675516725 -0.0397583954 0.0133618275
  vertex -0.0675102696 -0.039744053 0.0133530591
  endloop
 endfacet

 facet normal -0.275350809 0.403117985 -0.87274164
  outer loop
  vertex -0.0674747825 -0.039891772 0.0132736322
  vertex -0.0675102696 -0.039744053 0.0133530591
  vertex -0.0674728081 -0.0397318639 0.0133468704
  endloop
 endfacet

 facet normal -0.291526914 0.474129796 -0.830790639
  outer loop
  vertex -0.0674728081 -0.0397318639 0.0133468704
  vertex -0.0675102696 -0.039744053 0.0133530591
  vertex -0.0675477311 -0.039603509 0.013446412
  endloop
 endfacet

 facet normal -0.266241848 0.488853335 -0.830745339
  outer loop
  vertex -0.0674728081 -0.0397318639 0.0133468704
  vertex -0.0675477311 -0.039603509 0.013446412
  vertex -0.0675063208 -0.0395906009 0.0134407384
  endloop
 endfacet

 facet normal -0.279513419 0.550942123 -0.7863428
  outer loop
  vertex -0.0675063208 -0.0395906009 0.0134407384
  vertex -0.0675477311 -0.039603509 0.013446412
  vertex -0.0675437823 -0.039457228 0.0135475006
  endloop
 endfacet

 facet normal -0.301474988 0.547550142 -0.780577779
  outer loop
  vertex -0.0675437823 -0.039457228 0.0135475006
  vertex -0.0675477311 -0.039603509 0.013446412
  vertex -0.0675832182 -0.0394708514 0.0135531733
  endloop
 endfacet

 facet normal -0.314733088 0.607150912 -0.729596376
  outer loop
  vertex -0.0675437823 -0.039457228 0.0135475006
  vertex -0.0675832182 -0.0394708514 0.0135531733
  vertex -0.0675792694 -0.0393324569 0.013666641
  endloop
 endfacet

 facet normal -0.254425257 0.692934752 -0.674617887
  outer loop
  vertex -0.0675378665 -0.0393202677 0.0136635462
  vertex -0.0675792694 -0.0393324569 0.013666641
  vertex -0.0675713867 -0.0392055362 0.0137940329
  endloop
 endfacet

 facet normal -0.286174834 0.687589407 -0.667326689
  outer loop
  vertex -0.0675713867 -0.0392055362 0.0137940329
  vertex -0.0675792694 -0.0393324569 0.013666641
  vertex -0.0676108152 -0.0392184444 0.0137976436
  endloop
 endfacet

 facet normal -0.294689 0.726682603 -0.620556831
  outer loop
  vertex -0.0675713867 -0.0392055362 0.0137940329
  vertex -0.0676108152 -0.0392184444 0.0137976436
  vertex -0.0675871596 -0.0391524732 0.0138636604
  endloop
 endfacet

 facet normal -0.356516302 0.66055119 -0.660733163
  outer loop
  vertex -0.0676108152 -0.0392184444 0.0137976436
  vertex -0.0675792694 -0.0393324569 0.013666641
  vertex -0.0676482767 -0.039233502 0.0138028013
  endloop
 endfacet

 facet normal -0.363877714 0.656056881 -0.661197782
  outer loop
  vertex -0.0676482767 -0.039233502 0.0138028013
  vertex -0.0675792694 -0.0393324569 0.013666641
  vertex -0.0676167309 -0.0393475145 0.0136723146
  endloop
 endfacet

 facet normal -0.433029741 0.624307036 -0.650173843
  outer loop
  vertex -0.0676482767 -0.039233502 0.0138028013
  vertex -0.0676167309 -0.0393475145 0.0136723146
  vertex -0.0676857382 -0.0392514281 0.0138105368
  endloop
 endfacet

 facet normal -0.475817323 0.600390136 -0.642751575
  outer loop
  vertex -0.0676857382 -0.0392514281 0.0138105368
  vertex -0.067652218 -0.0393640101 0.0136805661
  vertex -0.0676896796 -0.0393826514 0.0136908814
  endloop
 endfacet

 facet normal -0.498043925 0.592400312 -0.633256912
  outer loop
  vertex -0.0676857382 -0.0392514281 0.0138105368
  vertex -0.0676896796 -0.0393826514 0.0136908814
  vertex -0.0677212253 -0.0392707884 0.0138203371
  endloop
 endfacet

 facet normal -0.439265132 0.61989063 -0.650216699
  outer loop
  vertex -0.0676857382 -0.0392514281 0.0138105368
  vertex -0.0676167309 -0.0393475145 0.0136723146
  vertex -0.067652218 -0.0393640101 0.0136805661
  endloop
 endfacet

 facet normal -0.595966995 0.530035853 -0.603229165
  outer loop
  vertex -0.0677212253 -0.0392707884 0.0138203371
  vertex -0.0676896796 -0.0393826514 0.0136908814
  vertex -0.0677212253 -0.039403446 0.0137037756
  endloop
 endfacet

 facet normal -0.598781466 0.528652072 -0.601654291
  outer loop
  vertex -0.0677212253 -0.0392707884 0.0138203371
  vertex -0.0677212253 -0.039403446 0.0137037756
  vertex -0.0677527711 -0.039293021 0.0138321994
  endloop
 endfacet

 facet normal -0.624351025 0.509874344 -0.591788769
  outer loop
  vertex -0.0677527711 -0.039293021 0.0138321994
  vertex -0.0677212253 -0.039403446 0.0137037756
  vertex -0.0677843168 -0.039316684 0.0138450935
  endloop
 endfacet

 facet normal -0.692611754 0.464660227 -0.551706254
  outer loop
  vertex -0.0677843168 -0.039316684 0.0138450935
  vertex -0.0677862912 -0.0394500569 0.0137352366
  vertex -0.0678138882 -0.0393417813 0.0138610816
  endloop
 endfacet

 facet normal -0.632922232 0.501064658 -0.590206444
  outer loop
  vertex -0.0677843168 -0.039316684 0.0138450935
  vertex -0.0677212253 -0.039403446 0.0137037756
  vertex -0.0677527711 -0.0394256748 0.0137187326
  endloop
 endfacet

 facet normal -0.645387709 0.49129802 -0.584894001
  outer loop
  vertex -0.0677843168 -0.039316684 0.0138450935
  vertex -0.0677527711 -0.0394256748 0.0137187326
  vertex -0.0677862912 -0.0394500569 0.0137352366
  endloop
 endfacet

 facet normal -0.637360692 0.455433697 -0.621571779
  outer loop
  vertex -0.0677862912 -0.0394500569 0.0137352366
  vertex -0.0677527711 -0.0394256748 0.0137187326
  vertex -0.0677251667 -0.039545428 0.0136026861
  endloop
 endfacet

 facet normal -0.701752365 0.384152412 -0.599975526
  outer loop
  vertex -0.0677862912 -0.0394500569 0.0137352366
  vertex -0.0677251667 -0.039545428 0.0136026861
  vertex -0.0677527711 -0.0395676568 0.0136207379
  endloop
 endfacet

 facet normal -0.73527652 0.353483021 -0.578288972
  outer loop
  vertex -0.0677862912 -0.0394500569 0.0137352366
  vertex -0.0677527711 -0.0395676568 0.0136207379
  vertex -0.0677803755 -0.0395913199 0.0136413686
  endloop
 endfacet

 facet normal -0.753189445 0.341892242 -0.561974645
  outer loop
  vertex -0.0677862912 -0.0394500569 0.0137352366
  vertex -0.0677803755 -0.0395913199 0.0136413686
  vertex -0.0678119212 -0.0394751541 0.0137543203
  endloop
 endfacet

 facet normal -0.801412821 0.307346582 -0.513103843
  outer loop
  vertex -0.0678119212 -0.0394751541 0.0137543203
  vertex -0.0678079799 -0.0396164171 0.0136635462
  vertex -0.0678355768 -0.0395024046 0.013774951
  endloop
 endfacet

 facet normal -0.756862521 0.338239372 -0.55924356
  outer loop
  vertex -0.0678119212 -0.0394751541 0.0137543203
  vertex -0.0677803755 -0.0395913199 0.0136413686
  vertex -0.0678079799 -0.0396164171 0.0136635462
  endloop
 endfacet

 facet normal -0.812011123 0.295314372 -0.503415763
  outer loop
  vertex -0.0678355768 -0.0395024046 0.013774951
  vertex -0.0678079799 -0.0396164171 0.0136635462
  vertex -0.0678592399 -0.0395296514 0.0137971276
  endloop
 endfacet

 facet normal -0.821853995 0.279089034 -0.496654212
  outer loop
  vertex -0.0678592399 -0.0395296514 0.0137971276
  vertex -0.0678079799 -0.0396164171 0.0136635462
  vertex -0.0678316355 -0.0396429487 0.0136877866
  endloop
 endfacet

 facet normal -0.886108994 0.191464514 -0.422080755
  outer loop
  vertex -0.0678592399 -0.0395296514 0.0137971276
  vertex -0.0678316355 -0.0396429487 0.0136877866
  vertex -0.0678769797 -0.0395583361 0.013821369
  endloop
 endfacet

 facet normal -0.89493078 0.231004402 -0.381753892
  outer loop
  vertex -0.0678592399 -0.0395296514 0.0137971276
  vertex -0.0678769797 -0.0395583361 0.013821369
  vertex -0.0679006428 -0.0394565091 0.0139384465
  endloop
 endfacet

 facet normal -0.929595232 0.163708359 -0.330230504
  outer loop
  vertex -0.0679006428 -0.0394565091 0.0139384465
  vertex -0.0678769797 -0.0395583361 0.013821369
  vertex -0.0679144412 -0.0394880623 0.0139616551
  endloop
 endfacet

 facet normal -0.93075043 0.160111591 -0.328737229
  outer loop
  vertex -0.0679144412 -0.0394880623 0.0139616551
  vertex -0.0678769797 -0.0395583361 0.013821369
  vertex -0.0678907856 -0.0395877324 0.0138461245
  endloop
 endfacet

 facet normal -0.930795074 0.1600108 -0.328659475
  outer loop
  vertex -0.0679144412 -0.0394880623 0.0139616551
  vertex -0.0678907856 -0.0395877324 0.0138461245
  vertex -0.0679282397 -0.0395196117 0.0139853805
  endloop
 endfacet

 facet normal -0.973246813 0.0699679404 -0.218849525
  outer loop
  vertex -0.0679282397 -0.0395196117 0.0139853805
  vertex -0.0679361299 -0.0395518802 0.014010136
  vertex -0.067945987 -0.0395067073 0.0140684173
  endloop
 endfacet

 facet normal -0.970630944 0.0930012092 -0.221870601
  outer loop
  vertex -0.0679282397 -0.0395196117 0.0139853805
  vertex -0.067945987 -0.0395067073 0.0140684173
  vertex -0.0679558441 -0.0394643992 0.0141292764
  endloop
 endfacet

 facet normal -0.936089039 0.142595917 -0.321564436
  outer loop
  vertex -0.0679282397 -0.0395196117 0.0139853805
  vertex -0.0678907856 -0.0395877324 0.0138461245
  vertex -0.0679045841 -0.0396178514 0.0138729447
  endloop
 endfacet

 facet normal -0.968142629 0.0480922088 -0.245737836
  outer loop
  vertex -0.0679282397 -0.0395196117 0.0139853805
  vertex -0.0679045841 -0.0396178514 0.0138729447
  vertex -0.0679361299 -0.0395518802 0.014010136
  endloop
 endfacet

 facet normal -0.986337304 0.00694653159 -0.164592117
  outer loop
  vertex -0.0679558441 -0.0394643992 0.0141292764
  vertex -0.067945987 -0.0395067073 0.0140684173
  vertex -0.0679597855 -0.0394988172 0.0141514549
  endloop
 endfacet

 facet normal -0.988420188 0.016010819 -0.150894806
  outer loop
  vertex -0.0679558441 -0.0394643992 0.0141292764
  vertex -0.0679597855 -0.0394988172 0.0141514549
  vertex -0.0679775327 -0.0394228064 0.014275752
  endloop
 endfacet

 facet normal -0.987700105 0.0272235703 -0.153971925
  outer loop
  vertex -0.0679558441 -0.0394643992 0.0141292764
  vertex -0.0679775327 -0.0394228064 0.014275752
  vertex -0.0679735914 -0.0393876731 0.0142566692
  endloop
 endfacet

 facet normal -0.989694536 0.035765741 -0.138656542
  outer loop
  vertex -0.0679735914 -0.0393876731 0.0142566692
  vertex -0.0679775327 -0.0394228064 0.014275752
  vertex -0.0679854155 -0.0393891074 0.0143407378
  endloop
 endfacet

 facet normal -0.994245946 -0.0481733605 -0.0956780761
  outer loop
  vertex -0.0679854155 -0.0393891074 0.0143407378
  vertex -0.0679775327 -0.0394228064 0.014275752
  vertex -0.0679854155 -0.0394249596 0.0143587897
  endloop
 endfacet

 facet normal -0.995353699 -0.0433007479 -0.0860004872
  outer loop
  vertex -0.0679854155 -0.0393891074 0.0143407378
  vertex -0.0679854155 -0.0394249596 0.0143587897
  vertex -0.0679992214 -0.0393668786 0.0144892763
  endloop
 endfacet

 facet normal -0.995570183 -0.0350029804 -0.0872623697
  outer loop
  vertex -0.0679854155 -0.0393891074 0.0143407378
  vertex -0.0679992214 -0.0393668786 0.0144892763
  vertex -0.0679992214 -0.0393295884 0.0144743202
  endloop
 endfacet

 facet normal -0.996776819 -0.0298665687 -0.0744573027
  outer loop
  vertex -0.0679992214 -0.0393295884 0.0144743202
  vertex -0.0679992214 -0.0393668786 0.0144892763
  vertex -0.0680051371 -0.0393044911 0.0145434309
  endloop
 endfacet

 facet normal -0.997236192 -0.0404409394 -0.0623258613
  outer loop
  vertex -0.0680051371 -0.0393044911 0.0145434309
  vertex -0.0679992214 -0.0393668786 0.0144892763
  vertex -0.0679854155 -0.0406332165 0.0150901359
  endloop
 endfacet

 facet normal -0.996936083 -0.0421344675 -0.0659019426
  outer loop
  vertex -0.0679854155 -0.0406332165 0.0150901359
  vertex -0.0679992214 -0.0393668786 0.0144892763
  vertex -0.0679854155 -0.0406138562 0.0150777576
  endloop
 endfacet

 facet normal -0.990870595 -0.0726207346 -0.1135851
  outer loop
  vertex -0.0679854155 -0.0406332165 0.0150901359
  vertex -0.0679854155 -0.0406138562 0.0150777576
  vertex -0.0679420456 -0.0396156982 0.0140611967
  endloop
 endfacet

 facet normal -0.988788724 -0.0832213238 -0.123980246
  outer loop
  vertex -0.0679854155 -0.0406332165 0.0150901359
  vertex -0.0679420456 -0.0396156982 0.0140611967
  vertex -0.0679854155 -0.0406439751 0.0150973564
  endloop
 endfacet

 facet normal -0.986853242 -0.0921588168 -0.13276872
  outer loop
  vertex -0.0679854155 -0.0406439751 0.0150973564
  vertex -0.0679420456 -0.0396156982 0.0140611967
  vertex -0.0679183826 -0.0396780856 0.0139286462
  endloop
 endfacet

 facet normal -0.985792577 -0.0972730219 -0.136934549
  outer loop
  vertex -0.0679854155 -0.0406439751 0.0150973564
  vertex -0.0679183826 -0.0396780856 0.0139286462
  vertex -0.067894727 -0.0397806242 0.0138311675
  endloop
 endfacet

 facet normal -0.984678864 -0.102962978 -0.140734449
  outer loop
  vertex -0.0679854155 -0.0406439751 0.0150973564
  vertex -0.067894727 -0.0397806242 0.0138311675
  vertex -0.0678730384 -0.039914716 0.0137775289
  endloop
 endfacet

 facet normal -0.981224895 -0.120839715 -0.150317967
  outer loop
  vertex -0.0679854155 -0.0406439751 0.0150973564
  vertex -0.0678730384 -0.039914716 0.0137775289
  vertex -0.0679854155 -0.0406683534 0.0151169552
  endloop
 endfacet

 facet normal -0.980097771 -0.126198784 -0.153238729
  outer loop
  vertex -0.0679854155 -0.0406683534 0.0151169552
  vertex -0.0678730384 -0.039914716 0.0137775289
  vertex -0.0678217784 -0.0401456133 0.0136398217
  endloop
 endfacet

 facet normal -0.979100645 -0.119010977 -0.164919421
  outer loop
  vertex -0.0678217784 -0.0401456133 0.0136398217
  vertex -0.0678730384 -0.039914716 0.0137775289
  vertex -0.067843467 -0.0400050655 0.013667156
  endloop
 endfacet

 facet normal -0.967351437 -0.104353979 -0.230957538
  outer loop
  vertex -0.0678217784 -0.0401456133 0.0136398217
  vertex -0.067843467 -0.0400050655 0.013667156
  vertex -0.0678079799 -0.0401068889 0.0135645214
  endloop
 endfacet

 facet normal -0.967236698 -0.104872927 -0.231203347
  outer loop
  vertex -0.0678217784 -0.0401456133 0.0136398217
  vertex -0.0678079799 -0.0401068889 0.0135645214
  vertex -0.0669463947 -0.0440235101 0.0117366705
  endloop
 endfacet

 facet normal -0.976043403 -0.137624368 -0.168519124
  outer loop
  vertex -0.0678217784 -0.0401456133 0.0136398217
  vertex -0.0669463947 -0.0440235101 0.0117366705
  vertex -0.0669424534 -0.0440514758 0.0117366705
  endloop
 endfacet

 facet normal -0.953179121 -0.302406311 -0.000200937735
  outer loop
  vertex -0.0666900873 -0.0451751202 0.0117366705
  vertex -0.0666782632 -0.0452124067 0.0117366705
  vertex -0.0666920617 -0.0451708175 0.0146120265
  endloop
 endfacet

 facet normal -0.949109137 -0.314947695 0
  outer loop
  vertex -0.0666920617 -0.0451708175 0.0146120265
  vertex -0.0666782632 -0.0452124067 0.0117366705
  vertex -0.0666782632 -0.0452124067 0.0146532878
  endloop
 endfacet

 facet normal -0.94744885 -0.319907486 0
  outer loop
  vertex -0.0666782632 -0.0452124067 0.0146532878
  vertex -0.0666782632 -0.0452124067 0.0117366705
  vertex -0.0666644573 -0.0452532806 0.0117366705
  endloop
 endfacet

 facet normal -0.94744885 -0.319907486 0
  outer loop
  vertex -0.0666782632 -0.0452124067 0.0146532878
  vertex -0.0666644573 -0.0452532806 0.0117366705
  vertex -0.0666644573 -0.0452532806 0.0146522569
  endloop
 endfacet

 facet normal -0.911948621 -0.410304487 0
  outer loop
  vertex -0.0666644573 -0.0452532806 0.0146522569
  vertex -0.0666644573 -0.0452532806 0.0117366705
  vertex -0.0666467175 -0.0452927202 0.0146120265
  endloop
 endfacet

 facet normal -0.893350959 -0.447166681 0.0443406068
  outer loop
  vertex -0.0666644573 -0.0452532806 0.0146522569
  vertex -0.0666467175 -0.0452927202 0.0146120265
  vertex -0.0666447431 -0.0452927202 0.0146517409
  endloop
 endfacet

 facet normal -0.889029741 -0.445791781 0.104382664
  outer loop
  vertex -0.0666644573 -0.0452532806 0.0146522569
  vertex -0.0666447431 -0.0452927202 0.0146517409
  vertex -0.0666408017 -0.045291286 0.0146914534
  endloop
 endfacet

 facet normal -0.900150657 -0.410690397 0.145128101
  outer loop
  vertex -0.0666644573 -0.0452532806 0.0146522569
  vertex -0.0666408017 -0.045291286 0.0146914534
  vertex -0.0666585416 -0.0452518463 0.0146930013
  endloop
 endfacet

 facet normal -0.89215225 -0.408928484 0.191942543
  outer loop
  vertex -0.0666585416 -0.0452518463 0.0146930013
  vertex -0.0666408017 -0.045291286 0.0146914534
  vertex -0.0666506588 -0.0452504121 0.0147327147
  endloop
 endfacet

 facet normal -0.889271677 -0.412959069 0.196623489
  outer loop
  vertex -0.0666506588 -0.0452504121 0.0147327147
  vertex -0.0666408017 -0.045291286 0.0146914534
  vertex -0.0666329116 -0.0452898517 0.0147301359
  endloop
 endfacet

 facet normal -0.846888483 -0.496257484 0.191072077
  outer loop
  vertex -0.0666329116 -0.0452898517 0.0147301359
  vertex -0.0666408017 -0.045291286 0.0146914534
  vertex -0.0666191131 -0.0453292876 0.0146888746
  endloop
 endfacet

 facet normal -0.817452371 -0.527671039 0.230943963
  outer loop
  vertex -0.0666329116 -0.0452898517 0.0147301359
  vertex -0.0666191131 -0.0453292876 0.0146888746
  vertex -0.066609256 -0.0453278571 0.0147270411
  endloop
 endfacet

 facet normal -0.811179519 -0.525803566 0.255965829
  outer loop
  vertex -0.0666329116 -0.0452898517 0.0147301359
  vertex -0.066609256 -0.0453278571 0.0147270411
  vertex -0.0665993989 -0.0453249849 0.0147641758
  endloop
 endfacet

 facet normal -0.822088897 -0.462527931 0.332020819
  outer loop
  vertex -0.0666329116 -0.0452898517 0.0147301359
  vertex -0.0665993989 -0.0453249849 0.0147641758
  vertex -0.0666191131 -0.0452869833 0.0147683024
  endloop
 endfacet

 facet normal -0.848285377 -0.408128709 0.337406129
  outer loop
  vertex -0.0666329116 -0.0452898517 0.0147301359
  vertex -0.0666191131 -0.0452869833 0.0147683024
  vertex -0.0666368604 -0.0452475436 0.0147713963
  endloop
 endfacet

 facet normal -0.819143116 -0.461877763 0.340108007
  outer loop
  vertex -0.0666191131 -0.0452869833 0.0147683024
  vertex -0.0665993989 -0.0453249849 0.0147641758
  vertex -0.0666053146 -0.0452841148 0.0148054361
  endloop
 endfacet

 facet normal -0.843627572 -0.411176056 0.345292389
  outer loop
  vertex -0.0666191131 -0.0452869833 0.0147683024
  vertex -0.0666053146 -0.0452841148 0.0148054361
  vertex -0.0666230544 -0.0452446751 0.0148090469
  endloop
 endfacet

 facet normal -0.812169075 -0.468510091 0.347677588
  outer loop
  vertex -0.0666053146 -0.0452841148 0.0148054361
  vertex -0.0665993989 -0.0453249849 0.0147641758
  vertex -0.0665855929 -0.0453221202 0.0148002794
  endloop
 endfacet

 facet normal -0.79135102 -0.46447438 0.397526354
  outer loop
  vertex -0.0666053146 -0.0452841148 0.0148054361
  vertex -0.0665855929 -0.0453221202 0.0148002794
  vertex -0.0665895417 -0.0452805273 0.0148410238
  endloop
 endfacet

 facet normal -0.749046147 -0.498512805 0.436365485
  outer loop
  vertex -0.0665895417 -0.0452805273 0.0148410238
  vertex -0.0665855929 -0.0453221202 0.0148002794
  vertex -0.0665678531 -0.0453185327 0.0148348352
  endloop
 endfacet

 facet normal -0.739460647 -0.496089339 0.455075085
  outer loop
  vertex -0.0665895417 -0.0452805273 0.0148410238
  vertex -0.0665678531 -0.0453185327 0.0148348352
  vertex -0.0665501058 -0.04531423 0.0148683591
  endloop
 endfacet

 facet normal -0.701417208 -0.558409452 0.44293654
  outer loop
  vertex -0.0665501058 -0.04531423 0.0148683591
  vertex -0.0665678531 -0.0453185327 0.0148348352
  vertex -0.06654419 -0.0453543887 0.0148270987
  endloop
 endfacet

 facet normal -0.683923185 -0.569384396 0.456125736
  outer loop
  vertex -0.0665501058 -0.04531423 0.0148683591
  vertex -0.06654419 -0.0453543887 0.0148270987
  vertex -0.0665264502 -0.0453500859 0.0148590757
  endloop
 endfacet

 facet normal -0.649241924 -0.561292648 0.513259828
  outer loop
  vertex -0.0665501058 -0.04531423 0.0148683591
  vertex -0.0665264502 -0.0453500859 0.0148590757
  vertex -0.066506736 -0.0453450643 0.0148895057
  endloop
 endfacet

 facet normal -0.64790529 -0.549985111 0.527005851
  outer loop
  vertex -0.0665501058 -0.04531423 0.0148683591
  vertex -0.066506736 -0.0453450643 0.0148895057
  vertex -0.0665264502 -0.0453084931 0.0149034308
  endloop
 endfacet

 facet normal -0.690549552 -0.476870149 0.543816328
  outer loop
  vertex -0.0665501058 -0.04531423 0.0148683591
  vertex -0.0665264502 -0.0453084931 0.0149034308
  vertex -0.0665481389 -0.0452712066 0.0149085885
  endloop
 endfacet

 facet normal -0.612805068 -0.54740572 0.569927096
  outer loop
  vertex -0.0665264502 -0.0453084931 0.0149034308
  vertex -0.066506736 -0.0453450643 0.0148895057
  vertex -0.0664830729 -0.0453414805 0.0149183879
  endloop
 endfacet

 facet normal -0.604209661 -0.521248341 0.602686346
  outer loop
  vertex -0.0665264502 -0.0453084931 0.0149034308
  vertex -0.0664830729 -0.0453414805 0.0149183879
  vertex -0.0665027872 -0.0453049093 0.0149302511
  endloop
 endfacet

 facet normal -0.556055963 -0.512132585 0.654615879
  outer loop
  vertex -0.0665027872 -0.0453049093 0.0149302511
  vertex -0.0664830729 -0.0453414805 0.0149183879
  vertex -0.0664574429 -0.0453350246 0.0149452081
  endloop
 endfacet

 facet normal -0.556047142 -0.512104928 0.654645085
  outer loop
  vertex -0.0665027872 -0.0453049093 0.0149302511
  vertex -0.0664574429 -0.0453350246 0.0149452081
  vertex -0.0664771572 -0.0452984534 0.0149570704
  endloop
 endfacet

 facet normal -0.497718453 -0.498532861 0.709747434
  outer loop
  vertex -0.0664771572 -0.0452984534 0.0149570704
  vertex -0.0664574429 -0.0453350246 0.0149452081
  vertex -0.0664475858 -0.0452920012 0.0149823418
  endloop
 endfacet

 facet normal -0.46222648 -0.516325176 0.720940351
  outer loop
  vertex -0.0664475858 -0.0452920012 0.0149823418
  vertex -0.0664574429 -0.0453350246 0.0149452081
  vertex -0.0664002672 -0.0453221202 0.0149911102
  endloop
 endfacet

 facet normal -0.437974542 -0.463929832 0.770030856
  outer loop
  vertex -0.0664475858 -0.0452920012 0.0149823418
  vertex -0.0664002672 -0.0453221202 0.0149911102
  vertex -0.0664160401 -0.0452841148 0.0150050353
  endloop
 endfacet

 facet normal -0.436677307 -0.562474906 0.702093244
  outer loop
  vertex -0.0664002672 -0.0453221202 0.0149911102
  vertex -0.0664574429 -0.0453350246 0.0149452081
  vertex -0.0664081573 -0.0453629941 0.0149534596
  endloop
 endfacet

 facet normal -0.410517663 -0.573680162 0.708778083
  outer loop
  vertex -0.0664002672 -0.0453221202 0.0149911102
  vertex -0.0664081573 -0.0453629941 0.0149534596
  vertex -0.0663805529 -0.0453572534 0.0149740903
  endloop
 endfacet

 facet normal -0.334137946 -0.556110084 0.760981977
  outer loop
  vertex -0.0664002672 -0.0453221202 0.0149911102
  vertex -0.0663805529 -0.0453572534 0.0149740903
  vertex -0.0663490072 -0.0453508012 0.0149926571
  endloop
 endfacet

 facet normal -0.325919569 -0.540636063 0.77555728
  outer loop
  vertex -0.0664002672 -0.0453221202 0.0149911102
  vertex -0.0663490072 -0.0453508012 0.0149926571
  vertex -0.066366747 -0.045314949 0.015010193
  endloop
 endfacet

 facet normal -0.350856245 -0.487639666 0.799441993
  outer loop
  vertex -0.0664002672 -0.0453221202 0.0149911102
  vertex -0.066366747 -0.045314949 0.015010193
  vertex -0.0663844943 -0.0452776626 0.01502515
  endloop
 endfacet

 facet normal -0.318699688 -0.479605764 0.817562759
  outer loop
  vertex -0.0663844943 -0.0452776626 0.01502515
  vertex -0.066366747 -0.045314949 0.015010193
  vertex -0.0663352087 -0.0453077778 0.0150266979
  endloop
 endfacet

 facet normal -0.302244306 -0.451546371 0.839496493
  outer loop
  vertex -0.0663844943 -0.0452776626 0.01502515
  vertex -0.0663352087 -0.0453077778 0.0150266979
  vertex -0.0663490072 -0.0452697724 0.01504217
  endloop
 endfacet

 facet normal -0.264223129 -0.444439977 0.855955124
  outer loop
  vertex -0.0663490072 -0.0452697724 0.01504217
  vertex -0.0663352087 -0.0453077778 0.0150266979
  vertex -0.066315487 -0.045261886 0.015056612
  endloop
 endfacet

 facet normal -0.249805972 -0.451162875 0.856766641
  outer loop
  vertex -0.066315487 -0.045261886 0.015056612
  vertex -0.0663352087 -0.0453077778 0.0150266979
  vertex -0.0663016886 -0.0452998914 0.015040623
  endloop
 endfacet

 facet normal -0.173098907 -0.434677601 0.883794248
  outer loop
  vertex -0.066315487 -0.045261886 0.015056612
  vertex -0.0663016886 -0.0452998914 0.015040623
  vertex -0.0662662014 -0.0452920012 0.0150514534
  endloop
 endfacet

 facet normal -0.167739272 -0.426742524 0.888681293
  outer loop
  vertex -0.066315487 -0.045261886 0.015056612
  vertex -0.0662662014 -0.0452920012 0.0150514534
  vertex -0.0662799999 -0.0452532806 0.0150674423
  endloop
 endfacet

 facet normal -0.14209725 -0.420638055 0.89603132
  outer loop
  vertex -0.0662799999 -0.0452532806 0.0150674423
  vertex -0.0662662014 -0.0452920012 0.0150514534
  vertex -0.0588924848 -0.0436212346 0.0170051493
  endloop
 endfacet

 facet normal -0.117654115 -0.49045819 0.863486171
  outer loop
  vertex -0.0588924848 -0.0436212346 0.0170051493
  vertex -0.0662662014 -0.0452920012 0.0150514534
  vertex -0.0587998219 -0.0436434634 0.0170051493
  endloop
 endfacet

 facet normal 0.158035338 -0.961507916 0.224783227
  outer loop
  vertex -0.0573999994 -0.0435746275 0.0170051493
  vertex -0.0576050431 -0.0436083265 0.0170051493
  vertex -0.0653356165 -0.0453701615 0.0149039468
  endloop
 endfacet

 facet normal 0.176624566 -0.970772505 0.162494138
  outer loop
  vertex -0.0573999994 -0.0435746275 0.0170051493
  vertex -0.0653356165 -0.0453701615 0.0149039468
  vertex -0.0653277263 -0.0453687273 0.0149039468
  endloop
 endfacet

 facet normal 0.176824242 -0.971869886 0.155570358
  outer loop
  vertex -0.0653277263 -0.0453687273 0.0149039468
  vertex -0.0653356165 -0.0453701615 0.0149039468
  vertex -0.0661143884 -0.0455451272 0.0146960961
  endloop
 endfacet

 facet normal 0.182617709 -0.973829031 0.135306209
  outer loop
  vertex -0.0653277263 -0.0453687273 0.0149039468
  vertex -0.0661143884 -0.0455451272 0.0146960961
  vertex -0.0661025569 -0.045548711 0.0146543197
  endloop
 endfacet

 facet normal 0.149468958 -0.980640531 0.126504034
  outer loop
  vertex -0.0661025569 -0.045548711 0.0146543197
  vertex -0.0661143884 -0.0455451272 0.0146960961
  vertex -0.0661538169 -0.0455537327 0.0146759814
  endloop
 endfacet

 facet normal 0.147564098 -0.981525183 0.121791184
  outer loop
  vertex -0.0661025569 -0.045548711 0.0146543197
  vertex -0.0661538169 -0.0455537327 0.0146759814
  vertex -0.0661301613 -0.0455551669 0.014635752
  endloop
 endfacet

 facet normal 0.136929944 -0.983810306 0.115618654
  outer loop
  vertex -0.0661301613 -0.0455551669 0.014635752
  vertex -0.0661538169 -0.0455537327 0.0146759814
  vertex -0.0661656484 -0.0455573164 0.0146594765
  endloop
 endfacet

 facet normal 0.104773633 -0.992253423 0.0667519197
  outer loop
  vertex -0.0661301613 -0.0455551669 0.014635752
  vertex -0.0661656484 -0.0455573164 0.0146594765
  vertex -0.0661735386 -0.0455594696 0.0146398777
  endloop
 endfacet

 facet normal 0.0994185358 -0.995016992 0.00756486366
  outer loop
  vertex -0.0661301613 -0.0455551669 0.014635752
  vertex -0.0661735386 -0.0455594696 0.0146398777
  vertex -0.066136077 -0.0455558822 0.014619248
  endloop
 endfacet

 facet normal 0.120252863 -0.992743254 0
  outer loop
  vertex -0.0661301613 -0.0455551669 0.014635752
  vertex -0.066136077 -0.0455558822 0.014619248
  vertex -0.066136077 -0.0455558822 0.0117366705
  endloop
 endfacet

 facet normal 0.0952938944 -0.995449245 0
  outer loop
  vertex -0.066136077 -0.0455558822 0.0117366705
  vertex -0.066136077 -0.0455558822 0.014619248
  vertex -0.0661735386 -0.0455594696 0.0146398777
  endloop
 endfacet

 facet normal 0.0952938944 -0.995449245 0
  outer loop
  vertex -0.066136077 -0.0455558822 0.0117366705
  vertex -0.0661735386 -0.0455594696 0.0146398777
  vertex -0.0661735386 -0.0455594696 0.0117366705
  endloop
 endfacet

 facet normal -0.328598619 0.309773594 -0.892223835
  outer loop
  vertex -0.0668004975 -0.0436018743 0.0117366705
  vertex -0.0668241605 -0.0436269715 0.0117366705
  vertex -0.0675142109 -0.0399053954 0.0132829165
  endloop
 endfacet

 facet normal -0.375860989 0.295258254 -0.878379762
  outer loop
  vertex -0.0675142109 -0.0399053954 0.0132829165
  vertex -0.0668241605 -0.0436269715 0.0117366705
  vertex -0.0668478161 -0.0436570905 0.0117366705
  endloop
 endfacet

 facet normal -0.398111194 0.28821665 -0.870883822
  outer loop
  vertex -0.0675142109 -0.0399053954 0.0132829165
  vertex -0.0668478161 -0.0436570905 0.0117366705
  vertex -0.0675516725 -0.0399197377 0.0132952947
  endloop
 endfacet

 facet normal -0.411449909 0.347470164 -0.842599332
  outer loop
  vertex -0.0675142109 -0.0399053954 0.0132829165
  vertex -0.0675516725 -0.0399197377 0.0132952947
  vertex -0.0675516725 -0.0397583954 0.0133618275
  endloop
 endfacet

 facet normal -0.333279967 0.458412647 -0.823882461
  outer loop
  vertex -0.0675516725 -0.0397583954 0.0133618275
  vertex -0.0675477311 -0.039603509 0.013446412
  vertex -0.0675102696 -0.039744053 0.0133530591
  endloop
 endfacet

 facet normal -0.422407478 0.345553875 -0.837952554
  outer loop
  vertex -0.0675516725 -0.0397583954 0.0133618275
  vertex -0.0675516725 -0.0399197377 0.0132952947
  vertex -0.067589134 -0.039774172 0.0133742057
  endloop
 endfacet

 facet normal -0.438981056 0.418583632 -0.795036793
  outer loop
  vertex -0.0675516725 -0.0397583954 0.0133618275
  vertex -0.067589134 -0.039774172 0.0133742057
  vertex -0.0676246211 -0.0396350622 0.0134670418
  endloop
 endfacet

 facet normal -0.428848445 0.425953627 -0.796650827
  outer loop
  vertex -0.0675516725 -0.0397583954 0.0133618275
  vertex -0.0676246211 -0.0396350622 0.0134670418
  vertex -0.0675871596 -0.0396185666 0.0134556955
  endloop
 endfacet

 facet normal -0.364619553 0.453430295 -0.813297987
  outer loop
  vertex -0.0675516725 -0.0397583954 0.0133618275
  vertex -0.0675871596 -0.0396185666 0.0134556955
  vertex -0.0675477311 -0.039603509 0.013446412
  endloop
 endfacet

 facet normal -0.378185332 0.516892493 -0.767983079
  outer loop
  vertex -0.0675477311 -0.039603509 0.013446412
  vertex -0.0675871596 -0.0396185666 0.0134556955
  vertex -0.0675832182 -0.0394708514 0.0135531733
  endloop
 endfacet

 facet normal -0.394584388 0.513411403 -0.762044609
  outer loop
  vertex -0.0675832182 -0.0394708514 0.0135531733
  vertex -0.0675871596 -0.0396185666 0.0134556955
  vertex -0.0676206797 -0.039486628 0.0135619417
  endloop
 endfacet

 facet normal -0.4080275 0.574520528 -0.709534883
  outer loop
  vertex -0.0675832182 -0.0394708514 0.0135531733
  vertex -0.0676206797 -0.039486628 0.0135619417
  vertex -0.0676167309 -0.0393475145 0.0136723146
  endloop
 endfacet

 facet normal -0.350103796 0.599843681 -0.719454646
  outer loop
  vertex -0.0675832182 -0.0394708514 0.0135531733
  vertex -0.0676167309 -0.0393475145 0.0136723146
  vertex -0.0675792694 -0.0393324569 0.013666641
  endloop
 endfacet

 facet normal -0.427785724 0.569211662 -0.702137828
  outer loop
  vertex -0.0676167309 -0.0393475145 0.0136723146
  vertex -0.0676206797 -0.039486628 0.0135619417
  vertex -0.067652218 -0.0393640101 0.0136805661
  endloop
 endfacet

 facet normal -0.465050638 0.551005363 -0.692907691
  outer loop
  vertex -0.067652218 -0.0393640101 0.0136805661
  vertex -0.0676581338 -0.0395045541 0.013572773
  vertex -0.0676896796 -0.0393826514 0.0136908814
  endloop
 endfacet

 facet normal -0.464248985 0.551240563 -0.693258166
  outer loop
  vertex -0.067652218 -0.0393640101 0.0136805661
  vertex -0.0676206797 -0.039486628 0.0135619417
  vertex -0.0676581338 -0.0395045541 0.013572773
  endloop
 endfacet

 facet normal -0.577268064 0.486219019 -0.656012714
  outer loop
  vertex -0.0676896796 -0.0393826514 0.0136908814
  vertex -0.0676581338 -0.0395045541 0.013572773
  vertex -0.0676896796 -0.0395239145 0.0135861821
  endloop
 endfacet

 facet normal -0.58478725 0.48302263 -0.651700139
  outer loop
  vertex -0.0676896796 -0.0393826514 0.0136908814
  vertex -0.0676896796 -0.0395239145 0.0135861821
  vertex -0.0677212253 -0.039403446 0.0137037756
  endloop
 endfacet

 facet normal -0.624805331 0.464296788 -0.627731442
  outer loop
  vertex -0.0677212253 -0.039403446 0.0137037756
  vertex -0.0677251667 -0.039545428 0.0136026861
  vertex -0.0677527711 -0.0394256748 0.0137187326
  endloop
 endfacet

 facet normal -0.591738403 0.478399873 -0.648829103
  outer loop
  vertex -0.0677212253 -0.039403446 0.0137037756
  vertex -0.0676896796 -0.0395239145 0.0135861821
  vertex -0.0677251667 -0.039545428 0.0136026861
  endloop
 endfacet

 facet normal -0.58004868 0.422656953 -0.696350932
  outer loop
  vertex -0.0677251667 -0.039545428 0.0136026861
  vertex -0.0676896796 -0.0395239145 0.0135861821
  vertex -0.0676936284 -0.0396737829 0.0134985037
  endloop
 endfacet

 facet normal -0.692212343 0.344578683 -0.63411963
  outer loop
  vertex -0.0677251667 -0.039545428 0.0136026861
  vertex -0.0676936284 -0.0396737829 0.0134985037
  vertex -0.0677527711 -0.0395676568 0.0136207379
  endloop
 endfacet

 facet normal -0.729295909 0.326446593 -0.601298749
  outer loop
  vertex -0.0677527711 -0.0395676568 0.0136207379
  vertex -0.0677527711 -0.0397168063 0.0135397641
  vertex -0.0677803755 -0.0395913199 0.0136413686
  endloop
 endfacet

 facet normal -0.692579985 0.344168186 -0.633941054
  outer loop
  vertex -0.0677527711 -0.0395676568 0.0136207379
  vertex -0.0676936284 -0.0396737829 0.0134985037
  vertex -0.0677527711 -0.0397168063 0.0135397641
  endloop
 endfacet

 facet normal -0.750275791 0.308443755 -0.584763885
  outer loop
  vertex -0.0677803755 -0.0395913199 0.0136413686
  vertex -0.0677527711 -0.0397168063 0.0135397641
  vertex -0.0678079799 -0.0396164171 0.0136635462
  endloop
 endfacet

 facet normal -0.798650146 0.240833804 -0.551504374
  outer loop
  vertex -0.0678079799 -0.0396164171 0.0136635462
  vertex -0.0677527711 -0.0397168063 0.0135397641
  vertex -0.0677764341 -0.0397397503 0.0135640055
  endloop
 endfacet

 facet normal -0.809916973 0.228748411 -0.540100574
  outer loop
  vertex -0.0678079799 -0.0396164171 0.0136635462
  vertex -0.0677764341 -0.0397397503 0.0135640055
  vertex -0.0678316355 -0.0396429487 0.0136877866
  endloop
 endfacet

 facet normal -0.81397295 0.222148284 -0.536747813
  outer loop
  vertex -0.0678316355 -0.0396429487 0.0136877866
  vertex -0.0677764341 -0.0397397503 0.0135640055
  vertex -0.0678000897 -0.0397641324 0.0135897929
  endloop
 endfacet

 facet normal -0.84692663 0.183176309 -0.499161005
  outer loop
  vertex -0.0678316355 -0.0396429487 0.0136877866
  vertex -0.0678000897 -0.0397641324 0.0135897929
  vertex -0.0678217784 -0.0397885144 0.0136176432
  endloop
 endfacet

 facet normal -0.883914351 0.153072879 -0.441887081
  outer loop
  vertex -0.0678316355 -0.0396429487 0.0136877866
  vertex -0.0678217784 -0.0397885144 0.0136176432
  vertex -0.0678493828 -0.0396694802 0.01371409
  endloop
 endfacet

 facet normal -0.890387416 0.181717843 -0.417359442
  outer loop
  vertex -0.0678316355 -0.0396429487 0.0136877866
  vertex -0.0678493828 -0.0396694802 0.01371409
  vertex -0.0678769797 -0.0395583361 0.013821369
  endloop
 endfacet

 facet normal -0.925624728 0.137690872 -0.352505565
  outer loop
  vertex -0.0678769797 -0.0395583361 0.013821369
  vertex -0.0678671226 -0.0396967269 0.0137414262
  vertex -0.0678907856 -0.0395877324 0.0138461245
  endloop
 endfacet

 facet normal -0.895864964 0.172675818 -0.409400791
  outer loop
  vertex -0.0678769797 -0.0395583361 0.013821369
  vertex -0.0678493828 -0.0396694802 0.01371409
  vertex -0.0678671226 -0.0396967269 0.0137414262
  endloop
 endfacet

 facet normal -0.932149887 0.124319874 -0.340060383
  outer loop
  vertex -0.0678907856 -0.0395877324 0.0138461245
  vertex -0.0678671226 -0.0396967269 0.0137414262
  vertex -0.0679045841 -0.0396178514 0.0138729447
  endloop
 endfacet

 facet normal -0.97003144 0.0359052867 -0.240311921
  outer loop
  vertex -0.0679361299 -0.0395518802 0.014010136
  vertex -0.0679045841 -0.0396178514 0.0138729447
  vertex -0.0679124668 -0.0396479666 0.01390028
  endloop
 endfacet

 facet normal -0.978200257 -0.00346533931 -0.207635388
  outer loop
  vertex -0.0679361299 -0.0395518802 0.014010136
  vertex -0.0679124668 -0.0396479666 0.01390028
  vertex -0.0679183826 -0.0396780856 0.0139286462
  endloop
 endfacet

 facet normal -0.983277261 -0.0214785598 -0.180843875
  outer loop
  vertex -0.0679361299 -0.0395518802 0.014010136
  vertex -0.0679183826 -0.0396780856 0.0139286462
  vertex -0.0679400712 -0.0395841487 0.0140354093
  endloop
 endfacet

 facet normal -0.986447811 -0.00781194679 -0.163889334
  outer loop
  vertex -0.0679361299 -0.0395518802 0.014010136
  vertex -0.0679400712 -0.0395841487 0.0140354093
  vertex -0.0679499283 -0.0395404063 0.0140926577
  endloop
 endfacet

 facet normal -0.986364007 -0.00294464221 -0.164551988
  outer loop
  vertex -0.0679361299 -0.0395518802 0.014010136
  vertex -0.0679499283 -0.0395404063 0.0140926577
  vertex -0.067945987 -0.0395067073 0.0140684173
  endloop
 endfacet

 facet normal -0.986501217 -0.00234242249 -0.163737029
  outer loop
  vertex -0.067945987 -0.0395067073 0.0140684173
  vertex -0.0679499283 -0.0395404063 0.0140926577
  vertex -0.0679597855 -0.0394988172 0.0141514549
  endloop
 endfacet

 facet normal -0.96485877 0.0145329554 -0.262366682
  outer loop
  vertex -0.0679045841 -0.0396178514 0.0138729447
  vertex -0.0678868368 -0.0397526585 0.0138002224
  vertex -0.0679124668 -0.0396479666 0.01390028
  endloop
 endfacet

 facet normal -0.954871416 0.0377481878 -0.294611067
  outer loop
  vertex -0.0679045841 -0.0396178514 0.0138729447
  vertex -0.0678671226 -0.0396967269 0.0137414262
  vertex -0.0678533241 -0.0398387052 0.0136785042
  endloop
 endfacet

 facet normal -0.958886147 0.0262216311 -0.282577038
  outer loop
  vertex -0.0679045841 -0.0396178514 0.0138729447
  vertex -0.0678533241 -0.0398387052 0.0136785042
  vertex -0.0678868368 -0.0397526585 0.0138002224
  endloop
 endfacet

 facet normal -0.990114927 -0.0487593636 -0.131509885
  outer loop
  vertex -0.0679597855 -0.0394988172 0.0141514549
  vertex -0.0679499283 -0.0395404063 0.0140926577
  vertex -0.0679420456 -0.0396156982 0.0140611967
  endloop
 endfacet

 facet normal -0.991869211 -0.0670548975 -0.108162634
  outer loop
  vertex -0.0679597855 -0.0394988172 0.0141514549
  vertex -0.0679420456 -0.0396156982 0.0140611967
  vertex -0.0679854155 -0.0406138562 0.0150777576
  endloop
 endfacet

 facet normal -0.992460489 -0.0640146881 -0.10451933
  outer loop
  vertex -0.0679597855 -0.0394988172 0.0141514549
  vertex -0.0679854155 -0.0406138562 0.0150777576
  vertex -0.0679775327 -0.0394586623 0.0142953517
  endloop
 endfacet

 facet normal -0.992648005 -0.0580559 -0.106205329
  outer loop
  vertex -0.0679597855 -0.0394988172 0.0141514549
  vertex -0.0679775327 -0.0394586623 0.0142953517
  vertex -0.0679775327 -0.0394228064 0.014275752
  endloop
 endfacet

 facet normal -0.994026423 -0.0523490384 -0.0957654044
  outer loop
  vertex -0.0679775327 -0.0394228064 0.014275752
  vertex -0.0679775327 -0.0394586623 0.0142953517
  vertex -0.0679854155 -0.0394249596 0.0143587897
  endloop
 endfacet

 facet normal -0.994009078 -0.0565588735 -0.0935266986
  outer loop
  vertex -0.0679854155 -0.0394249596 0.0143587897
  vertex -0.0679775327 -0.0394586623 0.0142953517
  vertex -0.0679854155 -0.0406138562 0.0150777576
  endloop
 endfacet

 facet normal -0.995291352 -0.0501577668 -0.0829417259
  outer loop
  vertex -0.0679854155 -0.0394249596 0.0143587897
  vertex -0.0679854155 -0.0406138562 0.0150777576
  vertex -0.0679992214 -0.0393668786 0.0144892763
  endloop
 endfacet

 facet normal -0.98983252 -0.0476866476 -0.134006262
  outer loop
  vertex -0.0679420456 -0.0396156982 0.0140611967
  vertex -0.0679499283 -0.0395404063 0.0140926577
  vertex -0.0679400712 -0.0395841487 0.0140354093
  endloop
 endfacet

 facet normal -0.987166286 -0.0594640598 -0.148212224
  outer loop
  vertex -0.0679420456 -0.0396156982 0.0140611967
  vertex -0.0679400712 -0.0395841487 0.0140354093
  vertex -0.0679183826 -0.0396780856 0.0139286462
  endloop
 endfacet

 facet normal -0.975345254 -0.0157847926 -0.220119566
  outer loop
  vertex -0.0679183826 -0.0396780856 0.0139286462
  vertex -0.0679124668 -0.0396479666 0.01390028
  vertex -0.067894727 -0.0397806242 0.0138311675
  endloop
 endfacet

 facet normal -0.968884587 -0.000649697438 -0.247512043
  outer loop
  vertex -0.067894727 -0.0397806242 0.0138311675
  vertex -0.0679124668 -0.0396479666 0.01390028
  vertex -0.0678868368 -0.0397526585 0.0138002224
  endloop
 endfacet

 facet normal -0.968157411 -0.00395226572 -0.250311345
  outer loop
  vertex -0.067894727 -0.0397806242 0.0138311675
  vertex -0.0678868368 -0.0397526585 0.0138002224
  vertex -0.0678631812 -0.0398645215 0.0137104811
  endloop
 endfacet

 facet normal -0.976239204 -0.0741832182 -0.203602165
  outer loop
  vertex -0.067894727 -0.0397806242 0.0138311675
  vertex -0.0678631812 -0.0398645215 0.0137104811
  vertex -0.067843467 -0.0400050655 0.013667156
  endloop
 endfacet

 facet normal -0.977204919 -0.079269357 -0.196943834
  outer loop
  vertex -0.067894727 -0.0397806242 0.0138311675
  vertex -0.067843467 -0.0400050655 0.013667156
  vertex -0.0678730384 -0.039914716 0.0137775289
  endloop
 endfacet

 facet normal -0.965641499 -0.0573221855 -0.253477097
  outer loop
  vertex -0.067843467 -0.0400050655 0.013667156
  vertex -0.0678631812 -0.0398645215 0.0137104811
  vertex -0.0678355768 -0.0399828367 0.0136320842
  endloop
 endfacet

 facet normal -0.962466598 -0.0715693831 -0.261793584
  outer loop
  vertex -0.067843467 -0.0400050655 0.013667156
  vertex -0.0678355768 -0.0399828367 0.0136320842
  vertex -0.0678079799 -0.0401068889 0.0135645214
  endloop
 endfacet

 facet normal -0.951921642 -0.046930071 -0.302725613
  outer loop
  vertex -0.0678079799 -0.0401068889 0.0135645214
  vertex -0.0678355768 -0.0399828367 0.0136320842
  vertex -0.0678257197 -0.0399598926 0.0135975294
  endloop
 endfacet

 facet normal -0.926629901 -0.0276577622 -0.374956131
  outer loop
  vertex -0.0678079799 -0.0401068889 0.0135645214
  vertex -0.0678257197 -0.0399598926 0.0135975294
  vertex -0.067794174 -0.0400868133 0.0135289337
  endloop
 endfacet

 facet normal -0.926452518 -0.0284512937 -0.375335038
  outer loop
  vertex -0.0678079799 -0.0401068889 0.0135645214
  vertex -0.067794174 -0.0400868133 0.0135289337
  vertex -0.0669483691 -0.0439847894 0.0117366705
  endloop
 endfacet

 facet normal -0.939126909 -0.0478085503 -0.340227991
  outer loop
  vertex -0.0678079799 -0.0401068889 0.0135645214
  vertex -0.0669483691 -0.0439847894 0.0117366705
  vertex -0.0669463947 -0.0440235101 0.0117366705
  endloop
 endfacet

 facet normal -0.911672533 -0.41091764 -1.01143778e-05
  outer loop
  vertex -0.0666644573 -0.0452532806 0.0117366705
  vertex -0.0666447431 -0.0452970229 0.0117366705
  vertex -0.0666467175 -0.0452927202 0.0146120265
  endloop
 endfacet

 facet normal -0.848937869 -0.528492808 0.000208824087
  outer loop
  vertex -0.0666467175 -0.0452927202 0.0146120265
  vertex -0.0666447431 -0.0452970229 0.0117366705
  vertex -0.0666230544 -0.0453307219 0.0146120265
  endloop
 endfacet

 facet normal -0.84889698 -0.528467357 0.00981441233
  outer loop
  vertex -0.0666467175 -0.0452927202 0.0146120265
  vertex -0.0666230544 -0.0453307219 0.0146120265
  vertex -0.0666230544 -0.0453300066 0.014650709
  endloop
 endfacet

 facet normal -0.863097847 -0.503216624 0.0428390279
  outer loop
  vertex -0.0666467175 -0.0452927202 0.0146120265
  vertex -0.0666230544 -0.0453300066 0.014650709
  vertex -0.0666447431 -0.0452927202 0.0146517409
  endloop
 endfacet

 facet normal -0.859046936 -0.502391636 0.0981882438
  outer loop
  vertex -0.0666447431 -0.0452927202 0.0146517409
  vertex -0.0666230544 -0.0453300066 0.014650709
  vertex -0.0666191131 -0.0453292876 0.0146888746
  endloop
 endfacet

 facet normal -0.860826433 -0.498267323 0.103478163
  outer loop
  vertex -0.0666447431 -0.0452927202 0.0146517409
  vertex -0.0666191131 -0.0453292876 0.0146888746
  vertex -0.0666408017 -0.045291286 0.0146914534
  endloop
 endfacet

 facet normal -0.785456181 -0.611548543 0.0952208191
  outer loop
  vertex -0.0666191131 -0.0453292876 0.0146888746
  vertex -0.0665993989 -0.0453665778 0.0146120265
  vertex -0.0665915087 -0.0453651398 0.0146862967
  endloop
 endfacet

 facet normal -0.776384532 -0.609305978 0.161162347
  outer loop
  vertex -0.0666191131 -0.0453292876 0.0146888746
  vertex -0.0665915087 -0.0453651398 0.0146862967
  vertex -0.0665855929 -0.0453629941 0.0147229154
  endloop
 endfacet

 facet normal -0.795387626 -0.562172651 0.226540297
  outer loop
  vertex -0.0666191131 -0.0453292876 0.0146888746
  vertex -0.0665855929 -0.0453629941 0.0147229154
  vertex -0.066609256 -0.0453278571 0.0147270411
  endloop
 endfacet

 facet normal -0.78832221 -0.608213603 0.0928673595
  outer loop
  vertex -0.0666191131 -0.0453292876 0.0146888746
  vertex -0.0666230544 -0.0453300066 0.014650709
  vertex -0.0665993989 -0.0453665778 0.0146120265
  endloop
 endfacet

 facet normal -0.788644016 -0.560666084 0.252377212
  outer loop
  vertex -0.066609256 -0.0453278571 0.0147270411
  vertex -0.0665855929 -0.0453629941 0.0147229154
  vertex -0.0665757358 -0.0453608409 0.0147585021
  endloop
 endfacet

 facet normal -0.788706243 -0.560443521 0.252676964
  outer loop
  vertex -0.066609256 -0.0453278571 0.0147270411
  vertex -0.0665757358 -0.0453608409 0.0147585021
  vertex -0.0665993989 -0.0453249849 0.0147641758
  endloop
 endfacet

 facet normal -0.761159301 -0.555304527 0.335072368
  outer loop
  vertex -0.0665993989 -0.0453249849 0.0147641758
  vertex -0.0665757358 -0.0453608409 0.0147585021
  vertex -0.0665855929 -0.0453221202 0.0148002794
  endloop
 endfacet

 facet normal -0.749491096 -0.564299941 0.346162885
  outer loop
  vertex -0.0665855929 -0.0453221202 0.0148002794
  vertex -0.0665757358 -0.0453608409 0.0147585021
  vertex -0.0665619373 -0.0453579724 0.0147930589
  endloop
 endfacet

 facet normal -0.714086413 -0.556705117 0.424452752
  outer loop
  vertex -0.0665855929 -0.0453221202 0.0148002794
  vertex -0.0665619373 -0.0453579724 0.0147930589
  vertex -0.0665678531 -0.0453185327 0.0148348352
  endloop
 endfacet

 facet normal -0.708888113 -0.560226858 0.428513288
  outer loop
  vertex -0.0665678531 -0.0453185327 0.0148348352
  vertex -0.0665619373 -0.0453579724 0.0147930589
  vertex -0.06654419 -0.0453543887 0.0148270987
  endloop
 endfacet

 facet normal -0.664599061 -0.597145915 0.449137926
  outer loop
  vertex -0.06654419 -0.0453543887 0.0148270987
  vertex -0.0665205345 -0.0453880876 0.0148172993
  vertex -0.0665264502 -0.0453500859 0.0148590757
  endloop
 endfacet

 facet normal -0.681626916 -0.600194514 0.418510795
  outer loop
  vertex -0.06654419 -0.0453543887 0.0148270987
  vertex -0.0665619373 -0.0453579724 0.0147930589
  vertex -0.0665205345 -0.0453880876 0.0148172993
  endloop
 endfacet

 facet normal -0.663633704 -0.597721934 0.449798644
  outer loop
  vertex -0.0665264502 -0.0453500859 0.0148590757
  vertex -0.0665205345 -0.0453880876 0.0148172993
  vertex -0.0665027872 -0.0453845039 0.0148482453
  endloop
 endfacet

 facet normal -0.628867567 -0.591192126 0.504992604
  outer loop
  vertex -0.0665264502 -0.0453500859 0.0148590757
  vertex -0.0665027872 -0.0453845039 0.0148482453
  vertex -0.066506736 -0.0453450643 0.0148895057
  endloop
 endfacet

 facet normal -0.583191335 -0.61433959 0.531483531
  outer loop
  vertex -0.066506736 -0.0453450643 0.0148895057
  vertex -0.0665027872 -0.0453845039 0.0148482453
  vertex -0.0664633587 -0.0453737453 0.0149039468
  endloop
 endfacet

 facet normal -0.580306351 -0.600695431 0.549917758
  outer loop
  vertex -0.066506736 -0.0453450643 0.0148895057
  vertex -0.0664633587 -0.0453737453 0.0149039468
  vertex -0.0664830729 -0.0453414805 0.0149183879
  endloop
 endfacet

 facet normal -0.514398813 -0.591987193 0.620439529
  outer loop
  vertex -0.0664830729 -0.0453414805 0.0149183879
  vertex -0.0664633587 -0.0453737453 0.0149039468
  vertex -0.0664357543 -0.0453701615 0.0149302511
  endloop
 endfacet

 facet normal -0.511983156 -0.584121704 0.629821599
  outer loop
  vertex -0.0664830729 -0.0453414805 0.0149183879
  vertex -0.0664357543 -0.0453701615 0.0149302511
  vertex -0.0664574429 -0.0453350246 0.0149452081
  endloop
 endfacet

 facet normal -0.438599944 -0.567389607 0.696921229
  outer loop
  vertex -0.0664574429 -0.0453350246 0.0149452081
  vertex -0.0664357543 -0.0453701615 0.0149302511
  vertex -0.0664081573 -0.0453629941 0.0149534596
  endloop
 endfacet

 facet normal -0.385437489 -0.616015136 0.686995983
  outer loop
  vertex -0.0664081573 -0.0453629941 0.0149534596
  vertex -0.0663864687 -0.0453966931 0.0149354078
  vertex -0.0663805529 -0.0453572534 0.0149740903
  endloop
 endfacet

 facet normal -0.404178381 -0.620203614 0.672300041
  outer loop
  vertex -0.0664081573 -0.0453629941 0.0149534596
  vertex -0.0664357543 -0.0453701615 0.0149302511
  vertex -0.0663864687 -0.0453966931 0.0149354078
  endloop
 endfacet

 facet normal -0.312466085 -0.619744658 0.719917715
  outer loop
  vertex -0.0663805529 -0.0453572534 0.0149740903
  vertex -0.0663588643 -0.0453909561 0.0149544906
  vertex -0.0663312599 -0.0453845039 0.0149720265
  endloop
 endfacet

 facet normal -0.30606544 -0.609057784 0.731691599
  outer loop
  vertex -0.0663805529 -0.0453572534 0.0149740903
  vertex -0.0663312599 -0.0453845039 0.0149720265
  vertex -0.0663490072 -0.0453508012 0.0149926571
  endloop
 endfacet

 facet normal -0.349495351 -0.628831506 0.694567561
  outer loop
  vertex -0.0663805529 -0.0453572534 0.0149740903
  vertex -0.0663864687 -0.0453966931 0.0149354078
  vertex -0.0663588643 -0.0453909561 0.0149544906
  endloop
 endfacet

 facet normal -0.262667149 -0.600587845 0.755182266
  outer loop
  vertex -0.0663490072 -0.0453508012 0.0149926571
  vertex -0.0663312599 -0.0453845039 0.0149720265
  vertex -0.0663194358 -0.04534363 0.0150086461
  endloop
 endfacet

 facet normal -0.29805845 -0.534376144 0.790950954
  outer loop
  vertex -0.0663490072 -0.0453508012 0.0149926571
  vertex -0.0663194358 -0.04534363 0.0150086461
  vertex -0.066366747 -0.045314949 0.015010193
  endloop
 endfacet

 facet normal -0.295335025 -0.530093372 0.794844806
  outer loop
  vertex -0.066366747 -0.045314949 0.015010193
  vertex -0.0663194358 -0.04534363 0.0150086461
  vertex -0.0663352087 -0.0453077778 0.0150266979
  endloop
 endfacet

 facet normal -0.222814173 -0.514806747 0.827845335
  outer loop
  vertex -0.0663352087 -0.0453077778 0.0150266979
  vertex -0.0663194358 -0.04534363 0.0150086461
  vertex -0.0663016886 -0.0452998914 0.015040623
  endloop
 endfacet

 facet normal -0.221213743 -0.515468717 0.82786268
  outer loop
  vertex -0.0663016886 -0.0452998914 0.015040623
  vertex -0.0663194358 -0.04534363 0.0150086461
  vertex -0.0662878901 -0.0453364626 0.0150215393
  endloop
 endfacet

 facet normal -0.148813441 -0.501024783 0.85254252
  outer loop
  vertex -0.0663016886 -0.0452998914 0.015040623
  vertex -0.0662878901 -0.0453364626 0.0150215393
  vertex -0.0662662014 -0.0452920012 0.0150514534
  endloop
 endfacet

 facet normal -0.110892497 -0.509209991 0.853468299
  outer loop
  vertex -0.0662662014 -0.0452920012 0.0150514534
  vertex -0.0662523955 -0.0453278571 0.0150318546
  vertex -0.0587998219 -0.0436434634 0.0170051493
  endloop
 endfacet

 facet normal -0.122940212 -0.512021959 0.850129008
  outer loop
  vertex -0.0662662014 -0.0452920012 0.0150514534
  vertex -0.0662878901 -0.0453364626 0.0150215393
  vertex -0.0662523955 -0.0453278571 0.0150318546
  endloop
 endfacet

 facet normal -0.090793699 -0.561685741 0.82235378
  outer loop
  vertex -0.0587998219 -0.0436434634 0.0170051493
  vertex -0.0662523955 -0.0453278571 0.0150318546
  vertex -0.0662405714 -0.0453629941 0.015009162
  endloop
 endfacet

 facet normal -0.0828864574 -0.581098914 0.809601068
  outer loop
  vertex -0.0587998219 -0.0436434634 0.0170051493
  vertex -0.0662405714 -0.0453629941 0.015009162
  vertex -0.0586992726 -0.0436578058 0.0170051493
  endloop
 endfacet

 facet normal 0.137837186 -0.947408319 0.288822472
  outer loop
  vertex -0.0576050431 -0.0436083265 0.0170051493
  vertex -0.0577331968 -0.0436269715 0.0170051493
  vertex -0.0656668395 -0.0454217903 0.0149039468
  endloop
 endfacet

 facet normal 0.140549451 -0.949572027 0.280283749
  outer loop
  vertex -0.0576050431 -0.0436083265 0.0170051493
  vertex -0.0656668395 -0.0454217903 0.0149039468
  vertex -0.0654972866 -0.0453966931 0.0149039468
  endloop
 endfacet

 facet normal 0.157765716 -0.96135062 0.225643367
  outer loop
  vertex -0.0576050431 -0.0436083265 0.0170051493
  vertex -0.0654972866 -0.0453966931 0.0149039468
  vertex -0.0653356165 -0.0453701615 0.0149039468
  endloop
 endfacet

 facet normal 0.157965571 -0.962568402 0.220247671
  outer loop
  vertex -0.0653356165 -0.0453701615 0.0149039468
  vertex -0.0654972866 -0.0453966931 0.0149039468
  vertex -0.0661301613 -0.0455386713 0.0147373574
  endloop
 endfacet

 facet normal 0.160023957 -0.964086533 0.21196577
  outer loop
  vertex -0.0653356165 -0.0453701615 0.0149039468
  vertex -0.0661301613 -0.0455386713 0.0147373574
  vertex -0.0661143884 -0.0455451272 0.0146960961
  endloop
 endfacet

 facet normal 0.149573654 -0.966548324 0.208356023
  outer loop
  vertex -0.0661143884 -0.0455451272 0.0146960961
  vertex -0.0661301613 -0.0455386713 0.0147373574
  vertex -0.0661479011 -0.045542974 0.0147301359
  endloop
 endfacet

 facet normal 0.130825624 -0.972969532 0.190302193
  outer loop
  vertex -0.0661143884 -0.0455451272 0.0146960961
  vertex -0.0661479011 -0.045542974 0.0147301359
  vertex -0.0661656484 -0.0455472767 0.0147203365
  endloop
 endfacet

 facet normal 0.127804697 -0.974625945 0.18376708
  outer loop
  vertex -0.0661143884 -0.0455451272 0.0146960961
  vertex -0.0661656484 -0.0455472767 0.0147203365
  vertex -0.066136077 -0.04554943 0.0146883596
  endloop
 endfacet

 facet normal 0.149316639 -0.980625987 0.126796395
  outer loop
  vertex -0.0661143884 -0.0455451272 0.0146960961
  vertex -0.066136077 -0.04554943 0.0146883596
  vertex -0.0661538169 -0.0455537327 0.0146759814
  endloop
 endfacet

 facet normal 0.116237603 -0.977986455 0.173295408
  outer loop
  vertex -0.0661538169 -0.0455537327 0.0146759814
  vertex -0.066136077 -0.04554943 0.0146883596
  vertex -0.0661656484 -0.0455472767 0.0147203365
  endloop
 endfacet

 facet normal 0.107996091 -0.979284406 0.171286315
  outer loop
  vertex -0.0661538169 -0.0455537327 0.0146759814
  vertex -0.0661656484 -0.0455472767 0.0147203365
  vertex -0.0661833957 -0.0455515794 0.0147069264
  endloop
 endfacet

 facet normal 0.0869929567 -0.984608769 0.151584297
  outer loop
  vertex -0.0661538169 -0.0455537327 0.0146759814
  vertex -0.0661833957 -0.0455515794 0.0147069264
  vertex -0.0661656484 -0.0455573164 0.0146594765
  endloop
 endfacet

 facet normal 0.0460308567 -0.989520311 0.136859968
  outer loop
  vertex -0.0661656484 -0.0455573164 0.0146594765
  vertex -0.0661833957 -0.0455515794 0.0147069264
  vertex -0.0662070513 -0.0455573164 0.0146734016
  endloop
 endfacet

 facet normal 0.032349918 -0.99483788 0.0961834788
  outer loop
  vertex -0.0661656484 -0.0455573164 0.0146594765
  vertex -0.0662070513 -0.0455573164 0.0146734016
  vertex -0.0662149414 -0.0455594696 0.0146538038
  endloop
 endfacet

 facet normal 0.0323505104 -0.994838238 0.0961784869
  outer loop
  vertex -0.0661656484 -0.0455573164 0.0146594765
  vertex -0.0662149414 -0.0455594696 0.0146538038
  vertex -0.0661735386 -0.0455594696 0.0146398777
  endloop
 endfacet

 facet normal 0.0165108349 -0.998658061 0.0490869246
  outer loop
  vertex -0.0661735386 -0.0455594696 0.0146398777
  vertex -0.0662149414 -0.0455594696 0.0146538038
  vertex -0.0662208498 -0.0455616191 0.0146120265
  endloop
 endfacet

 facet normal 0.0454170331 -0.998968124 0
  outer loop
  vertex -0.0661735386 -0.0455594696 0.0146398777
  vertex -0.0662208498 -0.0455616191 0.0146120265
  vertex -0.0662208498 -0.0455616191 0.0117366705
  endloop
 endfacet

 facet normal 0.0454170331 -0.998968124 0
  outer loop
  vertex -0.0661735386 -0.0455594696 0.0146398777
  vertex -0.0662208498 -0.0455616191 0.0117366705
  vertex -0.0661735386 -0.0455594696 0.0117366705
  endloop
 endfacet

 facet normal -0.412329793 0.283428997 -0.86582464
  outer loop
  vertex -0.0668478161 -0.0436570905 0.0117366705
  vertex -0.0668754205 -0.0436972454 0.0117366705
  vertex -0.0675516725 -0.0399197377 0.0132952947
  endloop
 endfacet

 facet normal -0.47412616 0.322182596 -0.819391727
  outer loop
  vertex -0.0675516725 -0.0399197377 0.0132952947
  vertex -0.067589134 -0.0399355106 0.0133107668
  vertex -0.067589134 -0.039774172 0.0133742057
  endloop
 endfacet

 facet normal -0.461680174 0.266448706 -0.846083045
  outer loop
  vertex -0.0675516725 -0.0399197377 0.0132952947
  vertex -0.0668754205 -0.0436972454 0.0117366705
  vertex -0.067589134 -0.0399355106 0.0133107668
  endloop
 endfacet

 facet normal -0.494992346 0.317952633 -0.808633924
  outer loop
  vertex -0.067589134 -0.039774172 0.0133742057
  vertex -0.067589134 -0.0399355106 0.0133107668
  vertex -0.0676246211 -0.0397913828 0.0133891618
  endloop
 endfacet

 facet normal -0.510367751 0.383477271 -0.769720733
  outer loop
  vertex -0.067589134 -0.039774172 0.0133742057
  vertex -0.0676246211 -0.0397913828 0.0133891618
  vertex -0.0676246211 -0.0396350622 0.0134670418
  endloop
 endfacet

 facet normal -0.443364739 0.491156101 -0.749795556
  outer loop
  vertex -0.0676246211 -0.0396350622 0.0134670418
  vertex -0.0676206797 -0.039486628 0.0135619417
  vertex -0.0675871596 -0.0396185666 0.0134556955
  endloop
 endfacet

 facet normal -0.535283685 0.376661748 -0.756040573
  outer loop
  vertex -0.0676246211 -0.0396350622 0.0134670418
  vertex -0.0676246211 -0.0397913828 0.0133891618
  vertex -0.0676581338 -0.0396537036 0.0134814838
  endloop
 endfacet

 facet normal -0.549615324 0.436122745 -0.712544799
  outer loop
  vertex -0.0676246211 -0.0396350622 0.0134670418
  vertex -0.0676581338 -0.0396537036 0.0134814838
  vertex -0.0676581338 -0.0395045541 0.013572773
  endloop
 endfacet

 facet normal -0.450172663 0.489452183 -0.746847451
  outer loop
  vertex -0.0676246211 -0.0396350622 0.0134670418
  vertex -0.0676581338 -0.0395045541 0.013572773
  vertex -0.0676206797 -0.039486628 0.0135619417
  endloop
 endfacet

 facet normal -0.563978195 0.431096435 -0.704332709
  outer loop
  vertex -0.0676581338 -0.0395045541 0.013572773
  vertex -0.0676581338 -0.0396537036 0.0134814838
  vertex -0.0676896796 -0.0395239145 0.0135861821
  endloop
 endfacet

 facet normal -0.575372338 0.424237698 -0.699263275
  outer loop
  vertex -0.0676896796 -0.0395239145 0.0135861821
  vertex -0.0676581338 -0.0396537036 0.0134814838
  vertex -0.0676936284 -0.0396737829 0.0134985037
  endloop
 endfacet

 facet normal -0.561647356 0.362118572 -0.743923664
  outer loop
  vertex -0.0676936284 -0.0396737829 0.0134985037
  vertex -0.0676581338 -0.0396537036 0.0134814838
  vertex -0.0676246211 -0.0397913828 0.0133891618
  endloop
 endfacet

 facet normal -0.581267893 0.344391137 -0.737239778
  outer loop
  vertex -0.0676936284 -0.0396737829 0.0134985037
  vertex -0.0676246211 -0.0397913828 0.0133891618
  vertex -0.0676581338 -0.0398093089 0.0134072136
  endloop
 endfacet

 facet normal -0.644965529 0.303533852 -0.701346397
  outer loop
  vertex -0.0676936284 -0.0396737829 0.0134985037
  vertex -0.0676581338 -0.0398093089 0.0134072136
  vertex -0.0676896796 -0.0398286693 0.0134278443
  endloop
 endfacet

 facet normal -0.677643955 0.290873855 -0.675419211
  outer loop
  vertex -0.0676936284 -0.0396737829 0.0134985037
  vertex -0.0676896796 -0.0398286693 0.0134278443
  vertex -0.0677212253 -0.0398494639 0.0134505378
  endloop
 endfacet

 facet normal -0.680563629 0.290565699 -0.672610402
  outer loop
  vertex -0.0676936284 -0.0396737829 0.0134985037
  vertex -0.0677212253 -0.0398494639 0.0134505378
  vertex -0.0677527711 -0.0397168063 0.0135397641
  endloop
 endfacet

 facet normal -0.790884435 0.207097694 -0.575858057
  outer loop
  vertex -0.0677527711 -0.0397168063 0.0135397641
  vertex -0.0677724853 -0.0398924872 0.0135036604
  vertex -0.0677764341 -0.0397397503 0.0135640055
  endloop
 endfacet

 facet normal -0.782686114 0.208365351 -0.586503506
  outer loop
  vertex -0.0677527711 -0.0397168063 0.0135397641
  vertex -0.0677212253 -0.0398494639 0.0134505378
  vertex -0.0677724853 -0.0398924872 0.0135036604
  endloop
 endfacet

 facet normal -0.808377683 0.198135599 -0.554317534
  outer loop
  vertex -0.0677764341 -0.0397397503 0.0135640055
  vertex -0.0677724853 -0.0398924872 0.0135036604
  vertex -0.0678000897 -0.0397641324 0.0135897929
  endloop
 endfacet

 facet normal -0.84257865 0.163219303 -0.513245285
  outer loop
  vertex -0.0678000897 -0.0397641324 0.0135897929
  vertex -0.0677724853 -0.0398924872 0.0135036604
  vertex -0.0678217784 -0.0397885144 0.0136176432
  endloop
 endfacet

 facet normal -0.896543682 0.128678113 -0.42385304
  outer loop
  vertex -0.0678217784 -0.0397885144 0.0136176432
  vertex -0.0678395182 -0.0398136117 0.0136475572
  vertex -0.0678671226 -0.0396967269 0.0137414262
  endloop
 endfacet

 facet normal -0.889601707 0.144718289 -0.433203638
  outer loop
  vertex -0.0678217784 -0.0397885144 0.0136176432
  vertex -0.0678671226 -0.0396967269 0.0137414262
  vertex -0.0678493828 -0.0396694802 0.01371409
  endloop
 endfacet

 facet normal -0.883577108 0.0858049542 -0.460357487
  outer loop
  vertex -0.0678217784 -0.0397885144 0.0136176432
  vertex -0.0677724853 -0.0398924872 0.0135036604
  vertex -0.0677902326 -0.039914716 0.0135335745
  endloop
 endfacet

 facet normal -0.885981977 0.0825139731 -0.456319422
  outer loop
  vertex -0.0678217784 -0.0397885144 0.0136176432
  vertex -0.0677902326 -0.039914716 0.0135335745
  vertex -0.0678395182 -0.0398136117 0.0136475572
  endloop
 endfacet

 facet normal -0.930688977 0.068763718 -0.359290481
  outer loop
  vertex -0.0678671226 -0.0396967269 0.0137414262
  vertex -0.0678395182 -0.0398136117 0.0136475572
  vertex -0.0678533241 -0.0398387052 0.0136785042
  endloop
 endfacet

 facet normal -0.96003288 0.020868348 -0.279108346
  outer loop
  vertex -0.0678868368 -0.0397526585 0.0138002224
  vertex -0.0678533241 -0.0398387052 0.0136785042
  vertex -0.0678631812 -0.0398645215 0.0137104811
  endloop
 endfacet

 facet normal -0.924744546 0.0421147682 -0.378250927
  outer loop
  vertex -0.0678533241 -0.0398387052 0.0136785042
  vertex -0.0678395182 -0.0398136117 0.0136475572
  vertex -0.0678257197 -0.0399598926 0.0135975294
  endloop
 endfacet

 facet normal -0.952420831 -0.0134765599 -0.304488242
  outer loop
  vertex -0.0678533241 -0.0398387052 0.0136785042
  vertex -0.0678257197 -0.0399598926 0.0135975294
  vertex -0.0678631812 -0.0398645215 0.0137104811
  endloop
 endfacet

 facet normal -0.955902457 -0.0293852445 -0.292210579
  outer loop
  vertex -0.0678631812 -0.0398645215 0.0137104811
  vertex -0.0678257197 -0.0399598926 0.0135975294
  vertex -0.0678355768 -0.0399828367 0.0136320842
  endloop
 endfacet

 facet normal -0.894211233 0.0518915132 -0.444627464
  outer loop
  vertex -0.0678257197 -0.0399598926 0.0135975294
  vertex -0.0678079799 -0.0399369448 0.0135645214
  vertex -0.0677803755 -0.040066734 0.013493862
  endloop
 endfacet

 facet normal -0.925217628 -0.0253429972 -0.3785896
  outer loop
  vertex -0.0678257197 -0.0399598926 0.0135975294
  vertex -0.0677803755 -0.040066734 0.013493862
  vertex -0.067794174 -0.0400868133 0.0135289337
  endloop
 endfacet

 facet normal -0.897053182 0.0648659915 -0.437136263
  outer loop
  vertex -0.0678257197 -0.0399598926 0.0135975294
  vertex -0.0678395182 -0.0398136117 0.0136475572
  vertex -0.0678079799 -0.0399369448 0.0135645214
  endloop
 endfacet

 facet normal -0.924978733 -0.0264000557 -0.37910074
  outer loop
  vertex -0.067794174 -0.0400868133 0.0135289337
  vertex -0.0677803755 -0.040066734 0.013493862
  vertex -0.0669483691 -0.0439847894 0.0117366705
  endloop
 endfacet

 facet normal -0.903806806 0 -0.427940965
  outer loop
  vertex -0.0669483691 -0.0439847894 0.0117366705
  vertex -0.0677803755 -0.040066734 0.013493862
  vertex -0.0669483691 -0.0439288579 0.0117366705
  endloop
 endfacet

 facet normal -0.842490673 -0.538711071 4.04289276e-05
  outer loop
  vertex -0.0666447431 -0.0452970229 0.0117366705
  vertex -0.0666053146 -0.0453586914 0.0117366705
  vertex -0.0666230544 -0.0453307219 0.0146120265
  endloop
 endfacet

 facet normal -0.834652603 -0.550776839 0.000206152879
  outer loop
  vertex -0.0666230544 -0.0453307219 0.0146120265
  vertex -0.0666053146 -0.0453586914 0.0117366705
  vertex -0.0665993989 -0.0453665778 0.0146120265
  endloop
 endfacet

 facet normal -0.834608972 -0.55074805 0.010228198
  outer loop
  vertex -0.0666230544 -0.0453307219 0.0146120265
  vertex -0.0665993989 -0.0453665778 0.0146120265
  vertex -0.0666230544 -0.0453300066 0.014650709
  endloop
 endfacet

 facet normal -0.764156163 -0.639449656 0.0846727267
  outer loop
  vertex -0.0665993989 -0.0453665778 0.0146120265
  vertex -0.0665717945 -0.0453995615 0.0146120265
  vertex -0.0665678531 -0.0453995615 0.0146476142
  endloop
 endfacet

 facet normal -0.768123329 -0.633393764 0.0938022956
  outer loop
  vertex -0.0665993989 -0.0453665778 0.0146120265
  vertex -0.0665678531 -0.0453995615 0.0146476142
  vertex -0.0665915087 -0.0453651398 0.0146862967
  endloop
 endfacet

 facet normal -0.800023854 -0.599968255 0
  outer loop
  vertex -0.0665993989 -0.0453665778 0.0146120265
  vertex -0.0666053146 -0.0453586914 0.0117366705
  vertex -0.0665993989 -0.0453665778 0.0117366705
  endloop
 endfacet

 facet normal -0.766910315 -0.641754329 0
  outer loop
  vertex -0.0665993989 -0.0453665778 0.0146120265
  vertex -0.0665993989 -0.0453665778 0.0117366705
  vertex -0.0665717945 -0.0453995615 0.0146120265
  endloop
 endfacet

 facet normal -0.756126046 -0.644881308 0.111361772
  outer loop
  vertex -0.0665915087 -0.0453651398 0.0146862967
  vertex -0.0665678531 -0.0453995615 0.0146476142
  vertex -0.0665639117 -0.0453981273 0.014682686
  endloop
 endfacet

 facet normal -0.749634504 -0.64398098 0.152763218
  outer loop
  vertex -0.0665915087 -0.0453651398 0.0146862967
  vertex -0.0665639117 -0.0453981273 0.014682686
  vertex -0.066557996 -0.0453966931 0.0147177577
  endloop
 endfacet

 facet normal -0.751737177 -0.640012085 0.158983633
  outer loop
  vertex -0.0665915087 -0.0453651398 0.0146862967
  vertex -0.066557996 -0.0453966931 0.0147177577
  vertex -0.0665855929 -0.0453629941 0.0147229154
  endloop
 endfacet

 facet normal -0.732333302 -0.636728346 0.241381228
  outer loop
  vertex -0.0665855929 -0.0453629941 0.0147229154
  vertex -0.066557996 -0.0453966931 0.0147177577
  vertex -0.0665757358 -0.0453608409 0.0147585021
  endloop
 endfacet

 facet normal -0.72403425 -0.642749727 0.250294328
  outer loop
  vertex -0.0665757358 -0.0453608409 0.0147585021
  vertex -0.066557996 -0.0453966931 0.0147177577
  vertex -0.0665481389 -0.0453945436 0.0147517985
  endloop
 endfacet

 facet normal -0.706506908 -0.639081001 0.304012358
  outer loop
  vertex -0.0665757358 -0.0453608409 0.0147585021
  vertex -0.0665481389 -0.0453945436 0.0147517985
  vertex -0.0665363073 -0.0453916714 0.0147853224
  endloop
 endfacet

 facet normal -0.711204827 -0.617859483 0.335316718
  outer loop
  vertex -0.0665757358 -0.0453608409 0.0147585021
  vertex -0.0665363073 -0.0453916714 0.0147853224
  vertex -0.0665619373 -0.0453579724 0.0147930589
  endloop
 endfacet

 facet normal -0.680914104 -0.610656142 0.404295862
  outer loop
  vertex -0.0665619373 -0.0453579724 0.0147930589
  vertex -0.0665363073 -0.0453916714 0.0147853224
  vertex -0.0665205345 -0.0453880876 0.0148172993
  endloop
 endfacet

 facet normal -0.608515024 -0.697552323 0.378325671
  outer loop
  vertex -0.0665205345 -0.0453880876 0.0148172993
  vertex -0.0665363073 -0.0453916714 0.0147853224
  vertex -0.066506736 -0.0454225056 0.014776038
  endloop
 endfacet

 facet normal -0.606159329 -0.698668182 0.380044401
  outer loop
  vertex -0.0665205345 -0.0453880876 0.0148172993
  vertex -0.066506736 -0.0454225056 0.014776038
  vertex -0.0664909631 -0.0454196408 0.014806468
  endloop
 endfacet

 facet normal -0.587241173 -0.693660736 0.417112291
  outer loop
  vertex -0.0665205345 -0.0453880876 0.0148172993
  vertex -0.0664909631 -0.0454196408 0.014806468
  vertex -0.0665027872 -0.0453845039 0.0148482453
  endloop
 endfacet

 facet normal -0.581180573 -0.69635427 0.421093792
  outer loop
  vertex -0.0665027872 -0.0453845039 0.0148482453
  vertex -0.0664909631 -0.0454196408 0.014806468
  vertex -0.0664751902 -0.0454153381 0.0148353511
  endloop
 endfacet

 facet normal -0.552593589 -0.690100193 0.467335105
  outer loop
  vertex -0.0665027872 -0.0453845039 0.0148482453
  vertex -0.0664751902 -0.0454153381 0.0148353511
  vertex -0.0664574429 -0.0454110354 0.0148626864
  endloop
 endfacet

 facet normal -0.549051881 -0.657725096 0.515693545
  outer loop
  vertex -0.0665027872 -0.0453845039 0.0148482453
  vertex -0.0664574429 -0.0454110354 0.0148626864
  vertex -0.0664633587 -0.0453737453 0.0149039468
  endloop
 endfacet

 facet normal -0.505309582 -0.675021589 0.537594914
  outer loop
  vertex -0.0664633587 -0.0453737453 0.0149039468
  vertex -0.0664574429 -0.0454110354 0.0148626864
  vertex -0.0664357543 -0.0454067327 0.0148884738
  endloop
 endfacet

 facet normal -0.487694591 -0.670413673 0.55919534
  outer loop
  vertex -0.0664633587 -0.0453737453 0.0149039468
  vertex -0.0664357543 -0.0454067327 0.0148884738
  vertex -0.0664574429 -0.045378048 0.0149039468
  endloop
 endfacet

 facet normal -0.475706905 -0.653934598 0.588279247
  outer loop
  vertex -0.0664633587 -0.0453737453 0.0149039468
  vertex -0.0664574429 -0.045378048 0.0149039468
  vertex -0.0664357543 -0.0453701615 0.0149302511
  endloop
 endfacet

 facet normal -0.464996308 -0.666152596 0.583111703
  outer loop
  vertex -0.0664357543 -0.0453701615 0.0149302511
  vertex -0.0664574429 -0.045378048 0.0149039468
  vertex -0.0664357543 -0.0454067327 0.0148884738
  endloop
 endfacet

 facet normal -0.460237831 -0.668020904 0.584747195
  outer loop
  vertex -0.0664357543 -0.0453701615 0.0149302511
  vertex -0.0664357543 -0.0454067327 0.0148884738
  vertex -0.0664219558 -0.045403149 0.0149034308
  endloop
 endfacet

 facet normal -0.449602932 -0.669184089 0.591650188
  outer loop
  vertex -0.0664357543 -0.0453701615 0.0149302511
  vertex -0.0664219558 -0.045403149 0.0149034308
  vertex -0.0664101243 -0.04540243 0.0149132311
  endloop
 endfacet

 facet normal -0.421072066 -0.66167891 0.620386481
  outer loop
  vertex -0.0664357543 -0.0453701615 0.0149302511
  vertex -0.0664101243 -0.04540243 0.0149132311
  vertex -0.0663864687 -0.0453966931 0.0149354078
  endloop
 endfacet

 facet normal -0.386722416 -0.704683423 0.59486717
  outer loop
  vertex -0.0663864687 -0.0453966931 0.0149354078
  vertex -0.0664101243 -0.04540243 0.0149132311
  vertex -0.0663628057 -0.0454275273 0.0149142621
  endloop
 endfacet

 facet normal -0.310464352 -0.688034415 0.655912042
  outer loop
  vertex -0.0663864687 -0.0453966931 0.0149354078
  vertex -0.0663628057 -0.0454275273 0.0149142621
  vertex -0.0663588643 -0.0453909561 0.0149544906
  endloop
 endfacet

 facet normal -0.283597171 -0.695564151 0.660123706
  outer loop
  vertex -0.0663588643 -0.0453909561 0.0149544906
  vertex -0.0663628057 -0.0454275273 0.0149142621
  vertex -0.0663371757 -0.0454203561 0.014932829
  endloop
 endfacet

 facet normal -0.278109998 -0.694248915 0.663832307
  outer loop
  vertex -0.0663588643 -0.0453909561 0.0149544906
  vertex -0.0663371757 -0.0454203561 0.014932829
  vertex -0.0663115457 -0.0454153381 0.014948817
  endloop
 endfacet

 facet normal -0.270863652 -0.683454514 0.677881122
  outer loop
  vertex -0.0663588643 -0.0453909561 0.0149544906
  vertex -0.0663115457 -0.0454153381 0.014948817
  vertex -0.0663312599 -0.0453845039 0.0149720265
  endloop
 endfacet

 facet normal -0.212884277 -0.670847178 0.710383296
  outer loop
  vertex -0.0663312599 -0.0453845039 0.0149720265
  vertex -0.0663115457 -0.0454153381 0.014948817
  vertex -0.0663016886 -0.045378048 0.0149869835
  endloop
 endfacet

 facet normal -0.250337899 -0.604855895 0.755963206
  outer loop
  vertex -0.0663312599 -0.0453845039 0.0149720265
  vertex -0.0663016886 -0.045378048 0.0149869835
  vertex -0.0663194358 -0.04534363 0.0150086461
  endloop
 endfacet

 facet normal -0.186724752 -0.590447545 0.785178661
  outer loop
  vertex -0.0663194358 -0.04534363 0.0150086461
  vertex -0.0663016886 -0.045378048 0.0149869835
  vertex -0.0662878901 -0.0453364626 0.0150215393
  endloop
 endfacet

 facet normal -0.117000222 -0.583575428 0.803586185
  outer loop
  vertex -0.0662878901 -0.0453364626 0.0150215393
  vertex -0.0662721172 -0.0453701615 0.0149993617
  vertex -0.0662405714 -0.0453629941 0.015009162
  endloop
 endfacet

 facet normal -0.101594411 -0.563639998 0.819749117
  outer loop
  vertex -0.0662878901 -0.0453364626 0.0150215393
  vertex -0.0662405714 -0.0453629941 0.015009162
  vertex -0.0662523955 -0.0453278571 0.0150318546
  endloop
 endfacet

 facet normal -0.169608831 -0.595919609 0.784928501
  outer loop
  vertex -0.0662878901 -0.0453364626 0.0150215393
  vertex -0.0663016886 -0.045378048 0.0149869835
  vertex -0.0662721172 -0.0453701615 0.0149993617
  endloop
 endfacet

 facet normal -0.0732820481 -0.604451835 0.793264031
  outer loop
  vertex -0.0586992726 -0.0436578058 0.0170051493
  vertex -0.0662405714 -0.0453629941 0.015009162
  vertex -0.0586637817 -0.0436621085 0.0170051493
  endloop
 endfacet

 facet normal -0.089570567 -0.644165874 0.759623289
  outer loop
  vertex -0.0662405714 -0.0453629941 0.015009162
  vertex -0.0662721172 -0.0453701615 0.0149993617
  vertex -0.0662543699 -0.04540243 0.0149740903
  endloop
 endfacet

 facet normal -0.0879328102 -0.644589543 0.759455204
  outer loop
  vertex -0.0662405714 -0.0453629941 0.015009162
  vertex -0.0662543699 -0.04540243 0.0149740903
  vertex -0.0662267655 -0.0453952588 0.0149833737
  endloop
 endfacet

 facet normal -0.0588264391 -0.63847965 0.767387271
  outer loop
  vertex -0.0662405714 -0.0453629941 0.015009162
  vertex -0.0662267655 -0.0453952588 0.0149833737
  vertex -0.0586637817 -0.0436621085 0.0170051493
  endloop
 endfacet

 facet normal 0.105614334 -0.917038918 0.384558439
  outer loop
  vertex -0.0577331968 -0.0436269715 0.0170051493
  vertex -0.0578514934 -0.0436405949 0.0170051493
  vertex -0.0658285096 -0.0454404354 0.0149039468
  endloop
 endfacet

 facet normal 0.105779693 -0.91722101 0.384078503
  outer loop
  vertex -0.0577331968 -0.0436269715 0.0170051493
  vertex -0.0658285096 -0.0454404354 0.0149039468
  vertex -0.0656668395 -0.0454217903 0.0149039468
  endloop
 endfacet

 facet normal 0.106001399 -0.919143379 0.37939322
  outer loop
  vertex -0.0656668395 -0.0454217903 0.0149039468
  vertex -0.0658285096 -0.0454404354 0.0149039468
  vertex -0.0661695898 -0.0455178767 0.0148116257
  endloop
 endfacet

 facet normal 0.110337012 -0.925478101 0.362375706
  outer loop
  vertex -0.0656668395 -0.0454217903 0.0149039468
  vertex -0.0661695898 -0.0455178767 0.0148116257
  vertex -0.0661419928 -0.0455279164 0.0147775859
  endloop
 endfacet

 facet normal 0.13370195 -0.946876049 0.292488545
  outer loop
  vertex -0.0656668395 -0.0454217903 0.0149039468
  vertex -0.0661419928 -0.0455279164 0.0147775859
  vertex -0.0661301613 -0.0455386713 0.0147373574
  endloop
 endfacet

 facet normal 0.140743047 -0.950879991 0.275714904
  outer loop
  vertex -0.0656668395 -0.0454217903 0.0149039468
  vertex -0.0661301613 -0.0455386713 0.0147373574
  vertex -0.0654972866 -0.0453966931 0.0149039468
  endloop
 endfacet

 facet normal 0.117220335 -0.950262964 0.288547635
  outer loop
  vertex -0.0661301613 -0.0455386713 0.0147373574
  vertex -0.0661419928 -0.0455279164 0.0147775859
  vertex -0.0661656484 -0.0455336533 0.0147683024
  endloop
 endfacet

 facet normal 0.114483021 -0.951484382 0.285606593
  outer loop
  vertex -0.0661301613 -0.0455386713 0.0147373574
  vertex -0.0661656484 -0.0455336533 0.0147683024
  vertex -0.0661479011 -0.045542974 0.0147301359
  endloop
 endfacet

 facet normal 0.0820814595 -0.958703458 0.272305578
  outer loop
  vertex -0.0661479011 -0.045542974 0.0147301359
  vertex -0.0661656484 -0.0455336533 0.0147683024
  vertex -0.0661656484 -0.0455472767 0.0147203365
  endloop
 endfacet

 facet normal 0.060031414 -0.961701512 0.267444551
  outer loop
  vertex -0.0661656484 -0.0455472767 0.0147203365
  vertex -0.0661794469 -0.0455365218 0.0147621129
  vertex -0.0661932528 -0.0455393903 0.0147548923
  endloop
 endfacet

 facet normal 0.0421635397 -0.966230631 0.254205614
  outer loop
  vertex -0.0661656484 -0.0455472767 0.0147203365
  vertex -0.0661932528 -0.0455393903 0.0147548923
  vertex -0.0661833957 -0.0455515794 0.0147069264
  endloop
 endfacet

 facet normal 0.0771132037 -0.959085107 0.272413969
  outer loop
  vertex -0.0661656484 -0.0455472767 0.0147203365
  vertex -0.0661656484 -0.0455336533 0.0147683024
  vertex -0.0661794469 -0.0455365218 0.0147621129
  endloop
 endfacet

 facet normal 0.0255147144 -0.967615545 0.251135916
  outer loop
  vertex -0.0661833957 -0.0455515794 0.0147069264
  vertex -0.0661932528 -0.0455393903 0.0147548923
  vertex -0.0662109926 -0.0455444083 0.0147373574
  endloop
 endfacet

 facet normal -0.00820994563 -0.974949718 0.222274035
  outer loop
  vertex -0.0661833957 -0.0455515794 0.0147069264
  vertex -0.0662109926 -0.0455444083 0.0147373574
  vertex -0.0662208498 -0.0455465615 0.0147275571
  endloop
 endfacet

 facet normal -0.0280884411 -0.981796861 0.187845573
  outer loop
  vertex -0.0661833957 -0.0455515794 0.0147069264
  vertex -0.0662208498 -0.0455465615 0.0147275571
  vertex -0.0662070513 -0.0455573164 0.0146734016
  endloop
 endfacet

 facet normal -0.0344505012 -0.981899261 0.186244592
  outer loop
  vertex -0.0662070513 -0.0455573164 0.0146734016
  vertex -0.0662208498 -0.0455465615 0.0147275571
  vertex -0.066238597 -0.0455501452 0.0147053795
  endloop
 endfacet

 facet normal -0.0629517138 -0.985287607 0.158888072
  outer loop
  vertex -0.0662070513 -0.0455573164 0.0146734016
  vertex -0.066238597 -0.0455501452 0.0147053795
  vertex -0.0662563443 -0.0455551669 0.0146672139
  endloop
 endfacet

 facet normal -0.0598384738 -0.989351153 0.132679388
  outer loop
  vertex -0.0662070513 -0.0455573164 0.0146734016
  vertex -0.0662563443 -0.0455551669 0.0146672139
  vertex -0.0662149414 -0.0455594696 0.0146538038
  endloop
 endfacet

 facet normal -0.0829610378 -0.99456203 0.0629584342
  outer loop
  vertex -0.0662149414 -0.0455594696 0.0146538038
  vertex -0.0662563443 -0.0455551669 0.0146672139
  vertex -0.0662208498 -0.0455616191 0.0146120265
  endloop
 endfacet

 facet normal -0.0968001634 -0.993839264 0.0539744347
  outer loop
  vertex -0.0662208498 -0.0455616191 0.0146120265
  vertex -0.0662563443 -0.0455551669 0.0146672139
  vertex -0.066264227 -0.0455558822 0.0146398777
  endloop
 endfacet

 facet normal -0.120351925 -0.992585123 0.0170360394
  outer loop
  vertex -0.0662208498 -0.0455616191 0.0146120265
  vertex -0.066264227 -0.0455558822 0.0146398777
  vertex -0.0662662014 -0.0455558822 0.0146259526
  endloop
 endfacet

 facet normal -0.125423774 -0.992103219 0.00032149945
  outer loop
  vertex -0.0662208498 -0.0455616191 0.0146120265
  vertex -0.0662662014 -0.0455558822 0.0146259526
  vertex -0.0662622601 -0.0455573164 0.0117366705
  endloop
 endfacet

 facet normal -0.103360392 -0.994643927 0
  outer loop
  vertex -0.0662208498 -0.0455616191 0.0146120265
  vertex -0.0662622601 -0.0455573164 0.0117366705
  vertex -0.0662208498 -0.0455616191 0.0117366705
  endloop
 endfacet

 facet normal -0.504948735 0.249910504 -0.826178908
  outer loop
  vertex -0.0668754205 -0.0436972454 0.0117366705
  vertex -0.0668931603 -0.0437330976 0.0117366705
  vertex -0.067589134 -0.0399355106 0.0133107668
  endloop
 endfacet

 facet normal -0.542807579 0.294214606 -0.786637008
  outer loop
  vertex -0.067589134 -0.0399355106 0.0133107668
  vertex -0.0676246211 -0.0399527214 0.0133288186
  vertex -0.0676246211 -0.0397913828 0.0133891618
  endloop
 endfacet

 facet normal -0.51054436 0.247729823 -0.823391974
  outer loop
  vertex -0.067589134 -0.0399355106 0.0133107668
  vertex -0.0668931603 -0.0437330976 0.0117366705
  vertex -0.0669049919 -0.0437574796 0.0117366705
  endloop
 endfacet

 facet normal -0.530083835 0.24005726 -0.813254952
  outer loop
  vertex -0.067589134 -0.0399355106 0.0133107668
  vertex -0.0669049919 -0.0437574796 0.0117366705
  vertex -0.0676246211 -0.0399527214 0.0133288186
  endloop
 endfacet

 facet normal -0.568942666 0.288091153 -0.770264804
  outer loop
  vertex -0.0676246211 -0.0397913828 0.0133891618
  vertex -0.0676246211 -0.0399527214 0.0133288186
  vertex -0.0676581338 -0.0398093089 0.0134072136
  endloop
 endfacet

 facet normal -0.633457065 0.252871156 -0.731292248
  outer loop
  vertex -0.0676581338 -0.0398093089 0.0134072136
  vertex -0.0676561669 -0.0399699323 0.0133499652
  vertex -0.0676896796 -0.0398286693 0.0134278443
  endloop
 endfacet

 facet normal -0.630290985 0.253772348 -0.73371172
  outer loop
  vertex -0.0676581338 -0.0398093089 0.0134072136
  vertex -0.0676246211 -0.0399527214 0.0133288186
  vertex -0.0676561669 -0.0399699323 0.0133499652
  endloop
 endfacet

 facet normal -0.664591432 0.233607858 -0.709750354
  outer loop
  vertex -0.0676896796 -0.0398286693 0.0134278443
  vertex -0.0676561669 -0.0399699323 0.0133499652
  vertex -0.0677212253 -0.0398494639 0.0134505378
  endloop
 endfacet

 facet normal -0.693919837 0.202184364 -0.691083789
  outer loop
  vertex -0.0677212253 -0.0398494639 0.0134505378
  vertex -0.0676561669 -0.0399699323 0.0133499652
  vertex -0.0676857382 -0.0399885736 0.0133742057
  endloop
 endfacet

 facet normal -0.721172452 0.182692632 -0.668231785
  outer loop
  vertex -0.0677212253 -0.0398494639 0.0134505378
  vertex -0.0676857382 -0.0399885736 0.0133742057
  vertex -0.0677153096 -0.0400072187 0.013401025
  endloop
 endfacet

 facet normal -0.772768855 0.163506448 -0.613265038
  outer loop
  vertex -0.0677212253 -0.0398494639 0.0134505378
  vertex -0.0677153096 -0.0400072187 0.013401025
  vertex -0.0677724853 -0.0398924872 0.0135036604
  endloop
 endfacet

 facet normal -0.823880196 0.100339398 -0.55781126
  outer loop
  vertex -0.0677724853 -0.0398924872 0.0135036604
  vertex -0.0677389726 -0.040027298 0.0134299081
  vertex -0.0677626282 -0.0400466546 0.0134613691
  endloop
 endfacet

 facet normal -0.880459487 0.0722450167 -0.468584895
  outer loop
  vertex -0.0677724853 -0.0398924872 0.0135036604
  vertex -0.0677626282 -0.0400466546 0.0134613691
  vertex -0.0677902326 -0.039914716 0.0135335745
  endloop
 endfacet

 facet normal -0.806512535 0.116582587 -0.579608619
  outer loop
  vertex -0.0677724853 -0.0398924872 0.0135036604
  vertex -0.0677153096 -0.0400072187 0.013401025
  vertex -0.0677389726 -0.040027298 0.0134299081
  endloop
 endfacet

 facet normal -0.888008833 0.0779722258 -0.45316726
  outer loop
  vertex -0.0678395182 -0.0398136117 0.0136475572
  vertex -0.0677902326 -0.039914716 0.0135335745
  vertex -0.0678079799 -0.0399369448 0.0135645214
  endloop
 endfacet

 facet normal -0.885449767 0.0664786249 -0.459955782
  outer loop
  vertex -0.0677902326 -0.039914716 0.0135335745
  vertex -0.0677626282 -0.0400466546 0.0134613691
  vertex -0.0678079799 -0.0399369448 0.0135645214
  endloop
 endfacet

 facet normal -0.890508592 0.0563972369 -0.451457322
  outer loop
  vertex -0.0678079799 -0.0399369448 0.0135645214
  vertex -0.0677626282 -0.0400466546 0.0134613691
  vertex -0.0677803755 -0.040066734 0.013493862
  endloop
 endfacet

 facet normal -0.883283138 0.0227777176 -0.468286365
  outer loop
  vertex -0.0677803755 -0.040066734 0.013493862
  vertex -0.0677626282 -0.0400466546 0.0134613691
  vertex -0.0669483691 -0.0439288579 0.0117366705
  endloop
 endfacet

 facet normal -0.819706321 0.080039762 -0.567164183
  outer loop
  vertex -0.0669483691 -0.0439288579 0.0117366705
  vertex -0.0677626282 -0.0400466546 0.0134613691
  vertex -0.0677389726 -0.040027298 0.0134299081
  endloop
 endfacet

 facet normal -0.801228166 0.0940916017 -0.590914667
  outer loop
  vertex -0.0669483691 -0.0439288579 0.0117366705
  vertex -0.0677389726 -0.040027298 0.0134299081
  vertex -0.0677153096 -0.0400072187 0.013401025
  endloop
 endfacet

 facet normal -0.75739491 0.123955689 -0.64108336
  outer loop
  vertex -0.0669483691 -0.0439288579 0.0117366705
  vertex -0.0677153096 -0.0400072187 0.013401025
  vertex -0.066938512 -0.0438686237 0.0117366705
  endloop
 endfacet

 facet normal -0.737226546 -0.675645649 -0.000168395374
  outer loop
  vertex -0.0665717945 -0.0453995615 0.0146120265
  vertex -0.0665777102 -0.0453923903 0.0117366705
  vertex -0.0665678531 -0.045403149 0.0117366705
  endloop
 endfacet

 facet normal -0.69899565 -0.715125978 -6.67263594e-05
  outer loop
  vertex -0.0665717945 -0.0453995615 0.0146120265
  vertex -0.0665678531 -0.045403149 0.0117366705
  vertex -0.0665402487 -0.0454303958 0.0146120265
  endloop
 endfacet

 facet normal -0.696935713 -0.713018537 0.0767150596
  outer loop
  vertex -0.0665717945 -0.0453995615 0.0146120265
  vertex -0.0665402487 -0.0454303958 0.0146120265
  vertex -0.0665343329 -0.0454289615 0.0146790762
  endloop
 endfacet

 facet normal -0.697485805 -0.712418914 0.0772852749
  outer loop
  vertex -0.0665717945 -0.0453995615 0.0146120265
  vertex -0.0665343329 -0.0454289615 0.0146790762
  vertex -0.0665678531 -0.0453995615 0.0146476142
  endloop
 endfacet

 facet normal -0.76565975 -0.643245935 -2.91157867e-05
  outer loop
  vertex -0.0665717945 -0.0453995615 0.0146120265
  vertex -0.0665993989 -0.0453665778 0.0117366705
  vertex -0.0665777102 -0.0453923903 0.0117366705
  endloop
 endfacet

 facet normal -0.711090684 -0.694704115 0.108333729
  outer loop
  vertex -0.0665678531 -0.0453995615 0.0146476142
  vertex -0.0665343329 -0.0454289615 0.0146790762
  vertex -0.0665639117 -0.0453981273 0.014682686
  endloop
 endfacet

 facet normal -0.705161512 -0.693579316 0.147292465
  outer loop
  vertex -0.0665639117 -0.0453981273 0.014682686
  vertex -0.0665343329 -0.0454289615 0.0146790762
  vertex -0.066557996 -0.0453966931 0.0147177577
  endloop
 endfacet

 facet normal -0.668358386 -0.71891588 0.190937638
  outer loop
  vertex -0.066557996 -0.0453966931 0.0147177577
  vertex -0.0665343329 -0.0454289615 0.0146790762
  vertex -0.0665264502 -0.0454275273 0.0147120841
  endloop
 endfacet

 facet normal -0.664143026 -0.717876673 0.208727896
  outer loop
  vertex -0.066557996 -0.0453966931 0.0147177577
  vertex -0.0665264502 -0.0454275273 0.0147120841
  vertex -0.0665185601 -0.0454253778 0.014744577
  endloop
 endfacet

 facet normal -0.67222476 -0.700724423 0.238954589
  outer loop
  vertex -0.066557996 -0.0453966931 0.0147177577
  vertex -0.0665185601 -0.0454253778 0.014744577
  vertex -0.0665481389 -0.0453945436 0.0147517985
  endloop
 endfacet

 facet normal -0.655515075 -0.696877956 0.290965974
  outer loop
  vertex -0.0665481389 -0.0453945436 0.0147517985
  vertex -0.0665185601 -0.0454253778 0.014744577
  vertex -0.0665363073 -0.0453916714 0.0147853224
  endloop
 endfacet

 facet normal -0.639810681 -0.705461144 0.304904759
  outer loop
  vertex -0.0665363073 -0.0453916714 0.0147853224
  vertex -0.0665185601 -0.0454253778 0.014744577
  vertex -0.066506736 -0.0454225056 0.014776038
  endloop
 endfacet

 facet normal -0.587515771 -0.755536437 0.289810181
  outer loop
  vertex -0.066506736 -0.0454225056 0.014776038
  vertex -0.0665185601 -0.0454253778 0.014744577
  vertex -0.0664751902 -0.0454511903 0.0147652077
  endloop
 endfacet

 facet normal -0.576364279 -0.753380239 0.31657958
  outer loop
  vertex -0.066506736 -0.0454225056 0.014776038
  vertex -0.0664751902 -0.0454511903 0.0147652077
  vertex -0.0664633587 -0.0454483218 0.0147935739
  endloop
 endfacet

 facet normal -0.580989718 -0.725204647 0.369498581
  outer loop
  vertex -0.066506736 -0.0454225056 0.014776038
  vertex -0.0664633587 -0.0454483218 0.0147935739
  vertex -0.0664909631 -0.0454196408 0.014806468
  endloop
 endfacet

 facet normal -0.557134449 -0.72120291 0.411664397
  outer loop
  vertex -0.0664909631 -0.0454196408 0.014806468
  vertex -0.0664633587 -0.0454483218 0.0147935739
  vertex -0.0664751902 -0.0454153381 0.0148353511
  endloop
 endfacet

 facet normal -0.50304234 -0.741898894 0.443322122
  outer loop
  vertex -0.0664751902 -0.0454153381 0.0148353511
  vertex -0.0664633587 -0.0454483218 0.0147935739
  vertex -0.0664574429 -0.0454110354 0.0148626864
  endloop
 endfacet

 facet normal -0.483429879 -0.752452374 0.447337627
  outer loop
  vertex -0.0664574429 -0.0454110354 0.0148626864
  vertex -0.0664633587 -0.0454483218 0.0147935739
  vertex -0.0664436445 -0.0454447381 0.0148209091
  endloop
 endfacet

 facet normal -0.474459112 -0.755105913 0.452441812
  outer loop
  vertex -0.0664574429 -0.0454110354 0.0148626864
  vertex -0.0664436445 -0.0454447381 0.0148209091
  vertex -0.0664258972 -0.0454404354 0.0148466974
  endloop
 endfacet

 facet normal -0.461589277 -0.751546562 0.47128886
  outer loop
  vertex -0.0664574429 -0.0454110354 0.0148626864
  vertex -0.0664258972 -0.0454404354 0.0148466974
  vertex -0.0664081573 -0.0454361327 0.0148709379
  endloop
 endfacet

 facet normal -0.457094043 -0.731170833 0.506413162
  outer loop
  vertex -0.0664574429 -0.0454110354 0.0148626864
  vertex -0.0664081573 -0.0454361327 0.0148709379
  vertex -0.0664357543 -0.0454067327 0.0148884738
  endloop
 endfacet

 facet normal -0.416296422 -0.721123815 0.553785026
  outer loop
  vertex -0.0664357543 -0.0454067327 0.0148884738
  vertex -0.0664081573 -0.0454361327 0.0148709379
  vertex -0.0664002672 -0.0454153381 0.0149039468
  endloop
 endfacet

 facet normal -0.416877627 -0.718735218 0.556446493
  outer loop
  vertex -0.0664357543 -0.0454067327 0.0148884738
  vertex -0.0664002672 -0.0454153381 0.0149039468
  vertex -0.0664101243 -0.04540243 0.0149132311
  endloop
 endfacet

 facet normal -0.419176191 -0.715925932 0.558338165
  outer loop
  vertex -0.0664357543 -0.0454067327 0.0148884738
  vertex -0.0664101243 -0.04540243 0.0149132311
  vertex -0.0664219558 -0.045403149 0.0149034308
  endloop
 endfacet

 facet normal -0.39208445 -0.715476513 0.578241467
  outer loop
  vertex -0.0664101243 -0.04540243 0.0149132311
  vertex -0.0664002672 -0.0454153381 0.0149039468
  vertex -0.0663628057 -0.0454275273 0.0149142621
  endloop
 endfacet

 facet normal -0.301680565 -0.780157924 0.548035145
  outer loop
  vertex -0.0663628057 -0.0454275273 0.0149142621
  vertex -0.0663608387 -0.0454583615 0.0148714539
  vertex -0.0663391501 -0.0454533435 0.0148905367
  endloop
 endfacet

 facet normal -0.278613329 -0.775734603 0.566224754
  outer loop
  vertex -0.0663628057 -0.0454275273 0.0149142621
  vertex -0.0663391501 -0.0454533435 0.0148905367
  vertex -0.066315487 -0.0454490408 0.0149080725
  endloop
 endfacet

 facet normal -0.251357317 -0.734298408 0.630575418
  outer loop
  vertex -0.0663628057 -0.0454275273 0.0149142621
  vertex -0.066315487 -0.0454490408 0.0149080725
  vertex -0.0663371757 -0.0454203561 0.014932829
  endloop
 endfacet

 facet normal -0.391686618 -0.733386636 0.555630922
  outer loop
  vertex -0.0663628057 -0.0454275273 0.0149142621
  vertex -0.0664002672 -0.0454153381 0.0149039468
  vertex -0.0664081573 -0.0454361327 0.0148709379
  endloop
 endfacet

 facet normal -0.364483804 -0.763489425 0.533137441
  outer loop
  vertex -0.0663628057 -0.0454275273 0.0149142621
  vertex -0.0664081573 -0.0454361327 0.0148709379
  vertex -0.0663608387 -0.0454583615 0.0148714539
  endloop
 endfacet

 facet normal -0.250078171 -0.734034777 0.631390512
  outer loop
  vertex -0.0663371757 -0.0454203561 0.014932829
  vertex -0.066315487 -0.0454490408 0.0149080725
  vertex -0.0663115457 -0.0454153381 0.014948817
  endloop
 endfacet

 facet normal -0.224945992 -0.739991903 0.63388586
  outer loop
  vertex -0.0663115457 -0.0454153381 0.014948817
  vertex -0.066315487 -0.0454490408 0.0149080725
  vertex -0.066289857 -0.0454440191 0.0149230296
  endloop
 endfacet

 facet normal -0.166861773 -0.725986958 0.667158246
  outer loop
  vertex -0.0663115457 -0.0454153381 0.014948817
  vertex -0.066289857 -0.0454440191 0.0149230296
  vertex -0.0662839413 -0.0454088822 0.014962744
  endloop
 endfacet

 facet normal -0.200887486 -0.674274087 0.710632682
  outer loop
  vertex -0.0663115457 -0.0454153381 0.014948817
  vertex -0.0662839413 -0.0454088822 0.014962744
  vertex -0.0663016886 -0.045378048 0.0149869835
  endloop
 endfacet

 facet normal -0.139112651 -0.66026634 0.738035321
  outer loop
  vertex -0.0663016886 -0.045378048 0.0149869835
  vertex -0.0662839413 -0.0454088822 0.014962744
  vertex -0.0662543699 -0.04540243 0.0149740903
  endloop
 endfacet

 facet normal -0.135763943 -0.656069636 0.742388606
  outer loop
  vertex -0.0663016886 -0.045378048 0.0149869835
  vertex -0.0662543699 -0.04540243 0.0149740903
  vertex -0.0662721172 -0.0453701615 0.0149993617
  endloop
 endfacet

 facet normal -0.058191888 -0.639912248 0.76624155
  outer loop
  vertex -0.0586637817 -0.0436621085 0.0170051493
  vertex -0.0662267655 -0.0453952588 0.0149833737
  vertex -0.0586006939 -0.0436678454 0.0170051493
  endloop
 endfacet

 facet normal -0.109579057 -0.713942111 0.691577375
  outer loop
  vertex -0.0662543699 -0.04540243 0.0149740903
  vertex -0.0662839413 -0.0454088822 0.014962744
  vertex -0.066238597 -0.04543183 0.0149462391
  endloop
 endfacet

 facet normal -0.0763636529 -0.707009256 0.703069448
  outer loop
  vertex -0.0662543699 -0.04540243 0.0149740903
  vertex -0.066238597 -0.04543183 0.0149462391
  vertex -0.0662109926 -0.045426093 0.0149550065
  endloop
 endfacet

 facet normal -0.0617029667 -0.692669272 0.718611181
  outer loop
  vertex -0.0662543699 -0.04540243 0.0149740903
  vertex -0.0662109926 -0.045426093 0.0149550065
  vertex -0.0662267655 -0.0453952588 0.0149833737
  endloop
 endfacet

 facet normal -0.0369133875 -0.68674773 0.725958049
  outer loop
  vertex -0.0662267655 -0.0453952588 0.0149833737
  vertex -0.0662109926 -0.045426093 0.0149550065
  vertex -0.0585494302 -0.0436707139 0.0170051493
  endloop
 endfacet

 facet normal -0.0382573418 -0.683866382 0.728603601
  outer loop
  vertex -0.0662267655 -0.0453952588 0.0149833737
  vertex -0.0585494302 -0.0436707139 0.0170051493
  vertex -0.0586006939 -0.0436678454 0.0170051493
  endloop
 endfacet

 facet normal 0.0928325281 -0.902478874 0.42061156
  outer loop
  vertex -0.0578514934 -0.0436405949 0.0170051493
  vertex -0.0580466762 -0.0436606742 0.0170051493
  vertex -0.0658285096 -0.0454404354 0.0149039468
  endloop
 endfacet

 facet normal 0.0877877921 -0.896509826 0.43423897
  outer loop
  vertex -0.0658285096 -0.0454404354 0.0149039468
  vertex -0.0580466762 -0.0436606742 0.0170051493
  vertex -0.0659822896 -0.045455493 0.0149039468
  endloop
 endfacet

 facet normal 0.0880362988 -0.899047613 0.428909034
  outer loop
  vertex -0.0658285096 -0.0454404354 0.0149039468
  vertex -0.0659822896 -0.045455493 0.0149039468
  vertex -0.0661695898 -0.0455178767 0.0148116257
  endloop
 endfacet

 facet normal 0.0709962398 -0.889066815 0.452238739
  outer loop
  vertex -0.0661695898 -0.0455178767 0.0148116257
  vertex -0.0661695898 -0.0454963669 0.014853918
  vertex -0.066187337 -0.0455006696 0.0148482453
  endloop
 endfacet

 facet normal 0.0255574174 -0.899913728 0.43531841
  outer loop
  vertex -0.0661695898 -0.0455178767 0.0148116257
  vertex -0.066187337 -0.0455006696 0.0148482453
  vertex -0.0662070513 -0.0455049723 0.0148405079
  endloop
 endfacet

 facet normal 0.0201274268 -0.902809322 0.42956984
  outer loop
  vertex -0.0661695898 -0.0455178767 0.0148116257
  vertex -0.0662070513 -0.0455049723 0.0148405079
  vertex -0.066187337 -0.0455214642 0.0148049211
  endloop
 endfacet

 facet normal 0.0583843589 -0.936322689 0.346252769
  outer loop
  vertex -0.0661695898 -0.0455178767 0.0148116257
  vertex -0.066187337 -0.0455214642 0.0148049211
  vertex -0.0661656484 -0.0455336533 0.0147683024
  endloop
 endfacet

 facet normal 0.0894552916 -0.93323338 0.347955942
  outer loop
  vertex -0.0661695898 -0.0455178767 0.0148116257
  vertex -0.0661656484 -0.0455336533 0.0147683024
  vertex -0.0661557913 -0.0455307849 0.0147734592
  endloop
 endfacet

 facet normal 0.089947857 -0.933132291 0.348099858
  outer loop
  vertex -0.0661695898 -0.0455178767 0.0148116257
  vertex -0.0661557913 -0.0455307849 0.0147734592
  vertex -0.0661419928 -0.0455279164 0.0147775859
  endloop
 endfacet

 facet normal 0.073201023 -0.888924718 0.452166438
  outer loop
  vertex -0.0661695898 -0.0455178767 0.0148116257
  vertex -0.0659822896 -0.045455493 0.0149039468
  vertex -0.0661695898 -0.0454963669 0.014853918
  endloop
 endfacet

 facet normal 0.0908219442 -0.93392837 0.345730036
  outer loop
  vertex -0.0661419928 -0.0455279164 0.0147775859
  vertex -0.0661557913 -0.0455307849 0.0147734592
  vertex -0.0661656484 -0.0455336533 0.0147683024
  endloop
 endfacet

 facet normal 0.0434467793 -0.939925075 0.338604897
  outer loop
  vertex -0.0661656484 -0.0455336533 0.0147683024
  vertex -0.066187337 -0.0455214642 0.0148049211
  vertex -0.0661794469 -0.0455365218 0.0147621129
  endloop
 endfacet

 facet normal 0.0205284115 -0.94195956 0.335098207
  outer loop
  vertex -0.0661794469 -0.0455365218 0.0147621129
  vertex -0.066187337 -0.0455214642 0.0148049211
  vertex -0.0661932528 -0.0455393903 0.0147548923
  endloop
 endfacet

 facet normal 0.017120352 -0.941892803 0.335477173
  outer loop
  vertex -0.0661932528 -0.0455393903 0.0147548923
  vertex -0.066187337 -0.0455214642 0.0148049211
  vertex -0.0662188828 -0.0455279164 0.0147884162
  endloop
 endfacet

 facet normal -0.021628743 -0.950843573 0.308915317
  outer loop
  vertex -0.0661932528 -0.0455393903 0.0147548923
  vertex -0.0662188828 -0.0455279164 0.0147884162
  vertex -0.0662326813 -0.0455307849 0.0147786178
  endloop
 endfacet

 facet normal -0.0272641461 -0.953399599 0.300476283
  outer loop
  vertex -0.0661932528 -0.0455393903 0.0147548923
  vertex -0.0662326813 -0.0455307849 0.0147786178
  vertex -0.0662109926 -0.0455444083 0.0147373574
  endloop
 endfacet

 facet normal -0.0555556864 -0.956435859 0.286607921
  outer loop
  vertex -0.0662109926 -0.0455444083 0.0147373574
  vertex -0.0662326813 -0.0455307849 0.0147786178
  vertex -0.0662563443 -0.0455365218 0.0147548923
  endloop
 endfacet

 facet normal -0.0615756288 -0.960126579 0.27270028
  outer loop
  vertex -0.0662109926 -0.0455444083 0.0147373574
  vertex -0.0662563443 -0.0455365218 0.0147548923
  vertex -0.0662208498 -0.0455465615 0.0147275571
  endloop
 endfacet

 facet normal -0.0725975111 -0.963022828 0.259454399
  outer loop
  vertex -0.0662208498 -0.0455465615 0.0147275571
  vertex -0.0662563443 -0.0455365218 0.0147548923
  vertex -0.0662662014 -0.0455393903 0.0147414822
  endloop
 endfacet

 facet normal -0.08454974 -0.970791519 0.224533319
  outer loop
  vertex -0.0662208498 -0.0455465615 0.0147275571
  vertex -0.0662662014 -0.0455393903 0.0147414822
  vertex -0.066238597 -0.0455501452 0.0147053795
  endloop
 endfacet

 facet normal -0.0913288444 -0.971326232 0.219509766
  outer loop
  vertex -0.066238597 -0.0455501452 0.0147053795
  vertex -0.0662662014 -0.0455393903 0.0147414822
  vertex -0.066278033 -0.0455415435 0.0147270411
  endloop
 endfacet

 facet normal -0.113529138 -0.976854026 0.181293607
  outer loop
  vertex -0.066238597 -0.0455501452 0.0147053795
  vertex -0.066278033 -0.0455415435 0.0147270411
  vertex -0.0662563443 -0.0455551669 0.0146672139
  endloop
 endfacet

 facet normal -0.121868074 -0.976423442 0.178172678
  outer loop
  vertex -0.0662563443 -0.0455551669 0.0146672139
  vertex -0.066278033 -0.0455415435 0.0147270411
  vertex -0.0662937984 -0.0455451272 0.014696612
  endloop
 endfacet

 facet normal -0.161984175 -0.978487849 0.127760619
  outer loop
  vertex -0.0662563443 -0.0455551669 0.0146672139
  vertex -0.0662937984 -0.0455451272 0.014696612
  vertex -0.0662977472 -0.0455465615 0.0146806231
  endloop
 endfacet

 facet normal -0.174060985 -0.980452776 0.0917333513
  outer loop
  vertex -0.0662563443 -0.0455551669 0.0146672139
  vertex -0.0662977472 -0.0455465615 0.0146806231
  vertex -0.0663076043 -0.0455479957 0.0146465832
  endloop
 endfacet

 facet normal -0.167311847 -0.983120322 0.0740366206
  outer loop
  vertex -0.0662563443 -0.0455551669 0.0146672139
  vertex -0.0663076043 -0.0455479957 0.0146465832
  vertex -0.066264227 -0.0455558822 0.0146398777
  endloop
 endfacet

 facet normal -0.172728449 -0.984148443 0.0402074344
  outer loop
  vertex -0.066264227 -0.0455558822 0.0146398777
  vertex -0.0663076043 -0.0455479957 0.0146465832
  vertex -0.0663076043 -0.045548711 0.0146290474
  endloop
 endfacet

 facet normal -0.172681317 -0.984165013 0.0400076471
  outer loop
  vertex -0.066264227 -0.0455558822 0.0146398777
  vertex -0.0663076043 -0.045548711 0.0146290474
  vertex -0.0663115457 -0.045548711 0.0146120265
  endloop
 endfacet

 facet normal -0.163048565 -0.986348093 0.0230798293
  outer loop
  vertex -0.066264227 -0.0455558822 0.0146398777
  vertex -0.0663115457 -0.045548711 0.0146120265
  vertex -0.0662662014 -0.0455558822 0.0146259526
  endloop
 endfacet

 facet normal -0.135135129 -0.990827084 0.000307611685
  outer loop
  vertex -0.0662662014 -0.0455558822 0.0146259526
  vertex -0.066278033 -0.0455551669 0.0117366705
  vertex -0.0662622601 -0.0455573164 0.0117366705
  endloop
 endfacet

 facet normal -0.156297669 -0.987709939 0.000395032577
  outer loop
  vertex -0.0662662014 -0.0455558822 0.0146259526
  vertex -0.0663115457 -0.045548711 0.0146120265
  vertex -0.066278033 -0.0455551669 0.0117366705
  endloop
 endfacet

 facet normal -0.572862506 0.22184132 -0.789059579
  outer loop
  vertex -0.0676246211 -0.0399527214 0.0133288186
  vertex -0.0669049919 -0.0437574796 0.0117366705
  vertex -0.0669247061 -0.0438083895 0.0117366705
  endloop
 endfacet

 facet normal -0.618802071 0.201228067 -0.759336114
  outer loop
  vertex -0.0676246211 -0.0399527214 0.0133288186
  vertex -0.0669247061 -0.0438083895 0.0117366705
  vertex -0.0676561669 -0.0399699323 0.0133499652
  endloop
 endfacet

 facet normal -0.666514635 0.177324474 -0.724095583
  outer loop
  vertex -0.0676561669 -0.0399699323 0.0133499652
  vertex -0.0669247061 -0.0438083895 0.0117366705
  vertex -0.0669306219 -0.043830622 0.0117366705
  endloop
 endfacet

 facet normal -0.685878694 0.167075142 -0.708276987
  outer loop
  vertex -0.0676561669 -0.0399699323 0.0133499652
  vertex -0.0669306219 -0.043830622 0.0117366705
  vertex -0.0676857382 -0.0399885736 0.0133742057
  endloop
 endfacet

 facet normal -0.71455276 0.150730342 -0.683150649
  outer loop
  vertex -0.0676857382 -0.0399885736 0.0133742057
  vertex -0.0669306219 -0.043830622 0.0117366705
  vertex -0.0677153096 -0.0400072187 0.013401025
  endloop
 endfacet

 facet normal -0.71756506 0.148909077 -0.68038702
  outer loop
  vertex -0.0677153096 -0.0400072187 0.013401025
  vertex -0.0669306219 -0.043830622 0.0117366705
  vertex -0.066938512 -0.0438686237 0.0117366705
  endloop
 endfacet

 facet normal -0.690546751 -0.723287821 -0.000225176074
  outer loop
  vertex -0.0665678531 -0.045403149 0.0117366705
  vertex -0.0665363073 -0.0454332642 0.0117366705
  vertex -0.0665402487 -0.0454303958 0.0146120265
  endloop
 endfacet

 facet normal -0.647038817 -0.762457073 -0.000126417421
  outer loop
  vertex -0.0665402487 -0.0454303958 0.0146120265
  vertex -0.0665363073 -0.0454332642 0.0117366705
  vertex -0.066506736 -0.0454583615 0.0117366705
  endloop
 endfacet

 facet normal -0.640667319 -0.76781863 0
  outer loop
  vertex -0.0665402487 -0.0454303958 0.0146120265
  vertex -0.066506736 -0.0454583615 0.0117366705
  vertex -0.066506736 -0.0454583615 0.0146120265
  endloop
 endfacet

 facet normal -0.639603734 -0.766544044 0.0575966649
  outer loop
  vertex -0.0665402487 -0.0454303958 0.0146120265
  vertex -0.066506736 -0.0454583615 0.0146120265
  vertex -0.0665047616 -0.0454576425 0.0146434885
  endloop
 endfacet

 facet normal -0.647434473 -0.758585811 0.0733222812
  outer loop
  vertex -0.0665402487 -0.0454303958 0.0146120265
  vertex -0.0665047616 -0.0454576425 0.0146434885
  vertex -0.0665343329 -0.0454289615 0.0146790762
  endloop
 endfacet

 facet normal -0.610367596 -0.782453537 0.123361364
  outer loop
  vertex -0.0665343329 -0.0454289615 0.0146790762
  vertex -0.0665047616 -0.0454576425 0.0146434885
  vertex -0.0664949045 -0.045455493 0.0147058945
  endloop
 endfacet

 facet normal -0.631673276 -0.753165007 0.183661386
  outer loop
  vertex -0.0665343329 -0.0454289615 0.0146790762
  vertex -0.0664949045 -0.045455493 0.0147058945
  vertex -0.0665264502 -0.0454275273 0.0147120841
  endloop
 endfacet

 facet normal -0.627206445 -0.752192855 0.202034682
  outer loop
  vertex -0.0665264502 -0.0454275273 0.0147120841
  vertex -0.0664949045 -0.045455493 0.0147058945
  vertex -0.0665185601 -0.0454253778 0.014744577
  endloop
 endfacet

 facet normal -0.581772029 -0.774803698 0.247427642
  outer loop
  vertex -0.0665185601 -0.0454253778 0.014744577
  vertex -0.0664949045 -0.045455493 0.0147058945
  vertex -0.0664850473 -0.0454533435 0.0147358095
  endloop
 endfacet

 facet normal -0.580500066 -0.774502218 0.251328439
  outer loop
  vertex -0.0665185601 -0.0454253778 0.014744577
  vertex -0.0664850473 -0.0454533435 0.0147358095
  vertex -0.0664751902 -0.0454511903 0.0147652077
  endloop
 endfacet

 facet normal -0.512680292 -0.806176424 0.295361966
  outer loop
  vertex -0.0664751902 -0.0454511903 0.0147652077
  vertex -0.0664535016 -0.0454791561 0.0147265252
  vertex -0.0664633587 -0.0454483218 0.0147935739
  endloop
 endfacet

 facet normal -0.568708599 -0.784234405 0.248086691
  outer loop
  vertex -0.0664751902 -0.0454511903 0.0147652077
  vertex -0.0664850473 -0.0454533435 0.0147358095
  vertex -0.0664535016 -0.0454791561 0.0147265252
  endloop
 endfacet

 facet normal -0.486398458 -0.818768203 0.305016607
  outer loop
  vertex -0.0664633587 -0.0454483218 0.0147935739
  vertex -0.0664535016 -0.0454791561 0.0147265252
  vertex -0.0664298385 -0.0454734191 0.0147796487
  endloop
 endfacet

 facet normal -0.465647429 -0.814210594 0.346747249
  outer loop
  vertex -0.0664633587 -0.0454483218 0.0147935739
  vertex -0.0664298385 -0.0454734191 0.0147796487
  vertex -0.0664160401 -0.0454705507 0.0148049211
  endloop
 endfacet

 facet normal -0.466159761 -0.769193888 0.437076509
  outer loop
  vertex -0.0664633587 -0.0454483218 0.0147935739
  vertex -0.0664160401 -0.0454705507 0.0148049211
  vertex -0.0664436445 -0.0454447381 0.0148209091
  endloop
 endfacet

 facet normal -0.460505009 -0.768055558 0.445000857
  outer loop
  vertex -0.0664436445 -0.0454447381 0.0148209091
  vertex -0.0664160401 -0.0454705507 0.0148049211
  vertex -0.0664258972 -0.0454404354 0.0148466974
  endloop
 endfacet

 facet normal -0.447254598 -0.772275567 0.451169461
  outer loop
  vertex -0.0664258972 -0.0454404354 0.0148466974
  vertex -0.0664160401 -0.0454705507 0.0148049211
  vertex -0.0663982928 -0.0454669669 0.0148286456
  endloop
 endfacet

 facet normal -0.440715909 -0.771130919 0.459485233
  outer loop
  vertex -0.0664258972 -0.0454404354 0.0148466974
  vertex -0.0663982928 -0.0454669669 0.0148286456
  vertex -0.0664081573 -0.0454361327 0.0148709379
  endloop
 endfacet

 facet normal -0.404614776 -0.781270683 0.475292653
  outer loop
  vertex -0.0664081573 -0.0454361327 0.0148709379
  vertex -0.0663982928 -0.0454669669 0.0148286456
  vertex -0.0663805529 -0.0454626642 0.0148508241
  endloop
 endfacet

 facet normal -0.369238049 -0.774046361 0.514310658
  outer loop
  vertex -0.0664081573 -0.0454361327 0.0148709379
  vertex -0.0663805529 -0.0454626642 0.0148508241
  vertex -0.0663608387 -0.0454583615 0.0148714539
  endloop
 endfacet

 facet normal -0.308401585 -0.828443289 0.467514873
  outer loop
  vertex -0.0663608387 -0.0454583615 0.0148714539
  vertex -0.0663805529 -0.0454626642 0.0148508241
  vertex -0.0663332343 -0.0454820246 0.0148477294
  endloop
 endfacet

 facet normal -0.261279523 -0.81820488 0.512126803
  outer loop
  vertex -0.0663608387 -0.0454583615 0.0148714539
  vertex -0.0663332343 -0.0454820246 0.0148477294
  vertex -0.0663391501 -0.0454533435 0.0148905367
  endloop
 endfacet

 facet normal -0.242569491 -0.821111083 0.516659141
  outer loop
  vertex -0.0663391501 -0.0454533435 0.0148905367
  vertex -0.0663332343 -0.0454820246 0.0148477294
  vertex -0.0663115457 -0.0454777218 0.0148647493
  endloop
 endfacet

 facet normal -0.237207577 -0.819820642 0.521178186
  outer loop
  vertex -0.0663391501 -0.0454533435 0.0148905367
  vertex -0.0663115457 -0.0454777218 0.0148647493
  vertex -0.066315487 -0.0454490408 0.0149080725
  endloop
 endfacet

 facet normal -0.203920692 -0.824740469 0.527465165
  outer loop
  vertex -0.066315487 -0.0454490408 0.0149080725
  vertex -0.0663115457 -0.0454777218 0.0148647493
  vertex -0.0662918314 -0.0454727001 0.0148802223
  endloop
 endfacet

 facet normal -0.165967837 -0.816616654 0.552803695
  outer loop
  vertex -0.066315487 -0.0454490408 0.0149080725
  vertex -0.0662918314 -0.0454727001 0.0148802223
  vertex -0.0662701428 -0.0454676822 0.0148941474
  endloop
 endfacet

 facet normal -0.164502412 -0.815074444 0.555511117
  outer loop
  vertex -0.066315487 -0.0454490408 0.0149080725
  vertex -0.0662701428 -0.0454676822 0.0148941474
  vertex -0.066289857 -0.0454440191 0.0149230296
  endloop
 endfacet

 facet normal -0.147680044 -0.812084079 0.564544201
  outer loop
  vertex -0.066289857 -0.0454440191 0.0149230296
  vertex -0.0662701428 -0.0454676822 0.0148941474
  vertex -0.0662464872 -0.0454633795 0.0149065256
  endloop
 endfacet

 facet normal -0.107232593 -0.773118138 0.625131726
  outer loop
  vertex -0.066289857 -0.0454440191 0.0149230296
  vertex -0.0662464872 -0.0454633795 0.0149065256
  vertex -0.066264227 -0.0454375669 0.0149354078
  endloop
 endfacet

 facet normal -0.138300151 -0.731442451 0.667731285
  outer loop
  vertex -0.066289857 -0.0454440191 0.0149230296
  vertex -0.066264227 -0.0454375669 0.0149354078
  vertex -0.0662839413 -0.0454088822 0.014962744
  endloop
 endfacet

 facet normal -0.122475177 -0.727537513 0.675047398
  outer loop
  vertex -0.0662839413 -0.0454088822 0.014962744
  vertex -0.066264227 -0.0454375669 0.0149354078
  vertex -0.066238597 -0.04543183 0.0149462391
  endloop
 endfacet

 facet normal -0.0900619254 -0.771017969 0.630412698
  outer loop
  vertex -0.066238597 -0.04543183 0.0149462391
  vertex -0.0662464872 -0.0454633795 0.0149065256
  vertex -0.0662208498 -0.0454583615 0.014916325
  endloop
 endfacet

 facet normal -0.047301963 -0.761064649 0.646949172
  outer loop
  vertex -0.066238597 -0.04543183 0.0149462391
  vertex -0.0662208498 -0.0454583615 0.014916325
  vertex -0.0662109926 -0.045426093 0.0149550065
  endloop
 endfacet

 facet normal -0.0941478536 -0.7703197 0.630669296
  outer loop
  vertex -0.066238597 -0.04543183 0.0149462391
  vertex -0.066264227 -0.0454375669 0.0149354078
  vertex -0.0662464872 -0.0454633795 0.0149065256
  endloop
 endfacet

 facet normal 0.00433811126 -0.768423021 0.639927506
  outer loop
  vertex -0.0662109926 -0.045426093 0.0149550065
  vertex -0.0662208498 -0.0454583615 0.014916325
  vertex -0.0583325587 -0.0436742976 0.0170051493
  endloop
 endfacet

 facet normal 0 -0.7602579 0.649621367
  outer loop
  vertex -0.0662109926 -0.045426093 0.0149550065
  vertex -0.0583325587 -0.0436742976 0.0170051493
  vertex -0.0584666245 -0.0436742976 0.0170051493
  endloop
 endfacet

 facet normal -0.0303177517 -0.700458467 0.713048935
  outer loop
  vertex -0.0662109926 -0.045426093 0.0149550065
  vertex -0.0584666245 -0.0436742976 0.0170051493
  vertex -0.0585494302 -0.0436707139 0.0170051493
  endloop
 endfacet

 facet normal 0.0565312766 -0.854486108 0.51638931
  outer loop
  vertex -0.0580466762 -0.0436606742 0.0170051493
  vertex -0.0580683649 -0.0436621085 0.0170051493
  vertex -0.0659822896 -0.045455493 0.0149039468
  endloop
 endfacet

 facet normal 0.0535934344 -0.850171208 0.523771584
  outer loop
  vertex -0.0659822896 -0.045455493 0.0149039468
  vertex -0.0580683649 -0.0436621085 0.0170051493
  vertex -0.0661301613 -0.0454648137 0.0149039468
  endloop
 endfacet

 facet normal 0.0544266999 -0.863389611 0.50159353
  outer loop
  vertex -0.0659822896 -0.045455493 0.0149039468
  vertex -0.0661301613 -0.0454648137 0.0149039468
  vertex -0.0661695898 -0.0454963669 0.014853918
  endloop
 endfacet

 facet normal 0.0470428839 -0.861222267 0.506046474
  outer loop
  vertex -0.0661695898 -0.0454963669 0.014853918
  vertex -0.0661301613 -0.0454648137 0.0149039468
  vertex -0.066187337 -0.0455006696 0.0148482453
  endloop
 endfacet

 facet normal 0.0348304436 -0.856251895 0.515382946
  outer loop
  vertex -0.066187337 -0.0455006696 0.0148482453
  vertex -0.0661301613 -0.0454648137 0.0149039468
  vertex -0.0662050843 -0.0454805903 0.0148828011
  endloop
 endfacet

 facet normal -0.00270436774 -0.865248382 0.501336217
  outer loop
  vertex -0.066187337 -0.0455006696 0.0148482453
  vertex -0.0662050843 -0.0454805903 0.0148828011
  vertex -0.0662247986 -0.0454856083 0.0148740327
  endloop
 endfacet

 facet normal -0.00603728881 -0.867324293 0.49770686
  outer loop
  vertex -0.066187337 -0.0455006696 0.0148482453
  vertex -0.0662247986 -0.0454856083 0.0148740327
  vertex -0.0662070513 -0.0455049723 0.0148405079
  endloop
 endfacet

 facet normal -0.0408637635 -0.87445128 0.483389318
  outer loop
  vertex -0.0662070513 -0.0455049723 0.0148405079
  vertex -0.0662247986 -0.0454856083 0.0148740327
  vertex -0.0662247986 -0.0455092713 0.0148312254
  endloop
 endfacet

 facet normal 1.85237946e-06 -0.90729326 0.420498461
  outer loop
  vertex -0.0662070513 -0.0455049723 0.0148405079
  vertex -0.0662247986 -0.0455092713 0.0148312254
  vertex -0.066187337 -0.0455214642 0.0148049211
  endloop
 endfacet

 facet normal -0.0199592859 -0.917655885 0.396874547
  outer loop
  vertex -0.066187337 -0.0455214642 0.0148049211
  vertex -0.0662247986 -0.0455092713 0.0148312254
  vertex -0.0662188828 -0.0455279164 0.0147884162
  endloop
 endfacet

 facet normal -0.0434126072 -0.918149412 0.393849134
  outer loop
  vertex -0.0662188828 -0.0455279164 0.0147884162
  vertex -0.0662247986 -0.0455092713 0.0148312254
  vertex -0.0662425384 -0.0455128588 0.0148209091
  endloop
 endfacet

 facet normal -0.0737745836 -0.924258053 0.374572515
  outer loop
  vertex -0.0662188828 -0.0455279164 0.0147884162
  vertex -0.0662425384 -0.0455128588 0.0148209091
  vertex -0.0662326813 -0.0455307849 0.0147786178
  endloop
 endfacet

 facet normal -0.0744894072 -0.924266696 0.374409527
  outer loop
  vertex -0.0662326813 -0.0455307849 0.0147786178
  vertex -0.0662425384 -0.0455128588 0.0148209091
  vertex -0.0662602857 -0.0455164425 0.0148085309
  endloop
 endfacet

 facet normal -0.0938137695 -0.928721189 0.358714312
  outer loop
  vertex -0.0662326813 -0.0455307849 0.0147786178
  vertex -0.0662602857 -0.0455164425 0.0148085309
  vertex -0.0662740842 -0.04552003 0.0147956377
  endloop
 endfacet

 facet normal -0.106603757 -0.936951399 0.332802594
  outer loop
  vertex -0.0662326813 -0.0455307849 0.0147786178
  vertex -0.0662740842 -0.04552003 0.0147956377
  vertex -0.0662563443 -0.0455365218 0.0147548923
  endloop
 endfacet

 facet normal -0.134534299 -0.937519908 0.320869148
  outer loop
  vertex -0.0662563443 -0.0455365218 0.0147548923
  vertex -0.0662740842 -0.04552003 0.0147956377
  vertex -0.0663016886 -0.0455264822 0.0147652077
  endloop
 endfacet

 facet normal -0.139410704 -0.942367792 0.304150581
  outer loop
  vertex -0.0662563443 -0.0455365218 0.0147548923
  vertex -0.0663016886 -0.0455264822 0.0147652077
  vertex -0.0662662014 -0.0455393903 0.0147414822
  endloop
 endfacet

 facet normal -0.161797985 -0.948086917 0.273774803
  outer loop
  vertex -0.0662662014 -0.0455393903 0.0147414822
  vertex -0.0663016886 -0.0455264822 0.0147652077
  vertex -0.066278033 -0.0455415435 0.0147270411
  endloop
 endfacet

 facet normal -0.211744174 -0.946810484 0.242310345
  outer loop
  vertex -0.066278033 -0.0455415435 0.0147270411
  vertex -0.0663016886 -0.0455264822 0.0147652077
  vertex -0.0663115457 -0.0455286354 0.0147481877
  endloop
 endfacet

 facet normal -0.212825477 -0.946978986 0.240699396
  outer loop
  vertex -0.066278033 -0.0455415435 0.0147270411
  vertex -0.0663115457 -0.0455286354 0.0147481877
  vertex -0.0663332343 -0.0455329381 0.0147120841
  endloop
 endfacet

 facet normal -0.208196506 -0.952987313 0.220157802
  outer loop
  vertex -0.066278033 -0.0455415435 0.0147270411
  vertex -0.0663332343 -0.0455329381 0.0147120841
  vertex -0.0662937984 -0.0455451272 0.014696612
  endloop
 endfacet

 facet normal -0.226167142 -0.957676888 0.178054243
  outer loop
  vertex -0.0662937984 -0.0455451272 0.014696612
  vertex -0.0663332343 -0.0455329381 0.0147120841
  vertex -0.0663391501 -0.0455350876 0.0146930013
  endloop
 endfacet

 facet normal -0.224698707 -0.964036345 0.141931221
  outer loop
  vertex -0.0662937984 -0.0455451272 0.014696612
  vertex -0.0663391501 -0.0455350876 0.0146930013
  vertex -0.0662977472 -0.0455465615 0.0146806231
  endloop
 endfacet

 facet normal -0.23456949 -0.96579361 0.110543132
  outer loop
  vertex -0.0662977472 -0.0455465615 0.0146806231
  vertex -0.0663391501 -0.0455350876 0.0146930013
  vertex -0.0663490072 -0.0455372408 0.0146532878
  endloop
 endfacet

 facet normal -0.233491406 -0.966303527 0.108347505
  outer loop
  vertex -0.0662977472 -0.0455465615 0.0146806231
  vertex -0.0663490072 -0.0455372408 0.0146532878
  vertex -0.0663076043 -0.0455479957 0.0146465832
  endloop
 endfacet

 facet normal -0.243881032 -0.968620956 0.0479119532
  outer loop
  vertex -0.0663076043 -0.0455479957 0.0146465832
  vertex -0.0663490072 -0.0455372408 0.0146532878
  vertex -0.0663115457 -0.045548711 0.0146120265
  endloop
 endfacet

 facet normal -0.173519194 -0.984009683 0.0402017683
  outer loop
  vertex -0.0663076043 -0.0455479957 0.0146465832
  vertex -0.0663115457 -0.045548711 0.0146120265
  vertex -0.0663076043 -0.045548711 0.0146290474
  endloop
 endfacet

 facet normal -0.189080328 -0.981961668 0
  outer loop
  vertex -0.0663115457 -0.045548711 0.0146120265
  vertex -0.0663115457 -0.045548711 0.0117366705
  vertex -0.066278033 -0.0455551669 0.0117366705
  endloop
 endfacet

 facet normal -0.25123626 -0.967065454 0.040801812
  outer loop
  vertex -0.0663115457 -0.045548711 0.0146120265
  vertex -0.0663490072 -0.0455372408 0.0146532878
  vertex -0.0663529485 -0.0455379561 0.0146120265
  endloop
 endfacet

 facet normal -0.251445711 -0.967871428 0
  outer loop
  vertex -0.0663115457 -0.045548711 0.0146120265
  vertex -0.0663529485 -0.0455379561 0.0146120265
  vertex -0.0663529485 -0.0455379561 0.0117366705
  endloop
 endfacet

 facet normal -0.251445711 -0.967871428 0
  outer loop
  vertex -0.0663115457 -0.045548711 0.0146120265
  vertex -0.0663529485 -0.0455379561 0.0117366705
  vertex -0.0663115457 -0.045548711 0.0117366705
  endloop
 endfacet

 facet normal -0.568486631 -0.822692573 0
  outer loop
  vertex -0.066506736 -0.0454583615 0.0117366705
  vertex -0.0664673001 -0.0454856083 0.0117366705
  vertex -0.066506736 -0.0454583615 0.0146120265
  endloop
 endfacet

 facet normal -0.566239357 -0.824240863 4.54915535e-05
  outer loop
  vertex -0.066506736 -0.0454583615 0.0146120265
  vertex -0.0664673001 -0.0454856083 0.0117366705
  vertex -0.0664712414 -0.0454827435 0.0146120265
  endloop
 endfacet

 facet normal -0.565564275 -0.823258102 0.0488179326
  outer loop
  vertex -0.066506736 -0.0454583615 0.0146120265
  vertex -0.0664712414 -0.0454827435 0.0146120265
  vertex -0.0664673001 -0.0454820246 0.0146697927
  endloop
 endfacet

 facet normal -0.571304917 -0.818925619 0.0545114577
  outer loop
  vertex -0.066506736 -0.0454583615 0.0146120265
  vertex -0.0664673001 -0.0454820246 0.0146697927
  vertex -0.0665047616 -0.0454576425 0.0146434885
  endloop
 endfacet

 facet normal -0.600204945 -0.790482283 0.122032575
  outer loop
  vertex -0.0665047616 -0.0454576425 0.0146434885
  vertex -0.0664673001 -0.0454820246 0.0146697927
  vertex -0.0664949045 -0.045455493 0.0147058945
  endloop
 endfacet

 facet normal -0.567910314 -0.807536542 0.159256488
  outer loop
  vertex -0.0664949045 -0.045455493 0.0147058945
  vertex -0.0664673001 -0.0454820246 0.0146697927
  vertex -0.0664613843 -0.0454805903 0.0146981589
  endloop
 endfacet

 facet normal -0.558359206 -0.80611074 0.19601205
  outer loop
  vertex -0.0664949045 -0.045455493 0.0147058945
  vertex -0.0664613843 -0.0454805903 0.0146981589
  vertex -0.0664535016 -0.0454791561 0.0147265252
  endloop
 endfacet

 facet normal -0.570033431 -0.784475267 0.244254991
  outer loop
  vertex -0.0664949045 -0.045455493 0.0147058945
  vertex -0.0664535016 -0.0454791561 0.0147265252
  vertex -0.0664850473 -0.0454533435 0.0147358095
  endloop
 endfacet

 facet normal -0.458055556 -0.87222904 0.171469465
  outer loop
  vertex -0.0664535016 -0.0454791561 0.0147265252
  vertex -0.0664613843 -0.0454805903 0.0146981589
  vertex -0.0664219558 -0.0455028191 0.0146904225
  endloop
 endfacet

 facet normal -0.453095615 -0.873753548 0.176802441
  outer loop
  vertex -0.0664535016 -0.0454791561 0.0147265252
  vertex -0.0664219558 -0.0455028191 0.0146904225
  vertex -0.0664160401 -0.0455006696 0.0147162108
  endloop
 endfacet

 facet normal -0.439455688 -0.87084049 0.220262498
  outer loop
  vertex -0.0664535016 -0.0454791561 0.0147265252
  vertex -0.0664160401 -0.0455006696 0.0147162108
  vertex -0.0664081573 -0.0454985164 0.0147404512
  endloop
 endfacet

 facet normal -0.449937552 -0.844140708 0.291517854
  outer loop
  vertex -0.0664535016 -0.0454791561 0.0147265252
  vertex -0.0664081573 -0.0454985164 0.0147404512
  vertex -0.0664298385 -0.0454734191 0.0147796487
  endloop
 endfacet

 facet normal -0.418640107 -0.852154016 0.313964754
  outer loop
  vertex -0.0664298385 -0.0454734191 0.0147796487
  vertex -0.0664081573 -0.0454985164 0.0147404512
  vertex -0.0663943514 -0.0454963669 0.0147646917
  endloop
 endfacet

 facet normal -0.414178163 -0.851025105 0.322819859
  outer loop
  vertex -0.0664298385 -0.0454734191 0.0147796487
  vertex -0.0663943514 -0.0454963669 0.0147646917
  vertex -0.0664160401 -0.0454705507 0.0148049211
  endloop
 endfacet

 facet normal -0.378623098 -0.858205199 0.346595407
  outer loop
  vertex -0.0664160401 -0.0454705507 0.0148049211
  vertex -0.0663943514 -0.0454963669 0.0147646917
  vertex -0.0663805529 -0.0454934984 0.0147868693
  endloop
 endfacet

 facet normal -0.362805247 -0.854156017 0.372545272
  outer loop
  vertex -0.0664160401 -0.0454705507 0.0148049211
  vertex -0.0663805529 -0.0454934984 0.0147868693
  vertex -0.066366747 -0.045489911 0.0148085309
  endloop
 endfacet

 facet normal -0.360593528 -0.843931556 0.397179931
  outer loop
  vertex -0.0664160401 -0.0454705507 0.0148049211
  vertex -0.066366747 -0.045489911 0.0148085309
  vertex -0.0663982928 -0.0454669669 0.0148286456
  endloop
 endfacet

 facet normal -0.335003227 -0.838059783 0.430614293
  outer loop
  vertex -0.0663982928 -0.0454669669 0.0148286456
  vertex -0.066366747 -0.045489911 0.0148085309
  vertex -0.0663805529 -0.0454626642 0.0148508241
  endloop
 endfacet

 facet normal -0.332546085 -0.838484883 0.431689918
  outer loop
  vertex -0.0663805529 -0.0454626642 0.0148508241
  vertex -0.066366747 -0.045489911 0.0148085309
  vertex -0.0663490072 -0.0454863273 0.0148291616
  endloop
 endfacet

 facet normal -0.311010838 -0.833180308 0.45725581
  outer loop
  vertex -0.0663805529 -0.0454626642 0.0148508241
  vertex -0.0663490072 -0.0454863273 0.0148291616
  vertex -0.0663332343 -0.0454820246 0.0148477294
  endloop
 endfacet

 facet normal -0.233385116 -0.873444557 0.427347481
  outer loop
  vertex -0.0663332343 -0.0454820246 0.0148477294
  vertex -0.0663194358 -0.0455064066 0.0148054361
  vertex -0.0663016886 -0.0455028191 0.014822457
  endloop
 endfacet

 facet normal -0.194958329 -0.862757921 0.466518998
  outer loop
  vertex -0.0663332343 -0.0454820246 0.0148477294
  vertex -0.0663016886 -0.0455028191 0.014822457
  vertex -0.0663115457 -0.0454777218 0.0148647493
  endloop
 endfacet

 facet normal -0.255477369 -0.871339917 0.418925047
  outer loop
  vertex -0.0663332343 -0.0454820246 0.0148477294
  vertex -0.0663490072 -0.0454863273 0.0148291616
  vertex -0.0663194358 -0.0455064066 0.0148054361
  endloop
 endfacet

 facet normal -0.185971722 -0.863399625 0.468994349
  outer loop
  vertex -0.0663115457 -0.0454777218 0.0148647493
  vertex -0.0663016886 -0.0455028191 0.014822457
  vertex -0.0662839413 -0.0454985164 0.0148374131
  endloop
 endfacet

 facet normal -0.169994399 -0.859452128 0.482124507
  outer loop
  vertex -0.0663115457 -0.0454777218 0.0148647493
  vertex -0.0662839413 -0.0454985164 0.0148374131
  vertex -0.0662662014 -0.0454942137 0.0148513401
  endloop
 endfacet

 facet normal -0.166416377 -0.855825365 0.489763796
  outer loop
  vertex -0.0663115457 -0.0454777218 0.0148647493
  vertex -0.0662662014 -0.0454942137 0.0148513401
  vertex -0.0662918314 -0.0454727001 0.0148802223
  endloop
 endfacet

 facet normal -0.145648375 -0.850985527 0.504589021
  outer loop
  vertex -0.0662918314 -0.0454727001 0.0148802223
  vertex -0.0662662014 -0.0454942137 0.0148513401
  vertex -0.0662484542 -0.045489911 0.0148637174
  endloop
 endfacet

 facet normal -0.137585461 -0.843962848 0.518456399
  outer loop
  vertex -0.0662918314 -0.0454727001 0.0148802223
  vertex -0.0662484542 -0.045489911 0.0148637174
  vertex -0.0662701428 -0.0454676822 0.0148941474
  endloop
 endfacet

 facet normal -0.122722745 -0.841020584 0.526899934
  outer loop
  vertex -0.0662701428 -0.0454676822 0.0148941474
  vertex -0.0662484542 -0.045489911 0.0148637174
  vertex -0.0662464872 -0.0454633795 0.0149065256
  endloop
 endfacet

 facet normal -0.0513030589 -0.839883924 0.540336072
  outer loop
  vertex -0.0662464872 -0.0454633795 0.0149065256
  vertex -0.0662247986 -0.0454856083 0.0148740327
  vertex -0.0662149414 -0.0454669669 0.0149039468
  endloop
 endfacet

 facet normal -0.0491608456 -0.830968738 0.554142833
  outer loop
  vertex -0.0662464872 -0.0454633795 0.0149065256
  vertex -0.0662149414 -0.0454669669 0.0149039468
  vertex -0.0662208498 -0.0454583615 0.014916325
  endloop
 endfacet

 facet normal -0.076276198 -0.845933139 0.527805924
  outer loop
  vertex -0.0662464872 -0.0454633795 0.0149065256
  vertex -0.0662484542 -0.045489911 0.0148637174
  vertex -0.0662247986 -0.0454856083 0.0148740327
  endloop
 endfacet

 facet normal 0.0207127705 -0.816265047 0.577306271
  outer loop
  vertex -0.0662208498 -0.0454583615 0.014916325
  vertex -0.0662149414 -0.0454669669 0.0149039468
  vertex -0.0661301613 -0.0454648137 0.0149039468
  endloop
 endfacet

 facet normal 0.0240713246 -0.803265274 0.595134795
  outer loop
  vertex -0.0662208498 -0.0454583615 0.014916325
  vertex -0.0661301613 -0.0454648137 0.0149039468
  vertex -0.0582103208 -0.0436707139 0.0170051493
  endloop
 endfacet

 facet normal 0.023524737 -0.802323937 0.596425295
  outer loop
  vertex -0.0662208498 -0.0454583615 0.014916325
  vertex -0.0582103208 -0.0436707139 0.0170051493
  vertex -0.0583325587 -0.0436742976 0.0170051493
  endloop
 endfacet

 facet normal 0.0513279662 -0.846742153 0.529521644
  outer loop
  vertex -0.0580683649 -0.0436621085 0.0170051493
  vertex -0.0582103208 -0.0436707139 0.0170051493
  vertex -0.0661301613 -0.0454648137 0.0149039468
  endloop
 endfacet

 facet normal 0.0212112069 -0.835907817 0.548459888
  outer loop
  vertex -0.0661301613 -0.0454648137 0.0149039468
  vertex -0.0662149414 -0.0454669669 0.0149039468
  vertex -0.0662050843 -0.0454805903 0.0148828011
  endloop
 endfacet

 facet normal -0.0223873071 -0.845136821 0.534080982
  outer loop
  vertex -0.0662050843 -0.0454805903 0.0148828011
  vertex -0.0662149414 -0.0454669669 0.0149039468
  vertex -0.0662247986 -0.0454856083 0.0148740327
  endloop
 endfacet

 facet normal -0.0516991764 -0.874011934 0.483146489
  outer loop
  vertex -0.0662247986 -0.0454856083 0.0148740327
  vertex -0.0662484542 -0.045489911 0.0148637174
  vertex -0.0662247986 -0.0455092713 0.0148312254
  endloop
 endfacet

 facet normal -0.0895213559 -0.882918 0.460913986
  outer loop
  vertex -0.0662247986 -0.0455092713 0.0148312254
  vertex -0.0662484542 -0.045489911 0.0148637174
  vertex -0.0662425384 -0.0455128588 0.0148209091
  endloop
 endfacet

 facet normal -0.105805032 -0.882425427 0.45840019
  outer loop
  vertex -0.0662425384 -0.0455128588 0.0148209091
  vertex -0.0662484542 -0.045489911 0.0148637174
  vertex -0.0662662014 -0.0454942137 0.0148513401
  endloop
 endfacet

 facet normal -0.129666805 -0.887206018 0.442777574
  outer loop
  vertex -0.0662425384 -0.0455128588 0.0148209091
  vertex -0.0662662014 -0.0454942137 0.0148513401
  vertex -0.0662602857 -0.0455164425 0.0148085309
  endloop
 endfacet

 facet normal -0.132095724 -0.887054443 0.442363262
  outer loop
  vertex -0.0662602857 -0.0455164425 0.0148085309
  vertex -0.0662662014 -0.0454942137 0.0148513401
  vertex -0.0662839413 -0.0454985164 0.0148374131
  endloop
 endfacet

 facet normal -0.147783756 -0.890002251 0.431342065
  outer loop
  vertex -0.0662602857 -0.0455164425 0.0148085309
  vertex -0.0662839413 -0.0454985164 0.0148374131
  vertex -0.0663016886 -0.0455028191 0.014822457
  endloop
 endfacet

 facet normal -0.1552113 -0.896293163 0.415413111
  outer loop
  vertex -0.0662602857 -0.0455164425 0.0148085309
  vertex -0.0663016886 -0.0455028191 0.014822457
  vertex -0.0662740842 -0.04552003 0.0147956377
  endloop
 endfacet

 facet normal -0.187881514 -0.903097272 0.386155277
  outer loop
  vertex -0.0662740842 -0.04552003 0.0147956377
  vertex -0.0663016886 -0.0455028191 0.014822457
  vertex -0.0663194358 -0.0455064066 0.0148054361
  endloop
 endfacet

 facet normal -0.193569571 -0.909280241 0.368429512
  outer loop
  vertex -0.0662740842 -0.04552003 0.0147956377
  vertex -0.0663194358 -0.0455064066 0.0148054361
  vertex -0.0663016886 -0.0455264822 0.0147652077
  endloop
 endfacet

 facet normal -0.199853867 -0.90907979 0.365557611
  outer loop
  vertex -0.0663016886 -0.0455264822 0.0147652077
  vertex -0.0663194358 -0.0455064066 0.0148054361
  vertex -0.0663352087 -0.0455099903 0.0147879003
  endloop
 endfacet

 facet normal -0.244726419 -0.919704914 0.30700469
  outer loop
  vertex -0.0663016886 -0.0455264822 0.0147652077
  vertex -0.0663352087 -0.0455099903 0.0147879003
  vertex -0.0663490072 -0.0455128588 0.0147683024
  endloop
 endfacet

 facet normal -0.248858541 -0.927604556 0.278602302
  outer loop
  vertex -0.0663016886 -0.0455264822 0.0147652077
  vertex -0.0663490072 -0.0455128588 0.0147683024
  vertex -0.0663608387 -0.0455157273 0.0147481877
  endloop
 endfacet

 facet normal -0.244631365 -0.934173465 0.259760797
  outer loop
  vertex -0.0663016886 -0.0455264822 0.0147652077
  vertex -0.0663608387 -0.0455157273 0.0147481877
  vertex -0.0663115457 -0.0455286354 0.0147481877
  endloop
 endfacet

 facet normal -0.244725227 -0.934531927 0.258378565
  outer loop
  vertex -0.0663115457 -0.0455286354 0.0147481877
  vertex -0.0663608387 -0.0455157273 0.0147481877
  vertex -0.0663332343 -0.0455329381 0.0147120841
  endloop
 endfacet

 facet normal -0.283828855 -0.93159765 0.227083951
  outer loop
  vertex -0.0663332343 -0.0455329381 0.0147120841
  vertex -0.0663608387 -0.0455157273 0.0147481877
  vertex -0.0663706958 -0.0455178767 0.0147270411
  endloop
 endfacet

 facet normal -0.296811759 -0.93432802 0.197316974
  outer loop
  vertex -0.0663332343 -0.0455329381 0.0147120841
  vertex -0.0663706958 -0.0455178767 0.0147270411
  vertex -0.0663391501 -0.0455350876 0.0146930013
  endloop
 endfacet

 facet normal -0.320232183 -0.931215227 0.174039289
  outer loop
  vertex -0.0663391501 -0.0455350876 0.0146930013
  vertex -0.0663706958 -0.0455178767 0.0147270411
  vertex -0.0663785785 -0.045519311 0.0147048635
  endloop
 endfacet

 facet normal -0.329672724 -0.932908118 0.144908801
  outer loop
  vertex -0.0663391501 -0.0455350876 0.0146930013
  vertex -0.0663785785 -0.045519311 0.0147048635
  vertex -0.0663844943 -0.0455207452 0.0146821709
  endloop
 endfacet

 facet normal -0.329103023 -0.933619738 0.141581193
  outer loop
  vertex -0.0663391501 -0.0455350876 0.0146930013
  vertex -0.0663844943 -0.0455207452 0.0146821709
  vertex -0.0663904101 -0.0455221795 0.0146589605
  endloop
 endfacet

 facet normal -0.322967112 -0.937308013 0.130942613
  outer loop
  vertex -0.0663391501 -0.0455350876 0.0146930013
  vertex -0.0663904101 -0.0455221795 0.0146589605
  vertex -0.0663490072 -0.0455372408 0.0146532878
  endloop
 endfacet

 facet normal -0.334452629 -0.940734744 0.0562103912
  outer loop
  vertex -0.0663490072 -0.0455372408 0.0146532878
  vertex -0.0663904101 -0.0455221795 0.0146589605
  vertex -0.0663923845 -0.0455228984 0.0146352369
  endloop
 endfacet

 facet normal -0.331544131 -0.942215562 0.048045285
  outer loop
  vertex -0.0663490072 -0.0455372408 0.0146532878
  vertex -0.0663923845 -0.0455228984 0.0146352369
  vertex -0.0663529485 -0.0455379561 0.0146120265
  endloop
 endfacet

 facet normal -0.341659784 -0.939375639 0.0290167332
  outer loop
  vertex -0.0663529485 -0.0455379561 0.0146120265
  vertex -0.0663923845 -0.0455228984 0.0146352369
  vertex -0.0663943514 -0.0455228984 0.0146120265
  endloop
 endfacet

 facet normal -0.34180373 -0.939771354 0
  outer loop
  vertex -0.0663529485 -0.0455379561 0.0146120265
  vertex -0.0663943514 -0.0455228984 0.0146120265
  vertex -0.0663943514 -0.0455228984 0.0117366705
  endloop
 endfacet

 facet normal -0.34180373 -0.939771354 0
  outer loop
  vertex -0.0663529485 -0.0455379561 0.0146120265
  vertex -0.0663943514 -0.0455228984 0.0117366705
  vertex -0.0663529485 -0.0455379561 0.0117366705
  endloop
 endfacet

 facet normal -0.500201821 -0.865908861 0
  outer loop
  vertex -0.0664673001 -0.0454856083 0.0117366705
  vertex -0.0664337873 -0.0455049723 0.0117366705
  vertex -0.0664337873 -0.0455049723 0.0146120265
  endloop
 endfacet

 facet normal -0.51031971 -0.859984815 0.000157828981
  outer loop
  vertex -0.0664673001 -0.0454856083 0.0117366705
  vertex -0.0664337873 -0.0455049723 0.0146120265
  vertex -0.0664712414 -0.0454827435 0.0146120265
  endloop
 endfacet

 facet normal -0.509792209 -0.859095931 0.045455195
  outer loop
  vertex -0.0664712414 -0.0454827435 0.0146120265
  vertex -0.0664337873 -0.0455049723 0.0146120265
  vertex -0.0664673001 -0.0454820246 0.0146697927
  endloop
 endfacet

 facet normal -0.490778983 -0.869181573 0.0604931787
  outer loop
  vertex -0.0664673001 -0.0454820246 0.0146697927
  vertex -0.0664337873 -0.0455049723 0.0146120265
  vertex -0.0664298385 -0.0455035344 0.0146646341
  endloop
 endfacet

 facet normal -0.477885485 -0.866625786 0.143474981
  outer loop
  vertex -0.0664673001 -0.0454820246 0.0146697927
  vertex -0.0664298385 -0.0455035344 0.0146646341
  vertex -0.0664613843 -0.0454805903 0.0146981589
  endloop
 endfacet

 facet normal -0.459621161 -0.87268877 0.164810821
  outer loop
  vertex -0.0664613843 -0.0454805903 0.0146981589
  vertex -0.0664298385 -0.0455035344 0.0146646341
  vertex -0.0664219558 -0.0455028191 0.0146904225
  endloop
 endfacet

 facet normal -0.397893786 -0.903850973 0.157270715
  outer loop
  vertex -0.0664219558 -0.0455028191 0.0146904225
  vertex -0.0663904101 -0.0455221795 0.0146589605
  vertex -0.0663844943 -0.0455207452 0.0146821709
  endloop
 endfacet

 facet normal -0.397051632 -0.903632402 0.160618812
  outer loop
  vertex -0.0664219558 -0.0455028191 0.0146904225
  vertex -0.0663844943 -0.0455207452 0.0146821709
  vertex -0.0663785785 -0.045519311 0.0147048635
  endloop
 endfacet

 facet normal -0.398406982 -0.901949167 0.16661194
  outer loop
  vertex -0.0664219558 -0.0455028191 0.0146904225
  vertex -0.0663785785 -0.045519311 0.0147048635
  vertex -0.0664160401 -0.0455006696 0.0147162108
  endloop
 endfacet

 facet normal -0.405092955 -0.902060688 0.148950487
  outer loop
  vertex -0.0664219558 -0.0455028191 0.0146904225
  vertex -0.0664298385 -0.0455035344 0.0146646341
  vertex -0.0663904101 -0.0455221795 0.0146589605
  endloop
 endfacet

 facet normal -0.388562411 -0.900261521 0.196337983
  outer loop
  vertex -0.0664160401 -0.0455006696 0.0147162108
  vertex -0.0663785785 -0.045519311 0.0147048635
  vertex -0.0663706958 -0.0455178767 0.0147270411
  endloop
 endfacet

 facet normal -0.389904439 -0.897403479 0.206498295
  outer loop
  vertex -0.0664160401 -0.0455006696 0.0147162108
  vertex -0.0663706958 -0.0455178767 0.0147270411
  vertex -0.0664081573 -0.0454985164 0.0147404512
  endloop
 endfacet

 facet normal -0.367415637 -0.892373741 0.262059033
  outer loop
  vertex -0.0664081573 -0.0454985164 0.0147404512
  vertex -0.0663706958 -0.0455178767 0.0147270411
  vertex -0.0663608387 -0.0455157273 0.0147481877
  endloop
 endfacet

 facet normal -0.36857295 -0.883773983 0.28826642
  outer loop
  vertex -0.0664081573 -0.0454985164 0.0147404512
  vertex -0.0663608387 -0.0455157273 0.0147481877
  vertex -0.0663943514 -0.0454963669 0.0147646917
  endloop
 endfacet

 facet normal -0.345826715 -0.878847778 0.328679979
  outer loop
  vertex -0.0663943514 -0.0454963669 0.0147646917
  vertex -0.0663608387 -0.0455157273 0.0147481877
  vertex -0.0663490072 -0.0455128588 0.0147683024
  endloop
 endfacet

 facet normal -0.345818698 -0.878790081 0.32884258
  outer loop
  vertex -0.0663943514 -0.0454963669 0.0147646917
  vertex -0.0663490072 -0.0455128588 0.0147683024
  vertex -0.0663805529 -0.0454934984 0.0147868693
  endloop
 endfacet

 facet normal -0.328733772 -0.875422239 0.354358763
  outer loop
  vertex -0.0663805529 -0.0454934984 0.0147868693
  vertex -0.0663490072 -0.0455128588 0.0147683024
  vertex -0.066366747 -0.045489911 0.0148085309
  endloop
 endfacet

 facet normal -0.324344099 -0.876112938 0.356688946
  outer loop
  vertex -0.066366747 -0.045489911 0.0148085309
  vertex -0.0663490072 -0.0455128588 0.0147683024
  vertex -0.0663352087 -0.0455099903 0.0147879003
  endloop
 endfacet

 facet normal -0.290703952 -0.86874795 0.400959104
  outer loop
  vertex -0.066366747 -0.045489911 0.0148085309
  vertex -0.0663352087 -0.0455099903 0.0147879003
  vertex -0.0663490072 -0.0454863273 0.0148291616
  endloop
 endfacet

 facet normal -0.260977447 -0.872509599 0.413059175
  outer loop
  vertex -0.0663490072 -0.0454863273 0.0148291616
  vertex -0.0663352087 -0.0455099903 0.0147879003
  vertex -0.0663194358 -0.0455064066 0.0148054361
  endloop
 endfacet

 facet normal -0.419301361 -0.905713439 0.0622060411
  outer loop
  vertex -0.0663904101 -0.0455221795 0.0146589605
  vertex -0.0664298385 -0.0455035344 0.0146646341
  vertex -0.0663923845 -0.0455228984 0.0146352369
  endloop
 endfacet

 facet normal -0.423144937 -0.904306054 0.0563815311
  outer loop
  vertex -0.0663923845 -0.0455228984 0.0146352369
  vertex -0.0664298385 -0.0455035344 0.0146646341
  vertex -0.0664337873 -0.0455049723 0.0146120265
  endloop
 endfacet

 facet normal -0.413600385 -0.909780741 0.0351265557
  outer loop
  vertex -0.0663923845 -0.0455228984 0.0146352369
  vertex -0.0664337873 -0.0455049723 0.0146120265
  vertex -0.0663943514 -0.0455228984 0.0146120265
  endloop
 endfacet

 facet normal -0.413855702 -0.910342455 0
  outer loop
  vertex -0.0663943514 -0.0455228984 0.0146120265
  vertex -0.0664337873 -0.0455049723 0.0146120265
  vertex -0.0664337873 -0.0455049723 0.0117366705
  endloop
 endfacet

 facet normal -0.413855702 -0.910342455 0
  outer loop
  vertex -0.0663943514 -0.0455228984 0.0146120265
  vertex -0.0664337873 -0.0455049723 0.0117366705
  vertex -0.0663943514 -0.0455228984 0.0117366705
  endloop
 endfacet

endsolid AssimpScene
