solid AssimpScene
 facet normal 0.0993635505 0.995051265 0
  outer loop
  vertex -0.0941261426 0.0262490697 -0.00300032878
  vertex -0.0940821096 0.0262446739 -0.00300032878
  vertex -0.0940821096 0.0262446739 -0.00449978281
  endloop
 endfacet

 facet normal 0.0993635505 0.995051265 0
  outer loop
  vertex -0.0941261426 0.0262490697 -0.00300032878
  vertex -0.0940821096 0.0262446739 -0.00449978281
  vertex -0.0941261426 0.0262490697 -0.00449978281
  endloop
 endfacet

 facet normal 0 1 0
  outer loop
  vertex -0.0941261426 0.0262490697 -0.00300032878
  vertex -0.0941261426 0.0262490697 -0.00449978281
  vertex -0.094170168 0.0262490697 -0.00449978281
  endloop
 endfacet

 facet normal 0 1 0
  outer loop
  vertex -0.0941261426 0.0262490697 -0.00300032878
  vertex -0.094170168 0.0262490697 -0.00449978281
  vertex -0.094170168 0.0262490697 -0.00300032878
  endloop
 endfacet

 facet normal 0 0.00138673699 0.999999046
  outer loop
  vertex -0.0941261426 0.0262490697 -0.00300032878
  vertex -0.094170168 0.0262490697 -0.00300032878
  vertex -0.0713022947 0.0231277701 -0.00299600046
  endloop
 endfacet

 facet normal 5.38926506e-05 0.00178081484 0.99999845
  outer loop
  vertex -0.0941261426 0.0262490697 -0.00300032878
  vertex -0.0713022947 0.0231277701 -0.00299600046
  vertex -0.0712538585 0.0231263041 -0.00299600046
  endloop
 endfacet

 facet normal 0.000515076041 0.00515867304 0.999986529
  outer loop
  vertex -0.0941261426 0.0262490697 -0.00300032878
  vertex -0.0712538585 0.0231263041 -0.00299600046
  vertex -0.071209833 0.0231219083 -0.00299600046
  endloop
 endfacet

 facet normal 0.000515289896 0.00516024046 0.999986589
  outer loop
  vertex -0.0941261426 0.0262490697 -0.00300032878
  vertex -0.071209833 0.0231219083 -0.00299600046
  vertex -0.0940821096 0.0262446739 -0.00300032878
  endloop
 endfacet

 facet normal 0.135275632 0.99080801 0
  outer loop
  vertex -0.0940821096 0.0262446739 -0.00300032878
  vertex -0.071209833 0.0231219083 -0.00299600046
  vertex -0.071209833 0.0231219083 -0.00500602834
  endloop
 endfacet

 facet normal 0.135275632 0.99080801 0
  outer loop
  vertex -0.0940821096 0.0262446739 -0.00300032878
  vertex -0.071209833 0.0231219083 -0.00500602834
  vertex -0.0940821096 0.0262446739 -0.00449978281
  endloop
 endfacet

 facet normal 0.0319725573 0.997184753 -0.0678259134
  outer loop
  vertex -0.0941261426 0.0262490697 -0.00449978281
  vertex -0.0941261426 0.0262461398 -0.00454287184
  vertex -0.094170168 0.0262476057 -0.00454208488
  endloop
 endfacet

 facet normal 0 0.999400437 -0.0346263349
  outer loop
  vertex -0.0941261426 0.0262490697 -0.00449978281
  vertex -0.094170168 0.0262476057 -0.00454208488
  vertex -0.094170168 0.0262490697 -0.00449978281
  endloop
 endfacet

 facet normal 0.0991388112 0.992800593 -0.0672208071
  outer loop
  vertex -0.0941261426 0.0262490697 -0.00449978281
  vertex -0.0940821096 0.0262446739 -0.00449978281
  vertex -0.0940821096 0.0262417439 -0.00454306835
  endloop
 endfacet

 facet normal 0.098837994 0.992809713 -0.0675283372
  outer loop
  vertex -0.0941261426 0.0262490697 -0.00449978281
  vertex -0.0940821096 0.0262417439 -0.00454306835
  vertex -0.0941261426 0.0262461398 -0.00454287184
  endloop
 endfacet

 facet normal -0.0993635505 0.995051265 0
  outer loop
  vertex -0.094170168 0.0262490697 -0.00300032878
  vertex -0.094170168 0.0262490697 -0.00449978281
  vertex -0.0942141935 0.0262446739 -0.00449978281
  endloop
 endfacet

 facet normal -0.0993635505 0.995051265 0
  outer loop
  vertex -0.094170168 0.0262490697 -0.00300032878
  vertex -0.0942141935 0.0262446739 -0.00449978281
  vertex -0.0942141935 0.0262446739 -0.00300032878
  endloop
 endfacet

 facet normal -7.99703994e-05 0.000800843351 0.999999702
  outer loop
  vertex -0.094170168 0.0262490697 -0.00300032878
  vertex -0.0942141935 0.0262446739 -0.00300032878
  vertex -0.0713022947 0.0231277701 -0.00299600046
  endloop
 endfacet

 facet normal 0 0 1
  outer loop
  vertex -0.0713022947 0.0231277701 -0.00299600046
  vertex -0.0713683367 0.0231189765 -0.00299600046
  vertex -0.0713859424 0.0231160466 -0.00299600046
  endloop
 endfacet

 facet normal 0 0 1
  outer loop
  vertex -0.0713022947 0.0231277701 -0.00299600046
  vertex -0.0713859424 0.0231160466 -0.00299600046
  vertex -0.0714167655 0.0231072549 -0.00299600046
  endloop
 endfacet

 facet normal 0 0 1
  outer loop
  vertex -0.0713022947 0.0231277701 -0.00299600046
  vertex -0.0714167655 0.0231072549 -0.00299600046
  vertex -0.0714695975 0.0230896696 -0.00299600046
  endloop
 endfacet

 facet normal 0 0 1
  outer loop
  vertex -0.0713022947 0.0231277701 -0.00299600046
  vertex -0.0714695975 0.0230896696 -0.00299600046
  vertex -0.0715092197 0.0230720844 -0.00299600046
  endloop
 endfacet

 facet normal 0 0 1
  outer loop
  vertex -0.0713022947 0.0231277701 -0.00299600046
  vertex -0.0715092197 0.0230720844 -0.00299600046
  vertex -0.0715752617 0.0230325181 -0.00299600046
  endloop
 endfacet

 facet normal 0 0 1
  outer loop
  vertex -0.0713022947 0.0231277701 -0.00299600046
  vertex -0.0715752617 0.0230325181 -0.00299600046
  vertex -0.0716148838 0.0229973495 -0.00299600046
  endloop
 endfacet

 facet normal 0 0 1
  outer loop
  vertex -0.0713022947 0.0231277701 -0.00299600046
  vertex -0.0716148838 0.0229973495 -0.00299600046
  vertex -0.0716457069 0.0229665749 -0.00299600046
  endloop
 endfacet

 facet normal 0 0 1
  outer loop
  vertex -0.0713022947 0.0231277701 -0.00299600046
  vertex -0.0716457069 0.0229665749 -0.00299600046
  vertex -0.0716677234 0.0229416639 -0.00299600046
  endloop
 endfacet

 facet normal 0 0 1
  outer loop
  vertex -0.0713022947 0.0231277701 -0.00299600046
  vertex -0.0716677234 0.0229416639 -0.00299600046
  vertex -0.0716897324 0.0229108911 -0.00299600046
  endloop
 endfacet

 facet normal 0 0 1
  outer loop
  vertex -0.0713022947 0.0231277701 -0.00299600046
  vertex -0.0716897324 0.0229108911 -0.00299600046
  vertex -0.0717205554 0.0228596013 -0.00299600046
  endloop
 endfacet

 facet normal 0 0 1
  outer loop
  vertex -0.0713022947 0.0231277701 -0.00299600046
  vertex -0.0717205554 0.0228596013 -0.00299600046
  vertex -0.0717425644 0.022820035 -0.00299600046
  endloop
 endfacet

 facet normal 0 0 1
  outer loop
  vertex -0.0713022947 0.0231277701 -0.00299600046
  vertex -0.0717425644 0.022820035 -0.00299600046
  vertex -0.0717557743 0.0227790046 -0.00299600046
  endloop
 endfacet

 facet normal 0 0 1
  outer loop
  vertex -0.0713022947 0.0231277701 -0.00299600046
  vertex -0.0717557743 0.0227790046 -0.00299600046
  vertex -0.0717645809 0.0227482319 -0.00299600046
  endloop
 endfacet

 facet normal 0 0 1
  outer loop
  vertex -0.0713022947 0.0231277701 -0.00299600046
  vertex -0.0717645809 0.0227482319 -0.00299600046
  vertex -0.0719891191 0.0217546914 -0.00299600046
  endloop
 endfacet

 facet normal 0 0 1
  outer loop
  vertex -0.0713022947 0.0231277701 -0.00299600046
  vertex -0.0719891191 0.0217546914 -0.00299600046
  vertex -0.0719935223 0.0217341743 -0.00299600046
  endloop
 endfacet

 facet normal 0 0 1
  outer loop
  vertex -0.0713022947 0.0231277701 -0.00299600046
  vertex -0.0719935223 0.0217341743 -0.00299600046
  vertex -0.0719979256 0.0216755588 -0.00299600046
  endloop
 endfacet

 facet normal 0 0 1
  outer loop
  vertex -0.0713022947 0.0231277701 -0.00299600046
  vertex -0.0719979256 0.0216755588 -0.00299600046
  vertex -0.0719979256 0.0216242708 -0.00299600046
  endloop
 endfacet

 facet normal 0 0 1
  outer loop
  vertex -0.0713022947 0.0231277701 -0.00299600046
  vertex -0.0719979256 0.0216242708 -0.00299600046
  vertex -0.0719935223 0.0215817727 -0.00299600046
  endloop
 endfacet

 facet normal 0 0 1
  outer loop
  vertex -0.0713022947 0.0231277701 -0.00299600046
  vertex -0.0719935223 0.0215817727 -0.00299600046
  vertex -0.0719891191 0.0215451382 -0.00299600046
  endloop
 endfacet

 facet normal 0 0 1
  outer loop
  vertex -0.0713022947 0.0231277701 -0.00299600046
  vertex -0.0719891191 0.0215451382 -0.00299600046
  vertex -0.0719803125 0.0215041079 -0.00299600046
  endloop
 endfacet

 facet normal 0 0 1
  outer loop
  vertex -0.0713022947 0.0231277701 -0.00299600046
  vertex -0.0719803125 0.0215041079 -0.00299600046
  vertex -0.0719450936 0.0214220453 -0.00299600046
  endloop
 endfacet

 facet normal 0 0 1
  outer loop
  vertex -0.0713022947 0.0231277701 -0.00299600046
  vertex -0.0719450936 0.0214220453 -0.00299600046
  vertex -0.0719186738 0.0213780832 -0.00299600046
  endloop
 endfacet

 facet normal 0 0 1
  outer loop
  vertex -0.0713022947 0.0231277701 -0.00299600046
  vertex -0.0719186738 0.0213780832 -0.00299600046
  vertex -0.0718966648 0.0213487744 -0.00299600046
  endloop
 endfacet

 facet normal 0 0 1
  outer loop
  vertex -0.0713022947 0.0231277701 -0.00299600046
  vertex -0.0718966648 0.0213487744 -0.00299600046
  vertex -0.0718658417 0.0213092081 -0.00299600046
  endloop
 endfacet

 facet normal 0 0 1
  outer loop
  vertex -0.0713022947 0.0231277701 -0.00299600046
  vertex -0.0718658417 0.0213092081 -0.00299600046
  vertex -0.0718394294 0.0212842971 -0.00299600046
  endloop
 endfacet

 facet normal 0 0 1
  outer loop
  vertex -0.0713022947 0.0231277701 -0.00299600046
  vertex -0.0718394294 0.0212842971 -0.00299600046
  vertex -0.0717997998 0.0212520584 -0.00299600046
  endloop
 endfacet

 facet normal 0 0 1
  outer loop
  vertex -0.0713022947 0.0231277701 -0.00299600046
  vertex -0.0717997998 0.0212520584 -0.00299600046
  vertex -0.0717337579 0.0212080963 -0.00299600046
  endloop
 endfacet

 facet normal 0 0 1
  outer loop
  vertex -0.0713022947 0.0231277701 -0.00299600046
  vertex -0.0717337579 0.0212080963 -0.00299600046
  vertex -0.0716941357 0.0211905111 -0.00299600046
  endloop
 endfacet

 facet normal 0 0 1
  outer loop
  vertex -0.0713022947 0.0231277701 -0.00299600046
  vertex -0.0716941357 0.0211905111 -0.00299600046
  vertex -0.0716545135 0.0211758576 -0.00299600046
  endloop
 endfacet

 facet normal 0 0 1
  outer loop
  vertex -0.0713022947 0.0231277701 -0.00299600046
  vertex -0.0716545135 0.0211758576 -0.00299600046
  vertex -0.071610488 0.0211641341 -0.00299600046
  endloop
 endfacet

 facet normal 0 0 1
  outer loop
  vertex -0.0713022947 0.0231277701 -0.00299600046
  vertex -0.071610488 0.0211641341 -0.00299600046
  vertex -0.0505609438 0.0177072566 -0.00299600046
  endloop
 endfacet

 facet normal 0 0 1
  outer loop
  vertex -0.0713022947 0.0231277701 -0.00299600046
  vertex -0.0505609438 0.0177072566 -0.00299600046
  vertex -0.0505609438 0.0184663348 -0.00299600046
  endloop
 endfacet

 facet normal 0 0 1
  outer loop
  vertex -0.0713022947 0.0231277701 -0.00299600046
  vertex -0.0505609438 0.0184663348 -0.00299600046
  vertex -0.0711702108 0.0231145807 -0.00299600046
  endloop
 endfacet

 facet normal 0 0 1
  outer loop
  vertex -0.0713022947 0.0231277701 -0.00299600046
  vertex -0.0711702108 0.0231145807 -0.00299600046
  vertex -0.071209833 0.0231219083 -0.00299600046
  endloop
 endfacet

 facet normal 0 0 1
  outer loop
  vertex -0.0713022947 0.0231277701 -0.00299600046
  vertex -0.071209833 0.0231219083 -0.00299600046
  vertex -0.0712538585 0.0231263041 -0.00299600046
  endloop
 endfacet

 facet normal -9.34388154e-05 0.000701839046 0.999999702
  outer loop
  vertex -0.0713022947 0.0231277701 -0.00299600046
  vertex -0.0942141935 0.0262446739 -0.00300032878
  vertex -0.0713683367 0.0231189765 -0.00299600046
  endloop
 endfacet

 facet normal 0.13351728 0.988782704 -0.0669487715
  outer loop
  vertex -0.0940821096 0.0262446739 -0.00449978281
  vertex -0.071209833 0.0231219083 -0.00500602834
  vertex -0.0940821096 0.0262417439 -0.00454306835
  endloop
 endfacet

 facet normal 0.172328159 0.931927919 0.319082141
  outer loop
  vertex -0.071209833 0.0231219083 -0.00299600046
  vertex -0.0711702108 0.0231145807 -0.00299600046
  vertex -0.0505609438 0.0199918151 -0.00500602834
  endloop
 endfacet

 facet normal 0.149874374 0.988705099 0
  outer loop
  vertex -0.071209833 0.0231219083 -0.00299600046
  vertex -0.0505609438 0.0199918151 -0.00500602834
  vertex -0.071209833 0.0231219083 -0.00500602834
  endloop
 endfacet

 facet normal 0.0312373769 0.994157255 -0.103322528
  outer loop
  vertex -0.0941261426 0.0262461398 -0.00454287184
  vertex -0.0941261426 0.0262417439 -0.00458517391
  vertex -0.094170168 0.0262476057 -0.00454208488
  endloop
 endfacet

 facet normal 0.0983812734 0.98981756 -0.1028715
  outer loop
  vertex -0.0941261426 0.0262461398 -0.00454287184
  vertex -0.0940821096 0.0262417439 -0.00454306835
  vertex -0.0941261426 0.0262417439 -0.00458517391
  endloop
 endfacet

 facet normal -0.00499902805 0.990166426 -0.139804959
  outer loop
  vertex -0.094170168 0.0262476057 -0.00454208488
  vertex -0.0941261426 0.0262417439 -0.00458517391
  vertex -0.094170168 0.0262417439 -0.00458359951
  endloop
 endfacet

 facet normal -0.0725954548 0.987566292 -0.139437839
  outer loop
  vertex -0.094170168 0.0262476057 -0.00454208488
  vertex -0.094170168 0.0262417439 -0.00458359951
  vertex -0.0942141935 0.0262388121 -0.00458143512
  endloop
 endfacet

 facet normal -0.101627722 0.989021063 -0.107280076
  outer loop
  vertex -0.094170168 0.0262476057 -0.00454208488
  vertex -0.0942141935 0.0262388121 -0.00458143512
  vertex -0.0942141935 0.0262432098 -0.00454090396
  endloop
 endfacet

 facet normal -0.100231022 0.994333327 -0.0354282297
  outer loop
  vertex -0.094170168 0.0262476057 -0.00454208488
  vertex -0.0942141935 0.0262432098 -0.00454090396
  vertex -0.0942141935 0.0262446739 -0.00449978281
  endloop
 endfacet

 facet normal -0.0993045494 0.994460344 -0.0344551727
  outer loop
  vertex -0.094170168 0.0262476057 -0.00454208488
  vertex -0.0942141935 0.0262446739 -0.00449978281
  vertex -0.094170168 0.0262490697 -0.00449978281
  endloop
 endfacet

 facet normal 0.106833264 0.987981677 -0.111709259
  outer loop
  vertex -0.0940821096 0.0262417439 -0.00454306835
  vertex -0.0940865129 0.0262373481 -0.00458615739
  vertex -0.0941261426 0.0262417439 -0.00458517391
  endloop
 endfacet

 facet normal 0.132006198 0.984678209 -0.113944106
  outer loop
  vertex -0.0940821096 0.0262417439 -0.00454306835
  vertex -0.071209833 0.0231219083 -0.00500602834
  vertex -0.0940865129 0.0262373481 -0.00458615739
  endloop
 endfacet

 facet normal -0.000103978164 0.000624806504 0.999999762
  outer loop
  vertex -0.0942141935 0.0262446739 -0.00300032878
  vertex -0.0713859424 0.0231160466 -0.00299600046
  vertex -0.0713683367 0.0231189765 -0.00299600046
  endloop
 endfacet

 facet normal -0.181821406 0.983331621 0
  outer loop
  vertex -0.0942141935 0.0262446739 -0.00300032878
  vertex -0.0942141935 0.0262446739 -0.00449978281
  vertex -0.0942538157 0.0262373481 -0.00449978281
  endloop
 endfacet

 facet normal -0.181821406 0.983331621 0
  outer loop
  vertex -0.0942141935 0.0262446739 -0.00300032878
  vertex -0.0942538157 0.0262373481 -0.00449978281
  vertex -0.0942538157 0.0262373481 -0.00300032878
  endloop
 endfacet

 facet normal -0.000108895125 0.000588929746 0.999999881
  outer loop
  vertex -0.0942141935 0.0262446739 -0.00300032878
  vertex -0.0942538157 0.0262373481 -0.00300032878
  vertex -0.0713859424 0.0231160466 -0.00299600046
  endloop
 endfacet

 facet normal 0.00707847066 0.0638047382 -0.997937322
  outer loop
  vertex -0.071209833 0.0231219083 -0.00500602834
  vertex -0.0712494552 0.0231263041 -0.00500602834
  vertex -0.0941393524 0.0257918648 -0.00499796169
  endloop
 endfacet

 facet normal 0.0147943785 0.13004896 -0.991397262
  outer loop
  vertex -0.071209833 0.0231219083 -0.00500602834
  vertex -0.0941393524 0.0257918648 -0.00499796169
  vertex -0.0941305459 0.025834363 -0.00499225548
  endloop
 endfacet

 facet normal 0.025850581 0.223389417 -0.974386394
  outer loop
  vertex -0.071209833 0.0231219083 -0.00500602834
  vertex -0.0941305459 0.025834363 -0.00499225548
  vertex -0.0941217393 0.0258753933 -0.00498261489
  endloop
 endfacet

 facet normal 0.0344554633 0.294825673 -0.954929709
  outer loop
  vertex -0.071209833 0.0231219083 -0.00500602834
  vertex -0.0941217393 0.0258753933 -0.00498261489
  vertex -0.0941129327 0.0259164255 -0.00496962946
  endloop
 endfacet

 facet normal 0.0464297943 0.392490596 -0.918583393
  outer loop
  vertex -0.071209833 0.0231219083 -0.00500602834
  vertex -0.0941129327 0.0259164255 -0.00496962946
  vertex -0.0941041261 0.0259545259 -0.00495290477
  endloop
 endfacet

 facet normal 0.0530694425 0.445686549 -0.893614709
  outer loop
  vertex -0.071209833 0.0231219083 -0.00500602834
  vertex -0.0941041261 0.0259545259 -0.00495290477
  vertex -0.0941481516 0.0259633176 -0.00495113432
  endloop
 endfacet

 facet normal 0.053854987 0.451966166 -0.890407979
  outer loop
  vertex -0.071209833 0.0231219083 -0.00500602834
  vertex -0.0941481516 0.0259633176 -0.00495113432
  vertex -0.0941393524 0.026001418 -0.00493126223
  endloop
 endfacet

 facet normal 0.0626932085 0.521323085 -0.851053417
  outer loop
  vertex -0.071209833 0.0231219083 -0.00500602834
  vertex -0.0941393524 0.026001418 -0.00493126223
  vertex -0.0941261426 0.0260380525 -0.00490784785
  endloop
 endfacet

 facet normal 0.0761976615 0.624951422 -0.776935995
  outer loop
  vertex -0.071209833 0.0231219083 -0.00500602834
  vertex -0.0941261426 0.0260380525 -0.00490784785
  vertex -0.0941217393 0.0260702912 -0.00488148397
  endloop
 endfacet

 facet normal 0.0806628466 0.658440709 -0.748297691
  outer loop
  vertex -0.071209833 0.0231219083 -0.00500602834
  vertex -0.0941217393 0.0260702912 -0.00488148397
  vertex -0.0941129327 0.0261025298 -0.00485216733
  endloop
 endfacet

 facet normal 0.0905910581 0.731013656 -0.676322639
  outer loop
  vertex -0.071209833 0.0231219083 -0.00500602834
  vertex -0.0941129327 0.0261025298 -0.00485216733
  vertex -0.0941085294 0.0261318386 -0.00481989933
  endloop
 endfacet

 facet normal 0.100342192 0.799958825 -0.591605723
  outer loop
  vertex -0.071209833 0.0231219083 -0.00500602834
  vertex -0.0941085294 0.0261318386 -0.00481989933
  vertex -0.0941041261 0.0261567496 -0.00478546787
  endloop
 endfacet

 facet normal 0.104977801 0.831571341 -0.545406997
  outer loop
  vertex -0.071209833 0.0231219083 -0.00500602834
  vertex -0.0941041261 0.0261567496 -0.00478546787
  vertex -0.0940997228 0.0261801966 -0.00474887202
  endloop
 endfacet

 facet normal 0.113263957 0.885602653 -0.450421274
  outer loop
  vertex -0.071209833 0.0231219083 -0.00500602834
  vertex -0.0940997228 0.0261801966 -0.00474887202
  vertex -0.0940953195 0.0261992477 -0.00471030828
  endloop
 endfacet

 facet normal 0.118364714 0.916883945 -0.381200284
  outer loop
  vertex -0.071209833 0.0231219083 -0.00500602834
  vertex -0.0940953195 0.0261992477 -0.00471030828
  vertex -0.0940909162 0.0262153652 -0.0046701706
  endloop
 endfacet

 facet normal 0.122774474 0.942019641 -0.31229046
  outer loop
  vertex -0.071209833 0.0231219083 -0.00500602834
  vertex -0.0940909162 0.0262153652 -0.0046701706
  vertex -0.0940865129 0.0262285545 -0.00462865597
  endloop
 endfacet

 facet normal 0.12856558 0.971135139 -0.200916409
  outer loop
  vertex -0.071209833 0.0231219083 -0.00500602834
  vertex -0.0940865129 0.0262285545 -0.00462865597
  vertex -0.0940865129 0.0262373481 -0.00458615739
  endloop
 endfacet

 facet normal 0 0 -1
  outer loop
  vertex -0.071209833 0.0231219083 -0.00500602834
  vertex -0.0505609438 0.0199918151 -0.00500602834
  vertex -0.0505609438 0.0164059829 -0.00500602834
  endloop
 endfacet

 facet normal 0 0 -1
  outer loop
  vertex -0.071209833 0.0231219083 -0.00500602834
  vertex -0.0505609438 0.0164059829 -0.00500602834
  vertex -0.071610488 0.0211641341 -0.00500602834
  endloop
 endfacet

 facet normal 0 0 -1
  outer loop
  vertex -0.071209833 0.0231219083 -0.00500602834
  vertex -0.071610488 0.0211641341 -0.00500602834
  vertex -0.0716545135 0.0211758576 -0.00500602834
  endloop
 endfacet

 facet normal 0 0 -1
  outer loop
  vertex -0.071209833 0.0231219083 -0.00500602834
  vertex -0.0716545135 0.0211758576 -0.00500602834
  vertex -0.0716941357 0.0211905111 -0.00500602834
  endloop
 endfacet

 facet normal 0 0 -1
  outer loop
  vertex -0.071209833 0.0231219083 -0.00500602834
  vertex -0.0716941357 0.0211905111 -0.00500602834
  vertex -0.071729362 0.0212066304 -0.00500602834
  endloop
 endfacet

 facet normal 0 0 -1
  outer loop
  vertex -0.071209833 0.0231219083 -0.00500602834
  vertex -0.071729362 0.0212066304 -0.00500602834
  vertex -0.0717821941 0.0212374032 -0.00500602834
  endloop
 endfacet

 facet normal 0 0 -1
  outer loop
  vertex -0.071209833 0.0231219083 -0.00500602834
  vertex -0.0717821941 0.0212374032 -0.00500602834
  vertex -0.0718042031 0.0212535243 -0.00500602834
  endloop
 endfacet

 facet normal 0 0 -1
  outer loop
  vertex -0.071209833 0.0231219083 -0.00500602834
  vertex -0.0718042031 0.0212535243 -0.00500602834
  vertex -0.0718482286 0.0212916248 -0.00500602834
  endloop
 endfacet

 facet normal 0 0 -1
  outer loop
  vertex -0.071209833 0.0231219083 -0.00500602834
  vertex -0.0718482286 0.0212916248 -0.00500602834
  vertex -0.0718834549 0.0213311892 -0.00500602834
  endloop
 endfacet

 facet normal 0 0 -1
  outer loop
  vertex -0.071209833 0.0231219083 -0.00500602834
  vertex -0.0718834549 0.0213311892 -0.00500602834
  vertex -0.0718966648 0.0213487744 -0.00500602834
  endloop
 endfacet

 facet normal 0 0 -1
  outer loop
  vertex -0.071209833 0.0231219083 -0.00500602834
  vertex -0.0718966648 0.0213487744 -0.00500602834
  vertex -0.0719230771 0.0213854089 -0.00500602834
  endloop
 endfacet

 facet normal 0 0 -1
  outer loop
  vertex -0.071209833 0.0231219083 -0.00500602834
  vertex -0.0719230771 0.0213854089 -0.00500602834
  vertex -0.0719450936 0.0214220453 -0.00500602834
  endloop
 endfacet

 facet normal 0 0 -1
  outer loop
  vertex -0.071209833 0.0231219083 -0.00500602834
  vertex -0.0719450936 0.0214220453 -0.00500602834
  vertex -0.0719803125 0.0215041079 -0.00500602834
  endloop
 endfacet

 facet normal 0 0 -1
  outer loop
  vertex -0.071209833 0.0231219083 -0.00500602834
  vertex -0.0719803125 0.0215041079 -0.00500602834
  vertex -0.0719935223 0.0215656534 -0.00500602834
  endloop
 endfacet

 facet normal 0 0 -1
  outer loop
  vertex -0.071209833 0.0231219083 -0.00500602834
  vertex -0.0719935223 0.0215656534 -0.00500602834
  vertex -0.0719979256 0.0215993579 -0.00500602834
  endloop
 endfacet

 facet normal 0 0 -1
  outer loop
  vertex -0.071209833 0.0231219083 -0.00500602834
  vertex -0.0719979256 0.0215993579 -0.00500602834
  vertex -0.0719979256 0.0216872822 -0.00500602834
  endloop
 endfacet

 facet normal 0 0 -1
  outer loop
  vertex -0.071209833 0.0231219083 -0.00500602834
  vertex -0.0719979256 0.0216872822 -0.00500602834
  vertex -0.0719891191 0.0217561554 -0.00500602834
  endloop
 endfacet

 facet normal 0 0 -1
  outer loop
  vertex -0.071209833 0.0231219083 -0.00500602834
  vertex -0.0719891191 0.0217561554 -0.00500602834
  vertex -0.0718042031 0.0225841068 -0.00500602834
  endloop
 endfacet

 facet normal 0 0 -1
  outer loop
  vertex -0.071209833 0.0231219083 -0.00500602834
  vertex -0.0718042031 0.0225841068 -0.00500602834
  vertex -0.0717557743 0.0227863323 -0.00500602834
  endloop
 endfacet

 facet normal 0 0 -1
  outer loop
  vertex -0.071209833 0.0231219083 -0.00500602834
  vertex -0.0717557743 0.0227863323 -0.00500602834
  vertex -0.0717425644 0.022820035 -0.00500602834
  endloop
 endfacet

 facet normal 0 0 -1
  outer loop
  vertex -0.071209833 0.0231219083 -0.00500602834
  vertex -0.0717425644 0.022820035 -0.00500602834
  vertex -0.0717381611 0.0228302944 -0.00500602834
  endloop
 endfacet

 facet normal 0 0 -1
  outer loop
  vertex -0.071209833 0.0231219083 -0.00500602834
  vertex -0.0717381611 0.0228302944 -0.00500602834
  vertex -0.0717117488 0.0228830483 -0.00500602834
  endloop
 endfacet

 facet normal 0 0 -1
  outer loop
  vertex -0.071209833 0.0231219083 -0.00500602834
  vertex -0.0717117488 0.0228830483 -0.00500602834
  vertex -0.0716413036 0.0229724366 -0.00500602834
  endloop
 endfacet

 facet normal 0 0 -1
  outer loop
  vertex -0.071209833 0.0231219083 -0.00500602834
  vertex -0.0716413036 0.0229724366 -0.00500602834
  vertex -0.071610488 0.0230017453 -0.00500602834
  endloop
 endfacet

 facet normal 0 0 -1
  outer loop
  vertex -0.071209833 0.0231219083 -0.00500602834
  vertex -0.071610488 0.0230017453 -0.00500602834
  vertex -0.0715752617 0.0230295882 -0.00500602834
  endloop
 endfacet

 facet normal 0 0 -1
  outer loop
  vertex -0.071209833 0.0231219083 -0.00500602834
  vertex -0.0715752617 0.0230295882 -0.00500602834
  vertex -0.0715620518 0.0230398457 -0.00500602834
  endloop
 endfacet

 facet normal 0 0 -1
  outer loop
  vertex -0.071209833 0.0231219083 -0.00500602834
  vertex -0.0715620518 0.0230398457 -0.00500602834
  vertex -0.0715400428 0.0230544992 -0.00500602834
  endloop
 endfacet

 facet normal 0 0 -1
  outer loop
  vertex -0.071209833 0.0231219083 -0.00500602834
  vertex -0.0715400428 0.0230544992 -0.00500602834
  vertex -0.0715004131 0.0230750144 -0.00500602834
  endloop
 endfacet

 facet normal 0 0 -1
  outer loop
  vertex -0.071209833 0.0231219083 -0.00500602834
  vertex -0.0715004131 0.0230750144 -0.00500602834
  vertex -0.0714695975 0.0230896696 -0.00500602834
  endloop
 endfacet

 facet normal 0 0 -1
  outer loop
  vertex -0.071209833 0.0231219083 -0.00500602834
  vertex -0.0714695975 0.0230896696 -0.00500602834
  vertex -0.0714299679 0.0231043231 -0.00500602834
  endloop
 endfacet

 facet normal 0 0 -1
  outer loop
  vertex -0.071209833 0.0231219083 -0.00500602834
  vertex -0.0714299679 0.0231043231 -0.00500602834
  vertex -0.0713859424 0.0231160466 -0.00500602834
  endloop
 endfacet

 facet normal 0 0 -1
  outer loop
  vertex -0.071209833 0.0231219083 -0.00500602834
  vertex -0.0713859424 0.0231160466 -0.00500602834
  vertex -0.0713771358 0.0231175125 -0.00500602834
  endloop
 endfacet

 facet normal 0 0 -1
  outer loop
  vertex -0.071209833 0.0231219083 -0.00500602834
  vertex -0.0713771358 0.0231175125 -0.00500602834
  vertex -0.0713375136 0.0231233723 -0.00500602834
  endloop
 endfacet

 facet normal 0 0 -1
  outer loop
  vertex -0.071209833 0.0231219083 -0.00500602834
  vertex -0.0713375136 0.0231233723 -0.00500602834
  vertex -0.0713022947 0.0231277701 -0.00500602834
  endloop
 endfacet

 facet normal 0 0 -1
  outer loop
  vertex -0.071209833 0.0231219083 -0.00500602834
  vertex -0.0713022947 0.0231277701 -0.00500602834
  vertex -0.0712494552 0.0231263041 -0.00500602834
  endloop
 endfacet

 facet normal 0.176828668 0.784018099 0.595018685
  outer loop
  vertex -0.0711702108 0.0231145807 -0.00299600046
  vertex -0.0505609438 0.0184663348 -0.00299600046
  vertex -0.0505609438 0.0199918151 -0.00500602834
  endloop
 endfacet

 facet normal 1 0 0
  outer loop
  vertex -0.0505609438 0.0199918151 -0.00500602834
  vertex -0.0505609438 0.0184663348 -0.00299600046
  vertex -0.0505609438 0.0177072566 -0.00299600046
  endloop
 endfacet

 facet normal 1 0 0
  outer loop
  vertex -0.0505609438 0.0199918151 -0.00500602834
  vertex -0.0505609438 0.0177072566 -0.00299600046
  vertex -0.0505609438 0.0112785501 -0.00300013204
  endloop
 endfacet

 facet normal 1 0 0
  outer loop
  vertex -0.0505609438 0.0199918151 -0.00500602834
  vertex -0.0505609438 0.0112785501 -0.00300013204
  vertex -0.0505609438 0.0112785501 -0.00499973213
  endloop
 endfacet

 facet normal 1 0 0
  outer loop
  vertex -0.0505609438 0.0199918151 -0.00500602834
  vertex -0.0505609438 0.0112785501 -0.00499973213
  vertex -0.0505609438 0.0164059829 -0.00500602834
  endloop
 endfacet

 facet normal -0.00731554814 0.978820503 -0.204589769
  outer loop
  vertex -0.0941261426 0.0262417439 -0.00458517391
  vertex -0.0941305459 0.0262329504 -0.00462708203
  vertex -0.094170168 0.0262417439 -0.00458359951
  endloop
 endfacet

 facet normal 0.10305807 0.97404784 -0.201519012
  outer loop
  vertex -0.0941261426 0.0262417439 -0.00458517391
  vertex -0.0940865129 0.0262373481 -0.00458615739
  vertex -0.0940865129 0.0262285545 -0.00462865597
  endloop
 endfacet

 facet normal 0.0895022228 0.972833633 -0.213504106
  outer loop
  vertex -0.0941261426 0.0262417439 -0.00458517391
  vertex -0.0940865129 0.0262285545 -0.00462865597
  vertex -0.0941305459 0.0262329504 -0.00462708203
  endloop
 endfacet

 facet normal -0.0748941824 0.976759255 -0.200829312
  outer loop
  vertex -0.094170168 0.0262417439 -0.00458359951
  vertex -0.0941745713 0.0262329504 -0.00462472113
  vertex -0.0942141935 0.0262388121 -0.00458143512
  endloop
 endfacet

 facet normal -0.0111516211 0.978078961 -0.207935542
  outer loop
  vertex -0.094170168 0.0262417439 -0.00458359951
  vertex -0.0941305459 0.0262329504 -0.00462708203
  vertex -0.0941745713 0.0262329504 -0.00462472113
  endloop
 endfacet

 facet normal -0.0888976008 0.972970009 -0.213135228
  outer loop
  vertex -0.0942141935 0.0262388121 -0.00458143512
  vertex -0.0941745713 0.0262329504 -0.00462472113
  vertex -0.0942141935 0.0262300204 -0.00462157279
  endloop
 endfacet

 facet normal -0.174197376 0.96190238 -0.210710809
  outer loop
  vertex -0.0942141935 0.0262388121 -0.00458143512
  vertex -0.0942141935 0.0262300204 -0.00462157279
  vertex -0.094258219 0.0262314864 -0.00457848422
  endloop
 endfacet

 facet normal -0.170327857 0.979234934 -0.109942101
  outer loop
  vertex -0.0942141935 0.0262388121 -0.00458143512
  vertex -0.094258219 0.0262314864 -0.00457848422
  vertex -0.094258219 0.0262358822 -0.00453933049
  endloop
 endfacet

 facet normal -0.166934356 0.980218291 -0.106325231
  outer loop
  vertex -0.0942141935 0.0262388121 -0.00458143512
  vertex -0.094258219 0.0262358822 -0.00453933049
  vertex -0.0942141935 0.0262432098 -0.00454090396
  endloop
 endfacet

 facet normal -0.165287957 0.985619962 -0.0351177715
  outer loop
  vertex -0.0942141935 0.0262432098 -0.00454090396
  vertex -0.094258219 0.0262358822 -0.00453933049
  vertex -0.0942141935 0.0262446739 -0.00449978281
  endloop
 endfacet

 facet normal -0.181797534 0.983202577 -0.0162006728
  outer loop
  vertex -0.0942141935 0.0262446739 -0.00449978281
  vertex -0.094258219 0.0262358822 -0.00453933049
  vertex -0.0942538157 0.0262373481 -0.00449978281
  endloop
 endfacet

 facet normal -0.000119357588 0.000512277649 0.999999881
  outer loop
  vertex -0.0713859424 0.0231160466 -0.00299600046
  vertex -0.0942538157 0.0262373481 -0.00300032878
  vertex -0.0942978486 0.0262270886 -0.00300032878
  endloop
 endfacet

 facet normal -0.000127996595 0.000448654144 0.99999994
  outer loop
  vertex -0.0713859424 0.0231160466 -0.00299600046
  vertex -0.0942978486 0.0262270886 -0.00300032878
  vertex -0.0714167655 0.0231072549 -0.00299600046
  endloop
 endfacet

 facet normal -0.226916164 0.973914325 0
  outer loop
  vertex -0.0942538157 0.0262373481 -0.00300032878
  vertex -0.0942538157 0.0262373481 -0.00449978281
  vertex -0.0942978486 0.0262270886 -0.00449978281
  endloop
 endfacet

 facet normal -0.226916164 0.973914325 0
  outer loop
  vertex -0.0942538157 0.0262373481 -0.00300032878
  vertex -0.0942978486 0.0262270886 -0.00449978281
  vertex -0.0942978486 0.0262270886 -0.00300032878
  endloop
 endfacet

 facet normal 8.51206569e-05 0.00306837959 -0.999995232
  outer loop
  vertex -0.0712494552 0.0231263041 -0.00500602834
  vertex -0.0713022947 0.0231277701 -0.00500602834
  vertex -0.0941481516 0.0257493686 -0.00499992864
  endloop
 endfacet

 facet normal 0.00491457293 0.0452258773 -0.998964667
  outer loop
  vertex -0.0712494552 0.0231263041 -0.00500602834
  vertex -0.0941481516 0.0257493686 -0.00499992864
  vertex -0.0941393524 0.0257918648 -0.00499796169
  endloop
 endfacet

 facet normal -0.032274276 0.0528898537 -0.998078704
  outer loop
  vertex -0.0941393524 0.0257918648 -0.00499796169
  vertex -0.0941481516 0.0257493686 -0.00499992864
  vertex -0.0941921845 0.0257596262 -0.00499796169
  endloop
 endfacet

 facet normal -0.032274276 0.0528898537 -0.998078704
  outer loop
  vertex -0.0941393524 0.0257918648 -0.00499796169
  vertex -0.0941921845 0.0257596262 -0.00499796169
  vertex -0.0941833779 0.0258021224 -0.00499599427
  endloop
 endfacet

 facet normal -0.0126636196 0.135642394 -0.99067688
  outer loop
  vertex -0.0941393524 0.0257918648 -0.00499796169
  vertex -0.0941833779 0.0258021224 -0.00499599427
  vertex -0.0941305459 0.025834363 -0.00499225548
  endloop
 endfacet

 facet normal -0.0160513818 0.141100228 -0.989865243
  outer loop
  vertex -0.0941305459 0.025834363 -0.00499225548
  vertex -0.0941833779 0.0258021224 -0.00499599427
  vertex -0.0941745713 0.0258431546 -0.00499028852
  endloop
 endfacet

 facet normal 0.00117779197 0.223957703 -0.974598169
  outer loop
  vertex -0.0941305459 0.025834363 -0.00499225548
  vertex -0.0941745713 0.0258431546 -0.00499028852
  vertex -0.0941613615 0.025884185 -0.00498084351
  endloop
 endfacet

 facet normal 0.0069042407 0.227316365 -0.973796487
  outer loop
  vertex -0.0941305459 0.025834363 -0.00499225548
  vertex -0.0941613615 0.025884185 -0.00498084351
  vertex -0.0941217393 0.0258753933 -0.00498261489
  endloop
 endfacet

 facet normal 0.0232515819 0.297113091 -0.954559088
  outer loop
  vertex -0.0941217393 0.0258753933 -0.00498261489
  vertex -0.0941613615 0.025884185 -0.00498084351
  vertex -0.0941129327 0.0259164255 -0.00496962946
  endloop
 endfacet

 facet normal 0.0214468371 0.299571604 -0.953832746
  outer loop
  vertex -0.0941129327 0.0259164255 -0.00496962946
  vertex -0.0941613615 0.025884185 -0.00498084351
  vertex -0.0941569582 0.0259252172 -0.00496785762
  endloop
 endfacet

 facet normal 0.0416289531 0.393489778 -0.918385983
  outer loop
  vertex -0.0941129327 0.0259164255 -0.00496962946
  vertex -0.0941569582 0.0259252172 -0.00496785762
  vertex -0.0941481516 0.0259633176 -0.00495113432
  endloop
 endfacet

 facet normal 0.0416526385 0.393504709 -0.918378651
  outer loop
  vertex -0.0941129327 0.0259164255 -0.00496962946
  vertex -0.0941481516 0.0259633176 -0.00495113432
  vertex -0.0941041261 0.0259545259 -0.00495290477
  endloop
 endfacet

 facet normal -0.0419015214 0.409669876 -0.911271036
  outer loop
  vertex -0.0941481516 0.0259633176 -0.00495113432
  vertex -0.0941569582 0.0259252172 -0.00496785762
  vertex -0.0941877812 0.0259706434 -0.00494601857
  endloop
 endfacet

 facet normal -0.0291899201 0.461303949 -0.886761904
  outer loop
  vertex -0.0941481516 0.0259633176 -0.00495113432
  vertex -0.0941877812 0.0259706434 -0.00494601857
  vertex -0.0941833779 0.0260087438 -0.00492634298
  endloop
 endfacet

 facet normal -0.0212334171 0.466198117 -0.884425581
  outer loop
  vertex -0.0941481516 0.0259633176 -0.00495113432
  vertex -0.0941833779 0.0260087438 -0.00492634298
  vertex -0.0941393524 0.026001418 -0.00493126223
  endloop
 endfacet

 facet normal -0.00426445343 0.539615512 -0.841900826
  outer loop
  vertex -0.0941393524 0.026001418 -0.00493126223
  vertex -0.0941833779 0.0260087438 -0.00492634298
  vertex -0.0941261426 0.0260380525 -0.00490784785
  endloop
 endfacet

 facet normal -0.0153299998 0.554854989 -0.831805885
  outer loop
  vertex -0.0941261426 0.0260380525 -0.00490784785
  vertex -0.0941833779 0.0260087438 -0.00492634298
  vertex -0.094170168 0.0260439143 -0.00490312651
  endloop
 endfacet

 facet normal -0.00300440611 0.61350596 -0.789684415
  outer loop
  vertex -0.0941261426 0.0260380525 -0.00490784785
  vertex -0.094170168 0.0260439143 -0.00490312651
  vertex -0.0941657647 0.0260776188 -0.00487695821
  endloop
 endfacet

 facet normal 0.0252568088 0.630776763 -0.775553226
  outer loop
  vertex -0.0941261426 0.0260380525 -0.00490784785
  vertex -0.0941657647 0.0260776188 -0.00487695821
  vertex -0.0941217393 0.0260702912 -0.00488148397
  endloop
 endfacet

 facet normal 0.0345537886 0.667198837 -0.744077861
  outer loop
  vertex -0.0941217393 0.0260702912 -0.00488148397
  vertex -0.0941657647 0.0260776188 -0.00487695821
  vertex -0.0941129327 0.0261025298 -0.00485216733
  endloop
 endfacet

 facet normal 0.0220569577 0.681329429 -0.731644511
  outer loop
  vertex -0.0941129327 0.0261025298 -0.00485216733
  vertex -0.0941657647 0.0260776188 -0.00487695821
  vertex -0.0941569582 0.0261083916 -0.00484803598
  endloop
 endfacet

 facet normal 0.0348826721 0.737416029 -0.674537539
  outer loop
  vertex -0.0941129327 0.0261025298 -0.00485216733
  vertex -0.0941569582 0.0261083916 -0.00484803598
  vertex -0.0941085294 0.0261318386 -0.00481989933
  endloop
 endfacet

 facet normal 0.0216088202 0.749444962 -0.661713958
  outer loop
  vertex -0.0941085294 0.0261318386 -0.00481989933
  vertex -0.0941569582 0.0261083916 -0.00484803598
  vertex -0.0941525549 0.0261362344 -0.00481635844
  endloop
 endfacet

 facet normal 0.0296158101 0.789954603 -0.612449825
  outer loop
  vertex -0.0941085294 0.0261318386 -0.00481989933
  vertex -0.0941525549 0.0261362344 -0.00481635844
  vertex -0.0941481516 0.0261626113 -0.00478212349
  endloop
 endfacet

 facet normal 0.0623134784 0.804809511 -0.590253055
  outer loop
  vertex -0.0941085294 0.0261318386 -0.00481989933
  vertex -0.0941481516 0.0261626113 -0.00478212349
  vertex -0.0941041261 0.0261567496 -0.00478546787
  endloop
 endfacet

 facet normal 0.0699850842 0.836097956 -0.544097662
  outer loop
  vertex -0.0941041261 0.0261567496 -0.00478546787
  vertex -0.0941481516 0.0261626113 -0.00478212349
  vertex -0.0940997228 0.0261801966 -0.00474887202
  endloop
 endfacet

 facet normal 0.0547215566 0.847532988 -0.527914226
  outer loop
  vertex -0.0940997228 0.0261801966 -0.00474887202
  vertex -0.0941481516 0.0261626113 -0.00478212349
  vertex -0.0941393524 0.0261845924 -0.00474592112
  endloop
 endfacet

 facet normal 0.0650978535 0.889838099 -0.451608956
  outer loop
  vertex -0.0940997228 0.0261801966 -0.00474887202
  vertex -0.0941393524 0.0261845924 -0.00474592112
  vertex -0.0941349417 0.0262036435 -0.00470775086
  endloop
 endfacet

 facet normal 0.0699380413 0.891179204 -0.448227942
  outer loop
  vertex -0.0940997228 0.0261801966 -0.00474887202
  vertex -0.0941349417 0.0262036435 -0.00470775086
  vertex -0.0940953195 0.0261992477 -0.00471030828
  endloop
 endfacet

 facet normal 0.0778516233 0.922166228 -0.378878176
  outer loop
  vertex -0.0940953195 0.0261992477 -0.00471030828
  vertex -0.0941349417 0.0262036435 -0.00470775086
  vertex -0.0940909162 0.0262153652 -0.0046701706
  endloop
 endfacet

 facet normal 0.0753904879 0.923393846 -0.376377761
  outer loop
  vertex -0.0940909162 0.0262153652 -0.0046701706
  vertex -0.0941349417 0.0262036435 -0.00470775086
  vertex -0.0941349417 0.0262197629 -0.00466820318
  endloop
 endfacet

 facet normal 0.0805736408 0.946588635 -0.312214732
  outer loop
  vertex -0.0940909162 0.0262153652 -0.0046701706
  vertex -0.0941349417 0.0262197629 -0.00466820318
  vertex -0.0941305459 0.0262329504 -0.00462708203
  endloop
 endfacet

 facet normal 0.0834966525 0.947143853 -0.309753269
  outer loop
  vertex -0.0940909162 0.0262153652 -0.0046701706
  vertex -0.0941305459 0.0262329504 -0.00462708203
  vertex -0.0940865129 0.0262285545 -0.00462865597
  endloop
 endfacet

 facet normal -0.000268527248 -0.00122793554 -0.999999225
  outer loop
  vertex -0.0505609438 0.0164059829 -0.00500602834
  vertex -0.0505609438 0.0112785501 -0.00499973213
  vertex -0.0720155388 0.0161304884 -0.00499992864
  endloop
 endfacet

 facet normal -0.000269013282 -0.00119008508 -0.999999225
  outer loop
  vertex -0.0505609438 0.0164059829 -0.00500602834
  vertex -0.0720155388 0.0161304884 -0.00499992864
  vertex -0.071610488 0.0211641341 -0.00500602834
  endloop
 endfacet

 facet normal 0.00934616383 0.951892316 -0.306290358
  outer loop
  vertex -0.0941305459 0.0262329504 -0.00462708203
  vertex -0.0941349417 0.0262197629 -0.00466820318
  vertex -0.0941745713 0.0262212269 -0.00466485927
  endloop
 endfacet

 facet normal -0.0150339566 0.959787011 -0.280326426
  outer loop
  vertex -0.0941305459 0.0262329504 -0.00462708203
  vertex -0.0941745713 0.0262212269 -0.00466485927
  vertex -0.0941745713 0.0262329504 -0.00462472113
  endloop
 endfacet

 facet normal -0.0910841227 0.955905378 -0.279192746
  outer loop
  vertex -0.0941745713 0.0262329504 -0.00462472113
  vertex -0.0941745713 0.0262212269 -0.00466485927
  vertex -0.0942185968 0.026218297 -0.00466053002
  endloop
 endfacet

 facet normal -0.0927614421 0.956297576 -0.277291
  outer loop
  vertex -0.0941745713 0.0262329504 -0.00462472113
  vertex -0.0942185968 0.026218297 -0.00466053002
  vertex -0.0942141935 0.0262300204 -0.00462157279
  endloop
 endfacet

 facet normal -0.183542132 0.94684577 -0.26418817
  outer loop
  vertex -0.0942141935 0.0262300204 -0.00462157279
  vertex -0.0942185968 0.026218297 -0.00466053002
  vertex -0.094258219 0.0262226928 -0.00461724447
  endloop
 endfacet

 facet normal -0.18100065 0.959115863 -0.217567503
  outer loop
  vertex -0.0942141935 0.0262300204 -0.00462157279
  vertex -0.094258219 0.0262226928 -0.00461724447
  vertex -0.094258219 0.0262314864 -0.00457848422
  endloop
 endfacet

 facet normal -0.246092781 0.945231974 -0.214418054
  outer loop
  vertex -0.094258219 0.0262314864 -0.00457848422
  vertex -0.094258219 0.0262226928 -0.00461724447
  vertex -0.0943022519 0.0262124352 -0.00461193221
  endloop
 endfacet

 facet normal -0.261191159 0.945453763 -0.194669768
  outer loop
  vertex -0.094258219 0.0262314864 -0.00457848422
  vertex -0.0943022519 0.0262124352 -0.00461193221
  vertex -0.0942978486 0.0262212269 -0.00457513938
  endloop
 endfacet

 facet normal -0.257904172 0.95962584 -0.112266466
  outer loop
  vertex -0.094258219 0.0262314864 -0.00457848422
  vertex -0.0942978486 0.0262212269 -0.00457513938
  vertex -0.0942978486 0.0262256246 -0.00453755958
  endloop
 endfacet

 facet normal -0.253659427 0.96125406 -0.107923321
  outer loop
  vertex -0.094258219 0.0262314864 -0.00457848422
  vertex -0.0942978486 0.0262256246 -0.00453755958
  vertex -0.094258219 0.0262358822 -0.00453933049
  endloop
 endfacet

 facet normal -0.252000451 0.967000127 -0.0375045165
  outer loop
  vertex -0.094258219 0.0262358822 -0.00453933049
  vertex -0.0942978486 0.0262256246 -0.00453755958
  vertex -0.0942978486 0.0262270886 -0.00449978281
  endloop
 endfacet

 facet normal -0.226902828 0.973857164 -0.0108333258
  outer loop
  vertex -0.094258219 0.0262358822 -0.00453933049
  vertex -0.0942978486 0.0262270886 -0.00449978281
  vertex -0.0942538157 0.0262373481 -0.00449978281
  endloop
 endfacet

 facet normal -0.000134196176 0.000403186044 0.99999994
  outer loop
  vertex -0.0714167655 0.0231072549 -0.00299600046
  vertex -0.0942978486 0.0262270886 -0.00300032878
  vertex -0.0714695975 0.0230896696 -0.00299600046
  endloop
 endfacet

 facet normal -0.343787849 0.939047337 0
  outer loop
  vertex -0.0942978486 0.0262270886 -0.00300032878
  vertex -0.0942978486 0.0262270886 -0.00449978281
  vertex -0.0943418741 0.0262109693 -0.00453559216
  endloop
 endfacet

 facet normal -0.343787849 0.939047337 0
  outer loop
  vertex -0.0942978486 0.0262270886 -0.00300032878
  vertex -0.0943418741 0.0262109693 -0.00453559216
  vertex -0.0943418741 0.0262109693 -0.00300032878
  endloop
 endfacet

 facet normal -0.000137856652 0.00037655179 0.999999881
  outer loop
  vertex -0.0942978486 0.0262270886 -0.00300032878
  vertex -0.0943418741 0.0262109693 -0.00300032878
  vertex -0.0714695975 0.0230896696 -0.00299600046
  endloop
 endfacet

 facet normal -0.000139100826 0.00111441687 -0.999999404
  outer loop
  vertex -0.0713022947 0.0231277701 -0.00500602834
  vertex -0.0713375136 0.0231233723 -0.00500602834
  vertex -0.0941481516 0.0257493686 -0.00499992864
  endloop
 endfacet

 facet normal -0.000150371139 0.00101651798 -0.999999464
  outer loop
  vertex -0.0941481516 0.0257493686 -0.00499992864
  vertex -0.0713375136 0.0231233723 -0.00500602834
  vertex -0.0713771358 0.0231175125 -0.00500602834
  endloop
 endfacet

 facet normal -0.000158063398 0.00094996416 -0.999999523
  outer loop
  vertex -0.0941481516 0.0257493686 -0.00499992864
  vertex -0.0713771358 0.0231175125 -0.00500602834
  vertex -0.0713859424 0.0231160466 -0.00500602834
  endloop
 endfacet

 facet normal -0.000186802485 0.000701546378 -0.999999702
  outer loop
  vertex -0.0941481516 0.0257493686 -0.00499992864
  vertex -0.0713859424 0.0231160466 -0.00500602834
  vertex -0.0714299679 0.0231043231 -0.00500602834
  endloop
 endfacet

 facet normal -0.000204196345 0.00055215176 -0.999999881
  outer loop
  vertex -0.0941481516 0.0257493686 -0.00499992864
  vertex -0.0714299679 0.0231043231 -0.00500602834
  vertex -0.0714695975 0.0230896696 -0.00500602834
  endloop
 endfacet

 facet normal -0.000215739507 0.000453726563 -0.99999994
  outer loop
  vertex -0.0941481516 0.0257493686 -0.00499992864
  vertex -0.0714695975 0.0230896696 -0.00500602834
  vertex -0.0715004131 0.0230750144 -0.00500602834
  endloop
 endfacet

 facet normal -0.000219300826 0.000423567602 -0.99999994
  outer loop
  vertex -0.0941481516 0.0257493686 -0.00499992864
  vertex -0.0715004131 0.0230750144 -0.00500602834
  vertex -0.0715400428 0.0230544992 -0.00500602834
  endloop
 endfacet

 facet normal -0.000228816934 0.000343733525 -0.999999881
  outer loop
  vertex -0.0941481516 0.0257493686 -0.00499992864
  vertex -0.0715400428 0.0230544992 -0.00500602834
  vertex -0.0715620518 0.0230398457 -0.00500602834
  endloop
 endfacet

 facet normal -0.000233919302 0.000301201362 -0.99999994
  outer loop
  vertex -0.0941481516 0.0257493686 -0.00499992864
  vertex -0.0715620518 0.0230398457 -0.00500602834
  vertex -0.0715752617 0.0230295882 -0.00500602834
  endloop
 endfacet

 facet normal -0.000234471634 0.000296617218 -0.99999994
  outer loop
  vertex -0.0941481516 0.0257493686 -0.00499992864
  vertex -0.0715752617 0.0230295882 -0.00500602834
  vertex -0.071610488 0.0230017453 -0.00500602834
  endloop
 endfacet

 facet normal -0.000239880668 0.000252249185 -0.99999994
  outer loop
  vertex -0.0941481516 0.0257493686 -0.00499992864
  vertex -0.071610488 0.0230017453 -0.00500602834
  vertex -0.0716413036 0.0229724366 -0.00500602834
  endloop
 endfacet

 facet normal -0.000246988435 0.000194641441 -0.99999994
  outer loop
  vertex -0.0941481516 0.0257493686 -0.00499992864
  vertex -0.0716413036 0.0229724366 -0.00500602834
  vertex -0.0717117488 0.0228830483 -0.00500602834
  endloop
 endfacet

 facet normal -0.000255509396 0.000127942534 -0.99999994
  outer loop
  vertex -0.0941481516 0.0257493686 -0.00499992864
  vertex -0.0717117488 0.0228830483 -0.00500602834
  vertex -0.0717381611 0.0228302944 -0.00500602834
  endloop
 endfacet

 facet normal -0.000257762207 0.000110647808 -0.99999994
  outer loop
  vertex -0.0941481516 0.0257493686 -0.00499992864
  vertex -0.0717381611 0.0228302944 -0.00500602834
  vertex -0.0717425644 0.022820035 -0.00500602834
  endloop
 endfacet

 facet normal -0.000258960645 0.000101480946 -0.99999994
  outer loop
  vertex -0.0941481516 0.0257493686 -0.00499992864
  vertex -0.0717425644 0.022820035 -0.00500602834
  vertex -0.0717557743 0.0227863323 -0.00500602834
  endloop
 endfacet

 facet normal -0.00026402215 6.32300435e-05 -0.99999994
  outer loop
  vertex -0.0941481516 0.0257493686 -0.00499992864
  vertex -0.0717557743 0.0227863323 -0.00500602834
  vertex -0.0718042031 0.0225841068 -0.00500602834
  endloop
 endfacet

 facet normal -0.000264487782 5.99431914e-05 -0.99999994
  outer loop
  vertex -0.0941481516 0.0257493686 -0.00499992864
  vertex -0.0718042031 0.0225841068 -0.00500602834
  vertex -0.0951431766 0.021359032 -0.00499992864
  endloop
 endfacet

 facet normal -0.0249209385 0.00564805139 -0.999673486
  outer loop
  vertex -0.0941481516 0.0257493686 -0.00499992864
  vertex -0.0951431766 0.021359032 -0.00499992864
  vertex -0.0951651856 0.0213663597 -0.00499933865
  endloop
 endfacet

 facet normal -0.0423805006 0.00969945546 -0.999054551
  outer loop
  vertex -0.0941481516 0.0257493686 -0.00499992864
  vertex -0.0951651856 0.0213663597 -0.00499933865
  vertex -0.0941921845 0.0257596262 -0.00499796169
  endloop
 endfacet

 facet normal -0.114532217 0.0696038231 -0.990978181
  outer loop
  vertex -0.0941833779 0.0258021224 -0.00499599427
  vertex -0.0941921845 0.0257596262 -0.00499796169
  vertex -0.09423621 0.0257684197 -0.00499225548
  endloop
 endfacet

 facet normal -0.123693153 0.0842119977 -0.988740861
  outer loop
  vertex -0.0941833779 0.0258021224 -0.00499599427
  vertex -0.09423621 0.0257684197 -0.00499225548
  vertex -0.0942230001 0.025810916 -0.00499028852
  endloop
 endfacet

 facet normal -0.106005035 0.159248114 -0.981530905
  outer loop
  vertex -0.0941833779 0.0258021224 -0.00499599427
  vertex -0.0942230001 0.025810916 -0.00499028852
  vertex -0.0942141935 0.0258519463 -0.00498458231
  endloop
 endfacet

 facet normal -0.106005035 0.159248114 -0.981530905
  outer loop
  vertex -0.0941833779 0.0258021224 -0.00499599427
  vertex -0.0942141935 0.0258519463 -0.00498458231
  vertex -0.0941745713 0.0258431546 -0.00499028852
  endloop
 endfacet

 facet normal -0.0868176222 0.236736149 -0.967687428
  outer loop
  vertex -0.0941745713 0.0258431546 -0.00499028852
  vertex -0.0942141935 0.0258519463 -0.00498458231
  vertex -0.0942053869 0.0258929785 -0.00497533428
  endloop
 endfacet

 facet normal -0.0719052553 0.245660007 -0.966685474
  outer loop
  vertex -0.0941745713 0.0258431546 -0.00499028852
  vertex -0.0942053869 0.0258929785 -0.00497533428
  vertex -0.0941613615 0.025884185 -0.00498084351
  endloop
 endfacet

 facet normal -0.0575996153 0.3068479 -0.950014055
  outer loop
  vertex -0.0941613615 0.025884185 -0.00498084351
  vertex -0.0942053869 0.0258929785 -0.00497533428
  vertex -0.0941569582 0.0259252172 -0.00496785762
  endloop
 endfacet

 facet normal -0.0674113482 0.320397466 -0.944881558
  outer loop
  vertex -0.0941569582 0.0259252172 -0.00496785762
  vertex -0.0942053869 0.0258929785 -0.00497533428
  vertex -0.0941965804 0.0259325448 -0.00496254629
  endloop
 endfacet

 facet normal -0.0470994636 0.406667531 -0.912361324
  outer loop
  vertex -0.0941569582 0.0259252172 -0.00496785762
  vertex -0.0941965804 0.0259325448 -0.00496254629
  vertex -0.0941877812 0.0259706434 -0.00494601857
  endloop
 endfacet

 facet normal -0.111969493 0.417130411 -0.90192306
  outer loop
  vertex -0.0941877812 0.0259706434 -0.00494601857
  vertex -0.0941965804 0.0259325448 -0.00496254629
  vertex -0.0942406133 0.0259398706 -0.00495369174
  endloop
 endfacet

 facet normal -0.119173273 0.427994072 -0.895889938
  outer loop
  vertex -0.0941877812 0.0259706434 -0.00494601857
  vertex -0.0942406133 0.0259398706 -0.00495369174
  vertex -0.0942318067 0.0259765051 -0.00493736146
  endloop
 endfacet

 facet normal -0.110547274 0.466080785 -0.877808571
  outer loop
  vertex -0.0941877812 0.0259706434 -0.00494601857
  vertex -0.0942318067 0.0259765051 -0.00493736146
  vertex -0.0941833779 0.0260087438 -0.00492634298
  endloop
 endfacet

 facet normal -0.12649551 0.485645384 -0.864955187
  outer loop
  vertex -0.0941833779 0.0260087438 -0.00492634298
  vertex -0.0942318067 0.0259765051 -0.00493736146
  vertex -0.0942230001 0.0260131415 -0.00491807982
  endloop
 endfacet

 facet normal -0.109853029 0.557083607 -0.823158741
  outer loop
  vertex -0.0941833779 0.0260087438 -0.00492634298
  vertex -0.0942230001 0.0260131415 -0.00491807982
  vertex -0.0942141935 0.0260483101 -0.00489545334
  endloop
 endfacet

 facet normal -0.0852813646 0.571019828 -0.816494644
  outer loop
  vertex -0.0941833779 0.0260087438 -0.00492634298
  vertex -0.0942141935 0.0260483101 -0.00489545334
  vertex -0.094170168 0.0260439143 -0.00490312651
  endloop
 endfacet

 facet normal -0.0747748539 0.617622375 -0.782912195
  outer loop
  vertex -0.094170168 0.0260439143 -0.00490312651
  vertex -0.0942141935 0.0260483101 -0.00489545334
  vertex -0.0941657647 0.0260776188 -0.00487695821
  endloop
 endfacet

 facet normal -0.09342511 0.63716495 -0.765044212
  outer loop
  vertex -0.0941657647 0.0260776188 -0.00487695821
  vertex -0.0942141935 0.0260483101 -0.00489545334
  vertex -0.0942053869 0.0260805488 -0.00486967852
  endloop
 endfacet

 facet normal -0.0831960142 0.681394577 -0.727172613
  outer loop
  vertex -0.0941657647 0.0260776188 -0.00487695821
  vertex -0.0942053869 0.0260805488 -0.00486967852
  vertex -0.0942009911 0.0261113234 -0.00484134629
  endloop
 endfacet

 facet normal -0.0629865378 0.693006873 -0.718174338
  outer loop
  vertex -0.0941657647 0.0260776188 -0.00487695821
  vertex -0.0942009911 0.0261113234 -0.00484134629
  vertex -0.0941569582 0.0261083916 -0.00484803598
  endloop
 endfacet

 facet normal -0.0494289696 0.753589511 -0.655484319
  outer loop
  vertex -0.0941569582 0.0261083916 -0.00484803598
  vertex -0.0942009911 0.0261113234 -0.00484134629
  vertex -0.0941525549 0.0261362344 -0.00481635844
  endloop
 endfacet

 facet normal -0.0632485226 0.765384257 -0.640458047
  outer loop
  vertex -0.0941525549 0.0261362344 -0.00481635844
  vertex -0.0942009911 0.0261113234 -0.00484134629
  vertex -0.0941965804 0.0261377003 -0.00481025921
  endloop
 endfacet

 facet normal -0.0573276207 0.794394612 -0.604690611
  outer loop
  vertex -0.0941525549 0.0261362344 -0.00481635844
  vertex -0.0941965804 0.0261377003 -0.00481025921
  vertex -0.0941481516 0.0261626113 -0.00478212349
  endloop
 endfacet

 facet normal -0.0755255222 0.807518661 -0.584986866
  outer loop
  vertex -0.0941481516 0.0261626113 -0.00478212349
  vertex -0.0941965804 0.0261377003 -0.00481025921
  vertex -0.0941877812 0.0261626113 -0.00477700774
  endloop
 endfacet

 facet normal -0.0697737783 0.83848685 -0.540436387
  outer loop
  vertex -0.0941481516 0.0261626113 -0.00478212349
  vertex -0.0941877812 0.0261626113 -0.00477700774
  vertex -0.0941833779 0.0261860583 -0.00474119885
  endloop
 endfacet

 facet normal -0.0266099535 0.857328594 -0.514081419
  outer loop
  vertex -0.0941481516 0.0261626113 -0.00478212349
  vertex -0.0941833779 0.0261860583 -0.00474119885
  vertex -0.0941393524 0.0261845924 -0.00474592112
  endloop
 endfacet

 facet normal -0.0188278072 0.891719043 -0.452197641
  outer loop
  vertex -0.0941393524 0.0261845924 -0.00474592112
  vertex -0.0941833779 0.0261860583 -0.00474119885
  vertex -0.0941789746 0.0262051094 -0.00470381556
  endloop
 endfacet

 facet normal -0.0100312922 0.895174265 -0.445603371
  outer loop
  vertex -0.0941393524 0.0261845924 -0.00474592112
  vertex -0.0941789746 0.0262051094 -0.00470381556
  vertex -0.0941349417 0.0262036435 -0.00470775086
  endloop
 endfacet

 facet normal -0.00338211539 0.924152315 -0.382009238
  outer loop
  vertex -0.0941349417 0.0262036435 -0.00470775086
  vertex -0.0941789746 0.0262051094 -0.00470381556
  vertex -0.0941745713 0.0262212269 -0.00466485927
  endloop
 endfacet

 facet normal 0.00238383957 0.926026642 -0.377450913
  outer loop
  vertex -0.0941349417 0.0262036435 -0.00470775086
  vertex -0.0941745713 0.0262212269 -0.00466485927
  vertex -0.0941349417 0.0262197629 -0.00466820318
  endloop
 endfacet

 facet normal -0.000105547217 -0.000642695697 0.999999762
  outer loop
  vertex -0.0505609438 0.0177072566 -0.00299600046
  vertex -0.071610488 0.0211641341 -0.00299600046
  vertex -0.0505609438 0.0112785501 -0.00300013204
  endloop
 endfacet

 facet normal -0.220542461 -0.975377321 0
  outer loop
  vertex -0.0505609438 0.0112785501 -0.00499973213
  vertex -0.0505609438 0.0112785501 -0.00300013204
  vertex -0.0951431766 0.021359032 -0.00300032878
  endloop
 endfacet

 facet normal -0.220542461 -0.975377321 0
  outer loop
  vertex -0.0505609438 0.0112785501 -0.00499973213
  vertex -0.0951431766 0.021359032 -0.00300032878
  vertex -0.0951431766 0.021359032 -0.00499992864
  endloop
 endfacet

 facet normal -0.027176328 -0.120210163 -0.992376447
  outer loop
  vertex -0.0505609438 0.0112785501 -0.00499973213
  vertex -0.0951431766 0.021359032 -0.00499992864
  vertex -0.0720155388 0.0161304884 -0.00499992864
  endloop
 endfacet

 facet normal -0.000269046024 -0.0011900824 -0.999999225
  outer loop
  vertex -0.0720155388 0.0161304884 -0.00499992864
  vertex -0.0951431766 0.021359032 -0.00499992864
  vertex -0.071610488 0.0211641341 -0.00500602834
  endloop
 endfacet

 facet normal -0.000267510361 -0.00100464909 -0.999999464
  outer loop
  vertex -0.071610488 0.0211641341 -0.00500602834
  vertex -0.0951431766 0.021359032 -0.00499992864
  vertex -0.0716545135 0.0211758576 -0.00500602834
  endloop
 endfacet

 facet normal -0.0979526266 0.923441172 -0.371027887
  outer loop
  vertex -0.0941745713 0.0262212269 -0.00466485927
  vertex -0.0941789746 0.0262051094 -0.00470381556
  vertex -0.0942185968 0.026218297 -0.00466053002
  endloop
 endfacet

 facet normal -0.106813893 0.91963172 -0.3779791
  outer loop
  vertex -0.0942185968 0.026218297 -0.00466053002
  vertex -0.0941789746 0.0262051094 -0.00470381556
  vertex -0.0942230001 0.0262021776 -0.00469850376
  endloop
 endfacet

 facet normal -0.180490613 0.912740171 -0.366508573
  outer loop
  vertex -0.0942185968 0.026218297 -0.00466053002
  vertex -0.0942230001 0.0262021776 -0.00469850376
  vertex -0.0942670256 0.0261963159 -0.00469141966
  endloop
 endfacet

 facet normal -0.197334439 0.918046236 -0.3438752
  outer loop
  vertex -0.0942185968 0.026218297 -0.00466053002
  vertex -0.0942670256 0.0261963159 -0.00469141966
  vertex -0.0942626223 0.0262109693 -0.00465482427
  endloop
 endfacet

 facet normal -0.192131609 0.943019032 -0.271662503
  outer loop
  vertex -0.0942185968 0.026218297 -0.00466053002
  vertex -0.0942626223 0.0262109693 -0.00465482427
  vertex -0.094258219 0.0262226928 -0.00461724447
  endloop
 endfacet

 facet normal -0.248837635 0.932509065 -0.261738002
  outer loop
  vertex -0.094258219 0.0262226928 -0.00461724447
  vertex -0.0942626223 0.0262109693 -0.00465482427
  vertex -0.0943022519 0.0262124352 -0.00461193221
  endloop
 endfacet

 facet normal -0.287316978 0.910774827 -0.296544015
  outer loop
  vertex -0.0943022519 0.0262124352 -0.00461193221
  vertex -0.0942626223 0.0262109693 -0.00465482427
  vertex -0.0943022519 0.0262007117 -0.0046479376
  endloop
 endfacet

 facet normal -0.323224038 0.899827361 -0.292979538
  outer loop
  vertex -0.0943022519 0.0262124352 -0.00461193221
  vertex -0.0943022519 0.0262007117 -0.0046479376
  vertex -0.0943462774 0.0261875242 -0.00463987095
  endloop
 endfacet

 facet normal -0.341054976 0.901510954 -0.266382009
  outer loop
  vertex -0.0943022519 0.0262124352 -0.00461193221
  vertex -0.0943462774 0.0261875242 -0.00463987095
  vertex -0.0943418741 0.0261992477 -0.00460583298
  endloop
 endfacet

 facet normal -0.33553499 0.924521089 -0.180768177
  outer loop
  vertex -0.0943022519 0.0262124352 -0.00461193221
  vertex -0.0943418741 0.0261992477 -0.00460583298
  vertex -0.0942978486 0.0262212269 -0.00457513938
  endloop
 endfacet

 facet normal -0.352437496 0.922854781 -0.155328512
  outer loop
  vertex -0.0942978486 0.0262212269 -0.00457513938
  vertex -0.0943418741 0.0261992477 -0.00460583298
  vertex -0.0943418741 0.0262051094 -0.0045710071
  endloop
 endfacet

 facet normal -0.352365345 0.923301637 -0.152816176
  outer loop
  vertex -0.0942978486 0.0262212269 -0.00457513938
  vertex -0.0943418741 0.0262051094 -0.0045710071
  vertex -0.0943418741 0.0262109693 -0.00453559216
  endloop
 endfacet

 facet normal -0.318301141 0.941568136 -0.110153899
  outer loop
  vertex -0.0942978486 0.0262212269 -0.00457513938
  vertex -0.0943418741 0.0262109693 -0.00453559216
  vertex -0.0942978486 0.0262256246 -0.00453755958
  endloop
 endfacet

 facet normal -0.317059398 0.947693229 -0.0367557034
  outer loop
  vertex -0.0942978486 0.0262256246 -0.00453755958
  vertex -0.0943418741 0.0262109693 -0.00453559216
  vertex -0.0942978486 0.0262270886 -0.00449978281
  endloop
 endfacet

 facet normal -0.000144735997 0.000326141337 0.99999994
  outer loop
  vertex -0.0714695975 0.0230896696 -0.00299600046
  vertex -0.0943418741 0.0262109693 -0.00300032878
  vertex -0.0715092197 0.0230720844 -0.00299600046
  endloop
 endfacet

 facet normal -0.446696401 0.894685626 0
  outer loop
  vertex -0.0943418741 0.0262109693 -0.00300032878
  vertex -0.0943418741 0.0262109693 -0.00453559216
  vertex -0.094377093 0.0261933859 -0.00449978281
  endloop
 endfacet

 facet normal -0.446696401 0.894685626 0
  outer loop
  vertex -0.0943418741 0.0262109693 -0.00300032878
  vertex -0.094377093 0.0261933859 -0.00449978281
  vertex -0.094377093 0.0261933859 -0.00300032878
  endloop
 endfacet

 facet normal -0.00014864355 0.000297717343 0.99999994
  outer loop
  vertex -0.0943418741 0.0262109693 -0.00300032878
  vertex -0.094377093 0.0261933859 -0.00300032878
  vertex -0.0715092197 0.0230720844 -0.00299600046
  endloop
 endfacet

 facet normal -0.0588854626 0.0133546442 -0.998175383
  outer loop
  vertex -0.0941921845 0.0257596262 -0.00499796169
  vertex -0.0951651856 0.0213663597 -0.00499933865
  vertex -0.0951872021 0.0213722214 -0.00499796169
  endloop
 endfacet

 facet normal -0.122996166 0.0278943237 -0.992015064
  outer loop
  vertex -0.0941921845 0.0257596262 -0.00499796169
  vertex -0.0951872021 0.0213722214 -0.00499796169
  vertex -0.09423621 0.0257684197 -0.00499225548
  endloop
 endfacet

 facet normal -0.000264441449 5.90605559e-05 -0.99999994
  outer loop
  vertex -0.0718042031 0.0225841068 -0.00500602834
  vertex -0.0719891191 0.0217561554 -0.00500602834
  vertex -0.0951431766 0.021359032 -0.00499992864
  endloop
 endfacet

 facet normal -0.286953241 -0.957944691 0
  outer loop
  vertex -0.0951431766 0.021359032 -0.00499992864
  vertex -0.0951431766 0.021359032 -0.00300032878
  vertex -0.0951872021 0.0213722214 -0.00300032878
  endloop
 endfacet

 facet normal -0.286953241 -0.957944691 0
  outer loop
  vertex -0.0951431766 0.021359032 -0.00499992864
  vertex -0.0951872021 0.0213722214 -0.00300032878
  vertex -0.0951872021 0.0213722214 -0.00499796169
  endloop
 endfacet

 facet normal -0.178199038 -0.465578973 -0.866880298
  outer loop
  vertex -0.0951431766 0.021359032 -0.00499992864
  vertex -0.0951872021 0.0213722214 -0.00499796169
  vertex -0.0951651856 0.0213663597 -0.00499933865
  endloop
 endfacet

 facet normal -0.000264007424 3.37536003e-05 -0.99999994
  outer loop
  vertex -0.0951431766 0.021359032 -0.00499992864
  vertex -0.0719891191 0.0217561554 -0.00500602834
  vertex -0.0719979256 0.0216872822 -0.00500602834
  endloop
 endfacet

 facet normal -0.000263528724 0 -0.99999994
  outer loop
  vertex -0.0951431766 0.021359032 -0.00499992864
  vertex -0.0719979256 0.0216872822 -0.00500602834
  vertex -0.0719979256 0.0215993579 -0.00500602834
  endloop
 endfacet

 facet normal -0.000263171794 -3.4374767e-05 -0.99999994
  outer loop
  vertex -0.0951431766 0.021359032 -0.00499992864
  vertex -0.0719979256 0.0215993579 -0.00500602834
  vertex -0.0719935223 0.0215656534 -0.00500602834
  endloop
 endfacet

 facet normal -0.000262974849 -5.64385264e-05 -0.99999994
  outer loop
  vertex -0.0951431766 0.021359032 -0.00499992864
  vertex -0.0719935223 0.0215656534 -0.00500602834
  vertex -0.0719803125 0.0215041079 -0.00500602834
  endloop
 endfacet

 facet normal -0.000262622343 -0.000112718437 -0.99999994
  outer loop
  vertex -0.0951431766 0.021359032 -0.00499992864
  vertex -0.0719803125 0.0215041079 -0.00500602834
  vertex -0.0719450936 0.0214220453 -0.00500602834
  endloop
 endfacet

 facet normal -0.000262500078 -0.000157732167 -0.99999994
  outer loop
  vertex -0.0951431766 0.021359032 -0.00499992864
  vertex -0.0719450936 0.0214220453 -0.00500602834
  vertex -0.0719230771 0.0213854089 -0.00500602834
  endloop
 endfacet

 facet normal -0.000262464251 -0.000189259517 -0.99999994
  outer loop
  vertex -0.0951431766 0.021359032 -0.00499992864
  vertex -0.0719230771 0.0213854089 -0.00500602834
  vertex -0.0718966648 0.0213487744 -0.00500602834
  endloop
 endfacet

 facet normal -0.000262467744 -0.000197139321 -0.99999994
  outer loop
  vertex -0.0951431766 0.021359032 -0.00499992864
  vertex -0.0718966648 0.0213487744 -0.00500602834
  vertex -0.0718834549 0.0213311892 -0.00500602834
  endloop
 endfacet

 facet normal -0.000262511487 -0.000233695653 -0.99999994
  outer loop
  vertex -0.0951431766 0.021359032 -0.00499992864
  vertex -0.0718834549 0.0213311892 -0.00500602834
  vertex -0.0718482286 0.0212916248 -0.00500602834
  endloop
 endfacet

 facet normal -0.000262713671 -0.000303579989 -0.999999881
  outer loop
  vertex -0.0951431766 0.021359032 -0.00499992864
  vertex -0.0718482286 0.0212916248 -0.00500602834
  vertex -0.0718042031 0.0212535243 -0.00500602834
  endloop
 endfacet

 facet normal -0.000262964779 -0.000359113765 -0.99999994
  outer loop
  vertex -0.0951431766 0.021359032 -0.00499992864
  vertex -0.0718042031 0.0212535243 -0.00500602834
  vertex -0.0717821941 0.0212374032 -0.00500602834
  endloop
 endfacet

 facet normal -0.00026344994 -0.000452302367 -0.999999881
  outer loop
  vertex -0.0951431766 0.021359032 -0.00499992864
  vertex -0.0717821941 0.0212374032 -0.00500602834
  vertex -0.071729362 0.0212066304 -0.00500602834
  endloop
 endfacet

 facet normal -0.000264264381 -0.000577434548 -0.999999762
  outer loop
  vertex -0.0951431766 0.021359032 -0.00499992864
  vertex -0.071729362 0.0212066304 -0.00500602834
  vertex -0.0716941357 0.0211905111 -0.00500602834
  endloop
 endfacet

 facet normal -0.000265269715 -0.000717319665 -0.999999702
  outer loop
  vertex -0.0951431766 0.021359032 -0.00499992864
  vertex -0.0716941357 0.0211905111 -0.00500602834
  vertex -0.0716545135 0.0211758576 -0.00500602834
  endloop
 endfacet

 facet normal -0.12368381 0.0280429609 -0.991925359
  outer loop
  vertex -0.09423621 0.0257684197 -0.00499225548
  vertex -0.0951872021 0.0213722214 -0.00499796169
  vertex -0.0952048153 0.0213780832 -0.00499559985
  endloop
 endfacet

 facet normal -0.16815801 0.0378496982 -0.985033154
  outer loop
  vertex -0.09423621 0.0257684197 -0.00499225548
  vertex -0.0952048153 0.0213780832 -0.00499559985
  vertex -0.095222421 0.0213868748 -0.00499225548
  endloop
 endfacet

 facet normal -0.17741856 0.0399340987 -0.983324945
  outer loop
  vertex -0.09423621 0.0257684197 -0.00499225548
  vertex -0.095222421 0.0213868748 -0.00499225548
  vertex -0.0952444375 0.0213956665 -0.00498792669
  endloop
 endfacet

 facet normal -0.213023394 0.0481509231 -0.97585988
  outer loop
  vertex -0.09423621 0.0257684197 -0.00499225548
  vertex -0.0952444375 0.0213956665 -0.00498792669
  vertex -0.0952664539 0.021405926 -0.00498261489
  endloop
 endfacet

 facet normal -0.225375578 0.0510744825 -0.972932279
  outer loop
  vertex -0.09423621 0.0257684197 -0.00499225548
  vertex -0.0952664539 0.021405926 -0.00498261489
  vertex -0.0942758322 0.0257772114 -0.00498261489
  endloop
 endfacet

 facet normal -0.216884345 0.0885130018 -0.972176254
  outer loop
  vertex -0.09423621 0.0257684197 -0.00499225548
  vertex -0.0942758322 0.0257772114 -0.00498261489
  vertex -0.0942670256 0.0258182436 -0.00498084351
  endloop
 endfacet

 facet normal -0.191887766 0.104806557 -0.975804567
  outer loop
  vertex -0.09423621 0.0257684197 -0.00499225548
  vertex -0.0942670256 0.0258182436 -0.00498084351
  vertex -0.0942230001 0.025810916 -0.00499028852
  endloop
 endfacet

 facet normal -0.180891931 0.163220495 -0.969864547
  outer loop
  vertex -0.0942230001 0.025810916 -0.00499028852
  vertex -0.0942670256 0.0258182436 -0.00498084351
  vertex -0.094258219 0.0258607399 -0.00497533428
  endloop
 endfacet

 facet normal -0.169631347 0.171369419 -0.970493555
  outer loop
  vertex -0.0942230001 0.025810916 -0.00499028852
  vertex -0.094258219 0.0258607399 -0.00497533428
  vertex -0.0942141935 0.0258519463 -0.00498458231
  endloop
 endfacet

 facet normal -0.151424676 0.248149008 -0.956813812
  outer loop
  vertex -0.0942141935 0.0258519463 -0.00498458231
  vertex -0.094258219 0.0258607399 -0.00497533428
  vertex -0.0942053869 0.0258929785 -0.00497533428
  endloop
 endfacet

 facet normal -0.154266745 0.252806485 -0.955139101
  outer loop
  vertex -0.0942053869 0.0258929785 -0.00497533428
  vertex -0.094258219 0.0258607399 -0.00497533428
  vertex -0.0942494199 0.0259003062 -0.00496628415
  endloop
 endfacet

 facet normal -0.137521133 0.328051716 -0.934596181
  outer loop
  vertex -0.0942053869 0.0258929785 -0.00497533428
  vertex -0.0942494199 0.0259003062 -0.00496628415
  vertex -0.0942406133 0.0259398706 -0.00495369174
  endloop
 endfacet

 facet normal -0.132698774 0.331443399 -0.934096634
  outer loop
  vertex -0.0942053869 0.0258929785 -0.00497533428
  vertex -0.0942406133 0.0259398706 -0.00495369174
  vertex -0.0941965804 0.0259325448 -0.00496254629
  endloop
 endfacet

 facet normal -0.238206178 0.342279822 -0.908901691
  outer loop
  vertex -0.0942406133 0.0259398706 -0.00495369174
  vertex -0.0942494199 0.0259003062 -0.00496628415
  vertex -0.0942890421 0.0259061679 -0.00495369174
  endloop
 endfacet

 facet normal -0.253429621 0.364154458 -0.896194696
  outer loop
  vertex -0.0942406133 0.0259398706 -0.00495369174
  vertex -0.0942890421 0.0259061679 -0.00495369174
  vertex -0.0942802355 0.0259428024 -0.0049412963
  endloop
 endfacet

 facet normal -0.243729159 0.414096296 -0.876995087
  outer loop
  vertex -0.0942406133 0.0259398706 -0.00495369174
  vertex -0.0942802355 0.0259428024 -0.0049412963
  vertex -0.0942714289 0.0259809028 -0.00492575299
  endloop
 endfacet

 facet normal -0.207303628 0.439434052 -0.874026895
  outer loop
  vertex -0.0942406133 0.0259398706 -0.00495369174
  vertex -0.0942714289 0.0259809028 -0.00492575299
  vertex -0.0942318067 0.0259765051 -0.00493736146
  endloop
 endfacet

 facet normal -0.193789169 0.492988676 -0.848179221
  outer loop
  vertex -0.0942318067 0.0259765051 -0.00493736146
  vertex -0.0942714289 0.0259809028 -0.00492575299
  vertex -0.0942230001 0.0260131415 -0.00491807982
  endloop
 endfacet

 facet normal -0.203966945 0.505887866 -0.838137805
  outer loop
  vertex -0.0942230001 0.0260131415 -0.00491807982
  vertex -0.0942714289 0.0259809028 -0.00492575299
  vertex -0.0942626223 0.0260160714 -0.00490666786
  endloop
 endfacet

 facet normal -0.192178696 0.554498553 -0.809690595
  outer loop
  vertex -0.0942230001 0.0260131415 -0.00491807982
  vertex -0.0942626223 0.0260160714 -0.00490666786
  vertex -0.094258219 0.026049776 -0.00488463184
  endloop
 endfacet

 facet normal -0.179427192 0.563652217 -0.806289136
  outer loop
  vertex -0.0942230001 0.0260131415 -0.00491807982
  vertex -0.094258219 0.026049776 -0.00488463184
  vertex -0.0942141935 0.0260483101 -0.00489545334
  endloop
 endfacet

 facet normal -0.165086523 0.63198024 -0.757197022
  outer loop
  vertex -0.0942141935 0.0260483101 -0.00489545334
  vertex -0.094258219 0.026049776 -0.00488463184
  vertex -0.0942494199 0.0260820147 -0.00485964352
  endloop
 endfacet

 facet normal -0.149996668 0.642057836 -0.751839578
  outer loop
  vertex -0.0942141935 0.0260483101 -0.00489545334
  vertex -0.0942494199 0.0260820147 -0.00485964352
  vertex -0.0942053869 0.0260805488 -0.00486967852
  endloop
 endfacet

 facet normal -0.141019091 0.681401849 -0.718195796
  outer loop
  vertex -0.0942053869 0.0260805488 -0.00486967852
  vertex -0.0942494199 0.0260820147 -0.00485964352
  vertex -0.0942009911 0.0261113234 -0.00484134629
  endloop
 endfacet

 facet normal -0.14898628 0.68900156 -0.709281325
  outer loop
  vertex -0.0942009911 0.0261113234 -0.00484134629
  vertex -0.0942494199 0.0260820147 -0.00485964352
  vertex -0.0942450166 0.0261113234 -0.00483209826
  endloop
 endfacet

 facet normal -0.132398218 0.764970481 -0.630310237
  outer loop
  vertex -0.0942009911 0.0261113234 -0.00484134629
  vertex -0.0942450166 0.0261113234 -0.00483209826
  vertex -0.0941965804 0.0261377003 -0.00481025921
  endloop
 endfacet

 facet normal -0.13412559 0.766399503 -0.628205538
  outer loop
  vertex -0.0941965804 0.0261377003 -0.00481025921
  vertex -0.0942450166 0.0261113234 -0.00483209826
  vertex -0.09423621 0.0261377003 -0.00480179908
  endloop
 endfacet

 facet normal -0.126611292 0.795177877 -0.593010783
  outer loop
  vertex -0.0941965804 0.0261377003 -0.00481025921
  vertex -0.09423621 0.0261377003 -0.00480179908
  vertex -0.0942318067 0.0261626113 -0.00476933457
  endloop
 endfacet

 facet normal -0.100956224 0.808865428 -0.579262137
  outer loop
  vertex -0.0941965804 0.0261377003 -0.00481025921
  vertex -0.0942318067 0.0261626113 -0.00476933457
  vertex -0.0941877812 0.0261626113 -0.00477700774
  endloop
 endfacet

 facet normal -0.093642734 0.838176966 -0.537299097
  outer loop
  vertex -0.0941877812 0.0261626113 -0.00477700774
  vertex -0.0942318067 0.0261626113 -0.00476933457
  vertex -0.0941833779 0.0261860583 -0.00474119885
  endloop
 endfacet

 facet normal -0.105322123 0.845576525 -0.523361802
  outer loop
  vertex -0.0941833779 0.0261860583 -0.00474119885
  vertex -0.0942318067 0.0261626113 -0.00476933457
  vertex -0.0942274034 0.0261845924 -0.00473470613
  endloop
 endfacet

 facet normal -0.0950083286 0.89143461 -0.443077624
  outer loop
  vertex -0.0941833779 0.0261860583 -0.00474119885
  vertex -0.0942274034 0.0261845924 -0.00473470613
  vertex -0.0941789746 0.0262051094 -0.00470381556
  endloop
 endfacet

 facet normal -0.110917792 0.899183452 -0.423280448
  outer loop
  vertex -0.0941789746 0.0262051094 -0.00470381556
  vertex -0.0942274034 0.0261845924 -0.00473470613
  vertex -0.0942230001 0.0262021776 -0.00469850376
  endloop
 endfacet

 facet normal -0.000182309363 -0.000806146534 0.999999702
  outer loop
  vertex -0.0505609438 0.0112785501 -0.00300013204
  vertex -0.071610488 0.0211641341 -0.00299600046
  vertex -0.0720155388 0.0161304884 -0.00300013204
  endloop
 endfacet

 facet normal -0.0252455901 -0.111632481 0.993428886
  outer loop
  vertex -0.0505609438 0.0112785501 -0.00300013204
  vertex -0.0720155388 0.0161304884 -0.00300013204
  vertex -0.0951431766 0.021359032 -0.00300032878
  endloop
 endfacet

 facet normal -0.000189837127 -0.000712943205 0.999999821
  outer loop
  vertex -0.071610488 0.0211641341 -0.00299600046
  vertex -0.0716545135 0.0211758576 -0.00299600046
  vertex -0.0951431766 0.021359032 -0.00300032878
  endloop
 endfacet

 facet normal -0.000190603474 -0.000805479183 0.999999702
  outer loop
  vertex -0.071610488 0.0211641341 -0.00299600046
  vertex -0.0951431766 0.021359032 -0.00300032878
  vertex -0.0720155388 0.0161304884 -0.00300013204
  endloop
 endfacet

 facet normal -0.184986144 0.892628431 -0.41108945
  outer loop
  vertex -0.0942230001 0.0262021776 -0.00469850376
  vertex -0.0942274034 0.0261845924 -0.00473470613
  vertex -0.0942670256 0.0261963159 -0.00469141966
  endloop
 endfacet

 facet normal -0.272081912 0.859961987 -0.431783408
  outer loop
  vertex -0.0942670256 0.0261963159 -0.00469141966
  vertex -0.0942670256 0.0261787307 -0.00472644251
  vertex -0.0943110585 0.026169939 -0.004716211
  endloop
 endfacet

 facet normal -0.28276512 0.863835454 -0.416932046
  outer loop
  vertex -0.0942670256 0.0261963159 -0.00469141966
  vertex -0.0943110585 0.026169939 -0.004716211
  vertex -0.0943066552 0.0261875242 -0.00468276301
  endloop
 endfacet

 facet normal -0.272531599 0.904065073 -0.329230756
  outer loop
  vertex -0.0942670256 0.0261963159 -0.00469141966
  vertex -0.0943066552 0.0261875242 -0.00468276301
  vertex -0.0942626223 0.0262109693 -0.00465482427
  endloop
 endfacet

 facet normal -0.220231086 0.871734977 -0.43769455
  outer loop
  vertex -0.0942670256 0.0261963159 -0.00469141966
  vertex -0.0942274034 0.0261845924 -0.00473470613
  vertex -0.0942670256 0.0261787307 -0.00472644251
  endloop
 endfacet

 facet normal -0.288170576 0.907012701 -0.307059914
  outer loop
  vertex -0.0942626223 0.0262109693 -0.00465482427
  vertex -0.0943066552 0.0261875242 -0.00468276301
  vertex -0.0943022519 0.0262007117 -0.0046479376
  endloop
 endfacet

 facet normal -0.323685974 0.897667825 -0.299031347
  outer loop
  vertex -0.0943022519 0.0262007117 -0.0046479376
  vertex -0.0943066552 0.0261875242 -0.00468276301
  vertex -0.0943462774 0.0261875242 -0.00463987095
  endloop
 endfacet

 facet normal -0.372307599 0.862024248 -0.343949527
  outer loop
  vertex -0.0943462774 0.0261875242 -0.00463987095
  vertex -0.0943066552 0.0261875242 -0.00468276301
  vertex -0.0943462774 0.0261743348 -0.00467292592
  endloop
 endfacet

 facet normal -0.410529405 0.846920133 -0.337922961
  outer loop
  vertex -0.0943462774 0.0261875242 -0.00463987095
  vertex -0.0943462774 0.0261743348 -0.00467292592
  vertex -0.0943858996 0.0261596814 -0.00466151396
  endloop
 endfacet

 facet normal -0.419051468 0.848199308 -0.323965847
  outer loop
  vertex -0.0943462774 0.0261875242 -0.00463987095
  vertex -0.0943858996 0.0261596814 -0.00466151396
  vertex -0.0943858996 0.0261714049 -0.00463082036
  endloop
 endfacet

 facet normal -0.413146108 0.876153648 -0.248324722
  outer loop
  vertex -0.0943462774 0.0261875242 -0.00463987095
  vertex -0.0943858996 0.0261714049 -0.00463082036
  vertex -0.0943418741 0.0261992477 -0.00460583298
  endloop
 endfacet

 facet normal -0.427531362 0.876088023 -0.222905204
  outer loop
  vertex -0.0943418741 0.0261992477 -0.00460583298
  vertex -0.0943858996 0.0261714049 -0.00463082036
  vertex -0.0943815038 0.0261816625 -0.00459894678
  endloop
 endfacet

 facet normal -0.422741055 0.893680274 -0.150418073
  outer loop
  vertex -0.0943418741 0.0261992477 -0.00460583298
  vertex -0.0943815038 0.0261816625 -0.00459894678
  vertex -0.0943418741 0.0262051094 -0.0045710071
  endloop
 endfacet

 facet normal -0.424348116 0.893345773 -0.147858173
  outer loop
  vertex -0.0943418741 0.0262051094 -0.0045710071
  vertex -0.0943815038 0.0261816625 -0.00459894678
  vertex -0.0943418741 0.0262109693 -0.00453559216
  endloop
 endfacet

 facet normal -0.470156759 0.875576675 -0.110987328
  outer loop
  vertex -0.0943418741 0.0262109693 -0.00453559216
  vertex -0.0943815038 0.0261816625 -0.00459894678
  vertex -0.0944167227 0.0261714049 -0.00453067338
  endloop
 endfacet

 facet normal -0.468579233 0.883000791 -0.027261138
  outer loop
  vertex -0.0943418741 0.0262109693 -0.00453559216
  vertex -0.0944167227 0.0261714049 -0.00453067338
  vertex -0.094377093 0.0261933859 -0.00449978281
  endloop
 endfacet

 facet normal -0.00015190382 0.000273831363 0.99999994
  outer loop
  vertex -0.0715092197 0.0230720844 -0.00299600046
  vertex -0.094377093 0.0261933859 -0.00300032878
  vertex -0.0944167227 0.0261714049 -0.00300032878
  endloop
 endfacet

 facet normal -0.00015414237 0.000257285894 0.99999994
  outer loop
  vertex -0.0715092197 0.0230720844 -0.00299600046
  vertex -0.0944167227 0.0261714049 -0.00300032878
  vertex -0.0715752617 0.0230325181 -0.00299600046
  endloop
 endfacet

 facet normal -0.485094517 0.87446177 0
  outer loop
  vertex -0.094377093 0.0261933859 -0.00300032878
  vertex -0.094377093 0.0261933859 -0.00449978281
  vertex -0.0944167227 0.0261714049 -0.00453067338
  endloop
 endfacet

 facet normal -0.485094517 0.87446177 0
  outer loop
  vertex -0.094377093 0.0261933859 -0.00300032878
  vertex -0.0944167227 0.0261714049 -0.00453067338
  vertex -0.0944167227 0.0261714049 -0.00300032878
  endloop
 endfacet

 facet normal -0.315800577 -0.948825538 0
  outer loop
  vertex -0.0951872021 0.0213722214 -0.00499796169
  vertex -0.0951872021 0.0213722214 -0.00300032878
  vertex -0.0952048153 0.0213780832 -0.00499559985
  endloop
 endfacet

 facet normal -0.00018920294 -0.000631621922 0.999999762
  outer loop
  vertex -0.0951431766 0.021359032 -0.00300032878
  vertex -0.0716545135 0.0211758576 -0.00299600046
  vertex -0.0951872021 0.0213722214 -0.00300032878
  endloop
 endfacet

 facet normal -0.384123415 -0.92328155 0.000678092416
  outer loop
  vertex -0.0952048153 0.0213780832 -0.00499559985
  vertex -0.0951872021 0.0213722214 -0.00300032878
  vertex -0.095222421 0.0213868748 -0.00300032878
  endloop
 endfacet

 facet normal -0.397116631 -0.917768002 0.000539111556
  outer loop
  vertex -0.0952048153 0.0213780832 -0.00499559985
  vertex -0.095222421 0.0213868748 -0.00300032878
  vertex -0.0952664539 0.021405926 -0.00300032878
  endloop
 endfacet

 facet normal -0.40559715 -0.91405195 0.000225275231
  outer loop
  vertex -0.0952048153 0.0213780832 -0.00499559985
  vertex -0.0952664539 0.021405926 -0.00300032878
  vertex -0.0952444375 0.0213956665 -0.00498792669
  endloop
 endfacet

 facet normal -0.217788994 -0.0658446401 -0.973772287
  outer loop
  vertex -0.0952048153 0.0213780832 -0.00499559985
  vertex -0.0952444375 0.0213956665 -0.00498792669
  vertex -0.095222421 0.0213868748 -0.00499225548
  endloop
 endfacet

 facet normal -0.422380209 -0.9064188 0
  outer loop
  vertex -0.0952444375 0.0213956665 -0.00498792669
  vertex -0.0952664539 0.021405926 -0.00300032878
  vertex -0.0952664539 0.021405926 -0.00498261489
  endloop
 endfacet

 facet normal -0.503297627 -0.864113092 0
  outer loop
  vertex -0.0952664539 0.021405926 -0.00498261489
  vertex -0.0952664539 0.021405926 -0.00300032878
  vertex -0.0953016728 0.0214264411 -0.00300032878
  endloop
 endfacet

 facet normal -0.503297627 -0.864113092 0
  outer loop
  vertex -0.0952664539 0.021405926 -0.00498261489
  vertex -0.0953016728 0.0214264411 -0.00300032878
  vertex -0.0953016728 0.0214264411 -0.00496962946
  endloop
 endfacet

 facet normal -0.503297627 -0.864113092 0
  outer loop
  vertex -0.0952664539 0.021405926 -0.00498261489
  vertex -0.0953016728 0.0214264411 -0.00496962946
  vertex -0.0952840596 0.0214161836 -0.00497651566
  endloop
 endfacet

 facet normal -0.291925967 0.0661560819 -0.9541502
  outer loop
  vertex -0.0952664539 0.021405926 -0.00498261489
  vertex -0.0952840596 0.0214161836 -0.00497651566
  vertex -0.0942758322 0.0257772114 -0.00498261489
  endloop
 endfacet

 facet normal -0.29718253 0.0673737451 -0.952440739
  outer loop
  vertex -0.0942758322 0.0257772114 -0.00498261489
  vertex -0.0952840596 0.0214161836 -0.00497651566
  vertex -0.0943154544 0.025786005 -0.00496962946
  endloop
 endfacet

 facet normal -0.289026797 0.103111789 -0.951751828
  outer loop
  vertex -0.0942758322 0.0257772114 -0.00498261489
  vertex -0.0943154544 0.025786005 -0.00496962946
  vertex -0.0943066552 0.0258270353 -0.00496785762
  endloop
 endfacet

 facet normal -0.289026797 0.103111789 -0.951751828
  outer loop
  vertex -0.0942758322 0.0257772114 -0.00498261489
  vertex -0.0943066552 0.0258270353 -0.00496785762
  vertex -0.0942670256 0.0258182436 -0.00498084351
  endloop
 endfacet

 facet normal -0.270383775 0.178675741 -0.946027279
  outer loop
  vertex -0.0942670256 0.0258182436 -0.00498084351
  vertex -0.0943066552 0.0258270353 -0.00496785762
  vertex -0.094258219 0.0258607399 -0.00497533428
  endloop
 endfacet

 facet normal -0.276350439 0.188036069 -0.942482233
  outer loop
  vertex -0.094258219 0.0258607399 -0.00497533428
  vertex -0.0943066552 0.0258270353 -0.00496785762
  vertex -0.0942978486 0.0258666016 -0.00496254629
  endloop
 endfacet

 facet normal -0.260280281 0.265658528 -0.928267002
  outer loop
  vertex -0.094258219 0.0258607399 -0.00497533428
  vertex -0.0942978486 0.0258666016 -0.00496254629
  vertex -0.0942890421 0.0259061679 -0.00495369174
  endloop
 endfacet

 facet normal -0.255282462 0.269221485 -0.928628385
  outer loop
  vertex -0.094258219 0.0258607399 -0.00497533428
  vertex -0.0942890421 0.0259061679 -0.00495369174
  vertex -0.0942494199 0.0259003062 -0.00496628415
  endloop
 endfacet

 facet normal -0.31049332 0.272871703 -0.910568476
  outer loop
  vertex -0.0942890421 0.0259061679 -0.00495369174
  vertex -0.0942978486 0.0258666016 -0.00496254629
  vertex -0.0943330675 0.0259105638 -0.00493736146
  endloop
 endfacet

 facet normal -0.290690005 0.36863178 -0.882955253
  outer loop
  vertex -0.0942890421 0.0259061679 -0.00495369174
  vertex -0.0943330675 0.0259105638 -0.00493736146
  vertex -0.0942802355 0.0259428024 -0.0049412963
  endloop
 endfacet

 facet normal -0.299763381 0.384715974 -0.873003721
  outer loop
  vertex -0.0942802355 0.0259428024 -0.0049412963
  vertex -0.0943330675 0.0259105638 -0.00493736146
  vertex -0.0943198577 0.0259471983 -0.00492575299
  endloop
 endfacet

 facet normal -0.292506754 0.412968487 -0.862494588
  outer loop
  vertex -0.0942802355 0.0259428024 -0.0049412963
  vertex -0.0943198577 0.0259471983 -0.00492575299
  vertex -0.0943154544 0.0259823669 -0.00491040666
  endloop
 endfacet

 facet normal -0.286590993 0.417922378 -0.862094283
  outer loop
  vertex -0.0942802355 0.0259428024 -0.0049412963
  vertex -0.0943154544 0.0259823669 -0.00491040666
  vertex -0.0942714289 0.0259809028 -0.00492575299
  endloop
 endfacet

 facet normal -0.268109411 0.509248137 -0.817792058
  outer loop
  vertex -0.0942714289 0.0259809028 -0.00492575299
  vertex -0.0943154544 0.0259823669 -0.00491040666
  vertex -0.0943066552 0.0260160714 -0.00489230501
  endloop
 endfacet

 facet normal -0.266700089 0.510409296 -0.817528903
  outer loop
  vertex -0.0942714289 0.0259809028 -0.00492575299
  vertex -0.0943066552 0.0260160714 -0.00489230501
  vertex -0.0942626223 0.0260160714 -0.00490666786
  endloop
 endfacet

 facet normal -0.258596599 0.552061737 -0.792688847
  outer loop
  vertex -0.0942626223 0.0260160714 -0.00490666786
  vertex -0.0943066552 0.0260160714 -0.00489230501
  vertex -0.094258219 0.026049776 -0.00488463184
  endloop
 endfacet

 facet normal -0.267881393 0.562942684 -0.781879187
  outer loop
  vertex -0.094258219 0.026049776 -0.00488463184
  vertex -0.0943066552 0.0260160714 -0.00489230501
  vertex -0.0942978486 0.026049776 -0.00487105548
  endloop
 endfacet

 facet normal -0.255036116 0.617126107 -0.744387031
  outer loop
  vertex -0.094258219 0.026049776 -0.00488463184
  vertex -0.0942978486 0.026049776 -0.00487105548
  vertex -0.0942934453 0.0260805488 -0.00484705158
  endloop
 endfacet

 facet normal -0.231951281 0.634690762 -0.737133861
  outer loop
  vertex -0.094258219 0.026049776 -0.00488463184
  vertex -0.0942934453 0.0260805488 -0.00484705158
  vertex -0.0942494199 0.0260820147 -0.00485964352
  endloop
 endfacet

 facet normal -0.221247226 0.685322225 -0.693817735
  outer loop
  vertex -0.0942494199 0.0260820147 -0.00485964352
  vertex -0.0942934453 0.0260805488 -0.00484705158
  vertex -0.0942450166 0.0261113234 -0.00483209826
  endloop
 endfacet

 facet normal -0.251001358 0.713091075 -0.654598713
  outer loop
  vertex -0.0942450166 0.0261113234 -0.00483209826
  vertex -0.0942934453 0.0260805488 -0.00484705158
  vertex -0.0942846388 0.0261083916 -0.00482009724
  endloop
 endfacet

 facet normal -0.245348096 0.73667109 -0.630174637
  outer loop
  vertex -0.0942450166 0.0261113234 -0.00483209826
  vertex -0.0942846388 0.0261083916 -0.00482009724
  vertex -0.0942802355 0.0261347685 -0.00479097711
  endloop
 endfacet

 facet normal -0.200840831 0.76703161 -0.609364927
  outer loop
  vertex -0.0942450166 0.0261113234 -0.00483209826
  vertex -0.0942802355 0.0261347685 -0.00479097711
  vertex -0.09423621 0.0261377003 -0.00480179908
  endloop
 endfacet

 facet normal -0.195259616 0.790683448 -0.580252886
  outer loop
  vertex -0.09423621 0.0261377003 -0.00480179908
  vertex -0.0942802355 0.0261347685 -0.00479097711
  vertex -0.0942318067 0.0261626113 -0.00476933457
  endloop
 endfacet

 facet normal -0.222112462 0.809180617 -0.543960452
  outer loop
  vertex -0.0942318067 0.0261626113 -0.00476933457
  vertex -0.0942802355 0.0261347685 -0.00479097711
  vertex -0.0942714289 0.0261582155 -0.00475969398
  endloop
 endfacet

 facet normal -0.215356976 0.83661449 -0.503684163
  outer loop
  vertex -0.0942318067 0.0261626113 -0.00476933457
  vertex -0.0942714289 0.0261582155 -0.00475969398
  vertex -0.0942274034 0.0261845924 -0.00473470613
  endloop
 endfacet

 facet normal -0.226642817 0.842027366 -0.48951304
  outer loop
  vertex -0.0942274034 0.0261845924 -0.00473470613
  vertex -0.0942714289 0.0261582155 -0.00475969398
  vertex -0.0942670256 0.0261787307 -0.00472644251
  endloop
 endfacet

 facet normal -0.000188178557 -0.000508856378 0.999999881
  outer loop
  vertex -0.0716545135 0.0211758576 -0.00299600046
  vertex -0.0716941357 0.0211905111 -0.00299600046
  vertex -0.0951872021 0.0213722214 -0.00300032878
  endloop
 endfacet

 facet normal -0.265779823 0.835768878 -0.480470121
  outer loop
  vertex -0.0942670256 0.0261787307 -0.00472644251
  vertex -0.0942714289 0.0261582155 -0.00475969398
  vertex -0.0943154544 0.0261508878 -0.00474808505
  endloop
 endfacet

 facet normal -0.276017368 0.841336012 -0.464723766
  outer loop
  vertex -0.0942670256 0.0261787307 -0.00472644251
  vertex -0.0943154544 0.0261508878 -0.00474808505
  vertex -0.0943110585 0.026169939 -0.004716211
  endloop
 endfacet

 facet normal -0.370657176 0.818881154 -0.438231826
  outer loop
  vertex -0.0943110585 0.026169939 -0.004716211
  vertex -0.0943154544 0.0261508878 -0.00474808505
  vertex -0.0943506807 0.0261582155 -0.00470460253
  endloop
 endfacet

 facet normal -0.365143478 0.842947185 -0.395108044
  outer loop
  vertex -0.0943110585 0.026169939 -0.004716211
  vertex -0.0943506807 0.0261582155 -0.00470460253
  vertex -0.0943066552 0.0261875242 -0.00468276301
  endloop
 endfacet

 facet normal -0.375535101 0.846066475 -0.378344953
  outer loop
  vertex -0.0943066552 0.0261875242 -0.00468276301
  vertex -0.0943506807 0.0261582155 -0.00470460253
  vertex -0.0943462774 0.0261743348 -0.00467292592
  endloop
 endfacet

 facet normal -0.413751453 0.833334923 -0.366555095
  outer loop
  vertex -0.0943462774 0.0261743348 -0.00467292592
  vertex -0.0943506807 0.0261582155 -0.00470460253
  vertex -0.0943858996 0.0261596814 -0.00466151396
  endloop
 endfacet

 facet normal -0.5316118 0.775797069 -0.339893937
  outer loop
  vertex -0.0943858996 0.0261596814 -0.00466151396
  vertex -0.0943903029 0.026143562 -0.00469141966
  vertex -0.0944255292 0.0261259768 -0.00467646681
  endloop
 endfacet

 facet normal -0.547509551 0.779128313 -0.305274308
  outer loop
  vertex -0.0943858996 0.0261596814 -0.00466151396
  vertex -0.0944255292 0.0261259768 -0.00467646681
  vertex -0.0944211259 0.0261508878 -0.00462078582
  endloop
 endfacet

 facet normal -0.542508602 0.784757257 -0.299734443
  outer loop
  vertex -0.0943858996 0.0261596814 -0.00466151396
  vertex -0.0944211259 0.0261508878 -0.00462078582
  vertex -0.0943858996 0.0261714049 -0.00463082036
  endloop
 endfacet

 facet normal -0.42923522 0.819939375 -0.378756762
  outer loop
  vertex -0.0943858996 0.0261596814 -0.00466151396
  vertex -0.0943506807 0.0261582155 -0.00470460253
  vertex -0.0943903029 0.026143562 -0.00469141966
  endloop
 endfacet

 facet normal -0.534151435 0.823472738 -0.191245764
  outer loop
  vertex -0.0943858996 0.0261714049 -0.00463082036
  vertex -0.0944211259 0.0261508878 -0.00462078582
  vertex -0.0943815038 0.0261816625 -0.00459894678
  endloop
 endfacet

 facet normal -0.538276374 0.822724998 -0.182708055
  outer loop
  vertex -0.0943815038 0.0261816625 -0.00459894678
  vertex -0.0944211259 0.0261508878 -0.00462078582
  vertex -0.0944167227 0.0261670072 -0.00456116954
  endloop
 endfacet

 facet normal -0.491806298 0.861797273 -0.124226145
  outer loop
  vertex -0.0943815038 0.0261816625 -0.00459894678
  vertex -0.0944167227 0.0261670072 -0.00456116954
  vertex -0.0944167227 0.0261714049 -0.00453067338
  endloop
 endfacet

 facet normal -0.568345129 0.814373136 -0.117390059
  outer loop
  vertex -0.0944167227 0.0261714049 -0.00453067338
  vertex -0.0944167227 0.0261670072 -0.00456116954
  vertex -0.0944563448 0.0261362344 -0.00458281254
  endloop
 endfacet

 facet normal -0.579708517 0.808092773 -0.104517832
  outer loop
  vertex -0.0944167227 0.0261714049 -0.00453067338
  vertex -0.0944563448 0.0261362344 -0.00458281254
  vertex -0.0944519415 0.026146492 -0.00452791899
  endloop
 endfacet

 facet normal -0.579124391 0.814136147 -0.042395398
  outer loop
  vertex -0.0944167227 0.0261714049 -0.00453067338
  vertex -0.0944519415 0.026146492 -0.00452791899
  vertex -0.0944519415 0.0261479579 -0.00449978281
  endloop
 endfacet

 facet normal -0.55412358 0.832434416 0
  outer loop
  vertex -0.0944167227 0.0261714049 -0.00453067338
  vertex -0.0944519415 0.0261479579 -0.00449978281
  vertex -0.0944519415 0.0261479579 -0.00300032878
  endloop
 endfacet

 facet normal -0.55412358 0.832434416 0
  outer loop
  vertex -0.0944167227 0.0261714049 -0.00453067338
  vertex -0.0944519415 0.0261479579 -0.00300032878
  vertex -0.0944167227 0.0261714049 -0.00300032878
  endloop
 endfacet

 facet normal -0.000157072587 0.000235962958 0.99999994
  outer loop
  vertex -0.0715752617 0.0230325181 -0.00299600046
  vertex -0.0944167227 0.0261714049 -0.00300032878
  vertex -0.0944519415 0.0261479579 -0.00300032878
  endloop
 endfacet

 facet normal -0.00016140056 0.000204182565 0.99999994
  outer loop
  vertex -0.0715752617 0.0230325181 -0.00299600046
  vertex -0.0944519415 0.0261479579 -0.00300032878
  vertex -0.0944871679 0.0261201151 -0.00300032878
  endloop
 endfacet

 facet normal -0.000164013822 0.000184790551 0.99999994
  outer loop
  vertex -0.0715752617 0.0230325181 -0.00299600046
  vertex -0.0944871679 0.0261201151 -0.00300032878
  vertex -0.0716148838 0.0229973495 -0.00299600046
  endloop
 endfacet

 facet normal -0.00018773292 -0.00045123609 0.99999994
  outer loop
  vertex -0.0951872021 0.0213722214 -0.00300032878
  vertex -0.0716941357 0.0211905111 -0.00299600046
  vertex -0.095222421 0.0213868748 -0.00300032878
  endloop
 endfacet

 facet normal -0.000187585101 -0.000433524023 0.99999994
  outer loop
  vertex -0.095222421 0.0213868748 -0.00300032878
  vertex -0.0716941357 0.0211905111 -0.00299600046
  vertex -0.0952664539 0.021405926 -0.00300032878
  endloop
 endfacet

 facet normal -0.000187484067 -0.000422467827 0.99999994
  outer loop
  vertex -0.0952664539 0.021405926 -0.00300032878
  vertex -0.0716941357 0.0211905111 -0.00299600046
  vertex -0.0717337579 0.0212080963 -0.00299600046
  endloop
 endfacet

 facet normal -0.000186626159 -0.000320419029 0.99999994
  outer loop
  vertex -0.0952664539 0.021405926 -0.00300032878
  vertex -0.0717337579 0.0212080963 -0.00299600046
  vertex -0.0953016728 0.0214264411 -0.00300032878
  endloop
 endfacet

 facet normal -0.325668365 0.0736723617 -0.942609429
  outer loop
  vertex -0.0952840596 0.0214161836 -0.00497651566
  vertex -0.0953016728 0.0214264411 -0.00496962946
  vertex -0.0943154544 0.025786005 -0.00496962946
  endloop
 endfacet

 facet normal -0.360253662 0.11726059 -0.925455213
  outer loop
  vertex -0.0943154544 0.025786005 -0.00496962946
  vertex -0.094355084 0.0257962625 -0.00495290477
  vertex -0.0943066552 0.0258270353 -0.00496785762
  endloop
 endfacet

 facet normal -0.355838388 0.080497399 -0.931074262
  outer loop
  vertex -0.0943154544 0.025786005 -0.00496962946
  vertex -0.0953016728 0.0214264411 -0.00496962946
  vertex -0.095319286 0.0214396287 -0.00496175839
  endloop
 endfacet

 facet normal -0.369056821 0.0835601315 -0.925642908
  outer loop
  vertex -0.0943154544 0.025786005 -0.00496962946
  vertex -0.095319286 0.0214396287 -0.00496175839
  vertex -0.094355084 0.0257962625 -0.00495290477
  endloop
 endfacet

 facet normal -0.365593523 0.127331406 -0.922023952
  outer loop
  vertex -0.0943066552 0.0258270353 -0.00496785762
  vertex -0.094355084 0.0257962625 -0.00495290477
  vertex -0.0943462774 0.025834363 -0.00495113432
  endloop
 endfacet

 facet normal -0.349214137 0.200607464 -0.915317535
  outer loop
  vertex -0.0943066552 0.0258270353 -0.00496785762
  vertex -0.0943462774 0.025834363 -0.00495113432
  vertex -0.0942978486 0.0258666016 -0.00496254629
  endloop
 endfacet

 facet normal -0.351039618 0.203851104 -0.913901508
  outer loop
  vertex -0.0942978486 0.0258666016 -0.00496254629
  vertex -0.0943462774 0.025834363 -0.00495113432
  vertex -0.0943374708 0.0258724634 -0.00494601857
  endloop
 endfacet

 facet normal -0.341999412 0.245605335 -0.907036066
  outer loop
  vertex -0.0942978486 0.0258666016 -0.00496254629
  vertex -0.0943374708 0.0258724634 -0.00494601857
  vertex -0.0943330675 0.0259105638 -0.00493736146
  endloop
 endfacet

 facet normal -0.401446909 0.246787339 -0.882007062
  outer loop
  vertex -0.0943330675 0.0259105638 -0.00493736146
  vertex -0.0943374708 0.0258724634 -0.00494601857
  vertex -0.094377093 0.0258783251 -0.00492634298
  endloop
 endfacet

 facet normal -0.437006235 0.307965457 -0.845093369
  outer loop
  vertex -0.0943330675 0.0259105638 -0.00493736146
  vertex -0.094377093 0.0258783251 -0.00492634298
  vertex -0.0943682939 0.0259134937 -0.00491807982
  endloop
 endfacet

 facet normal -0.421296567 0.373640656 -0.826378763
  outer loop
  vertex -0.0943330675 0.0259105638 -0.00493736146
  vertex -0.0943682939 0.0259134937 -0.00491807982
  vertex -0.0943594873 0.0259486642 -0.00490666786
  endloop
 endfacet

 facet normal -0.385198087 0.402092427 -0.830628812
  outer loop
  vertex -0.0943330675 0.0259105638 -0.00493736146
  vertex -0.0943594873 0.0259486642 -0.00490666786
  vertex -0.0943198577 0.0259471983 -0.00492575299
  endloop
 endfacet

 facet normal -0.384791225 0.403930277 -0.829925299
  outer loop
  vertex -0.0943198577 0.0259471983 -0.00492575299
  vertex -0.0943594873 0.0259486642 -0.00490666786
  vertex -0.094355084 0.0259823669 -0.00489230501
  endloop
 endfacet

 facet normal -0.379075736 0.409540832 -0.82980597
  outer loop
  vertex -0.0943198577 0.0259471983 -0.00492575299
  vertex -0.094355084 0.0259823669 -0.00489230501
  vertex -0.0943154544 0.0259823669 -0.00491040666
  endloop
 endfacet

 facet normal -0.359266162 0.502430439 -0.78644228
  outer loop
  vertex -0.0943154544 0.0259823669 -0.00491040666
  vertex -0.094355084 0.0259823669 -0.00489230501
  vertex -0.0943462774 0.0260160714 -0.00487479428
  endloop
 endfacet

 facet normal -0.347081989 0.512492537 -0.785420597
  outer loop
  vertex -0.0943154544 0.0259823669 -0.00491040666
  vertex -0.0943462774 0.0260160714 -0.00487479428
  vertex -0.0943066552 0.0260160714 -0.00489230501
  endloop
 endfacet

 facet normal -0.333887815 0.563598394 -0.755563259
  outer loop
  vertex -0.0943066552 0.0260160714 -0.00489230501
  vertex -0.0943462774 0.0260160714 -0.00487479428
  vertex -0.0942978486 0.026049776 -0.00487105548
  endloop
 endfacet

 facet normal -0.349104226 0.583030045 -0.73362267
  outer loop
  vertex -0.0942978486 0.026049776 -0.00487105548
  vertex -0.0943462774 0.0260160714 -0.00487479428
  vertex -0.0943374708 0.0260468461 -0.0048545287
  endloop
 endfacet

 facet normal -0.343585819 0.60766834 -0.716022372
  outer loop
  vertex -0.0942978486 0.026049776 -0.00487105548
  vertex -0.0943374708 0.0260468461 -0.0048545287
  vertex -0.0942934453 0.0260805488 -0.00484705158
  endloop
 endfacet

 facet normal -0.346908033 0.611017346 -0.711556554
  outer loop
  vertex -0.0942934453 0.0260805488 -0.00484705158
  vertex -0.0943374708 0.0260468461 -0.0048545287
  vertex -0.0943330675 0.0260761529 -0.00483150827
  endloop
 endfacet

 facet normal -0.324331611 0.70889926 -0.626315296
  outer loop
  vertex -0.0942934453 0.0260805488 -0.00484705158
  vertex -0.0943330675 0.0260761529 -0.00483150827
  vertex -0.0942846388 0.0261083916 -0.00482009724
  endloop
 endfacet

 facet normal -0.325283647 0.709794939 -0.624805331
  outer loop
  vertex -0.0942846388 0.0261083916 -0.00482009724
  vertex -0.0943330675 0.0260761529 -0.00483150827
  vertex -0.094324261 0.0261025298 -0.00480612693
  endloop
 endfacet

 facet normal -0.321821719 0.725429952 -0.608426094
  outer loop
  vertex -0.0942846388 0.0261083916 -0.00482009724
  vertex -0.094324261 0.0261025298 -0.00480612693
  vertex -0.0942802355 0.0261347685 -0.00479097711
  endloop
 endfacet

 facet normal -0.328413814 0.730112731 -0.599232674
  outer loop
  vertex -0.0942802355 0.0261347685 -0.00479097711
  vertex -0.094324261 0.0261025298 -0.00480612693
  vertex -0.0943198577 0.0261274427 -0.00477818819
  endloop
 endfacet

 facet normal -0.320580959 0.769450068 -0.552426159
  outer loop
  vertex -0.0942802355 0.0261347685 -0.00479097711
  vertex -0.0943198577 0.0261274427 -0.00477818819
  vertex -0.0943154544 0.0261508878 -0.00474808505
  endloop
 endfacet

 facet normal -0.272850126 0.805115104 -0.526633203
  outer loop
  vertex -0.0942802355 0.0261347685 -0.00479097711
  vertex -0.0943154544 0.0261508878 -0.00474808505
  vertex -0.0942714289 0.0261582155 -0.00475969398
  endloop
 endfacet

 facet normal -0.372899562 0.757676423 -0.535604656
  outer loop
  vertex -0.0943154544 0.0261508878 -0.00474808505
  vertex -0.0943198577 0.0261274427 -0.00477818819
  vertex -0.0943594873 0.0261186492 -0.00476303836
  endloop
 endfacet

 facet normal -0.396253198 0.771801949 -0.497297883
  outer loop
  vertex -0.0943154544 0.0261508878 -0.00474808505
  vertex -0.0943594873 0.0261186492 -0.00476303836
  vertex -0.094355084 0.0261391643 -0.00473470613
  endloop
 endfacet

 facet normal -0.389828831 0.80285579 -0.45106107
  outer loop
  vertex -0.0943154544 0.0261508878 -0.00474808505
  vertex -0.094355084 0.0261391643 -0.00473470613
  vertex -0.0943506807 0.0261582155 -0.00470460253
  endloop
 endfacet

 facet normal -0.430024326 0.789985359 -0.437038124
  outer loop
  vertex -0.0943506807 0.0261582155 -0.00470460253
  vertex -0.094355084 0.0261391643 -0.00473470613
  vertex -0.0943947062 0.0261259768 -0.00471955631
  endloop
 endfacet

 facet normal -0.435213298 0.792514145 -0.427212715
  outer loop
  vertex -0.0943506807 0.0261582155 -0.00470460253
  vertex -0.0943947062 0.0261259768 -0.00471955631
  vertex -0.0943903029 0.026143562 -0.00469141966
  endloop
 endfacet

 facet normal -0.532583952 0.752677321 -0.387080491
  outer loop
  vertex -0.0943903029 0.026143562 -0.00469141966
  vertex -0.0943947062 0.0261259768 -0.00471955631
  vertex -0.0944299325 0.0261098575 -0.00470243813
  endloop
 endfacet

 facet normal -0.53690058 0.754562497 -0.377323806
  outer loop
  vertex -0.0943903029 0.026143562 -0.00469141966
  vertex -0.0944299325 0.0261098575 -0.00470243813
  vertex -0.0944255292 0.0261259768 -0.00467646681
  endloop
 endfacet

 facet normal -0.580845475 0.73207891 -0.355920136
  outer loop
  vertex -0.0944255292 0.0261259768 -0.00467646681
  vertex -0.0944299325 0.0261098575 -0.00470243813
  vertex -0.0944651514 0.0260908064 -0.00468413997
  endloop
 endfacet

 facet normal -0.584642649 0.734071612 -0.34544456
  outer loop
  vertex -0.0944255292 0.0261259768 -0.00467646681
  vertex -0.0944651514 0.0260908064 -0.00468413997
  vertex -0.0944607481 0.0261171851 -0.00463554217
  endloop
 endfacet

 facet normal -0.54862231 0.778491437 -0.304901332
  outer loop
  vertex -0.0944255292 0.0261259768 -0.00467646681
  vertex -0.0944607481 0.0261171851 -0.00463554217
  vertex -0.0944211259 0.0261508878 -0.00462078582
  endloop
 endfacet

 facet normal -0.568317056 0.781226993 -0.258263767
  outer loop
  vertex -0.0944211259 0.0261508878 -0.00462078582
  vertex -0.0944607481 0.0261171851 -0.00463554217
  vertex -0.0944563448 0.0261289068 -0.00460976781
  endloop
 endfacet

 facet normal -0.564708889 0.796394706 -0.216470361
  outer loop
  vertex -0.0944211259 0.0261508878 -0.00462078582
  vertex -0.0944563448 0.0261289068 -0.00460976781
  vertex -0.0944563448 0.0261362344 -0.00458281254
  endloop
 endfacet

 facet normal -0.538932502 0.8223297 -0.182552725
  outer loop
  vertex -0.0944211259 0.0261508878 -0.00462078582
  vertex -0.0944563448 0.0261362344 -0.00458281254
  vertex -0.0944167227 0.0261670072 -0.00456116954
  endloop
 endfacet

 facet normal -0.622539282 0.776772916 -0.0952301919
  outer loop
  vertex -0.0944563448 0.0261362344 -0.00458281254
  vertex -0.0944871679 0.0261186492 -0.00452477066
  vertex -0.0944519415 0.026146492 -0.00452791899
  endloop
 endfacet

 facet normal -0.629687965 0.74964875 -0.20376423
  outer loop
  vertex -0.0944563448 0.0261362344 -0.00458281254
  vertex -0.0944563448 0.0261289068 -0.00460976781
  vertex -0.0944915712 0.0261025298 -0.00459796237
  endloop
 endfacet

 facet normal -0.65763849 0.74304384 -0.124086551
  outer loop
  vertex -0.0944563448 0.0261362344 -0.00458281254
  vertex -0.0944915712 0.0261025298 -0.00459796237
  vertex -0.0944871679 0.0261186492 -0.00452477066
  endloop
 endfacet

 facet normal -0.621856391 0.78207171 -0.0407256708
  outer loop
  vertex -0.0944519415 0.026146492 -0.00452791899
  vertex -0.0944871679 0.0261186492 -0.00452477066
  vertex -0.0944519415 0.0261479579 -0.00449978281
  endloop
 endfacet

 facet normal -0.639306903 0.768951356 -0.000739293988
  outer loop
  vertex -0.0944519415 0.0261479579 -0.00449978281
  vertex -0.0944871679 0.0261186492 -0.00452477066
  vertex -0.0944871679 0.0261201151 -0.00300032878
  endloop
 endfacet

 facet normal -0.620126605 0.784501791 0
  outer loop
  vertex -0.0944519415 0.0261479579 -0.00449978281
  vertex -0.0944871679 0.0261201151 -0.00300032878
  vertex -0.0944519415 0.0261479579 -0.00300032878
  endloop
 endfacet

 facet normal -0.000166480459 0.000166723999 0.99999994
  outer loop
  vertex -0.0716148838 0.0229973495 -0.00299600046
  vertex -0.0944871679 0.0261201151 -0.00300032878
  vertex -0.0945179835 0.0260893423 -0.00300032878
  endloop
 endfacet

 facet normal -0.000166480124 0.000166726328 0.99999994
  outer loop
  vertex -0.0716148838 0.0229973495 -0.00299600046
  vertex -0.0945179835 0.0260893423 -0.00300032878
  vertex -0.0716457069 0.0229665749 -0.00299600046
  endloop
 endfacet

 facet normal -0.689419389 0.724362016 -0.000696424337
  outer loop
  vertex -0.0944871679 0.0261201151 -0.00300032878
  vertex -0.0944871679 0.0261186492 -0.00452477066
  vertex -0.0945179835 0.0260893423 -0.00449978281
  endloop
 endfacet

 facet normal -0.706589699 0.707623482 0
  outer loop
  vertex -0.0944871679 0.0261201151 -0.00300032878
  vertex -0.0945179835 0.0260893423 -0.00449978281
  vertex -0.0945179835 0.0260893423 -0.00300032878
  endloop
 endfacet

 facet normal -0.000186249774 -0.000279789267 0.99999994
  outer loop
  vertex -0.0717337579 0.0212080963 -0.00299600046
  vertex -0.0717997998 0.0212520584 -0.00299600046
  vertex -0.0953016728 0.0214264411 -0.00300032878
  endloop
 endfacet

 facet normal -0.000186126374 -0.000263158901 0.99999994
  outer loop
  vertex -0.0953016728 0.0214264411 -0.00300032878
  vertex -0.0717997998 0.0212520584 -0.00299600046
  vertex -0.0953368992 0.0214513522 -0.00300032878
  endloop
 endfacet

 facet normal -0.577443123 -0.816430926 0
  outer loop
  vertex -0.0953016728 0.0214264411 -0.00300032878
  vertex -0.0953368992 0.0214513522 -0.00300032878
  vertex -0.0953016728 0.0214264411 -0.00496962946
  endloop
 endfacet

 facet normal -0.599602401 -0.800297976 -0.000600419007
  outer loop
  vertex -0.0953016728 0.0214264411 -0.00496962946
  vertex -0.0953368992 0.0214513522 -0.00300032878
  vertex -0.095319286 0.0214396287 -0.00496175839
  endloop
 endfacet

 facet normal -0.407944798 0.0921315998 -0.908346176
  outer loop
  vertex -0.094355084 0.0257962625 -0.00495290477
  vertex -0.095319286 0.0214396287 -0.00496175839
  vertex -0.0953545049 0.0214660075 -0.00494326418
  endloop
 endfacet

 facet normal -0.432308406 0.0977813154 -0.896408558
  outer loop
  vertex -0.094355084 0.0257962625 -0.00495290477
  vertex -0.0953545049 0.0214660075 -0.00494326418
  vertex -0.0943947062 0.0258050542 -0.00493283616
  endloop
 endfacet

 facet normal -0.4226515 0.13928555 -0.895525098
  outer loop
  vertex -0.094355084 0.0257962625 -0.00495290477
  vertex -0.0943947062 0.0258050542 -0.00493283616
  vertex -0.0943462774 0.025834363 -0.00495113432
  endloop
 endfacet

 facet normal -0.59962523 -0.80028069 -0.000600728847
  outer loop
  vertex -0.095319286 0.0214396287 -0.00496175839
  vertex -0.0953368992 0.0214513522 -0.00300032878
  vertex -0.0953545049 0.0214660075 -0.00494326418
  endloop
 endfacet

 facet normal -0.423041761 0.14012745 -0.895209491
  outer loop
  vertex -0.0943462774 0.025834363 -0.00495113432
  vertex -0.0943947062 0.0258050542 -0.00493283616
  vertex -0.0943858996 0.0258416887 -0.00493126223
  endloop
 endfacet

 facet normal -0.406197995 0.213198662 -0.888566017
  outer loop
  vertex -0.0943462774 0.025834363 -0.00495113432
  vertex -0.0943858996 0.0258416887 -0.00493126223
  vertex -0.0943374708 0.0258724634 -0.00494601857
  endloop
 endfacet

 facet normal -0.408158273 0.217177555 -0.88670218
  outer loop
  vertex -0.0943374708 0.0258724634 -0.00494601857
  vertex -0.0943858996 0.0258416887 -0.00493126223
  vertex -0.094377093 0.0258783251 -0.00492634298
  endloop
 endfacet

 facet normal -0.510963857 0.23389712 -0.827168643
  outer loop
  vertex -0.094377093 0.0258783251 -0.00492634298
  vertex -0.0943858996 0.0258416887 -0.00493126223
  vertex -0.0944211259 0.0258475505 -0.00490784785
  endloop
 endfacet

 facet normal -0.518284261 0.249963149 -0.817862988
  outer loop
  vertex -0.094377093 0.0258783251 -0.00492634298
  vertex -0.0944211259 0.0258475505 -0.00490784785
  vertex -0.0944123194 0.025881255 -0.00490312651
  endloop
 endfacet

 facet normal -0.517541051 0.253644288 -0.817200065
  outer loop
  vertex -0.094377093 0.0258783251 -0.00492634298
  vertex -0.0944123194 0.025881255 -0.00490312651
  vertex -0.0944079161 0.0259149596 -0.00489545334
  endloop
 endfacet

 facet normal -0.462596476 0.310889602 -0.830272377
  outer loop
  vertex -0.094377093 0.0258783251 -0.00492634298
  vertex -0.0944079161 0.0259149596 -0.00489545334
  vertex -0.0943682939 0.0259134937 -0.00491807982
  endloop
 endfacet

 facet normal -0.449061722 0.375523865 -0.810756087
  outer loop
  vertex -0.0943682939 0.0259134937 -0.00491807982
  vertex -0.0944079161 0.0259149596 -0.00489545334
  vertex -0.0943594873 0.0259486642 -0.00490666786
  endloop
 endfacet

 facet normal -0.450067252 0.377452791 -0.809301555
  outer loop
  vertex -0.0943594873 0.0259486642 -0.00490666786
  vertex -0.0944079161 0.0259149596 -0.00489545334
  vertex -0.0943991095 0.0259486642 -0.00488463184
  endloop
 endfacet

 facet normal -0.445528835 0.399597138 -0.801140547
  outer loop
  vertex -0.0943594873 0.0259486642 -0.00490666786
  vertex -0.0943991095 0.0259486642 -0.00488463184
  vertex -0.094355084 0.0259823669 -0.00489230501
  endloop
 endfacet

 facet normal -0.475288987 0.448542684 -0.756908119
  outer loop
  vertex -0.094355084 0.0259823669 -0.00489230501
  vertex -0.0943991095 0.0259486642 -0.00488463184
  vertex -0.0943903029 0.0259809028 -0.00487105548
  endloop
 endfacet

 facet normal -0.474490047 0.452010721 -0.755344629
  outer loop
  vertex -0.094355084 0.0259823669 -0.00489230501
  vertex -0.0943903029 0.0259809028 -0.00487105548
  vertex -0.0943858996 0.0260131415 -0.0048545287
  endloop
 endfacet

 facet normal -0.422888607 0.502310693 -0.754220963
  outer loop
  vertex -0.094355084 0.0259823669 -0.00489230501
  vertex -0.0943858996 0.0260131415 -0.0048545287
  vertex -0.0943462774 0.0260160714 -0.00487479428
  endloop
 endfacet

 facet normal -0.404275626 0.580929399 -0.706457555
  outer loop
  vertex -0.0943462774 0.0260160714 -0.00487479428
  vertex -0.0943858996 0.0260131415 -0.0048545287
  vertex -0.0943374708 0.0260468461 -0.0048545287
  endloop
 endfacet

 facet normal -0.417082042 0.599331737 -0.683259845
  outer loop
  vertex -0.0943374708 0.0260468461 -0.0048545287
  vertex -0.0943858996 0.0260131415 -0.0048545287
  vertex -0.0943330675 0.0260761529 -0.00483150827
  endloop
 endfacet

 facet normal -0.418868512 0.600162983 -0.681435049
  outer loop
  vertex -0.0943330675 0.0260761529 -0.00483150827
  vertex -0.0943858996 0.0260131415 -0.0048545287
  vertex -0.0943726972 0.0260688271 -0.00481360452
  endloop
 endfacet

 facet normal -0.400506079 0.688462198 -0.604660869
  outer loop
  vertex -0.0943330675 0.0260761529 -0.00483150827
  vertex -0.0943726972 0.0260688271 -0.00481360452
  vertex -0.0943638906 0.0260952041 -0.00478940317
  endloop
 endfacet

 facet normal -0.382743448 0.703724563 -0.598564327
  outer loop
  vertex -0.0943330675 0.0260761529 -0.00483150827
  vertex -0.0943638906 0.0260952041 -0.00478940317
  vertex -0.094324261 0.0261025298 -0.00480612693
  endloop
 endfacet

 facet normal -0.378688186 0.719650209 -0.581978559
  outer loop
  vertex -0.094324261 0.0261025298 -0.00480612693
  vertex -0.0943638906 0.0260952041 -0.00478940317
  vertex -0.0943198577 0.0261274427 -0.00477818819
  endloop
 endfacet

 facet normal -0.381101996 0.721567929 -0.578014672
  outer loop
  vertex -0.0943198577 0.0261274427 -0.00477818819
  vertex -0.0943638906 0.0260952041 -0.00478940317
  vertex -0.0943594873 0.0261186492 -0.00476303836
  endloop
 endfacet

 facet normal -0.446704715 0.704318404 -0.55171603
  outer loop
  vertex -0.0943594873 0.0261186492 -0.00476303836
  vertex -0.0943638906 0.0260952041 -0.00478940317
  vertex -0.0943991095 0.0261069257 -0.00474592112
  endloop
 endfacet

 facet normal -0.43374905 0.76047051 -0.483266473
  outer loop
  vertex -0.0943594873 0.0261186492 -0.00476303836
  vertex -0.0943991095 0.0261069257 -0.00474592112
  vertex -0.094355084 0.0261391643 -0.00473470613
  endloop
 endfacet

 facet normal -0.436444253 0.7622962 -0.477934062
  outer loop
  vertex -0.094355084 0.0261391643 -0.00473470613
  vertex -0.0943991095 0.0261069257 -0.00474592112
  vertex -0.0943947062 0.0261259768 -0.00471955631
  endloop
 endfacet

 facet normal -0.53457433 0.724869311 -0.434505284
  outer loop
  vertex -0.0943947062 0.0261259768 -0.00471955631
  vertex -0.0943991095 0.0261069257 -0.00474592112
  vertex -0.0944343358 0.0260922723 -0.00472703297
  endloop
 endfacet

 facet normal -0.539087296 0.727816522 -0.423872828
  outer loop
  vertex -0.0943947062 0.0261259768 -0.00471955631
  vertex -0.0944343358 0.0260922723 -0.00472703297
  vertex -0.0944299325 0.0261098575 -0.00470243813
  endloop
 endfacet

 facet normal -0.586130619 0.705057561 -0.399180293
  outer loop
  vertex -0.0944299325 0.0261098575 -0.00470243813
  vertex -0.0944343358 0.0260922723 -0.00472703297
  vertex -0.0944695547 0.0260746889 -0.0047063739
  endloop
 endfacet

 facet normal -0.587372422 0.706053615 -0.395578146
  outer loop
  vertex -0.0944299325 0.0261098575 -0.00470243813
  vertex -0.0944695547 0.0260746889 -0.0047063739
  vertex -0.0944651514 0.0260908064 -0.00468413997
  endloop
 endfacet

 facet normal -0.657819152 0.665672958 -0.352354169
  outer loop
  vertex -0.0944651514 0.0260908064 -0.00468413997
  vertex -0.0944695547 0.0260746889 -0.0047063739
  vertex -0.094495967 0.0260820147 -0.00464321533
  endloop
 endfacet

 facet normal -0.631937861 0.703727245 -0.324688494
  outer loop
  vertex -0.0944651514 0.0260908064 -0.00468413997
  vertex -0.094495967 0.0260820147 -0.00464321533
  vertex -0.0944607481 0.0261171851 -0.00463554217
  endloop
 endfacet

 facet normal -0.653687596 0.711135149 -0.258803606
  outer loop
  vertex -0.0944607481 0.0261171851 -0.00463554217
  vertex -0.094495967 0.0260820147 -0.00464321533
  vertex -0.0944915712 0.0261025298 -0.00459796237
  endloop
 endfacet

 facet normal -0.631510556 0.740759313 -0.229063809
  outer loop
  vertex -0.0944607481 0.0261171851 -0.00463554217
  vertex -0.0944915712 0.0261025298 -0.00459796237
  vertex -0.0944563448 0.0261289068 -0.00460976781
  endloop
 endfacet

 facet normal -0.707876682 0.697552383 -0.111046158
  outer loop
  vertex -0.0944871679 0.0261186492 -0.00452477066
  vertex -0.0944915712 0.0261025298 -0.00459796237
  vertex -0.0945179835 0.0260878764 -0.00452162279
  endloop
 endfacet

 facet normal -0.708213747 0.704413831 -0.0472723953
  outer loop
  vertex -0.0944871679 0.0261186492 -0.00452477066
  vertex -0.0945179835 0.0260878764 -0.00452162279
  vertex -0.0945179835 0.0260893423 -0.00449978281
  endloop
 endfacet

 facet normal -0.722205102 0.653683484 -0.226092085
  outer loop
  vertex -0.0944915712 0.0261025298 -0.00459796237
  vertex -0.094495967 0.0260820147 -0.00464321533
  vertex -0.0945223868 0.0260658953 -0.00460543949
  endloop
 endfacet

 facet normal -0.739594698 0.654336691 -0.157617554
  outer loop
  vertex -0.0944915712 0.0261025298 -0.00459796237
  vertex -0.0945223868 0.0260658953 -0.00460543949
  vertex -0.0945488065 0.0260483101 -0.00455447985
  endloop
 endfacet

 facet normal -0.737549245 0.658477426 -0.149761945
  outer loop
  vertex -0.0944915712 0.0261025298 -0.00459796237
  vertex -0.0945488065 0.0260483101 -0.00455447985
  vertex -0.0945179835 0.0260805488 -0.00456451485
  endloop
 endfacet

 facet normal -0.718632638 0.685461521 -0.117088959
  outer loop
  vertex -0.0944915712 0.0261025298 -0.00459796237
  vertex -0.0945179835 0.0260805488 -0.00456451485
  vertex -0.0945179835 0.0260878764 -0.00452162279
  endloop
 endfacet

 facet normal -0.00016886885 0.000149230618 1
  outer loop
  vertex -0.0716457069 0.0229665749 -0.00299600046
  vertex -0.0945179835 0.0260893423 -0.00300032878
  vertex -0.0716677234 0.0229416639 -0.00299600046
  endloop
 endfacet

 facet normal -0.770694256 0.635775208 -0.0426661298
  outer loop
  vertex -0.0945179835 0.0260893423 -0.00449978281
  vertex -0.0945179835 0.0260878764 -0.00452162279
  vertex -0.0945488065 0.0260483101 -0.00455447985
  endloop
 endfacet

 facet normal -0.786900282 0.616778791 -0.019284416
  outer loop
  vertex -0.0945179835 0.0260893423 -0.00449978281
  vertex -0.0945488065 0.0260483101 -0.00455447985
  vertex -0.0945444033 0.0260556377 -0.00449978281
  endloop
 endfacet

 facet normal -0.787046611 0.61689353 0
  outer loop
  vertex -0.0945179835 0.0260893423 -0.00449978281
  vertex -0.0945444033 0.0260556377 -0.00449978281
  vertex -0.0945444033 0.0260556377 -0.00300032878
  endloop
 endfacet

 facet normal -0.787046611 0.61689353 0
  outer loop
  vertex -0.0945179835 0.0260893423 -0.00449978281
  vertex -0.0945444033 0.0260556377 -0.00300032878
  vertex -0.0945179835 0.0260893423 -0.00300032878
  endloop
 endfacet

 facet normal -0.000170966247 0.000134004731 1
  outer loop
  vertex -0.0945179835 0.0260893423 -0.00300032878
  vertex -0.0945444033 0.0260556377 -0.00300032878
  vertex -0.0716677234 0.0229416639 -0.00299600046
  endloop
 endfacet

 facet normal -0.00018583209 -0.000228404388 0.99999994
  outer loop
  vertex -0.0717997998 0.0212520584 -0.00299600046
  vertex -0.0718394294 0.0212842971 -0.00299600046
  vertex -0.0953368992 0.0214513522 -0.00300032878
  endloop
 endfacet

 facet normal -0.00018579574 -0.000223289913 0.99999994
  outer loop
  vertex -0.0953368992 0.0214513522 -0.00300032878
  vertex -0.0718394294 0.0212842971 -0.00299600046
  vertex -0.0953721181 0.0214806609 -0.00300032878
  endloop
 endfacet

 facet normal -0.639616966 -0.768693805 -6.51656819e-07
  outer loop
  vertex -0.0953368992 0.0214513522 -0.00300032878
  vertex -0.0953721181 0.0214806609 -0.00300032878
  vertex -0.0953897312 0.0214953143 -0.00492162071
  endloop
 endfacet

 facet normal -0.639658511 -0.768659234 1.28096576e-06
  outer loop
  vertex -0.0953368992 0.0214513522 -0.00300032878
  vertex -0.0953897312 0.0214953143 -0.00492162071
  vertex -0.0953721181 0.0214806609 -0.00493283616
  endloop
 endfacet

 facet normal -0.639616966 -0.768693805 0
  outer loop
  vertex -0.0953368992 0.0214513522 -0.00300032878
  vertex -0.0953721181 0.0214806609 -0.00493283616
  vertex -0.0953545049 0.0214660075 -0.00494326418
  endloop
 endfacet

 facet normal -0.443822354 0.100313954 -0.890482426
  outer loop
  vertex -0.0953545049 0.0214660075 -0.00494326418
  vertex -0.0953721181 0.0214806609 -0.00493283616
  vertex -0.0943947062 0.0258050542 -0.00493283616
  endloop
 endfacet

 facet normal -0.522768199 0.161595151 -0.837018847
  outer loop
  vertex -0.0943947062 0.0258050542 -0.00493283616
  vertex -0.0944299325 0.0258123819 -0.00490942271
  vertex -0.0943858996 0.0258416887 -0.00493126223
  endloop
 endfacet

 facet normal -0.469790846 0.106183425 -0.876368523
  outer loop
  vertex -0.0943947062 0.0258050542 -0.00493283616
  vertex -0.0953721181 0.0214806609 -0.00493283616
  vertex -0.0953897312 0.0214953143 -0.00492162071
  endloop
 endfacet

 facet normal -0.532006145 0.120647095 -0.838101327
  outer loop
  vertex -0.0943947062 0.0258050542 -0.00493283616
  vertex -0.0953897312 0.0214953143 -0.00492162071
  vertex -0.0944299325 0.0258123819 -0.00490942271
  endloop
 endfacet

 facet normal -0.525986075 0.169031233 -0.833526969
  outer loop
  vertex -0.0943858996 0.0258416887 -0.00493126223
  vertex -0.0944299325 0.0258123819 -0.00490942271
  vertex -0.0944211259 0.0258475505 -0.00490784785
  endloop
 endfacet

 facet normal -0.538733482 0.253292888 -0.80349797
  outer loop
  vertex -0.0944211259 0.0258475505 -0.00490784785
  vertex -0.0944079161 0.0259149596 -0.00489545334
  vertex -0.0944123194 0.025881255 -0.00490312651
  endloop
 endfacet

 facet normal -0.568534255 0.178323001 -0.803100109
  outer loop
  vertex -0.0944211259 0.0258475505 -0.00490784785
  vertex -0.0944299325 0.0258123819 -0.00490942271
  vertex -0.0944651514 0.0258197077 -0.00488286093
  endloop
 endfacet

 facet normal -0.569717407 0.181608766 -0.801523805
  outer loop
  vertex -0.0944211259 0.0258475505 -0.00490784785
  vertex -0.0944651514 0.0258197077 -0.00488286093
  vertex -0.0944563448 0.0258534122 -0.00488148397
  endloop
 endfacet

 facet normal -0.552083969 0.25418064 -0.794100523
  outer loop
  vertex -0.0944211259 0.0258475505 -0.00490784785
  vertex -0.0944563448 0.0258534122 -0.00488148397
  vertex -0.0944079161 0.0259149596 -0.00489545334
  endloop
 endfacet

 facet normal -0.562296987 0.264634788 -0.783447921
  outer loop
  vertex -0.0944079161 0.0259149596 -0.00489545334
  vertex -0.0944563448 0.0258534122 -0.00488148397
  vertex -0.0944431424 0.0259164255 -0.00486967852
  endloop
 endfacet

 facet normal -0.535653055 0.380909026 -0.753647327
  outer loop
  vertex -0.0944079161 0.0259149596 -0.00489545334
  vertex -0.0944431424 0.0259164255 -0.00486967852
  vertex -0.0944343358 0.0259486642 -0.00485964352
  endloop
 endfacet

 facet normal -0.534786105 0.381776273 -0.753824115
  outer loop
  vertex -0.0944079161 0.0259149596 -0.00489545334
  vertex -0.0944343358 0.0259486642 -0.00485964352
  vertex -0.0943991095 0.0259486642 -0.00488463184
  endloop
 endfacet

 facet normal -0.517672658 0.446711391 -0.729701281
  outer loop
  vertex -0.0943991095 0.0259486642 -0.00488463184
  vertex -0.0944343358 0.0259486642 -0.00485964352
  vertex -0.0943858996 0.0260131415 -0.0048545287
  endloop
 endfacet

 facet normal -0.497635216 0.448539943 -0.742408991
  outer loop
  vertex -0.0943991095 0.0259486642 -0.00488463184
  vertex -0.0943858996 0.0260131415 -0.0048545287
  vertex -0.0943903029 0.0259809028 -0.00487105548
  endloop
 endfacet

 facet normal -0.538130283 0.460207641 -0.706133783
  outer loop
  vertex -0.0943858996 0.0260131415 -0.0048545287
  vertex -0.0944343358 0.0259486642 -0.00485964352
  vertex -0.0944211259 0.0260072798 -0.00483150827
  endloop
 endfacet

 facet normal -0.509782195 0.584707737 -0.631061912
  outer loop
  vertex -0.0943858996 0.0260131415 -0.0048545287
  vertex -0.0944211259 0.0260072798 -0.00483150827
  vertex -0.0943726972 0.0260688271 -0.00481360452
  endloop
 endfacet

 facet normal -0.511538506 0.585469782 -0.628930569
  outer loop
  vertex -0.0943726972 0.0260688271 -0.00481360452
  vertex -0.0944211259 0.0260072798 -0.00483150827
  vertex -0.0944079161 0.0260600336 -0.00479314104
  endloop
 endfacet

 facet normal -0.497403949 0.646632314 -0.578321815
  outer loop
  vertex -0.0943726972 0.0260688271 -0.00481360452
  vertex -0.0944079161 0.0260600336 -0.00479314104
  vertex -0.0944035128 0.0260834806 -0.00477071153
  endloop
 endfacet

 facet normal -0.46814394 0.677149475 -0.567723334
  outer loop
  vertex -0.0943726972 0.0260688271 -0.00481360452
  vertex -0.0944035128 0.0260834806 -0.00477071153
  vertex -0.0943638906 0.0260952041 -0.00478940317
  endloop
 endfacet

 facet normal -0.467132866 0.682325363 -0.562333584
  outer loop
  vertex -0.0943638906 0.0260952041 -0.00478940317
  vertex -0.0944035128 0.0260834806 -0.00477071153
  vertex -0.0943991095 0.0261069257 -0.00474592112
  endloop
 endfacet

 facet normal -0.55053699 0.653143287 -0.519916236
  outer loop
  vertex -0.0943991095 0.0261069257 -0.00474592112
  vertex -0.0944035128 0.0260834806 -0.00477071153
  vertex -0.0944343358 0.0260922723 -0.00472703297
  endloop
 endfacet

 facet normal -0.587871313 0.635842979 -0.500111043
  outer loop
  vertex -0.0944343358 0.0260922723 -0.00472703297
  vertex -0.0944431424 0.026049776 -0.00477071153
  vertex -0.094473958 0.0260556377 -0.00472703297
  endloop
 endfacet

 facet normal -0.599223793 0.648121953 -0.469966829
  outer loop
  vertex -0.0944343358 0.0260922723 -0.00472703297
  vertex -0.094473958 0.0260556377 -0.00472703297
  vertex -0.0944695547 0.0260746889 -0.0047063739
  endloop
 endfacet

 facet normal -0.553005934 0.650143743 -0.521054387
  outer loop
  vertex -0.0944343358 0.0260922723 -0.00472703297
  vertex -0.0944035128 0.0260834806 -0.00477071153
  vertex -0.0944431424 0.026049776 -0.00477071153
  endloop
 endfacet

 facet normal -0.690873265 0.598873973 -0.405023485
  outer loop
  vertex -0.0944695547 0.0260746889 -0.0047063739
  vertex -0.094473958 0.0260556377 -0.00472703297
  vertex -0.0945003703 0.0260541718 -0.00468413997
  endloop
 endfacet

 facet normal -0.682754457 0.636165619 -0.359360307
  outer loop
  vertex -0.0944695547 0.0260746889 -0.0047063739
  vertex -0.0945003703 0.0260541718 -0.00468413997
  vertex -0.094495967 0.0260820147 -0.00464321533
  endloop
 endfacet

 facet normal -0.712367296 0.613521814 -0.34076947
  outer loop
  vertex -0.094495967 0.0260820147 -0.00464321533
  vertex -0.0945003703 0.0260541718 -0.00468413997
  vertex -0.0945355967 0.0260175373 -0.00467646681
  endloop
 endfacet

 facet normal -0.746101916 0.60353595 -0.281205088
  outer loop
  vertex -0.094495967 0.0260820147 -0.00464321533
  vertex -0.0945355967 0.0260175373 -0.00467646681
  vertex -0.0945267901 0.0260439143 -0.00464321533
  endloop
 endfacet

 facet normal -0.749585986 0.606354237 -0.265434444
  outer loop
  vertex -0.094495967 0.0260820147 -0.00464321533
  vertex -0.0945267901 0.0260439143 -0.00464321533
  vertex -0.0945532098 0.0260277949 -0.00460543949
  endloop
 endfacet

 facet normal -0.749585986 0.606354237 -0.265434444
  outer loop
  vertex -0.094495967 0.0260820147 -0.00464321533
  vertex -0.0945532098 0.0260277949 -0.00460543949
  vertex -0.0945223868 0.0260658953 -0.00460543949
  endloop
 endfacet

 facet normal -0.735608757 0.667734861 -0.114060931
  outer loop
  vertex -0.0945179835 0.0260878764 -0.00452162279
  vertex -0.0945179835 0.0260805488 -0.00456451485
  vertex -0.0945488065 0.0260483101 -0.00455447985
  endloop
 endfacet

 facet normal -0.764361441 0.618306458 -0.182889968
  outer loop
  vertex -0.0945223868 0.0260658953 -0.00460543949
  vertex -0.0945532098 0.0260277949 -0.00460543949
  vertex -0.0945488065 0.0260483101 -0.00455447985
  endloop
 endfacet

 facet normal -0.818969905 0.553334892 -0.152015716
  outer loop
  vertex -0.0945488065 0.0260483101 -0.00455447985
  vertex -0.0945532098 0.0260277949 -0.00460543949
  vertex -0.0945752189 0.026004348 -0.00457218802
  endloop
 endfacet

 facet normal -0.845698059 0.5307163 -0.0559915528
  outer loop
  vertex -0.0945488065 0.0260483101 -0.00455447985
  vertex -0.0945752189 0.026004348 -0.00457218802
  vertex -0.0945708156 0.0260190032 -0.00449978281
  endloop
 endfacet

 facet normal -0.811057329 0.584821045 -0.0130593469
  outer loop
  vertex -0.0945488065 0.0260483101 -0.00455447985
  vertex -0.0945708156 0.0260190032 -0.00449978281
  vertex -0.0945444033 0.0260556377 -0.00449978281
  endloop
 endfacet

 facet normal -0.000172296001 0.000124235783 1
  outer loop
  vertex -0.0716677234 0.0229416639 -0.00299600046
  vertex -0.0945444033 0.0260556377 -0.00300032878
  vertex -0.0945708156 0.0260190032 -0.00300032878
  endloop
 endfacet

 facet normal -0.000172416621 0.000123338046 1
  outer loop
  vertex -0.0716677234 0.0229416639 -0.00299600046
  vertex -0.0945708156 0.0260190032 -0.00300032878
  vertex -0.0716897324 0.0229108911 -0.00299600046
  endloop
 endfacet

 facet normal -0.811126411 0.584870934 0
  outer loop
  vertex -0.0945444033 0.0260556377 -0.00449978281
  vertex -0.0945708156 0.0260190032 -0.00449978281
  vertex -0.0945708156 0.0260190032 -0.00300032878
  endloop
 endfacet

 facet normal -0.811126411 0.584870934 0
  outer loop
  vertex -0.0945444033 0.0260556377 -0.00449978281
  vertex -0.0945708156 0.0260190032 -0.00300032878
  vertex -0.0945444033 0.0260556377 -0.00300032878
  endloop
 endfacet

 facet normal -0.000185574565 -0.000196784065 0.99999994
  outer loop
  vertex -0.0718394294 0.0212842971 -0.00299600046
  vertex -0.0718658417 0.0213092081 -0.00299600046
  vertex -0.0953721181 0.0214806609 -0.00300032878
  endloop
 endfacet

 facet normal -0.000185494166 -0.00018576259 0.99999994
  outer loop
  vertex -0.0953721181 0.0214806609 -0.00300032878
  vertex -0.0718658417 0.0213092081 -0.00299600046
  vertex -0.0954029337 0.0215114336 -0.00300032878
  endloop
 endfacet

 facet normal -0.706594884 -0.707617402 0.00107906351
  outer loop
  vertex -0.0953721181 0.0214806609 -0.00300032878
  vertex -0.0954029337 0.0215114336 -0.00300032878
  vertex -0.0953897312 0.0214953143 -0.00492162071
  endloop
 endfacet

 facet normal -0.57937783 0.131083995 -0.804449081
  outer loop
  vertex -0.0944299325 0.0258123819 -0.00490942271
  vertex -0.0953897312 0.0214953143 -0.00492162071
  vertex -0.0944651514 0.0258197077 -0.00488286093
  endloop
 endfacet

 facet normal -0.773474693 -0.63382715 1.62504534e-07
  outer loop
  vertex -0.0953897312 0.0214953143 -0.00492162071
  vertex -0.0954029337 0.0215114336 -0.00300032878
  vertex -0.0954161435 0.021527553 -0.00489643728
  endloop
 endfacet

 facet normal -0.773775756 -0.633459032 -0.000786905701
  outer loop
  vertex -0.0953897312 0.0214953143 -0.00492162071
  vertex -0.0954161435 0.021527553 -0.00489643728
  vertex -0.0954029337 0.0215114336 -0.00490942271
  endloop
 endfacet

 facet normal -0.581186473 0.131458446 -0.803082168
  outer loop
  vertex -0.0953897312 0.0214953143 -0.00492162071
  vertex -0.0954029337 0.0215114336 -0.00490942271
  vertex -0.0944651514 0.0258197077 -0.00488286093
  endloop
 endfacet

 facet normal -0.604794979 0.136483356 -0.784598827
  outer loop
  vertex -0.0944651514 0.0258197077 -0.00488286093
  vertex -0.0954029337 0.0215114336 -0.00490942271
  vertex -0.0954161435 0.021527553 -0.00489643728
  endloop
 endfacet

 facet normal -0.614168286 0.138535887 -0.776920259
  outer loop
  vertex -0.0944651514 0.0258197077 -0.00488286093
  vertex -0.0954161435 0.021527553 -0.00489643728
  vertex -0.0954293534 0.0215451382 -0.00488286093
  endloop
 endfacet

 facet normal -0.644751966 0.145434543 -0.750429094
  outer loop
  vertex -0.0944651514 0.0258197077 -0.00488286093
  vertex -0.0954293534 0.0215451382 -0.00488286093
  vertex -0.0954557732 0.0215803068 -0.00485334732
  endloop
 endfacet

 facet normal -0.664929092 0.150280178 -0.731631935
  outer loop
  vertex -0.0944651514 0.0258197077 -0.00488286093
  vertex -0.0954557732 0.0215803068 -0.00485334732
  vertex -0.094495967 0.0258270353 -0.00485334732
  endloop
 endfacet

 facet normal -0.652373195 0.200322136 -0.730944812
  outer loop
  vertex -0.0944651514 0.0258197077 -0.00488286093
  vertex -0.094495967 0.0258270353 -0.00485334732
  vertex -0.0944563448 0.0258534122 -0.00488148397
  endloop
 endfacet

 facet normal -0.659790874 0.227061749 -0.716323316
  outer loop
  vertex -0.0944563448 0.0258534122 -0.00488148397
  vertex -0.094495967 0.0258270353 -0.00485334732
  vertex -0.0944871679 0.025856344 -0.00485216733
  endloop
 endfacet

 facet normal -0.650167644 0.269373149 -0.710436583
  outer loop
  vertex -0.0944563448 0.0258534122 -0.00488148397
  vertex -0.0944871679 0.025856344 -0.00485216733
  vertex -0.0944431424 0.0259164255 -0.00486967852
  endloop
 endfacet

 facet normal -0.651491344 0.270862281 -0.708655536
  outer loop
  vertex -0.0944431424 0.0259164255 -0.00486967852
  vertex -0.0944871679 0.025856344 -0.00485216733
  vertex -0.094473958 0.0259164255 -0.00484134629
  endloop
 endfacet

 facet normal -0.641940296 0.316759646 -0.698266447
  outer loop
  vertex -0.0944431424 0.0259164255 -0.00486967852
  vertex -0.094473958 0.0259164255 -0.00484134629
  vertex -0.0944695547 0.0259457324 -0.00483209826
  endloop
 endfacet

 facet normal -0.588727593 0.382479846 -0.712115943
  outer loop
  vertex -0.0944431424 0.0259164255 -0.00486967852
  vertex -0.0944695547 0.0259457324 -0.00483209826
  vertex -0.0944343358 0.0259486642 -0.00485964352
  endloop
 endfacet

 facet normal -0.5714342 0.456204504 -0.682158589
  outer loop
  vertex -0.0944343358 0.0259486642 -0.00485964352
  vertex -0.0944695547 0.0259457324 -0.00483209826
  vertex -0.0944211259 0.0260072798 -0.00483150827
  endloop
 endfacet

 facet normal -0.579646051 0.462558091 -0.670858085
  outer loop
  vertex -0.0944211259 0.0260072798 -0.00483150827
  vertex -0.0944695547 0.0259457324 -0.00483209826
  vertex -0.0944563448 0.0259999521 -0.00480612693
  endloop
 endfacet

 facet normal -0.566532135 0.525959432 -0.63435638
  outer loop
  vertex -0.0944211259 0.0260072798 -0.00483150827
  vertex -0.0944563448 0.0259999521 -0.00480612693
  vertex -0.0944519415 0.026024865 -0.00478940317
  endloop
 endfacet

 facet normal -0.519363582 0.583847404 -0.624006152
  outer loop
  vertex -0.0944211259 0.0260072798 -0.00483150827
  vertex -0.0944519415 0.026024865 -0.00478940317
  vertex -0.0944079161 0.0260600336 -0.00479314104
  endloop
 endfacet

 facet normal -0.542287529 0.618416429 -0.568757713
  outer loop
  vertex -0.0944079161 0.0260600336 -0.00479314104
  vertex -0.0944519415 0.026024865 -0.00478940317
  vertex -0.0944431424 0.026049776 -0.00477071153
  endloop
 endfacet

 facet normal -0.538491607 0.633079886 -0.556090534
  outer loop
  vertex -0.0944079161 0.0260600336 -0.00479314104
  vertex -0.0944431424 0.026049776 -0.00477071153
  vertex -0.0944035128 0.0260834806 -0.00477071153
  endloop
 endfacet

 facet normal -0.611801267 0.601596236 -0.513596416
  outer loop
  vertex -0.0944431424 0.026049776 -0.00477071153
  vertex -0.0944519415 0.026024865 -0.00478940317
  vertex -0.0944783613 0.0260351226 -0.00474592112
  endloop
 endfacet

 facet normal -0.611499488 0.602949023 -0.512367964
  outer loop
  vertex -0.0944431424 0.026049776 -0.00477071153
  vertex -0.0944783613 0.0260351226 -0.00474592112
  vertex -0.094473958 0.0260556377 -0.00472703297
  endloop
 endfacet

 facet normal -0.686303496 0.566842258 -0.455716431
  outer loop
  vertex -0.094473958 0.0260556377 -0.00472703297
  vertex -0.0944783613 0.0260351226 -0.00474592112
  vertex -0.0945091769 0.0260190032 -0.00471955631
  endloop
 endfacet

 facet normal -0.69791311 0.587384939 -0.409751505
  outer loop
  vertex -0.094473958 0.0260556377 -0.00472703297
  vertex -0.0945091769 0.0260190032 -0.00471955631
  vertex -0.0945003703 0.0260541718 -0.00468413997
  endloop
 endfacet

 facet normal -0.699182689 0.586622179 -0.408678383
  outer loop
  vertex -0.0945003703 0.0260541718 -0.00468413997
  vertex -0.0945091769 0.0260190032 -0.00471955631
  vertex -0.0945355967 0.0260175373 -0.00467646681
  endloop
 endfacet

 facet normal -0.737857997 0.516266227 -0.434781253
  outer loop
  vertex -0.0945355967 0.0260175373 -0.00467646681
  vertex -0.0945091769 0.0260190032 -0.00471955631
  vertex -0.0945135802 0.0259999521 -0.00473470613
  endloop
 endfacet

 facet normal -0.761368394 0.482184947 -0.433377236
  outer loop
  vertex -0.0945355967 0.0260175373 -0.00467646681
  vertex -0.0945135802 0.0259999521 -0.00473470613
  vertex -0.09454 0.0259852987 -0.00470460253
  endloop
 endfacet

 facet normal -0.777977109 0.470061123 -0.416886538
  outer loop
  vertex -0.0945355967 0.0260175373 -0.00467646681
  vertex -0.09454 0.0259852987 -0.00470460253
  vertex -0.0945444033 0.0259677134 -0.004716211
  endloop
 endfacet

 facet normal -0.791093767 0.460764855 -0.402326286
  outer loop
  vertex -0.0945355967 0.0260175373 -0.00467646681
  vertex -0.0945444033 0.0259677134 -0.004716211
  vertex -0.0945664123 0.0259677134 -0.00467292592
  endloop
 endfacet

 facet normal -0.816200733 0.482277602 -0.318158478
  outer loop
  vertex -0.0945355967 0.0260175373 -0.00467646681
  vertex -0.0945664123 0.0259677134 -0.00467292592
  vertex -0.0945576057 0.0260072798 -0.00463554217
  endloop
 endfacet

 facet normal -0.775231004 0.568969369 -0.274391621
  outer loop
  vertex -0.0945355967 0.0260175373 -0.00467646681
  vertex -0.0945576057 0.0260072798 -0.00463554217
  vertex -0.0945532098 0.0260277949 -0.00460543949
  endloop
 endfacet

 facet normal -0.754727364 0.596413732 -0.273271382
  outer loop
  vertex -0.0945355967 0.0260175373 -0.00467646681
  vertex -0.0945532098 0.0260277949 -0.00460543949
  vertex -0.0945267901 0.0260439143 -0.00464321533
  endloop
 endfacet

 facet normal -0.831052721 0.508610606 -0.225092381
  outer loop
  vertex -0.0945532098 0.0260277949 -0.00460543949
  vertex -0.0945576057 0.0260072798 -0.00463554217
  vertex -0.0945840254 0.0259706434 -0.00462078582
  endloop
 endfacet

 facet normal -0.839295805 0.506007552 -0.198843956
  outer loop
  vertex -0.0945532098 0.0260277949 -0.00460543949
  vertex -0.0945840254 0.0259706434 -0.00462078582
  vertex -0.0945752189 0.026004348 -0.00457218802
  endloop
 endfacet

 facet normal -0.863704145 0.473729283 -0.172034562
  outer loop
  vertex -0.0945752189 0.026004348 -0.00457218802
  vertex -0.0945840254 0.0259706434 -0.00462078582
  vertex -0.0945972353 0.0259706434 -0.00455447985
  endloop
 endfacet

 facet normal -0.849082887 0.525318682 -0.0556664281
  outer loop
  vertex -0.0945752189 0.026004348 -0.00457218802
  vertex -0.0945972353 0.0259706434 -0.00455447985
  vertex -0.094592832 0.0259823669 -0.00451099779
  endloop
 endfacet

 facet normal -0.848338962 0.526589513 -0.0549957864
  outer loop
  vertex -0.0945752189 0.026004348 -0.00457218802
  vertex -0.094592832 0.0259823669 -0.00451099779
  vertex -0.0945708156 0.0260190032 -0.00449978281
  endloop
 endfacet

 facet normal -0.857158363 0.515052974 0
  outer loop
  vertex -0.0945708156 0.0260190032 -0.00449978281
  vertex -0.094592832 0.0259823669 -0.00451099779
  vertex -0.094592832 0.0259823669 -0.00300032878
  endloop
 endfacet

 facet normal -0.857158363 0.515052974 0
  outer loop
  vertex -0.0945708156 0.0260190032 -0.00449978281
  vertex -0.094592832 0.0259823669 -0.00300032878
  vertex -0.0945708156 0.0260190032 -0.00300032878
  endloop
 endfacet

 facet normal -0.000174895147 0.000105091749 1
  outer loop
  vertex -0.0716897324 0.0229108911 -0.00299600046
  vertex -0.0945708156 0.0260190032 -0.00300032878
  vertex -0.094592832 0.0259823669 -0.00300032878
  endloop
 endfacet

 facet normal -0.000174895045 0.000105092557 1
  outer loop
  vertex -0.0716897324 0.0229108911 -0.00299600046
  vertex -0.094592832 0.0259823669 -0.00300032878
  vertex -0.0717205554 0.0228596013 -0.00299600046
  endloop
 endfacet

 facet normal -0.000185135854 -0.000144209553 0.99999994
  outer loop
  vertex -0.0718658417 0.0213092081 -0.00299600046
  vertex -0.0718966648 0.0213487744 -0.00299600046
  vertex -0.0954293534 0.0215451382 -0.00300032878
  endloop
 endfacet

 facet normal -0.000185144905 -0.000145111539 0.99999994
  outer loop
  vertex -0.0718658417 0.0213092081 -0.00299600046
  vertex -0.0954293534 0.0215451382 -0.00300032878
  vertex -0.0954029337 0.0215114336 -0.00300032878
  endloop
 endfacet

 facet normal -0.787060082 -0.616876245 0.00023890115
  outer loop
  vertex -0.0954029337 0.0215114336 -0.00300032878
  vertex -0.0954293534 0.0215451382 -0.00300032878
  vertex -0.0954161435 0.021527553 -0.00489643728
  endloop
 endfacet

 facet normal -0.799556613 -0.600590825 8.25426469e-07
  outer loop
  vertex -0.0954161435 0.021527553 -0.00489643728
  vertex -0.0954293534 0.0215451382 -0.00300032878
  vertex -0.0954557732 0.0215803068 -0.00300032878
  endloop
 endfacet

 facet normal -0.799570799 -0.600571871 0
  outer loop
  vertex -0.0954161435 0.021527553 -0.00489643728
  vertex -0.0954557732 0.0215803068 -0.00300032878
  vertex -0.0954557732 0.0215803068 -0.00485334732
  endloop
 endfacet

 facet normal -0.800090075 -0.59987855 -0.00132629927
  outer loop
  vertex -0.0954161435 0.021527553 -0.00489643728
  vertex -0.0954557732 0.0215803068 -0.00485334732
  vertex -0.0954293534 0.0215451382 -0.00488286093
  endloop
 endfacet

 facet normal -0.865868092 -0.500272393 0
  outer loop
  vertex -0.0954557732 0.0215803068 -0.00485334732
  vertex -0.0954557732 0.0215803068 -0.00300032878
  vertex -0.0954777822 0.0216184091 -0.00300032878
  endloop
 endfacet

 facet normal -0.865868092 -0.500272393 0
  outer loop
  vertex -0.0954557732 0.0215803068 -0.00485334732
  vertex -0.0954777822 0.0216184091 -0.00300032878
  vertex -0.0954777822 0.0216184091 -0.00482108071
  endloop
 endfacet

 facet normal -0.715767503 0.161770135 -0.679343402
  outer loop
  vertex -0.0954557732 0.0215803068 -0.00485334732
  vertex -0.0954777822 0.0216184091 -0.00482108071
  vertex -0.094495967 0.0258270353 -0.00485334732
  endloop
 endfacet

 facet normal -0.737823248 0.167109892 -0.65398097
  outer loop
  vertex -0.094495967 0.0258270353 -0.00485334732
  vertex -0.0954777822 0.0216184091 -0.00482108071
  vertex -0.0945179835 0.0258607399 -0.00481989933
  endloop
 endfacet

 facet normal -0.686946094 0.23407805 -0.687977195
  outer loop
  vertex -0.094495967 0.0258270353 -0.00485334732
  vertex -0.0945179835 0.0258607399 -0.00481989933
  vertex -0.0944871679 0.025856344 -0.00485216733
  endloop
 endfacet

 facet normal -0.677116275 0.272011578 -0.683756769
  outer loop
  vertex -0.0944871679 0.025856344 -0.00485216733
  vertex -0.0945179835 0.0258607399 -0.00481989933
  vertex -0.094473958 0.0259164255 -0.00484134629
  endloop
 endfacet

 facet normal -0.687172413 0.286115229 -0.667781532
  outer loop
  vertex -0.094473958 0.0259164255 -0.00484134629
  vertex -0.0945179835 0.0258607399 -0.00481989933
  vertex -0.0945047736 0.0259149596 -0.00481025921
  endloop
 endfacet

 facet normal -0.682172239 0.311245531 -0.661639929
  outer loop
  vertex -0.094473958 0.0259164255 -0.00484134629
  vertex -0.0945047736 0.0259149596 -0.00481025921
  vertex -0.0944695547 0.0259457324 -0.00483209826
  endloop
 endfacet

 facet normal -0.686446011 0.32350561 -0.651257336
  outer loop
  vertex -0.0944695547 0.0259457324 -0.00483209826
  vertex -0.0945047736 0.0259149596 -0.00481025921
  vertex -0.0945003703 0.0259413365 -0.00480179908
  endloop
 endfacet

 facet normal -0.672902822 0.391545296 -0.627609849
  outer loop
  vertex -0.0944695547 0.0259457324 -0.00483209826
  vertex -0.0945003703 0.0259413365 -0.00480179908
  vertex -0.094495967 0.0259662475 -0.00479097711
  endloop
 endfacet

 facet normal -0.628383756 0.455237448 -0.630787492
  outer loop
  vertex -0.0944695547 0.0259457324 -0.00483209826
  vertex -0.094495967 0.0259662475 -0.00479097711
  vertex -0.0944563448 0.0259999521 -0.00480612693
  endloop
 endfacet

 facet normal -0.646158636 0.500799358 -0.575915933
  outer loop
  vertex -0.0944563448 0.0259999521 -0.00480612693
  vertex -0.094495967 0.0259662475 -0.00479097711
  vertex -0.0944519415 0.026024865 -0.00478940317
  endloop
 endfacet

 facet normal -0.662439406 0.512241185 -0.546610415
  outer loop
  vertex -0.0944519415 0.026024865 -0.00478940317
  vertex -0.094495967 0.0259662475 -0.00479097711
  vertex -0.0944827646 0.0260131415 -0.00476303836
  endloop
 endfacet

 facet normal -0.655956626 0.541173577 -0.526167393
  outer loop
  vertex -0.0944519415 0.026024865 -0.00478940317
  vertex -0.0944827646 0.0260131415 -0.00476303836
  vertex -0.0944783613 0.0260351226 -0.00474592112
  endloop
 endfacet

 facet normal -0.686202943 0.527518213 -0.500849366
  outer loop
  vertex -0.0944783613 0.0260351226 -0.00474592112
  vertex -0.0944827646 0.0260131415 -0.00476303836
  vertex -0.0945135802 0.0259999521 -0.00473470613
  endloop
 endfacet

 facet normal -0.692027092 0.540467858 -0.478532135
  outer loop
  vertex -0.0944783613 0.0260351226 -0.00474592112
  vertex -0.0945135802 0.0259999521 -0.00473470613
  vertex -0.0945091769 0.0260190032 -0.00471955631
  endloop
 endfacet

 facet normal -0.707648456 0.486196756 -0.512685478
  outer loop
  vertex -0.0945135802 0.0259999521 -0.00473470613
  vertex -0.094495967 0.0259662475 -0.00479097711
  vertex -0.0945179835 0.0259794369 -0.00474808505
  endloop
 endfacet

 facet normal -0.758815944 0.462131441 -0.458947659
  outer loop
  vertex -0.0945135802 0.0259999521 -0.00473470613
  vertex -0.0945179835 0.0259794369 -0.00474808505
  vertex -0.0945444033 0.0259677134 -0.004716211
  endloop
 endfacet

 facet normal -0.762205362 0.478625953 -0.435844243
  outer loop
  vertex -0.0945135802 0.0259999521 -0.00473470613
  vertex -0.0945444033 0.0259677134 -0.004716211
  vertex -0.09454 0.0259852987 -0.00470460253
  endloop
 endfacet

 facet normal -0.691606402 0.50338614 -0.517960489
  outer loop
  vertex -0.0945135802 0.0259999521 -0.00473470613
  vertex -0.0944827646 0.0260131415 -0.00476303836
  vertex -0.094495967 0.0259662475 -0.00479097711
  endloop
 endfacet

 facet normal -0.765913129 0.432506889 -0.47572574
  outer loop
  vertex -0.0945444033 0.0259677134 -0.004716211
  vertex -0.0945179835 0.0259794369 -0.00474808505
  vertex -0.0945488065 0.0259486642 -0.00472644251
  endloop
 endfacet

 facet normal -0.813007057 0.409953177 -0.413470685
  outer loop
  vertex -0.0945444033 0.0259677134 -0.004716211
  vertex -0.0945488065 0.0259486642 -0.00472644251
  vertex -0.0945664123 0.0259677134 -0.00467292592
  endloop
 endfacet

 facet normal -0.837457359 0.36597833 -0.405863374
  outer loop
  vertex -0.0945664123 0.0259677134 -0.00467292592
  vertex -0.0945488065 0.0259486642 -0.00472644251
  vertex -0.0945796221 0.0259032361 -0.00470381556
  endloop
 endfacet

 facet normal -0.845534801 0.361453861 -0.392965674
  outer loop
  vertex -0.0945664123 0.0259677134 -0.00467292592
  vertex -0.0945796221 0.0259032361 -0.00470381556
  vertex -0.0945972353 0.0259090979 -0.00466053002
  endloop
 endfacet

 facet normal -0.856545866 0.375473469 -0.354046583
  outer loop
  vertex -0.0945664123 0.0259677134 -0.00467292592
  vertex -0.0945972353 0.0259090979 -0.00466053002
  vertex -0.0945884287 0.0259486642 -0.00463987095
  endloop
 endfacet

 facet normal -0.843986213 0.437927067 -0.309688985
  outer loop
  vertex -0.0945664123 0.0259677134 -0.00467292592
  vertex -0.0945884287 0.0259486642 -0.00463987095
  vertex -0.0945840254 0.0259706434 -0.00462078582
  endloop
 endfacet

 facet normal -0.826433301 0.472803324 -0.305720508
  outer loop
  vertex -0.0945664123 0.0259677134 -0.00467292592
  vertex -0.0945840254 0.0259706434 -0.00462078582
  vertex -0.0945576057 0.0260072798 -0.00463554217
  endloop
 endfacet

 facet normal -0.894565701 0.38142702 -0.232949883
  outer loop
  vertex -0.0945840254 0.0259706434 -0.00462078582
  vertex -0.0945884287 0.0259486642 -0.00463987095
  vertex -0.0946060419 0.0259281471 -0.00460583298
  endloop
 endfacet

 facet normal -0.89791429 0.402198017 -0.178848594
  outer loop
  vertex -0.0945840254 0.0259706434 -0.00462078582
  vertex -0.0946060419 0.0259281471 -0.00460583298
  vertex -0.0945972353 0.0259706434 -0.00455447985
  endloop
 endfacet

 facet normal -0.914623499 0.374286175 -0.152885005
  outer loop
  vertex -0.0945972353 0.0259706434 -0.00455447985
  vertex -0.0946060419 0.0259281471 -0.00460583298
  vertex -0.0946192443 0.0259120278 -0.00456628529
  endloop
 endfacet

 facet normal -0.919208884 0.371506065 -0.130531043
  outer loop
  vertex -0.0945972353 0.0259706434 -0.00455447985
  vertex -0.0946192443 0.0259120278 -0.00456628529
  vertex -0.0946148485 0.0259310789 -0.00454306835
  endloop
 endfacet

 facet normal -0.915448606 0.401983351 -0.0190578252
  outer loop
  vertex -0.0945972353 0.0259706434 -0.00455447985
  vertex -0.0946148485 0.0259310789 -0.00454306835
  vertex -0.0946104452 0.0259428024 -0.00450725993
  endloop
 endfacet

 facet normal -0.914042354 0.405273885 -0.0167242493
  outer loop
  vertex -0.0945972353 0.0259706434 -0.00455447985
  vertex -0.0946104452 0.0259428024 -0.00450725993
  vertex -0.094592832 0.0259823669 -0.00451099779
  endloop
 endfacet

 facet normal -0.913583994 0.406650037 0
  outer loop
  vertex -0.094592832 0.0259823669 -0.00451099779
  vertex -0.0946104452 0.0259428024 -0.00450725993
  vertex -0.0946104452 0.0259428024 -0.00300032878
  endloop
 endfacet

 facet normal -0.913583994 0.406650037 0
  outer loop
  vertex -0.094592832 0.0259823669 -0.00451099779
  vertex -0.0946104452 0.0259428024 -0.00300032878
  vertex -0.094592832 0.0259823669 -0.00300032878
  endloop
 endfacet

 facet normal -0.0001758828 9.78579337e-05 1
  outer loop
  vertex -0.0717205554 0.0228596013 -0.00299600046
  vertex -0.094592832 0.0259823669 -0.00300032878
  vertex -0.0717425644 0.022820035 -0.00299600046
  endloop
 endfacet

 facet normal -0.000178433998 7.94236548e-05 1
  outer loop
  vertex -0.094592832 0.0259823669 -0.00300032878
  vertex -0.0946104452 0.0259428024 -0.00300032878
  vertex -0.0717425644 0.022820035 -0.00299600046
  endloop
 endfacet

 facet normal -0.000185092591 -0.000139024953 0.99999994
  outer loop
  vertex -0.0718966648 0.0213487744 -0.00299600046
  vertex -0.0719186738 0.0213780832 -0.00299600046
  vertex -0.0954557732 0.0215803068 -0.00300032878
  endloop
 endfacet

 facet normal -0.000185092664 -0.000139033262 0.99999994
  outer loop
  vertex -0.0718966648 0.0213487744 -0.00299600046
  vertex -0.0954557732 0.0215803068 -0.00300032878
  vertex -0.0954293534 0.0215451382 -0.00300032878
  endloop
 endfacet

 facet normal -0.000184852484 -0.000111078167 1
  outer loop
  vertex -0.0954557732 0.0215803068 -0.00300032878
  vertex -0.0719186738 0.0213780832 -0.00299600046
  vertex -0.0719450936 0.0214220453 -0.00299600046
  endloop
 endfacet

 facet normal -0.000184823584 -0.00010678549 1
  outer loop
  vertex -0.0954557732 0.0215803068 -0.00300032878
  vertex -0.0719450936 0.0214220453 -0.00299600046
  vertex -0.0954777822 0.0216184091 -0.00300032878
  endloop
 endfacet

 facet normal -0.913583994 -0.406650037 0
  outer loop
  vertex -0.0954777822 0.0216184091 -0.00482108071
  vertex -0.0954777822 0.0216184091 -0.00300032878
  vertex -0.0954953954 0.0216579735 -0.00300032878
  endloop
 endfacet

 facet normal -0.913583994 -0.406650037 0
  outer loop
  vertex -0.0954777822 0.0216184091 -0.00482108071
  vertex -0.0954953954 0.0216579735 -0.00300032878
  vertex -0.0954953954 0.0216579735 -0.00478645228
  endloop
 endfacet

 facet normal -0.780875206 0.176801667 -0.599145412
  outer loop
  vertex -0.0954777822 0.0216184091 -0.00482108071
  vertex -0.0954953954 0.0216579735 -0.00478645228
  vertex -0.0945488065 0.0258387588 -0.00478645228
  endloop
 endfacet

 facet normal -0.778912008 0.176391423 -0.601815879
  outer loop
  vertex -0.0954777822 0.0216184091 -0.00482108071
  vertex -0.0945488065 0.0258387588 -0.00478645228
  vertex -0.0945179835 0.0258607399 -0.00481989933
  endloop
 endfacet

 facet normal -0.781858683 0.195385382 -0.592048585
  outer loop
  vertex -0.0945179835 0.0258607399 -0.00481989933
  vertex -0.0945488065 0.0258387588 -0.00478645228
  vertex -0.09454 0.0258871168 -0.00478212349
  endloop
 endfacet

 facet normal -0.745514333 0.257944196 -0.614551187
  outer loop
  vertex -0.0945179835 0.0258607399 -0.00481989933
  vertex -0.09454 0.0258871168 -0.00478212349
  vertex -0.0945355967 0.0259120278 -0.00477700774
  endloop
 endfacet

 facet normal -0.714973092 0.287470371 -0.637317955
  outer loop
  vertex -0.0945179835 0.0258607399 -0.00481989933
  vertex -0.0945355967 0.0259120278 -0.00477700774
  vertex -0.0945047736 0.0259149596 -0.00481025921
  endloop
 endfacet

 facet normal -0.708763003 0.319995463 -0.628695488
  outer loop
  vertex -0.0945047736 0.0259149596 -0.00481025921
  vertex -0.0945355967 0.0259120278 -0.00477700774
  vertex -0.0945003703 0.0259413365 -0.00480179908
  endloop
 endfacet

 facet normal -0.722399414 0.378919929 -0.578410625
  outer loop
  vertex -0.0945003703 0.0259413365 -0.00480179908
  vertex -0.0945355967 0.0259120278 -0.00477700774
  vertex -0.094495967 0.0259662475 -0.00479097711
  endloop
 endfacet

 facet normal -0.749373615 0.414651245 -0.516239822
  outer loop
  vertex -0.094495967 0.0259662475 -0.00479097711
  vertex -0.0945355967 0.0259120278 -0.00477700774
  vertex -0.0945223868 0.0259574559 -0.00475969398
  endloop
 endfacet

 facet normal -0.747937381 0.420874596 -0.513277948
  outer loop
  vertex -0.094495967 0.0259662475 -0.00479097711
  vertex -0.0945223868 0.0259574559 -0.00475969398
  vertex -0.0945179835 0.0259794369 -0.00474808505
  endloop
 endfacet

 facet normal -0.762667775 0.414827555 -0.496241927
  outer loop
  vertex -0.0945179835 0.0259794369 -0.00474808505
  vertex -0.0945223868 0.0259574559 -0.00475969398
  vertex -0.0945488065 0.0259486642 -0.00472644251
  endloop
 endfacet

 facet normal -0.832430303 0.351252496 -0.428580731
  outer loop
  vertex -0.0945488065 0.0259486642 -0.00472644251
  vertex -0.0945532098 0.0259281471 -0.00473470613
  vertex -0.0945796221 0.0259032361 -0.00470381556
  endloop
 endfacet

 facet normal -0.763436437 0.411669463 -0.497687697
  outer loop
  vertex -0.0945488065 0.0259486642 -0.00472644251
  vertex -0.0945223868 0.0259574559 -0.00475969398
  vertex -0.0945355967 0.0259120278 -0.00477700774
  endloop
 endfacet

 facet normal -0.80318135 0.362704217 -0.47259438
  outer loop
  vertex -0.0945488065 0.0259486642 -0.00472644251
  vertex -0.0945355967 0.0259120278 -0.00477700774
  vertex -0.0945532098 0.0259281471 -0.00473470613
  endloop
 endfacet

 facet normal -0.874243438 0.283528805 -0.394093752
  outer loop
  vertex -0.0945796221 0.0259032361 -0.00470381556
  vertex -0.0945840254 0.025884185 -0.00470775086
  vertex -0.0945972353 0.0259090979 -0.00466053002
  endloop
 endfacet

 facet normal -0.831972301 0.32160908 -0.452094853
  outer loop
  vertex -0.0945796221 0.0259032361 -0.00470381556
  vertex -0.0945532098 0.0259281471 -0.00473470613
  vertex -0.0945576057 0.025907632 -0.00474119885
  endloop
 endfacet

 facet normal -0.839374185 0.289138496 -0.460271686
  outer loop
  vertex -0.0945796221 0.0259032361 -0.00470381556
  vertex -0.0945576057 0.025907632 -0.00474119885
  vertex -0.0945840254 0.025884185 -0.00470775086
  endloop
 endfacet

 facet normal -0.877647817 0.276641667 -0.391412467
  outer loop
  vertex -0.0945972353 0.0259090979 -0.00466053002
  vertex -0.0945840254 0.025884185 -0.00470775086
  vertex -0.0945884287 0.0258666016 -0.00471030828
  endloop
 endfacet

 facet normal -0.898213983 0.242968962 -0.366302907
  outer loop
  vertex -0.0945972353 0.0259090979 -0.00466053002
  vertex -0.0945884287 0.0258666016 -0.00471030828
  vertex -0.0946016386 0.025881255 -0.00466820318
  endloop
 endfacet

 facet normal -0.917446077 0.233781144 -0.321930259
  outer loop
  vertex -0.0945972353 0.0259090979 -0.00466053002
  vertex -0.0946016386 0.025881255 -0.00466820318
  vertex -0.0946192443 0.0258666016 -0.00462865597
  endloop
 endfacet

 facet normal -0.918499053 0.240185395 -0.314118952
  outer loop
  vertex -0.0945972353 0.0259090979 -0.00466053002
  vertex -0.0946192443 0.0258666016 -0.00462865597
  vertex -0.0946148485 0.0258885827 -0.00462472113
  endloop
 endfacet

 facet normal -0.913152218 0.29749772 -0.278654277
  outer loop
  vertex -0.0945972353 0.0259090979 -0.00466053002
  vertex -0.0946148485 0.0258885827 -0.00462472113
  vertex -0.0946104452 0.0259090979 -0.00461724447
  endloop
 endfacet

 facet normal -0.898409069 0.343074501 -0.274155319
  outer loop
  vertex -0.0945972353 0.0259090979 -0.00466053002
  vertex -0.0946104452 0.0259090979 -0.00461724447
  vertex -0.0945884287 0.0259486642 -0.00463987095
  endloop
 endfacet

 facet normal -0.899773061 0.357667536 -0.249964565
  outer loop
  vertex -0.0945884287 0.0259486642 -0.00463987095
  vertex -0.0946104452 0.0259090979 -0.00461724447
  vertex -0.0946060419 0.0259281471 -0.00460583298
  endloop
 endfacet

 facet normal -0.929590881 0.322132647 -0.179140627
  outer loop
  vertex -0.0946060419 0.0259281471 -0.00460583298
  vertex -0.0946104452 0.0259090979 -0.00461724447
  vertex -0.0946192443 0.0259120278 -0.00456628529
  endloop
 endfacet

 facet normal -0.938727558 0.294455349 -0.179127455
  outer loop
  vertex -0.0946192443 0.0259120278 -0.00456628529
  vertex -0.0946104452 0.0259090979 -0.00461724447
  vertex -0.0946280509 0.0258724634 -0.00458517391
  endloop
 endfacet

 facet normal -0.945401669 0.28548032 -0.157215565
  outer loop
  vertex -0.0946192443 0.0259120278 -0.00456628529
  vertex -0.0946280509 0.0258724634 -0.00458517391
  vertex -0.0946368575 0.0258666016 -0.00454287184
  endloop
 endfacet

 facet normal -0.943006694 0.321695745 -0.0851481259
  outer loop
  vertex -0.0946192443 0.0259120278 -0.00456628529
  vertex -0.0946368575 0.0258666016 -0.00454287184
  vertex -0.0946148485 0.0259310789 -0.00454306835
  endloop
 endfacet

 facet normal -0.944417119 0.322238356 -0.0651055351
  outer loop
  vertex -0.0946148485 0.0259310789 -0.00454306835
  vertex -0.0946368575 0.0258666016 -0.00454287184
  vertex -0.0946280509 0.0258973744 -0.00451827794
  endloop
 endfacet

 facet normal -0.932047427 0.362314194 -0.00403010985
  outer loop
  vertex -0.0946148485 0.0259310789 -0.00454306835
  vertex -0.0946280509 0.0258973744 -0.00451827794
  vertex -0.0946104452 0.0259428024 -0.00450725993
  endloop
 endfacet

 facet normal -0.932384729 0.361467451 0
  outer loop
  vertex -0.0946104452 0.0259428024 -0.00450725993
  vertex -0.0946280509 0.0258973744 -0.00451827794
  vertex -0.0946104452 0.0259428024 -0.00300032878
  endloop
 endfacet

 facet normal -0.000181309326 5.8367732e-05 1
  outer loop
  vertex -0.0717425644 0.022820035 -0.00299600046
  vertex -0.0946104452 0.0259428024 -0.00300032878
  vertex -0.0946236551 0.0259017702 -0.00300032878
  endloop
 endfacet

 facet normal -0.000181309864 5.8363592e-05 1
  outer loop
  vertex -0.0717425644 0.022820035 -0.00299600046
  vertex -0.0946236551 0.0259017702 -0.00300032878
  vertex -0.0717557743 0.0227790046 -0.00299600046
  endloop
 endfacet

 facet normal -0.951889634 0.306435674 0.00187321543
  outer loop
  vertex -0.0946104452 0.0259428024 -0.00300032878
  vertex -0.0946280509 0.0258973744 -0.00451827794
  vertex -0.0946236551 0.0259017702 -0.00300032878
  endloop
 endfacet

 facet normal -0.000184588687 -7.92261199e-05 1
  outer loop
  vertex -0.0719450936 0.0214220453 -0.00299600046
  vertex -0.0719803125 0.0215041079 -0.00299600046
  vertex -0.0954953954 0.0216579735 -0.00300032878
  endloop
 endfacet

 facet normal -0.000184618257 -8.21763751e-05 1
  outer loop
  vertex -0.0719450936 0.0214220453 -0.00299600046
  vertex -0.0954953954 0.0216579735 -0.00300032878
  vertex -0.0954777822 0.0216184091 -0.00300032878
  endloop
 endfacet

 facet normal -0.951903462 -0.306398332 0
  outer loop
  vertex -0.0954953954 0.0216579735 -0.00478645228
  vertex -0.0954953954 0.0216579735 -0.00300032878
  vertex -0.0955086052 0.0216990057 -0.00300032878
  endloop
 endfacet

 facet normal -0.951903462 -0.306398332 0
  outer loop
  vertex -0.0954953954 0.0216579735 -0.00478645228
  vertex -0.0955086052 0.0216990057 -0.00300032878
  vertex -0.0955086052 0.0216990057 -0.00474965898
  endloop
 endfacet

 facet normal -0.83779186 0.189500004 -0.512049496
  outer loop
  vertex -0.0954953954 0.0216579735 -0.00478645228
  vertex -0.0955086052 0.0216990057 -0.00474965898
  vertex -0.0945664123 0.0258666016 -0.00474887202
  endloop
 endfacet

 facet normal -0.828674197 0.187624037 -0.527348399
  outer loop
  vertex -0.0954953954 0.0216579735 -0.00478645228
  vertex -0.0945664123 0.0258666016 -0.00474887202
  vertex -0.0945488065 0.0258387588 -0.00478645228
  endloop
 endfacet

 facet normal -0.823259592 0.197565347 -0.532176256
  outer loop
  vertex -0.0945488065 0.0258387588 -0.00478645228
  vertex -0.0945664123 0.0258666016 -0.00474887202
  vertex -0.09454 0.0258871168 -0.00478212349
  endloop
 endfacet

 facet normal -0.827290237 0.249550164 -0.50330466
  outer loop
  vertex -0.09454 0.0258871168 -0.00478212349
  vertex -0.0945664123 0.0258666016 -0.00474887202
  vertex -0.0945355967 0.0259120278 -0.00477700774
  endloop
 endfacet

 facet normal -0.827458322 0.249961928 -0.502823949
  outer loop
  vertex -0.0945355967 0.0259120278 -0.00477700774
  vertex -0.0945664123 0.0258666016 -0.00474887202
  vertex -0.094562009 0.0258871168 -0.00474592112
  endloop
 endfacet

 facet normal -0.831206024 0.287849486 -0.475646138
  outer loop
  vertex -0.0945355967 0.0259120278 -0.00477700774
  vertex -0.094562009 0.0258871168 -0.00474592112
  vertex -0.0945576057 0.025907632 -0.00474119885
  endloop
 endfacet

 facet normal -0.823130488 0.324182451 -0.466220915
  outer loop
  vertex -0.0945355967 0.0259120278 -0.00477700774
  vertex -0.0945576057 0.025907632 -0.00474119885
  vertex -0.0945532098 0.0259281471 -0.00473470613
  endloop
 endfacet

 facet normal -0.839295268 0.286463678 -0.462084413
  outer loop
  vertex -0.0945840254 0.025884185 -0.00470775086
  vertex -0.0945576057 0.025907632 -0.00474119885
  vertex -0.094562009 0.0258871168 -0.00474592112
  endloop
 endfacet

 facet normal -0.841172218 0.278039634 -0.463813841
  outer loop
  vertex -0.0945840254 0.025884185 -0.00470775086
  vertex -0.094562009 0.0258871168 -0.00474592112
  vertex -0.0945884287 0.0258666016 -0.00471030828
  endloop
 endfacet

 facet normal -0.840979934 0.249590442 -0.480059862
  outer loop
  vertex -0.0945884287 0.0258666016 -0.00471030828
  vertex -0.094562009 0.0258871168 -0.00474592112
  vertex -0.0945664123 0.0258666016 -0.00474887202
  endloop
 endfacet

 facet normal -0.852152944 0.192908615 -0.486437798
  outer loop
  vertex -0.0945884287 0.0258666016 -0.00471030828
  vertex -0.0945664123 0.0258666016 -0.00474887202
  vertex -0.0955218077 0.021741502 -0.00471109524
  endloop
 endfacet

 facet normal -0.91088295 0.206172794 -0.357470393
  outer loop
  vertex -0.0945884287 0.0258666016 -0.00471030828
  vertex -0.0955218077 0.021741502 -0.00471109524
  vertex -0.0946016386 0.025881255 -0.00466820318
  endloop
 endfacet

 facet normal -0.919866323 0.207911879 -0.332593739
  outer loop
  vertex -0.0946016386 0.025881255 -0.00466820318
  vertex -0.0955218077 0.021741502 -0.00471109524
  vertex -0.0946192443 0.0258666016 -0.00462865597
  endloop
 endfacet

 facet normal -0.94742167 0.229637951 -0.222842008
  outer loop
  vertex -0.0946192443 0.0258666016 -0.00462865597
  vertex -0.0946280509 0.0258724634 -0.00458517391
  vertex -0.0946148485 0.0258885827 -0.00462472113
  endloop
 endfacet

 facet normal -0.923967123 0.208569378 -0.320598632
  outer loop
  vertex -0.0946192443 0.0258666016 -0.00462865597
  vertex -0.0955218077 0.021741502 -0.00471109524
  vertex -0.095526211 0.0217839982 -0.00467076059
  endloop
 endfacet

 facet normal -0.924494803 0.208670199 -0.31900835
  outer loop
  vertex -0.0946192443 0.0258666016 -0.00462865597
  vertex -0.095526211 0.0217839982 -0.00467076059
  vertex -0.0955306143 0.0218279604 -0.00462924642
  endloop
 endfacet

 facet normal -0.951213062 0.214685261 -0.221594185
  outer loop
  vertex -0.0946192443 0.0258666016 -0.00462865597
  vertex -0.0955306143 0.0218279604 -0.00462924642
  vertex -0.0946280509 0.0258724634 -0.00458517391
  endloop
 endfacet

 facet normal -0.939966738 0.275231868 -0.201767594
  outer loop
  vertex -0.0946148485 0.0258885827 -0.00462472113
  vertex -0.0946280509 0.0258724634 -0.00458517391
  vertex -0.0946104452 0.0259090979 -0.00461724447
  endloop
 endfacet

 facet normal -0.95132941 0.214705572 -0.221074373
  outer loop
  vertex -0.0946280509 0.0258724634 -0.00458517391
  vertex -0.0955306143 0.0218279604 -0.00462924642
  vertex -0.0955306143 0.0218719225 -0.00458655087
  endloop
 endfacet

 facet normal -0.96126771 0.216930181 -0.170016542
  outer loop
  vertex -0.0946280509 0.0258724634 -0.00458517391
  vertex -0.0955306143 0.0218719225 -0.00458655087
  vertex -0.0946368575 0.0258666016 -0.00454287184
  endloop
 endfacet

 facet normal -0.961697459 0.274110287 0.00130196777
  outer loop
  vertex -0.0946368575 0.0258666016 -0.00454287184
  vertex -0.0946368575 0.025859274 -0.00300032878
  vertex -0.0946280509 0.0258973744 -0.00451827794
  endloop
 endfacet

 facet normal -0.968187749 0.217963263 -0.122900441
  outer loop
  vertex -0.0946368575 0.0258666016 -0.00454287184
  vertex -0.0955306143 0.0218719225 -0.00458655087
  vertex -0.095526211 0.0219158847 -0.00454326533
  endloop
 endfacet

 facet normal -0.975443482 0.219586059 -0.0170916151
  outer loop
  vertex -0.0946368575 0.0258666016 -0.00454287184
  vertex -0.095526211 0.0219158847 -0.00454326533
  vertex -0.0955174118 0.0219583809 -0.00449978281
  endloop
 endfacet

 facet normal -0.975545526 0.219797492 0
  outer loop
  vertex -0.0946368575 0.0258666016 -0.00454287184
  vertex -0.0955174118 0.0219583809 -0.00449978281
  vertex -0.0955174118 0.0219583809 -0.00300032878
  endloop
 endfacet

 facet normal -0.975456417 0.220190212 0.00104585837
  outer loop
  vertex -0.0946368575 0.0258666016 -0.00454287184
  vertex -0.0955174118 0.0219583809 -0.00300032878
  vertex -0.0946368575 0.025859274 -0.00300032878
  endloop
 endfacet

 facet normal -0.954945207 0.296776384 0.00191005028
  outer loop
  vertex -0.0946280509 0.0258973744 -0.00451827794
  vertex -0.0946368575 0.025859274 -0.00300032878
  vertex -0.0946236551 0.0259017702 -0.00300032878
  endloop
 endfacet

 facet normal -0.000181574011 5.64292932e-05 1
  outer loop
  vertex -0.0717557743 0.0227790046 -0.00299600046
  vertex -0.0946236551 0.0259017702 -0.00300032878
  vertex -0.0946368575 0.025859274 -0.00300032878
  endloop
 endfacet

 facet normal -0.000182153861 5.21221627e-05 1
  outer loop
  vertex -0.0717557743 0.0227790046 -0.00299600046
  vertex -0.0946368575 0.025859274 -0.00300032878
  vertex -0.0717645809 0.0227482319 -0.00299600046
  endloop
 endfacet

 facet normal -0.000184262506 -3.95446332e-05 1
  outer loop
  vertex -0.0719803125 0.0215041079 -0.00299600046
  vertex -0.0719891191 0.0215451382 -0.00299600046
  vertex -0.0955218077 0.021741502 -0.00300032878
  endloop
 endfacet

 facet normal -0.000184441844 -5.73283869e-05 1
  outer loop
  vertex -0.0719803125 0.0215041079 -0.00299600046
  vertex -0.0955218077 0.021741502 -0.00300032878
  vertex -0.0955086052 0.0216990057 -0.00300032878
  endloop
 endfacet

 facet normal -0.000184458782 -5.93735313e-05 1
  outer loop
  vertex -0.0719803125 0.0215041079 -0.00299600046
  vertex -0.0955086052 0.0216990057 -0.00300032878
  vertex -0.0954953954 0.0216579735 -0.00300032878
  endloop
 endfacet

 facet normal -0.954935312 -0.296813875 0
  outer loop
  vertex -0.0955086052 0.0216990057 -0.00474965898
  vertex -0.0955086052 0.0216990057 -0.00300032878
  vertex -0.0955218077 0.021741502 -0.00300032878
  endloop
 endfacet

 facet normal -0.954935312 -0.296813875 0
  outer loop
  vertex -0.0955086052 0.0216990057 -0.00474965898
  vertex -0.0955218077 0.021741502 -0.00300032878
  vertex -0.0955218077 0.021741502 -0.00471109524
  endloop
 endfacet

 facet normal -0.844744802 0.191069573 -0.499898762
  outer loop
  vertex -0.0955086052 0.0216990057 -0.00474965898
  vertex -0.0955218077 0.021741502 -0.00471109524
  vertex -0.0945664123 0.0258666016 -0.00474887202
  endloop
 endfacet

 facet normal -0.994677246 -0.103040233 0
  outer loop
  vertex -0.0955218077 0.021741502 -0.00471109524
  vertex -0.0955218077 0.021741502 -0.00300032878
  vertex -0.095526211 0.0217839982 -0.00300032878
  endloop
 endfacet

 facet normal -0.994677246 -0.103040233 0
  outer loop
  vertex -0.0955218077 0.021741502 -0.00471109524
  vertex -0.095526211 0.0217839982 -0.00300032878
  vertex -0.095526211 0.0217839982 -0.00467076059
  endloop
 endfacet

 facet normal -0.99502337 -0.0996418968 0
  outer loop
  vertex -0.095526211 0.0217839982 -0.00467076059
  vertex -0.095526211 0.0217839982 -0.00300032878
  vertex -0.0955306143 0.0218279604 -0.00300032878
  endloop
 endfacet

 facet normal -0.99502337 -0.0996418968 0
  outer loop
  vertex -0.095526211 0.0217839982 -0.00467076059
  vertex -0.0955306143 0.0218279604 -0.00300032878
  vertex -0.0955306143 0.0218279604 -0.00462924642
  endloop
 endfacet

 facet normal -1 0 0
  outer loop
  vertex -0.0955306143 0.0218279604 -0.00462924642
  vertex -0.0955306143 0.0218279604 -0.00300032878
  vertex -0.0955306143 0.0218719225 -0.00458655087
  endloop
 endfacet

 facet normal -0.998748004 0.0500068888 0.00138593756
  outer loop
  vertex -0.0955306143 0.0218719225 -0.00458655087
  vertex -0.0955306143 0.0218279604 -0.00300032878
  vertex -0.095526211 0.0219158847 -0.00300032878
  endloop
 endfacet

 facet normal -0.995023489 0.099640809 0
  outer loop
  vertex -0.0955306143 0.0218719225 -0.00458655087
  vertex -0.095526211 0.0219158847 -0.00300032878
  vertex -0.095526211 0.0219158847 -0.00454326533
  endloop
 endfacet

 facet normal -0.00018360815 4.144595e-05 1
  outer loop
  vertex -0.0946368575 0.025859274 -0.00300032878
  vertex -0.0955174118 0.0219583809 -0.00300032878
  vertex -0.0719891191 0.0217546914 -0.00299600046
  endloop
 endfacet

 facet normal -0.000183599535 4.14934584e-05 1
  outer loop
  vertex -0.0946368575 0.025859274 -0.00300032878
  vertex -0.0719891191 0.0217546914 -0.00299600046
  vertex -0.0717645809 0.0227482319 -0.00299600046
  endloop
 endfacet

 facet normal -0.979204178 0.20287703 0
  outer loop
  vertex -0.095526211 0.0219158847 -0.00454326533
  vertex -0.095526211 0.0219158847 -0.00300032878
  vertex -0.0955174118 0.0219583809 -0.00300032878
  endloop
 endfacet

 facet normal -0.979204178 0.20287703 0
  outer loop
  vertex -0.095526211 0.0219158847 -0.00454326533
  vertex -0.0955174118 0.0219583809 -0.00300032878
  vertex -0.0955174118 0.0219583809 -0.00449978281
  endloop
 endfacet

 facet normal -0.000183638767 3.80473139e-05 1
  outer loop
  vertex -0.0955174118 0.0219583809 -0.00300032878
  vertex -0.095526211 0.0219158847 -0.00300032878
  vertex -0.0719935223 0.0217341743 -0.00299600046
  endloop
 endfacet

 facet normal -0.000183625772 3.94109484e-05 1
  outer loop
  vertex -0.0955174118 0.0219583809 -0.00300032878
  vertex -0.0719935223 0.0217341743 -0.00299600046
  vertex -0.0719891191 0.0217546914 -0.00299600046
  endloop
 endfacet

 facet normal -0.000184117205 -2.21295777e-05 1
  outer loop
  vertex -0.0719891191 0.0215451382 -0.00299600046
  vertex -0.0719935223 0.0215817727 -0.00299600046
  vertex -0.0955218077 0.021741502 -0.00300032878
  endloop
 endfacet

 facet normal -0.00018409644 -1.90708488e-05 1
  outer loop
  vertex -0.0955218077 0.021741502 -0.00300032878
  vertex -0.0719935223 0.0215817727 -0.00299600046
  vertex -0.0719979256 0.0216242708 -0.00299600046
  endloop
 endfacet

 facet normal -0.00018409644 -1.90708488e-05 1
  outer loop
  vertex -0.0955218077 0.021741502 -0.00300032878
  vertex -0.0719979256 0.0216242708 -0.00299600046
  vertex -0.095526211 0.0217839982 -0.00300032878
  endloop
 endfacet

 facet normal -0.000184092132 -1.8435032e-05 1
  outer loop
  vertex -0.095526211 0.0217839982 -0.00300032878
  vertex -0.0719979256 0.0216242708 -0.00299600046
  vertex -0.0955306143 0.0218279604 -0.00300032878
  endloop
 endfacet

 facet normal -0.000183932541 0 1
  outer loop
  vertex -0.0955306143 0.0218279604 -0.00300032878
  vertex -0.0719979256 0.0216242708 -0.00299600046
  vertex -0.0719979256 0.0216755588 -0.00299600046
  endloop
 endfacet

 facet normal -0.000183872922 9.20643834e-06 1
  outer loop
  vertex -0.0955306143 0.0218279604 -0.00300032878
  vertex -0.0719979256 0.0216755588 -0.00299600046
  vertex -0.095526211 0.0219158847 -0.00300032878
  endloop
 endfacet

 facet normal -0.000183825949 1.38062442e-05 1
  outer loop
  vertex -0.095526211 0.0219158847 -0.00300032878
  vertex -0.0719979256 0.0216755588 -0.00299600046
  vertex -0.0719935223 0.0217341743 -0.00299600046
  endloop
 endfacet

endsolid AssimpScene
