solid AssimpScene
 facet normal 0.276583701 0.0627606586 0.958938241
  outer loop
  vertex -0.0459119231 -0.0153537123 -0.00500679668
  vertex -0.0446908846 -0.0207465179 -0.00500602834
  vertex -0.0440283455 -0.023666298 -0.00500602834
  endloop
 endfacet

 facet normal 0.681610525 0.154382333 -0.715243518
  outer loop
  vertex -0.0459119231 -0.0153537123 -0.00500679668
  vertex -0.0440283455 -0.023666298 -0.00500602834
  vertex -0.0448825285 -0.0198985767 -0.00500679668
  endloop
 endfacet

 facet normal 0.36236614 0.0820746273 -0.92841506
  outer loop
  vertex -0.0459119231 -0.0153537123 -0.00500679668
  vertex -0.0448825285 -0.0198985767 -0.00500679668
  vertex -0.0496599115 -0.0162040945 -0.00654483633
  endloop
 endfacet

 facet normal -0.218833968 0.97574228 -0.00621983781
  outer loop
  vertex -0.0459119231 -0.0153537123 -0.00500679668
  vertex -0.0496599115 -0.0162040945 -0.00654483633
  vertex -0.0581086315 -0.018113181 -0.00878121704
  endloop
 endfacet

 facet normal -0.219681144 0.97556591 -0.00335329631
  outer loop
  vertex -0.0459119231 -0.0153537123 -0.00500679668
  vertex -0.0581086315 -0.018113181 -0.00878121704
  vertex -0.0716057718 -0.0211647917 -0.012353587
  endloop
 endfacet

 facet normal -0.220594674 0.975365579 0
  outer loop
  vertex -0.0459119231 -0.0153537123 -0.00500679668
  vertex -0.0716057718 -0.0211647917 -0.012353587
  vertex -0.0716057718 -0.0211647917 -0.00500602834
  endloop
 endfacet

 facet normal -0.085312739 0.377334595 0.922139049
  outer loop
  vertex -0.0459119231 -0.0153537123 -0.00500679668
  vertex -0.0716057718 -0.0211647917 -0.00500602834
  vertex -0.0581086315 -0.018113181 -0.00500602834
  endloop
 endfacet

 facet normal 2.92606892e-05 0.00014909319 1
  outer loop
  vertex -0.0459119231 -0.0153537123 -0.00500679668
  vertex -0.0581086315 -0.018113181 -0.00500602834
  vertex -0.0446908846 -0.0207465179 -0.00500602834
  endloop
 endfacet

 facet normal 0 0 1
  outer loop
  vertex -0.0446908846 -0.0207465179 -0.00500602834
  vertex -0.0581086315 -0.018113181 -0.00500602834
  vertex -0.0716057718 -0.0211647917 -0.00500602834
  endloop
 endfacet

 facet normal 0 0 1
  outer loop
  vertex -0.0446908846 -0.0207465179 -0.00500602834
  vertex -0.0716057718 -0.0211647917 -0.00500602834
  vertex -0.0716468394 -0.0211761836 -0.00500602834
  endloop
 endfacet

 facet normal 0 0 1
  outer loop
  vertex -0.0446908846 -0.0207465179 -0.00500602834
  vertex -0.0716468394 -0.0211761836 -0.00500602834
  vertex -0.0716687441 -0.0211835075 -0.00500602834
  endloop
 endfacet

 facet normal 0 0 1
  outer loop
  vertex -0.0446908846 -0.0207465179 -0.00500602834
  vertex -0.0716687441 -0.0211835075 -0.00500602834
  vertex -0.0716933832 -0.0211932734 -0.00500602834
  endloop
 endfacet

 facet normal 0 0 1
  outer loop
  vertex -0.0446908846 -0.0207465179 -0.00500602834
  vertex -0.0716933832 -0.0211932734 -0.00500602834
  vertex -0.0717289746 -0.0212095492 -0.00500602834
  endloop
 endfacet

 facet normal 0 0 1
  outer loop
  vertex -0.0446908846 -0.0207465179 -0.00500602834
  vertex -0.0717289746 -0.0212095492 -0.00500602834
  vertex -0.0717673004 -0.0212315191 -0.00500602834
  endloop
 endfacet

 facet normal 0 0 1
  outer loop
  vertex -0.0446908846 -0.0207465179 -0.00500602834
  vertex -0.0717673004 -0.0212315191 -0.00500602834
  vertex -0.0717919394 -0.0212502368 -0.00500602834
  endloop
 endfacet

 facet normal 0 0 1
  outer loop
  vertex -0.0446908846 -0.0207465179 -0.00500602834
  vertex -0.0717919394 -0.0212502368 -0.00500602834
  vertex -0.0718193203 -0.0212713946 -0.00500602834
  endloop
 endfacet

 facet normal 0 0 1
  outer loop
  vertex -0.0446908846 -0.0207465179 -0.00500602834
  vertex -0.0718193203 -0.0212713946 -0.00500602834
  vertex -0.0718357489 -0.0212844145 -0.00500602834
  endloop
 endfacet

 facet normal 0 0 1
  outer loop
  vertex -0.0446908846 -0.0207465179 -0.00500602834
  vertex -0.0718357489 -0.0212844145 -0.00500602834
  vertex -0.0718658641 -0.0213153381 -0.00500602834
  endloop
 endfacet

 facet normal 0 0 1
  outer loop
  vertex -0.0446908846 -0.0207465179 -0.00500602834
  vertex -0.0718658641 -0.0213153381 -0.00500602834
  vertex -0.0718932375 -0.0213495158 -0.00500602834
  endloop
 endfacet

 facet normal 0 0 1
  outer loop
  vertex -0.0446908846 -0.0207465179 -0.00500602834
  vertex -0.0718932375 -0.0213495158 -0.00500602834
  vertex -0.0719178766 -0.0213853214 -0.00500602834
  endloop
 endfacet

 facet normal 0 0 1
  outer loop
  vertex -0.0446908846 -0.0207465179 -0.00500602834
  vertex -0.0719178766 -0.0213853214 -0.00500602834
  vertex -0.0719343051 -0.0214129891 -0.00500602834
  endloop
 endfacet

 facet normal 0 0 1
  outer loop
  vertex -0.0446908846 -0.0207465179 -0.00500602834
  vertex -0.0719343051 -0.0214129891 -0.00500602834
  vertex -0.0719425157 -0.0214284509 -0.00500602834
  endloop
 endfacet

 facet normal 0 0 1
  outer loop
  vertex -0.0446908846 -0.0207465179 -0.00500602834
  vertex -0.0719425157 -0.0214284509 -0.00500602834
  vertex -0.071961686 -0.0214683246 -0.00500602834
  endloop
 endfacet

 facet normal 0 0 1
  outer loop
  vertex -0.0446908846 -0.0207465179 -0.00500602834
  vertex -0.071961686 -0.0214683246 -0.00500602834
  vertex -0.0719726309 -0.0215041302 -0.00500602834
  endloop
 endfacet

 facet normal 0 0 1
  outer loop
  vertex -0.0446908846 -0.0207465179 -0.00500602834
  vertex -0.0719726309 -0.0215041302 -0.00500602834
  vertex -0.0719863251 -0.0215513296 -0.00500602834
  endloop
 endfacet

 facet normal 0 0 1
  outer loop
  vertex -0.0446908846 -0.0207465179 -0.00500602834
  vertex -0.0719863251 -0.0215513296 -0.00500602834
  vertex -0.0719945356 -0.0215887614 -0.00500602834
  endloop
 endfacet

 facet normal 0 0 1
  outer loop
  vertex -0.0446908846 -0.0207465179 -0.00500602834
  vertex -0.0719945356 -0.0215887614 -0.00500602834
  vertex -0.0719972774 -0.021620499 -0.00500602834
  endloop
 endfacet

 facet normal 0 0 1
  outer loop
  vertex -0.0446908846 -0.0207465179 -0.00500602834
  vertex -0.0719972774 -0.021620499 -0.00500602834
  vertex -0.0719972774 -0.0216823444 -0.00500602834
  endloop
 endfacet

 facet normal 0 0 1
  outer loop
  vertex -0.0446908846 -0.0207465179 -0.00500602834
  vertex -0.0719972774 -0.0216823444 -0.00500602834
  vertex -0.0719918013 -0.0217246599 -0.00500602834
  endloop
 endfacet

 facet normal 0 0 1
  outer loop
  vertex -0.0446908846 -0.0207465179 -0.00500602834
  vertex -0.0719918013 -0.0217246599 -0.00500602834
  vertex -0.0719835833 -0.0217629075 -0.00500602834
  endloop
 endfacet

 facet normal 0 0 1
  outer loop
  vertex -0.0446908846 -0.0207465179 -0.00500602834
  vertex -0.0719835833 -0.0217629075 -0.00500602834
  vertex -0.0719507337 -0.0219134539 -0.00500602834
  endloop
 endfacet

 facet normal 0 0 1
  outer loop
  vertex -0.0446908846 -0.0207465179 -0.00500602834
  vertex -0.0719507337 -0.0219134539 -0.00500602834
  vertex -0.071764566 -0.0227377955 -0.00500602834
  endloop
 endfacet

 facet normal 0 0 1
  outer loop
  vertex -0.0446908846 -0.0207465179 -0.00500602834
  vertex -0.071764566 -0.0227377955 -0.00500602834
  vertex -0.0717536137 -0.0227719732 -0.00500602834
  endloop
 endfacet

 facet normal 0 0 1
  outer loop
  vertex -0.0446908846 -0.0207465179 -0.00500602834
  vertex -0.0717536137 -0.0227719732 -0.00500602834
  vertex -0.0717371851 -0.0228216127 -0.00500602834
  endloop
 endfacet

 facet normal 0 0 1
  outer loop
  vertex -0.0446908846 -0.0207465179 -0.00500602834
  vertex -0.0717371851 -0.0228216127 -0.00500602834
  vertex -0.0717098117 -0.0228753202 -0.00500602834
  endloop
 endfacet

 facet normal 0 0 1
  outer loop
  vertex -0.0446908846 -0.0207465179 -0.00500602834
  vertex -0.0717098117 -0.0228753202 -0.00500602834
  vertex -0.0716961175 -0.0228981059 -0.00500602834
  endloop
 endfacet

 facet normal 0 0 1
  outer loop
  vertex -0.0446908846 -0.0207465179 -0.00500602834
  vertex -0.0716961175 -0.0228981059 -0.00500602834
  vertex -0.0716714785 -0.0229330976 -0.00500602834
  endloop
 endfacet

 facet normal 0 0 1
  outer loop
  vertex -0.0446908846 -0.0207465179 -0.00500602834
  vertex -0.0716714785 -0.0229330976 -0.00500602834
  vertex -0.0716413632 -0.0229672752 -0.00500602834
  endloop
 endfacet

 facet normal 0 0 1
  outer loop
  vertex -0.0446908846 -0.0207465179 -0.00500602834
  vertex -0.0716413632 -0.0229672752 -0.00500602834
  vertex -0.071611248 -0.0229981989 -0.00500602834
  endloop
 endfacet

 facet normal 0 0 1
  outer loop
  vertex -0.0446908846 -0.0207465179 -0.00500602834
  vertex -0.071611248 -0.0229981989 -0.00500602834
  vertex -0.0715838745 -0.0230209846 -0.00500602834
  endloop
 endfacet

 facet normal 0 0 1
  outer loop
  vertex -0.0446908846 -0.0207465179 -0.00500602834
  vertex -0.0715838745 -0.0230209846 -0.00500602834
  vertex -0.0715428069 -0.0230502803 -0.00500602834
  endloop
 endfacet

 facet normal 0 0 1
  outer loop
  vertex -0.0446908846 -0.0207465179 -0.00500602834
  vertex -0.0715428069 -0.0230502803 -0.00500602834
  vertex -0.0715099499 -0.0230689961 -0.00500602834
  endloop
 endfacet

 facet normal 0 0 1
  outer loop
  vertex -0.0446908846 -0.0207465179 -0.00500602834
  vertex -0.0715099499 -0.0230689961 -0.00500602834
  vertex -0.0714880526 -0.023079576 -0.00500602834
  endloop
 endfacet

 facet normal 0 0 1
  outer loop
  vertex -0.0446908846 -0.0207465179 -0.00500602834
  vertex -0.0714880526 -0.023079576 -0.00500602834
  vertex -0.0714634135 -0.0230901539 -0.00500602834
  endloop
 endfacet

 facet normal 0 0 1
  outer loop
  vertex -0.0446908846 -0.0207465179 -0.00500602834
  vertex -0.0714634135 -0.0230901539 -0.00500602834
  vertex -0.0714332983 -0.0231015477 -0.00500602834
  endloop
 endfacet

 facet normal 0 0 1
  outer loop
  vertex -0.0446908846 -0.0207465179 -0.00500602834
  vertex -0.0714332983 -0.0231015477 -0.00500602834
  vertex -0.0714059174 -0.0231096838 -0.00500602834
  endloop
 endfacet

 facet normal 0 0 1
  outer loop
  vertex -0.0446908846 -0.0207465179 -0.00500602834
  vertex -0.0714059174 -0.0231096838 -0.00500602834
  vertex -0.0713812783 -0.0231161937 -0.00500602834
  endloop
 endfacet

 facet normal 0 0 1
  outer loop
  vertex -0.0446908846 -0.0207465179 -0.00500602834
  vertex -0.0713812783 -0.0231161937 -0.00500602834
  vertex -0.0713456869 -0.0231227055 -0.00500602834
  endloop
 endfacet

 facet normal 0 0 1
  outer loop
  vertex -0.0446908846 -0.0207465179 -0.00500602834
  vertex -0.0713456869 -0.0231227055 -0.00500602834
  vertex -0.0713374764 -0.0231235176 -0.00500602834
  endloop
 endfacet

 facet normal 0 0 1
  outer loop
  vertex -0.0446908846 -0.0207465179 -0.00500602834
  vertex -0.0713374764 -0.0231235176 -0.00500602834
  vertex -0.071293667 -0.0231275875 -0.00500602834
  endloop
 endfacet

 facet normal 0 0 1
  outer loop
  vertex -0.0446908846 -0.0207465179 -0.00500602834
  vertex -0.071293667 -0.0231275875 -0.00500602834
  vertex -0.049553141 -0.023666298 -0.00500602834
  endloop
 endfacet

 facet normal 0 0 1
  outer loop
  vertex -0.0446908846 -0.0207465179 -0.00500602834
  vertex -0.049553141 -0.023666298 -0.00500602834
  vertex -0.0440283455 -0.023666298 -0.00500602834
  endloop
 endfacet

 facet normal 0 -0.99999994 0.000292141543
  outer loop
  vertex -0.0440283455 -0.023666298 -0.00500602834
  vertex -0.049553141 -0.023666298 -0.00500602834
  vertex -0.0590750612 -0.023667112 -0.00779170822
  endloop
 endfacet

 facet normal 5.40857545e-05 -1 0
  outer loop
  vertex -0.0440283455 -0.023666298 -0.00500602834
  vertex -0.0590750612 -0.023667112 -0.00779170822
  vertex -0.0590750612 -0.023667112 -0.00985600054
  endloop
 endfacet

 facet normal 0.000311177428 -0.999999642 -0.000797609682
  outer loop
  vertex -0.0440283455 -0.023666298 -0.00500602834
  vertex -0.0590750612 -0.023667112 -0.00985600054
  vertex -0.0474724434 -0.023666298 -0.0063497005
  endloop
 endfacet

 facet normal 0.362238705 0.0817910135 -0.928489864
  outer loop
  vertex -0.0440283455 -0.023666298 -0.00500602834
  vertex -0.0474724434 -0.023666298 -0.0063497005
  vertex -0.0530848466 -0.01742962 -0.00798991788
  endloop
 endfacet

 facet normal 0.362334967 0.0819557756 -0.92843771
  outer loop
  vertex -0.0440283455 -0.023666298 -0.00500602834
  vertex -0.0530848466 -0.01742962 -0.00798991788
  vertex -0.0448825285 -0.0198985767 -0.00500679668
  endloop
 endfacet

 facet normal 0.362361193 0.0820671245 -0.928417683
  outer loop
  vertex -0.0448825285 -0.0198985767 -0.00500679668
  vertex -0.0530848466 -0.01742962 -0.00798991788
  vertex -0.0496599115 -0.0162040945 -0.00654483633
  endloop
 endfacet

 facet normal 0.351136684 0.123164997 -0.928188264
  outer loop
  vertex -0.0496599115 -0.0162040945 -0.00654483633
  vertex -0.0511163995 -0.0165792387 -0.00714560924
  vertex -0.0502731688 -0.0163489431 -0.00679605454
  endloop
 endfacet

 facet normal 0.11489217 0.713068902 -0.691615939
  outer loop
  vertex -0.0496599115 -0.0162040945 -0.00654483633
  vertex -0.0502731688 -0.0163489431 -0.00679605454
  vertex -0.0499692783 -0.0162757039 -0.00667006103
  endloop
 endfacet

 facet normal -0.210549325 0.976827025 -0.0384440199
  outer loop
  vertex -0.0496599115 -0.0162040945 -0.00654483633
  vertex -0.0499692783 -0.0162757039 -0.00667006103
  vertex -0.0581086315 -0.018113181 -0.00878121704
  endloop
 endfacet

 facet normal 0.361763716 0.0838262886 -0.9284935
  outer loop
  vertex -0.0496599115 -0.0162040945 -0.00654483633
  vertex -0.0530848466 -0.01742962 -0.00798991788
  vertex -0.0529205799 -0.0172790755 -0.00791232381
  endloop
 endfacet

 facet normal 0.361114949 0.0858770236 -0.928558707
  outer loop
  vertex -0.0496599115 -0.0162040945 -0.00654483633
  vertex -0.0529205799 -0.0172790755 -0.00791232381
  vertex -0.0525181293 -0.0170691237 -0.00773639465
  endloop
 endfacet

 facet normal 0.361098915 0.0859314948 -0.92855978
  outer loop
  vertex -0.0496599115 -0.0162040945 -0.00654483633
  vertex -0.0525181293 -0.0170691237 -0.00773639465
  vertex -0.0516475253 -0.016742805 -0.00736763421
  endloop
 endfacet

 facet normal 0.356713295 0.102186859 -0.928608477
  outer loop
  vertex -0.0496599115 -0.0162040945 -0.00654483633
  vertex -0.0516475253 -0.016742805 -0.00736763421
  vertex -0.0511163995 -0.0165792387 -0.00714560924
  endloop
 endfacet

 facet normal -0.207705542 0.97693795 -0.0495044552
  outer loop
  vertex -0.0581086315 -0.018113181 -0.00878121704
  vertex -0.0499692783 -0.0162757039 -0.00667006103
  vertex -0.0716002956 -0.0211647917 -0.0123958411
  endloop
 endfacet

 facet normal -0.213470578 0.976557672 -0.0276653375
  outer loop
  vertex -0.0581086315 -0.018113181 -0.00878121704
  vertex -0.0716002956 -0.0211647917 -0.0123958411
  vertex -0.0716057718 -0.0211647917 -0.012353587
  endloop
 endfacet

 facet normal -0.216692269 0.975835979 -0.0280828606
  outer loop
  vertex -0.0716057718 -0.0211647917 -0.012353587
  vertex -0.0716002956 -0.0211647917 -0.0123958411
  vertex -0.0716304109 -0.0211713016 -0.0123896943
  endloop
 endfacet

 facet normal -0.248035431 0.968735814 -0.00541413296
  outer loop
  vertex -0.0716057718 -0.0211647917 -0.012353587
  vertex -0.0716304109 -0.0211713016 -0.0123896943
  vertex -0.0716468394 -0.0211753696 -0.0123651111
  endloop
 endfacet

 facet normal -0.249456719 0.968386054 -2.81100965e-05
  outer loop
  vertex -0.0716057718 -0.0211647917 -0.012353587
  vertex -0.0716468394 -0.0211753696 -0.0123651111
  vertex -0.0716222003 -0.0211688597 -0.0067630196
  endloop
 endfacet

 facet normal -0.240452945 0.970660806 0
  outer loop
  vertex -0.0716057718 -0.0211647917 -0.012353587
  vertex -0.0716222003 -0.0211688597 -0.0067630196
  vertex -0.0716057718 -0.0211647917 -0.00500602834
  endloop
 endfacet

 facet normal -0.267328799 0.963605344 0.000267600117
  outer loop
  vertex -0.0716057718 -0.0211647917 -0.00500602834
  vertex -0.0716222003 -0.0211688597 -0.0067630196
  vertex -0.0716468394 -0.0211761836 -0.00500602834
  endloop
 endfacet

 facet normal -0.0246393811 -0.994361222 0.103144929
  outer loop
  vertex -0.049553141 -0.023666298 -0.00500602834
  vertex -0.071293667 -0.0231275875 -0.00500602834
  vertex -0.071206063 -0.023667112 -0.010186349
  endloop
 endfacet

 facet normal -0.0001772994 -0.999999523 0.000898180297
  outer loop
  vertex -0.049553141 -0.023666298 -0.00500602834
  vertex -0.071206063 -0.023667112 -0.010186349
  vertex -0.0590750612 -0.023667112 -0.00779170822
  endloop
 endfacet

 facet normal 0 -1 0
  outer loop
  vertex -0.0590750612 -0.023667112 -0.00779170822
  vertex -0.071206063 -0.023667112 -0.010186349
  vertex -0.0712416545 -0.023667112 -0.0101978732
  endloop
 endfacet

 facet normal 0 -1 0
  outer loop
  vertex -0.0590750612 -0.023667112 -0.00779170822
  vertex -0.0712416545 -0.023667112 -0.0101978732
  vertex -0.0712772459 -0.023667112 -0.0102140065
  endloop
 endfacet

 facet normal 0 -1 0
  outer loop
  vertex -0.0590750612 -0.023667112 -0.00779170822
  vertex -0.0712772459 -0.023667112 -0.0102140065
  vertex -0.0713128373 -0.023667112 -0.0102347489
  endloop
 endfacet

 facet normal 0 -1 0
  outer loop
  vertex -0.0590750612 -0.023667112 -0.00779170822
  vertex -0.0713128373 -0.023667112 -0.0102347489
  vertex -0.0713456869 -0.023667112 -0.0102593331
  endloop
 endfacet

 facet normal 0 -1 0
  outer loop
  vertex -0.0590750612 -0.023667112 -0.00779170822
  vertex -0.0713456869 -0.023667112 -0.0102593331
  vertex -0.071378544 -0.023667112 -0.0102885263
  endloop
 endfacet

 facet normal 0 -1 0
  outer loop
  vertex -0.0590750612 -0.023667112 -0.00779170822
  vertex -0.071378544 -0.023667112 -0.0102885263
  vertex -0.0714059174 -0.023667112 -0.0103215612
  endloop
 endfacet

 facet normal 0 -1 0
  outer loop
  vertex -0.0590750612 -0.023667112 -0.00779170822
  vertex -0.0714059174 -0.023667112 -0.0103215612
  vertex -0.0714332983 -0.023667112 -0.0103569003
  endloop
 endfacet

 facet normal 0 -1 0
  outer loop
  vertex -0.0590750612 -0.023667112 -0.00779170822
  vertex -0.0714332983 -0.023667112 -0.0103569003
  vertex -0.0714579374 -0.023667112 -0.010398387
  endloop
 endfacet

 facet normal 0 -1 0
  outer loop
  vertex -0.0590750612 -0.023667112 -0.00779170822
  vertex -0.0714579374 -0.023667112 -0.010398387
  vertex -0.0714798346 -0.023667112 -0.010436031
  endloop
 endfacet

 facet normal 0 -1 0
  outer loop
  vertex -0.0590750612 -0.023667112 -0.00779170822
  vertex -0.0714798346 -0.023667112 -0.010436031
  vertex -0.071499005 -0.023667112 -0.0104775159
  endloop
 endfacet

 facet normal 0 -1 0
  outer loop
  vertex -0.0590750612 -0.023667112 -0.00779170822
  vertex -0.071499005 -0.023667112 -0.0104775159
  vertex -0.071515426 -0.023667112 -0.010522075
  endloop
 endfacet

 facet normal 0 -1 0
  outer loop
  vertex -0.0590750612 -0.023667112 -0.00779170822
  vertex -0.071515426 -0.023667112 -0.010522075
  vertex -0.071523644 -0.023667112 -0.0105474275
  endloop
 endfacet

 facet normal 0 -1 0
  outer loop
  vertex -0.0590750612 -0.023667112 -0.00779170822
  vertex -0.071523644 -0.023667112 -0.0105474275
  vertex -0.0715373307 -0.023667112 -0.0106027415
  endloop
 endfacet

 facet normal 0 -1 0
  outer loop
  vertex -0.0590750612 -0.023667112 -0.00779170822
  vertex -0.0715373307 -0.023667112 -0.0106027415
  vertex -0.0715400651 -0.023667112 -0.0106181065
  endloop
 endfacet

 facet normal 0 -1 0
  outer loop
  vertex -0.0590750612 -0.023667112 -0.00779170822
  vertex -0.0715400651 -0.023667112 -0.0106181065
  vertex -0.0715482831 -0.023667112 -0.0106672747
  endloop
 endfacet

 facet normal 0 -1 0
  outer loop
  vertex -0.0590750612 -0.023667112 -0.00779170822
  vertex -0.0715482831 -0.023667112 -0.0106672747
  vertex -0.0715510175 -0.023667112 -0.010716442
  endloop
 endfacet

 facet normal 0 -1 0
  outer loop
  vertex -0.0590750612 -0.023667112 -0.00779170822
  vertex -0.0715510175 -0.023667112 -0.010716442
  vertex -0.0715537593 -0.023667112 -0.0107663795
  endloop
 endfacet

 facet normal 0 -1 0
  outer loop
  vertex -0.0590750612 -0.023667112 -0.00779170822
  vertex -0.0715537593 -0.023667112 -0.0107663795
  vertex -0.0715537593 -0.023667112 -0.012353587
  endloop
 endfacet

 facet normal 0 -1 0
  outer loop
  vertex -0.0590750612 -0.023667112 -0.00779170822
  vertex -0.0715537593 -0.023667112 -0.012353587
  vertex -0.0715510175 -0.023667112 -0.0123973778
  endloop
 endfacet

 facet normal 0 -1 0
  outer loop
  vertex -0.0590750612 -0.023667112 -0.00779170822
  vertex -0.0715510175 -0.023667112 -0.0123973778
  vertex -0.0715455413 -0.023667112 -0.0124365585
  endloop
 endfacet

 facet normal 0 -1 0
  outer loop
  vertex -0.0590750612 -0.023667112 -0.00779170822
  vertex -0.0715455413 -0.023667112 -0.0124365585
  vertex -0.0715373307 -0.023667112 -0.0124788117
  endloop
 endfacet

 facet normal 0 -1 0
  outer loop
  vertex -0.0590750612 -0.023667112 -0.00779170822
  vertex -0.0715373307 -0.023667112 -0.0124788117
  vertex -0.0715291202 -0.023667112 -0.0125057008
  endloop
 endfacet

 facet normal 0 -1 0
  outer loop
  vertex -0.0590750612 -0.023667112 -0.00779170822
  vertex -0.0715291202 -0.023667112 -0.0125057008
  vertex -0.071523644 -0.023667112 -0.0125233708
  endloop
 endfacet

 facet normal 0 -1 0
  outer loop
  vertex -0.0590750612 -0.023667112 -0.00779170822
  vertex -0.071523644 -0.023667112 -0.0125233708
  vertex -0.0715044737 -0.023667112 -0.0125633189
  endloop
 endfacet

 facet normal 0 -1 0
  outer loop
  vertex -0.0590750612 -0.023667112 -0.00779170822
  vertex -0.0715044737 -0.023667112 -0.0125633189
  vertex -0.0714853108 -0.023667112 -0.0126025006
  endloop
 endfacet

 facet normal 0 -1 0
  outer loop
  vertex -0.0590750612 -0.023667112 -0.00779170822
  vertex -0.0714853108 -0.023667112 -0.0126025006
  vertex -0.0714716241 -0.023667112 -0.012623243
  endloop
 endfacet

 facet normal 0 -1 0
  outer loop
  vertex -0.0590750612 -0.023667112 -0.00779170822
  vertex -0.0714716241 -0.023667112 -0.012623243
  vertex -0.0714606717 -0.023667112 -0.012638608
  endloop
 endfacet

 facet normal 0 -1 0
  outer loop
  vertex -0.0590750612 -0.023667112 -0.00779170822
  vertex -0.0714606717 -0.023667112 -0.012638608
  vertex -0.0714332983 -0.023667112 -0.012673948
  endloop
 endfacet

 facet normal 0 -1 0
  outer loop
  vertex -0.0590750612 -0.023667112 -0.00779170822
  vertex -0.0714332983 -0.023667112 -0.012673948
  vertex -0.0714059174 -0.023667112 -0.0127062146
  endloop
 endfacet

 facet normal 0 -1 0
  outer loop
  vertex -0.0590750612 -0.023667112 -0.00779170822
  vertex -0.0714059174 -0.023667112 -0.0127062146
  vertex -0.0713730678 -0.023667112 -0.0127354078
  endloop
 endfacet

 facet normal 0 -1 0
  outer loop
  vertex -0.0590750612 -0.023667112 -0.00779170822
  vertex -0.0713730678 -0.023667112 -0.0127354078
  vertex -0.0713374764 -0.023667112 -0.0127622969
  endloop
 endfacet

 facet normal 0 -1 0
  outer loop
  vertex -0.0590750612 -0.023667112 -0.00779170822
  vertex -0.0713374764 -0.023667112 -0.0127622969
  vertex -0.0712991431 -0.023667112 -0.012784576
  endloop
 endfacet

 facet normal 0 -1 0
  outer loop
  vertex -0.0590750612 -0.023667112 -0.00779170822
  vertex -0.0712991431 -0.023667112 -0.012784576
  vertex -0.071258083 -0.023667112 -0.0128060868
  endloop
 endfacet

 facet normal 0 -1 0
  outer loop
  vertex -0.0590750612 -0.023667112 -0.00779170822
  vertex -0.071258083 -0.023667112 -0.0128060868
  vertex -0.0712224916 -0.023667112 -0.0128214518
  endloop
 endfacet

 facet normal 0 -1 0
  outer loop
  vertex -0.0590750612 -0.023667112 -0.00779170822
  vertex -0.0712224916 -0.023667112 -0.0128214518
  vertex -0.071181424 -0.023667112 -0.01283528
  endloop
 endfacet

 facet normal 0 -1 0
  outer loop
  vertex -0.0590750612 -0.023667112 -0.00779170822
  vertex -0.071181424 -0.023667112 -0.01283528
  vertex -0.0711321458 -0.023667112 -0.0128460368
  endloop
 endfacet

 facet normal 0 -1 0
  outer loop
  vertex -0.0590750612 -0.023667112 -0.00779170822
  vertex -0.0711321458 -0.023667112 -0.0128460368
  vertex -0.0710883364 -0.023667112 -0.0128514143
  endloop
 endfacet

 facet normal 0 -1 0
  outer loop
  vertex -0.0590750612 -0.023667112 -0.00779170822
  vertex -0.0710883364 -0.023667112 -0.0128514143
  vertex -0.0710445344 -0.023667112 -0.0128544867
  endloop
 endfacet

 facet normal 0 -1 0
  outer loop
  vertex -0.0590750612 -0.023667112 -0.00779170822
  vertex -0.0710445344 -0.023667112 -0.0128544867
  vertex -0.0710007325 -0.023667112 -0.0128521835
  endloop
 endfacet

 facet normal 0 -1 0
  outer loop
  vertex -0.0590750612 -0.023667112 -0.00779170822
  vertex -0.0710007325 -0.023667112 -0.0128521835
  vertex -0.0709596649 -0.023667112 -0.0128468042
  endloop
 endfacet

 facet normal 0 -1 0
  outer loop
  vertex -0.0590750612 -0.023667112 -0.00779170822
  vertex -0.0709596649 -0.023667112 -0.0128468042
  vertex -0.070932284 -0.023667112 -0.0128421951
  endloop
 endfacet

 facet normal 0 -1 0
  outer loop
  vertex -0.0590750612 -0.023667112 -0.00779170822
  vertex -0.070932284 -0.023667112 -0.0128421951
  vertex -0.0709131211 -0.023667112 -0.0128383534
  endloop
 endfacet

 facet normal 0 -1 0
  outer loop
  vertex -0.0590750612 -0.023667112 -0.00779170822
  vertex -0.0709131211 -0.023667112 -0.0128383534
  vertex -0.0590750612 -0.023667112 -0.00985600054
  endloop
 endfacet

 facet normal 0.113648288 -0.885201693 -0.451112121
  outer loop
  vertex -0.0590750612 -0.023667112 -0.00985600054
  vertex -0.0709131211 -0.023667112 -0.0128383534
  vertex -0.0549793728 -0.023666298 -0.00882577524
  endloop
 endfacet

 facet normal 0.0970004424 -0.917845905 -0.384902418
  outer loop
  vertex -0.0590750612 -0.023667112 -0.00985600054
  vertex -0.0549793728 -0.023666298 -0.00882577524
  vertex -0.0517022796 -0.023666298 -0.00799990445
  endloop
 endfacet

 facet normal 0.000311185693 -0.999999642 -0.000797637098
  outer loop
  vertex -0.0590750612 -0.023667112 -0.00985600054
  vertex -0.0517022796 -0.023666298 -0.00799990445
  vertex -0.0474724434 -0.023666298 -0.0063497005
  endloop
 endfacet

 facet normal 0.362236351 0.081788592 -0.928490996
  outer loop
  vertex -0.0474724434 -0.023666298 -0.0063497005
  vertex -0.0517022796 -0.023666298 -0.00799990445
  vertex -0.0530848466 -0.01742962 -0.00798991788
  endloop
 endfacet

 facet normal 0.269040555 0.183340847 -0.9455176
  outer loop
  vertex -0.0530848466 -0.01742962 -0.00798991788
  vertex -0.0530711599 -0.0174100902 -0.0079822354
  vertex -0.0530054532 -0.0173401069 -0.0079499688
  endloop
 endfacet

 facet normal 0.317680359 0.136958122 -0.938254595
  outer loop
  vertex -0.0530848466 -0.01742962 -0.00798991788
  vertex -0.0530054532 -0.0173401069 -0.0079499688
  vertex -0.0529205799 -0.0172790755 -0.00791232381
  endloop
 endfacet

 facet normal 0.348435521 0.0787380487 -0.934019804
  outer loop
  vertex -0.0530848466 -0.01742962 -0.00798991788
  vertex -0.0517022796 -0.023666298 -0.00799990445
  vertex -0.0523620807 -0.0207465179 -0.00799990445
  endloop
 endfacet

 facet normal 0.34245643 0.0774421468 -0.936336637
  outer loop
  vertex -0.0530848466 -0.01742962 -0.00798991788
  vertex -0.0523620807 -0.0207465179 -0.00799990445
  vertex -0.053098537 -0.0174898393 -0.00799990445
  endloop
 endfacet

 facet normal 0.315681159 0.0849741101 -0.945052803
  outer loop
  vertex -0.0530848466 -0.01742962 -0.00798991788
  vertex -0.053098537 -0.0174898393 -0.00799990445
  vertex -0.053098537 -0.0174727496 -0.00799836777
  endloop
 endfacet

 facet normal 0.229469985 0.116503045 -0.966318071
  outer loop
  vertex -0.0530848466 -0.01742962 -0.00798991788
  vertex -0.053098537 -0.0174727496 -0.00799836777
  vertex -0.0713840127 -0.0215822514 -0.0128360484
  endloop
 endfacet

 facet normal 0.209895238 0.19350335 -0.958384395
  outer loop
  vertex -0.0530848466 -0.01742962 -0.00798991788
  vertex -0.0713840127 -0.0215822514 -0.0128360484
  vertex -0.0713949651 -0.0215399358 -0.0128299035
  endloop
 endfacet

 facet normal 0.198766917 0.234935686 -0.951470971
  outer loop
  vertex -0.0530848466 -0.01742962 -0.00798991788
  vertex -0.0713949651 -0.0215399358 -0.0128299035
  vertex -0.0530711599 -0.0174100902 -0.0079822354
  endloop
 endfacet

 facet normal 0.322525591 0.217332944 -0.921272874
  outer loop
  vertex -0.0511163995 -0.0165792387 -0.00714560924
  vertex -0.0508481003 -0.0165019315 -0.00703344401
  vertex -0.0505770594 -0.0164286923 -0.00692127971
  endloop
 endfacet

 facet normal 0.323910177 0.213116348 -0.921772003
  outer loop
  vertex -0.0511163995 -0.0165792387 -0.00714560924
  vertex -0.0505770594 -0.0164286923 -0.00692127971
  vertex -0.0502731688 -0.0163489431 -0.00679605454
  endloop
 endfacet

 facet normal 0.33329004 0.175241753 -0.926395178
  outer loop
  vertex -0.0511163995 -0.0165792387 -0.00714560924
  vertex -0.0516475253 -0.016742805 -0.00736763421
  vertex -0.0513819605 -0.0166589878 -0.00725623732
  endloop
 endfacet

 facet normal -0.0862912163 0.894855261 -0.437935919
  outer loop
  vertex -0.0511163995 -0.0165792387 -0.00714560924
  vertex -0.0513819605 -0.0166589878 -0.00725623732
  vertex -0.0581086315 -0.0181799103 -0.00903858151
  endloop
 endfacet

 facet normal -0.0866840929 0.89533031 -0.436886311
  outer loop
  vertex -0.0511163995 -0.0165792387 -0.00714560924
  vertex -0.0581086315 -0.0181799103 -0.00903858151
  vertex -0.0715455413 -0.0211981554 -0.0125579424
  endloop
 endfacet

 facet normal -0.109395139 0.921246529 -0.373279303
  outer loop
  vertex -0.0511163995 -0.0165792387 -0.00714560924
  vertex -0.0715455413 -0.0211981554 -0.0125579424
  vertex -0.0508481003 -0.0165019315 -0.00703344401
  endloop
 endfacet

 facet normal -0.15390487 0.95915693 -0.237341866
  outer loop
  vertex -0.0502731688 -0.0163489431 -0.00679605454
  vertex -0.0505770594 -0.0164286923 -0.00692127971
  vertex -0.0581086315 -0.0181310829 -0.00891719759
  endloop
 endfacet

 facet normal -0.158522502 0.961931825 -0.222615764
  outer loop
  vertex -0.0502731688 -0.0163489431 -0.00679605454
  vertex -0.0581086315 -0.0181310829 -0.00891719759
  vertex -0.0715701804 -0.0211737435 -0.0124788117
  endloop
 endfacet

 facet normal -0.1621508 0.963993669 -0.2107687
  outer loop
  vertex -0.0502731688 -0.0163489431 -0.00679605454
  vertex -0.0715701804 -0.0211737435 -0.0124788117
  vertex -0.0715920851 -0.0211688597 -0.0124396309
  endloop
 endfacet

 facet normal -0.18702206 0.974291801 -0.125611454
  outer loop
  vertex -0.0502731688 -0.0163489431 -0.00679605454
  vertex -0.0715920851 -0.0211688597 -0.0124396309
  vertex -0.0716002956 -0.0211647917 -0.0123958411
  endloop
 endfacet

 facet normal -0.194770873 0.975985229 -0.0975559056
  outer loop
  vertex -0.0502731688 -0.0163489431 -0.00679605454
  vertex -0.0716002956 -0.0211647917 -0.0123958411
  vertex -0.0499692783 -0.0162757039 -0.00667006103
  endloop
 endfacet

 facet normal 0.335685521 0.137419164 -0.931896627
  outer loop
  vertex -0.0529205799 -0.0172790755 -0.00791232381
  vertex -0.0528110713 -0.0172131602 -0.0078631565
  vertex -0.0525181293 -0.0170691237 -0.00773639465
  endloop
 endfacet

 facet normal 0.169348165 0.335988611 -0.926516533
  outer loop
  vertex -0.0529205799 -0.0172790755 -0.00791232381
  vertex -0.0530054532 -0.0173401069 -0.0079499688
  vertex -0.0714059174 -0.0214992482 -0.0128214518
  endloop
 endfacet

 facet normal 0.167343348 0.342442691 -0.924515665
  outer loop
  vertex -0.0529205799 -0.0172790755 -0.00791232381
  vertex -0.0714059174 -0.0214992482 -0.0128214518
  vertex -0.0714196041 -0.0214593746 -0.0128091602
  endloop
 endfacet

 facet normal 0.145262673 0.411276013 -0.899861515
  outer loop
  vertex -0.0529205799 -0.0172790755 -0.00791232381
  vertex -0.0714196041 -0.0214593746 -0.0128091602
  vertex -0.0581086315 -0.0184386857 -0.00927981269
  endloop
 endfacet

 facet normal 0.137054995 0.435821295 -0.889536858
  outer loop
  vertex -0.0529205799 -0.0172790755 -0.00791232381
  vertex -0.0581086315 -0.0184386857 -0.00927981269
  vertex -0.0528110713 -0.0172131602 -0.0078631565
  endloop
 endfacet

 facet normal 0.32325682 0.184144661 -0.928221881
  outer loop
  vertex -0.0525181293 -0.0170691237 -0.00773639465
  vertex -0.0523210131 -0.0169853047 -0.00765111903
  vertex -0.0519130863 -0.0168339461 -0.00747903017
  endloop
 endfacet

 facet normal 0.348583132 0.120399915 -0.92951262
  outer loop
  vertex -0.0525181293 -0.0170691237 -0.00773639465
  vertex -0.0519130863 -0.0168339461 -0.00747903017
  vertex -0.0516475253 -0.016742805 -0.00736763421
  endloop
 endfacet

 facet normal 0.290148556 0.227882311 -0.929453313
  outer loop
  vertex -0.0525181293 -0.0170691237 -0.00773639465
  vertex -0.0528110713 -0.0172131602 -0.0078631565
  vertex -0.0526687056 -0.0171374809 -0.00780015951
  endloop
 endfacet

 facet normal 0.087766476 0.569236219 -0.817476094
  outer loop
  vertex -0.0525181293 -0.0170691237 -0.00773639465
  vertex -0.0526687056 -0.0171374809 -0.00780015951
  vertex -0.0581086315 -0.0183320828 -0.00921604782
  endloop
 endfacet

 facet normal 0.0591827556 0.637754083 -0.767963052
  outer loop
  vertex -0.0525181293 -0.0170691237 -0.00773639465
  vertex -0.0581086315 -0.0183320828 -0.00921604782
  vertex -0.0714716241 -0.0213169642 -0.0127246529
  endloop
 endfacet

 facet normal 0.0567777157 0.64327544 -0.763526618
  outer loop
  vertex -0.0525181293 -0.0170691237 -0.00773639465
  vertex -0.0714716241 -0.0213169642 -0.0127246529
  vertex -0.0523210131 -0.0169853047 -0.00765111903
  endloop
 endfacet

 facet normal -0.0626840368 0.863563478 -0.5003286
  outer loop
  vertex -0.0516475253 -0.016742805 -0.00736763421
  vertex -0.0581086315 -0.0181799103 -0.00903858151
  vertex -0.0513819605 -0.0166589878 -0.00725623732
  endloop
 endfacet

 facet normal -0.0203010514 0.796977043 -0.603668451
  outer loop
  vertex -0.0516475253 -0.016742805 -0.00736763421
  vertex -0.0519130863 -0.0168339461 -0.00747903017
  vertex -0.0715017393 -0.0212608147 -0.0126647288
  endloop
 endfacet

 facet normal -0.0218889602 0.799682379 -0.600024164
  outer loop
  vertex -0.0516475253 -0.016742805 -0.00736763421
  vertex -0.0715017393 -0.0212608147 -0.0126647288
  vertex -0.071515426 -0.0212364029 -0.0126316939
  endloop
 endfacet

 facet normal -0.056099236 0.853986621 -0.517261982
  outer loop
  vertex -0.0516475253 -0.016742805 -0.00736763421
  vertex -0.071515426 -0.0212364029 -0.0126316939
  vertex -0.0715510175 -0.0212201271 -0.0126009639
  endloop
 endfacet

 facet normal -0.0612206087 0.861438036 -0.504159331
  outer loop
  vertex -0.0516475253 -0.016742805 -0.00736763421
  vertex -0.0715510175 -0.0212201271 -0.0126009639
  vertex -0.0581086315 -0.0181799103 -0.00903858151
  endloop
 endfacet

 facet normal -0.225728244 0.965202451 -0.132026732
  outer loop
  vertex -0.0716002956 -0.0211647917 -0.0123958411
  vertex -0.0715920851 -0.0211688597 -0.0124396309
  vertex -0.0716413632 -0.0211794395 -0.0124327168
  endloop
 endfacet

 facet normal -0.233613297 0.964521646 -0.122975081
  outer loop
  vertex -0.0716002956 -0.0211647917 -0.0123958411
  vertex -0.0716413632 -0.0211794395 -0.0124327168
  vertex -0.0716304109 -0.0211713016 -0.0123896943
  endloop
 endfacet

 facet normal -0.311299026 0.945086181 -0.0995244011
  outer loop
  vertex -0.0716304109 -0.0211713016 -0.0123896943
  vertex -0.0716413632 -0.0211794395 -0.0124327168
  vertex -0.0716687441 -0.0211859494 -0.012408901
  endloop
 endfacet

 facet normal -0.32836023 0.942419469 -0.0634429827
  outer loop
  vertex -0.0716304109 -0.0211713016 -0.0123896943
  vertex -0.0716687441 -0.0211859494 -0.012408901
  vertex -0.0716468394 -0.0211753696 -0.0123651111
  endloop
 endfacet

 facet normal -0.277941525 0.960598111 0.000106228887
  outer loop
  vertex -0.0716468394 -0.0211753696 -0.0123651111
  vertex -0.0716468394 -0.0211761836 -0.00500602834
  vertex -0.0716222003 -0.0211688597 -0.0067630196
  endloop
 endfacet

 facet normal -0.341775626 0.938129783 -0.0556968823
  outer loop
  vertex -0.0716468394 -0.0211753696 -0.0123651111
  vertex -0.0716687441 -0.0211859494 -0.012408901
  vertex -0.0716851726 -0.0211900175 -0.0123766344
  endloop
 endfacet

 facet normal -0.353428066 0.935365379 -0.0134264547
  outer loop
  vertex -0.0716468394 -0.0211753696 -0.0123651111
  vertex -0.0716851726 -0.0211900175 -0.0123766344
  vertex -0.071687907 -0.0211908314 -0.0123612694
  endloop
 endfacet

 facet normal -0.35236448 0.935862899 -5.43992719e-05
  outer loop
  vertex -0.0716468394 -0.0211753696 -0.0123651111
  vertex -0.071687907 -0.0211908314 -0.0123612694
  vertex -0.0716714785 -0.0211843215 -0.0067630196
  endloop
 endfacet

 facet normal -0.327005088 0.945022583 7.17739749e-05
  outer loop
  vertex -0.0716468394 -0.0211753696 -0.0123651111
  vertex -0.0716714785 -0.0211843215 -0.0067630196
  vertex -0.0716687441 -0.0211835075 -0.00500602834
  endloop
 endfacet

 facet normal -0.317130327 0.94838202 0.000104877952
  outer loop
  vertex -0.0716468394 -0.0211753696 -0.0123651111
  vertex -0.0716687441 -0.0211835075 -0.00500602834
  vertex -0.0716468394 -0.0211761836 -0.00500602834
  endloop
 endfacet

 facet normal -0.0920003951 -0.990455151 0.102637634
  outer loop
  vertex -0.071293667 -0.0231275875 -0.00500602834
  vertex -0.0713374764 -0.0231235176 -0.00500602834
  vertex -0.071378544 -0.023667112 -0.0102885263
  endloop
 endfacet

 facet normal -0.0912002549 -0.990529716 0.102632396
  outer loop
  vertex -0.071293667 -0.0231275875 -0.00500602834
  vertex -0.071378544 -0.023667112 -0.0102885263
  vertex -0.0713456869 -0.023667112 -0.0102593331
  endloop
 endfacet

 facet normal -0.0767864585 -0.991752982 0.102615297
  outer loop
  vertex -0.071293667 -0.0231275875 -0.00500602834
  vertex -0.0713456869 -0.023667112 -0.0102593331
  vertex -0.0713128373 -0.023667112 -0.0102347489
  endloop
 endfacet

 facet normal -0.0598407909 -0.992913604 0.102672957
  outer loop
  vertex -0.071293667 -0.0231275875 -0.00500602834
  vertex -0.0713128373 -0.023667112 -0.0102347489
  vertex -0.0712772459 -0.023667112 -0.0102140065
  endloop
 endfacet

 facet normal -0.0465926453 -0.993611574 0.10278704
  outer loop
  vertex -0.071293667 -0.0231275875 -0.00500602834
  vertex -0.0712772459 -0.023667112 -0.0102140065
  vertex -0.0712416545 -0.023667112 -0.0101978732
  endloop
 endfacet

 facet normal -0.0333408415 -0.994125247 0.102973185
  outer loop
  vertex -0.071293667 -0.0231275875 -0.00500602834
  vertex -0.0712416545 -0.023667112 -0.0101978732
  vertex -0.071206063 -0.023667112 -0.010186349
  endloop
 endfacet

 facet normal 0.196347639 0.0442139134 -0.97953701
  outer loop
  vertex -0.0709131211 -0.023667112 -0.0128383534
  vertex -0.070932284 -0.023667112 -0.0128421951
  vertex -0.0713730678 -0.021624567 -0.0128383534
  endloop
 endfacet

 facet normal 0.243833497 0.05490686 -0.968261659
  outer loop
  vertex -0.0709131211 -0.023667112 -0.0128383534
  vertex -0.0713730678 -0.021624567 -0.0128383534
  vertex -0.0549793728 -0.023666298 -0.00882577524
  endloop
 endfacet

 facet normal 0.244001389 0.0550810955 -0.968209386
  outer loop
  vertex -0.0549793728 -0.023666298 -0.00882577524
  vertex -0.0542483926 -0.0207465179 -0.00847545359
  vertex -0.0517022796 -0.023666298 -0.00799990445
  endloop
 endfacet

 facet normal 0.243855864 0.0551216677 -0.968243778
  outer loop
  vertex -0.0549793728 -0.023666298 -0.00882577524
  vertex -0.0713730678 -0.021624567 -0.0128383534
  vertex -0.0542483926 -0.0207465179 -0.00847545359
  endloop
 endfacet

 facet normal 0.244083822 0.0551570728 -0.968184233
  outer loop
  vertex -0.0517022796 -0.023666298 -0.00799990445
  vertex -0.0542483926 -0.0207465179 -0.00847545359
  vertex -0.0523620807 -0.0207465179 -0.00799990445
  endloop
 endfacet

 facet normal 0.254405439 0.197622404 -0.946690738
  outer loop
  vertex -0.0530711599 -0.0174100902 -0.0079822354
  vertex -0.0530519933 -0.0173832364 -0.00797147956
  vertex -0.0530054532 -0.0173401069 -0.0079499688
  endloop
 endfacet

 facet normal 0.197414011 0.239833951 -0.950530052
  outer loop
  vertex -0.0530711599 -0.0174100902 -0.0079822354
  vertex -0.0713949651 -0.0215399358 -0.0128299035
  vertex -0.0530519933 -0.0173832364 -0.00797147956
  endloop
 endfacet

 facet normal 0.189994872 0.266277969 -0.944985747
  outer loop
  vertex -0.0530054532 -0.0173401069 -0.0079499688
  vertex -0.0530519933 -0.0173832364 -0.00797147956
  vertex -0.0714059174 -0.0214992482 -0.0128214518
  endloop
 endfacet

 facet normal 0.24408333 0.0551963262 -0.968182206
  outer loop
  vertex -0.0523620807 -0.0207465179 -0.00799990445
  vertex -0.0542483926 -0.0207465179 -0.00847545359
  vertex -0.053098537 -0.0174898393 -0.00799990445
  endloop
 endfacet

 facet normal 0.243845567 0.0552882664 -0.968236864
  outer loop
  vertex -0.053098537 -0.0174898393 -0.00799990445
  vertex -0.0542483926 -0.0207465179 -0.00847545359
  vertex -0.0713730678 -0.021624567 -0.0128383534
  endloop
 endfacet

 facet normal 0.236530989 0.0870122313 -0.967720091
  outer loop
  vertex -0.053098537 -0.0174898393 -0.00799990445
  vertex -0.0713730678 -0.021624567 -0.0128383534
  vertex -0.053098537 -0.0174727496 -0.00799836777
  endloop
 endfacet

 facet normal 0.233670533 0.0990620852 -0.967256308
  outer loop
  vertex -0.053098537 -0.0174727496 -0.00799836777
  vertex -0.0713730678 -0.021624567 -0.0128383534
  vertex -0.0581086315 -0.0186095759 -0.00932513922
  endloop
 endfacet

 facet normal 0.230066285 0.114029959 -0.966471195
  outer loop
  vertex -0.053098537 -0.0174727496 -0.00799836777
  vertex -0.0581086315 -0.0186095759 -0.00932513922
  vertex -0.0713840127 -0.0215822514 -0.0128360484
  endloop
 endfacet

 facet normal 0.230482206 0.112295464 -0.966575265
  outer loop
  vertex -0.0713840127 -0.0215822514 -0.0128360484
  vertex -0.0581086315 -0.0186095759 -0.00932513922
  vertex -0.0713730678 -0.021624567 -0.0128383534
  endloop
 endfacet

 facet normal 0.179649949 0.0997984707 -0.978655398
  outer loop
  vertex -0.0713840127 -0.0215822514 -0.0128360484
  vertex -0.0713730678 -0.021624567 -0.0128383534
  vertex -0.0714250803 -0.0215912033 -0.0128445001
  endloop
 endfacet

 facet normal 0.163193285 0.169020742 -0.972008228
  outer loop
  vertex -0.0713840127 -0.0215822514 -0.0128360484
  vertex -0.0714250803 -0.0215912033 -0.0128445001
  vertex -0.0714360327 -0.0215497017 -0.0128391217
  endloop
 endfacet

 facet normal 0.173088476 0.185276121 -0.967322707
  outer loop
  vertex -0.0713840127 -0.0215822514 -0.0128360484
  vertex -0.0714360327 -0.0215497017 -0.0128391217
  vertex -0.0713949651 -0.0215399358 -0.0128299035
  endloop
 endfacet

 facet normal 0.194726512 0.24944739 -0.948608279
  outer loop
  vertex -0.0713949651 -0.0215399358 -0.0128299035
  vertex -0.0714059174 -0.0214992482 -0.0128214518
  vertex -0.0530519933 -0.0173832364 -0.00797147956
  endloop
 endfacet

 facet normal 0.157574862 0.241309553 -0.957569778
  outer loop
  vertex -0.0713949651 -0.0215399358 -0.0128299035
  vertex -0.0714360327 -0.0215497017 -0.0128391217
  vertex -0.0714059174 -0.0214992482 -0.0128214518
  endloop
 endfacet

 facet normal -0.139882699 0.94922632 -0.281784207
  outer loop
  vertex -0.0508481003 -0.0165019315 -0.00703344401
  vertex -0.0581086315 -0.0181310829 -0.00891719759
  vertex -0.0505770594 -0.0164286923 -0.00692127971
  endloop
 endfacet

 facet normal -0.11262273 0.924562454 -0.364006013
  outer loop
  vertex -0.0508481003 -0.0165019315 -0.00703344401
  vertex -0.0715455413 -0.0211981554 -0.0125579424
  vertex -0.0715729222 -0.0211875774 -0.0125226025
  endloop
 endfacet

 facet normal -0.134807155 0.945075512 -0.29775694
  outer loop
  vertex -0.0508481003 -0.0165019315 -0.00703344401
  vertex -0.0715729222 -0.0211875774 -0.0125226025
  vertex -0.0581086315 -0.0181310829 -0.00891719759
  endloop
 endfacet

 facet normal -0.0838148594 0.891724944 -0.444749057
  outer loop
  vertex -0.0581086315 -0.0181799103 -0.00903858151
  vertex -0.0715510175 -0.0212201271 -0.0126009639
  vertex -0.0715455413 -0.0211981554 -0.0125579424
  endloop
 endfacet

 facet normal -0.0964912623 0.891343355 -0.442940682
  outer loop
  vertex -0.0715455413 -0.0211981554 -0.0125579424
  vertex -0.0715510175 -0.0212201271 -0.0126009639
  vertex -0.0715619698 -0.0212022252 -0.0125625515
  endloop
 endfacet

 facet normal -0.123742752 0.920221806 -0.37132141
  outer loop
  vertex -0.0715455413 -0.0211981554 -0.0125579424
  vertex -0.0715619698 -0.0212022252 -0.0125625515
  vertex -0.0715729222 -0.0211875774 -0.0125226025
  endloop
 endfacet

 facet normal -0.137155339 0.94696641 -0.290590703
  outer loop
  vertex -0.0581086315 -0.0181310829 -0.00891719759
  vertex -0.0715729222 -0.0211875774 -0.0125226025
  vertex -0.0715701804 -0.0211737435 -0.0124788117
  endloop
 endfacet

 facet normal -0.159920409 0.944102883 -0.288262397
  outer loop
  vertex -0.0715701804 -0.0211737435 -0.0124788117
  vertex -0.0715729222 -0.0211875774 -0.0125226025
  vertex -0.0715920851 -0.0211786255 -0.0124826534
  endloop
 endfacet

 facet normal -0.175806075 0.960005045 -0.217905015
  outer loop
  vertex -0.0715701804 -0.0211737435 -0.0124788117
  vertex -0.0715920851 -0.0211786255 -0.0124826534
  vertex -0.0715920851 -0.0211688597 -0.0124396309
  endloop
 endfacet

 facet normal -0.21242848 0.95293659 -0.216300592
  outer loop
  vertex -0.0715920851 -0.0211688597 -0.0124396309
  vertex -0.0715920851 -0.0211786255 -0.0124826534
  vertex -0.0716139898 -0.0211835075 -0.0124826534
  endloop
 endfacet

 facet normal -0.232856467 0.950634062 -0.205116987
  outer loop
  vertex -0.0715920851 -0.0211688597 -0.0124396309
  vertex -0.0716139898 -0.0211835075 -0.0124826534
  vertex -0.0716413632 -0.0211794395 -0.0124327168
  endloop
 endfacet

 facet normal 0.135574549 0.440065324 -0.887672305
  outer loop
  vertex -0.0528110713 -0.0172131602 -0.0078631565
  vertex -0.0581086315 -0.0184386857 -0.00927981269
  vertex -0.0714305565 -0.021421127 -0.0127930269
  endloop
 endfacet

 facet normal 0.124144576 0.472754806 -0.872405291
  outer loop
  vertex -0.0528110713 -0.0172131602 -0.0078631565
  vertex -0.0714305565 -0.021421127 -0.0127930269
  vertex -0.0581086315 -0.0183979981 -0.00925906934
  endloop
 endfacet

 facet normal 0.114643231 0.499252856 -0.858838499
  outer loop
  vertex -0.0528110713 -0.0172131602 -0.0078631565
  vertex -0.0581086315 -0.0183979981 -0.00925906934
  vertex -0.0526687056 -0.0171374809 -0.00780015951
  endloop
 endfacet

 facet normal 0.142514482 0.250315934 -0.9576177
  outer loop
  vertex -0.0714059174 -0.0214992482 -0.0128214518
  vertex -0.0714360327 -0.0215497017 -0.0128391217
  vertex -0.071446985 -0.0215082001 -0.0128299035
  endloop
 endfacet

 facet normal 0.120730951 0.330046684 -0.936212182
  outer loop
  vertex -0.0714059174 -0.0214992482 -0.0128214518
  vertex -0.071446985 -0.0215082001 -0.0128299035
  vertex -0.0714196041 -0.0214593746 -0.0128091602
  endloop
 endfacet

 facet normal 0.142647669 0.419076502 -0.896675289
  outer loop
  vertex -0.0714196041 -0.0214593746 -0.0128091602
  vertex -0.0714305565 -0.021421127 -0.0127930269
  vertex -0.0581086315 -0.0184386857 -0.00927981269
  endloop
 endfacet

 facet normal 0.117143504 0.331963956 -0.935990036
  outer loop
  vertex -0.0714196041 -0.0214593746 -0.0128091602
  vertex -0.071446985 -0.0215082001 -0.0128299035
  vertex -0.0714579374 -0.0214675106 -0.0128168436
  endloop
 endfacet

 facet normal 0.0948425233 0.409839392 -0.907213688
  outer loop
  vertex -0.0714196041 -0.0214593746 -0.0128091602
  vertex -0.0714579374 -0.0214675106 -0.0128168436
  vertex -0.0714688897 -0.0214292649 -0.0128007103
  endloop
 endfacet

 facet normal 0.0948389173 0.409834236 -0.907216311
  outer loop
  vertex -0.0714196041 -0.0214593746 -0.0128091602
  vertex -0.0714688897 -0.0214292649 -0.0128007103
  vertex -0.0714305565 -0.021421127 -0.0127930269
  endloop
 endfacet

 facet normal 0.0188449603 0.724431634 -0.68908906
  outer loop
  vertex -0.0523210131 -0.0169853047 -0.00765111903
  vertex -0.0581058934 -0.0182612855 -0.00915074535
  vertex -0.0521184206 -0.0169079993 -0.00756430672
  endloop
 endfacet

 facet normal 0.157111034 0.526521146 -0.835518777
  outer loop
  vertex -0.0523210131 -0.0169853047 -0.00765111903
  vertex -0.0521184206 -0.0169079993 -0.00756430672
  vertex -0.0519130863 -0.0168339461 -0.00747903017
  endloop
 endfacet

 facet normal 0.0249761455 0.711770713 -0.701967716
  outer loop
  vertex -0.0523210131 -0.0169853047 -0.00765111903
  vertex -0.0714716241 -0.0213169642 -0.0127246529
  vertex -0.0581058934 -0.0182612855 -0.00915074535
  endloop
 endfacet

 facet normal 0.00836714916 0.744960546 -0.667056024
  outer loop
  vertex -0.0519130863 -0.0168339461 -0.00747903017
  vertex -0.0521184206 -0.0169079993 -0.00756430672
  vertex -0.0581058934 -0.0182612855 -0.00915074535
  endloop
 endfacet

 facet normal 0.00154288358 0.757674336 -0.652630985
  outer loop
  vertex -0.0519130863 -0.0168339461 -0.00747903017
  vertex -0.0581058934 -0.0182612855 -0.00915074535
  vertex -0.0715017393 -0.0212608147 -0.0126647288
  endloop
 endfacet

 facet normal 0.108078435 0.516620457 -0.84936583
  outer loop
  vertex -0.0526687056 -0.0171374809 -0.00780015951
  vertex -0.0581086315 -0.0183979981 -0.00925906934
  vertex -0.0714305565 -0.021421127 -0.0127930269
  endloop
 endfacet

 facet normal 0.106807083 0.519982517 -0.847473025
  outer loop
  vertex -0.0526687056 -0.0171374809 -0.00780015951
  vertex -0.0714305565 -0.021421127 -0.0127930269
  vertex -0.0714442432 -0.0213845074 -0.0127722835
  endloop
 endfacet

 facet normal 0.0913844928 0.560013652 -0.823428035
  outer loop
  vertex -0.0526687056 -0.0171374809 -0.00780015951
  vertex -0.0714442432 -0.0213845074 -0.0127722835
  vertex -0.0714579374 -0.0213495158 -0.0127500044
  endloop
 endfacet

 facet normal 0.0887897015 0.566607893 -0.819189787
  outer loop
  vertex -0.0526687056 -0.0171374809 -0.00780015951
  vertex -0.0714579374 -0.0213495158 -0.0127500044
  vertex -0.0581086315 -0.0183320828 -0.00921604782
  endloop
 endfacet

 facet normal 0.0627159327 0.629540622 -0.774432242
  outer loop
  vertex -0.0581086315 -0.0183320828 -0.00921604782
  vertex -0.0714579374 -0.0213495158 -0.0127500044
  vertex -0.0714716241 -0.0213169642 -0.0127246529
  endloop
 endfacet

 facet normal 0.0124801584 0.617681205 -0.786329627
  outer loop
  vertex -0.0714716241 -0.0213169642 -0.0127246529
  vertex -0.0714579374 -0.0213495158 -0.0127500044
  vertex -0.0715044737 -0.0213251021 -0.0127315661
  endloop
 endfacet

 facet normal -0.0154043054 0.68278563 -0.730456471
  outer loop
  vertex -0.0714716241 -0.0213169642 -0.0127246529
  vertex -0.0715044737 -0.0213251021 -0.0127315661
  vertex -0.0715181679 -0.0212941803 -0.0127023729
  endloop
 endfacet

 facet normal 0.00891210325 0.708350062 -0.705805063
  outer loop
  vertex -0.0714716241 -0.0213169642 -0.0127246529
  vertex -0.0715181679 -0.0212941803 -0.0127023729
  vertex -0.0714880526 -0.0212876704 -0.0126954596
  endloop
 endfacet

 facet normal 0.0245917365 0.712546766 -0.701193631
  outer loop
  vertex -0.0714716241 -0.0213169642 -0.0127246529
  vertex -0.0714880526 -0.0212876704 -0.0126954596
  vertex -0.0581058934 -0.0182612855 -0.00915074535
  endloop
 endfacet

 facet normal -0.00813998841 0.751171112 -0.660057306
  outer loop
  vertex -0.0715017393 -0.0212608147 -0.0126647288
  vertex -0.0714880526 -0.0212876704 -0.0126954596
  vertex -0.0715291202 -0.0212665126 -0.0126708746
  endloop
 endfacet

 facet normal -0.0307982545 0.797708035 -0.602256894
  outer loop
  vertex -0.0715017393 -0.0212608147 -0.0126647288
  vertex -0.0715291202 -0.0212665126 -0.0126708746
  vertex -0.071515426 -0.0212364029 -0.0126316939
  endloop
 endfacet

 facet normal 0.00359032722 0.753782511 -0.657114148
  outer loop
  vertex -0.0715017393 -0.0212608147 -0.0126647288
  vertex -0.0581058934 -0.0182612855 -0.00915074535
  vertex -0.0714880526 -0.0212876704 -0.0126954596
  endloop
 endfacet

 facet normal -0.0948263109 0.805073023 -0.585547149
  outer loop
  vertex -0.071515426 -0.0212364029 -0.0126316939
  vertex -0.0715291202 -0.0212665126 -0.0126708746
  vertex -0.0715400651 -0.0212420989 -0.0126355356
  endloop
 endfacet

 facet normal -0.103751831 0.824217975 -0.556686997
  outer loop
  vertex -0.071515426 -0.0212364029 -0.0126316939
  vertex -0.0715400651 -0.0212420989 -0.0126355356
  vertex -0.0715510175 -0.0212201271 -0.0126009639
  endloop
 endfacet

 facet normal -0.124201231 0.820544899 -0.557924867
  outer loop
  vertex -0.0715510175 -0.0212201271 -0.0126009639
  vertex -0.0715647116 -0.0212477949 -0.012638608
  vertex -0.0715729222 -0.0212250091 -0.012603269
  endloop
 endfacet

 facet normal -0.148459613 0.87946409 -0.452219844
  outer loop
  vertex -0.0715510175 -0.0212201271 -0.0126009639
  vertex -0.0715729222 -0.0212250091 -0.012603269
  vertex -0.0715619698 -0.0212022252 -0.0125625515
  endloop
 endfacet

 facet normal -0.119889006 0.820260942 -0.55928421
  outer loop
  vertex -0.0715510175 -0.0212201271 -0.0126009639
  vertex -0.0715400651 -0.0212420989 -0.0126355356
  vertex -0.0715647116 -0.0212477949 -0.012638608
  endloop
 endfacet

 facet normal -0.255662024 0.942114592 -0.216926128
  outer loop
  vertex -0.0716413632 -0.0211794395 -0.0124327168
  vertex -0.0716139898 -0.0211835075 -0.0124826534
  vertex -0.071635887 -0.0211883895 -0.0124780433
  endloop
 endfacet

 facet normal -0.270215094 0.937832773 -0.217838436
  outer loop
  vertex -0.0716413632 -0.0211794395 -0.0124327168
  vertex -0.071635887 -0.0211883895 -0.0124780433
  vertex -0.0716468394 -0.0211908314 -0.01247497
  endloop
 endfacet

 facet normal -0.337773532 0.918861449 -0.203967959
  outer loop
  vertex -0.0716413632 -0.0211794395 -0.0124327168
  vertex -0.0716468394 -0.0211908314 -0.01247497
  vertex -0.0716824308 -0.0211989693 -0.0124526918
  endloop
 endfacet

 facet normal -0.357032627 0.919418275 -0.164917499
  outer loop
  vertex -0.0716413632 -0.0211794395 -0.0124327168
  vertex -0.0716824308 -0.0211989693 -0.0124526918
  vertex -0.0717070699 -0.0212038532 -0.012426571
  endloop
 endfacet

 facet normal -0.356877327 0.920586228 -0.158617958
  outer loop
  vertex -0.0716413632 -0.0211794395 -0.0124327168
  vertex -0.0717070699 -0.0212038532 -0.012426571
  vertex -0.0716687441 -0.0211859494 -0.012408901
  endloop
 endfacet

 facet normal -0.389840007 0.917082965 -0.0835691094
  outer loop
  vertex -0.0716687441 -0.0211859494 -0.012408901
  vertex -0.0717070699 -0.0212038532 -0.012426571
  vertex -0.0716769546 -0.0211883895 -0.0123973778
  endloop
 endfacet

 facet normal -0.386792064 0.91859597 -0.0810764357
  outer loop
  vertex -0.0716687441 -0.0211859494 -0.012408901
  vertex -0.0716769546 -0.0211883895 -0.0123973778
  vertex -0.0716851726 -0.0211900175 -0.0123766344
  endloop
 endfacet

 facet normal -0.390560299 0.91685462 -0.0827051476
  outer loop
  vertex -0.0716851726 -0.0211900175 -0.0123766344
  vertex -0.0716769546 -0.0211883895 -0.0123973778
  vertex -0.0717070699 -0.0212038532 -0.012426571
  endloop
 endfacet

 facet normal -0.400986373 0.912840545 -0.0770202801
  outer loop
  vertex -0.0716851726 -0.0211900175 -0.0123766344
  vertex -0.0717070699 -0.0212038532 -0.012426571
  vertex -0.0717180222 -0.0212071072 -0.0124081327
  endloop
 endfacet

 facet normal -0.41395092 0.908252478 -0.0610089861
  outer loop
  vertex -0.0716851726 -0.0211900175 -0.0123766344
  vertex -0.0717180222 -0.0212071072 -0.0124081327
  vertex -0.0717262328 -0.0212087352 -0.0123766344
  endloop
 endfacet

 facet normal -0.414480299 0.909413993 -0.0342384651
  outer loop
  vertex -0.0716851726 -0.0211900175 -0.0123766344
  vertex -0.0717262328 -0.0212087352 -0.0123766344
  vertex -0.0717289746 -0.0212095492 -0.0123651111
  endloop
 endfacet

 facet normal -0.412631154 0.910547197 -0.0252888314
  outer loop
  vertex -0.0716851726 -0.0211900175 -0.0123766344
  vertex -0.0717289746 -0.0212095492 -0.0123651111
  vertex -0.071687907 -0.0211908314 -0.0123612694
  endloop
 endfacet

 facet normal -0.407202661 0.913337827 2.93997737e-09
  outer loop
  vertex -0.071687907 -0.0211908314 -0.0123612694
  vertex -0.0717043355 -0.0211981554 -0.0067630196
  vertex -0.0716933832 -0.0211932734 -0.00500602834
  endloop
 endfacet

 facet normal -0.37645331 0.92643559 2.72434336e-05
  outer loop
  vertex -0.071687907 -0.0211908314 -0.0123612694
  vertex -0.0716933832 -0.0211932734 -0.00500602834
  vertex -0.0716714785 -0.0211843215 -0.0067630196
  endloop
 endfacet

 facet normal -0.4147214 0.909948468 -2.6493326e-05
  outer loop
  vertex -0.071687907 -0.0211908314 -0.0123612694
  vertex -0.0717289746 -0.0212095492 -0.0123651111
  vertex -0.0717043355 -0.0211981554 -0.0067630196
  endloop
 endfacet

 facet normal -0.368444145 0.929649949 0.000143459096
  outer loop
  vertex -0.0716714785 -0.0211843215 -0.0067630196
  vertex -0.0716933832 -0.0211932734 -0.00500602834
  vertex -0.0716687441 -0.0211835075 -0.00500602834
  endloop
 endfacet

 facet normal -0.0980498493 -0.989875972 0.102625057
  outer loop
  vertex -0.0713374764 -0.0231235176 -0.00500602834
  vertex -0.0713456869 -0.0231227055 -0.00500602834
  vertex -0.071378544 -0.023667112 -0.0102885263
  endloop
 endfacet

 facet normal -0.123666957 -0.987016857 0.102489725
  outer loop
  vertex -0.071378544 -0.023667112 -0.0102885263
  vertex -0.0713456869 -0.0231227055 -0.00500602834
  vertex -0.0714059174 -0.023667112 -0.0103215612
  endloop
 endfacet

 facet normal 0.165888727 0.0374446809 -0.98543334
  outer loop
  vertex -0.070932284 -0.023667112 -0.0128421951
  vertex -0.0709596649 -0.023667112 -0.0128468042
  vertex -0.0714141354 -0.0216335189 -0.0128460368
  endloop
 endfacet

 facet normal 0.175384596 0.0396979339 -0.983699262
  outer loop
  vertex -0.070932284 -0.023667112 -0.0128421951
  vertex -0.0714141354 -0.0216335189 -0.0128460368
  vertex -0.0713730678 -0.021624567 -0.0128383534
  endloop
 endfacet

 facet normal 0.16669634 0.0788297281 -0.982852101
  outer loop
  vertex -0.0713730678 -0.021624567 -0.0128383534
  vertex -0.0714141354 -0.0216335189 -0.0128460368
  vertex -0.0714250803 -0.0215912033 -0.0128445001
  endloop
 endfacet

 facet normal 0.131382495 0.0699090958 -0.988863766
  outer loop
  vertex -0.0714250803 -0.0215912033 -0.0128445001
  vertex -0.0714141354 -0.0216335189 -0.0128460368
  vertex -0.0714661479 -0.0216009691 -0.0128506469
  endloop
 endfacet

 facet normal 0.109783694 0.156171963 -0.981609821
  outer loop
  vertex -0.0714250803 -0.0215912033 -0.0128445001
  vertex -0.0714661479 -0.0216009691 -0.0128506469
  vertex -0.0714360327 -0.0215497017 -0.0128391217
  endloop
 endfacet

 facet normal 0.0922787637 0.166478604 -0.981717587
  outer loop
  vertex -0.0714360327 -0.0215497017 -0.0128391217
  vertex -0.0714661479 -0.0216009691 -0.0128506469
  vertex -0.0714771003 -0.0215586536 -0.0128445001
  endloop
 endfacet

 facet normal 0.0756293908 0.235217378 -0.96899581
  outer loop
  vertex -0.0714360327 -0.0215497017 -0.0128391217
  vertex -0.0714771003 -0.0215586536 -0.0128445001
  vertex -0.0714880526 -0.0215171501 -0.01283528
  endloop
 endfacet

 facet normal 0.0756128579 0.235191852 -0.969003379
  outer loop
  vertex -0.0714360327 -0.0215497017 -0.0128391217
  vertex -0.0714880526 -0.0215171501 -0.01283528
  vertex -0.071446985 -0.0215082001 -0.0128299035
  endloop
 endfacet

 facet normal -0.188659474 0.935088396 -0.300028712
  outer loop
  vertex -0.0715729222 -0.0211875774 -0.0125226025
  vertex -0.0715866089 -0.0211908314 -0.0125241391
  vertex -0.0715920851 -0.0211786255 -0.0124826534
  endloop
 endfacet

 facet normal -0.173269436 0.908380389 -0.380555958
  outer loop
  vertex -0.0715729222 -0.0211875774 -0.0125226025
  vertex -0.0715619698 -0.0212022252 -0.0125625515
  vertex -0.0715866089 -0.0211908314 -0.0125241391
  endloop
 endfacet

 facet normal -0.168700099 0.878788471 -0.44639802
  outer loop
  vertex -0.0715619698 -0.0212022252 -0.0125625515
  vertex -0.0715729222 -0.0212250091 -0.012603269
  vertex -0.0715811327 -0.0212062933 -0.0125633189
  endloop
 endfacet

 facet normal -0.17719458 0.906765401 -0.382594705
  outer loop
  vertex -0.0715619698 -0.0212022252 -0.0125625515
  vertex -0.0715811327 -0.0212062933 -0.0125633189
  vertex -0.0715866089 -0.0211908314 -0.0125241391
  endloop
 endfacet

 facet normal -0.204598933 0.931401968 -0.301047623
  outer loop
  vertex -0.0715920851 -0.0211786255 -0.0124826534
  vertex -0.0715866089 -0.0211908314 -0.0125241391
  vertex -0.0716002956 -0.0211940873 -0.0125249065
  endloop
 endfacet

 facet normal -0.207535177 0.930985689 -0.300324529
  outer loop
  vertex -0.0715920851 -0.0211786255 -0.0124826534
  vertex -0.0716002956 -0.0211940873 -0.0125249065
  vertex -0.0716139898 -0.0211835075 -0.0124826534
  endloop
 endfacet

 facet normal -0.236420393 0.921753049 -0.307370603
  outer loop
  vertex -0.0716139898 -0.0211835075 -0.0124826534
  vertex -0.0716002956 -0.0211940873 -0.0125249065
  vertex -0.0716139898 -0.0211973414 -0.0125241391
  endloop
 endfacet

 facet normal -0.253051907 0.917770505 -0.306042582
  outer loop
  vertex -0.0716139898 -0.0211835075 -0.0124826534
  vertex -0.0716139898 -0.0211973414 -0.0125241391
  vertex -0.071644105 -0.0212038532 -0.0125187617
  endloop
 endfacet

 facet normal -0.266577631 0.917654753 -0.29469648
  outer loop
  vertex -0.0716139898 -0.0211835075 -0.0124826534
  vertex -0.071644105 -0.0212038532 -0.0125187617
  vertex -0.071635887 -0.0211883895 -0.0124780433
  endloop
 endfacet

 facet normal 0.068999216 0.493549436 -0.86697638
  outer loop
  vertex -0.0714305565 -0.021421127 -0.0127930269
  vertex -0.0714688897 -0.0214292649 -0.0128007103
  vertex -0.0714798346 -0.0213926453 -0.0127807353
  endloop
 endfacet

 facet normal 0.0848255455 0.514915645 -0.853033781
  outer loop
  vertex -0.0714305565 -0.021421127 -0.0127930269
  vertex -0.0714798346 -0.0213926453 -0.0127807353
  vertex -0.0714442432 -0.0213845074 -0.0127722835
  endloop
 endfacet

 facet normal 0.054504361 0.3184385 -0.94637543
  outer loop
  vertex -0.071446985 -0.0215082001 -0.0128299035
  vertex -0.0714880526 -0.0215171501 -0.01283528
  vertex -0.0714579374 -0.0214675106 -0.0128168436
  endloop
 endfacet

 facet normal 0.0510886386 0.32034272 -0.94592309
  outer loop
  vertex -0.0714579374 -0.0214675106 -0.0128168436
  vertex -0.0714880526 -0.0215171501 -0.01283528
  vertex -0.0714962631 -0.0214772765 -0.0128222201
  endloop
 endfacet

 facet normal 0.0301313605 0.388784617 -0.920835912
  outer loop
  vertex -0.0714579374 -0.0214675106 -0.0128168436
  vertex -0.0714962631 -0.0214772765 -0.0128222201
  vertex -0.0715072155 -0.0214382149 -0.0128060868
  endloop
 endfacet

 facet normal 0.0359102935 0.397120565 -0.917063653
  outer loop
  vertex -0.0714579374 -0.0214675106 -0.0128168436
  vertex -0.0715072155 -0.0214382149 -0.0128060868
  vertex -0.0714688897 -0.0214292649 -0.0128007103
  endloop
 endfacet

 facet normal 0.0699048638 0.555069685 -0.828861237
  outer loop
  vertex -0.0714442432 -0.0213845074 -0.0127722835
  vertex -0.0714798346 -0.0213926453 -0.0127807353
  vertex -0.0714579374 -0.0213495158 -0.0127500044
  endloop
 endfacet

 facet normal 0.0291415881 0.5701738 -0.821007073
  outer loop
  vertex -0.0714579374 -0.0213495158 -0.0127500044
  vertex -0.0714798346 -0.0213926453 -0.0127807353
  vertex -0.0714935288 -0.0213576537 -0.0127569195
  endloop
 endfacet

 facet normal 0.0118358908 0.616914749 -0.786940992
  outer loop
  vertex -0.0714579374 -0.0213495158 -0.0127500044
  vertex -0.0714935288 -0.0213576537 -0.0127569195
  vertex -0.0715044737 -0.0213251021 -0.0127315661
  endloop
 endfacet

 facet normal -0.00732112816 0.612931728 -0.790101945
  outer loop
  vertex -0.0715044737 -0.0213251021 -0.0127315661
  vertex -0.0714935288 -0.0213576537 -0.0127569195
  vertex -0.0715263784 -0.0213649776 -0.0127622969
  endloop
 endfacet

 facet normal -0.0314503908 0.620907068 -0.783253074
  outer loop
  vertex -0.0715044737 -0.0213251021 -0.0127315661
  vertex -0.0715263784 -0.0213649776 -0.0127622969
  vertex -0.0715373307 -0.021331612 -0.0127354078
  endloop
 endfacet

 facet normal -0.0475100204 0.674505353 -0.736739695
  outer loop
  vertex -0.0715044737 -0.0213251021 -0.0127315661
  vertex -0.0715373307 -0.021331612 -0.0127354078
  vertex -0.0715181679 -0.0212941803 -0.0127023729
  endloop
 endfacet

 facet normal -0.0580774024 0.677122533 -0.733574867
  outer loop
  vertex -0.0715181679 -0.0212941803 -0.0127023729
  vertex -0.0715373307 -0.021331612 -0.0127354078
  vertex -0.0715455413 -0.0213006902 -0.0127062146
  endloop
 endfacet

 facet normal -0.0802547559 0.73489207 -0.67341876
  outer loop
  vertex -0.0715181679 -0.0212941803 -0.0127023729
  vertex -0.0715455413 -0.0213006902 -0.0127062146
  vertex -0.0715291202 -0.0212665126 -0.0126708746
  endloop
 endfacet

 facet normal -0.0100751352 0.749538183 -0.661884427
  outer loop
  vertex -0.0715181679 -0.0212941803 -0.0127023729
  vertex -0.0715291202 -0.0212665126 -0.0126708746
  vertex -0.0714880526 -0.0212876704 -0.0126954596
  endloop
 endfacet

 facet normal -0.100636803 0.738146663 -0.667092085
  outer loop
  vertex -0.0715291202 -0.0212665126 -0.0126708746
  vertex -0.0715455413 -0.0213006902 -0.0127062146
  vertex -0.0715564936 -0.0212730225 -0.012673948
  endloop
 endfacet

 facet normal -0.122025281 0.794196844 -0.595282495
  outer loop
  vertex -0.0715291202 -0.0212665126 -0.0126708746
  vertex -0.0715564936 -0.0212730225 -0.012673948
  vertex -0.0715647116 -0.0212477949 -0.012638608
  endloop
 endfacet

 facet normal -0.111862123 0.80105269 -0.588048935
  outer loop
  vertex -0.0715291202 -0.0212665126 -0.0126708746
  vertex -0.0715647116 -0.0212477949 -0.012638608
  vertex -0.0715400651 -0.0212420989 -0.0126355356
  endloop
 endfacet

 facet normal -0.127598912 0.792993009 -0.595718563
  outer loop
  vertex -0.0715647116 -0.0212477949 -0.012638608
  vertex -0.0715564936 -0.0212730225 -0.012673948
  vertex -0.0715893507 -0.0212534908 -0.012640913
  endloop
 endfacet

 facet normal -0.136757299 0.817773581 -0.559056282
  outer loop
  vertex -0.0715647116 -0.0212477949 -0.012638608
  vertex -0.0715893507 -0.0212534908 -0.012640913
  vertex -0.0715729222 -0.0212250091 -0.012603269
  endloop
 endfacet

 facet normal -0.182966441 0.820772409 -0.541161716
  outer loop
  vertex -0.0715729222 -0.0212250091 -0.012603269
  vertex -0.0715893507 -0.0212534908 -0.012640913
  vertex -0.0715948269 -0.021229893 -0.012603269
  endloop
 endfacet

 facet normal -0.194452211 0.872296512 -0.44865036
  outer loop
  vertex -0.0715729222 -0.0212250091 -0.012603269
  vertex -0.0715948269 -0.021229893 -0.012603269
  vertex -0.0715811327 -0.0212062933 -0.0125633189
  endloop
 endfacet

 facet normal -0.284964919 0.913770854 -0.289513052
  outer loop
  vertex -0.071635887 -0.0211883895 -0.0124780433
  vertex -0.071644105 -0.0212038532 -0.0125187617
  vertex -0.0716468394 -0.0211908314 -0.01247497
  endloop
 endfacet

 facet normal -0.312375873 0.905048013 -0.288633615
  outer loop
  vertex -0.0716468394 -0.0211908314 -0.01247497
  vertex -0.071644105 -0.0212038532 -0.0125187617
  vertex -0.0716577917 -0.0212071072 -0.0125141516
  endloop
 endfacet

 facet normal -0.338805228 0.898663521 -0.278594762
  outer loop
  vertex -0.0716468394 -0.0211908314 -0.01247497
  vertex -0.0716577917 -0.0212071072 -0.0125141516
  vertex -0.0716714785 -0.0212103631 -0.0125080049
  endloop
 endfacet

 facet normal -0.341658771 0.898305416 -0.276254714
  outer loop
  vertex -0.0716468394 -0.0211908314 -0.01247497
  vertex -0.0716714785 -0.0212103631 -0.0125080049
  vertex -0.0716961175 -0.0212152451 -0.0124934083
  endloop
 endfacet

 facet normal -0.356798798 0.902475953 -0.241312668
  outer loop
  vertex -0.0716468394 -0.0211908314 -0.01247497
  vertex -0.0716961175 -0.0212152451 -0.0124934083
  vertex -0.0716742203 -0.0211973414 -0.0124588376
  endloop
 endfacet

 facet normal -0.349632502 0.909101188 -0.226477832
  outer loop
  vertex -0.0716468394 -0.0211908314 -0.01247497
  vertex -0.0716742203 -0.0211973414 -0.0124588376
  vertex -0.0716824308 -0.0211989693 -0.0124526918
  endloop
 endfacet

 facet normal -0.358446896 0.902146757 -0.240098089
  outer loop
  vertex -0.0716824308 -0.0211989693 -0.0124526918
  vertex -0.0716742203 -0.0211973414 -0.0124588376
  vertex -0.0716961175 -0.0212152451 -0.0124934083
  endloop
 endfacet

 facet normal -0.399924725 0.88948226 -0.221091613
  outer loop
  vertex -0.0716824308 -0.0211989693 -0.0124526918
  vertex -0.0716961175 -0.0212152451 -0.0124934083
  vertex -0.0717289746 -0.021222569 -0.0124634467
  endloop
 endfacet

 facet normal -0.402259916 0.890402079 -0.213004977
  outer loop
  vertex -0.0716824308 -0.0211989693 -0.0124526918
  vertex -0.0717289746 -0.021222569 -0.0124634467
  vertex -0.0717070699 -0.0212038532 -0.012426571
  endloop
 endfacet

 facet normal -0.464015335 0.870127618 -0.166035399
  outer loop
  vertex -0.0717070699 -0.0212038532 -0.012426571
  vertex -0.0717289746 -0.021222569 -0.0124634467
  vertex -0.0717454031 -0.0212266371 -0.0124388626
  endloop
 endfacet

 facet normal -0.475823373 0.870025575 -0.129025847
  outer loop
  vertex -0.0717070699 -0.0212038532 -0.012426571
  vertex -0.0717454031 -0.0212266371 -0.0124388626
  vertex -0.0717180222 -0.0212071072 -0.0124081327
  endloop
 endfacet

 facet normal -0.481508017 0.867829323 -0.122565471
  outer loop
  vertex -0.0717180222 -0.0212071072 -0.0124081327
  vertex -0.0717454031 -0.0212266371 -0.0124388626
  vertex -0.0717618242 -0.021229893 -0.0123973778
  endloop
 endfacet

 facet normal -0.475164175 0.87637794 -0.0786179453
  outer loop
  vertex -0.0717180222 -0.0212071072 -0.0124081327
  vertex -0.0717618242 -0.021229893 -0.0123973778
  vertex -0.0717262328 -0.0212087352 -0.0123766344
  endloop
 endfacet

 facet normal -0.486781001 0.871849179 -0.0540669188
  outer loop
  vertex -0.0717262328 -0.0212087352 -0.0123766344
  vertex -0.0717618242 -0.021229893 -0.0123973778
  vertex -0.0717289746 -0.0212095492 -0.0123651111
  endloop
 endfacet

 facet normal -0.486814111 0.873505592 0
  outer loop
  vertex -0.0717289746 -0.0212095492 -0.0123651111
  vertex -0.0717508718 -0.0212217551 -0.0067630196
  vertex -0.0717289746 -0.0212095492 -0.00500602834
  endloop
 endfacet

 facet normal -0.419690251 0.907667398 0
  outer loop
  vertex -0.0717289746 -0.0212095492 -0.0123651111
  vertex -0.0717289746 -0.0212095492 -0.00500602834
  vertex -0.0717043355 -0.0211981554 -0.0067630196
  endloop
 endfacet

 facet normal -0.494146019 0.868249655 -0.0442987047
  outer loop
  vertex -0.0717289746 -0.0212095492 -0.0123651111
  vertex -0.0717618242 -0.021229893 -0.0123973778
  vertex -0.071764566 -0.0212307069 -0.0123827811
  endloop
 endfacet

 facet normal -0.502386749 0.864336729 -0.0230146106
  outer loop
  vertex -0.0717289746 -0.0212095492 -0.0123651111
  vertex -0.071764566 -0.0212307069 -0.0123827811
  vertex -0.0717673004 -0.0212315191 -0.012353587
  endloop
 endfacet

 facet normal -0.497331679 0.867560565 -5.40732726e-05
  outer loop
  vertex -0.0717289746 -0.0212095492 -0.0123651111
  vertex -0.0717673004 -0.0212315191 -0.012353587
  vertex -0.0717508718 -0.0212217551 -0.0067630196
  endloop
 endfacet

 facet normal -0.415872663 0.909422874 6.49200956e-05
  outer loop
  vertex -0.0717043355 -0.0211981554 -0.0067630196
  vertex -0.0717289746 -0.0212095492 -0.00500602834
  vertex -0.0716933832 -0.0211932734 -0.00500602834
  endloop
 endfacet

 facet normal -0.178987548 -0.978494823 0.102524959
  outer loop
  vertex -0.0713456869 -0.0231227055 -0.00500602834
  vertex -0.0713812783 -0.0231161937 -0.00500602834
  vertex -0.0714798346 -0.023667112 -0.010436031
  endloop
 endfacet

 facet normal -0.176182836 -0.979005575 0.102506876
  outer loop
  vertex -0.0713456869 -0.0231227055 -0.00500602834
  vertex -0.0714798346 -0.023667112 -0.010436031
  vertex -0.0714579374 -0.023667112 -0.010398387
  endloop
 endfacet

 facet normal -0.172570363 -0.979649961 0.102496736
  outer loop
  vertex -0.0713456869 -0.0231227055 -0.00500602834
  vertex -0.0714579374 -0.023667112 -0.010398387
  vertex -0.0714332983 -0.023667112 -0.0103569003
  endloop
 endfacet

 facet normal -0.132274941 -0.985901952 0.102473065
  outer loop
  vertex -0.0713456869 -0.0231227055 -0.00500602834
  vertex -0.0714332983 -0.023667112 -0.0103569003
  vertex -0.0714059174 -0.023667112 -0.0103215612
  endloop
 endfacet

 facet normal 0.129819736 0.029327726 -0.991103828
  outer loop
  vertex -0.0709596649 -0.023667112 -0.0128468042
  vertex -0.0710007325 -0.023667112 -0.0128521835
  vertex -0.0714579374 -0.0216432847 -0.0128521835
  endloop
 endfacet

 facet normal 0.132342279 0.0299497209 -0.990751505
  outer loop
  vertex -0.0709596649 -0.023667112 -0.0128468042
  vertex -0.0714579374 -0.0216432847 -0.0128521835
  vertex -0.0714141354 -0.0216335189 -0.0128460368
  endloop
 endfacet

 facet normal 0.12550357 0.0603169948 -0.990257919
  outer loop
  vertex -0.0714141354 -0.0216335189 -0.0128460368
  vertex -0.0714579374 -0.0216432847 -0.0128521835
  vertex -0.0714661479 -0.0216009691 -0.0128506469
  endloop
 endfacet

 facet normal 0.0452808142 0.0450271107 -0.997959077
  outer loop
  vertex -0.0714661479 -0.0216009691 -0.0128506469
  vertex -0.0714579374 -0.0216432847 -0.0128521835
  vertex -0.071499005 -0.0216530487 -0.0128544867
  endloop
 endfacet

 facet normal 0.00125177694 0.0727569163 -0.997348964
  outer loop
  vertex -0.0714661479 -0.0216009691 -0.0128506469
  vertex -0.071499005 -0.0216530487 -0.0128544867
  vertex -0.0715099499 -0.0216107331 -0.0128514143
  endloop
 endfacet

 facet normal -0.00978279952 0.121876955 -0.992496967
  outer loop
  vertex -0.0714661479 -0.0216009691 -0.0128506469
  vertex -0.0715099499 -0.0216107331 -0.0128514143
  vertex -0.0715181679 -0.0215676036 -0.0128460368
  endloop
 endfacet

 facet normal 0.00539139658 0.145106912 -0.989401281
  outer loop
  vertex -0.0714661479 -0.0216009691 -0.0128506469
  vertex -0.0715181679 -0.0215676036 -0.0128460368
  vertex -0.0714771003 -0.0215586536 -0.0128445001
  endloop
 endfacet

 facet normal -0.0101647088 0.214294255 -0.97671622
  outer loop
  vertex -0.0714771003 -0.0215586536 -0.0128445001
  vertex -0.0715181679 -0.0215676036 -0.0128460368
  vertex -0.0714880526 -0.0215171501 -0.01283528
  endloop
 endfacet

 facet normal -0.193254143 0.903134763 -0.38340652
  outer loop
  vertex -0.0715866089 -0.0211908314 -0.0125241391
  vertex -0.0715811327 -0.0212062933 -0.0125633189
  vertex -0.0716002956 -0.0211940873 -0.0125249065
  endloop
 endfacet

 facet normal -0.19509469 0.872273326 -0.448416531
  outer loop
  vertex -0.0715811327 -0.0212062933 -0.0125633189
  vertex -0.0715948269 -0.021229893 -0.012603269
  vertex -0.0715975612 -0.0212103631 -0.0125640873
  endloop
 endfacet

 facet normal -0.204514831 0.898830354 -0.387656868
  outer loop
  vertex -0.0715811327 -0.0212062933 -0.0125633189
  vertex -0.0715975612 -0.0212103631 -0.0125640873
  vertex -0.0716002956 -0.0211940873 -0.0125249065
  endloop
 endfacet

 facet normal -0.233808354 0.892002046 -0.386867136
  outer loop
  vertex -0.0716002956 -0.0211940873 -0.0125249065
  vertex -0.0715975612 -0.0212103631 -0.0125640873
  vertex -0.0716139898 -0.0211973414 -0.0125241391
  endloop
 endfacet

 facet normal -0.237134814 0.890711665 -0.387814283
  outer loop
  vertex -0.0716139898 -0.0211973414 -0.0125241391
  vertex -0.0715975612 -0.0212103631 -0.0125640873
  vertex -0.0716331527 -0.0212184992 -0.0125610149
  endloop
 endfacet

 facet normal -0.259415805 0.889709473 -0.375660032
  outer loop
  vertex -0.0716139898 -0.0211973414 -0.0125241391
  vertex -0.0716331527 -0.0212184992 -0.0125610149
  vertex -0.071644105 -0.0212038532 -0.0125187617
  endloop
 endfacet

 facet normal -0.330714643 0.868705511 -0.368752688
  outer loop
  vertex -0.071644105 -0.0212038532 -0.0125187617
  vertex -0.0716495812 -0.021222569 -0.0125579424
  vertex -0.0716577917 -0.0212071072 -0.0125141516
  endloop
 endfacet

 facet normal -0.288706243 0.878979206 -0.379531592
  outer loop
  vertex -0.071644105 -0.0212038532 -0.0125187617
  vertex -0.0716331527 -0.0212184992 -0.0125610149
  vertex -0.0716495812 -0.021222569 -0.0125579424
  endloop
 endfacet

 facet normal 0.0105666025 0.481273711 -0.876506686
  outer loop
  vertex -0.0714688897 -0.0214292649 -0.0128007103
  vertex -0.0715072155 -0.0214382149 -0.0128060868
  vertex -0.0714798346 -0.0213926453 -0.0127807353
  endloop
 endfacet

 facet normal -0.0178213976 0.494233459 -0.869146526
  outer loop
  vertex -0.0714798346 -0.0213926453 -0.0127807353
  vertex -0.0715072155 -0.0214382149 -0.0128060868
  vertex -0.0715181679 -0.0214007832 -0.012784576
  endloop
 endfacet

 facet normal -0.0258858781 0.523847997 -0.851418436
  outer loop
  vertex -0.0714798346 -0.0213926453 -0.0127807353
  vertex -0.0715181679 -0.0214007832 -0.012784576
  vertex -0.0715263784 -0.0213649776 -0.0127622969
  endloop
 endfacet

 facet normal 0.0090675354 0.565045476 -0.825010002
  outer loop
  vertex -0.0714798346 -0.0213926453 -0.0127807353
  vertex -0.0715263784 -0.0213649776 -0.0127622969
  vertex -0.0714935288 -0.0213576537 -0.0127569195
  endloop
 endfacet

 facet normal -0.0151033765 0.217096433 -0.97603333
  outer loop
  vertex -0.0714880526 -0.0215171501 -0.01283528
  vertex -0.0715181679 -0.0215676036 -0.0128460368
  vertex -0.0715291202 -0.021526916 -0.0128368167
  endloop
 endfacet

 facet normal -0.03413257 0.29384768 -0.955242634
  outer loop
  vertex -0.0714880526 -0.0215171501 -0.01283528
  vertex -0.0715291202 -0.021526916 -0.0128368167
  vertex -0.0715373307 -0.0214854144 -0.0128237568
  endloop
 endfacet

 facet normal -0.0251282044 0.306485951 -0.95154345
  outer loop
  vertex -0.0714880526 -0.0215171501 -0.01283528
  vertex -0.0715373307 -0.0214854144 -0.0128237568
  vertex -0.0714962631 -0.0214772765 -0.0128222201
  endloop
 endfacet

 facet normal -0.0390333161 0.372094065 -0.927373886
  outer loop
  vertex -0.0714962631 -0.0214772765 -0.0128222201
  vertex -0.0715373307 -0.0214854144 -0.0128237568
  vertex -0.0715072155 -0.0214382149 -0.0128060868
  endloop
 endfacet

 facet normal -0.0633016452 0.385083348 -0.920708299
  outer loop
  vertex -0.0715072155 -0.0214382149 -0.0128060868
  vertex -0.0715373307 -0.0214854144 -0.0128237568
  vertex -0.0715455413 -0.0214463528 -0.0128068551
  endloop
 endfacet

 facet normal -0.0819961652 0.469223201 -0.879264712
  outer loop
  vertex -0.0715072155 -0.0214382149 -0.0128060868
  vertex -0.0715455413 -0.0214463528 -0.0128068551
  vertex -0.0715537593 -0.0214089211 -0.0127861127
  endloop
 endfacet

 facet normal -0.0722442716 0.480962843 -0.873759449
  outer loop
  vertex -0.0715072155 -0.0214382149 -0.0128060868
  vertex -0.0715537593 -0.0214089211 -0.0127861127
  vertex -0.0715181679 -0.0214007832 -0.012784576
  endloop
 endfacet

 facet normal -0.0804546326 0.513230264 -0.854471624
  outer loop
  vertex -0.0715263784 -0.0213649776 -0.0127622969
  vertex -0.0715181679 -0.0214007832 -0.012784576
  vertex -0.0715537593 -0.0214089211 -0.0127861127
  endloop
 endfacet

 facet normal -0.0804546326 0.513230264 -0.854471624
  outer loop
  vertex -0.0715263784 -0.0213649776 -0.0127622969
  vertex -0.0715537593 -0.0214089211 -0.0127861127
  vertex -0.0715619698 -0.0213731155 -0.0127638336
  endloop
 endfacet

 facet normal -0.102840528 0.599650025 -0.793626964
  outer loop
  vertex -0.0715263784 -0.0213649776 -0.0127622969
  vertex -0.0715619698 -0.0213731155 -0.0127638336
  vertex -0.0715701804 -0.0213389359 -0.0127369445
  endloop
 endfacet

 facet normal -0.0978638679 0.604813099 -0.790331483
  outer loop
  vertex -0.0715263784 -0.0213649776 -0.0127622969
  vertex -0.0715701804 -0.0213389359 -0.0127369445
  vertex -0.0715373307 -0.021331612 -0.0127354078
  endloop
 endfacet

 facet normal -0.113946758 0.665839672 -0.737342298
  outer loop
  vertex -0.0715373307 -0.021331612 -0.0127354078
  vertex -0.0715701804 -0.0213389359 -0.0127369445
  vertex -0.0715455413 -0.0213006902 -0.0127062146
  endloop
 endfacet

 facet normal -0.125382215 0.669233501 -0.732397318
  outer loop
  vertex -0.0715455413 -0.0213006902 -0.0127062146
  vertex -0.0715701804 -0.0213389359 -0.0127369445
  vertex -0.0715756565 -0.0213080142 -0.0127077512
  endloop
 endfacet

 facet normal -0.141622409 0.723994017 -0.675111711
  outer loop
  vertex -0.0715455413 -0.0213006902 -0.0127062146
  vertex -0.0715756565 -0.0213080142 -0.0127077512
  vertex -0.0715838745 -0.0212795325 -0.0126754846
  endloop
 endfacet

 facet normal -0.135656625 0.728898287 -0.67104739
  outer loop
  vertex -0.0715455413 -0.0213006902 -0.0127062146
  vertex -0.0715838745 -0.0212795325 -0.0126754846
  vertex -0.0715564936 -0.0212730225 -0.012673948
  endloop
 endfacet

 facet normal -0.150765806 0.778006732 -0.609897733
  outer loop
  vertex -0.0715564936 -0.0212730225 -0.012673948
  vertex -0.0715838745 -0.0212795325 -0.0126754846
  vertex -0.0715893507 -0.0212534908 -0.012640913
  endloop
 endfacet

 facet normal -0.214501679 0.763539791 -0.609094501
  outer loop
  vertex -0.0715893507 -0.0212534908 -0.012640913
  vertex -0.0715838745 -0.0212795325 -0.0126754846
  vertex -0.0716085136 -0.0212852284 -0.012673948
  endloop
 endfacet

 facet normal -0.23373656 0.765348792 -0.599673688
  outer loop
  vertex -0.0715893507 -0.0212534908 -0.012640913
  vertex -0.0716085136 -0.0212852284 -0.012673948
  vertex -0.071611248 -0.0212583747 -0.012638608
  endloop
 endfacet

 facet normal -0.236715585 0.804963827 -0.544057846
  outer loop
  vertex -0.0715893507 -0.0212534908 -0.012640913
  vertex -0.071611248 -0.0212583747 -0.012638608
  vertex -0.0716139898 -0.021234775 -0.0126025006
  endloop
 endfacet

 facet normal -0.227989644 0.809688985 -0.540762901
  outer loop
  vertex -0.0715893507 -0.0212534908 -0.012640913
  vertex -0.0716139898 -0.021234775 -0.0126025006
  vertex -0.0715948269 -0.021229893 -0.012603269
  endloop
 endfacet

 facet normal -0.237580091 0.861939132 -0.447902501
  outer loop
  vertex -0.0715948269 -0.021229893 -0.012603269
  vertex -0.0716139898 -0.021234775 -0.0126025006
  vertex -0.0716331527 -0.0212184992 -0.0125610149
  endloop
 endfacet

 facet normal -0.236891076 0.862390161 -0.44739908
  outer loop
  vertex -0.0715948269 -0.021229893 -0.012603269
  vertex -0.0716331527 -0.0212184992 -0.0125610149
  vertex -0.0716139898 -0.0212144312 -0.0125633189
  endloop
 endfacet

 facet normal -0.234733671 0.86332792 -0.446727157
  outer loop
  vertex -0.0715948269 -0.021229893 -0.012603269
  vertex -0.0716139898 -0.0212144312 -0.0125633189
  vertex -0.0715975612 -0.0212103631 -0.0125640873
  endloop
 endfacet

 facet normal -0.339603037 0.865101278 -0.369147271
  outer loop
  vertex -0.0716577917 -0.0212071072 -0.0125141516
  vertex -0.0716495812 -0.021222569 -0.0125579424
  vertex -0.0716824308 -0.021229893 -0.0125448816
  endloop
 endfacet

 facet normal -0.354707062 0.864351869 -0.356481105
  outer loop
  vertex -0.0716577917 -0.0212071072 -0.0125141516
  vertex -0.0716824308 -0.021229893 -0.0125448816
  vertex -0.0716988593 -0.021233147 -0.0125364307
  endloop
 endfacet

 facet normal -0.361301512 0.865848303 -0.346075028
  outer loop
  vertex -0.0716577917 -0.0212071072 -0.0125141516
  vertex -0.0716988593 -0.021233147 -0.0125364307
  vertex -0.0716714785 -0.0212103631 -0.0125080049
  endloop
 endfacet

 facet normal -0.37090081 0.865533531 -0.336577356
  outer loop
  vertex -0.0716714785 -0.0212103631 -0.0125080049
  vertex -0.0716988593 -0.021233147 -0.0125364307
  vertex -0.0716961175 -0.0212152451 -0.0124934083
  endloop
 endfacet

 facet normal -0.375282377 0.863999605 -0.335660219
  outer loop
  vertex -0.0716961175 -0.0212152451 -0.0124934083
  vertex -0.0716988593 -0.021233147 -0.0125364307
  vertex -0.0717152879 -0.0212364029 -0.0125264432
  endloop
 endfacet

 facet normal -0.433564246 0.851800859 -0.294036359
  outer loop
  vertex -0.0716961175 -0.0212152451 -0.0124934083
  vertex -0.0717152879 -0.0212364029 -0.0125264432
  vertex -0.0717289746 -0.021239657 -0.0125156883
  endloop
 endfacet

 facet normal -0.44393 0.851653576 -0.278589964
  outer loop
  vertex -0.0716961175 -0.0212152451 -0.0124934083
  vertex -0.0717289746 -0.021239657 -0.0125156883
  vertex -0.0717289746 -0.021222569 -0.0124634467
  endloop
 endfacet

 facet normal -0.46317935 0.842342138 -0.275544077
  outer loop
  vertex -0.0717289746 -0.021222569 -0.0124634467
  vertex -0.0717289746 -0.021239657 -0.0125156883
  vertex -0.0717426613 -0.0212429129 -0.0125026284
  endloop
 endfacet

 facet normal -0.513091981 0.821881711 -0.24748151
  outer loop
  vertex -0.0717289746 -0.021222569 -0.0124634467
  vertex -0.0717426613 -0.0212429129 -0.0125026284
  vertex -0.0717755184 -0.0212502368 -0.0124588376
  endloop
 endfacet

 facet normal -0.51501435 0.831953287 -0.206431836
  outer loop
  vertex -0.0717289746 -0.021222569 -0.0124634467
  vertex -0.0717755184 -0.0212502368 -0.0124588376
  vertex -0.0717454031 -0.0212266371 -0.0124388626
  endloop
 endfacet

 facet normal -0.544886887 0.824507475 -0.152597174
  outer loop
  vertex -0.0717454031 -0.0212266371 -0.0124388626
  vertex -0.0717755184 -0.0212502368 -0.0124588376
  vertex -0.0717837289 -0.0212526787 -0.0124427043
  endloop
 endfacet

 facet normal -0.545113564 0.824626148 -0.151139423
  outer loop
  vertex -0.0717454031 -0.0212266371 -0.0124388626
  vertex -0.0717837289 -0.0212526787 -0.0124427043
  vertex -0.0717618242 -0.021229893 -0.0123973778
  endloop
 endfacet

 facet normal -0.563590646 0.814586759 -0.137164503
  outer loop
  vertex -0.0717618242 -0.021229893 -0.0123973778
  vertex -0.0717837289 -0.0212526787 -0.0124427043
  vertex -0.0717892051 -0.0212534908 -0.0124250343
  endloop
 endfacet

 facet normal -0.572852194 0.810187757 -0.124242835
  outer loop
  vertex -0.0717618242 -0.021229893 -0.0123973778
  vertex -0.0717892051 -0.0212534908 -0.0124250343
  vertex -0.0718001574 -0.0212559327 -0.0123904627
  endloop
 endfacet

 facet normal -0.568418562 0.82048291 -0.0608960502
  outer loop
  vertex -0.0717618242 -0.021229893 -0.0123973778
  vertex -0.0718001574 -0.0212559327 -0.0123904627
  vertex -0.071764566 -0.0212307069 -0.0123827811
  endloop
 endfacet

 facet normal -0.510993123 0.859584808 0
  outer loop
  vertex -0.0717508718 -0.0212217551 -0.0067630196
  vertex -0.0717673004 -0.0212315191 -0.012353587
  vertex -0.0717673004 -0.0212315191 -0.00500602834
  endloop
 endfacet

 facet normal -0.49731943 0.867567539 0.000172209067
  outer loop
  vertex -0.0717508718 -0.0212217551 -0.0067630196
  vertex -0.0717673004 -0.0212315191 -0.00500602834
  vertex -0.0717289746 -0.0212095492 -0.00500602834
  endloop
 endfacet

 facet normal -0.573539734 0.818592429 -0.0309618842
  outer loop
  vertex -0.071764566 -0.0212307069 -0.0123827811
  vertex -0.0718001574 -0.0212559327 -0.0123904627
  vertex -0.0717673004 -0.0212315191 -0.012353587
  endloop
 endfacet

 facet normal -0.585304618 0.810813546 0
  outer loop
  vertex -0.0717673004 -0.0212315191 -0.012353587
  vertex -0.0717864633 -0.0212453548 -0.0067630196
  vertex -0.0717673004 -0.0212315191 -0.00500602834
  endloop
 endfacet

 facet normal -0.596405387 0.802683353 -5.81724562e-05
  outer loop
  vertex -0.0717673004 -0.0212315191 -0.012353587
  vertex -0.0718001574 -0.0212559327 -0.0123904627
  vertex -0.0717864633 -0.0212453548 -0.0067630196
  endloop
 endfacet

 facet normal -0.254095256 -0.961753309 0.102304868
  outer loop
  vertex -0.0713812783 -0.0231161937 -0.00500602834
  vertex -0.0714059174 -0.0231096838 -0.00500602834
  vertex -0.071499005 -0.023667112 -0.0104775159
  endloop
 endfacet

 facet normal -0.221687481 -0.969725072 0.102410235
  outer loop
  vertex -0.0713812783 -0.0231161937 -0.00500602834
  vertex -0.071499005 -0.023667112 -0.0104775159
  vertex -0.0714798346 -0.023667112 -0.010436031
  endloop
 endfacet

 facet normal 0.0525200181 0.0118509997 -0.99854964
  outer loop
  vertex -0.0710007325 -0.023667112 -0.0128521835
  vertex -0.0710445344 -0.023667112 -0.0128544867
  vertex -0.071499005 -0.0216530487 -0.0128544867
  endloop
 endfacet

 facet normal 0.0531630889 0.0120101338 -0.998513639
  outer loop
  vertex -0.0710007325 -0.023667112 -0.0128521835
  vertex -0.071499005 -0.0216530487 -0.0128544867
  vertex -0.0714579374 -0.0216432847 -0.0128521835
  endloop
 endfacet

 facet normal -0.0747800767 0.0216877237 -0.996964276
  outer loop
  vertex -0.071499005 -0.0216530487 -0.0128544867
  vertex -0.0715428069 -0.0216628145 -0.0128514143
  vertex -0.0715510175 -0.021620499 -0.0128498776
  endloop
 endfacet

 facet normal -0.051358752 0.0591112673 -0.996929348
  outer loop
  vertex -0.071499005 -0.0216530487 -0.0128544867
  vertex -0.0715510175 -0.021620499 -0.0128498776
  vertex -0.0715099499 -0.0216107331 -0.0128514143
  endloop
 endfacet

 facet normal -0.0666419342 -0.0150375701 -0.997663617
  outer loop
  vertex -0.071499005 -0.0216530487 -0.0128544867
  vertex -0.0710445344 -0.023667112 -0.0128544867
  vertex -0.0715428069 -0.0216628145 -0.0128514143
  endloop
 endfacet

 facet normal -0.0636280179 0.111527346 -0.991722286
  outer loop
  vertex -0.0715099499 -0.0216107331 -0.0128514143
  vertex -0.0715510175 -0.021620499 -0.0128498776
  vertex -0.0715181679 -0.0215676036 -0.0128460368
  endloop
 endfacet

 facet normal -0.0988342464 0.132992119 -0.986176908
  outer loop
  vertex -0.0715181679 -0.0215676036 -0.0128460368
  vertex -0.0715510175 -0.021620499 -0.0128498776
  vertex -0.0715619698 -0.0215773694 -0.0128429634
  endloop
 endfacet

 facet normal -0.111024365 0.191106945 -0.975270152
  outer loop
  vertex -0.0715181679 -0.0215676036 -0.0128460368
  vertex -0.0715619698 -0.0215773694 -0.0128429634
  vertex -0.0715291202 -0.021526916 -0.0128368167
  endloop
 endfacet

 facet normal -0.236547858 0.875405431 -0.421557158
  outer loop
  vertex -0.0715975612 -0.0212103631 -0.0125640873
  vertex -0.0716139898 -0.0212144312 -0.0125633189
  vertex -0.0716331527 -0.0212184992 -0.0125610149
  endloop
 endfacet

 facet normal -0.292868882 0.846181035 -0.445202708
  outer loop
  vertex -0.0716331527 -0.0212184992 -0.0125610149
  vertex -0.071635887 -0.021239657 -0.0125994273
  vertex -0.0716495812 -0.021222569 -0.0125579424
  endloop
 endfacet

 facet normal -0.254040748 0.854721487 -0.452674985
  outer loop
  vertex -0.0716331527 -0.0212184992 -0.0125610149
  vertex -0.0716139898 -0.021234775 -0.0126025006
  vertex -0.071635887 -0.021239657 -0.0125994273
  endloop
 endfacet

 facet normal -0.308549941 0.839338243 -0.447558105
  outer loop
  vertex -0.0716495812 -0.021222569 -0.0125579424
  vertex -0.071635887 -0.021239657 -0.0125994273
  vertex -0.0716769546 -0.0212486088 -0.012587904
  endloop
 endfacet

 facet normal -0.350889385 0.841516197 -0.410764158
  outer loop
  vertex -0.0716495812 -0.021222569 -0.0125579424
  vertex -0.0716769546 -0.0212486088 -0.012587904
  vertex -0.0716824308 -0.021229893 -0.0125448816
  endloop
 endfacet

 facet normal -0.115123332 0.193656832 -0.974291325
  outer loop
  vertex -0.0715291202 -0.021526916 -0.0128368167
  vertex -0.0715619698 -0.0215773694 -0.0128429634
  vertex -0.0715701804 -0.0215358678 -0.0128337443
  endloop
 endfacet

 facet normal -0.128852189 0.26285404 -0.956192911
  outer loop
  vertex -0.0715291202 -0.021526916 -0.0128368167
  vertex -0.0715701804 -0.0215358678 -0.0128337443
  vertex -0.0715783983 -0.0214951783 -0.0128214518
  endloop
 endfacet

 facet normal -0.119265914 0.276479423 -0.953590512
  outer loop
  vertex -0.0715291202 -0.021526916 -0.0128368167
  vertex -0.0715783983 -0.0214951783 -0.0128214518
  vertex -0.0715373307 -0.0214854144 -0.0128237568
  endloop
 endfacet

 facet normal -0.136412755 0.355406046 -0.924704432
  outer loop
  vertex -0.0715373307 -0.0214854144 -0.0128237568
  vertex -0.0715783983 -0.0214951783 -0.0128214518
  vertex -0.0715838745 -0.0214553047 -0.0128053185
  endloop
 endfacet

 facet normal -0.123765551 0.37203306 -0.919931293
  outer loop
  vertex -0.0715373307 -0.0214854144 -0.0128237568
  vertex -0.0715838745 -0.0214553047 -0.0128053185
  vertex -0.0715455413 -0.0214463528 -0.0128068551
  endloop
 endfacet

 facet normal -0.140154034 0.44860208 -0.88267374
  outer loop
  vertex -0.0715455413 -0.0214463528 -0.0128068551
  vertex -0.0715838745 -0.0214553047 -0.0128053185
  vertex -0.0715920851 -0.0214170571 -0.012784576
  endloop
 endfacet

 facet normal -0.132483363 0.458009571 -0.879019618
  outer loop
  vertex -0.0715455413 -0.0214463528 -0.0128068551
  vertex -0.0715920851 -0.0214170571 -0.012784576
  vertex -0.0715537593 -0.0214089211 -0.0127861127
  endloop
 endfacet

 facet normal -0.140356913 0.499673188 -0.854767084
  outer loop
  vertex -0.0715537593 -0.0214089211 -0.0127861127
  vertex -0.0715920851 -0.0214170571 -0.012784576
  vertex -0.0715619698 -0.0213731155 -0.0127638336
  endloop
 endfacet

 facet normal -0.172032923 0.514450908 -0.840086341
  outer loop
  vertex -0.0715619698 -0.0213731155 -0.0127638336
  vertex -0.0715920851 -0.0214170571 -0.012784576
  vertex -0.0715975612 -0.0213812515 -0.0127615286
  endloop
 endfacet

 facet normal -0.184017926 0.580058217 -0.79351747
  outer loop
  vertex -0.0715619698 -0.0213731155 -0.0127638336
  vertex -0.0715975612 -0.0213812515 -0.0127615286
  vertex -0.0715701804 -0.0213389359 -0.0127369445
  endloop
 endfacet

 facet normal -0.185037404 0.580424428 -0.7930125
  outer loop
  vertex -0.0715701804 -0.0213389359 -0.0127369445
  vertex -0.0715975612 -0.0213812515 -0.0127615286
  vertex -0.0716030374 -0.0213462599 -0.0127346395
  endloop
 endfacet

 facet normal -0.197098911 0.654334188 -0.73006767
  outer loop
  vertex -0.0715701804 -0.0213389359 -0.0127369445
  vertex -0.0716030374 -0.0213462599 -0.0127346395
  vertex -0.0715756565 -0.0213080142 -0.0127077512
  endloop
 endfacet

 facet normal -0.197339624 0.654411912 -0.729933023
  outer loop
  vertex -0.0715756565 -0.0213080142 -0.0127077512
  vertex -0.0716030374 -0.0213462599 -0.0127346395
  vertex -0.0716057718 -0.0213145241 -0.0127054462
  endloop
 endfacet

 facet normal -0.204706773 0.70739913 -0.676521719
  outer loop
  vertex -0.0715756565 -0.0213080142 -0.0127077512
  vertex -0.0716057718 -0.0213145241 -0.0127054462
  vertex -0.0715838745 -0.0212795325 -0.0126754846
  endloop
 endfacet

 facet normal -0.205741569 0.707598925 -0.675998628
  outer loop
  vertex -0.0715838745 -0.0212795325 -0.0126754846
  vertex -0.0716057718 -0.0213145241 -0.0127054462
  vertex -0.0716085136 -0.0212852284 -0.012673948
  endloop
 endfacet

 facet normal -0.237316236 0.700955629 -0.67256403
  outer loop
  vertex -0.0716085136 -0.0212852284 -0.012673948
  vertex -0.0716057718 -0.0213145241 -0.0127054462
  vertex -0.071635887 -0.0213210341 -0.0127016045
  endloop
 endfacet

 facet normal -0.25796625 0.706382811 -0.659148514
  outer loop
  vertex -0.0716085136 -0.0212852284 -0.012673948
  vertex -0.071635887 -0.0213210341 -0.0127016045
  vertex -0.071635887 -0.0212909244 -0.0126693379
  endloop
 endfacet

 facet normal -0.258555919 0.756358981 -0.600891113
  outer loop
  vertex -0.0716085136 -0.0212852284 -0.012673948
  vertex -0.071635887 -0.0212909244 -0.0126693379
  vertex -0.071635887 -0.0212640706 -0.0126355356
  endloop
 endfacet

 facet normal -0.250560254 0.761364639 -0.597949445
  outer loop
  vertex -0.0716085136 -0.0212852284 -0.012673948
  vertex -0.071635887 -0.0212640706 -0.0126355356
  vertex -0.071611248 -0.0212583747 -0.012638608
  endloop
 endfacet

 facet normal -0.25282824 0.800985217 -0.542679071
  outer loop
  vertex -0.071611248 -0.0212583747 -0.012638608
  vertex -0.071635887 -0.0212640706 -0.0126355356
  vertex -0.0716139898 -0.021234775 -0.0126025006
  endloop
 endfacet

 facet normal -0.254578233 0.80112958 -0.541646838
  outer loop
  vertex -0.0716139898 -0.021234775 -0.0126025006
  vertex -0.071635887 -0.0212640706 -0.0126355356
  vertex -0.071635887 -0.021239657 -0.0125994273
  endloop
 endfacet

 facet normal -0.375474304 0.831453979 -0.409515887
  outer loop
  vertex -0.0716824308 -0.021229893 -0.0125448816
  vertex -0.0716769546 -0.0212486088 -0.012587904
  vertex -0.0716988593 -0.021233147 -0.0125364307
  endloop
 endfacet

 facet normal -0.390911162 0.822387576 -0.413360924
  outer loop
  vertex -0.0716988593 -0.021233147 -0.0125364307
  vertex -0.0716769546 -0.0212486088 -0.012587904
  vertex -0.0717152879 -0.0212575607 -0.0125694657
  endloop
 endfacet

 facet normal -0.407417506 0.81950295 -0.403021216
  outer loop
  vertex -0.0716988593 -0.021233147 -0.0125364307
  vertex -0.0717152879 -0.0212575607 -0.0125694657
  vertex -0.0717152879 -0.0212364029 -0.0125264432
  endloop
 endfacet

 facet normal -0.468482316 0.79278934 -0.389883846
  outer loop
  vertex -0.0717152879 -0.0212364029 -0.0125264432
  vertex -0.0717152879 -0.0212575607 -0.0125694657
  vertex -0.0717481375 -0.0212648846 -0.0125448816
  endloop
 endfacet

 facet normal -0.480539531 0.79456538 -0.371143788
  outer loop
  vertex -0.0717152879 -0.0212364029 -0.0125264432
  vertex -0.0717481375 -0.0212648846 -0.0125448816
  vertex -0.0717289746 -0.021239657 -0.0125156883
  endloop
 endfacet

 facet normal -0.513768077 0.786615074 -0.342460483
  outer loop
  vertex -0.0717289746 -0.021239657 -0.0125156883
  vertex -0.0717481375 -0.0212648846 -0.0125448816
  vertex -0.0717426613 -0.0212429129 -0.0125026284
  endloop
 endfacet

 facet normal -0.514717042 0.78615272 -0.342097044
  outer loop
  vertex -0.0717426613 -0.0212429129 -0.0125026284
  vertex -0.0717481375 -0.0212648846 -0.0125448816
  vertex -0.071764566 -0.0212689526 -0.0125295166
  endloop
 endfacet

 facet normal -0.541417956 0.779827535 -0.314222336
  outer loop
  vertex -0.0717426613 -0.0212429129 -0.0125026284
  vertex -0.071764566 -0.0212689526 -0.0125295166
  vertex -0.0717919394 -0.0212746505 -0.0124964816
  endloop
 endfacet

 facet normal -0.544512212 0.792025447 -0.276047468
  outer loop
  vertex -0.0717426613 -0.0212429129 -0.0125026284
  vertex -0.0717919394 -0.0212746505 -0.0124964816
  vertex -0.0717755184 -0.0212502368 -0.0124588376
  endloop
 endfacet

 facet normal -0.608705878 0.760125041 -0.227348253
  outer loop
  vertex -0.0717755184 -0.0212502368 -0.0124588376
  vertex -0.0717919394 -0.0212746505 -0.0124964816
  vertex -0.0718028918 -0.0212779045 -0.0124780433
  endloop
 endfacet

 facet normal -0.622281373 0.756192803 -0.202331975
  outer loop
  vertex -0.0717755184 -0.0212502368 -0.0124588376
  vertex -0.0718028918 -0.0212779045 -0.0124780433
  vertex -0.0717837289 -0.0212526787 -0.0124427043
  endloop
 endfacet

 facet normal -0.622486174 0.756076336 -0.202137768
  outer loop
  vertex -0.0717837289 -0.0212526787 -0.0124427043
  vertex -0.0718028918 -0.0212779045 -0.0124780433
  vertex -0.0718111098 -0.0212795325 -0.0124588376
  endloop
 endfacet

 facet normal -0.62551713 0.755277336 -0.195664331
  outer loop
  vertex -0.0717837289 -0.0212526787 -0.0124427043
  vertex -0.0718111098 -0.0212795325 -0.0124588376
  vertex -0.0718193203 -0.0212811604 -0.0124388626
  endloop
 endfacet

 facet normal -0.62593019 0.75676465 -0.188464016
  outer loop
  vertex -0.0717837289 -0.0212526787 -0.0124427043
  vertex -0.0718193203 -0.0212811604 -0.0124388626
  vertex -0.0718275309 -0.0212827865 -0.0124181202
  endloop
 endfacet

 facet normal -0.617433488 0.771028519 -0.155855522
  outer loop
  vertex -0.0717837289 -0.0212526787 -0.0124427043
  vertex -0.0718275309 -0.0212827865 -0.0124181202
  vertex -0.0717892051 -0.0212534908 -0.0124250343
  endloop
 endfacet

 facet normal -0.617119014 0.77416867 -0.140808567
  outer loop
  vertex -0.0717892051 -0.0212534908 -0.0124250343
  vertex -0.0718275309 -0.0212827865 -0.0124181202
  vertex -0.0718001574 -0.0212559327 -0.0123904627
  endloop
 endfacet

 facet normal -0.664099336 0.74474895 -0.0657361299
  outer loop
  vertex -0.0718001574 -0.0212559327 -0.0123904627
  vertex -0.0718275309 -0.0212827865 -0.0124181202
  vertex -0.0718357489 -0.0212844145 -0.012353587
  endloop
 endfacet

 facet normal -0.624844193 0.78074944 -4.34867652e-05
  outer loop
  vertex -0.0718001574 -0.0212559327 -0.0123904627
  vertex -0.0718357489 -0.0212844145 -0.012353587
  vertex -0.0718056336 -0.0212600026 -0.0067630196
  endloop
 endfacet

 facet normal -0.607252777 0.794508696 -1.64197681e-05
  outer loop
  vertex -0.0718001574 -0.0212559327 -0.0123904627
  vertex -0.0718056336 -0.0212600026 -0.0067630196
  vertex -0.0717864633 -0.0212453548 -0.0067630196
  endloop
 endfacet

 facet normal -0.604892671 0.796306908 0.000327882386
  outer loop
  vertex -0.0717673004 -0.0212315191 -0.00500602834
  vertex -0.0717864633 -0.0212453548 -0.0067630196
  vertex -0.0717919394 -0.0212502368 -0.00500602834
  endloop
 endfacet

 facet normal -0.607252836 0.794508696 0.000315531273
  outer loop
  vertex -0.0717864633 -0.0212453548 -0.0067630196
  vertex -0.0718056336 -0.0212600026 -0.0067630196
  vertex -0.0717919394 -0.0212502368 -0.00500602834
  endloop
 endfacet

 facet normal -0.283437312 -0.953552127 0.101988845
  outer loop
  vertex -0.0714059174 -0.0231096838 -0.00500602834
  vertex -0.0714332983 -0.0231015477 -0.00500602834
  vertex -0.071515426 -0.023667112 -0.010522075
  endloop
 endfacet

 facet normal -0.276837349 -0.955482244 0.102052867
  outer loop
  vertex -0.0714059174 -0.0231096838 -0.00500602834
  vertex -0.071515426 -0.023667112 -0.010522075
  vertex -0.071499005 -0.023667112 -0.0104775159
  endloop
 endfacet

 facet normal -0.069977358 -0.0158671327 -0.997422397
  outer loop
  vertex -0.0710445344 -0.023667112 -0.0128544867
  vertex -0.0710883364 -0.023667112 -0.0128514143
  vertex -0.0715428069 -0.0216628145 -0.0128514143
  endloop
 endfacet

 facet normal -0.132042736 0.010363372 -0.991189837
  outer loop
  vertex -0.0715428069 -0.0216628145 -0.0128514143
  vertex -0.0715838745 -0.0216717664 -0.0128460368
  vertex -0.0715510175 -0.021620499 -0.0128498776
  endloop
 endfacet

 facet normal -0.121793471 -0.0276162662 -0.992171228
  outer loop
  vertex -0.0715428069 -0.0216628145 -0.0128514143
  vertex -0.0710883364 -0.023667112 -0.0128514143
  vertex -0.0711321458 -0.023667112 -0.0128460368
  endloop
 endfacet

 facet normal -0.12377093 -0.0280207433 -0.991915166
  outer loop
  vertex -0.0715428069 -0.0216628145 -0.0128514143
  vertex -0.0711321458 -0.023667112 -0.0128460368
  vertex -0.0715838745 -0.0216717664 -0.0128460368
  endloop
 endfacet

 facet normal -0.16176784 0.029772101 -0.986379623
  outer loop
  vertex -0.0715510175 -0.021620499 -0.0128498776
  vertex -0.0715838745 -0.0216717664 -0.0128460368
  vertex -0.0715948269 -0.0216294508 -0.0128429634
  endloop
 endfacet

 facet normal -0.170215249 0.0740105063 -0.982623696
  outer loop
  vertex -0.0715510175 -0.021620499 -0.0128498776
  vertex -0.0715948269 -0.0216294508 -0.0128429634
  vertex -0.0716030374 -0.0215871334 -0.0128383534
  endloop
 endfacet

 facet normal -0.13935478 0.122143045 -0.982680738
  outer loop
  vertex -0.0715510175 -0.021620499 -0.0128498776
  vertex -0.0716030374 -0.0215871334 -0.0128383534
  vertex -0.0715619698 -0.0215773694 -0.0128429634
  endloop
 endfacet

 facet normal -0.153038129 0.185352415 -0.970682144
  outer loop
  vertex -0.0715619698 -0.0215773694 -0.0128429634
  vertex -0.0716030374 -0.0215871334 -0.0128383534
  vertex -0.0715701804 -0.0215358678 -0.0128337443
  endloop
 endfacet

 facet normal -0.299379617 0.790428042 -0.53441143
  outer loop
  vertex -0.071635887 -0.021239657 -0.0125994273
  vertex -0.071635887 -0.0212640706 -0.0126355356
  vertex -0.0716605261 -0.0212697666 -0.0126301572
  endloop
 endfacet

 facet normal -0.318736136 0.792113006 -0.520542264
  outer loop
  vertex -0.071635887 -0.021239657 -0.0125994273
  vertex -0.0716605261 -0.0212697666 -0.0126301572
  vertex -0.0716769546 -0.0212486088 -0.012587904
  endloop
 endfacet

 facet normal -0.387213051 0.764881909 -0.514802575
  outer loop
  vertex -0.0716769546 -0.0212486088 -0.012587904
  vertex -0.0716824308 -0.0212746505 -0.0126224756
  vertex -0.0717043355 -0.0212795325 -0.0126132555
  endloop
 endfacet

 facet normal -0.41442737 0.767667532 -0.488811344
  outer loop
  vertex -0.0716769546 -0.0212486088 -0.012587904
  vertex -0.0717043355 -0.0212795325 -0.0126132555
  vertex -0.0717152879 -0.0212575607 -0.0125694657
  endloop
 endfacet

 facet normal -0.356523842 0.77253741 -0.525430083
  outer loop
  vertex -0.0716769546 -0.0212486088 -0.012587904
  vertex -0.0716605261 -0.0212697666 -0.0126301572
  vertex -0.0716824308 -0.0212746505 -0.0126224756
  endloop
 endfacet

 facet normal -0.182456717 0.203418538 -0.961941004
  outer loop
  vertex -0.0715701804 -0.0215358678 -0.0128337443
  vertex -0.0716030374 -0.0215871334 -0.0128383534
  vertex -0.0716085136 -0.0215448197 -0.0128283668
  endloop
 endfacet

 facet normal -0.191207394 0.248283744 -0.94962883
  outer loop
  vertex -0.0715701804 -0.0215358678 -0.0128337443
  vertex -0.0716085136 -0.0215448197 -0.0128283668
  vertex -0.0715783983 -0.0214951783 -0.0128214518
  endloop
 endfacet

 facet normal -0.211715221 0.259690404 -0.942198277
  outer loop
  vertex -0.0715783983 -0.0214951783 -0.0128214518
  vertex -0.0716085136 -0.0215448197 -0.0128283668
  vertex -0.0716167241 -0.0215041302 -0.0128153069
  endloop
 endfacet

 facet normal -0.225547835 0.3386316 -0.913486123
  outer loop
  vertex -0.0715783983 -0.0214951783 -0.0128214518
  vertex -0.0716167241 -0.0215041302 -0.0128153069
  vertex -0.0716222003 -0.0214642566 -0.0127991736
  endloop
 endfacet

 facet normal -0.22555238 0.338625818 -0.913487077
  outer loop
  vertex -0.0715783983 -0.0214951783 -0.0128214518
  vertex -0.0716222003 -0.0214642566 -0.0127991736
  vertex -0.0715838745 -0.0214553047 -0.0128053185
  endloop
 endfacet

 facet normal -0.237824738 0.415602624 -0.877903104
  outer loop
  vertex -0.0715838745 -0.0214553047 -0.0128053185
  vertex -0.0716222003 -0.0214642566 -0.0127991736
  vertex -0.0716276765 -0.021425195 -0.0127791986
  endloop
 endfacet

 facet normal -0.229551956 0.425452441 -0.875383496
  outer loop
  vertex -0.0715838745 -0.0214553047 -0.0128053185
  vertex -0.0716276765 -0.021425195 -0.0127791986
  vertex -0.0715920851 -0.0214170571 -0.012784576
  endloop
 endfacet

 facet normal -0.238936305 0.4915995 -0.837400377
  outer loop
  vertex -0.0715920851 -0.0214170571 -0.012784576
  vertex -0.0716276765 -0.021425195 -0.0127791986
  vertex -0.0716304109 -0.0213885754 -0.0127569195
  endloop
 endfacet

 facet normal -0.228897795 0.501894832 -0.834090829
  outer loop
  vertex -0.0715920851 -0.0214170571 -0.012784576
  vertex -0.0716304109 -0.0213885754 -0.0127569195
  vertex -0.0715975612 -0.0213812515 -0.0127615286
  endloop
 endfacet

 facet normal -0.23722063 0.568312049 -0.787875533
  outer loop
  vertex -0.0715975612 -0.0213812515 -0.0127615286
  vertex -0.0716304109 -0.0213885754 -0.0127569195
  vertex -0.0716030374 -0.0213462599 -0.0127346395
  endloop
 endfacet

 facet normal -0.238731921 0.568846345 -0.787033021
  outer loop
  vertex -0.0716030374 -0.0213462599 -0.0127346395
  vertex -0.0716304109 -0.0213885754 -0.0127569195
  vertex -0.0716331527 -0.0213535838 -0.0127307987
  endloop
 endfacet

 facet normal -0.247789532 0.635216534 -0.731505513
  outer loop
  vertex -0.0716030374 -0.0213462599 -0.0127346395
  vertex -0.0716331527 -0.0213535838 -0.0127307987
  vertex -0.071635887 -0.0213210341 -0.0127016045
  endloop
 endfacet

 facet normal -0.232541144 0.647499025 -0.725720108
  outer loop
  vertex -0.0716030374 -0.0213462599 -0.0127346395
  vertex -0.071635887 -0.0213210341 -0.0127016045
  vertex -0.0716057718 -0.0213145241 -0.0127054462
  endloop
 endfacet

 facet normal -0.307066292 0.62097156 -0.721182823
  outer loop
  vertex -0.071635887 -0.0213210341 -0.0127016045
  vertex -0.0716331527 -0.0213535838 -0.0127307987
  vertex -0.0716660023 -0.0213609077 -0.0127231162
  endloop
 endfacet

 facet normal -0.317078888 0.624521494 -0.713746428
  outer loop
  vertex -0.071635887 -0.0213210341 -0.0127016045
  vertex -0.0716660023 -0.0213609077 -0.0127231162
  vertex -0.0716660023 -0.021327544 -0.012693923
  endloop
 endfacet

 facet normal -0.315648854 0.683575332 -0.658096194
  outer loop
  vertex -0.071635887 -0.0213210341 -0.0127016045
  vertex -0.0716660023 -0.021327544 -0.012693923
  vertex -0.0716632679 -0.0212974343 -0.0126639605
  endloop
 endfacet

 facet normal -0.294228137 0.698765457 -0.652040422
  outer loop
  vertex -0.071635887 -0.0213210341 -0.0127016045
  vertex -0.0716632679 -0.0212974343 -0.0126639605
  vertex -0.071635887 -0.0212909244 -0.0126693379
  endloop
 endfacet

 facet normal -0.29467088 0.748217821 -0.594423413
  outer loop
  vertex -0.071635887 -0.0212909244 -0.0126693379
  vertex -0.0716632679 -0.0212974343 -0.0126639605
  vertex -0.071635887 -0.0212640706 -0.0126355356
  endloop
 endfacet

 facet normal -0.301867515 0.749572217 -0.589081824
  outer loop
  vertex -0.071635887 -0.0212640706 -0.0126355356
  vertex -0.0716632679 -0.0212974343 -0.0126639605
  vertex -0.0716605261 -0.0212697666 -0.0126301572
  endloop
 endfacet

 facet normal -0.454144597 0.749738395 -0.481295198
  outer loop
  vertex -0.0717152879 -0.0212575607 -0.0125694657
  vertex -0.0717262328 -0.0212844145 -0.0126009639
  vertex -0.0717481375 -0.0212892964 -0.012587904
  endloop
 endfacet

 facet normal -0.490029186 0.757682979 -0.431031227
  outer loop
  vertex -0.0717152879 -0.0212575607 -0.0125694657
  vertex -0.0717481375 -0.0212892964 -0.012587904
  vertex -0.0717317089 -0.0212616287 -0.0125579424
  endloop
 endfacet

 facet normal -0.479841232 0.775558412 -0.41019696
  outer loop
  vertex -0.0717152879 -0.0212575607 -0.0125694657
  vertex -0.0717317089 -0.0212616287 -0.0125579424
  vertex -0.0717481375 -0.0212648846 -0.0125448816
  endloop
 endfacet

 facet normal -0.441749185 0.752712786 -0.488140434
  outer loop
  vertex -0.0717152879 -0.0212575607 -0.0125694657
  vertex -0.0717043355 -0.0212795325 -0.0126132555
  vertex -0.0717262328 -0.0212844145 -0.0126009639
  endloop
 endfacet

 facet normal -0.491755843 0.757301807 -0.429732651
  outer loop
  vertex -0.0717481375 -0.0212648846 -0.0125448816
  vertex -0.0717317089 -0.0212616287 -0.0125579424
  vertex -0.0717481375 -0.0212892964 -0.012587904
  endloop
 endfacet

 facet normal -0.501929879 0.75223583 -0.426857948
  outer loop
  vertex -0.0717481375 -0.0212648846 -0.0125448816
  vertex -0.0717481375 -0.0212892964 -0.012587904
  vertex -0.0717673004 -0.0212933663 -0.012572539
  endloop
 endfacet

 facet normal -0.520734966 0.748713255 -0.410199583
  outer loop
  vertex -0.0717481375 -0.0212648846 -0.0125448816
  vertex -0.0717673004 -0.0212933663 -0.012572539
  vertex -0.0717864633 -0.0212974343 -0.0125556374
  endloop
 endfacet

 facet normal -0.537118912 0.756051004 -0.374018848
  outer loop
  vertex -0.0717481375 -0.0212648846 -0.0125448816
  vertex -0.0717864633 -0.0212974343 -0.0125556374
  vertex -0.071764566 -0.0212689526 -0.0125295166
  endloop
 endfacet

 facet normal -0.567566097 0.749322414 -0.341151953
  outer loop
  vertex -0.071764566 -0.0212689526 -0.0125295166
  vertex -0.0717864633 -0.0212974343 -0.0125556374
  vertex -0.0717919394 -0.0212746505 -0.0124964816
  endloop
 endfacet

 facet normal -0.616849005 0.713646948 -0.331971824
  outer loop
  vertex -0.0717919394 -0.0212746505 -0.0124964816
  vertex -0.0717864633 -0.0212974343 -0.0125556374
  vertex -0.0718001574 -0.0213006902 -0.0125371991
  endloop
 endfacet

 facet normal -0.635390282 0.702316046 -0.320985198
  outer loop
  vertex -0.0717919394 -0.0212746505 -0.0124964816
  vertex -0.0718001574 -0.0213006902 -0.0125371991
  vertex -0.0718138441 -0.0213039443 -0.012517225
  endloop
 endfacet

 facet normal -0.640964508 0.700844169 -0.313020796
  outer loop
  vertex -0.0717919394 -0.0212746505 -0.0124964816
  vertex -0.0718138441 -0.0213039443 -0.012517225
  vertex -0.0718275309 -0.0213072002 -0.0124964816
  endloop
 endfacet

 facet normal -0.651455164 0.712314844 -0.261177838
  outer loop
  vertex -0.0717919394 -0.0212746505 -0.0124964816
  vertex -0.0718275309 -0.0213072002 -0.0124964816
  vertex -0.0718028918 -0.0212779045 -0.0124780433
  endloop
 endfacet

 facet normal -0.659687102 0.709977806 -0.246463701
  outer loop
  vertex -0.0718028918 -0.0212779045 -0.0124780433
  vertex -0.0718275309 -0.0213072002 -0.0124964816
  vertex -0.0718494356 -0.0213120822 -0.0124519235
  endloop
 endfacet

 facet normal -0.654275954 0.724018514 -0.218449831
  outer loop
  vertex -0.0718028918 -0.0212779045 -0.0124780433
  vertex -0.0718494356 -0.0213120822 -0.0124519235
  vertex -0.0718111098 -0.0212795325 -0.0124588376
  endloop
 endfacet

 facet normal -0.654613256 0.726211369 -0.209996819
  outer loop
  vertex -0.0718111098 -0.0212795325 -0.0124588376
  vertex -0.0718494356 -0.0213120822 -0.0124519235
  vertex -0.0718193203 -0.0212811604 -0.0124388626
  endloop
 endfacet

 facet normal -0.657152534 0.725836456 -0.203253672
  outer loop
  vertex -0.0718193203 -0.0212811604 -0.0124388626
  vertex -0.0718494356 -0.0213120822 -0.0124519235
  vertex -0.0718275309 -0.0212827865 -0.0124181202
  endloop
 endfacet

 facet normal -0.724923491 0.678579509 -0.118388586
  outer loop
  vertex -0.0718275309 -0.0212827865 -0.0124181202
  vertex -0.0718494356 -0.0213120822 -0.0124519235
  vertex -0.0718603879 -0.0213153381 -0.0124035235
  endloop
 endfacet

 facet normal -0.719295859 0.690071046 -0.0800967664
  outer loop
  vertex -0.0718275309 -0.0212827865 -0.0124181202
  vertex -0.0718603879 -0.0213153381 -0.0124035235
  vertex -0.0718631223 -0.0213153381 -0.0123789394
  endloop
 endfacet

 facet normal -0.717983782 0.691728771 -0.0775277168
  outer loop
  vertex -0.0718275309 -0.0212827865 -0.0124181202
  vertex -0.0718631223 -0.0213153381 -0.0123789394
  vertex -0.0718658641 -0.0213153381 -0.012353587
  endloop
 endfacet

 facet normal -0.714466751 0.695810795 -0.0733799189
  outer loop
  vertex -0.0718275309 -0.0212827865 -0.0124181202
  vertex -0.0718658641 -0.0213153381 -0.012353587
  vertex -0.0718357489 -0.0212844145 -0.012353587
  endloop
 endfacet

 facet normal -0.629728258 0.776815534 0
  outer loop
  vertex -0.0718357489 -0.0212844145 -0.012353587
  vertex -0.0718357489 -0.0212844145 -0.00500602834
  vertex -0.0718056336 -0.0212600026 -0.0067630196
  endloop
 endfacet

 facet normal -0.71639812 0.697691798 -0.000110785848
  outer loop
  vertex -0.0718357489 -0.0212844145 -0.012353587
  vertex -0.0718658641 -0.0213153381 -0.012353587
  vertex -0.0718603879 -0.0213088281 -0.0067630196
  endloop
 endfacet

 facet normal -0.703826129 0.710372329 0
  outer loop
  vertex -0.0718357489 -0.0212844145 -0.012353587
  vertex -0.0718603879 -0.0213088281 -0.0067630196
  vertex -0.0718357489 -0.0212844145 -0.00500602834
  endloop
 endfacet

 facet normal -0.62117517 0.783671677 0.000241859801
  outer loop
  vertex -0.0718056336 -0.0212600026 -0.0067630196
  vertex -0.0718357489 -0.0212844145 -0.00500602834
  vertex -0.0718193203 -0.0212713946 -0.00500602834
  endloop
 endfacet

 facet normal -0.611482918 0.79125762 0.000366559223
  outer loop
  vertex -0.0718056336 -0.0212600026 -0.0067630196
  vertex -0.0718193203 -0.0212713946 -0.00500602834
  vertex -0.0717919394 -0.0212502368 -0.00500602834
  endloop
 endfacet

 facet normal -0.352027863 -0.930555403 0.100713551
  outer loop
  vertex -0.0714332983 -0.0231015477 -0.00500602834
  vertex -0.0714634135 -0.0230901539 -0.00500602834
  vertex -0.071523644 -0.023667112 -0.0105474275
  endloop
 endfacet

 facet normal -0.313235849 -0.944238245 0.101477586
  outer loop
  vertex -0.0714332983 -0.0231015477 -0.00500602834
  vertex -0.071523644 -0.023667112 -0.0105474275
  vertex -0.071515426 -0.023667112 -0.010522075
  endloop
 endfacet

 facet normal -0.238151833 0.00890117232 -0.971187115
  outer loop
  vertex -0.0715838745 -0.0216717664 -0.0128460368
  vertex -0.0716249347 -0.0216807164 -0.0128360484
  vertex -0.0715948269 -0.0216294508 -0.0128429634
  endloop
 endfacet

 facet normal -0.21299915 -0.0482212976 -0.975861728
  outer loop
  vertex -0.0715838745 -0.0216717664 -0.0128460368
  vertex -0.0711321458 -0.023667112 -0.0128460368
  vertex -0.071181424 -0.023667112 -0.01283528
  endloop
 endfacet

 facet normal -0.22556892 -0.0507406071 -0.972904921
  outer loop
  vertex -0.0715838745 -0.0216717664 -0.0128460368
  vertex -0.071181424 -0.023667112 -0.01283528
  vertex -0.0716249347 -0.0216807164 -0.0128360484
  endloop
 endfacet

 facet normal -0.256571114 0.0203784071 -0.966310501
  outer loop
  vertex -0.0715948269 -0.0216294508 -0.0128429634
  vertex -0.0716249347 -0.0216807164 -0.0128360484
  vertex -0.0716331527 -0.0216384009 -0.0128329759
  endloop
 endfacet

 facet normal -0.263540924 0.0537483506 -0.963149726
  outer loop
  vertex -0.0715948269 -0.0216294508 -0.0128429634
  vertex -0.0716331527 -0.0216384009 -0.0128329759
  vertex -0.0716413632 -0.0215960853 -0.0128283668
  endloop
 endfacet

 facet normal -0.263518453 0.0537815504 -0.963154018
  outer loop
  vertex -0.0715948269 -0.0216294508 -0.0128429634
  vertex -0.0716413632 -0.0215960853 -0.0128283668
  vertex -0.0716030374 -0.0215871334 -0.0128383534
  endloop
 endfacet

 facet normal -0.285016477 0.167444319 -0.943783879
  outer loop
  vertex -0.0716030374 -0.0215871334 -0.0128383534
  vertex -0.0716413632 -0.0215960853 -0.0128283668
  vertex -0.0716495812 -0.0215537697 -0.0128183784
  endloop
 endfacet

 facet normal -0.270582736 0.187826261 -0.944196165
  outer loop
  vertex -0.0716030374 -0.0215871334 -0.0128383534
  vertex -0.0716495812 -0.0215537697 -0.0128183784
  vertex -0.0716085136 -0.0215448197 -0.0128283668
  endloop
 endfacet

 facet normal -0.364449441 0.734862447 -0.571973681
  outer loop
  vertex -0.0716605261 -0.0212697666 -0.0126301572
  vertex -0.0716632679 -0.0212974343 -0.0126639605
  vertex -0.0716824308 -0.0212746505 -0.0126224756
  endloop
 endfacet

 facet normal -0.396712959 0.730868697 -0.555382609
  outer loop
  vertex -0.0716824308 -0.0212746505 -0.0126224756
  vertex -0.0717152879 -0.0213088281 -0.0126439864
  vertex -0.0717043355 -0.0212795325 -0.0126132555
  endloop
 endfacet

 facet normal -0.379332066 0.7257967 -0.573869586
  outer loop
  vertex -0.0716824308 -0.0212746505 -0.0126224756
  vertex -0.0716632679 -0.0212974343 -0.0126639605
  vertex -0.0717152879 -0.0213088281 -0.0126439864
  endloop
 endfacet

 facet normal -0.454737037 0.719949901 -0.524296165
  outer loop
  vertex -0.0717043355 -0.0212795325 -0.0126132555
  vertex -0.0717152879 -0.0213088281 -0.0126439864
  vertex -0.0717262328 -0.0212844145 -0.0126009639
  endloop
 endfacet

 facet normal -0.276021659 0.223168954 -0.934883773
  outer loop
  vertex -0.0716085136 -0.0215448197 -0.0128283668
  vertex -0.0716495812 -0.0215537697 -0.0128183784
  vertex -0.0716550574 -0.0215122681 -0.0128068551
  endloop
 endfacet

 facet normal -0.258454263 0.247549206 -0.933767021
  outer loop
  vertex -0.0716085136 -0.0215448197 -0.0128283668
  vertex -0.0716550574 -0.0215122681 -0.0128068551
  vertex -0.0716167241 -0.0215041302 -0.0128153069
  endloop
 endfacet

 facet normal -0.269443154 0.329169482 -0.905012608
  outer loop
  vertex -0.0716167241 -0.0215041302 -0.0128153069
  vertex -0.0716550574 -0.0215122681 -0.0128068551
  vertex -0.0716605261 -0.0214723945 -0.0127907218
  endloop
 endfacet

 facet normal -0.269437611 0.329176486 -0.905011773
  outer loop
  vertex -0.0716167241 -0.0215041302 -0.0128153069
  vertex -0.0716605261 -0.0214723945 -0.0127907218
  vertex -0.0716222003 -0.0214642566 -0.0127991736
  endloop
 endfacet

 facet normal -0.278156221 0.406136811 -0.870449305
  outer loop
  vertex -0.0716222003 -0.0214642566 -0.0127991736
  vertex -0.0716605261 -0.0214723945 -0.0127907218
  vertex -0.0716276765 -0.021425195 -0.0127791986
  endloop
 endfacet

 facet normal -0.280747831 0.407573313 -0.868944585
  outer loop
  vertex -0.0716276765 -0.021425195 -0.0127791986
  vertex -0.0716605261 -0.0214723945 -0.0127907218
  vertex -0.0716632679 -0.0214333329 -0.0127715161
  endloop
 endfacet

 facet normal -0.288737267 0.481769681 -0.827362478
  outer loop
  vertex -0.0716276765 -0.021425195 -0.0127791986
  vertex -0.0716632679 -0.0214333329 -0.0127715161
  vertex -0.0716304109 -0.0213885754 -0.0127569195
  endloop
 endfacet

 facet normal -0.318453252 0.497006416 -0.807200134
  outer loop
  vertex -0.0716304109 -0.0213885754 -0.0127569195
  vertex -0.0716632679 -0.0214333329 -0.0127715161
  vertex -0.0716632679 -0.0213959012 -0.0127484687
  endloop
 endfacet

 facet normal -0.320549965 0.539174438 -0.778805971
  outer loop
  vertex -0.0716304109 -0.0213885754 -0.0127569195
  vertex -0.0716632679 -0.0213959012 -0.0127484687
  vertex -0.0716660023 -0.0213609077 -0.0127231162
  endloop
 endfacet

 facet normal -0.304683387 0.554341793 -0.774514854
  outer loop
  vertex -0.0716304109 -0.0213885754 -0.0127569195
  vertex -0.0716660023 -0.0213609077 -0.0127231162
  vertex -0.0716331527 -0.0213535838 -0.0127307987
  endloop
 endfacet

 facet normal -0.396310747 0.550549269 -0.734733522
  outer loop
  vertex -0.0716660023 -0.0213609077 -0.0127231162
  vertex -0.0716988593 -0.0214040373 -0.0127377128
  vertex -0.0716961175 -0.0213682316 -0.0127123604
  endloop
 endfacet

 facet normal -0.395116448 0.58733809 -0.706340551
  outer loop
  vertex -0.0716660023 -0.0213609077 -0.0127231162
  vertex -0.0716961175 -0.0213682316 -0.0127123604
  vertex -0.0716933832 -0.0213340539 -0.0126854712
  endloop
 endfacet

 facet normal -0.362450838 0.613724589 -0.701406837
  outer loop
  vertex -0.0716660023 -0.0213609077 -0.0127231162
  vertex -0.0716933832 -0.0213340539 -0.0126854712
  vertex -0.0716660023 -0.021327544 -0.012693923
  endloop
 endfacet

 facet normal -0.354040802 0.530384719 -0.770290315
  outer loop
  vertex -0.0716660023 -0.0213609077 -0.0127231162
  vertex -0.0716632679 -0.0213959012 -0.0127484687
  vertex -0.0716988593 -0.0214040373 -0.0127377128
  endloop
 endfacet

 facet normal -0.359451443 0.674444318 -0.644918263
  outer loop
  vertex -0.0716660023 -0.021327544 -0.012693923
  vertex -0.0716933832 -0.0213340539 -0.0126854712
  vertex -0.0716632679 -0.0212974343 -0.0126639605
  endloop
 endfacet

 facet normal -0.387443006 0.682607114 -0.61962527
  outer loop
  vertex -0.0716632679 -0.0212974343 -0.0126639605
  vertex -0.0716933832 -0.0213340539 -0.0126854712
  vertex -0.0717152879 -0.0213088281 -0.0126439864
  endloop
 endfacet

 facet normal -0.470342845 0.710766435 -0.523057163
  outer loop
  vertex -0.0717262328 -0.0212844145 -0.0126009639
  vertex -0.0717152879 -0.0213088281 -0.0126439864
  vertex -0.0717371851 -0.0213137101 -0.0126309255
  endloop
 endfacet

 facet normal -0.47035417 0.710763812 -0.523050487
  outer loop
  vertex -0.0717262328 -0.0212844145 -0.0126009639
  vertex -0.0717371851 -0.0213137101 -0.0126309255
  vertex -0.0717481375 -0.0212892964 -0.012587904
  endloop
 endfacet

 facet normal -0.473566383 0.70883286 -0.522772431
  outer loop
  vertex -0.0717481375 -0.0212892964 -0.012587904
  vertex -0.0717371851 -0.0213137101 -0.0126309255
  vertex -0.0717618242 -0.0213194061 -0.0126163289
  endloop
 endfacet

 facet normal -0.533176303 0.696187675 -0.48067224
  outer loop
  vertex -0.0717481375 -0.0212892964 -0.012587904
  vertex -0.0717618242 -0.0213194061 -0.0126163289
  vertex -0.0717673004 -0.0212933663 -0.012572539
  endloop
 endfacet

 facet normal -0.540568113 0.691682279 -0.47891745
  outer loop
  vertex -0.0717673004 -0.0212933663 -0.012572539
  vertex -0.0717618242 -0.0213194061 -0.0126163289
  vertex -0.0717837289 -0.0213242881 -0.0125986589
  endloop
 endfacet

 facet normal -0.556423008 0.688487589 -0.465164781
  outer loop
  vertex -0.0717673004 -0.0212933663 -0.012572539
  vertex -0.0717837289 -0.0213242881 -0.0125986589
  vertex -0.0717864633 -0.0212974343 -0.0125556374
  endloop
 endfacet

 facet normal -0.594677567 0.664461553 -0.452603042
  outer loop
  vertex -0.0717864633 -0.0212974343 -0.0125556374
  vertex -0.0717837289 -0.0213242881 -0.0125986589
  vertex -0.0718028918 -0.021328358 -0.0125794522
  endloop
 endfacet

 facet normal -0.657370687 0.646880805 -0.386534631
  outer loop
  vertex -0.0717864633 -0.0212974343 -0.0125556374
  vertex -0.0718028918 -0.021328358 -0.0125794522
  vertex -0.0718357489 -0.0213364959 -0.0125371991
  endloop
 endfacet

 facet normal -0.658033609 0.654076457 -0.373062611
  outer loop
  vertex -0.0717864633 -0.0212974343 -0.0125556374
  vertex -0.0718357489 -0.0213364959 -0.0125371991
  vertex -0.0718001574 -0.0213006902 -0.0125371991
  endloop
 endfacet

 facet normal -0.660125375 0.656155705 -0.36564216
  outer loop
  vertex -0.0718001574 -0.0213006902 -0.0125371991
  vertex -0.0718357489 -0.0213364959 -0.0125371991
  vertex -0.0718521699 -0.0213397499 -0.0125133833
  endloop
 endfacet

 facet normal -0.659390211 0.669072568 -0.342850655
  outer loop
  vertex -0.0718001574 -0.0213006902 -0.0125371991
  vertex -0.0718521699 -0.0213397499 -0.0125133833
  vertex -0.0718138441 -0.0213039443 -0.012517225
  endloop
 endfacet

 facet normal -0.661652207 0.672756612 -0.33108145
  outer loop
  vertex -0.0718138441 -0.0213039443 -0.012517225
  vertex -0.0718521699 -0.0213397499 -0.0125133833
  vertex -0.0718275309 -0.0213072002 -0.0124964816
  endloop
 endfacet

 facet normal -0.695612669 0.66618675 -0.2689206
  outer loop
  vertex -0.0718275309 -0.0213072002 -0.0124964816
  vertex -0.0718521699 -0.0213397499 -0.0125133833
  vertex -0.0718494356 -0.0213120822 -0.0124519235
  endloop
 endfacet

 facet normal -0.725171804 0.639393628 -0.255542278
  outer loop
  vertex -0.0718494356 -0.0213120822 -0.0124519235
  vertex -0.0718521699 -0.0213397499 -0.0125133833
  vertex -0.0718740746 -0.0213446338 -0.0124634467
  endloop
 endfacet

 facet normal -0.754826307 0.632664382 -0.173127115
  outer loop
  vertex -0.0718494356 -0.0213120822 -0.0124519235
  vertex -0.0718740746 -0.0213446338 -0.0124634467
  vertex -0.0718822852 -0.0213470738 -0.0124365585
  endloop
 endfacet

 facet normal -0.750648856 0.647874951 -0.129554778
  outer loop
  vertex -0.0718494356 -0.0213120822 -0.0124519235
  vertex -0.0718822852 -0.0213470738 -0.0124365585
  vertex -0.0718932375 -0.0213487018 -0.0123812445
  endloop
 endfacet

 facet normal -0.74747169 0.652378738 -0.125252277
  outer loop
  vertex -0.0718494356 -0.0213120822 -0.0124519235
  vertex -0.0718932375 -0.0213487018 -0.0123812445
  vertex -0.0718603879 -0.0213153381 -0.0124035235
  endloop
 endfacet

 facet normal -0.736994326 0.670898199 -0.0820675716
  outer loop
  vertex -0.0718603879 -0.0213153381 -0.0124035235
  vertex -0.0718932375 -0.0213487018 -0.0123812445
  vertex -0.0718631223 -0.0213153381 -0.0123789394
  endloop
 endfacet

 facet normal -0.737227499 0.670938611 -0.0796056464
  outer loop
  vertex -0.0718631223 -0.0213153381 -0.0123789394
  vertex -0.0718932375 -0.0213487018 -0.0123812445
  vertex -0.0718658641 -0.0213153381 -0.012353587
  endloop
 endfacet

 facet normal -0.772989869 0.634418428 -0.000147330109
  outer loop
  vertex -0.0718658641 -0.0213153381 -0.012353587
  vertex -0.0718932375 -0.0213487018 -0.0123812445
  vertex -0.0718822852 -0.0213340539 -0.0067630196
  endloop
 endfacet

 facet normal -0.755107343 0.655601144 -2.38674984e-05
  outer loop
  vertex -0.0718658641 -0.0213153381 -0.012353587
  vertex -0.0718822852 -0.0213340539 -0.0067630196
  vertex -0.0718603879 -0.0213088281 -0.0067630196
  endloop
 endfacet

 facet normal -0.71639812 0.697691679 0.000352509291
  outer loop
  vertex -0.0718357489 -0.0212844145 -0.00500602834
  vertex -0.0718603879 -0.0213088281 -0.0067630196
  vertex -0.0718658641 -0.0213153381 -0.00500602834
  endloop
 endfacet

 facet normal -0.755107343 0.655601144 7.59439572e-05
  outer loop
  vertex -0.0718603879 -0.0213088281 -0.0067630196
  vertex -0.0718822852 -0.0213340539 -0.0067630196
  vertex -0.0718658641 -0.0213153381 -0.00500602834
  endloop
 endfacet

 facet normal -0.392549872 -0.914336622 0.0994653404
  outer loop
  vertex -0.0714634135 -0.0230901539 -0.00500602834
  vertex -0.0714880526 -0.023079576 -0.00500602834
  vertex -0.071523644 -0.023667112 -0.0105474275
  endloop
 endfacet

 facet normal -0.400646627 -0.910852373 0.0991479084
  outer loop
  vertex -0.071523644 -0.023667112 -0.0105474275
  vertex -0.0714880526 -0.023079576 -0.00500602834
  vertex -0.0715373307 -0.023667112 -0.0106027415
  endloop
 endfacet

 facet normal -0.303781748 -0.0681949705 -0.950297952
  outer loop
  vertex -0.0716249347 -0.0216807164 -0.0128360484
  vertex -0.071181424 -0.023667112 -0.01283528
  vertex -0.0716660023 -0.0216904823 -0.0128222201
  endloop
 endfacet

 facet normal -0.313380986 -0.0263571702 -0.949261606
  outer loop
  vertex -0.0716249347 -0.0216807164 -0.0128360484
  vertex -0.0716660023 -0.0216904823 -0.0128222201
  vertex -0.0716742203 -0.0216481667 -0.0128206834
  endloop
 endfacet

 facet normal -0.289620638 0.0132908951 -0.95704931
  outer loop
  vertex -0.0716249347 -0.0216807164 -0.0128360484
  vertex -0.0716742203 -0.0216481667 -0.0128206834
  vertex -0.0716331527 -0.0216384009 -0.0128329759
  endloop
 endfacet

 facet normal -0.318309844 -0.0717898756 -0.945264578
  outer loop
  vertex -0.071181424 -0.023667112 -0.01283528
  vertex -0.0712224916 -0.023667112 -0.0128214518
  vertex -0.0716660023 -0.0216904823 -0.0128222201
  endloop
 endfacet

 facet normal -0.296535134 0.046336446 -0.953897297
  outer loop
  vertex -0.0716331527 -0.0216384009 -0.0128329759
  vertex -0.0716742203 -0.0216481667 -0.0128206834
  vertex -0.0716413632 -0.0215960853 -0.0128283668
  endloop
 endfacet

 facet normal -0.314075977 0.0583296381 -0.947604299
  outer loop
  vertex -0.0716413632 -0.0215960853 -0.0128283668
  vertex -0.0716742203 -0.0216481667 -0.0128206834
  vertex -0.0716824308 -0.0216050372 -0.0128153069
  endloop
 endfacet

 facet normal -0.330032319 0.155698806 -0.931040645
  outer loop
  vertex -0.0716413632 -0.0215960853 -0.0128283668
  vertex -0.0716824308 -0.0216050372 -0.0128153069
  vertex -0.0716495812 -0.0215537697 -0.0128183784
  endloop
 endfacet

 facet normal -0.3349756 0.159006029 -0.928713322
  outer loop
  vertex -0.0716495812 -0.0215537697 -0.0128183784
  vertex -0.0716824308 -0.0216050372 -0.0128153069
  vertex -0.071687907 -0.0215627216 -0.0128060868
  endloop
 endfacet

 facet normal -0.342576325 0.209115773 -0.91592145
  outer loop
  vertex -0.0716495812 -0.0215537697 -0.0128183784
  vertex -0.071687907 -0.0215627216 -0.0128060868
  vertex -0.0716933832 -0.02152122 -0.0127945635
  endloop
 endfacet

 facet normal -0.342569768 0.209124804 -0.915921867
  outer loop
  vertex -0.0716495812 -0.0215537697 -0.0128183784
  vertex -0.0716933832 -0.02152122 -0.0127945635
  vertex -0.0716550574 -0.0215122681 -0.0128068551
  endloop
 endfacet

 facet normal -0.4346219 0.649196982 -0.624217212
  outer loop
  vertex -0.0717152879 -0.0213088281 -0.0126439864
  vertex -0.0716933832 -0.0213340539 -0.0126854712
  vertex -0.071720764 -0.0213405639 -0.0126731796
  endloop
 endfacet

 facet normal -0.446935505 0.646179914 -0.618627667
  outer loop
  vertex -0.0717152879 -0.0213088281 -0.0126439864
  vertex -0.071720764 -0.0213405639 -0.0126731796
  vertex -0.0717481375 -0.0213462599 -0.0126593513
  endloop
 endfacet

 facet normal -0.487317413 0.66161859 -0.569896936
  outer loop
  vertex -0.0717152879 -0.0213088281 -0.0126439864
  vertex -0.0717481375 -0.0213462599 -0.0126593513
  vertex -0.0717371851 -0.0213137101 -0.0126309255
  endloop
 endfacet

 facet normal -0.355033726 0.308324993 -0.88254565
  outer loop
  vertex -0.0716550574 -0.0215122681 -0.0128068551
  vertex -0.0716933832 -0.02152122 -0.0127945635
  vertex -0.0716605261 -0.0214723945 -0.0127907218
  endloop
 endfacet

 facet normal -0.356182396 0.309041679 -0.881831825
  outer loop
  vertex -0.0716605261 -0.0214723945 -0.0127907218
  vertex -0.0716933832 -0.02152122 -0.0127945635
  vertex -0.0716961175 -0.0214805324 -0.0127791986
  endloop
 endfacet

 facet normal -0.363185108 0.39050293 -0.845933855
  outer loop
  vertex -0.0716605261 -0.0214723945 -0.0127907218
  vertex -0.0716961175 -0.0214805324 -0.0127791986
  vertex -0.0716988593 -0.0214414708 -0.0127599919
  endloop
 endfacet

 facet normal -0.363203973 0.390481323 -0.845935702
  outer loop
  vertex -0.0716605261 -0.0214723945 -0.0127907218
  vertex -0.0716988593 -0.0214414708 -0.0127599919
  vertex -0.0716632679 -0.0214333329 -0.0127715161
  endloop
 endfacet

 facet normal -0.367534488 0.475637674 -0.799179077
  outer loop
  vertex -0.0716632679 -0.0214333329 -0.0127715161
  vertex -0.0716988593 -0.0214414708 -0.0127599919
  vertex -0.0716988593 -0.0214040373 -0.0127377128
  endloop
 endfacet

 facet normal -0.352928251 0.49056372 -0.796736419
  outer loop
  vertex -0.0716632679 -0.0214333329 -0.0127715161
  vertex -0.0716988593 -0.0214040373 -0.0127377128
  vertex -0.0716632679 -0.0213959012 -0.0127484687
  endloop
 endfacet

 facet normal -0.450886428 0.456495464 -0.767015874
  outer loop
  vertex -0.0716988593 -0.0214040373 -0.0127377128
  vertex -0.0716988593 -0.0214414708 -0.0127599919
  vertex -0.0717289746 -0.0214105472 -0.0127238845
  endloop
 endfacet

 facet normal -0.445850462 0.529575109 -0.721642375
  outer loop
  vertex -0.0716988593 -0.0214040373 -0.0127377128
  vertex -0.0717289746 -0.0214105472 -0.0127238845
  vertex -0.0717262328 -0.0213747416 -0.0126992995
  endloop
 endfacet

 facet normal -0.430109262 0.543367863 -0.72094202
  outer loop
  vertex -0.0716988593 -0.0214040373 -0.0127377128
  vertex -0.0717262328 -0.0213747416 -0.0126992995
  vertex -0.0716961175 -0.0213682316 -0.0127123604
  endloop
 endfacet

 facet normal -0.426376194 0.58013767 -0.694005489
  outer loop
  vertex -0.0716961175 -0.0213682316 -0.0127123604
  vertex -0.0717262328 -0.0213747416 -0.0126992995
  vertex -0.0716933832 -0.0213340539 -0.0126854712
  endloop
 endfacet

 facet normal -0.443511128 0.587999046 -0.676428199
  outer loop
  vertex -0.0716933832 -0.0213340539 -0.0126854712
  vertex -0.0717262328 -0.0213747416 -0.0126992995
  vertex -0.071720764 -0.0213405639 -0.0126731796
  endloop
 endfacet

 facet normal -0.48961556 0.661147535 -0.568472147
  outer loop
  vertex -0.0717371851 -0.0213137101 -0.0126309255
  vertex -0.0717481375 -0.0213462599 -0.0126593513
  vertex -0.0717618242 -0.0213194061 -0.0126163289
  endloop
 endfacet

 facet normal -0.565170169 0.623570859 -0.540131569
  outer loop
  vertex -0.0717618242 -0.0213194061 -0.0126163289
  vertex -0.0717727765 -0.0213519577 -0.0126424497
  vertex -0.0717974156 -0.0213576537 -0.012623243
  endloop
 endfacet

 facet normal -0.569360673 0.626130462 -0.532718599
  outer loop
  vertex -0.0717618242 -0.0213194061 -0.0126163289
  vertex -0.0717974156 -0.0213576537 -0.012623243
  vertex -0.0717837289 -0.0213242881 -0.0125986589
  endloop
 endfacet

 facet normal -0.532581687 0.631437957 -0.563598096
  outer loop
  vertex -0.0717618242 -0.0213194061 -0.0126163289
  vertex -0.0717481375 -0.0213462599 -0.0126593513
  vertex -0.0717727765 -0.0213519577 -0.0126424497
  endloop
 endfacet

 facet normal -0.619871199 0.614193499 -0.488391221
  outer loop
  vertex -0.0717837289 -0.0213242881 -0.0125986589
  vertex -0.0717974156 -0.0213576537 -0.012623243
  vertex -0.0718028918 -0.021328358 -0.0125794522
  endloop
 endfacet

 facet normal -0.648681462 0.592592418 -0.477542371
  outer loop
  vertex -0.0718028918 -0.021328358 -0.0125794522
  vertex -0.0717974156 -0.0213576537 -0.012623243
  vertex -0.0718165785 -0.0213625357 -0.012603269
  endloop
 endfacet

 facet normal -0.649944961 0.592221141 -0.476283252
  outer loop
  vertex -0.0718028918 -0.021328358 -0.0125794522
  vertex -0.0718165785 -0.0213625357 -0.012603269
  vertex -0.0718384832 -0.0213674176 -0.0125794522
  endloop
 endfacet

 facet normal -0.666449547 0.60725987 -0.432527959
  outer loop
  vertex -0.0718028918 -0.021328358 -0.0125794522
  vertex -0.0718384832 -0.0213674176 -0.0125794522
  vertex -0.0718576461 -0.0213714875 -0.0125556374
  endloop
 endfacet

 facet normal -0.668192089 0.628240824 -0.398538321
  outer loop
  vertex -0.0718028918 -0.021328358 -0.0125794522
  vertex -0.0718576461 -0.0213714875 -0.0125556374
  vertex -0.0718357489 -0.0213364959 -0.0125371991
  endloop
 endfacet

 facet normal -0.678934276 0.626595795 -0.382656276
  outer loop
  vertex -0.0718357489 -0.0213364959 -0.0125371991
  vertex -0.0718576461 -0.0213714875 -0.0125556374
  vertex -0.0718521699 -0.0213397499 -0.0125133833
  endloop
 endfacet

 facet normal -0.757447124 0.565388799 -0.326511115
  outer loop
  vertex -0.0718521699 -0.0213397499 -0.0125133833
  vertex -0.0718576461 -0.0213714875 -0.0125556374
  vertex -0.0718713403 -0.0213747416 -0.0125295166
  endloop
 endfacet

 facet normal -0.761383235 0.564219475 -0.31929934
  outer loop
  vertex -0.0718521699 -0.0213397499 -0.0125133833
  vertex -0.0718713403 -0.0213747416 -0.0125295166
  vertex -0.071885027 -0.0213779975 -0.0125026284
  endloop
 endfacet

 facet normal -0.762533426 0.567803621 -0.310067415
  outer loop
  vertex -0.0718521699 -0.0213397499 -0.0125133833
  vertex -0.071885027 -0.0213779975 -0.0125026284
  vertex -0.0718987137 -0.0213804375 -0.0124734342
  endloop
 endfacet

 facet normal -0.755251825 0.595878601 -0.27298981
  outer loop
  vertex -0.0718521699 -0.0213397499 -0.0125133833
  vertex -0.0718987137 -0.0213804375 -0.0124734342
  vertex -0.0718740746 -0.0213446338 -0.0124634467
  endloop
 endfacet

 facet normal -0.784449518 0.591676652 -0.185897544
  outer loop
  vertex -0.0718740746 -0.0213446338 -0.0124634467
  vertex -0.0718987137 -0.0213804375 -0.0124734342
  vertex -0.0718822852 -0.0213470738 -0.0124365585
  endloop
 endfacet

 facet normal -0.793291032 0.583328247 -0.174406141
  outer loop
  vertex -0.0718822852 -0.0213470738 -0.0124365585
  vertex -0.0718987137 -0.0213804375 -0.0124734342
  vertex -0.0719069242 -0.0213828795 -0.012444241
  endloop
 endfacet

 facet normal -0.801065803 0.581614435 -0.141485438
  outer loop
  vertex -0.0718822852 -0.0213470738 -0.0124365585
  vertex -0.0719069242 -0.0213828795 -0.012444241
  vertex -0.0718932375 -0.0213487018 -0.0123812445
  endloop
 endfacet

 facet normal -0.811144054 0.569577813 -0.132765204
  outer loop
  vertex -0.0718932375 -0.0213487018 -0.0123812445
  vertex -0.0719069242 -0.0213828795 -0.012444241
  vertex -0.0719178766 -0.0213845074 -0.0123843178
  endloop
 endfacet

 facet normal -0.823795199 0.566887558 9.17716716e-06
  outer loop
  vertex -0.0718932375 -0.0213487018 -0.0123812445
  vertex -0.0719178766 -0.0213845074 -0.0123843178
  vertex -0.0718959793 -0.0213527717 -0.0067630196
  endloop
 endfacet

 facet normal -0.807167232 0.590322912 3.42525527e-05
  outer loop
  vertex -0.0718932375 -0.0213487018 -0.0123812445
  vertex -0.0718959793 -0.0213527717 -0.0067630196
  vertex -0.0718822852 -0.0213340539 -0.0067630196
  endloop
 endfacet

 facet normal -0.807167232 0.590322912 0.000163901714
  outer loop
  vertex -0.0718822852 -0.0213340539 -0.0067630196
  vertex -0.0718959793 -0.0213527717 -0.0067630196
  vertex -0.0718932375 -0.0213495158 -0.00500602834
  endloop
 endfacet

 facet normal -0.780473888 0.625188112 0.000637089077
  outer loop
  vertex -0.0718822852 -0.0213340539 -0.0067630196
  vertex -0.0718932375 -0.0213495158 -0.00500602834
  vertex -0.0718658641 -0.0213153381 -0.00500602834
  endloop
 endfacet

 facet normal -0.43285045 -0.896135449 0.0978864953
  outer loop
  vertex -0.0714880526 -0.023079576 -0.00500602834
  vertex -0.0715099499 -0.0230689961 -0.00500602834
  vertex -0.0715373307 -0.023667112 -0.0106027415
  endloop
 endfacet

 facet normal -0.521730959 -0.848030984 0.0929537937
  outer loop
  vertex -0.0715373307 -0.023667112 -0.0106027415
  vertex -0.0715428069 -0.0230502803 -0.00500602834
  vertex -0.0715400651 -0.023667112 -0.0106181065
  endloop
 endfacet

 facet normal -0.492777199 -0.864970684 0.0948490947
  outer loop
  vertex -0.0715373307 -0.023667112 -0.0106027415
  vertex -0.0715099499 -0.0230689961 -0.00500602834
  vertex -0.0715428069 -0.0230502803 -0.00500602834
  endloop
 endfacet

 facet normal -0.380360335 -0.0402767472 -0.923960924
  outer loop
  vertex -0.0716660023 -0.0216904823 -0.0128222201
  vertex -0.0717043355 -0.0216986202 -0.0128060868
  vertex -0.0716742203 -0.0216481667 -0.0128206834
  endloop
 endfacet

 facet normal -0.371440768 -0.0837034136 -0.924675882
  outer loop
  vertex -0.0716660023 -0.0216904823 -0.0128222201
  vertex -0.0712224916 -0.023667112 -0.0128214518
  vertex -0.0717043355 -0.0216986202 -0.0128060868
  endloop
 endfacet

 facet normal -0.416036904 -0.0147193028 -0.909228563
  outer loop
  vertex -0.0716742203 -0.0216481667 -0.0128206834
  vertex -0.0717043355 -0.0216986202 -0.0128060868
  vertex -0.0717125461 -0.0216563046 -0.0128030134
  endloop
 endfacet

 facet normal -0.421561778 0.0169221666 -0.906641841
  outer loop
  vertex -0.0716742203 -0.0216481667 -0.0128206834
  vertex -0.0717125461 -0.0216563046 -0.0128030134
  vertex -0.071720764 -0.021613989 -0.0127984053
  endloop
 endfacet

 facet normal -0.410153747 0.0355097577 -0.911324859
  outer loop
  vertex -0.0716742203 -0.0216481667 -0.0128206834
  vertex -0.071720764 -0.021613989 -0.0127984053
  vertex -0.0716824308 -0.0216050372 -0.0128153069
  endloop
 endfacet

 facet normal -0.394759119 -0.089491345 -0.914415956
  outer loop
  vertex -0.0712224916 -0.023667112 -0.0128214518
  vertex -0.071258083 -0.023667112 -0.0128060868
  vertex -0.0717043355 -0.0216986202 -0.0128060868
  endloop
 endfacet

 facet normal -0.424176574 0.121986166 -0.897325754
  outer loop
  vertex -0.0716824308 -0.0216050372 -0.0128153069
  vertex -0.071720764 -0.021613989 -0.0127984053
  vertex -0.0717262328 -0.0215708595 -0.0127899535
  endloop
 endfacet

 facet normal -0.409636199 0.143291503 -0.900924921
  outer loop
  vertex -0.0716824308 -0.0216050372 -0.0128153069
  vertex -0.0717262328 -0.0215708595 -0.0127899535
  vertex -0.071687907 -0.0215627216 -0.0128060868
  endloop
 endfacet

 facet normal -0.415095687 0.192143247 -0.889256179
  outer loop
  vertex -0.071687907 -0.0215627216 -0.0128060868
  vertex -0.0717262328 -0.0215708595 -0.0127899535
  vertex -0.0716933832 -0.02152122 -0.0127945635
  endloop
 endfacet

 facet normal -0.459414661 0.584631622 -0.668688416
  outer loop
  vertex -0.071720764 -0.0213405639 -0.0126731796
  vertex -0.0717262328 -0.0213747416 -0.0126992995
  vertex -0.0717481375 -0.0213462599 -0.0126593513
  endloop
 endfacet

 facet normal -0.466337651 0.579207301 -0.668616652
  outer loop
  vertex -0.0717481375 -0.0213462599 -0.0126593513
  vertex -0.0717262328 -0.0213747416 -0.0126992995
  vertex -0.071756348 -0.0213812515 -0.0126839345
  endloop
 endfacet

 facet normal -0.537948132 0.565489888 -0.625166416
  outer loop
  vertex -0.0717481375 -0.0213462599 -0.0126593513
  vertex -0.071756348 -0.0213812515 -0.0126839345
  vertex -0.0717837289 -0.0213877615 -0.0126662655
  endloop
 endfacet

 facet normal -0.549620271 0.5726794 -0.608240008
  outer loop
  vertex -0.0717481375 -0.0213462599 -0.0126593513
  vertex -0.0717837289 -0.0213877615 -0.0126662655
  vertex -0.0717727765 -0.0213519577 -0.0126424497
  endloop
 endfacet

 facet normal -0.443330467 0.212544501 -0.870794415
  outer loop
  vertex -0.0716933832 -0.02152122 -0.0127945635
  vertex -0.0717262328 -0.0215708595 -0.0127899535
  vertex -0.0717289746 -0.021529356 -0.0127784302
  endloop
 endfacet

 facet normal -0.448396057 0.274938405 -0.850499749
  outer loop
  vertex -0.0716933832 -0.02152122 -0.0127945635
  vertex -0.0717289746 -0.021529356 -0.0127784302
  vertex -0.0717317089 -0.0214886684 -0.0127638336
  endloop
 endfacet

 facet normal -0.434600204 0.292434096 -0.851824522
  outer loop
  vertex -0.0716933832 -0.02152122 -0.0127945635
  vertex -0.0717317089 -0.0214886684 -0.0127638336
  vertex -0.0716961175 -0.0214805324 -0.0127791986
  endloop
 endfacet

 facet normal -0.438284993 0.371692598 -0.818383098
  outer loop
  vertex -0.0716961175 -0.0214805324 -0.0127791986
  vertex -0.0717317089 -0.0214886684 -0.0127638336
  vertex -0.0716988593 -0.0214414708 -0.0127599919
  endloop
 endfacet

 facet normal -0.47439751 0.394281864 -0.787076175
  outer loop
  vertex -0.0716988593 -0.0214414708 -0.0127599919
  vertex -0.0717317089 -0.0214886684 -0.0127638336
  vertex -0.0717317089 -0.0214487948 -0.0127438586
  endloop
 endfacet

 facet normal -0.473201156 0.434198797 -0.766519487
  outer loop
  vertex -0.0716988593 -0.0214414708 -0.0127599919
  vertex -0.0717317089 -0.0214487948 -0.0127438586
  vertex -0.0717618242 -0.0214178711 -0.0127077512
  endloop
 endfacet

 facet normal -0.473212838 0.434177756 -0.766524136
  outer loop
  vertex -0.0716988593 -0.0214414708 -0.0127599919
  vertex -0.0717618242 -0.0214178711 -0.0127077512
  vertex -0.0717289746 -0.0214105472 -0.0127238845
  endloop
 endfacet

 facet normal -0.46663183 0.524596334 -0.712076902
  outer loop
  vertex -0.0717289746 -0.0214105472 -0.0127238845
  vertex -0.0717618242 -0.0214178711 -0.0127077512
  vertex -0.0717262328 -0.0213747416 -0.0126992995
  endloop
 endfacet

 facet normal -0.473638624 0.528847218 -0.704263568
  outer loop
  vertex -0.0717262328 -0.0213747416 -0.0126992995
  vertex -0.0717618242 -0.0214178711 -0.0127077512
  vertex -0.071756348 -0.0213812515 -0.0126839345
  endloop
 endfacet

 facet normal -0.584308088 0.565727472 -0.581838965
  outer loop
  vertex -0.0717727765 -0.0213519577 -0.0126424497
  vertex -0.0717837289 -0.0213877615 -0.0126662655
  vertex -0.0717974156 -0.0213576537 -0.012623243
  endloop
 endfacet

 facet normal -0.671001434 0.535398483 -0.512938261
  outer loop
  vertex -0.0717974156 -0.0213576537 -0.012623243
  vertex -0.071808368 -0.0213934593 -0.0126462905
  vertex -0.0718165785 -0.0213625357 -0.012603269
  endloop
 endfacet

 facet normal -0.597436547 0.555193901 -0.578644454
  outer loop
  vertex -0.0717974156 -0.0213576537 -0.012623243
  vertex -0.0717837289 -0.0213877615 -0.0126662655
  vertex -0.071808368 -0.0213934593 -0.0126462905
  endloop
 endfacet

 facet normal -0.674696565 0.532241344 -0.511374414
  outer loop
  vertex -0.0718165785 -0.0213625357 -0.012603269
  vertex -0.071808368 -0.0213934593 -0.0126462905
  vertex -0.0718302727 -0.0213983413 -0.0126224756
  endloop
 endfacet

 facet normal -0.674712062 0.532238126 -0.511357307
  outer loop
  vertex -0.0718165785 -0.0213625357 -0.012603269
  vertex -0.0718302727 -0.0213983413 -0.0126224756
  vertex -0.0718384832 -0.0213674176 -0.0125794522
  endloop
 endfacet

 facet normal -0.692370296 0.520761907 -0.49943018
  outer loop
  vertex -0.0718384832 -0.0213674176 -0.0125794522
  vertex -0.0718521699 -0.0214040373 -0.0125986589
  vertex -0.0718740746 -0.0214081071 -0.012572539
  endloop
 endfacet

 facet normal -0.701334357 0.533046901 -0.473277032
  outer loop
  vertex -0.0718384832 -0.0213674176 -0.0125794522
  vertex -0.0718740746 -0.0214081071 -0.012572539
  vertex -0.0718576461 -0.0213714875 -0.0125556374
  endloop
 endfacet

 facet normal -0.68634069 0.522110105 -0.506297827
  outer loop
  vertex -0.0718384832 -0.0213674176 -0.0125794522
  vertex -0.0718302727 -0.0213983413 -0.0126224756
  vertex -0.0718521699 -0.0214040373 -0.0125986589
  endloop
 endfacet

 facet normal -0.766413569 0.518686652 -0.3789123
  outer loop
  vertex -0.0718576461 -0.0213714875 -0.0125556374
  vertex -0.0718740746 -0.0214081071 -0.012572539
  vertex -0.0718905032 -0.0214121751 -0.0125448816
  endloop
 endfacet

 facet normal -0.773775339 0.535226762 -0.33882764
  outer loop
  vertex -0.0718576461 -0.0213714875 -0.0125556374
  vertex -0.0718905032 -0.0214121751 -0.0125448816
  vertex -0.0718713403 -0.0213747416 -0.0125295166
  endloop
 endfacet

 facet normal -0.777764857 0.534169853 -0.331276864
  outer loop
  vertex -0.0718713403 -0.0213747416 -0.0125295166
  vertex -0.0718905032 -0.0214121751 -0.0125448816
  vertex -0.071885027 -0.0213779975 -0.0125026284
  endloop
 endfacet

 facet normal -0.785648704 0.526845336 -0.324330509
  outer loop
  vertex -0.071885027 -0.0213779975 -0.0125026284
  vertex -0.0718905032 -0.0214121751 -0.0125448816
  vertex -0.0718987137 -0.0213804375 -0.0124734342
  endloop
 endfacet

 facet normal -0.804704487 0.502712786 -0.315801293
  outer loop
  vertex -0.0718987137 -0.0213804375 -0.0124734342
  vertex -0.0718905032 -0.0214121751 -0.0125448816
  vertex -0.0719178766 -0.0214178711 -0.0124841901
  endloop
 endfacet

 facet normal -0.830739439 0.497219265 -0.250289857
  outer loop
  vertex -0.0718987137 -0.0213804375 -0.0124734342
  vertex -0.0719178766 -0.0214178711 -0.0124841901
  vertex -0.071928829 -0.021420313 -0.0124526918
  endloop
 endfacet

 facet normal -0.828376412 0.52733928 -0.188959584
  outer loop
  vertex -0.0718987137 -0.0213804375 -0.0124734342
  vertex -0.071928829 -0.021420313 -0.0124526918
  vertex -0.0719069242 -0.0213828795 -0.012444241
  endloop
 endfacet

 facet normal -0.840646386 0.52333349 -0.139412805
  outer loop
  vertex -0.0719069242 -0.0213828795 -0.012444241
  vertex -0.071928829 -0.021420313 -0.0124526918
  vertex -0.0719178766 -0.0213845074 -0.0123843178
  endloop
 endfacet

 facet normal -0.841410995 0.540395856 5.96047539e-05
  outer loop
  vertex -0.0719178766 -0.0213845074 -0.0123843178
  vertex -0.0719206184 -0.0213893894 -0.0067630196
  vertex -0.0719178766 -0.0213853214 -0.00500602834
  endloop
 endfacet

 facet normal -0.82812202 0.560547948 6.18275008e-05
  outer loop
  vertex -0.0719178766 -0.0213845074 -0.0123843178
  vertex -0.0719178766 -0.0213853214 -0.00500602834
  vertex -0.0718959793 -0.0213527717 -0.0067630196
  endloop
 endfacet

 facet normal -0.856625676 0.500582278 -0.124939397
  outer loop
  vertex -0.0719178766 -0.0213845074 -0.0123843178
  vertex -0.071928829 -0.021420313 -0.0124526918
  vertex -0.0719397813 -0.021422755 -0.0123873893
  endloop
 endfacet

 facet normal -0.867778659 0.496951133 -0.000224742733
  outer loop
  vertex -0.0719178766 -0.0213845074 -0.0123843178
  vertex -0.0719397813 -0.021422755 -0.0123873893
  vertex -0.0719370395 -0.0214154311 -0.0067630196
  endloop
 endfacet

 facet normal -0.845777392 0.533536077 5.1520321e-05
  outer loop
  vertex -0.0719178766 -0.0213845074 -0.0123843178
  vertex -0.0719370395 -0.0214154311 -0.0067630196
  vertex -0.0719206184 -0.0213893894 -0.0067630196
  endloop
 endfacet

 facet normal -0.823794782 0.566888094 0.000233227271
  outer loop
  vertex -0.0718959793 -0.0213527717 -0.0067630196
  vertex -0.0719178766 -0.0213853214 -0.00500602834
  vertex -0.0718932375 -0.0213495158 -0.00500602834
  endloop
 endfacet

 facet normal -0.546249092 -0.832637727 0.0912499204
  outer loop
  vertex -0.0715428069 -0.0230502803 -0.00500602834
  vertex -0.0715482831 -0.023667112 -0.0106672747
  vertex -0.0715400651 -0.023667112 -0.0106181065
  endloop
 endfacet

 facet normal -0.578444123 -0.810862422 0.0889084786
  outer loop
  vertex -0.0715428069 -0.0230502803 -0.00500602834
  vertex -0.0715838745 -0.0230209846 -0.00500602834
  vertex -0.0715482831 -0.023667112 -0.0106672747
  endloop
 endfacet

 facet normal -0.477878034 -0.0597719774 -0.876390219
  outer loop
  vertex -0.0717043355 -0.0216986202 -0.0128060868
  vertex -0.0717426613 -0.021707572 -0.012784576
  vertex -0.0717508718 -0.0216644425 -0.0127830403
  endloop
 endfacet

 facet normal -0.457934737 -0.0243459102 -0.888652444
  outer loop
  vertex -0.0717043355 -0.0216986202 -0.0128060868
  vertex -0.0717508718 -0.0216644425 -0.0127830403
  vertex -0.0717125461 -0.0216563046 -0.0128030134
  endloop
 endfacet

 facet normal -0.461452484 -0.104610637 -0.880975723
  outer loop
  vertex -0.0717043355 -0.0216986202 -0.0128060868
  vertex -0.071258083 -0.023667112 -0.0128060868
  vertex -0.0712991431 -0.023667112 -0.012784576
  endloop
 endfacet

 facet normal -0.467738509 -0.105866596 -0.877503812
  outer loop
  vertex -0.0717043355 -0.0216986202 -0.0128060868
  vertex -0.0712991431 -0.023667112 -0.012784576
  vertex -0.0717426613 -0.021707572 -0.012784576
  endloop
 endfacet

 facet normal -0.463234872 0.00660808757 -0.886211038
  outer loop
  vertex -0.0717125461 -0.0216563046 -0.0128030134
  vertex -0.0717508718 -0.0216644425 -0.0127830403
  vertex -0.071720764 -0.021613989 -0.0127984053
  endloop
 endfacet

 facet normal -0.477998376 0.0178661458 -0.878179014
  outer loop
  vertex -0.071720764 -0.021613989 -0.0127984053
  vertex -0.0717508718 -0.0216644425 -0.0127830403
  vertex -0.071756348 -0.0216221269 -0.0127791986
  endloop
 endfacet

 facet normal -0.491032809 0.107073985 -0.864535749
  outer loop
  vertex -0.071720764 -0.021613989 -0.0127984053
  vertex -0.071756348 -0.0216221269 -0.0127791986
  vertex -0.0717262328 -0.0215708595 -0.0127899535
  endloop
 endfacet

 facet normal -0.506405056 0.11828392 -0.854144573
  outer loop
  vertex -0.0717262328 -0.0215708595 -0.0127899535
  vertex -0.071756348 -0.0216221269 -0.0127791986
  vertex -0.0717618242 -0.0215789974 -0.0127699794
  endloop
 endfacet

 facet normal -0.513754964 0.197911844 -0.834797502
  outer loop
  vertex -0.0717262328 -0.0215708595 -0.0127899535
  vertex -0.0717618242 -0.0215789974 -0.0127699794
  vertex -0.071764566 -0.0215374958 -0.0127584552
  endloop
 endfacet

 facet normal -0.513760924 0.197903425 -0.834795833
  outer loop
  vertex -0.0717262328 -0.0215708595 -0.0127899535
  vertex -0.071764566 -0.0215374958 -0.0127584552
  vertex -0.0717289746 -0.021529356 -0.0127784302
  endloop
 endfacet

 facet normal -0.548435867 0.511978805 -0.661132276
  outer loop
  vertex -0.071756348 -0.0213812515 -0.0126839345
  vertex -0.0717618242 -0.0214178711 -0.0127077512
  vertex -0.0717837289 -0.0213877615 -0.0126662655
  endloop
 endfacet

 facet normal -0.576434195 0.485896826 -0.656983912
  outer loop
  vertex -0.0717837289 -0.0213877615 -0.0126662655
  vertex -0.0717618242 -0.0214178711 -0.0127077512
  vertex -0.0717892051 -0.0214243811 -0.0126885446
  endloop
 endfacet

 facet normal -0.618023336 0.473994344 -0.627197385
  outer loop
  vertex -0.0717837289 -0.0213877615 -0.0126662655
  vertex -0.0717892051 -0.0214243811 -0.0126885446
  vertex -0.071808368 -0.0213934593 -0.0126462905
  endloop
 endfacet

 facet normal -0.517039418 0.257996976 -0.816154361
  outer loop
  vertex -0.0717289746 -0.021529356 -0.0127784302
  vertex -0.071764566 -0.0215374958 -0.0127584552
  vertex -0.0717317089 -0.0214886684 -0.0127638336
  endloop
 endfacet

 facet normal -0.543530822 0.278500021 -0.791840911
  outer loop
  vertex -0.0717317089 -0.0214886684 -0.0127638336
  vertex -0.071764566 -0.0215374958 -0.0127584552
  vertex -0.071764566 -0.0214959923 -0.0127438586
  endloop
 endfacet

 facet normal -0.543095291 0.327691197 -0.773088634
  outer loop
  vertex -0.0717317089 -0.0214886684 -0.0127638336
  vertex -0.071764566 -0.0214959923 -0.0127438586
  vertex -0.071764566 -0.0214561187 -0.012726957
  endloop
 endfacet

 facet normal -0.488485843 0.390815705 -0.78015697
  outer loop
  vertex -0.0717317089 -0.0214886684 -0.0127638336
  vertex -0.071764566 -0.0214561187 -0.012726957
  vertex -0.0717317089 -0.0214487948 -0.0127438586
  endloop
 endfacet

 facet normal -0.487476379 0.419444293 -0.765789449
  outer loop
  vertex -0.0717317089 -0.0214487948 -0.0127438586
  vertex -0.071764566 -0.0214561187 -0.012726957
  vertex -0.0717618242 -0.0214178711 -0.0127077512
  endloop
 endfacet

 facet normal -0.559720755 0.403528869 -0.723793626
  outer loop
  vertex -0.0717618242 -0.0214178711 -0.0127077512
  vertex -0.071764566 -0.0214561187 -0.012726957
  vertex -0.0717946813 -0.0214634426 -0.0127077512
  endloop
 endfacet

 facet normal -0.585734844 0.42228359 -0.691802919
  outer loop
  vertex -0.0717618242 -0.0214178711 -0.0127077512
  vertex -0.0717946813 -0.0214634426 -0.0127077512
  vertex -0.0717892051 -0.0214243811 -0.0126885446
  endloop
 endfacet

 facet normal -0.670161545 0.458498716 -0.583662868
  outer loop
  vertex -0.071808368 -0.0213934593 -0.0126462905
  vertex -0.0718165785 -0.021430891 -0.0126662655
  vertex -0.071841225 -0.0214365888 -0.0126424497
  endloop
 endfacet

 facet normal -0.68384999 0.471302688 -0.556976676
  outer loop
  vertex -0.071808368 -0.0213934593 -0.0126462905
  vertex -0.071841225 -0.0214365888 -0.0126424497
  vertex -0.0718658641 -0.0214414708 -0.0126163289
  endloop
 endfacet

 facet normal -0.688607872 0.492373765 -0.532341361
  outer loop
  vertex -0.071808368 -0.0213934593 -0.0126462905
  vertex -0.0718658641 -0.0214414708 -0.0126163289
  vertex -0.0718302727 -0.0213983413 -0.0126224756
  endloop
 endfacet

 facet normal -0.621540785 0.470578611 -0.626292944
  outer loop
  vertex -0.071808368 -0.0213934593 -0.0126462905
  vertex -0.0717892051 -0.0214243811 -0.0126885446
  vertex -0.0718165785 -0.021430891 -0.0126662655
  endloop
 endfacet

 facet normal -0.701322377 0.497462779 -0.510566235
  outer loop
  vertex -0.0718521699 -0.0214040373 -0.0125986589
  vertex -0.0718658641 -0.0214414708 -0.0126163289
  vertex -0.0718740746 -0.0214081071 -0.012572539
  endloop
 endfacet

 facet normal -0.694117188 0.498818398 -0.519019961
  outer loop
  vertex -0.0718521699 -0.0214040373 -0.0125986589
  vertex -0.0718302727 -0.0213983413 -0.0126224756
  vertex -0.0718658641 -0.0214414708 -0.0126163289
  endloop
 endfacet

 facet normal -0.739271283 0.461570561 -0.490337342
  outer loop
  vertex -0.0718740746 -0.0214081071 -0.012572539
  vertex -0.0718658641 -0.0214414708 -0.0126163289
  vertex -0.0718877614 -0.0214463528 -0.012587904
  endloop
 endfacet

 facet normal -0.795948446 0.448299229 -0.406809419
  outer loop
  vertex -0.0718740746 -0.0214081071 -0.012572539
  vertex -0.0718877614 -0.0214463528 -0.012587904
  vertex -0.0718905032 -0.0214121751 -0.0125448816
  endloop
 endfacet

 facet normal -0.816657484 0.425437897 -0.389965743
  outer loop
  vertex -0.0718905032 -0.0214121751 -0.0125448816
  vertex -0.0718877614 -0.0214463528 -0.012587904
  vertex -0.0719041899 -0.0214504227 -0.0125579424
  endloop
 endfacet

 facet normal -0.824591994 0.4232831 -0.37533915
  outer loop
  vertex -0.0718905032 -0.0214121751 -0.0125448816
  vertex -0.0719041899 -0.0214504227 -0.0125579424
  vertex -0.0719206184 -0.0214544907 -0.0125264432
  endloop
 endfacet

 facet normal -0.830744803 0.446173638 -0.33285448
  outer loop
  vertex -0.0718905032 -0.0214121751 -0.0125448816
  vertex -0.0719206184 -0.0214544907 -0.0125264432
  vertex -0.0719178766 -0.0214178711 -0.0124841901
  endloop
 endfacet

 facet normal -0.844705224 0.430348337 -0.31823504
  outer loop
  vertex -0.0719178766 -0.0214178711 -0.0124841901
  vertex -0.0719206184 -0.0214544907 -0.0125264432
  vertex -0.0719343051 -0.0214569326 -0.0124934083
  endloop
 endfacet

 facet normal -0.864075363 0.426487803 -0.267360985
  outer loop
  vertex -0.0719178766 -0.0214178711 -0.0124841901
  vertex -0.0719343051 -0.0214569326 -0.0124934083
  vertex -0.071928829 -0.021420313 -0.0124526918
  endloop
 endfacet

 facet normal -0.878058314 0.408491731 -0.249295399
  outer loop
  vertex -0.071928829 -0.021420313 -0.0124526918
  vertex -0.0719343051 -0.0214569326 -0.0124934083
  vertex -0.0719452575 -0.0214593746 -0.0124588376
  endloop
 endfacet

 facet normal -0.892219186 0.406255156 -0.197235033
  outer loop
  vertex -0.071928829 -0.021420313 -0.0124526918
  vertex -0.0719452575 -0.0214593746 -0.0124588376
  vertex -0.071953468 -0.0214610007 -0.0124250343
  endloop
 endfacet

 facet normal -0.885061502 0.44644472 -0.131732106
  outer loop
  vertex -0.071928829 -0.021420313 -0.0124526918
  vertex -0.071953468 -0.0214610007 -0.0124250343
  vertex -0.0719397813 -0.021422755 -0.0123873893
  endloop
 endfacet

 facet normal -0.845777392 0.533536077 8.22926449e-05
  outer loop
  vertex -0.0719206184 -0.0213893894 -0.0067630196
  vertex -0.0719370395 -0.0214154311 -0.0067630196
  vertex -0.0719178766 -0.0213853214 -0.00500602834
  endloop
 endfacet

 facet normal -0.859864175 0.510522485 0.000630323193
  outer loop
  vertex -0.0719178766 -0.0213853214 -0.00500602834
  vertex -0.0719370395 -0.0214154311 -0.0067630196
  vertex -0.0719343051 -0.0214129891 -0.00500602834
  endloop
 endfacet

 facet normal -0.918967485 0.389500439 -0.0615474656
  outer loop
  vertex -0.0719397813 -0.021422755 -0.0123873893
  vertex -0.071953468 -0.0214610007 -0.0124250343
  vertex -0.0719589442 -0.0214626286 -0.012353587
  endloop
 endfacet

 facet normal -0.901366949 0.433056116 -0.00018898955
  outer loop
  vertex -0.0719397813 -0.021422755 -0.0123873893
  vertex -0.0719589442 -0.0214626286 -0.012353587
  vertex -0.0719562098 -0.0214544907 -0.0067630196
  endloop
 endfacet

 facet normal -0.897764921 0.440474927 -0.000136606774
  outer loop
  vertex -0.0719397813 -0.021422755 -0.0123873893
  vertex -0.0719562098 -0.0214544907 -0.0067630196
  vertex -0.0719370395 -0.0214154311 -0.0067630196
  endloop
 endfacet

 facet normal -0.897764862 0.440474927 0.000466550759
  outer loop
  vertex -0.0719370395 -0.0214154311 -0.0067630196
  vertex -0.0719562098 -0.0214544907 -0.0067630196
  vertex -0.0719425157 -0.0214284509 -0.00500602834
  endloop
 endfacet

 facet normal -0.883148432 0.469093144 0.000724170066
  outer loop
  vertex -0.0719370395 -0.0214154311 -0.0067630196
  vertex -0.0719425157 -0.0214284509 -0.00500602834
  vertex -0.0719343051 -0.0214129891 -0.00500602834
  endloop
 endfacet

 facet normal -0.637476683 -0.765941381 0.0834104419
  outer loop
  vertex -0.0715482831 -0.023667112 -0.0106672747
  vertex -0.0715838745 -0.0230209846 -0.00500602834
  vertex -0.071611248 -0.0229981989 -0.00500602834
  endloop
 endfacet

 facet normal -0.714419961 -0.695765197 0.0742628574
  outer loop
  vertex -0.0715482831 -0.023667112 -0.0106672747
  vertex -0.071611248 -0.0229981989 -0.00500602834
  vertex -0.0716413632 -0.0229672752 -0.00500602834
  endloop
 endfacet

 facet normal -0.748492539 -0.659520447 0.0692221001
  outer loop
  vertex -0.0715482831 -0.023667112 -0.0106672747
  vertex -0.0716413632 -0.0229672752 -0.00500602834
  vertex -0.0716714785 -0.0229330976 -0.00500602834
  endloop
 endfacet

 facet normal -0.81631583 -0.574809968 0.0567629263
  outer loop
  vertex -0.0715482831 -0.023667112 -0.0106672747
  vertex -0.0716714785 -0.0229330976 -0.00500602834
  vertex -0.0716961175 -0.0228981059 -0.00500602834
  endloop
 endfacet

 facet normal -0.855658054 -0.515342653 0.0476576798
  outer loop
  vertex -0.0715482831 -0.023667112 -0.0106672747
  vertex -0.0716961175 -0.0228981059 -0.00500602834
  vertex -0.0715510175 -0.023667112 -0.010716442
  endloop
 endfacet

 facet normal -0.518106997 -0.0682913512 -0.852585256
  outer loop
  vertex -0.0717426613 -0.021707572 -0.012784576
  vertex -0.0717782527 -0.0217157081 -0.0127622969
  vertex -0.0717864633 -0.0216725785 -0.0127607603
  endloop
 endfacet

 facet normal -0.518099904 -0.0682788193 -0.852590501
  outer loop
  vertex -0.0717426613 -0.021707572 -0.012784576
  vertex -0.0717864633 -0.0216725785 -0.0127607603
  vertex -0.0717508718 -0.0216644425 -0.0127830403
  endloop
 endfacet

 facet normal -0.499334246 -0.113017879 -0.859006643
  outer loop
  vertex -0.0717426613 -0.021707572 -0.012784576
  vertex -0.0712991431 -0.023667112 -0.012784576
  vertex -0.0713374764 -0.023667112 -0.0127622969
  endloop
 endfacet

 facet normal -0.508118153 -0.114772782 -0.853605986
  outer loop
  vertex -0.0717426613 -0.021707572 -0.012784576
  vertex -0.0713374764 -0.023667112 -0.0127622969
  vertex -0.0717782527 -0.0217157081 -0.0127622969
  endloop
 endfacet

 facet normal -0.53190279 0.00803888775 -0.846767306
  outer loop
  vertex -0.0717508718 -0.0216644425 -0.0127830403
  vertex -0.0717864633 -0.0216725785 -0.0127607603
  vertex -0.071756348 -0.0216221269 -0.0127791986
  endloop
 endfacet

 facet normal -0.560961843 0.0325344726 -0.827202082
  outer loop
  vertex -0.071756348 -0.0216221269 -0.0127791986
  vertex -0.0717864633 -0.0216725785 -0.0127607603
  vertex -0.0717919394 -0.021630263 -0.0127553828
  endloop
 endfacet

 facet normal -0.56627351 0.0743287057 -0.820859075
  outer loop
  vertex -0.071756348 -0.0216221269 -0.0127791986
  vertex -0.0717919394 -0.021630263 -0.0127553828
  vertex -0.0717974156 -0.0215871334 -0.0127477003
  endloop
 endfacet

 facet normal -0.545169353 0.108475439 -0.831278265
  outer loop
  vertex -0.071756348 -0.0216221269 -0.0127791986
  vertex -0.0717974156 -0.0215871334 -0.0127477003
  vertex -0.0717618242 -0.0215789974 -0.0127699794
  endloop
 endfacet

 facet normal -0.551728845 0.189156204 -0.812290132
  outer loop
  vertex -0.0717618242 -0.0215789974 -0.0127699794
  vertex -0.0717974156 -0.0215871334 -0.0127477003
  vertex -0.071764566 -0.0215374958 -0.0127584552
  endloop
 endfacet

 facet normal -0.632133424 0.411469787 -0.656582057
  outer loop
  vertex -0.0717892051 -0.0214243811 -0.0126885446
  vertex -0.0717946813 -0.0214634426 -0.0127077512
  vertex -0.0718165785 -0.021430891 -0.0126662655
  endloop
 endfacet

 facet normal -0.567640185 0.202803284 -0.797906995
  outer loop
  vertex -0.071764566 -0.0215374958 -0.0127584552
  vertex -0.0717974156 -0.0215871334 -0.0127477003
  vertex -0.0717974156 -0.0215448197 -0.0127369445
  endloop
 endfacet

 facet normal -0.568790793 0.251369715 -0.783128619
  outer loop
  vertex -0.071764566 -0.0215374958 -0.0127584552
  vertex -0.0717974156 -0.0215448197 -0.0127369445
  vertex -0.0717974156 -0.0215041302 -0.0127238845
  endloop
 endfacet

 facet normal -0.548347831 0.277458608 -0.788879871
  outer loop
  vertex -0.071764566 -0.0215374958 -0.0127584552
  vertex -0.0717974156 -0.0215041302 -0.0127238845
  vertex -0.071764566 -0.0214959923 -0.0127438586
  endloop
 endfacet

 facet normal -0.548764646 0.32624957 -0.769687414
  outer loop
  vertex -0.071764566 -0.0214959923 -0.0127438586
  vertex -0.0717974156 -0.0215041302 -0.0127238845
  vertex -0.071764566 -0.0214561187 -0.012726957
  endloop
 endfacet

 facet normal -0.563137293 0.3370561 -0.754499614
  outer loop
  vertex -0.071764566 -0.0214561187 -0.012726957
  vertex -0.0717974156 -0.0215041302 -0.0127238845
  vertex -0.0717946813 -0.0214634426 -0.0127077512
  endloop
 endfacet

 facet normal -0.649930716 0.317514539 -0.690488756
  outer loop
  vertex -0.0717946813 -0.0214634426 -0.0127077512
  vertex -0.0717974156 -0.0215041302 -0.0127238845
  vertex -0.0718275309 -0.0215106402 -0.0126985312
  endloop
 endfacet

 facet normal -0.665148854 0.332371294 -0.668660164
  outer loop
  vertex -0.0717946813 -0.0214634426 -0.0127077512
  vertex -0.0718275309 -0.0215106402 -0.0126985312
  vertex -0.0718494356 -0.0214756485 -0.0126593513
  endloop
 endfacet

 facet normal -0.658242583 0.383048981 -0.648066521
  outer loop
  vertex -0.0717946813 -0.0214634426 -0.0127077512
  vertex -0.0718494356 -0.0214756485 -0.0126593513
  vertex -0.0718165785 -0.021430891 -0.0126662655
  endloop
 endfacet

 facet normal -0.681822777 0.406523317 -0.60815829
  outer loop
  vertex -0.0718165785 -0.021430891 -0.0126662655
  vertex -0.0718494356 -0.0214756485 -0.0126593513
  vertex -0.071841225 -0.0214365888 -0.0126424497
  endloop
 endfacet

 facet normal -0.702407062 0.401894063 -0.587456822
  outer loop
  vertex -0.071841225 -0.0214365888 -0.0126424497
  vertex -0.0718494356 -0.0214756485 -0.0126593513
  vertex -0.0718658641 -0.0214414708 -0.0126163289
  endloop
 endfacet

 facet normal -0.748887002 0.358329624 -0.557465911
  outer loop
  vertex -0.0718658641 -0.0214414708 -0.0126163289
  vertex -0.0718740746 -0.0214813445 -0.0126309255
  vertex -0.0718987137 -0.0214862283 -0.0126009639
  endloop
 endfacet

 facet normal -0.762957036 0.380666912 -0.522483766
  outer loop
  vertex -0.0718658641 -0.0214414708 -0.0126163289
  vertex -0.0718987137 -0.0214862283 -0.0126009639
  vertex -0.0718877614 -0.0214463528 -0.012587904
  endloop
 endfacet

 facet normal -0.73937875 0.360470682 -0.568665087
  outer loop
  vertex -0.0718658641 -0.0214414708 -0.0126163289
  vertex -0.0718494356 -0.0214756485 -0.0126593513
  vertex -0.0718740746 -0.0214813445 -0.0126309255
  endloop
 endfacet

 facet normal -0.822880507 0.367842078 -0.433081865
  outer loop
  vertex -0.0718877614 -0.0214463528 -0.012587904
  vertex -0.0718987137 -0.0214862283 -0.0126009639
  vertex -0.0719178766 -0.0214911103 -0.0125686973
  endloop
 endfacet

 facet normal -0.830083132 0.385717362 -0.402720898
  outer loop
  vertex -0.0718877614 -0.0214463528 -0.012587904
  vertex -0.0719178766 -0.0214911103 -0.0125686973
  vertex -0.0719041899 -0.0214504227 -0.0125579424
  endloop
 endfacet

 facet normal -0.838001013 0.384321898 -0.387364328
  outer loop
  vertex -0.0719041899 -0.0214504227 -0.0125579424
  vertex -0.0719178766 -0.0214911103 -0.0125686973
  vertex -0.0719206184 -0.0214544907 -0.0125264432
  endloop
 endfacet

 facet normal -0.866595864 0.37294367 -0.33154884
  outer loop
  vertex -0.0719206184 -0.0214544907 -0.0125264432
  vertex -0.0719343051 -0.0214951783 -0.0125364307
  vertex -0.0719343051 -0.0214569326 -0.0124934083
  endloop
 endfacet

 facet normal -0.843587339 0.37755096 -0.3818582
  outer loop
  vertex -0.0719206184 -0.0214544907 -0.0125264432
  vertex -0.0719178766 -0.0214911103 -0.0125686973
  vertex -0.0719343051 -0.0214951783 -0.0125364307
  endloop
 endfacet

 facet normal -0.879553735 0.355596513 -0.316127151
  outer loop
  vertex -0.0719343051 -0.0214569326 -0.0124934083
  vertex -0.0719343051 -0.0214951783 -0.0125364307
  vertex -0.0719479918 -0.0214976203 -0.0125010917
  endloop
 endfacet

 facet normal -0.899292231 0.351645589 -0.26003629
  outer loop
  vertex -0.0719343051 -0.0214569326 -0.0124934083
  vertex -0.0719479918 -0.0214976203 -0.0125010917
  vertex -0.0719452575 -0.0214593746 -0.0124588376
  endloop
 endfacet

 facet normal -0.909230828 0.336237699 -0.245445594
  outer loop
  vertex -0.0719452575 -0.0214593746 -0.0124588376
  vertex -0.0719479918 -0.0214976203 -0.0125010917
  vertex -0.0719589442 -0.0215008762 -0.0124649834
  endloop
 endfacet

 facet normal -0.919492841 0.333979994 -0.207340941
  outer loop
  vertex -0.0719452575 -0.0214593746 -0.0124588376
  vertex -0.0719589442 -0.0215008762 -0.0124649834
  vertex -0.071953468 -0.0214610007 -0.0124250343
  endloop
 endfacet

 facet normal -0.92759198 0.32019788 -0.192474529
  outer loop
  vertex -0.071953468 -0.0214610007 -0.0124250343
  vertex -0.0719589442 -0.0215008762 -0.0124649834
  vertex -0.0719671622 -0.0215025023 -0.0124281077
  endloop
 endfacet

 facet normal -0.938377798 0.319297493 -0.132273197
  outer loop
  vertex -0.071953468 -0.0214610007 -0.0124250343
  vertex -0.0719671622 -0.0215025023 -0.0124281077
  vertex -0.0719726309 -0.0215033162 -0.012391231
  endloop
 endfacet

 facet normal -0.927001953 0.369793385 -0.0626120865
  outer loop
  vertex -0.071953468 -0.0214610007 -0.0124250343
  vertex -0.0719726309 -0.0215033162 -0.012391231
  vertex -0.0719589442 -0.0214626286 -0.012353587
  endloop
 endfacet

 facet normal -0.947749257 0.319016486 -0.000184398319
  outer loop
  vertex -0.0719589442 -0.0214626286 -0.012353587
  vertex -0.0719726309 -0.0215033162 -0.012391231
  vertex -0.0719753727 -0.0215082001 -0.0067630196
  endloop
 endfacet

 facet normal -0.944489956 0.328540146 -9.71906848e-05
  outer loop
  vertex -0.0719589442 -0.0214626286 -0.012353587
  vertex -0.0719753727 -0.0215082001 -0.0067630196
  vertex -0.071961686 -0.0214683246 -0.00500602834
  endloop
 endfacet

 facet normal -0.932753503 0.360514909 -6.80295634e-05
  outer loop
  vertex -0.0719589442 -0.0214626286 -0.012353587
  vertex -0.071961686 -0.0214683246 -0.00500602834
  vertex -0.0719562098 -0.0214544907 -0.0067630196
  endloop
 endfacet

 facet normal -0.901304364 0.433186263 0.000602154701
  outer loop
  vertex -0.0719562098 -0.0214544907 -0.0067630196
  vertex -0.071961686 -0.0214683246 -0.00500602834
  vertex -0.0719425157 -0.0214284509 -0.00500602834
  endloop
 endfacet

 facet normal -0.856220663 -0.514420152 0.0475191586
  outer loop
  vertex -0.0715510175 -0.023667112 -0.010716442
  vertex -0.0716961175 -0.0228981059 -0.00500602834
  vertex -0.0717098117 -0.0228753202 -0.00500602834
  endloop
 endfacet

 facet normal -0.858090162 -0.511339903 0.0470400676
  outer loop
  vertex -0.0715510175 -0.023667112 -0.010716442
  vertex -0.0717098117 -0.0228753202 -0.00500602834
  vertex -0.0715537593 -0.023667112 -0.0107663795
  endloop
 endfacet

 facet normal -0.618376076 -0.0916850343 -0.78051579
  outer loop
  vertex -0.0717782527 -0.0217157081 -0.0127622969
  vertex -0.0718111098 -0.021723032 -0.0127354078
  vertex -0.0718193203 -0.0216807164 -0.0127338711
  endloop
 endfacet

 facet normal -0.617402911 -0.0897331387 -0.781512439
  outer loop
  vertex -0.0717782527 -0.0217157081 -0.0127622969
  vertex -0.0718193203 -0.0216807164 -0.0127338711
  vertex -0.0717864633 -0.0216725785 -0.0127607603
  endloop
 endfacet

 facet normal -0.597283244 -0.134913236 -0.79060185
  outer loop
  vertex -0.0717782527 -0.0217157081 -0.0127622969
  vertex -0.0713374764 -0.023667112 -0.0127622969
  vertex -0.0713730678 -0.023667112 -0.0127354078
  endloop
 endfacet

 facet normal -0.608879983 -0.137193114 -0.781308591
  outer loop
  vertex -0.0717782527 -0.0217157081 -0.0127622969
  vertex -0.0713730678 -0.023667112 -0.0127354078
  vertex -0.0718111098 -0.021723032 -0.0127354078
  endloop
 endfacet

 facet normal -0.635592818 0.0155650843 -0.771867633
  outer loop
  vertex -0.0717864633 -0.0216725785 -0.0127607603
  vertex -0.0718193203 -0.0216807164 -0.0127338711
  vertex -0.0718247965 -0.0216375869 -0.0127284937
  endloop
 endfacet

 facet normal -0.635415733 0.0158873536 -0.77200675
  outer loop
  vertex -0.0717864633 -0.0216725785 -0.0127607603
  vertex -0.0718247965 -0.0216375869 -0.0127284937
  vertex -0.0717919394 -0.021630263 -0.0127553828
  endloop
 endfacet

 facet normal -0.639764249 0.0553282723 -0.766577244
  outer loop
  vertex -0.0717919394 -0.021630263 -0.0127553828
  vertex -0.0718247965 -0.0216375869 -0.0127284937
  vertex -0.0717974156 -0.0215871334 -0.0127477003
  endloop
 endfacet

 facet normal -0.65197432 0.066230379 -0.75534296
  outer loop
  vertex -0.0717974156 -0.0215871334 -0.0127477003
  vertex -0.0718247965 -0.0216375869 -0.0127284937
  vertex -0.0718275309 -0.0215944573 -0.0127223479
  endloop
 endfacet

 facet normal -0.657620549 0.145337611 -0.739197016
  outer loop
  vertex -0.0717974156 -0.0215871334 -0.0127477003
  vertex -0.0718275309 -0.0215944573 -0.0127223479
  vertex -0.0718302727 -0.0215521418 -0.0127115929
  endloop
 endfacet

 facet normal -0.626033008 0.192092508 -0.755766571
  outer loop
  vertex -0.0717974156 -0.0215871334 -0.0127477003
  vertex -0.0718302727 -0.0215521418 -0.0127115929
  vertex -0.0717974156 -0.0215448197 -0.0127369445
  endloop
 endfacet

 facet normal -0.626067877 0.238315433 -0.742458701
  outer loop
  vertex -0.0717974156 -0.0215448197 -0.0127369445
  vertex -0.0718302727 -0.0215521418 -0.0127115929
  vertex -0.0717974156 -0.0215041302 -0.0127238845
  endloop
 endfacet

 facet normal -0.653825164 0.266046137 -0.708330512
  outer loop
  vertex -0.0717974156 -0.0215041302 -0.0127238845
  vertex -0.0718302727 -0.0215521418 -0.0127115929
  vertex -0.0718275309 -0.0215106402 -0.0126985312
  endloop
 endfacet

 facet normal -0.688727081 0.258593976 -0.677336097
  outer loop
  vertex -0.0718275309 -0.0215106402 -0.0126985312
  vertex -0.0718302727 -0.0215521418 -0.0127115929
  vertex -0.0718549117 -0.0215171501 -0.0126731796
  endloop
 endfacet

 facet normal -0.68460542 0.310111493 -0.659656286
  outer loop
  vertex -0.0718275309 -0.0215106402 -0.0126985312
  vertex -0.0718549117 -0.0215171501 -0.0126731796
  vertex -0.0718494356 -0.0214756485 -0.0126593513
  endloop
 endfacet

 facet normal -0.724046648 0.302122325 -0.620063484
  outer loop
  vertex -0.0718494356 -0.0214756485 -0.0126593513
  vertex -0.0718549117 -0.0215171501 -0.0126731796
  vertex -0.0718822852 -0.0215228479 -0.0126439864
  endloop
 endfacet

 facet normal -0.745055616 0.329880327 -0.579716563
  outer loop
  vertex -0.0718494356 -0.0214756485 -0.0126593513
  vertex -0.0718822852 -0.0215228479 -0.0126439864
  vertex -0.0718740746 -0.0214813445 -0.0126309255
  endloop
 endfacet

 facet normal -0.755156934 0.32805258 -0.567555785
  outer loop
  vertex -0.0718740746 -0.0214813445 -0.0126309255
  vertex -0.0718822852 -0.0215228479 -0.0126439864
  vertex -0.0718987137 -0.0214862283 -0.0126009639
  endloop
 endfacet

 facet normal -0.812242866 0.253097147 -0.525550604
  outer loop
  vertex -0.0718987137 -0.0214862283 -0.0126009639
  vertex -0.0718822852 -0.0215228479 -0.0126439864
  vertex -0.0719041899 -0.0215277299 -0.0126124872
  endloop
 endfacet

 facet normal -0.828895986 0.248523772 -0.501166046
  outer loop
  vertex -0.0718987137 -0.0214862283 -0.0126009639
  vertex -0.0719041899 -0.0215277299 -0.0126124872
  vertex -0.0719260946 -0.0215326119 -0.0125786839
  endloop
 endfacet

 facet normal -0.84386611 0.277510315 -0.459214449
  outer loop
  vertex -0.0718987137 -0.0214862283 -0.0126009639
  vertex -0.0719260946 -0.0215326119 -0.0125786839
  vertex -0.0719178766 -0.0214911103 -0.0125686973
  endloop
 endfacet

 facet normal -0.871214628 0.270928144 -0.4093692
  outer loop
  vertex -0.0719178766 -0.0214911103 -0.0125686973
  vertex -0.0719260946 -0.0215326119 -0.0125786839
  vertex -0.0719343051 -0.0214951783 -0.0125364307
  endloop
 endfacet

 facet normal -0.881337523 0.255354762 -0.397540271
  outer loop
  vertex -0.0719343051 -0.0214951783 -0.0125364307
  vertex -0.0719260946 -0.0215326119 -0.0125786839
  vertex -0.0719425157 -0.0215366818 -0.0125448816
  endloop
 endfacet

 facet normal -0.891884029 0.25284785 -0.374981105
  outer loop
  vertex -0.0719343051 -0.0214951783 -0.0125364307
  vertex -0.0719425157 -0.0215366818 -0.0125448816
  vertex -0.0719589442 -0.0215399358 -0.0125080049
  endloop
 endfacet

 facet normal -0.899874806 0.286598742 -0.328765273
  outer loop
  vertex -0.0719343051 -0.0214951783 -0.0125364307
  vertex -0.0719589442 -0.0215399358 -0.0125080049
  vertex -0.0719479918 -0.0214976203 -0.0125010917
  endloop
 endfacet

 facet normal -0.925111532 0.281115353 -0.255230635
  outer loop
  vertex -0.0719479918 -0.0214976203 -0.0125010917
  vertex -0.0719589442 -0.0215399358 -0.0125080049
  vertex -0.0719589442 -0.0215008762 -0.0124649834
  endloop
 endfacet

 facet normal -0.927217722 0.277285755 -0.251753658
  outer loop
  vertex -0.0719589442 -0.0215008762 -0.0124649834
  vertex -0.0719589442 -0.0215399358 -0.0125080049
  vertex -0.0719698966 -0.0215423778 -0.0124703618
  endloop
 endfacet

 facet normal -0.941232502 0.273960173 -0.19755362
  outer loop
  vertex -0.0719589442 -0.0215008762 -0.0124649834
  vertex -0.0719698966 -0.0215423778 -0.0124703618
  vertex -0.0719671622 -0.0215025023 -0.0124281077
  endloop
 endfacet

 facet normal -0.947019458 0.26194787 -0.185842797
  outer loop
  vertex -0.0719671622 -0.0215025023 -0.0124281077
  vertex -0.0719698966 -0.0215423778 -0.0124703618
  vertex -0.0719781071 -0.0215448197 -0.0124319484
  endloop
 endfacet

 facet normal -0.956016243 0.259771168 -0.136205614
  outer loop
  vertex -0.0719671622 -0.0215025023 -0.0124281077
  vertex -0.0719781071 -0.0215448197 -0.0124319484
  vertex -0.0719726309 -0.0215033162 -0.012391231
  endloop
 endfacet

 facet normal -0.958904922 0.252834976 -0.12874721
  outer loop
  vertex -0.0719726309 -0.0215033162 -0.012391231
  vertex -0.0719781071 -0.0215448197 -0.0124319484
  vertex -0.0719835833 -0.0215456318 -0.0123927677
  endloop
 endfacet

 facet normal -0.968102515 0.250554532 -0.000398366683
  outer loop
  vertex -0.0719726309 -0.0215033162 -0.012391231
  vertex -0.0719835833 -0.0215456318 -0.0123927677
  vertex -0.0719835833 -0.0215366818 -0.0067630196
  endloop
 endfacet

 facet normal -0.962881207 0.269925177 -0.000273376849
  outer loop
  vertex -0.0719726309 -0.0215033162 -0.012391231
  vertex -0.0719835833 -0.0215366818 -0.0067630196
  vertex -0.0719808489 -0.021526916 -0.0067630196
  endloop
 endfacet

 facet normal -0.95977968 0.280754447 -0.000223443654
  outer loop
  vertex -0.0719726309 -0.0215033162 -0.012391231
  vertex -0.0719808489 -0.021526916 -0.0067630196
  vertex -0.0719753727 -0.0215082001 -0.0067630196
  endloop
 endfacet

 facet normal -0.956274152 0.292470783 0.000813208928
  outer loop
  vertex -0.0719753727 -0.0215082001 -0.0067630196
  vertex -0.0719726309 -0.0215041302 -0.00500602834
  vertex -0.071961686 -0.0214683246 -0.00500602834
  endloop
 endfacet

 facet normal -0.959779263 0.280754298 0.000845803297
  outer loop
  vertex -0.0719753727 -0.0215082001 -0.0067630196
  vertex -0.0719808489 -0.021526916 -0.0067630196
  vertex -0.0719726309 -0.0215041302 -0.00500602834
  endloop
 endfacet

 facet normal -0.890278459 -0.453806639 0.0382598117
  outer loop
  vertex -0.0715537593 -0.023667112 -0.0107663795
  vertex -0.0717098117 -0.0228753202 -0.00500602834
  vertex -0.0717371851 -0.0228216127 -0.00500602834
  endloop
 endfacet

 facet normal -0.94924736 -0.314129323 0.0158803202
  outer loop
  vertex -0.0715537593 -0.023667112 -0.0107663795
  vertex -0.0717371851 -0.0228216127 -0.00500602834
  vertex -0.0717536137 -0.0227719732 -0.00500602834
  endloop
 endfacet

 facet normal -0.952212036 -0.305099428 0.014374244
  outer loop
  vertex -0.0715537593 -0.023667112 -0.0107663795
  vertex -0.0717536137 -0.0227719732 -0.00500602834
  vertex -0.071764566 -0.0227377955 -0.00500602834
  endloop
 endfacet

 facet normal -0.97522372 -0.22122097 0
  outer loop
  vertex -0.0715537593 -0.023667112 -0.0107663795
  vertex -0.071764566 -0.0227377955 -0.00500602834
  vertex -0.071764566 -0.0227377955 -0.00874126796
  endloop
 endfacet

 facet normal -0.97522372 -0.22122097 0
  outer loop
  vertex -0.0715537593 -0.023667112 -0.0107663795
  vertex -0.071764566 -0.0227377955 -0.00874126796
  vertex -0.0715537593 -0.023667112 -0.012353587
  endloop
 endfacet

 facet normal -0.678826094 -0.105372749 -0.726699233
  outer loop
  vertex -0.0718111098 -0.021723032 -0.0127354078
  vertex -0.071841225 -0.0217303559 -0.0127062146
  vertex -0.0718193203 -0.0216807164 -0.0127338711
  endloop
 endfacet

 facet normal -0.656930685 -0.148019925 -0.739278257
  outer loop
  vertex -0.0718111098 -0.021723032 -0.0127354078
  vertex -0.0713730678 -0.023667112 -0.0127354078
  vertex -0.0714059174 -0.023667112 -0.0127062146
  endloop
 endfacet

 facet normal -0.669021606 -0.150368676 -0.727873266
  outer loop
  vertex -0.0718111098 -0.021723032 -0.0127354078
  vertex -0.0714059174 -0.023667112 -0.0127062146
  vertex -0.071841225 -0.0217303559 -0.0127062146
  endloop
 endfacet

 facet normal -0.680617511 -0.103776 -0.725251913
  outer loop
  vertex -0.0718193203 -0.0216807164 -0.0127338711
  vertex -0.071841225 -0.0217303559 -0.0127062146
  vertex -0.0718494356 -0.0216872264 -0.0127046779
  endloop
 endfacet

 facet normal -0.693115175 -0.0242776927 -0.720417917
  outer loop
  vertex -0.0718193203 -0.0216807164 -0.0127338711
  vertex -0.0718494356 -0.0216872264 -0.0127046779
  vertex -0.0718549117 -0.0216449108 -0.0127008362
  endloop
 endfacet

 facet normal -0.677155495 0.00579361897 -0.735817134
  outer loop
  vertex -0.0718193203 -0.0216807164 -0.0127338711
  vertex -0.0718549117 -0.0216449108 -0.0127008362
  vertex -0.0718247965 -0.0216375869 -0.0127284937
  endloop
 endfacet

 facet normal -0.683090866 0.060335394 -0.727836967
  outer loop
  vertex -0.0718247965 -0.0216375869 -0.0127284937
  vertex -0.0718549117 -0.0216449108 -0.0127008362
  vertex -0.0718275309 -0.0215944573 -0.0127223479
  endloop
 endfacet

 facet normal -0.693749845 0.0708581507 -0.716722012
  outer loop
  vertex -0.0718275309 -0.0215944573 -0.0127223479
  vertex -0.0718549117 -0.0216449108 -0.0127008362
  vertex -0.0718576461 -0.0216017812 -0.012693923
  endloop
 endfacet

 facet normal -0.697260976 0.133879066 -0.704204261
  outer loop
  vertex -0.0718275309 -0.0215944573 -0.0127223479
  vertex -0.0718576461 -0.0216017812 -0.012693923
  vertex -0.0718302727 -0.0215521418 -0.0127115929
  endloop
 endfacet

 facet normal -0.720119894 0.156540155 -0.675960481
  outer loop
  vertex -0.0718302727 -0.0215521418 -0.0127115929
  vertex -0.0718576461 -0.0216017812 -0.012693923
  vertex -0.0718576461 -0.0215586536 -0.0126839345
  endloop
 endfacet

 facet normal -0.718762398 0.218460128 -0.660042286
  outer loop
  vertex -0.0718302727 -0.0215521418 -0.0127115929
  vertex -0.0718576461 -0.0215586536 -0.0126839345
  vertex -0.0718549117 -0.0215171501 -0.0126731796
  endloop
 endfacet

 facet normal -0.732912421 0.215564817 -0.645268321
  outer loop
  vertex -0.0718549117 -0.0215171501 -0.0126731796
  vertex -0.0718576461 -0.0215586536 -0.0126839345
  vertex -0.0718822852 -0.0215228479 -0.0126439864
  endloop
 endfacet

 facet normal -0.750277936 0.190138787 -0.633190572
  outer loop
  vertex -0.0718822852 -0.0215228479 -0.0126439864
  vertex -0.0718576461 -0.0215586536 -0.0126839345
  vertex -0.071885027 -0.0215643495 -0.0126532046
  endloop
 endfacet

 facet normal -0.783241689 0.18360509 -0.593987823
  outer loop
  vertex -0.0718822852 -0.0215228479 -0.0126439864
  vertex -0.071885027 -0.0215643495 -0.0126532046
  vertex -0.0719096661 -0.0215700455 -0.0126224756
  endloop
 endfacet

 facet normal -0.815259576 0.230838582 -0.531098366
  outer loop
  vertex -0.0718822852 -0.0215228479 -0.0126439864
  vertex -0.0719096661 -0.0215700455 -0.0126224756
  vertex -0.0719041899 -0.0215277299 -0.0126124872
  endloop
 endfacet

 facet normal -0.831948996 0.227129191 -0.506234348
  outer loop
  vertex -0.0719041899 -0.0215277299 -0.0126124872
  vertex -0.0719096661 -0.0215700455 -0.0126224756
  vertex -0.0719260946 -0.0215326119 -0.0125786839
  endloop
 endfacet

 facet normal -0.880760372 0.206779122 -0.426032394
  outer loop
  vertex -0.0719260946 -0.0215326119 -0.0125786839
  vertex -0.0719315708 -0.0215749275 -0.012587904
  vertex -0.0719507337 -0.0215789974 -0.012550259
  endloop
 endfacet

 facet normal -0.88697952 0.223514006 -0.404114932
  outer loop
  vertex -0.0719260946 -0.0215326119 -0.0125786839
  vertex -0.0719507337 -0.0215789974 -0.012550259
  vertex -0.0719425157 -0.0215366818 -0.0125448816
  endloop
 endfacet

 facet normal -0.838125944 0.217436671 -0.500266194
  outer loop
  vertex -0.0719260946 -0.0215326119 -0.0125786839
  vertex -0.0719096661 -0.0215700455 -0.0126224756
  vertex -0.0719315708 -0.0215749275 -0.012587904
  endloop
 endfacet

 facet normal -0.897706687 0.222563311 -0.380247772
  outer loop
  vertex -0.0719425157 -0.0215366818 -0.0125448816
  vertex -0.0719507337 -0.0215789974 -0.012550259
  vertex -0.0719589442 -0.0215399358 -0.0125080049
  endloop
 endfacet

 facet normal -0.950981081 0.156931341 -0.266472429
  outer loop
  vertex -0.0719589442 -0.0215399358 -0.0125080049
  vertex -0.0719644204 -0.0215822514 -0.0125133833
  vertex -0.0719698966 -0.0215423778 -0.0124703618
  endloop
 endfacet

 facet normal -0.929637671 0.16234307 -0.330784589
  outer loop
  vertex -0.0719589442 -0.0215399358 -0.0125080049
  vertex -0.0719507337 -0.0215789974 -0.012550259
  vertex -0.0719644204 -0.0215822514 -0.0125133833
  endloop
 endfacet

 facet normal -0.954966426 0.146977097 -0.257753611
  outer loop
  vertex -0.0719698966 -0.0215423778 -0.0124703618
  vertex -0.0719644204 -0.0215822514 -0.0125133833
  vertex -0.0719863251 -0.0215871334 -0.0124350218
  endloop
 endfacet

 facet normal -0.960577369 0.200441524 -0.192650944
  outer loop
  vertex -0.0719698966 -0.0215423778 -0.0124703618
  vertex -0.0719863251 -0.0215871334 -0.0124350218
  vertex -0.0719781071 -0.0215448197 -0.0124319484
  endloop
 endfacet

 facet normal -0.971306741 0.198091418 -0.131616607
  outer loop
  vertex -0.0719781071 -0.0215448197 -0.0124319484
  vertex -0.0719863251 -0.0215871334 -0.0124350218
  vertex -0.0719835833 -0.0215456318 -0.0123927677
  endloop
 endfacet

 facet normal -0.974022806 0.189886034 -0.12338116
  outer loop
  vertex -0.0719835833 -0.0215456318 -0.0123927677
  vertex -0.0719863251 -0.0215871334 -0.0124350218
  vertex -0.0719918013 -0.0215887614 -0.0123943044
  endloop
 endfacet

 facet normal -0.979778051 0.188933179 -0.0658727735
  outer loop
  vertex -0.0719835833 -0.0215456318 -0.0123927677
  vertex -0.0719918013 -0.0215887614 -0.0123943044
  vertex -0.0719945356 -0.0215887614 -0.012353587
  endloop
 endfacet

 facet normal -0.969329059 0.245766222 -0.000390753616
  outer loop
  vertex -0.0719835833 -0.0215456318 -0.0123927677
  vertex -0.0719945356 -0.0215887614 -0.012353587
  vertex -0.0719835833 -0.0215366818 -0.0067630196
  endloop
 endfacet

 facet normal -0.962881148 0.269925177 0.000749541097
  outer loop
  vertex -0.0719835833 -0.0215366818 -0.0067630196
  vertex -0.0719863251 -0.0215513296 -0.00500602834
  vertex -0.0719808489 -0.021526916 -0.0067630196
  endloop
 endfacet

 facet normal -0.978600383 0.205770433 0
  outer loop
  vertex -0.0719835833 -0.0215366818 -0.0067630196
  vertex -0.0719945356 -0.0215887614 -0.012353587
  vertex -0.0719945356 -0.0215887614 -0.00500602834
  endloop
 endfacet

 facet normal -0.976768732 0.214295864 0.000264125963
  outer loop
  vertex -0.0719835833 -0.0215366818 -0.0067630196
  vertex -0.0719945356 -0.0215887614 -0.00500602834
  vertex -0.0719863251 -0.0215513296 -0.00500602834
  endloop
 endfacet

 facet normal -0.960417926 0.278561831 0.00087722193
  outer loop
  vertex -0.0719808489 -0.021526916 -0.0067630196
  vertex -0.0719863251 -0.0215513296 -0.00500602834
  vertex -0.0719726309 -0.0215041302 -0.00500602834
  endloop
 endfacet

 facet normal -0.975478232 -0.220096171 -0.000304223009
  outer loop
  vertex -0.0715537593 -0.023667112 -0.012353587
  vertex -0.071764566 -0.0227377955 -0.00874126796
  vertex -0.0719835833 -0.0217620935 -0.012353587
  endloop
 endfacet

 facet normal -0.973669589 -0.219688088 -0.060867954
  outer loop
  vertex -0.0715537593 -0.023667112 -0.012353587
  vertex -0.0719835833 -0.0217620935 -0.012353587
  vertex -0.0719808489 -0.0217620935 -0.0123973778
  endloop
 endfacet

 facet normal -0.973669589 -0.219688088 -0.060867954
  outer loop
  vertex -0.0715537593 -0.023667112 -0.012353587
  vertex -0.0719808489 -0.0217620935 -0.0123973778
  vertex -0.0715510175 -0.023667112 -0.0123973778
  endloop
 endfacet

 facet normal -0.975434542 -0.22028926 0
  outer loop
  vertex -0.071764566 -0.0227377955 -0.00500602834
  vertex -0.0719507337 -0.0219134539 -0.00500602834
  vertex -0.071764566 -0.0227377955 -0.00874126796
  endloop
 endfacet

 facet normal -0.712914228 -0.123468667 -0.690296173
  outer loop
  vertex -0.071841225 -0.0217303559 -0.0127062146
  vertex -0.0718713403 -0.0217368677 -0.012673948
  vertex -0.0718795508 -0.0216937382 -0.0126731796
  endloop
 endfacet

 facet normal -0.707001388 -0.109748423 -0.698644638
  outer loop
  vertex -0.071841225 -0.0217303559 -0.0127062146
  vertex -0.0718795508 -0.0216937382 -0.0126731796
  vertex -0.0718494356 -0.0216872264 -0.0127046779
  endloop
 endfacet

 facet normal -0.705638885 -0.158598721 -0.690594137
  outer loop
  vertex -0.071841225 -0.0217303559 -0.0127062146
  vertex -0.0714059174 -0.023667112 -0.0127062146
  vertex -0.0718713403 -0.0217368677 -0.012673948
  endloop
 endfacet

 facet normal -0.751352668 -0.170508847 -0.637491941
  outer loop
  vertex -0.0714059174 -0.023667112 -0.0127062146
  vertex -0.0714332983 -0.023667112 -0.012673948
  vertex -0.0718713403 -0.0217368677 -0.012673948
  endloop
 endfacet

 facet normal -0.719357014 -0.0300722867 -0.693989277
  outer loop
  vertex -0.0718494356 -0.0216872264 -0.0127046779
  vertex -0.0718795508 -0.0216937382 -0.0126731796
  vertex -0.0718549117 -0.0216449108 -0.0127008362
  endloop
 endfacet

 facet normal -0.729202628 -0.0194572005 -0.684021115
  outer loop
  vertex -0.0718549117 -0.0216449108 -0.0127008362
  vertex -0.0718795508 -0.0216937382 -0.0126731796
  vertex -0.071885027 -0.0216506068 -0.0126685696
  endloop
 endfacet

 facet normal -0.735068738 0.0615780242 -0.675190508
  outer loop
  vertex -0.0718549117 -0.0216449108 -0.0127008362
  vertex -0.071885027 -0.0216506068 -0.0126685696
  vertex -0.0718576461 -0.0216017812 -0.012693923
  endloop
 endfacet

 facet normal -0.759720027 0.0917271599 -0.643748164
  outer loop
  vertex -0.0718576461 -0.0216017812 -0.012693923
  vertex -0.071885027 -0.0216506068 -0.0126685696
  vertex -0.071885027 -0.0216074791 -0.0126624247
  endloop
 endfacet

 facet normal -0.759783387 0.135914549 -0.635811687
  outer loop
  vertex -0.0718576461 -0.0216017812 -0.012693923
  vertex -0.071885027 -0.0216074791 -0.0126624247
  vertex -0.071885027 -0.0215643495 -0.0126532046
  endloop
 endfacet

 facet normal -0.751885295 0.148743972 -0.642295659
  outer loop
  vertex -0.0718576461 -0.0216017812 -0.012693923
  vertex -0.071885027 -0.0215643495 -0.0126532046
  vertex -0.0718576461 -0.0215586536 -0.0126839345
  endloop
 endfacet

 facet normal -0.785182416 0.12945269 -0.605582952
  outer loop
  vertex -0.071885027 -0.0215643495 -0.0126532046
  vertex -0.071885027 -0.0216074791 -0.0126624247
  vertex -0.0719096661 -0.0215700455 -0.0126224756
  endloop
 endfacet

 facet normal -0.799235046 0.105392955 -0.591705739
  outer loop
  vertex -0.0719096661 -0.0215700455 -0.0126224756
  vertex -0.071885027 -0.0216074791 -0.0126624247
  vertex -0.0719096661 -0.021613175 -0.0126301572
  endloop
 endfacet

 facet normal -0.833425283 0.0969080329 -0.544069052
  outer loop
  vertex -0.0719096661 -0.0215700455 -0.0126224756
  vertex -0.0719096661 -0.021613175 -0.0126301572
  vertex -0.0719343051 -0.021618057 -0.0125932824
  endloop
 endfacet

 facet normal -0.846274495 0.118502289 -0.519400477
  outer loop
  vertex -0.0719096661 -0.0215700455 -0.0126224756
  vertex -0.0719343051 -0.021618057 -0.0125932824
  vertex -0.0719315708 -0.0215749275 -0.012587904
  endloop
 endfacet

 facet normal -0.890425324 0.111559831 -0.441245019
  outer loop
  vertex -0.0719315708 -0.0215749275 -0.012587904
  vertex -0.0719343051 -0.021618057 -0.0125932824
  vertex -0.0719507337 -0.0215789974 -0.012550259
  endloop
 endfacet

 facet normal -0.911052346 0.0652673617 -0.407091916
  outer loop
  vertex -0.0719507337 -0.0215789974 -0.012550259
  vertex -0.0719343051 -0.021618057 -0.0125932824
  vertex -0.0719507337 -0.0216221269 -0.0125571741
  endloop
 endfacet

 facet normal -0.925329566 0.0600232556 -0.374382824
  outer loop
  vertex -0.0719507337 -0.0215789974 -0.012550259
  vertex -0.0719507337 -0.0216221269 -0.0125571741
  vertex -0.0719671622 -0.0216261949 -0.012517225
  endloop
 endfacet

 facet normal -0.936354756 0.08803951 -0.339836448
  outer loop
  vertex -0.0719507337 -0.0215789974 -0.012550259
  vertex -0.0719671622 -0.0216261949 -0.012517225
  vertex -0.0719644204 -0.0215822514 -0.0125133833
  endloop
 endfacet

 facet normal -0.942142308 0.0869919583 -0.323729038
  outer loop
  vertex -0.0719644204 -0.0215822514 -0.0125133833
  vertex -0.0719671622 -0.0216261949 -0.012517225
  vertex -0.0719808489 -0.0216286369 -0.0124780433
  endloop
 endfacet

 facet normal -0.955632567 0.141640216 -0.25827229
  outer loop
  vertex -0.0719644204 -0.0215822514 -0.0125133833
  vertex -0.0719808489 -0.0216286369 -0.0124780433
  vertex -0.0719863251 -0.0215871334 -0.0124350218
  endloop
 endfacet

 facet normal -0.978234231 0.0724807903 -0.194433123
  outer loop
  vertex -0.0719863251 -0.0215871334 -0.0124350218
  vertex -0.0719808489 -0.0216286369 -0.0124780433
  vertex -0.0719890594 -0.021630263 -0.0124373268
  endloop
 endfacet

 facet normal -0.989032209 0.0697335824 -0.130202383
  outer loop
  vertex -0.0719863251 -0.0215871334 -0.0124350218
  vertex -0.0719890594 -0.021630263 -0.0124373268
  vertex -0.0719918013 -0.0215887614 -0.0123943044
  endloop
 endfacet

 facet normal -0.989490986 0.0673628673 -0.127944618
  outer loop
  vertex -0.0719918013 -0.0215887614 -0.0123943044
  vertex -0.0719890594 -0.021630263 -0.0124373268
  vertex -0.0719945356 -0.0216318909 -0.0123958411
  endloop
 endfacet

 facet normal -0.995599926 0.0655770451 -0.0669365153
  outer loop
  vertex -0.0719918013 -0.0215887614 -0.0123943044
  vertex -0.0719945356 -0.0216318909 -0.0123958411
  vertex -0.0719945356 -0.0215887614 -0.012353587
  endloop
 endfacet

 facet normal -0.995909333 0.0632344931 -0.0645454079
  outer loop
  vertex -0.0719945356 -0.0215887614 -0.012353587
  vertex -0.0719945356 -0.0216318909 -0.0123958411
  vertex -0.0719972774 -0.0216318909 -0.012353587
  endloop
 endfacet

 facet normal -0.997990429 0.0633666292 -9.82542842e-05
  outer loop
  vertex -0.0719945356 -0.0215887614 -0.012353587
  vertex -0.0719972774 -0.0216318909 -0.012353587
  vertex -0.0719972774 -0.021620499 -0.00500602834
  endloop
 endfacet

 facet normal -0.996297956 0.0859680027 0
  outer loop
  vertex -0.0719945356 -0.0215887614 -0.012353587
  vertex -0.0719972774 -0.021620499 -0.00500602834
  vertex -0.0719945356 -0.0215887614 -0.00500602834
  endloop
 endfacet

 facet normal -0.967030644 -0.218190134 -0.131319687
  outer loop
  vertex -0.0715510175 -0.023667112 -0.0123973778
  vertex -0.0719808489 -0.0217620935 -0.0123973778
  vertex -0.0719753727 -0.0217604656 -0.0124403993
  endloop
 endfacet

 facet normal -0.966518581 -0.218161106 -0.13508372
  outer loop
  vertex -0.0715510175 -0.023667112 -0.0123973778
  vertex -0.0719753727 -0.0217604656 -0.0124403993
  vertex -0.0715455413 -0.023667112 -0.0124365585
  endloop
 endfacet

 facet normal -0.9755916 -0.219593108 -0.000161466422
  outer loop
  vertex -0.071764566 -0.0227377955 -0.00874126796
  vertex -0.0719507337 -0.0219134539 -0.00500602834
  vertex -0.0719835833 -0.0217620935 -0.012353587
  endloop
 endfacet

 facet normal -0.976931393 -0.213553876 -3.10681135e-05
  outer loop
  vertex -0.0719835833 -0.0217620935 -0.012353587
  vertex -0.0719507337 -0.0219134539 -0.00500602834
  vertex -0.0719835833 -0.0217629075 -0.0067630196
  endloop
 endfacet

 facet normal -0.97799474 -0.208630055 -3.03517863e-05
  outer loop
  vertex -0.0719835833 -0.0217620935 -0.012353587
  vertex -0.0719835833 -0.0217629075 -0.0067630196
  vertex -0.0719918013 -0.0217246599 -0.00500602834
  endloop
 endfacet

 facet normal -0.980367064 -0.19718127 -9.13315089e-05
  outer loop
  vertex -0.0719835833 -0.0217620935 -0.012353587
  vertex -0.0719918013 -0.0217246599 -0.00500602834
  vertex -0.0719918013 -0.021723846 -0.0067630196
  endloop
 endfacet

 facet normal -0.981679142 -0.190541476 -0.000138684583
  outer loop
  vertex -0.0719835833 -0.0217620935 -0.012353587
  vertex -0.0719918013 -0.021723846 -0.0067630196
  vertex -0.0719918013 -0.021719778 -0.012353587
  endloop
 endfacet

 facet normal -0.979835868 -0.190183684 -0.0612534247
  outer loop
  vertex -0.0719835833 -0.0217620935 -0.012353587
  vertex -0.0719918013 -0.021719778 -0.012353587
  vertex -0.0719808489 -0.0217620935 -0.0123973778
  endloop
 endfacet

 facet normal -0.977006912 -0.213207766 0
  outer loop
  vertex -0.0719507337 -0.0219134539 -0.00500602834
  vertex -0.0719835833 -0.0217629075 -0.00500602834
  vertex -0.0719835833 -0.0217629075 -0.0067630196
  endloop
 endfacet

 facet normal -0.801069438 -0.14219591 -0.581436276
  outer loop
  vertex -0.0718713403 -0.0217368677 -0.012673948
  vertex -0.0718959793 -0.0217425637 -0.012638608
  vertex -0.0719041899 -0.0216994341 -0.0126378397
  endloop
 endfacet

 facet normal -0.801069438 -0.14219591 -0.581436276
  outer loop
  vertex -0.0718713403 -0.0217368677 -0.012673948
  vertex -0.0719041899 -0.0216994341 -0.0126378397
  vertex -0.0718795508 -0.0216937382 -0.0126731796
  endloop
 endfacet

 facet normal -0.778106332 -0.176580235 -0.6028018
  outer loop
  vertex -0.0718713403 -0.0217368677 -0.012673948
  vertex -0.0714332983 -0.023667112 -0.012673948
  vertex -0.0714606717 -0.023667112 -0.012638608
  endloop
 endfacet

 facet normal -0.793193102 -0.179408073 -0.581942797
  outer loop
  vertex -0.0718713403 -0.0217368677 -0.012673948
  vertex -0.0714606717 -0.023667112 -0.012638608
  vertex -0.0718959793 -0.0217425637 -0.012638608
  endloop
 endfacet

 facet normal -0.812656283 -0.0722720474 -0.578244328
  outer loop
  vertex -0.0718795508 -0.0216937382 -0.0126731796
  vertex -0.0719041899 -0.0216994341 -0.0126378397
  vertex -0.0719096661 -0.0216563046 -0.0126355356
  endloop
 endfacet

 facet normal -0.797964811 -0.0369989648 -0.601567268
  outer loop
  vertex -0.0718795508 -0.0216937382 -0.0126731796
  vertex -0.0719096661 -0.0216563046 -0.0126355356
  vertex -0.071885027 -0.0216506068 -0.0126685696
  endloop
 endfacet

 facet normal -0.805442512 0.0733372122 -0.58811903
  outer loop
  vertex -0.071885027 -0.0216506068 -0.0126685696
  vertex -0.0719096661 -0.0216563046 -0.0126355356
  vertex -0.0719096661 -0.021613175 -0.0126301572
  endloop
 endfacet

 facet normal -0.799076259 0.0848120898 -0.595217705
  outer loop
  vertex -0.071885027 -0.0216506068 -0.0126685696
  vertex -0.0719096661 -0.021613175 -0.0126301572
  vertex -0.071885027 -0.0216074791 -0.0126624247
  endloop
 endfacet

 facet normal -0.83367151 0.0683365092 -0.548016489
  outer loop
  vertex -0.0719096661 -0.021613175 -0.0126301572
  vertex -0.0719096661 -0.0216563046 -0.0126355356
  vertex -0.0719343051 -0.021618057 -0.0125932824
  endloop
 endfacet

 facet normal -0.911173105 0.0358820222 -0.410458326
  outer loop
  vertex -0.0719343051 -0.021618057 -0.0125932824
  vertex -0.0719507337 -0.0216660704 -0.0125610149
  vertex -0.0719507337 -0.0216221269 -0.0125571741
  endloop
 endfacet

 facet normal -0.860272288 0.00893099047 -0.509756744
  outer loop
  vertex -0.0719343051 -0.021618057 -0.0125932824
  vertex -0.0719096661 -0.0216563046 -0.0126355356
  vertex -0.0719315708 -0.0216611866 -0.0125986589
  endloop
 endfacet

 facet normal -0.891158819 -2.00044669e-05 -0.453691453
  outer loop
  vertex -0.0719343051 -0.021618057 -0.0125932824
  vertex -0.0719315708 -0.0216611866 -0.0125986589
  vertex -0.0719507337 -0.0216660704 -0.0125610149
  endloop
 endfacet

 facet normal -0.92553544 0.0329765603 -0.377222389
  outer loop
  vertex -0.0719507337 -0.0216221269 -0.0125571741
  vertex -0.0719507337 -0.0216660704 -0.0125610149
  vertex -0.0719671622 -0.0216261949 -0.012517225
  endloop
 endfacet

 facet normal -0.927782476 0.0265114754 -0.372178376
  outer loop
  vertex -0.0719671622 -0.0216261949 -0.012517225
  vertex -0.0719507337 -0.0216660704 -0.0125610149
  vertex -0.0719671622 -0.0216693245 -0.0125202974
  endloop
 endfacet

 facet normal -0.944240689 0.0233947188 -0.328424186
  outer loop
  vertex -0.0719671622 -0.0216261949 -0.012517225
  vertex -0.0719671622 -0.0216693245 -0.0125202974
  vertex -0.0719808489 -0.0216286369 -0.0124780433
  endloop
 endfacet

 facet normal -0.966739357 -0.0425872989 -0.252192825
  outer loop
  vertex -0.0719808489 -0.0216286369 -0.0124780433
  vertex -0.0719781071 -0.0216725785 -0.0124811167
  vertex -0.0719890594 -0.0216742065 -0.0124388626
  endloop
 endfacet

 facet normal -0.980285048 0.00690509519 -0.197468132
  outer loop
  vertex -0.0719808489 -0.0216286369 -0.0124780433
  vertex -0.0719890594 -0.0216742065 -0.0124388626
  vertex -0.0719890594 -0.021630263 -0.0124373268
  endloop
 endfacet

 facet normal -0.961399078 -0.0408619046 -0.272106826
  outer loop
  vertex -0.0719808489 -0.0216286369 -0.0124780433
  vertex -0.0719671622 -0.0216693245 -0.0125202974
  vertex -0.0719781071 -0.0216725785 -0.0124811167
  endloop
 endfacet

 facet normal -0.991416395 0.00456902105 -0.130662352
  outer loop
  vertex -0.0719890594 -0.021630263 -0.0124373268
  vertex -0.0719890594 -0.0216742065 -0.0124388626
  vertex -0.0719945356 -0.0216318909 -0.0123958411
  endloop
 endfacet

 facet normal -0.991999388 0 -0.126242563
  outer loop
  vertex -0.0719945356 -0.0216318909 -0.0123958411
  vertex -0.0719890594 -0.0216742065 -0.0124388626
  vertex -0.0719945356 -0.0216758344 -0.0123958411
  endloop
 endfacet

 facet normal -0.997906506 0 -0.0646748468
  outer loop
  vertex -0.0719945356 -0.0216318909 -0.0123958411
  vertex -0.0719945356 -0.0216758344 -0.0123958411
  vertex -0.0719972774 -0.0216758344 -0.012353587
  endloop
 endfacet

 facet normal -0.997906506 0 -0.0646748468
  outer loop
  vertex -0.0719945356 -0.0216318909 -0.0123958411
  vertex -0.0719972774 -0.0216758344 -0.012353587
  vertex -0.0719972774 -0.0216318909 -0.012353587
  endloop
 endfacet

 facet normal -1 0 0
  outer loop
  vertex -0.0719972774 -0.0216318909 -0.012353587
  vertex -0.0719972774 -0.0216758344 -0.012353587
  vertex -0.0719972774 -0.0216823444 -0.00500602834
  endloop
 endfacet

 facet normal -1 0 0
  outer loop
  vertex -0.0719972774 -0.0216318909 -0.012353587
  vertex -0.0719972774 -0.0216823444 -0.00500602834
  vertex -0.0719972774 -0.021620499 -0.00500602834
  endloop
 endfacet

 facet normal -0.95836091 -0.21642527 -0.186291248
  outer loop
  vertex -0.0715455413 -0.023667112 -0.0124365585
  vertex -0.0719753727 -0.0217604656 -0.0124403993
  vertex -0.0715373307 -0.023667112 -0.0124788117
  endloop
 endfacet

 facet normal -0.980284333 -0.186682686 -0.0647487491
  outer loop
  vertex -0.0719808489 -0.0217620935 -0.0123973778
  vertex -0.0719918013 -0.021719778 -0.012353587
  vertex -0.0719890594 -0.021718964 -0.0123973778
  endloop
 endfacet

 facet normal -0.973886013 -0.185464218 -0.130953997
  outer loop
  vertex -0.0719808489 -0.0217620935 -0.0123973778
  vertex -0.0719890594 -0.021718964 -0.0123973778
  vertex -0.0719753727 -0.0217604656 -0.0124403993
  endloop
 endfacet

 facet normal -0.974018753 -0.183093101 -0.133283585
  outer loop
  vertex -0.0719753727 -0.0217604656 -0.0124403993
  vertex -0.0719890594 -0.021718964 -0.0123973778
  vertex -0.0719835833 -0.021717336 -0.0124396309
  endloop
 endfacet

 facet normal -0.964248478 -0.180144846 -0.194352597
  outer loop
  vertex -0.0719753727 -0.0217604656 -0.0124403993
  vertex -0.0719835833 -0.021717336 -0.0124396309
  vertex -0.0719753727 -0.0217157081 -0.012481885
  endloop
 endfacet

 facet normal -0.964240313 -0.180164784 -0.194374114
  outer loop
  vertex -0.0719753727 -0.0217604656 -0.0124403993
  vertex -0.0719753727 -0.0217157081 -0.012481885
  vertex -0.0719671622 -0.0217588376 -0.0124826534
  endloop
 endfacet

 facet normal -0.956878781 -0.215922982 -0.194320545
  outer loop
  vertex -0.0719753727 -0.0217604656 -0.0124403993
  vertex -0.0719671622 -0.0217588376 -0.0124826534
  vertex -0.0715373307 -0.023667112 -0.0124788117
  endloop
 endfacet

 facet normal -0.977709413 -0.209963083 0
  outer loop
  vertex -0.0719835833 -0.0217629075 -0.0067630196
  vertex -0.0719835833 -0.0217629075 -0.00500602834
  vertex -0.0719918013 -0.0217246599 -0.00500602834
  endloop
 endfacet

 facet normal -0.991730392 -0.128338873 -5.9444712e-05
  outer loop
  vertex -0.0719918013 -0.0217246599 -0.00500602834
  vertex -0.0719972774 -0.0216823444 -0.00500602834
  vertex -0.0719918013 -0.021723846 -0.0067630196
  endloop
 endfacet

 facet normal -0.99190706 -0.126966521 -9.2411894e-05
  outer loop
  vertex -0.0719918013 -0.021723846 -0.0067630196
  vertex -0.0719972774 -0.0216823444 -0.00500602834
  vertex -0.0719918013 -0.021719778 -0.012353587
  endloop
 endfacet

 facet normal -0.992324769 -0.12365935 -0.000109571702
  outer loop
  vertex -0.0719918013 -0.021719778 -0.012353587
  vertex -0.0719972774 -0.0216823444 -0.00500602834
  vertex -0.0719972774 -0.0216758344 -0.012353587
  endloop
 endfacet

 facet normal -0.99027884 -0.123404384 -0.0641804859
  outer loop
  vertex -0.0719918013 -0.021719778 -0.012353587
  vertex -0.0719972774 -0.0216758344 -0.012353587
  vertex -0.0719945356 -0.0216758344 -0.0123958411
  endloop
 endfacet

 facet normal -0.990275681 -0.123421408 -0.0641983896
  outer loop
  vertex -0.0719918013 -0.021719778 -0.012353587
  vertex -0.0719945356 -0.0216758344 -0.0123958411
  vertex -0.0719890594 -0.021718964 -0.0123973778
  endloop
 endfacet

 facet normal -0.834752083 -0.149527803 -0.529934227
  outer loop
  vertex -0.0718959793 -0.0217425637 -0.012638608
  vertex -0.0719178766 -0.0217482597 -0.0126025006
  vertex -0.0719260946 -0.0217051301 -0.0126017323
  endloop
 endfacet

 facet normal -0.834752083 -0.149527803 -0.529934227
  outer loop
  vertex -0.0718959793 -0.0217425637 -0.012638608
  vertex -0.0719260946 -0.0217051301 -0.0126017323
  vertex -0.0719041899 -0.0216994341 -0.0126378397
  endloop
 endfacet

 facet normal -0.80086416 -0.18114315 -0.570792377
  outer loop
  vertex -0.0718959793 -0.0217425637 -0.012638608
  vertex -0.0714606717 -0.023667112 -0.012638608
  vertex -0.0714716241 -0.023667112 -0.012623243
  endloop
 endfacet

 facet normal -0.820200503 -0.185171083 -0.541278899
  outer loop
  vertex -0.0718959793 -0.0217425637 -0.012638608
  vertex -0.0714716241 -0.023667112 -0.012623243
  vertex -0.0714853108 -0.023667112 -0.0126025006
  endloop
 endfacet

 facet normal -0.826709449 -0.186364621 -0.530866981
  outer loop
  vertex -0.0718959793 -0.0217425637 -0.012638608
  vertex -0.0714853108 -0.023667112 -0.0126025006
  vertex -0.0719178766 -0.0217482597 -0.0126025006
  endloop
 endfacet

 facet normal -0.846700549 -0.0793783814 -0.526115298
  outer loop
  vertex -0.0719041899 -0.0216994341 -0.0126378397
  vertex -0.0719260946 -0.0217051301 -0.0126017323
  vertex -0.0719096661 -0.0216563046 -0.0126355356
  endloop
 endfacet

 facet normal -0.853552938 -0.0702425838 -0.516249418
  outer loop
  vertex -0.0719096661 -0.0216563046 -0.0126355356
  vertex -0.0719260946 -0.0217051301 -0.0126017323
  vertex -0.0719315708 -0.0216611866 -0.0125986589
  endloop
 endfacet

 facet normal -0.884319425 -0.0779872015 -0.460322827
  outer loop
  vertex -0.0719507337 -0.0216660704 -0.0125610149
  vertex -0.0719315708 -0.0216611866 -0.0125986589
  vertex -0.0719260946 -0.0217051301 -0.0126017323
  endloop
 endfacet

 facet normal -0.890033484 -0.0971150547 -0.445431203
  outer loop
  vertex -0.0719507337 -0.0216660704 -0.0125610149
  vertex -0.0719260946 -0.0217051301 -0.0126017323
  vertex -0.0719452575 -0.0217091981 -0.0125625515
  endloop
 endfacet

 facet normal -0.914362073 -0.102113858 -0.391809702
  outer loop
  vertex -0.0719507337 -0.0216660704 -0.0125610149
  vertex -0.0719452575 -0.0217091981 -0.0125625515
  vertex -0.071961686 -0.021712454 -0.0125233708
  endloop
 endfacet

 facet normal -0.921099365 -0.0899582207 -0.378792137
  outer loop
  vertex -0.0719507337 -0.0216660704 -0.0125610149
  vertex -0.071961686 -0.021712454 -0.0125233708
  vertex -0.0719671622 -0.0216693245 -0.0125202974
  endloop
 endfacet

 facet normal -0.942865312 -0.0970007703 -0.318741173
  outer loop
  vertex -0.0719671622 -0.0216693245 -0.0125202974
  vertex -0.071961686 -0.021712454 -0.0125233708
  vertex -0.0719753727 -0.0217157081 -0.012481885
  endloop
 endfacet

 facet normal -0.960354745 -0.0560906045 -0.273080021
  outer loop
  vertex -0.0719671622 -0.0216693245 -0.0125202974
  vertex -0.0719753727 -0.0217157081 -0.012481885
  vertex -0.0719781071 -0.0216725785 -0.0124811167
  endloop
 endfacet

 facet normal -0.965920329 -0.0568099543 -0.252528429
  outer loop
  vertex -0.0719781071 -0.0216725785 -0.0124811167
  vertex -0.0719753727 -0.0217157081 -0.012481885
  vertex -0.0719890594 -0.0216742065 -0.0124388626
  endloop
 endfacet

 facet normal -0.973640501 -0.12016549 -0.193867624
  outer loop
  vertex -0.0719890594 -0.0216742065 -0.0124388626
  vertex -0.0719753727 -0.0217157081 -0.012481885
  vertex -0.0719835833 -0.021717336 -0.0124396309
  endloop
 endfacet

 facet normal -0.98362112 -0.12253131 -0.13219516
  outer loop
  vertex -0.0719890594 -0.0216742065 -0.0124388626
  vertex -0.0719835833 -0.021717336 -0.0124396309
  vertex -0.0719890594 -0.021718964 -0.0123973778
  endloop
 endfacet

 facet normal -0.984213114 -0.120314449 -0.129803479
  outer loop
  vertex -0.0719890594 -0.0216742065 -0.0124388626
  vertex -0.0719890594 -0.021718964 -0.0123973778
  vertex -0.0719945356 -0.0216758344 -0.0123958411
  endloop
 endfacet

 facet normal -0.934816062 -0.211137116 -0.285552233
  outer loop
  vertex -0.0715373307 -0.023667112 -0.0124788117
  vertex -0.0719671622 -0.0217588376 -0.0124826534
  vertex -0.0715291202 -0.023667112 -0.0125057008
  endloop
 endfacet

 facet normal -0.931448698 -0.171667323 -0.320832789
  outer loop
  vertex -0.0719671622 -0.0217588376 -0.0124826534
  vertex -0.0719753727 -0.0217157081 -0.012481885
  vertex -0.071961686 -0.021712454 -0.0125233708
  endloop
 endfacet

 facet normal -0.928578436 -0.176814899 -0.326310843
  outer loop
  vertex -0.0719671622 -0.0217588376 -0.0124826534
  vertex -0.071961686 -0.021712454 -0.0125233708
  vertex -0.071953468 -0.0217555836 -0.0125233708
  endloop
 endfacet

 facet normal -0.922141314 -0.207353637 -0.326588333
  outer loop
  vertex -0.0719671622 -0.0217588376 -0.0124826534
  vertex -0.071953468 -0.0217555836 -0.0125233708
  vertex -0.071523644 -0.023667112 -0.0125233708
  endloop
 endfacet

 facet normal -0.933725774 -0.210841417 -0.289313287
  outer loop
  vertex -0.0719671622 -0.0217588376 -0.0124826534
  vertex -0.071523644 -0.023667112 -0.0125233708
  vertex -0.0715291202 -0.023667112 -0.0125057008
  endloop
 endfacet

 facet normal -0.880134344 -0.159658328 -0.447071433
  outer loop
  vertex -0.0719178766 -0.0217482597 -0.0126025006
  vertex -0.0719370395 -0.0217523277 -0.0125633189
  vertex -0.0719452575 -0.0217091981 -0.0125625515
  endloop
 endfacet

 facet normal -0.880131364 -0.159645602 -0.447081774
  outer loop
  vertex -0.0719178766 -0.0217482597 -0.0126025006
  vertex -0.0719452575 -0.0217091981 -0.0125625515
  vertex -0.0719260946 -0.0217051301 -0.0126017323
  endloop
 endfacet

 facet normal -0.872537494 -0.196695611 -0.44720158
  outer loop
  vertex -0.0719178766 -0.0217482597 -0.0126025006
  vertex -0.0714853108 -0.023667112 -0.0126025006
  vertex -0.0719370395 -0.0217523277 -0.0125633189
  endloop
 endfacet

 facet normal -0.880357265 -0.198880121 -0.430601686
  outer loop
  vertex -0.0714853108 -0.023667112 -0.0126025006
  vertex -0.0715044737 -0.023667112 -0.0125633189
  vertex -0.0719370395 -0.0217523277 -0.0125633189
  endloop
 endfacet

 facet normal -0.904582024 -0.1652769 -0.392956525
  outer loop
  vertex -0.0719452575 -0.0217091981 -0.0125625515
  vertex -0.0719370395 -0.0217523277 -0.0125633189
  vertex -0.071961686 -0.021712454 -0.0125233708
  endloop
 endfacet

 facet normal -0.905972004 -0.172510296 -0.386593878
  outer loop
  vertex -0.071961686 -0.021712454 -0.0125233708
  vertex -0.0719370395 -0.0217523277 -0.0125633189
  vertex -0.071953468 -0.0217555836 -0.0125233708
  endloop
 endfacet

 facet normal -0.899823129 -0.202335164 -0.386495799
  outer loop
  vertex -0.071953468 -0.0217555836 -0.0125233708
  vertex -0.0719370395 -0.0217523277 -0.0125633189
  vertex -0.071523644 -0.023667112 -0.0125233708
  endloop
 endfacet

 facet normal -0.883479059 -0.199585363 -0.423828363
  outer loop
  vertex -0.071523644 -0.023667112 -0.0125233708
  vertex -0.0719370395 -0.0217523277 -0.0125633189
  vertex -0.0715044737 -0.023667112 -0.0125633189
  endloop
 endfacet

endsolid AssimpScene
