solid AssimpScene
 facet normal -0.998991609 0.0448982976 0
  outer loop
  vertex -0.115680076 0.0134056285 0.010001434
  vertex -0.115680076 0.0134056285 0.0147248218
  vertex -0.115654625 0.0139718978 0.0147248218
  endloop
 endfacet

 facet normal -0.998991609 0.0448982976 0
  outer loop
  vertex -0.115680076 0.0134056285 0.010001434
  vertex -0.115654625 0.0139718978 0.0147248218
  vertex -0.115654625 0.0139718978 0.010001434
  endloop
 endfacet

 facet normal -0.938304424 0.0421707965 -0.343229264
  outer loop
  vertex -0.115680076 0.0134056285 0.010001434
  vertex -0.115654625 0.0139718978 0.010001434
  vertex -0.114179783 0.0134056285 0.00589999976
  endloop
 endfacet

 facet normal -0.938304424 -0.0421707965 -0.343229264
  outer loop
  vertex -0.115680076 0.0134056285 0.010001434
  vertex -0.114179783 0.0134056285 0.00589999976
  vertex -0.115654625 0.0128393592 0.010001434
  endloop
 endfacet

 facet normal -0.998991609 -0.0448982976 0
  outer loop
  vertex -0.115680076 0.0134056285 0.010001434
  vertex -0.115654625 0.0128393592 0.010001434
  vertex -0.115654625 0.0128393592 0.0147248218
  endloop
 endfacet

 facet normal -0.998991609 -0.0448982976 0
  outer loop
  vertex -0.115680076 0.0134056285 0.010001434
  vertex -0.115654625 0.0128393592 0.0147248218
  vertex -0.115680076 0.0134056285 0.0147248218
  endloop
 endfacet

 facet normal 0 0 1
  outer loop
  vertex -0.115680076 0.0134056285 0.0147248218
  vertex -0.115654625 0.0128393592 0.0147248218
  vertex -0.115578279 0.0122781815 0.0147248218
  endloop
 endfacet

 facet normal 0 0 1
  outer loop
  vertex -0.115680076 0.0134056285 0.0147248218
  vertex -0.115578279 0.0122781815 0.0147248218
  vertex -0.115573183 0.0122489138 0.0147248218
  endloop
 endfacet

 facet normal 0 0 1
  outer loop
  vertex -0.115680076 0.0134056285 0.0147248218
  vertex -0.115573183 0.0122489138 0.0147248218
  vertex -0.115456112 0.0117246378 0.0147248218
  endloop
 endfacet

 facet normal 0 0 1
  outer loop
  vertex -0.115680076 0.0134056285 0.0147248218
  vertex -0.115456112 0.0117246378 0.0147248218
  vertex -0.115447208 0.0116953701 0.0147248218
  endloop
 endfacet

 facet normal 0 0 1
  outer loop
  vertex -0.115680076 0.0134056285 0.0147248218
  vertex -0.115447208 0.0116953701 0.0147248218
  vertex -0.115285598 0.0111825466 0.0147248218
  endloop
 endfacet

 facet normal 0 0 1
  outer loop
  vertex -0.115680076 0.0134056285 0.0147248218
  vertex -0.115285598 0.0111825466 0.0147248218
  vertex -0.115070544 0.010660816 0.0147248218
  endloop
 endfacet

 facet normal 0 0 1
  outer loop
  vertex -0.115680076 0.0134056285 0.0147248218
  vertex -0.115070544 0.010660816 0.0147248218
  vertex -0.114807129 0.0101556284 0.0147248218
  endloop
 endfacet

 facet normal 0 0 1
  outer loop
  vertex -0.115680076 0.0134056285 0.0147248218
  vertex -0.114807129 0.0101556284 0.0147248218
  vertex -0.114503004 0.00967843551 0.0147248218
  endloop
 endfacet

 facet normal 0 0 1
  outer loop
  vertex -0.115680076 0.0134056285 0.0147248218
  vertex -0.114503004 0.00967843551 0.0147248218
  vertex -0.114483915 0.00965298526 0.0147248218
  endloop
 endfacet

 facet normal 0 0 1
  outer loop
  vertex -0.115680076 0.0134056285 0.0147248218
  vertex -0.114483915 0.00965298526 0.0147248218
  vertex -0.114156879 0.00922923815 0.0147248218
  endloop
 endfacet

 facet normal 0 0 1
  outer loop
  vertex -0.115680076 0.0134056285 0.0147248218
  vertex -0.114156879 0.00922923815 0.0147248218
  vertex -0.114137791 0.00920506101 0.0147248218
  endloop
 endfacet

 facet normal 0 0 1
  outer loop
  vertex -0.115680076 0.0134056285 0.0147248218
  vertex -0.114137791 0.00920506101 0.0147248218
  vertex -0.113773853 0.00881058164 0.0147248218
  endloop
 endfacet

 facet normal 0 0 1
  outer loop
  vertex -0.115680076 0.0134056285 0.0147248218
  vertex -0.113773853 0.00881058164 0.0147248218
  vertex -0.11375095 0.00878894795 0.0147248218
  endloop
 endfacet

 facet normal 0 0 1
  outer loop
  vertex -0.115680076 0.0134056285 0.0147248218
  vertex -0.11375095 0.00878894795 0.0147248218
  vertex -0.113357738 0.00842755474 0.0147248218
  endloop
 endfacet

 facet normal 0 0 1
  outer loop
  vertex -0.115680076 0.0134056285 0.0147248218
  vertex -0.113357738 0.00842755474 0.0147248218
  vertex -0.112907268 0.0080814315 0.0147248218
  endloop
 endfacet

 facet normal 0 0 1
  outer loop
  vertex -0.115680076 0.0134056285 0.0147248218
  vertex -0.112907268 0.0080814315 0.0147248218
  vertex -0.112428807 0.00777729973 0.0147248218
  endloop
 endfacet

 facet normal 0 0 1
  outer loop
  vertex -0.115680076 0.0134056285 0.0147248218
  vertex -0.112428807 0.00777729973 0.0147248218
  vertex -0.111927435 0.00751516223 0.0147248218
  endloop
 endfacet

 facet normal 0 0 1
  outer loop
  vertex -0.115680076 0.0134056285 0.0147248218
  vertex -0.111927435 0.00751516223 0.0147248218
  vertex -0.11140316 0.00729883509 0.0147248218
  endloop
 endfacet

 facet normal 0 0 1
  outer loop
  vertex -0.115680076 0.0134056285 0.0147248218
  vertex -0.11140316 0.00729883509 0.0147248218
  vertex -0.11137262 0.0072886548 0.0147248218
  endloop
 endfacet

 facet normal 0 0 1
  outer loop
  vertex -0.115680076 0.0134056285 0.0147248218
  vertex -0.11137262 0.0072886548 0.0147248218
  vertex -0.110862337 0.00712831831 0.0147248218
  endloop
 endfacet

 facet normal 0 0 1
  outer loop
  vertex -0.115680076 0.0134056285 0.0147248218
  vertex -0.110862337 0.00712831831 0.0147248218
  vertex -0.110830531 0.00712068286 0.0147248218
  endloop
 endfacet

 facet normal 0 0 1
  outer loop
  vertex -0.115680076 0.0134056285 0.0147248218
  vertex -0.110830531 0.00712068286 0.0147248218
  vertex -0.110307522 0.00700488454 0.0147248218
  endloop
 endfacet

 facet normal 0 0 1
  outer loop
  vertex -0.115680076 0.0134056285 0.0147248218
  vertex -0.110307522 0.00700488454 0.0147248218
  vertex -0.10974507 0.00693107862 0.0147248218
  endloop
 endfacet

 facet normal 0 0 1
  outer loop
  vertex -0.115680076 0.0134056285 0.0147248218
  vertex -0.10974507 0.00693107862 0.0147248218
  vertex -0.109180078 0.0069056279 0.0147248218
  endloop
 endfacet

 facet normal 0 0 1
  outer loop
  vertex -0.115680076 0.0134056285 0.0147248218
  vertex -0.109180078 0.0069056279 0.0147248218
  vertex -0.108615085 0.00693235081 0.0147248218
  endloop
 endfacet

 facet normal 0 0 1
  outer loop
  vertex -0.115680076 0.0134056285 0.0147248218
  vertex -0.108615085 0.00693235081 0.0147248218
  vertex -0.108584546 0.00693616876 0.0147248218
  endloop
 endfacet

 facet normal 0 0 1
  outer loop
  vertex -0.115680076 0.0134056285 0.0147248218
  vertex -0.108584546 0.00693616876 0.0147248218
  vertex -0.108052634 0.00700615672 0.0147248218
  endloop
 endfacet

 facet normal 0 0 1
  outer loop
  vertex -0.115680076 0.0134056285 0.0147248218
  vertex -0.108052634 0.00700615672 0.0147248218
  vertex -0.10802082 0.00701251952 0.0147248218
  endloop
 endfacet

 facet normal 0 0 1
  outer loop
  vertex -0.115680076 0.0134056285 0.0147248218
  vertex -0.10802082 0.00701251952 0.0147248218
  vertex -0.107497811 0.00712959049 0.0147248218
  endloop
 endfacet

 facet normal 0 0 1
  outer loop
  vertex -0.115680076 0.0134056285 0.0147248218
  vertex -0.107497811 0.00712959049 0.0147248218
  vertex -0.107468545 0.00713849813 0.0147248218
  endloop
 endfacet

 facet normal 0 0 1
  outer loop
  vertex -0.115680076 0.0134056285 0.0147248218
  vertex -0.107468545 0.00713849813 0.0147248218
  vertex -0.106956996 0.00730010774 0.0147248218
  endloop
 endfacet

 facet normal 0 0 1
  outer loop
  vertex -0.115680076 0.0134056285 0.0147248218
  vertex -0.106956996 0.00730010774 0.0147248218
  vertex -0.10692773 0.00731156021 0.0147248218
  endloop
 endfacet

 facet normal 0 0 1
  outer loop
  vertex -0.115680076 0.0134056285 0.0147248218
  vertex -0.10692773 0.00731156021 0.0147248218
  vertex -0.106433995 0.00751643488 0.0147248218
  endloop
 endfacet

 facet normal 0 0 1
  outer loop
  vertex -0.115680076 0.0134056285 0.0147248218
  vertex -0.106433995 0.00751643488 0.0147248218
  vertex -0.106405996 0.00753043219 0.0147248218
  endloop
 endfacet

 facet normal 0 0 1
  outer loop
  vertex -0.115680076 0.0134056285 0.0147248218
  vertex -0.106405996 0.00753043219 0.0147248218
  vertex -0.105930075 0.00777857285 0.0147248218
  endloop
 endfacet

 facet normal 0 0 1
  outer loop
  vertex -0.115680076 0.0134056285 0.0147248218
  vertex -0.105930075 0.00777857285 0.0147248218
  vertex -0.105452888 0.00808270369 0.0147248218
  endloop
 endfacet

 facet normal 0 0 1
  outer loop
  vertex -0.115680076 0.0134056285 0.0147248218
  vertex -0.105452888 0.00808270369 0.0147248218
  vertex -0.105002418 0.00842882693 0.0147248218
  endloop
 endfacet

 facet normal 0 0 1
  outer loop
  vertex -0.115680076 0.0134056285 0.0147248218
  vertex -0.105002418 0.00842882693 0.0147248218
  vertex -0.104979508 0.0084491875 0.0147248218
  endloop
 endfacet

 facet normal 0 0 1
  outer loop
  vertex -0.115680076 0.0134056285 0.0147248218
  vertex -0.104979508 0.0084491875 0.0147248218
  vertex -0.104586303 0.00881185383 0.0147248218
  endloop
 endfacet

 facet normal 0 0 1
  outer loop
  vertex -0.115680076 0.0134056285 0.0147248218
  vertex -0.104586303 0.00881185383 0.0147248218
  vertex -0.104203276 0.00922923815 0.0147248218
  endloop
 endfacet

 facet normal 0 0 1
  outer loop
  vertex -0.115680076 0.0134056285 0.0147248218
  vertex -0.104203276 0.00922923815 0.0147248218
  vertex -0.103857152 0.00967970863 0.0147248218
  endloop
 endfacet

 facet normal 0 0 1
  outer loop
  vertex -0.115680076 0.0134056285 0.0147248218
  vertex -0.103857152 0.00967970863 0.0147248218
  vertex -0.103839338 0.00970515795 0.0147248218
  endloop
 endfacet

 facet normal 0 0 1
  outer loop
  vertex -0.115680076 0.0134056285 0.0147248218
  vertex -0.103839338 0.00970515795 0.0147248218
  vertex -0.103553027 0.0101581737 0.0147248218
  endloop
 endfacet

 facet normal 0 0 1
  outer loop
  vertex -0.115680076 0.0134056285 0.0147248218
  vertex -0.103553027 0.0101581737 0.0147248218
  vertex -0.103289612 0.010660816 0.0147248218
  endloop
 endfacet

 facet normal 0 0 1
  outer loop
  vertex -0.115680076 0.0134056285 0.0147248218
  vertex -0.103289612 0.010660816 0.0147248218
  vertex -0.103074558 0.0111850919 0.0147248218
  endloop
 endfacet

 facet normal 0 0 1
  outer loop
  vertex -0.115680076 0.0134056285 0.0147248218
  vertex -0.103074558 0.0111850919 0.0147248218
  vertex -0.102904044 0.0117246378 0.0147248218
  endloop
 endfacet

 facet normal 0 0 1
  outer loop
  vertex -0.115680076 0.0134056285 0.0147248218
  vertex -0.102904044 0.0117246378 0.0147248218
  vertex -0.102896407 0.0117551787 0.0147248218
  endloop
 endfacet

 facet normal 0 0 1
  outer loop
  vertex -0.115680076 0.0134056285 0.0147248218
  vertex -0.102896407 0.0117551787 0.0147248218
  vertex -0.10278061 0.0122781815 0.0147248218
  endloop
 endfacet

 facet normal 0 0 1
  outer loop
  vertex -0.115680076 0.0134056285 0.0147248218
  vertex -0.10278061 0.0122781815 0.0147248218
  vertex -0.102706805 0.0128406323 0.0147248218
  endloop
 endfacet

 facet normal 0 0 1
  outer loop
  vertex -0.115680076 0.0134056285 0.0147248218
  vertex -0.102706805 0.0128406323 0.0147248218
  vertex -0.10268008 0.0134056285 0.0147248218
  endloop
 endfacet

 facet normal 0 0 1
  outer loop
  vertex -0.115680076 0.0134056285 0.0147248218
  vertex -0.10268008 0.0134056285 0.0147248218
  vertex -0.102706805 0.0139706247 0.0147248218
  endloop
 endfacet

 facet normal 0 0 1
  outer loop
  vertex -0.115680076 0.0134056285 0.0147248218
  vertex -0.102706805 0.0139706247 0.0147248218
  vertex -0.10278061 0.0145330764 0.0147248218
  endloop
 endfacet

 facet normal 0 0 1
  outer loop
  vertex -0.115680076 0.0134056285 0.0147248218
  vertex -0.10278061 0.0145330764 0.0147248218
  vertex -0.102786966 0.0145623442 0.0147248218
  endloop
 endfacet

 facet normal 0 0 1
  outer loop
  vertex -0.115680076 0.0134056285 0.0147248218
  vertex -0.102786966 0.0145623442 0.0147248218
  vertex -0.102904044 0.0150866192 0.0147248218
  endloop
 endfacet

 facet normal 0 0 1
  outer loop
  vertex -0.115680076 0.0134056285 0.0147248218
  vertex -0.102904044 0.0150866192 0.0147248218
  vertex -0.102912948 0.0151158869 0.0147248218
  endloop
 endfacet

 facet normal 0 0 1
  outer loop
  vertex -0.115680076 0.0134056285 0.0147248218
  vertex -0.102912948 0.0151158869 0.0147248218
  vertex -0.103074558 0.015626166 0.0147248218
  endloop
 endfacet

 facet normal 0 0 1
  outer loop
  vertex -0.115680076 0.0134056285 0.0147248218
  vertex -0.103074558 0.015626166 0.0147248218
  vertex -0.103084736 0.0156554338 0.0147248218
  endloop
 endfacet

 facet normal 0 0 1
  outer loop
  vertex -0.115680076 0.0134056285 0.0147248218
  vertex -0.103084736 0.0156554338 0.0147248218
  vertex -0.103289612 0.016150441 0.0147248218
  endloop
 endfacet

 facet normal 0 0 1
  outer loop
  vertex -0.115680076 0.0134056285 0.0147248218
  vertex -0.103289612 0.016150441 0.0147248218
  vertex -0.103303611 0.0161784366 0.0147248218
  endloop
 endfacet

 facet normal 0 0 1
  outer loop
  vertex -0.115680076 0.0134056285 0.0147248218
  vertex -0.103303611 0.0161784366 0.0147248218
  vertex -0.103553027 0.0166530833 0.0147248218
  endloop
 endfacet

 facet normal 0 0 1
  outer loop
  vertex -0.115680076 0.0134056285 0.0147248218
  vertex -0.103553027 0.0166530833 0.0147248218
  vertex -0.103857152 0.0171315484 0.0147248218
  endloop
 endfacet

 facet normal 0 0 1
  outer loop
  vertex -0.115680076 0.0134056285 0.0147248218
  vertex -0.103857152 0.0171315484 0.0147248218
  vertex -0.103874967 0.0171569996 0.0147248218
  endloop
 endfacet

 facet normal 0 0 1
  outer loop
  vertex -0.115680076 0.0134056285 0.0147248218
  vertex -0.103874967 0.0171569996 0.0147248218
  vertex -0.104203276 0.0175820179 0.0147248218
  endloop
 endfacet

 facet normal 0 0 1
  outer loop
  vertex -0.115680076 0.0134056285 0.0147248218
  vertex -0.104203276 0.0175820179 0.0147248218
  vertex -0.104222365 0.0176049247 0.0147248218
  endloop
 endfacet

 facet normal 0 0 1
  outer loop
  vertex -0.115680076 0.0134056285 0.0147248218
  vertex -0.104222365 0.0176049247 0.0147248218
  vertex -0.104586303 0.0179994032 0.0147248218
  endloop
 endfacet

 facet normal 0 0 1
  outer loop
  vertex -0.115680076 0.0134056285 0.0147248218
  vertex -0.104586303 0.0179994032 0.0147248218
  vertex -0.104609214 0.0180210359 0.0147248218
  endloop
 endfacet

 facet normal 0 0 1
  outer loop
  vertex -0.115680076 0.0134056285 0.0147248218
  vertex -0.104609214 0.0180210359 0.0147248218
  vertex -0.105002418 0.018381156 0.0147248218
  endloop
 endfacet

 facet normal 0 0 1
  outer loop
  vertex -0.115680076 0.0134056285 0.0147248218
  vertex -0.105002418 0.018381156 0.0147248218
  vertex -0.105452888 0.0187272821 0.0147248218
  endloop
 endfacet

 facet normal 0 0 1
  outer loop
  vertex -0.115680076 0.0134056285 0.0147248218
  vertex -0.105452888 0.0187272821 0.0147248218
  vertex -0.105930075 0.0190326851 0.0147248218
  endloop
 endfacet

 facet normal 0 0 1
  outer loop
  vertex -0.115680076 0.0134056285 0.0147248218
  vertex -0.105930075 0.0190326851 0.0147248218
  vertex -0.105959348 0.0190479551 0.0147248218
  endloop
 endfacet

 facet normal 0 0 1
  outer loop
  vertex -0.115680076 0.0134056285 0.0147248218
  vertex -0.105959348 0.0190479551 0.0147248218
  vertex -0.106433995 0.0192935504 0.0147248218
  endloop
 endfacet

 facet normal 0 0 1
  outer loop
  vertex -0.115680076 0.0134056285 0.0147248218
  vertex -0.106433995 0.0192935504 0.0147248218
  vertex -0.106956996 0.019509878 0.0147248218
  endloop
 endfacet

 facet normal 0 0 1
  outer loop
  vertex -0.115680076 0.0134056285 0.0147248218
  vertex -0.106956996 0.019509878 0.0147248218
  vertex -0.106986262 0.0195213296 0.0147248218
  endloop
 endfacet

 facet normal 0 0 1
  outer loop
  vertex -0.115680076 0.0134056285 0.0147248218
  vertex -0.106986262 0.0195213296 0.0147248218
  vertex -0.107497811 0.0196803939 0.0147248218
  endloop
 endfacet

 facet normal 0 0 1
  outer loop
  vertex -0.115680076 0.0134056285 0.0147248218
  vertex -0.107497811 0.0196803939 0.0147248218
  vertex -0.107529625 0.0196880288 0.0147248218
  endloop
 endfacet

 facet normal 0 0 1
  outer loop
  vertex -0.115680076 0.0134056285 0.0147248218
  vertex -0.107529625 0.0196880288 0.0147248218
  vertex -0.108052634 0.0198051017 0.0147248218
  endloop
 endfacet

 facet normal 0 0 1
  outer loop
  vertex -0.115680076 0.0134056285 0.0147248218
  vertex -0.108052634 0.0198051017 0.0147248218
  vertex -0.108615085 0.0198789071 0.0147248218
  endloop
 endfacet

 facet normal 0 0 1
  outer loop
  vertex -0.115680076 0.0134056285 0.0147248218
  vertex -0.108615085 0.0198789071 0.0147248218
  vertex -0.109180078 0.0199056286 0.0147248218
  endloop
 endfacet

 facet normal 0 0 1
  outer loop
  vertex -0.115680076 0.0134056285 0.0147248218
  vertex -0.109180078 0.0199056286 0.0147248218
  vertex -0.10974507 0.0198789071 0.0147248218
  endloop
 endfacet

 facet normal 0 0 1
  outer loop
  vertex -0.115680076 0.0134056285 0.0147248218
  vertex -0.10974507 0.0198789071 0.0147248218
  vertex -0.10977561 0.0198763609 0.0147248218
  endloop
 endfacet

 facet normal 0 0 1
  outer loop
  vertex -0.115680076 0.0134056285 0.0147248218
  vertex -0.10977561 0.0198763609 0.0147248218
  vertex -0.110307522 0.0198051017 0.0147248218
  endloop
 endfacet

 facet normal 0 0 1
  outer loop
  vertex -0.115680076 0.0134056285 0.0147248218
  vertex -0.110307522 0.0198051017 0.0147248218
  vertex -0.110862337 0.0196829382 0.0147248218
  endloop
 endfacet

 facet normal 0 0 1
  outer loop
  vertex -0.115680076 0.0134056285 0.0147248218
  vertex -0.110862337 0.0196829382 0.0147248218
  vertex -0.11140316 0.0195124224 0.0147248218
  endloop
 endfacet

 facet normal 0 0 1
  outer loop
  vertex -0.115680076 0.0134056285 0.0147248218
  vertex -0.11140316 0.0195124224 0.0147248218
  vertex -0.111431152 0.0195009708 0.0147248218
  endloop
 endfacet

 facet normal 0 0 1
  outer loop
  vertex -0.115680076 0.0134056285 0.0147248218
  vertex -0.111431152 0.0195009708 0.0147248218
  vertex -0.111927435 0.0192935504 0.0147248218
  endloop
 endfacet

 facet normal 0 0 1
  outer loop
  vertex -0.115680076 0.0134056285 0.0147248218
  vertex -0.111927435 0.0192935504 0.0147248218
  vertex -0.112428807 0.0190339573 0.0147248218
  endloop
 endfacet

 facet normal 0 0 1
  outer loop
  vertex -0.115680076 0.0134056285 0.0147248218
  vertex -0.112428807 0.0190339573 0.0147248218
  vertex -0.112455525 0.0190174133 0.0147248218
  endloop
 endfacet

 facet normal 0 0 1
  outer loop
  vertex -0.115680076 0.0134056285 0.0147248218
  vertex -0.112455525 0.0190174133 0.0147248218
  vertex -0.112907268 0.0187298264 0.0147248218
  endloop
 endfacet

 facet normal 0 0 1
  outer loop
  vertex -0.115680076 0.0134056285 0.0147248218
  vertex -0.112907268 0.0187298264 0.0147248218
  vertex -0.113357738 0.0183837023 0.0147248218
  endloop
 endfacet

 facet normal 0 0 1
  outer loop
  vertex -0.115680076 0.0134056285 0.0147248218
  vertex -0.113357738 0.0183837023 0.0147248218
  vertex -0.113380648 0.0183633436 0.0147248218
  endloop
 endfacet

 facet normal 0 0 1
  outer loop
  vertex -0.115680076 0.0134056285 0.0147248218
  vertex -0.113380648 0.0183633436 0.0147248218
  vertex -0.113773853 0.0180006754 0.0147248218
  endloop
 endfacet

 facet normal 0 0 1
  outer loop
  vertex -0.115680076 0.0134056285 0.0147248218
  vertex -0.113773853 0.0180006754 0.0147248218
  vertex -0.114156879 0.0175820179 0.0147248218
  endloop
 endfacet

 facet normal 0 0 1
  outer loop
  vertex -0.115680076 0.0134056285 0.0147248218
  vertex -0.114156879 0.0175820179 0.0147248218
  vertex -0.114503004 0.0171328224 0.0147248218
  endloop
 endfacet

 facet normal 0 0 1
  outer loop
  vertex -0.115680076 0.0134056285 0.0147248218
  vertex -0.114503004 0.0171328224 0.0147248218
  vertex -0.114520818 0.0171073712 0.0147248218
  endloop
 endfacet

 facet normal 0 0 1
  outer loop
  vertex -0.115680076 0.0134056285 0.0147248218
  vertex -0.114520818 0.0171073712 0.0147248218
  vertex -0.114807129 0.0166518111 0.0147248218
  endloop
 endfacet

 facet normal 0 0 1
  outer loop
  vertex -0.115680076 0.0134056285 0.0147248218
  vertex -0.114807129 0.0166518111 0.0147248218
  vertex -0.114821129 0.0166276339 0.0147248218
  endloop
 endfacet

 facet normal 0 0 1
  outer loop
  vertex -0.115680076 0.0134056285 0.0147248218
  vertex -0.114821129 0.0166276339 0.0147248218
  vertex -0.115070544 0.016150441 0.0147248218
  endloop
 endfacet

 facet normal 0 0 1
  outer loop
  vertex -0.115680076 0.0134056285 0.0147248218
  vertex -0.115070544 0.016150441 0.0147248218
  vertex -0.115285598 0.0156287104 0.0147248218
  endloop
 endfacet

 facet normal 0 0 1
  outer loop
  vertex -0.115680076 0.0134056285 0.0147248218
  vertex -0.115285598 0.0156287104 0.0147248218
  vertex -0.115456112 0.0150866192 0.0147248218
  endloop
 endfacet

 facet normal 0 0 1
  outer loop
  vertex -0.115680076 0.0134056285 0.0147248218
  vertex -0.115456112 0.0150866192 0.0147248218
  vertex -0.115578279 0.0145330764 0.0147248218
  endloop
 endfacet

 facet normal 0 0 1
  outer loop
  vertex -0.115680076 0.0134056285 0.0147248218
  vertex -0.115578279 0.0145330764 0.0147248218
  vertex -0.115584642 0.0145025356 0.0147248218
  endloop
 endfacet

 facet normal 0 0 1
  outer loop
  vertex -0.115680076 0.0134056285 0.0147248218
  vertex -0.115584642 0.0145025356 0.0147248218
  vertex -0.115654625 0.0139718978 0.0147248218
  endloop
 endfacet

 facet normal -0.991413772 0.130762011 0
  outer loop
  vertex -0.115654625 0.0139718978 0.010001434
  vertex -0.115654625 0.0139718978 0.0147248218
  vertex -0.115584642 0.0145025356 0.0147248218
  endloop
 endfacet

 facet normal -0.990871131 0.134811878 -0.000463015109
  outer loop
  vertex -0.115654625 0.0139718978 0.010001434
  vertex -0.115584642 0.0145025356 0.0147248218
  vertex -0.115578279 0.0145330764 0.010001434
  endloop
 endfacet

 facet normal -0.930840731 0.126644522 -0.342777908
  outer loop
  vertex -0.115654625 0.0139718978 0.010001434
  vertex -0.115578279 0.0145330764 0.010001434
  vertex -0.114103436 0.0142722102 0.00589999976
  endloop
 endfacet

 facet normal -0.931407928 0.120533437 -0.343439877
  outer loop
  vertex -0.115654625 0.0139718978 0.010001434
  vertex -0.114103436 0.0142722102 0.00589999976
  vertex -0.11415942 0.013839555 0.00589999976
  endloop
 endfacet

 facet normal -0.938147068 0.0440177098 -0.343427718
  outer loop
  vertex -0.115654625 0.0139718978 0.010001434
  vertex -0.11415942 0.013839555 0.00589999976
  vertex -0.114179783 0.0134056285 0.00589999976
  endloop
 endfacet

 facet normal -0.938147068 -0.0440177098 -0.343427718
  outer loop
  vertex -0.114179783 0.0134056285 0.00589999976
  vertex -0.11415942 0.012971702 0.00589999976
  vertex -0.115654625 0.0128393592 0.010001434
  endloop
 endfacet

 facet normal 0 0 -1
  outer loop
  vertex -0.114179783 0.0134056285 0.00589999976
  vertex -0.11415942 0.013839555 0.00589999976
  vertex -0.114103436 0.0142722102 0.00589999976
  endloop
 endfacet

 facet normal 0 0 -1
  outer loop
  vertex -0.114179783 0.0134056285 0.00589999976
  vertex -0.114103436 0.0142722102 0.00589999976
  vertex -0.114007995 0.0146985026 0.00589999976
  endloop
 endfacet

 facet normal 0 0 -1
  outer loop
  vertex -0.114179783 0.0134056285 0.00589999976
  vertex -0.114007995 0.0146985026 0.00589999976
  vertex -0.113876924 0.0151146147 0.00589999976
  endloop
 endfacet

 facet normal 0 0 -1
  outer loop
  vertex -0.114179783 0.0134056285 0.00589999976
  vertex -0.113876924 0.0151146147 0.00589999976
  vertex -0.113710225 0.0155167291 0.00589999976
  endloop
 endfacet

 facet normal 0 0 -1
  outer loop
  vertex -0.114179783 0.0134056285 0.00589999976
  vertex -0.113710225 0.0155167291 0.00589999976
  vertex -0.113509171 0.0159048457 0.00589999976
  endloop
 endfacet

 facet normal 0 0 -1
  outer loop
  vertex -0.114179783 0.0134056285 0.00589999976
  vertex -0.113509171 0.0159048457 0.00589999976
  vertex -0.113275029 0.0162713304 0.00589999976
  endloop
 endfacet

 facet normal 0 0 -1
  outer loop
  vertex -0.114179783 0.0134056285 0.00589999976
  vertex -0.113275029 0.0162713304 0.00589999976
  vertex -0.113009073 0.0166174527 0.00589999976
  endloop
 endfacet

 facet normal 0 0 -1
  outer loop
  vertex -0.114179783 0.0134056285 0.00589999976
  vertex -0.113009073 0.0166174527 0.00589999976
  vertex -0.112713851 0.0169393998 0.00589999976
  endloop
 endfacet

 facet normal 0 0 -1
  outer loop
  vertex -0.114179783 0.0134056285 0.00589999976
  vertex -0.112713851 0.0169393998 0.00589999976
  vertex -0.112393171 0.0172333512 0.00589999976
  endloop
 endfacet

 facet normal 0 0 -1
  outer loop
  vertex -0.114179783 0.0134056285 0.00589999976
  vertex -0.112393171 0.0172333512 0.00589999976
  vertex -0.112047046 0.0174993053 0.00589999976
  endloop
 endfacet

 facet normal 0 0 -1
  outer loop
  vertex -0.114179783 0.0134056285 0.00589999976
  vertex -0.112047046 0.0174993053 0.00589999976
  vertex -0.111679293 0.0177334473 0.00589999976
  endloop
 endfacet

 facet normal 0 0 -1
  outer loop
  vertex -0.114179783 0.0134056285 0.00589999976
  vertex -0.111679293 0.0177334473 0.00589999976
  vertex -0.111291178 0.0179357771 0.00589999976
  endloop
 endfacet

 facet normal 0 0 -1
  outer loop
  vertex -0.114179783 0.0134056285 0.00589999976
  vertex -0.111291178 0.0179357771 0.00589999976
  vertex -0.110889062 0.0181012042 0.00589999976
  endloop
 endfacet

 facet normal 0 0 -1
  outer loop
  vertex -0.114179783 0.0134056285 0.00589999976
  vertex -0.110889062 0.0181012042 0.00589999976
  vertex -0.110472955 0.0182322729 0.00589999976
  endloop
 endfacet

 facet normal 0 0 -1
  outer loop
  vertex -0.114179783 0.0134056285 0.00589999976
  vertex -0.110472955 0.0182322729 0.00589999976
  vertex -0.110047929 0.018327713 0.00589999976
  endloop
 endfacet

 facet normal 0 0 -1
  outer loop
  vertex -0.114179783 0.0134056285 0.00589999976
  vertex -0.110047929 0.018327713 0.00589999976
  vertex -0.109615274 0.0183849763 0.00589999976
  endloop
 endfacet

 facet normal 0 0 -1
  outer loop
  vertex -0.114179783 0.0134056285 0.00589999976
  vertex -0.109615274 0.0183849763 0.00589999976
  vertex -0.109180078 0.018405335 0.00589999976
  endloop
 endfacet

 facet normal 0 0 -1
  outer loop
  vertex -0.114179783 0.0134056285 0.00589999976
  vertex -0.109180078 0.018405335 0.00589999976
  vertex -0.108744875 0.0183849763 0.00589999976
  endloop
 endfacet

 facet normal 0 0 -1
  outer loop
  vertex -0.114179783 0.0134056285 0.00589999976
  vertex -0.108744875 0.0183849763 0.00589999976
  vertex -0.108312227 0.018327713 0.00589999976
  endloop
 endfacet

 facet normal 0 0 -1
  outer loop
  vertex -0.114179783 0.0134056285 0.00589999976
  vertex -0.108312227 0.018327713 0.00589999976
  vertex -0.107887201 0.0182322729 0.00589999976
  endloop
 endfacet

 facet normal 0 0 -1
  outer loop
  vertex -0.114179783 0.0134056285 0.00589999976
  vertex -0.107887201 0.0182322729 0.00589999976
  vertex -0.107471094 0.0181012042 0.00589999976
  endloop
 endfacet

 facet normal 0 0 -1
  outer loop
  vertex -0.114179783 0.0134056285 0.00589999976
  vertex -0.107471094 0.0181012042 0.00589999976
  vertex -0.107067704 0.0179357771 0.00589999976
  endloop
 endfacet

 facet normal 0 0 -1
  outer loop
  vertex -0.114179783 0.0134056285 0.00589999976
  vertex -0.107067704 0.0179357771 0.00589999976
  vertex -0.106682137 0.0177334473 0.00589999976
  endloop
 endfacet

 facet normal 0 0 -1
  outer loop
  vertex -0.114179783 0.0134056285 0.00589999976
  vertex -0.106682137 0.0177334473 0.00589999976
  vertex -0.106313102 0.0174993053 0.00589999976
  endloop
 endfacet

 facet normal 0 0 -1
  outer loop
  vertex -0.114179783 0.0134056285 0.00589999976
  vertex -0.106313102 0.0174993053 0.00589999976
  vertex -0.105966985 0.0172333512 0.00589999976
  endloop
 endfacet

 facet normal 0 0 -1
  outer loop
  vertex -0.114179783 0.0134056285 0.00589999976
  vertex -0.105966985 0.0172333512 0.00589999976
  vertex -0.105646305 0.0169393998 0.00589999976
  endloop
 endfacet

 facet normal 0 0 -1
  outer loop
  vertex -0.114179783 0.0134056285 0.00589999976
  vertex -0.105646305 0.0169393998 0.00589999976
  vertex -0.105351083 0.0166174527 0.00589999976
  endloop
 endfacet

 facet normal 0 0 -1
  outer loop
  vertex -0.114179783 0.0134056285 0.00589999976
  vertex -0.105351083 0.0166174527 0.00589999976
  vertex -0.105086401 0.0162713304 0.00589999976
  endloop
 endfacet

 facet normal 0 0 -1
  outer loop
  vertex -0.114179783 0.0134056285 0.00589999976
  vertex -0.105086401 0.0162713304 0.00589999976
  vertex -0.104850985 0.0159048457 0.00589999976
  endloop
 endfacet

 facet normal 0 0 -1
  outer loop
  vertex -0.114179783 0.0134056285 0.00589999976
  vertex -0.104850985 0.0159048457 0.00589999976
  vertex -0.104649931 0.0155167291 0.00589999976
  endloop
 endfacet

 facet normal 0 0 -1
  outer loop
  vertex -0.114179783 0.0134056285 0.00589999976
  vertex -0.104649931 0.0155167291 0.00589999976
  vertex -0.104483232 0.0151146147 0.00589999976
  endloop
 endfacet

 facet normal 0 0 -1
  outer loop
  vertex -0.114179783 0.0134056285 0.00589999976
  vertex -0.104483232 0.0151146147 0.00589999976
  vertex -0.104352161 0.0146985026 0.00589999976
  endloop
 endfacet

 facet normal 0 0 -1
  outer loop
  vertex -0.114179783 0.0134056285 0.00589999976
  vertex -0.104352161 0.0146985026 0.00589999976
  vertex -0.104257993 0.0142722102 0.00589999976
  endloop
 endfacet

 facet normal 0 0 -1
  outer loop
  vertex -0.114179783 0.0134056285 0.00589999976
  vertex -0.104257993 0.0142722102 0.00589999976
  vertex -0.104200736 0.013839555 0.00589999976
  endloop
 endfacet

 facet normal 0 0 -1
  outer loop
  vertex -0.114179783 0.0134056285 0.00589999976
  vertex -0.104200736 0.013839555 0.00589999976
  vertex -0.104180373 0.0134056285 0.00589999976
  endloop
 endfacet

 facet normal 0 0 -1
  outer loop
  vertex -0.114179783 0.0134056285 0.00589999976
  vertex -0.104180373 0.0134056285 0.00589999976
  vertex -0.104200736 0.012971702 0.00589999976
  endloop
 endfacet

 facet normal 0 0 -1
  outer loop
  vertex -0.114179783 0.0134056285 0.00589999976
  vertex -0.104200736 0.012971702 0.00589999976
  vertex -0.104257993 0.0125390468 0.00589999976
  endloop
 endfacet

 facet normal 0 0 -1
  outer loop
  vertex -0.114179783 0.0134056285 0.00589999976
  vertex -0.104257993 0.0125390468 0.00589999976
  vertex -0.104352161 0.0121127544 0.00589999976
  endloop
 endfacet

 facet normal 0 0 -1
  outer loop
  vertex -0.114179783 0.0134056285 0.00589999976
  vertex -0.104352161 0.0121127544 0.00589999976
  vertex -0.104483232 0.0116966432 0.00589999976
  endloop
 endfacet

 facet normal 0 0 -1
  outer loop
  vertex -0.114179783 0.0134056285 0.00589999976
  vertex -0.104483232 0.0116966432 0.00589999976
  vertex -0.104649931 0.0112945288 0.00589999976
  endloop
 endfacet

 facet normal 0 0 -1
  outer loop
  vertex -0.114179783 0.0134056285 0.00589999976
  vertex -0.104649931 0.0112945288 0.00589999976
  vertex -0.104850985 0.0109076835 0.00589999976
  endloop
 endfacet

 facet normal 0 0 -1
  outer loop
  vertex -0.114179783 0.0134056285 0.00589999976
  vertex -0.104850985 0.0109076835 0.00589999976
  vertex -0.105086401 0.0105399275 0.00589999976
  endloop
 endfacet

 facet normal 0 0 -1
  outer loop
  vertex -0.114179783 0.0134056285 0.00589999976
  vertex -0.105086401 0.0105399275 0.00589999976
  vertex -0.105351083 0.0101938043 0.00589999976
  endloop
 endfacet

 facet normal 0 0 -1
  outer loop
  vertex -0.114179783 0.0134056285 0.00589999976
  vertex -0.105351083 0.0101938043 0.00589999976
  vertex -0.105646305 0.00987185817 0.00589999976
  endloop
 endfacet

 facet normal 0 0 -1
  outer loop
  vertex -0.114179783 0.0134056285 0.00589999976
  vertex -0.105646305 0.00987185817 0.00589999976
  vertex -0.105966985 0.00957790669 0.00589999976
  endloop
 endfacet

 facet normal 0 0 -1
  outer loop
  vertex -0.114179783 0.0134056285 0.00589999976
  vertex -0.105966985 0.00957790669 0.00589999976
  vertex -0.106313102 0.0093119517 0.00589999976
  endloop
 endfacet

 facet normal 0 0 -1
  outer loop
  vertex -0.114179783 0.0134056285 0.00589999976
  vertex -0.106313102 0.0093119517 0.00589999976
  vertex -0.106682137 0.00907780882 0.00589999976
  endloop
 endfacet

 facet normal 0 0 -1
  outer loop
  vertex -0.114179783 0.0134056285 0.00589999976
  vertex -0.106682137 0.00907780882 0.00589999976
  vertex -0.107067704 0.00887547992 0.00589999976
  endloop
 endfacet

 facet normal 0 0 -1
  outer loop
  vertex -0.114179783 0.0134056285 0.00589999976
  vertex -0.107067704 0.00887547992 0.00589999976
  vertex -0.107471094 0.00871005282 0.00589999976
  endloop
 endfacet

 facet normal 0 0 -1
  outer loop
  vertex -0.114179783 0.0134056285 0.00589999976
  vertex -0.107471094 0.00871005282 0.00589999976
  vertex -0.107887201 0.00857898407 0.00589999976
  endloop
 endfacet

 facet normal 0 0 -1
  outer loop
  vertex -0.114179783 0.0134056285 0.00589999976
  vertex -0.107887201 0.00857898407 0.00589999976
  vertex -0.108312227 0.00848354492 0.00589999976
  endloop
 endfacet

 facet normal 0 0 -1
  outer loop
  vertex -0.114179783 0.0134056285 0.00589999976
  vertex -0.108312227 0.00848354492 0.00589999976
  vertex -0.108744875 0.00842628255 0.00589999976
  endloop
 endfacet

 facet normal 0 0 -1
  outer loop
  vertex -0.114179783 0.0134056285 0.00589999976
  vertex -0.108744875 0.00842628255 0.00589999976
  vertex -0.109180078 0.00840719417 0.00589999976
  endloop
 endfacet

 facet normal 0 0 -1
  outer loop
  vertex -0.114179783 0.0134056285 0.00589999976
  vertex -0.109180078 0.00840719417 0.00589999976
  vertex -0.109615274 0.00842628255 0.00589999976
  endloop
 endfacet

 facet normal 0 0 -1
  outer loop
  vertex -0.114179783 0.0134056285 0.00589999976
  vertex -0.109615274 0.00842628255 0.00589999976
  vertex -0.110047929 0.00848354492 0.00589999976
  endloop
 endfacet

 facet normal 0 0 -1
  outer loop
  vertex -0.114179783 0.0134056285 0.00589999976
  vertex -0.110047929 0.00848354492 0.00589999976
  vertex -0.110472955 0.00857898407 0.00589999976
  endloop
 endfacet

 facet normal 0 0 -1
  outer loop
  vertex -0.114179783 0.0134056285 0.00589999976
  vertex -0.110472955 0.00857898407 0.00589999976
  vertex -0.110889062 0.00871005282 0.00589999976
  endloop
 endfacet

 facet normal 0 0 -1
  outer loop
  vertex -0.114179783 0.0134056285 0.00589999976
  vertex -0.110889062 0.00871005282 0.00589999976
  vertex -0.111291178 0.00887547992 0.00589999976
  endloop
 endfacet

 facet normal 0 0 -1
  outer loop
  vertex -0.114179783 0.0134056285 0.00589999976
  vertex -0.111291178 0.00887547992 0.00589999976
  vertex -0.111679293 0.00907780882 0.00589999976
  endloop
 endfacet

 facet normal 0 0 -1
  outer loop
  vertex -0.114179783 0.0134056285 0.00589999976
  vertex -0.111679293 0.00907780882 0.00589999976
  vertex -0.112047046 0.0093119517 0.00589999976
  endloop
 endfacet

 facet normal 0 0 -1
  outer loop
  vertex -0.114179783 0.0134056285 0.00589999976
  vertex -0.112047046 0.0093119517 0.00589999976
  vertex -0.112393171 0.00957790669 0.00589999976
  endloop
 endfacet

 facet normal 0 0 -1
  outer loop
  vertex -0.114179783 0.0134056285 0.00589999976
  vertex -0.112393171 0.00957790669 0.00589999976
  vertex -0.112713851 0.00987185817 0.00589999976
  endloop
 endfacet

 facet normal 0 0 -1
  outer loop
  vertex -0.114179783 0.0134056285 0.00589999976
  vertex -0.112713851 0.00987185817 0.00589999976
  vertex -0.113009073 0.0101938043 0.00589999976
  endloop
 endfacet

 facet normal 0 0 -1
  outer loop
  vertex -0.114179783 0.0134056285 0.00589999976
  vertex -0.113009073 0.0101938043 0.00589999976
  vertex -0.113275029 0.0105399275 0.00589999976
  endloop
 endfacet

 facet normal 0 0 -1
  outer loop
  vertex -0.114179783 0.0134056285 0.00589999976
  vertex -0.113275029 0.0105399275 0.00589999976
  vertex -0.113509171 0.0109064113 0.00589999976
  endloop
 endfacet

 facet normal 0 0 -1
  outer loop
  vertex -0.114179783 0.0134056285 0.00589999976
  vertex -0.113509171 0.0109064113 0.00589999976
  vertex -0.113710225 0.0112945288 0.00589999976
  endloop
 endfacet

 facet normal 0 0 -1
  outer loop
  vertex -0.114179783 0.0134056285 0.00589999976
  vertex -0.113710225 0.0112945288 0.00589999976
  vertex -0.113876924 0.0116966432 0.00589999976
  endloop
 endfacet

 facet normal 0 0 -1
  outer loop
  vertex -0.114179783 0.0134056285 0.00589999976
  vertex -0.113876924 0.0116966432 0.00589999976
  vertex -0.114007995 0.0121127544 0.00589999976
  endloop
 endfacet

 facet normal 0 0 -1
  outer loop
  vertex -0.114179783 0.0134056285 0.00589999976
  vertex -0.114007995 0.0121127544 0.00589999976
  vertex -0.114103436 0.0125390468 0.00589999976
  endloop
 endfacet

 facet normal 0 0 -1
  outer loop
  vertex -0.114179783 0.0134056285 0.00589999976
  vertex -0.114103436 0.0125390468 0.00589999976
  vertex -0.11415942 0.012971702 0.00589999976
  endloop
 endfacet

 facet normal -0.931407928 -0.120533437 -0.343439877
  outer loop
  vertex -0.115654625 0.0128393592 0.010001434
  vertex -0.11415942 0.012971702 0.00589999976
  vertex -0.114103436 0.0125390468 0.00589999976
  endloop
 endfacet

 facet normal -0.930840731 -0.126644522 -0.342777908
  outer loop
  vertex -0.115654625 0.0128393592 0.010001434
  vertex -0.114103436 0.0125390468 0.00589999976
  vertex -0.115578279 0.0122781815 0.010001434
  endloop
 endfacet

 facet normal -0.990871191 -0.134811908 0
  outer loop
  vertex -0.115654625 0.0128393592 0.010001434
  vertex -0.115578279 0.0122781815 0.010001434
  vertex -0.115578279 0.0122781815 0.0147248218
  endloop
 endfacet

 facet normal -0.990871191 -0.134811908 0
  outer loop
  vertex -0.115654625 0.0128393592 0.010001434
  vertex -0.115578279 0.0122781815 0.0147248218
  vertex -0.115654625 0.0128393592 0.0147248218
  endloop
 endfacet

 facet normal -0.978982508 0.203944832 0
  outer loop
  vertex -0.115584642 0.0145025356 0.0147248218
  vertex -0.115578279 0.0145330764 0.0147248218
  vertex -0.115578279 0.0145330764 0.010001434
  endloop
 endfacet

 facet normal -0.976502538 0.215505779 0
  outer loop
  vertex -0.115578279 0.0145330764 0.010001434
  vertex -0.115578279 0.0145330764 0.0147248218
  vertex -0.115456112 0.0150866192 0.0147248218
  endloop
 endfacet

 facet normal -0.976502538 0.215505779 0
  outer loop
  vertex -0.115578279 0.0145330764 0.010001434
  vertex -0.115456112 0.0150866192 0.0147248218
  vertex -0.115456112 0.0150866192 0.010001434
  endloop
 endfacet

 facet normal -0.917352796 0.202451959 -0.342749298
  outer loop
  vertex -0.115578279 0.0145330764 0.010001434
  vertex -0.115456112 0.0150866192 0.010001434
  vertex -0.114103436 0.0142722102 0.00589999976
  endloop
 endfacet

 facet normal -0.916623235 0.205215633 -0.343057513
  outer loop
  vertex -0.114103436 0.0142722102 0.00589999976
  vertex -0.115456112 0.0150866192 0.010001434
  vertex -0.114007995 0.0146985026 0.00589999976
  endloop
 endfacet

 facet normal -0.916623235 -0.205215633 -0.343057513
  outer loop
  vertex -0.114103436 0.0125390468 0.00589999976
  vertex -0.114007995 0.0121127544 0.00589999976
  vertex -0.115456112 0.0117246378 0.010001434
  endloop
 endfacet

 facet normal -0.917352796 -0.202451959 -0.342749298
  outer loop
  vertex -0.114103436 0.0125390468 0.00589999976
  vertex -0.115456112 0.0117246378 0.010001434
  vertex -0.115578279 0.0122781815 0.010001434
  endloop
 endfacet

 facet normal -0.976502538 -0.215505779 -0.000282969995
  outer loop
  vertex -0.115578279 0.0122781815 0.010001434
  vertex -0.115456112 0.0117246378 0.010001434
  vertex -0.115573183 0.0122489138 0.0147248218
  endloop
 endfacet

 facet normal -0.985209703 -0.171352968 0
  outer loop
  vertex -0.115578279 0.0122781815 0.010001434
  vertex -0.115573183 0.0122489138 0.0147248218
  vertex -0.115578279 0.0122781815 0.0147248218
  endloop
 endfacet

 facet normal -0.953920841 0.300058365 0
  outer loop
  vertex -0.115456112 0.0150866192 0.010001434
  vertex -0.115456112 0.0150866192 0.0147248218
  vertex -0.115285598 0.0156287104 0.0147248218
  endloop
 endfacet

 facet normal -0.953920841 0.300058365 0
  outer loop
  vertex -0.115456112 0.0150866192 0.010001434
  vertex -0.115285598 0.0156287104 0.0147248218
  vertex -0.115285598 0.0156287104 0.010001434
  endloop
 endfacet

 facet normal -0.896037281 0.281850964 -0.343041033
  outer loop
  vertex -0.115456112 0.0150866192 0.010001434
  vertex -0.115285598 0.0156287104 0.010001434
  vertex -0.114007995 0.0146985026 0.00589999976
  endloop
 endfacet

 facet normal -0.89591217 0.28219983 -0.343081236
  outer loop
  vertex -0.114007995 0.0146985026 0.00589999976
  vertex -0.115285598 0.0156287104 0.010001434
  vertex -0.113876924 0.0151146147 0.00589999976
  endloop
 endfacet

 facet normal -0.89591217 -0.28219983 -0.343081236
  outer loop
  vertex -0.114007995 0.0121127544 0.00589999976
  vertex -0.113876924 0.0116966432 0.00589999976
  vertex -0.115285598 0.0111825466 0.010001434
  endloop
 endfacet

 facet normal -0.896037281 -0.281850964 -0.343041033
  outer loop
  vertex -0.114007995 0.0121127544 0.00589999976
  vertex -0.115285598 0.0111825466 0.010001434
  vertex -0.115456112 0.0117246378 0.010001434
  endloop
 endfacet

 facet normal -0.956678629 -0.29114601 0
  outer loop
  vertex -0.115456112 0.0117246378 0.010001434
  vertex -0.115447208 0.0116953701 0.0147248218
  vertex -0.115456112 0.0117246378 0.0147248218
  endloop
 endfacet

 facet normal -0.975963354 -0.217934772 0
  outer loop
  vertex -0.115456112 0.0117246378 0.010001434
  vertex -0.115456112 0.0117246378 0.0147248218
  vertex -0.115573183 0.0122489138 0.0147248218
  endloop
 endfacet

 facet normal -0.953920841 -0.300058365 -6.04244851e-05
  outer loop
  vertex -0.115456112 0.0117246378 0.010001434
  vertex -0.115285598 0.0111825466 0.010001434
  vertex -0.115447208 0.0116953701 0.0147248218
  endloop
 endfacet

 facet normal -0.924537957 0.381090254 0
  outer loop
  vertex -0.115285598 0.0156287104 0.010001434
  vertex -0.115285598 0.0156287104 0.0147248218
  vertex -0.115070544 0.016150441 0.0147248218
  endloop
 endfacet

 facet normal -0.924537957 0.381090254 0
  outer loop
  vertex -0.115285598 0.0156287104 0.010001434
  vertex -0.115070544 0.016150441 0.0147248218
  vertex -0.115070544 0.016150441 0.010001434
  endloop
 endfacet

 facet normal -0.868407369 0.357953489 -0.343129814
  outer loop
  vertex -0.115285598 0.0156287104 0.010001434
  vertex -0.115070544 0.016150441 0.010001434
  vertex -0.113876924 0.0151146147 0.00589999976
  endloop
 endfacet

 facet normal -0.867615223 0.359674335 -0.3433339
  outer loop
  vertex -0.113876924 0.0151146147 0.00589999976
  vertex -0.115070544 0.016150441 0.010001434
  vertex -0.113710225 0.0155167291 0.00589999976
  endloop
 endfacet

 facet normal -0.867615223 -0.359674335 -0.3433339
  outer loop
  vertex -0.113876924 0.0116966432 0.00589999976
  vertex -0.113710225 0.0112945288 0.00589999976
  vertex -0.115070544 0.010660816 0.010001434
  endloop
 endfacet

 facet normal -0.868407369 -0.357953489 -0.343129814
  outer loop
  vertex -0.113876924 0.0116966432 0.00589999976
  vertex -0.115070544 0.010660816 0.010001434
  vertex -0.115285598 0.0111825466 0.010001434
  endloop
 endfacet

 facet normal -0.924537957 -0.381090254 0
  outer loop
  vertex -0.115285598 0.0111825466 0.010001434
  vertex -0.115070544 0.010660816 0.010001434
  vertex -0.115070544 0.010660816 0.0147248218
  endloop
 endfacet

 facet normal -0.924537957 -0.381090254 0
  outer loop
  vertex -0.115285598 0.0111825466 0.010001434
  vertex -0.115070544 0.010660816 0.0147248218
  vertex -0.115285598 0.0111825466 0.0147248218
  endloop
 endfacet

 facet normal -0.953761458 -0.300564706 0
  outer loop
  vertex -0.115285598 0.0111825466 0.010001434
  vertex -0.115285598 0.0111825466 0.0147248218
  vertex -0.115447208 0.0116953701 0.0147248218
  endloop
 endfacet

 facet normal -0.833952129 0.4320153 -0.343346298
  outer loop
  vertex -0.115070544 0.016150441 0.010001434
  vertex -0.113509171 0.0159048457 0.00589999976
  vertex -0.113710225 0.0155167291 0.00589999976
  endloop
 endfacet

 facet normal -0.886247277 0.463212579 0
  outer loop
  vertex -0.115070544 0.016150441 0.010001434
  vertex -0.115070544 0.016150441 0.0147248218
  vertex -0.114821129 0.0166276339 0.0147248218
  endloop
 endfacet

 facet normal -0.885258794 0.465098619 -0.000242733309
  outer loop
  vertex -0.115070544 0.016150441 0.010001434
  vertex -0.114821129 0.0166276339 0.0147248218
  vertex -0.114807129 0.0166518111 0.010001434
  endloop
 endfacet

 facet normal -0.831633329 0.436924785 -0.342757553
  outer loop
  vertex -0.115070544 0.016150441 0.010001434
  vertex -0.114807129 0.0166518111 0.010001434
  vertex -0.113509171 0.0159048457 0.00589999976
  endloop
 endfacet

 facet normal -0.833952129 -0.4320153 -0.343346298
  outer loop
  vertex -0.113710225 0.0112945288 0.00589999976
  vertex -0.113509171 0.0109064113 0.00589999976
  vertex -0.115070544 0.010660816 0.010001434
  endloop
 endfacet

 facet normal -0.832887709 -0.434277117 -0.343076527
  outer loop
  vertex -0.115070544 0.010660816 0.010001434
  vertex -0.113509171 0.0109064113 0.00589999976
  vertex -0.114807129 0.0101556284 0.010001434
  endloop
 endfacet

 facet normal -0.886703968 -0.462337554 0
  outer loop
  vertex -0.115070544 0.010660816 0.010001434
  vertex -0.114807129 0.0101556284 0.010001434
  vertex -0.114807129 0.0101556284 0.0147248218
  endloop
 endfacet

 facet normal -0.886703968 -0.462337554 0
  outer loop
  vertex -0.115070544 0.010660816 0.010001434
  vertex -0.114807129 0.0101556284 0.0147248218
  vertex -0.115070544 0.010660816 0.0147248218
  endloop
 endfacet

 facet normal -0.794035137 0.502047479 -0.342719376
  outer loop
  vertex -0.113509171 0.0159048457 0.00589999976
  vertex -0.114807129 0.0166518111 0.010001434
  vertex -0.114503004 0.0171328224 0.010001434
  endloop
 endfacet

 facet normal -0.791514099 0.505688071 -0.343198478
  outer loop
  vertex -0.113509171 0.0159048457 0.00589999976
  vertex -0.114503004 0.0171328224 0.010001434
  vertex -0.113275029 0.0162713304 0.00589999976
  endloop
 endfacet

 facet normal -0.865425527 0.501037598 0
  outer loop
  vertex -0.114821129 0.0166276339 0.0147248218
  vertex -0.114807129 0.0166518111 0.0147248218
  vertex -0.114807129 0.0166518111 0.010001434
  endloop
 endfacet

 facet normal -0.846667528 0.532122254 0
  outer loop
  vertex -0.114807129 0.0166518111 0.010001434
  vertex -0.114807129 0.0166518111 0.0147248218
  vertex -0.114520818 0.0171073712 0.0147248218
  endloop
 endfacet

 facet normal -0.845223665 0.534412622 -0.000308420829
  outer loop
  vertex -0.114807129 0.0166518111 0.010001434
  vertex -0.114520818 0.0171073712 0.0147248218
  vertex -0.114503004 0.0171328224 0.010001434
  endloop
 endfacet

 facet normal -0.791514099 -0.505688071 -0.343198478
  outer loop
  vertex -0.113509171 0.0109064113 0.00589999976
  vertex -0.113275029 0.0105399275 0.00589999976
  vertex -0.114503004 0.00967843551 0.010001434
  endloop
 endfacet

 facet normal -0.792106867 -0.50483489 -0.34308666
  outer loop
  vertex -0.113509171 0.0109064113 0.00589999976
  vertex -0.114503004 0.00967843551 0.010001434
  vertex -0.114807129 0.0101556284 0.010001434
  endloop
 endfacet

 facet normal -0.843291461 -0.537456512 0
  outer loop
  vertex -0.114807129 0.0101556284 0.010001434
  vertex -0.114503004 0.00967843551 0.010001434
  vertex -0.114503004 0.00967843551 0.0147248218
  endloop
 endfacet

 facet normal -0.843291461 -0.537456512 0
  outer loop
  vertex -0.114807129 0.0101556284 0.010001434
  vertex -0.114503004 0.00967843551 0.0147248218
  vertex -0.114807129 0.0101556284 0.0147248218
  endloop
 endfacet

 facet normal -0.744787931 0.572282434 -0.343196481
  outer loop
  vertex -0.114503004 0.0171328224 0.010001434
  vertex -0.113009073 0.0166174527 0.00589999976
  vertex -0.113275029 0.0162713304 0.00589999976
  endloop
 endfacet

 facet normal -0.819233358 0.5734604 0
  outer loop
  vertex -0.114503004 0.0171328224 0.010001434
  vertex -0.114520818 0.0171073712 0.0147248218
  vertex -0.114503004 0.0171328224 0.0147248218
  endloop
 endfacet

 facet normal -0.792123258 0.610361278 0
  outer loop
  vertex -0.114503004 0.0171328224 0.010001434
  vertex -0.114503004 0.0171328224 0.0147248218
  vertex -0.114156879 0.0175820179 0.0147248218
  endloop
 endfacet

 facet normal -0.792123258 0.610361278 0
  outer loop
  vertex -0.114503004 0.0171328224 0.010001434
  vertex -0.114156879 0.0175820179 0.0147248218
  vertex -0.114156879 0.0175820179 0.010001434
  endloop
 endfacet

 facet normal -0.744052351 0.573320806 -0.343059033
  outer loop
  vertex -0.114503004 0.0171328224 0.010001434
  vertex -0.114156879 0.0175820179 0.010001434
  vertex -0.113009073 0.0166174527 0.00589999976
  endloop
 endfacet

 facet normal -0.744787931 -0.572282434 -0.343196481
  outer loop
  vertex -0.113275029 0.0105399275 0.00589999976
  vertex -0.113009073 0.0101938043 0.00589999976
  vertex -0.114503004 0.00967843551 0.010001434
  endloop
 endfacet

 facet normal -0.799996555 -0.600004613 0
  outer loop
  vertex -0.114503004 0.00967843551 0.010001434
  vertex -0.114483915 0.00965298526 0.0147248218
  vertex -0.114503004 0.00967843551 0.0147248218
  endloop
 endfacet

 facet normal -0.744052351 -0.573320806 -0.343059033
  outer loop
  vertex -0.114503004 0.00967843551 0.010001434
  vertex -0.113009073 0.0101938043 0.00589999976
  vertex -0.114156879 0.00922923815 0.010001434
  endloop
 endfacet

 facet normal -0.792123258 -0.610361278 -8.761973e-05
  outer loop
  vertex -0.114503004 0.00967843551 0.010001434
  vertex -0.114156879 0.00922923815 0.010001434
  vertex -0.114483915 0.00965298526 0.0147248218
  endloop
 endfacet

 facet normal -0.693029761 0.634049058 -0.343062043
  outer loop
  vertex -0.113009073 0.0166174527 0.00589999976
  vertex -0.114156879 0.0175820179 0.010001434
  vertex -0.113773853 0.0180006754 0.010001434
  endloop
 endfacet

 facet normal -0.692273617 0.634811759 -0.343178242
  outer loop
  vertex -0.113009073 0.0166174527 0.00589999976
  vertex -0.113773853 0.0180006754 0.010001434
  vertex -0.112713851 0.0169393998 0.00589999976
  endloop
 endfacet

 facet normal -0.737805128 0.675013781 0
  outer loop
  vertex -0.114156879 0.0175820179 0.010001434
  vertex -0.114156879 0.0175820179 0.0147248218
  vertex -0.113773853 0.0180006754 0.0147248218
  endloop
 endfacet

 facet normal -0.737805128 0.675013781 0
  outer loop
  vertex -0.114156879 0.0175820179 0.010001434
  vertex -0.113773853 0.0180006754 0.0147248218
  vertex -0.113773853 0.0180006754 0.010001434
  endloop
 endfacet

 facet normal -0.692273617 -0.634811759 -0.343178213
  outer loop
  vertex -0.113009073 0.0101938043 0.00589999976
  vertex -0.112713851 0.00987185817 0.00589999976
  vertex -0.113773853 0.00881058164 0.010001434
  endloop
 endfacet

 facet normal -0.693029344 -0.634049475 -0.343061984
  outer loop
  vertex -0.113009073 0.0101938043 0.00589999976
  vertex -0.113773853 0.00881058164 0.010001434
  vertex -0.114156879 0.00922923815 0.010001434
  endloop
 endfacet

 facet normal -0.79165113 -0.610973477 0
  outer loop
  vertex -0.114483915 0.00965298526 0.0147248218
  vertex -0.114156879 0.00922923815 0.010001434
  vertex -0.114156879 0.00922923815 0.0147248218
  endloop
 endfacet

 facet normal -0.737804651 -0.675014198 -0.000473653025
  outer loop
  vertex -0.114156879 0.00922923815 0.010001434
  vertex -0.113773853 0.00881058164 0.010001434
  vertex -0.114137791 0.00920506101 0.0147248218
  endloop
 endfacet

 facet normal -0.784880877 -0.619646728 0
  outer loop
  vertex -0.114156879 0.00922923815 0.010001434
  vertex -0.114137791 0.00920506101 0.0147248218
  vertex -0.114156879 0.00922923815 0.0147248218
  endloop
 endfacet

 facet normal -0.677985132 0.735075653 0
  outer loop
  vertex -0.113773853 0.0180006754 0.010001434
  vertex -0.113773853 0.0180006754 0.0147248218
  vertex -0.113380648 0.0183633436 0.0147248218
  endloop
 endfacet

 facet normal -0.677252293 0.735750854 -0.000112851078
  outer loop
  vertex -0.113773853 0.0180006754 0.010001434
  vertex -0.113380648 0.0183633436 0.0147248218
  vertex -0.113357738 0.0183837023 0.010001434
  endloop
 endfacet

 facet normal -0.636113167 0.691058278 -0.343217969
  outer loop
  vertex -0.113773853 0.0180006754 0.010001434
  vertex -0.113357738 0.0183837023 0.010001434
  vertex -0.112713851 0.0169393998 0.00589999976
  endloop
 endfacet

 facet normal -0.634626031 0.692319751 -0.343428701
  outer loop
  vertex -0.112713851 0.0169393998 0.00589999976
  vertex -0.113357738 0.0183837023 0.010001434
  vertex -0.112393171 0.0172333512 0.00589999976
  endloop
 endfacet

 facet normal -0.634625494 -0.692320168 -0.343428761
  outer loop
  vertex -0.112713851 0.00987185817 0.00589999976
  vertex -0.112393171 0.00957790669 0.00589999976
  vertex -0.113357738 0.00842755474 0.010001434
  endloop
 endfacet

 facet normal -0.636113644 -0.69105792 -0.343217939
  outer loop
  vertex -0.112713851 0.00987185817 0.00589999976
  vertex -0.113357738 0.00842755474 0.010001434
  vertex -0.113773853 0.00881058164 0.010001434
  endloop
 endfacet

 facet normal -0.677252769 -0.735750437 -8.56149636e-05
  outer loop
  vertex -0.113773853 0.00881058164 0.010001434
  vertex -0.113357738 0.00842755474 0.010001434
  vertex -0.11375095 0.00878894795 0.0147248218
  endloop
 endfacet

 facet normal -0.686640739 -0.726996899 0
  outer loop
  vertex -0.113773853 0.00881058164 0.010001434
  vertex -0.11375095 0.00878894795 0.0147248218
  vertex -0.113773853 0.00881058164 0.0147248218
  endloop
 endfacet

 facet normal -0.734984636 -0.678083837 0
  outer loop
  vertex -0.113773853 0.00881058164 0.010001434
  vertex -0.113773853 0.00881058164 0.0147248218
  vertex -0.114137791 0.00920506101 0.0147248218
  endloop
 endfacet

 facet normal -0.664352655 0.747419298 0
  outer loop
  vertex -0.113380648 0.0183633436 0.0147248218
  vertex -0.113357738 0.0183837023 0.0147248218
  vertex -0.113357738 0.0183837023 0.010001434
  endloop
 endfacet

 facet normal -0.609277368 0.792957187 0
  outer loop
  vertex -0.113357738 0.0183837023 0.010001434
  vertex -0.113357738 0.0183837023 0.0147248218
  vertex -0.112907268 0.0187298264 0.0147248218
  endloop
 endfacet

 facet normal -0.609277368 0.792957187 0
  outer loop
  vertex -0.113357738 0.0183837023 0.010001434
  vertex -0.112907268 0.0187298264 0.0147248218
  vertex -0.112907268 0.0187298264 0.010001434
  endloop
 endfacet

 facet normal -0.572216094 0.744722962 -0.343447745
  outer loop
  vertex -0.113357738 0.0183837023 0.010001434
  vertex -0.112907268 0.0187298264 0.010001434
  vertex -0.112047046 0.0174993053 0.00589999976
  endloop
 endfacet

 facet normal -0.572226167 0.744714677 -0.343449175
  outer loop
  vertex -0.113357738 0.0183837023 0.010001434
  vertex -0.112047046 0.0174993053 0.00589999976
  vertex -0.112393171 0.0172333512 0.00589999976
  endloop
 endfacet

 facet normal -0.572226107 -0.744714737 -0.343449235
  outer loop
  vertex -0.112393171 0.00957790669 0.00589999976
  vertex -0.112047046 0.0093119517 0.00589999976
  vertex -0.113357738 0.00842755474 0.010001434
  endloop
 endfacet

 facet normal -0.609277368 -0.792957187 0
  outer loop
  vertex -0.113357738 0.00842755474 0.010001434
  vertex -0.112907268 0.0080814315 0.010001434
  vertex -0.112907268 0.0080814315 0.0147248218
  endloop
 endfacet

 facet normal -0.609277368 -0.792957187 0
  outer loop
  vertex -0.113357738 0.00842755474 0.010001434
  vertex -0.112907268 0.0080814315 0.0147248218
  vertex -0.113357738 0.00842755474 0.0147248218
  endloop
 endfacet

 facet normal -0.676695526 -0.736263037 0
  outer loop
  vertex -0.113357738 0.00842755474 0.010001434
  vertex -0.113357738 0.00842755474 0.0147248218
  vertex -0.11375095 0.00878894795 0.0147248218
  endloop
 endfacet

 facet normal -0.572216094 -0.744722962 -0.343447775
  outer loop
  vertex -0.113357738 0.00842755474 0.010001434
  vertex -0.112047046 0.0093119517 0.00589999976
  vertex -0.112907268 0.0080814315 0.010001434
  endloop
 endfacet

 facet normal -0.537028909 0.843563914 0
  outer loop
  vertex -0.112907268 0.0187298264 0.010001434
  vertex -0.112907268 0.0187298264 0.0147248218
  vertex -0.112455525 0.0190174133 0.0147248218
  endloop
 endfacet

 facet normal -0.536440492 0.843938231 -7.90609847e-05
  outer loop
  vertex -0.112907268 0.0187298264 0.010001434
  vertex -0.112455525 0.0190174133 0.0147248218
  vertex -0.112428807 0.0190339573 0.010001434
  endloop
 endfacet

 facet normal -0.503819525 0.792618215 -0.343398333
  outer loop
  vertex -0.112907268 0.0187298264 0.010001434
  vertex -0.112428807 0.0190339573 0.010001434
  vertex -0.111679293 0.0177334473 0.00589999976
  endloop
 endfacet

 facet normal -0.50439024 0.792222679 -0.343473136
  outer loop
  vertex -0.112907268 0.0187298264 0.010001434
  vertex -0.111679293 0.0177334473 0.00589999976
  vertex -0.112047046 0.0174993053 0.00589999976
  endloop
 endfacet

 facet normal -0.504390895 -0.792222202 -0.343473196
  outer loop
  vertex -0.112047046 0.0093119517 0.00589999976
  vertex -0.111679293 0.00907780882 0.00589999976
  vertex -0.112907268 0.0080814315 0.010001434
  endloop
 endfacet

 facet normal -0.536440492 -0.843938231 0
  outer loop
  vertex -0.112907268 0.0080814315 0.010001434
  vertex -0.112428807 0.00777729973 0.010001434
  vertex -0.112428807 0.00777729973 0.0147248218
  endloop
 endfacet

 facet normal -0.536440492 -0.843938231 0
  outer loop
  vertex -0.112907268 0.0080814315 0.010001434
  vertex -0.112428807 0.00777729973 0.0147248218
  vertex -0.112907268 0.0080814315 0.0147248218
  endloop
 endfacet

 facet normal -0.503819525 -0.792618215 -0.343398333
  outer loop
  vertex -0.112907268 0.0080814315 0.010001434
  vertex -0.111679293 0.00907780882 0.00589999976
  vertex -0.112428807 0.00777729973 0.010001434
  endloop
 endfacet

 facet normal -0.526374817 0.850252628 0
  outer loop
  vertex -0.112455525 0.0190174133 0.0147248218
  vertex -0.112428807 0.0190339573 0.0147248218
  vertex -0.112428807 0.0190339573 0.010001434
  endloop
 endfacet

 facet normal -0.459791273 0.888026953 0
  outer loop
  vertex -0.112428807 0.0190339573 0.010001434
  vertex -0.112428807 0.0190339573 0.0147248218
  vertex -0.111927435 0.0192935504 0.0147248218
  endloop
 endfacet

 facet normal -0.459791273 0.888026953 0
  outer loop
  vertex -0.112428807 0.0190339573 0.010001434
  vertex -0.111927435 0.0192935504 0.0147248218
  vertex -0.111927435 0.0192935504 0.010001434
  endloop
 endfacet

 facet normal -0.43187663 0.834113359 -0.343129158
  outer loop
  vertex -0.112428807 0.0190339573 0.010001434
  vertex -0.111927435 0.0192935504 0.010001434
  vertex -0.111291178 0.0179357771 0.00589999976
  endloop
 endfacet

 facet normal -0.434153765 0.832813501 -0.343412757
  outer loop
  vertex -0.112428807 0.0190339573 0.010001434
  vertex -0.111291178 0.0179357771 0.00589999976
  vertex -0.111679293 0.0177334473 0.00589999976
  endloop
 endfacet

 facet normal -0.43413204 -0.832768083 -0.343550146
  outer loop
  vertex -0.111679293 0.00907780882 0.00589999976
  vertex -0.111291178 0.00887547992 0.00589999976
  vertex -0.111927435 0.00751516223 0.010001434
  endloop
 endfacet

 facet normal -0.4351542 -0.832284927 -0.343427986
  outer loop
  vertex -0.111679293 0.00907780882 0.00589999976
  vertex -0.111927435 0.00751516223 0.010001434
  vertex -0.112428807 0.00777729973 0.010001434
  endloop
 endfacet

 facet normal -0.46333462 -0.886183381 0
  outer loop
  vertex -0.112428807 0.00777729973 0.010001434
  vertex -0.111927435 0.00751516223 0.010001434
  vertex -0.111927435 0.00751516223 0.0147248218
  endloop
 endfacet

 facet normal -0.46333462 -0.886183381 0
  outer loop
  vertex -0.112428807 0.00777729973 0.010001434
  vertex -0.111927435 0.00751516223 0.0147248218
  vertex -0.112428807 0.00777729973 0.0147248218
  endloop
 endfacet

 facet normal -0.385623097 0.922656476 0
  outer loop
  vertex -0.111927435 0.0192935504 0.010001434
  vertex -0.111927435 0.0192935504 0.0147248218
  vertex -0.111431152 0.0195009708 0.0147248218
  endloop
 endfacet

 facet normal -0.385250509 0.922812104 -4.59839866e-05
  outer loop
  vertex -0.111927435 0.0192935504 0.010001434
  vertex -0.111431152 0.0195009708 0.0147248218
  vertex -0.11140316 0.0195124224 0.010001434
  endloop
 endfacet

 facet normal -0.361866832 0.866799951 -0.343089342
  outer loop
  vertex -0.111927435 0.0192935504 0.010001434
  vertex -0.11140316 0.0195124224 0.010001434
  vertex -0.111291178 0.0179357771 0.00589999976
  endloop
 endfacet

 facet normal -0.357290626 0.868488967 -0.343613714
  outer loop
  vertex -0.111291178 0.0179357771 0.00589999976
  vertex -0.11140316 0.0195124224 0.010001434
  vertex -0.110889062 0.0181012042 0.00589999976
  endloop
 endfacet

 facet normal -0.357289761 -0.868489385 -0.343613625
  outer loop
  vertex -0.111291178 0.00887547992 0.00589999976
  vertex -0.110889062 0.00871005282 0.00589999976
  vertex -0.11140316 0.00729883509 0.010001434
  endloop
 endfacet

 facet normal -0.358216345 -0.868149281 -0.343508184
  outer loop
  vertex -0.111291178 0.00887547992 0.00589999976
  vertex -0.11140316 0.00729883509 0.010001434
  vertex -0.111927435 0.00751516223 0.010001434
  endloop
 endfacet

 facet normal -0.381426275 -0.924399316 0
  outer loop
  vertex -0.111927435 0.00751516223 0.010001434
  vertex -0.11140316 0.00729883509 0.010001434
  vertex -0.11140316 0.00729883509 0.0147248218
  endloop
 endfacet

 facet normal -0.381426275 -0.924399316 0
  outer loop
  vertex -0.111927435 0.00751516223 0.010001434
  vertex -0.11140316 0.00729883509 0.0147248218
  vertex -0.111927435 0.00751516223 0.0147248218
  endloop
 endfacet

 facet normal -0.378613859 0.925554693 0
  outer loop
  vertex -0.111431152 0.0195009708 0.0147248218
  vertex -0.11140316 0.0195124224 0.0147248218
  vertex -0.11140316 0.0195124224 0.010001434
  endloop
 endfacet

 facet normal -0.300701797 0.953718185 0
  outer loop
  vertex -0.11140316 0.0195124224 0.010001434
  vertex -0.11140316 0.0195124224 0.0147248218
  vertex -0.110862337 0.0196829382 0.0147248218
  endloop
 endfacet

 facet normal -0.300701797 0.953718185 0
  outer loop
  vertex -0.11140316 0.0195124224 0.010001434
  vertex -0.110862337 0.0196829382 0.0147248218
  vertex -0.110862337 0.0196829382 0.010001434
  endloop
 endfacet

 facet normal -0.282396615 0.895660758 -0.343575329
  outer loop
  vertex -0.11140316 0.0195124224 0.010001434
  vertex -0.110862337 0.0196829382 0.010001434
  vertex -0.110889062 0.0181012042 0.00589999976
  endloop
 endfacet

 facet normal -0.282141179 0.895730376 -0.34360379
  outer loop
  vertex -0.110889062 0.0181012042 0.00589999976
  vertex -0.110862337 0.0196829382 0.010001434
  vertex -0.110472955 0.0182322729 0.00589999976
  endloop
 endfacet

 facet normal -0.282142103 -0.895730138 -0.343603611
  outer loop
  vertex -0.110889062 0.00871005282 0.00589999976
  vertex -0.110472955 0.00857898407 0.00589999976
  vertex -0.110862337 0.00712831831 0.010001434
  endloop
 endfacet

 facet normal -0.282396644 -0.895660818 -0.343575239
  outer loop
  vertex -0.110889062 0.00871005282 0.00589999976
  vertex -0.110862337 0.00712831831 0.010001434
  vertex -0.11140316 0.00729883509 0.010001434
  endloop
 endfacet

 facet normal -0.300701797 -0.953718185 -0.000111270805
  outer loop
  vertex -0.11140316 0.00729883509 0.010001434
  vertex -0.110862337 0.00712831831 0.010001434
  vertex -0.11137262 0.0072886548 0.0147248218
  endloop
 endfacet

 facet normal -0.316232026 -0.948681831 0
  outer loop
  vertex -0.11140316 0.00729883509 0.010001434
  vertex -0.11137262 0.0072886548 0.0147248218
  vertex -0.11140316 0.00729883509 0.0147248218
  endloop
 endfacet

 facet normal -0.215034276 0.976606488 0
  outer loop
  vertex -0.110862337 0.0196829382 0.010001434
  vertex -0.110862337 0.0196829382 0.0147248218
  vertex -0.110307522 0.0198051017 0.0147248218
  endloop
 endfacet

 facet normal -0.215034276 0.976606488 0
  outer loop
  vertex -0.110862337 0.0196829382 0.010001434
  vertex -0.110307522 0.0198051017 0.0147248218
  vertex -0.110307522 0.0198051017 0.010001434
  endloop
 endfacet

 facet normal -0.201973408 0.91728878 -0.343202561
  outer loop
  vertex -0.110862337 0.0196829382 0.010001434
  vertex -0.110307522 0.0198051017 0.010001434
  vertex -0.110047929 0.018327713 0.00589999976
  endloop
 endfacet

 facet normal -0.205756873 0.916289747 -0.343623728
  outer loop
  vertex -0.110862337 0.0196829382 0.010001434
  vertex -0.110047929 0.018327713 0.00589999976
  vertex -0.110472955 0.0182322729 0.00589999976
  endloop
 endfacet

 facet normal -0.205753118 -0.9162907 -0.343623519
  outer loop
  vertex -0.110472955 0.00857898407 0.00589999976
  vertex -0.110047929 0.00848354492 0.00589999976
  vertex -0.110862337 0.00712831831 0.010001434
  endloop
 endfacet

 facet normal -0.217167288 -0.976134419 -0.000115191637
  outer loop
  vertex -0.110862337 0.00712831831 0.010001434
  vertex -0.110307522 0.00700488454 0.010001434
  vertex -0.110830531 0.00712068286 0.0147248218
  endloop
 endfacet

 facet normal -0.233370855 -0.97238791 0
  outer loop
  vertex -0.110862337 0.00712831831 0.010001434
  vertex -0.110830531 0.00712068286 0.0147248218
  vertex -0.110862337 0.00712831831 0.0147248218
  endloop
 endfacet

 facet normal -0.299764514 -0.954013228 0
  outer loop
  vertex -0.110862337 0.00712831831 0.010001434
  vertex -0.110862337 0.00712831831 0.0147248218
  vertex -0.11137262 0.0072886548 0.0147248218
  endloop
 endfacet

 facet normal -0.203959271 -0.916766286 -0.34342441
  outer loop
  vertex -0.110862337 0.00712831831 0.010001434
  vertex -0.110047929 0.00848354492 0.00589999976
  vertex -0.110307522 0.00700488454 0.010001434
  endloop
 endfacet

 facet normal -0.132783785 0.991145074 0
  outer loop
  vertex -0.110307522 0.0198051017 0.010001434
  vertex -0.110307522 0.0198051017 0.0147248218
  vertex -0.10977561 0.0198763609 0.0147248218
  endloop
 endfacet

 facet normal -0.130106226 0.99150002 -0.000306876173
  outer loop
  vertex -0.110307522 0.0198051017 0.010001434
  vertex -0.10977561 0.0198763609 0.0147248218
  vertex -0.10974507 0.0198789071 0.010001434
  endloop
 endfacet

 facet normal -0.122208856 0.931316376 -0.343095869
  outer loop
  vertex -0.110307522 0.0198051017 0.010001434
  vertex -0.10974507 0.0198789071 0.010001434
  vertex -0.109615274 0.0183849763 0.00589999976
  endloop
 endfacet

 facet normal -0.123238266 0.93113935 -0.343208283
  outer loop
  vertex -0.110307522 0.0198051017 0.010001434
  vertex -0.109615274 0.0183849763 0.00589999976
  vertex -0.110047929 0.018327713 0.00589999976
  endloop
 endfacet

 facet normal -0.123227037 -0.931046903 -0.343463153
  outer loop
  vertex -0.110047929 0.00848354492 0.00589999976
  vertex -0.109615274 0.00842628255 0.00589999976
  vertex -0.110307522 0.00700488454 0.010001434
  endloop
 endfacet

 facet normal -0.130106255 -0.99150008 0
  outer loop
  vertex -0.110307522 0.00700488454 0.010001434
  vertex -0.10974507 0.00693107862 0.010001434
  vertex -0.10974507 0.00693107862 0.0147248218
  endloop
 endfacet

 facet normal -0.130106255 -0.99150008 0
  outer loop
  vertex -0.110307522 0.00700488454 0.010001434
  vertex -0.10974507 0.00693107862 0.0147248218
  vertex -0.110307522 0.00700488454 0.0147248218
  endloop
 endfacet

 facet normal -0.216175735 -0.976354539 0
  outer loop
  vertex -0.110307522 0.00700488454 0.010001434
  vertex -0.110307522 0.00700488454 0.0147248218
  vertex -0.110830531 0.00712068286 0.0147248218
  endloop
 endfacet

 facet normal -0.122196749 -0.931224108 -0.343350649
  outer loop
  vertex -0.110307522 0.00700488454 0.010001434
  vertex -0.109615274 0.00842628255 0.00589999976
  vertex -0.10974507 0.00693107862 0.010001434
  endloop
 endfacet

 facet normal -0.0830654055 0.996544123 0
  outer loop
  vertex -0.10977561 0.0198763609 0.0147248218
  vertex -0.10974507 0.0198789071 0.0147248218
  vertex -0.10974507 0.0198789071 0.010001434
  endloop
 endfacet

 facet normal -0.0472433195 0.998883426 0
  outer loop
  vertex -0.10974507 0.0198789071 0.010001434
  vertex -0.10974507 0.0198789071 0.0147248218
  vertex -0.109180078 0.0199056286 0.0147248218
  endloop
 endfacet

 facet normal -0.0472433195 0.998883426 0
  outer loop
  vertex -0.10974507 0.0198789071 0.010001434
  vertex -0.109180078 0.0199056286 0.0147248218
  vertex -0.109180078 0.0199056286 0.010001434
  endloop
 endfacet

 facet normal -0.0443747118 0.938231349 -0.34315142
  outer loop
  vertex -0.10974507 0.0198789071 0.010001434
  vertex -0.109180078 0.0199056286 0.010001434
  vertex -0.109615274 0.0183849763 0.00589999976
  endloop
 endfacet

 facet normal -0.0438930765 0.938234806 -0.343203843
  outer loop
  vertex -0.109615274 0.0183849763 0.00589999976
  vertex -0.109180078 0.0199056286 0.010001434
  vertex -0.109180078 0.018405335 0.00589999976
  endloop
 endfacet

 facet normal -0.0411516875 -0.938250482 -0.343500644
  outer loop
  vertex -0.109615274 0.00842628255 0.00589999976
  vertex -0.109180078 0.00840719417 0.00589999976
  vertex -0.109180078 0.0069056279 0.010001434
  endloop
 endfacet

 facet normal -0.0422639512 -0.938244939 -0.343380511
  outer loop
  vertex -0.109615274 0.00842628255 0.00589999976
  vertex -0.109180078 0.0069056279 0.010001434
  vertex -0.10974507 0.00693107862 0.010001434
  endloop
 endfacet

 facet normal -0.0450001322 -0.998987079 0
  outer loop
  vertex -0.10974507 0.00693107862 0.010001434
  vertex -0.109180078 0.0069056279 0.010001434
  vertex -0.109180078 0.0069056279 0.0147248218
  endloop
 endfacet

 facet normal -0.0450001322 -0.998987079 0
  outer loop
  vertex -0.10974507 0.00693107862 0.010001434
  vertex -0.109180078 0.0069056279 0.0147248218
  vertex -0.10974507 0.00693107862 0.0147248218
  endloop
 endfacet

 facet normal 0.0472433195 0.998883426 0
  outer loop
  vertex -0.109180078 0.0199056286 0.010001434
  vertex -0.109180078 0.0199056286 0.0147248218
  vertex -0.108615085 0.0198789071 0.0147248218
  endloop
 endfacet

 facet normal 0.0472433195 0.998883426 0
  outer loop
  vertex -0.109180078 0.0199056286 0.010001434
  vertex -0.108615085 0.0198789071 0.0147248218
  vertex -0.108615085 0.0198789071 0.010001434
  endloop
 endfacet

 facet normal 0.0443747118 0.938231349 -0.34315142
  outer loop
  vertex -0.109180078 0.0199056286 0.010001434
  vertex -0.108615085 0.0198789071 0.010001434
  vertex -0.108744875 0.0183849763 0.00589999976
  endloop
 endfacet

 facet normal 0.0438930765 0.938234806 -0.343203843
  outer loop
  vertex -0.109180078 0.0199056286 0.010001434
  vertex -0.108744875 0.0183849763 0.00589999976
  vertex -0.109180078 0.018405335 0.00589999976
  endloop
 endfacet

 facet normal 0.0411516875 -0.938250482 -0.343500644
  outer loop
  vertex -0.109180078 0.00840719417 0.00589999976
  vertex -0.108744875 0.00842628255 0.00589999976
  vertex -0.109180078 0.0069056279 0.010001434
  endloop
 endfacet

 facet normal 0.0443762355 -0.93823123 -0.343151301
  outer loop
  vertex -0.109180078 0.0069056279 0.010001434
  vertex -0.108744875 0.00842628255 0.00589999976
  vertex -0.108615085 0.00693235081 0.010001434
  endloop
 endfacet

 facet normal 0.0472449474 -0.998883367 0
  outer loop
  vertex -0.109180078 0.0069056279 0.010001434
  vertex -0.108615085 0.00693235081 0.010001434
  vertex -0.108615085 0.00693235081 0.0147248218
  endloop
 endfacet

 facet normal 0.0472449474 -0.998883367 0
  outer loop
  vertex -0.109180078 0.0069056279 0.010001434
  vertex -0.108615085 0.00693235081 0.0147248218
  vertex -0.109180078 0.0069056279 0.0147248218
  endloop
 endfacet

 facet normal 0.122208856 0.931316376 -0.343095869
  outer loop
  vertex -0.108615085 0.0198789071 0.010001434
  vertex -0.108052634 0.0198051017 0.010001434
  vertex -0.108744875 0.0183849763 0.00589999976
  endloop
 endfacet

 facet normal 0.130106255 0.99150008 0
  outer loop
  vertex -0.108615085 0.0198789071 0.010001434
  vertex -0.108615085 0.0198789071 0.0147248218
  vertex -0.108052634 0.0198051017 0.0147248218
  endloop
 endfacet

 facet normal 0.130106255 0.99150008 0
  outer loop
  vertex -0.108615085 0.0198789071 0.010001434
  vertex -0.108052634 0.0198051017 0.0147248218
  vertex -0.108052634 0.0198051017 0.010001434
  endloop
 endfacet

 facet normal 0.123238266 0.93113935 -0.343208283
  outer loop
  vertex -0.108744875 0.0183849763 0.00589999976
  vertex -0.108052634 0.0198051017 0.010001434
  vertex -0.108312227 0.018327713 0.00589999976
  endloop
 endfacet

 facet normal 0.122208863 -0.931316495 -0.34309575
  outer loop
  vertex -0.108744875 0.00842628255 0.00589999976
  vertex -0.108052634 0.00700615672 0.010001434
  vertex -0.108615085 0.00693235081 0.010001434
  endloop
 endfacet

 facet normal 0.123239242 -0.931139171 -0.343208283
  outer loop
  vertex -0.108744875 0.00842628255 0.00589999976
  vertex -0.108312227 0.00848354492 0.00589999976
  vertex -0.108052634 0.00700615672 0.010001434
  endloop
 endfacet

 facet normal 0.130106255 -0.99150008 -3.98860211e-05
  outer loop
  vertex -0.108615085 0.00693235081 0.010001434
  vertex -0.108052634 0.00700615672 0.010001434
  vertex -0.108584546 0.00693616876 0.0147248218
  endloop
 endfacet

 facet normal 0.124034747 -0.99227798 0
  outer loop
  vertex -0.108615085 0.00693235081 0.010001434
  vertex -0.108584546 0.00693616876 0.0147248218
  vertex -0.108615085 0.00693235081 0.0147248218
  endloop
 endfacet

 facet normal 0.218441546 0.975850165 0
  outer loop
  vertex -0.108052634 0.0198051017 0.010001434
  vertex -0.108052634 0.0198051017 0.0147248218
  vertex -0.107529625 0.0196880288 0.0147248218
  endloop
 endfacet

 facet normal 0.219301865 0.975657105 -0.000100043297
  outer loop
  vertex -0.108052634 0.0198051017 0.010001434
  vertex -0.107529625 0.0196880288 0.0147248218
  vertex -0.107497811 0.0196803939 0.010001434
  endloop
 endfacet

 facet normal 0.20598802 0.91642487 -0.343124628
  outer loop
  vertex -0.108052634 0.0198051017 0.010001434
  vertex -0.107497811 0.0196803939 0.010001434
  vertex -0.107887201 0.0182322729 0.00589999976
  endloop
 endfacet

 facet normal 0.205795139 0.916460216 -0.343145967
  outer loop
  vertex -0.108052634 0.0198051017 0.010001434
  vertex -0.107887201 0.0182322729 0.00589999976
  vertex -0.108312227 0.018327713 0.00589999976
  endloop
 endfacet

 facet normal 0.196118861 -0.980580091 0
  outer loop
  vertex -0.108052634 0.00700615672 0.010001434
  vertex -0.10802082 0.00701251952 0.0147248218
  vertex -0.108052634 0.00700615672 0.0147248218
  endloop
 endfacet

 facet normal 0.130454436 -0.991454422 0
  outer loop
  vertex -0.108052634 0.00700615672 0.010001434
  vertex -0.108052634 0.00700615672 0.0147248218
  vertex -0.108584546 0.00693616876 0.0147248218
  endloop
 endfacet

 facet normal 0.203979179 -0.916855752 -0.343173504
  outer loop
  vertex -0.108052634 0.00700615672 0.010001434
  vertex -0.108312227 0.00848354492 0.00589999976
  vertex -0.107497811 0.00712959049 0.010001434
  endloop
 endfacet

 facet normal 0.217167303 -0.976134419 -0.000147756218
  outer loop
  vertex -0.108052634 0.00700615672 0.010001434
  vertex -0.107497811 0.00712959049 0.010001434
  vertex -0.10802082 0.00701251952 0.0147248218
  endloop
 endfacet

 facet normal 0.205773219 -0.916380167 -0.343372792
  outer loop
  vertex -0.108312227 0.00848354492 0.00589999976
  vertex -0.107887201 0.00857898407 0.00589999976
  vertex -0.107497811 0.00712959049 0.010001434
  endloop
 endfacet

 facet normal 0.233370855 0.97238791 0
  outer loop
  vertex -0.107529625 0.0196880288 0.0147248218
  vertex -0.107497811 0.0196803939 0.0147248218
  vertex -0.107497811 0.0196803939 0.010001434
  endloop
 endfacet

 facet normal 0.296920449 0.954902172 0
  outer loop
  vertex -0.107497811 0.0196803939 0.010001434
  vertex -0.107497811 0.0196803939 0.0147248218
  vertex -0.106986262 0.0195213296 0.0147248218
  endloop
 endfacet

 facet normal 0.300698817 0.953719079 -0.000449045969
  outer loop
  vertex -0.107497811 0.0196803939 0.010001434
  vertex -0.106986262 0.0195213296 0.0147248218
  vertex -0.106956996 0.019509878 0.010001434
  endloop
 endfacet

 facet normal 0.282447726 0.895832539 -0.3430852
  outer loop
  vertex -0.107497811 0.0196803939 0.010001434
  vertex -0.106956996 0.019509878 0.010001434
  vertex -0.107471094 0.0181012042 0.00589999976
  endloop
 endfacet

 facet normal 0.282195002 0.895901322 -0.343113333
  outer loop
  vertex -0.107497811 0.0196803939 0.010001434
  vertex -0.107471094 0.0181012042 0.00589999976
  vertex -0.107887201 0.0182322729 0.00589999976
  endloop
 endfacet

 facet normal 0.218438253 -0.975850761 0
  outer loop
  vertex -0.10802082 0.00701251952 0.0147248218
  vertex -0.107497811 0.00712959049 0.010001434
  vertex -0.107497811 0.00712959049 0.0147248218
  endloop
 endfacet

 facet normal 0.300701797 -0.953718185 -6.47003471e-05
  outer loop
  vertex -0.107497811 0.00712959049 0.010001434
  vertex -0.106956996 0.00730010774 0.010001434
  vertex -0.107468545 0.00713849813 0.0147248218
  endloop
 endfacet

 facet normal 0.291159809 -0.956674457 0
  outer loop
  vertex -0.107497811 0.00712959049 0.010001434
  vertex -0.107468545 0.00713849813 0.0147248218
  vertex -0.107497811 0.00712959049 0.0147248218
  endloop
 endfacet

 facet normal 0.282169044 -0.895815611 -0.343358487
  outer loop
  vertex -0.107497811 0.00712959049 0.010001434
  vertex -0.107887201 0.00857898407 0.00589999976
  vertex -0.107471094 0.00871005282 0.00589999976
  endloop
 endfacet

 facet normal 0.282423586 -0.895746231 -0.343330115
  outer loop
  vertex -0.107497811 0.00712959049 0.010001434
  vertex -0.107471094 0.00871005282 0.00589999976
  vertex -0.106956996 0.00730010774 0.010001434
  endloop
 endfacet

 facet normal 0.36437723 0.931251466 0
  outer loop
  vertex -0.106986262 0.0195213296 0.0147248218
  vertex -0.106956996 0.019509878 0.0147248218
  vertex -0.106956996 0.019509878 0.010001434
  endloop
 endfacet

 facet normal 0.382220477 0.924071252 0
  outer loop
  vertex -0.106956996 0.019509878 0.010001434
  vertex -0.106956996 0.019509878 0.0147248218
  vertex -0.106433995 0.0192935504 0.0147248218
  endloop
 endfacet

 facet normal 0.382220477 0.924071252 0
  outer loop
  vertex -0.106956996 0.019509878 0.010001434
  vertex -0.106433995 0.0192935504 0.0147248218
  vertex -0.106433995 0.0192935504 0.010001434
  endloop
 endfacet

 facet normal 0.359054297 0.868063867 -0.342848629
  outer loop
  vertex -0.106956996 0.019509878 0.010001434
  vertex -0.106433995 0.0192935504 0.010001434
  vertex -0.107067704 0.0179357771 0.00589999976
  endloop
 endfacet

 facet normal 0.35638985 0.869041443 -0.343151897
  outer loop
  vertex -0.106956996 0.019509878 0.010001434
  vertex -0.107067704 0.0179357771 0.00589999976
  vertex -0.107471094 0.0181012042 0.00589999976
  endloop
 endfacet

 facet normal 0.382219732 -0.924071491 -0.000127785694
  outer loop
  vertex -0.106956996 0.00730010774 0.010001434
  vertex -0.106433995 0.00751643488 0.010001434
  vertex -0.10692773 0.00731156021 0.0147248218
  endloop
 endfacet

 facet normal 0.364402741 -0.931241572 0
  outer loop
  vertex -0.106956996 0.00730010774 0.010001434
  vertex -0.10692773 0.00731156021 0.0147248218
  vertex -0.106956996 0.00730010774 0.0147248218
  endloop
 endfacet

 facet normal 0.301245034 -0.953546762 0
  outer loop
  vertex -0.106956996 0.00730010774 0.010001434
  vertex -0.106956996 0.00730010774 0.0147248218
  vertex -0.107468545 0.00713849813 0.0147248218
  endloop
 endfacet

 facet normal 0.356356025 -0.868961513 -0.343389452
  outer loop
  vertex -0.106956996 0.00730010774 0.010001434
  vertex -0.107471094 0.00871005282 0.00589999976
  vertex -0.107067704 0.00887547992 0.00589999976
  endloop
 endfacet

 facet normal 0.359020561 -0.867984056 -0.343085945
  outer loop
  vertex -0.106956996 0.00730010774 0.010001434
  vertex -0.107067704 0.00887547992 0.00589999976
  vertex -0.106433995 0.00751643488 0.010001434
  endloop
 endfacet

 facet normal 0.459552824 0.888150454 0
  outer loop
  vertex -0.106433995 0.0192935504 0.010001434
  vertex -0.106433995 0.0192935504 0.0147248218
  vertex -0.105959348 0.0190479551 0.0147248218
  endloop
 endfacet

 facet normal 0.45972845 0.888059556 -2.23801544e-05
  outer loop
  vertex -0.106433995 0.0192935504 0.010001434
  vertex -0.105959348 0.0190479551 0.0147248218
  vertex -0.105930075 0.0190326851 0.010001434
  endloop
 endfacet

 facet normal 0.431857109 0.83422035 -0.342893511
  outer loop
  vertex -0.106433995 0.0192935504 0.010001434
  vertex -0.105930075 0.0190326851 0.010001434
  vertex -0.107067704 0.0179357771 0.00589999976
  endloop
 endfacet

 facet normal 0.436395258 0.831622601 -0.34345752
  outer loop
  vertex -0.107067704 0.0179357771 0.00589999976
  vertex -0.105930075 0.0190326851 0.010001434
  vertex -0.106682137 0.0177334473 0.00589999976
  endloop
 endfacet

 facet normal 0.461493492 -0.887143612 -0.000106219537
  outer loop
  vertex -0.106433995 0.00751643488 0.010001434
  vertex -0.105930075 0.00777857285 0.010001434
  vertex -0.106405996 0.00753043219 0.0147248218
  endloop
 endfacet

 facet normal 0.44721362 -0.89442724 0
  outer loop
  vertex -0.106433995 0.00751643488 0.010001434
  vertex -0.106405996 0.00753043219 0.0147248218
  vertex -0.106433995 0.00751643488 0.0147248218
  endloop
 endfacet

 facet normal 0.383262873 -0.923639297 0
  outer loop
  vertex -0.106433995 0.00751643488 0.010001434
  vertex -0.106433995 0.00751643488 0.0147248218
  vertex -0.10692773 0.00731156021 0.0147248218
  endloop
 endfacet

 facet normal 0.433481038 -0.833294332 -0.343096107
  outer loop
  vertex -0.106433995 0.00751643488 0.010001434
  vertex -0.107067704 0.00887547992 0.00589999976
  vertex -0.105930075 0.00777857285 0.010001434
  endloop
 endfacet

 facet normal 0.436396807 -0.831621826 -0.34345755
  outer loop
  vertex -0.107067704 0.00887547992 0.00589999976
  vertex -0.106682137 0.00907780882 0.00589999976
  vertex -0.105930075 0.00777857285 0.010001434
  endloop
 endfacet

 facet normal 0.462569833 0.886582851 0
  outer loop
  vertex -0.105959348 0.0190479551 0.0147248218
  vertex -0.105930075 0.0190326851 0.0147248218
  vertex -0.105930075 0.0190326851 0.010001434
  endloop
 endfacet

 facet normal 0.539052844 0.842271984 0
  outer loop
  vertex -0.105930075 0.0190326851 0.010001434
  vertex -0.105930075 0.0190326851 0.0147248218
  vertex -0.105452888 0.0187272821 0.0147248218
  endloop
 endfacet

 facet normal 0.539052844 0.842271984 0
  outer loop
  vertex -0.105930075 0.0190326851 0.010001434
  vertex -0.105452888 0.0187272821 0.0147248218
  vertex -0.105452888 0.0187272821 0.010001434
  endloop
 endfacet

 facet normal 0.506337523 0.791154265 -0.343070328
  outer loop
  vertex -0.105930075 0.0190326851 0.010001434
  vertex -0.105452888 0.0187272821 0.010001434
  vertex -0.106313102 0.0174993053 0.00589999976
  endloop
 endfacet

 facet normal 0.503151596 0.793012381 -0.343467444
  outer loop
  vertex -0.105930075 0.0190326851 0.010001434
  vertex -0.106313102 0.0174993053 0.00589999976
  vertex -0.106682137 0.0177334473 0.00589999976
  endloop
 endfacet

 facet normal 0.537457824 -0.843290687 0
  outer loop
  vertex -0.105930075 0.00777857285 0.010001434
  vertex -0.105452888 0.00808270369 0.010001434
  vertex -0.105452888 0.00808270369 0.0147248218
  endloop
 endfacet

 facet normal 0.537457824 -0.843290687 0
  outer loop
  vertex -0.105930075 0.00777857285 0.010001434
  vertex -0.105452888 0.00808270369 0.0147248218
  vertex -0.105930075 0.00777857285 0.0147248218
  endloop
 endfacet

 facet normal 0.462322563 -0.886711836 0
  outer loop
  vertex -0.105930075 0.00777857285 0.010001434
  vertex -0.105930075 0.00777857285 0.0147248218
  vertex -0.106405996 0.00753043219 0.0147248218
  endloop
 endfacet

 facet normal 0.503152311 -0.793011904 -0.343467444
  outer loop
  vertex -0.105930075 0.00777857285 0.010001434
  vertex -0.106682137 0.00907780882 0.00589999976
  vertex -0.106313102 0.0093119517 0.00589999976
  endloop
 endfacet

 facet normal 0.504801631 -0.792051911 -0.343262523
  outer loop
  vertex -0.105930075 0.00777857285 0.010001434
  vertex -0.106313102 0.0093119517 0.00589999976
  vertex -0.105452888 0.00808270369 0.010001434
  endloop
 endfacet

 facet normal 0.572308779 0.744839609 -0.343040198
  outer loop
  vertex -0.105452888 0.0187272821 0.010001434
  vertex -0.105002418 0.018381156 0.010001434
  vertex -0.106313102 0.0174993053 0.00589999976
  endloop
 endfacet

 facet normal 0.609279513 0.792955577 0
  outer loop
  vertex -0.105452888 0.0187272821 0.010001434
  vertex -0.105452888 0.0187272821 0.0147248218
  vertex -0.105002418 0.018381156 0.0147248218
  endloop
 endfacet

 facet normal 0.609279513 0.792955577 0
  outer loop
  vertex -0.105452888 0.0187272821 0.010001434
  vertex -0.105002418 0.018381156 0.0147248218
  vertex -0.105002418 0.018381156 0.010001434
  endloop
 endfacet

 facet normal 0.572316945 0.744832933 -0.34304139
  outer loop
  vertex -0.106313102 0.0174993053 0.00589999976
  vertex -0.105002418 0.018381156 0.010001434
  vertex -0.105966985 0.0172333512 0.00589999976
  endloop
 endfacet

 facet normal 0.572261572 -0.74478215 -0.343244046
  outer loop
  vertex -0.105452888 0.00808270369 0.010001434
  vertex -0.106313102 0.0093119517 0.00589999976
  vertex -0.105002418 0.00842882693 0.010001434
  endloop
 endfacet

 facet normal 0.609277368 -0.792957187 0
  outer loop
  vertex -0.105452888 0.00808270369 0.010001434
  vertex -0.105002418 0.00842882693 0.010001434
  vertex -0.105002418 0.00842882693 0.0147248218
  endloop
 endfacet

 facet normal 0.609277368 -0.792957187 0
  outer loop
  vertex -0.105452888 0.00808270369 0.010001434
  vertex -0.105002418 0.00842882693 0.0147248218
  vertex -0.105452888 0.00808270369 0.0147248218
  endloop
 endfacet

 facet normal 0.572271526 -0.744773805 -0.343245476
  outer loop
  vertex -0.106313102 0.0093119517 0.00589999976
  vertex -0.105966985 0.00957790669 0.00589999976
  vertex -0.105002418 0.00842882693 0.010001434
  endloop
 endfacet

 facet normal 0.676031291 0.736873031 -9.647564e-05
  outer loop
  vertex -0.105002418 0.018381156 0.010001434
  vertex -0.104609214 0.0180210359 0.0147248218
  vertex -0.104586303 0.0179994032 0.010001434
  endloop
 endfacet

 facet normal 0.635018229 0.692168891 -0.343007535
  outer loop
  vertex -0.105002418 0.018381156 0.010001434
  vertex -0.104586303 0.0179994032 0.010001434
  vertex -0.105646305 0.0169393998 0.00589999976
  endloop
 endfacet

 facet normal 0.634719729 0.692421794 -0.343049616
  outer loop
  vertex -0.105002418 0.018381156 0.010001434
  vertex -0.105646305 0.0169393998 0.00589999976
  vertex -0.105966985 0.0172333512 0.00589999976
  endloop
 endfacet

 facet normal 0.675401211 0.73745048 0
  outer loop
  vertex -0.105002418 0.018381156 0.010001434
  vertex -0.105002418 0.018381156 0.0147248218
  vertex -0.104609214 0.0180210359 0.0147248218
  endloop
 endfacet

 facet normal 0.634672284 -0.692371249 -0.343239307
  outer loop
  vertex -0.105002418 0.00842882693 0.010001434
  vertex -0.105966985 0.00957790669 0.00589999976
  vertex -0.105646305 0.00987185817 0.00589999976
  endloop
 endfacet

 facet normal 0.636160374 -0.691108704 -0.343028754
  outer loop
  vertex -0.105002418 0.00842882693 0.010001434
  vertex -0.105646305 0.00987185817 0.00589999976
  vertex -0.104586303 0.00881185383 0.010001434
  endloop
 endfacet

 facet normal 0.677252769 -0.735750437 -0.000112783127
  outer loop
  vertex -0.105002418 0.00842882693 0.010001434
  vertex -0.104586303 0.00881185383 0.010001434
  vertex -0.104979508 0.0084491875 0.0147248218
  endloop
 endfacet

 facet normal 0.66436106 -0.747411788 0
  outer loop
  vertex -0.105002418 0.00842882693 0.010001434
  vertex -0.104979508 0.0084491875 0.0147248218
  vertex -0.105002418 0.00842882693 0.0147248218
  endloop
 endfacet

 facet normal 0.686618447 0.727018058 0
  outer loop
  vertex -0.104609214 0.0180210359 0.0147248218
  vertex -0.104586303 0.0179994032 0.0147248218
  vertex -0.104586303 0.0179994032 0.010001434
  endloop
 endfacet

 facet normal 0.734984636 0.678083837 0
  outer loop
  vertex -0.104586303 0.0179994032 0.010001434
  vertex -0.104586303 0.0179994032 0.0147248218
  vertex -0.104222365 0.0176049247 0.0147248218
  endloop
 endfacet

 facet normal 0.73677969 0.676132917 -0.000301243417
  outer loop
  vertex -0.104586303 0.0179994032 0.010001434
  vertex -0.104222365 0.0176049247 0.0147248218
  vertex -0.104203276 0.0175820179 0.010001434
  endloop
 endfacet

 facet normal 0.692080736 0.635113239 -0.343009323
  outer loop
  vertex -0.104586303 0.0179994032 0.010001434
  vertex -0.104203276 0.0175820179 0.010001434
  vertex -0.105646305 0.0169393998 0.00589999976
  endloop
 endfacet

 facet normal 0.692308903 0.634844065 -0.34304747
  outer loop
  vertex -0.105646305 0.0169393998 0.00589999976
  vertex -0.104203276 0.0175820179 0.010001434
  vertex -0.105351083 0.0166174527 0.00589999976
  endloop
 endfacet

 facet normal 0.692308903 -0.634844065 -0.34304747
  outer loop
  vertex -0.105646305 0.00987185817 0.00589999976
  vertex -0.105351083 0.0101938043 0.00589999976
  vertex -0.104203276 0.00922923815 0.010001434
  endloop
 endfacet

 facet normal 0.692080736 -0.635113239 -0.343009323
  outer loop
  vertex -0.105646305 0.00987185817 0.00589999976
  vertex -0.104203276 0.00922923815 0.010001434
  vertex -0.104586303 0.00881185383 0.010001434
  endloop
 endfacet

 facet normal 0.73677969 -0.676132917 0
  outer loop
  vertex -0.104586303 0.00881185383 0.010001434
  vertex -0.104203276 0.00922923815 0.010001434
  vertex -0.104203276 0.00922923815 0.0147248218
  endloop
 endfacet

 facet normal 0.73677969 -0.676132917 0
  outer loop
  vertex -0.104586303 0.00881185383 0.010001434
  vertex -0.104203276 0.00922923815 0.0147248218
  vertex -0.104586303 0.00881185383 0.0147248218
  endloop
 endfacet

 facet normal 0.677985132 -0.735075653 0
  outer loop
  vertex -0.104586303 0.00881185383 0.010001434
  vertex -0.104586303 0.00881185383 0.0147248218
  vertex -0.104979508 0.0084491875 0.0147248218
  endloop
 endfacet

 facet normal 0.76820612 0.640202701 0
  outer loop
  vertex -0.104222365 0.0176049247 0.0147248218
  vertex -0.104203276 0.0175820179 0.0147248218
  vertex -0.104203276 0.0175820179 0.010001434
  endloop
 endfacet

 facet normal 0.792958677 0.609275341 -0.000292229292
  outer loop
  vertex -0.104203276 0.0175820179 0.010001434
  vertex -0.103874967 0.0171569996 0.0147248218
  vertex -0.103857152 0.0171315484 0.010001434
  endloop
 endfacet

 facet normal 0.744842231 0.572304726 -0.343041301
  outer loop
  vertex -0.104203276 0.0175820179 0.010001434
  vertex -0.103857152 0.0171315484 0.010001434
  vertex -0.105351083 0.0166174527 0.00589999976
  endloop
 endfacet

 facet normal 0.791390181 0.611311376 0
  outer loop
  vertex -0.104203276 0.0175820179 0.010001434
  vertex -0.104203276 0.0175820179 0.0147248218
  vertex -0.103874967 0.0171569996 0.0147248218
  endloop
 endfacet

 facet normal 0.746089101 0.570538461 -0.343274057
  outer loop
  vertex -0.105351083 0.0166174527 0.00589999976
  vertex -0.103857152 0.0171315484 0.010001434
  vertex -0.105086401 0.0162713304 0.00589999976
  endloop
 endfacet

 facet normal 0.746089101 -0.570538461 -0.343274057
  outer loop
  vertex -0.105351083 0.0101938043 0.00589999976
  vertex -0.105086401 0.0105399275 0.00589999976
  vertex -0.103857152 0.00967970863 0.010001434
  endloop
 endfacet

 facet normal 0.744842231 -0.572304726 -0.343041301
  outer loop
  vertex -0.105351083 0.0101938043 0.00589999976
  vertex -0.103857152 0.00967970863 0.010001434
  vertex -0.104203276 0.00922923815 0.010001434
  endloop
 endfacet

 facet normal 0.792958736 -0.609275341 0
  outer loop
  vertex -0.104203276 0.00922923815 0.010001434
  vertex -0.103857152 0.00967970863 0.010001434
  vertex -0.103857152 0.00967970863 0.0147248218
  endloop
 endfacet

 facet normal 0.792958736 -0.609275341 0
  outer loop
  vertex -0.104203276 0.00922923815 0.010001434
  vertex -0.103857152 0.00967970863 0.0147248218
  vertex -0.104203276 0.00922923815 0.0147248218
  endloop
 endfacet

 facet normal 0.819247246 0.573440433 0
  outer loop
  vertex -0.103874967 0.0171569996 0.0147248218
  vertex -0.103857152 0.0171315484 0.0147248218
  vertex -0.103857152 0.0171315484 0.010001434
  endloop
 endfacet

 facet normal 0.843938589 0.536439717 0
  outer loop
  vertex -0.103857152 0.0171315484 0.010001434
  vertex -0.103857152 0.0171315484 0.0147248218
  vertex -0.103553027 0.0166530833 0.0147248218
  endloop
 endfacet

 facet normal 0.843938589 0.536439717 0
  outer loop
  vertex -0.103857152 0.0171315484 0.010001434
  vertex -0.103553027 0.0166530833 0.0147248218
  vertex -0.103553027 0.0166530833 0.010001434
  endloop
 endfacet

 facet normal 0.792795062 0.503930926 -0.342826188
  outer loop
  vertex -0.103857152 0.0171315484 0.010001434
  vertex -0.103553027 0.0166530833 0.010001434
  vertex -0.104850985 0.0159048457 0.00589999976
  endloop
 endfacet

 facet normal 0.790233016 0.507614136 -0.343306988
  outer loop
  vertex -0.103857152 0.0171315484 0.010001434
  vertex -0.104850985 0.0159048457 0.00589999976
  vertex -0.105086401 0.0162713304 0.00589999976
  endloop
 endfacet

 facet normal 0.791037083 -0.506373286 -0.343287766
  outer loop
  vertex -0.105086401 0.0105399275 0.00589999976
  vertex -0.104850985 0.0109076835 0.00589999976
  vertex -0.103857152 0.00967970863 0.010001434
  endloop
 endfacet

 facet normal 0.792752504 -0.503903866 -0.342964053
  outer loop
  vertex -0.103857152 0.00967970863 0.010001434
  vertex -0.104850985 0.0109076835 0.00589999976
  vertex -0.103553027 0.0101581737 0.010001434
  endloop
 endfacet

 facet normal 0.843938589 -0.536439776 -0.000292816607
  outer loop
  vertex -0.103857152 0.00967970863 0.010001434
  vertex -0.103553027 0.0101581737 0.010001434
  vertex -0.103839338 0.00970515795 0.0147248218
  endloop
 endfacet

 facet normal 0.81921947 -0.573480308 0
  outer loop
  vertex -0.103857152 0.00967970863 0.010001434
  vertex -0.103839338 0.00970515795 0.0147248218
  vertex -0.103857152 0.00967970863 0.0147248218
  endloop
 endfacet

 facet normal 0.885742545 0.464176863 -0.000126275496
  outer loop
  vertex -0.103553027 0.0166530833 0.010001434
  vertex -0.103303611 0.0161784366 0.0147248218
  vertex -0.103289612 0.016150441 0.010001434
  endloop
 endfacet

 facet normal 0.832053125 0.436040729 -0.342864603
  outer loop
  vertex -0.103553027 0.0166530833 0.010001434
  vertex -0.103289612 0.016150441 0.010001434
  vertex -0.104850985 0.0159048457 0.00589999976
  endloop
 endfacet

 facet normal 0.885225654 0.46516189 0
  outer loop
  vertex -0.103553027 0.0166530833 0.010001434
  vertex -0.103553027 0.0166530833 0.0147248218
  vertex -0.103303611 0.0161784366 0.0147248218
  endloop
 endfacet

 facet normal 0.833952069 0.43201524 -0.343346417
  outer loop
  vertex -0.104850985 0.0159048457 0.00589999976
  vertex -0.103289612 0.016150441 0.010001434
  vertex -0.104649931 0.0155167291 0.00589999976
  endloop
 endfacet

 facet normal 0.832014561 -0.436020553 -0.342983931
  outer loop
  vertex -0.104850985 0.0109076835 0.00589999976
  vertex -0.103289612 0.010660816 0.010001434
  vertex -0.103553027 0.0101581737 0.010001434
  endloop
 endfacet

 facet normal 0.833377242 -0.43313694 -0.343329132
  outer loop
  vertex -0.104850985 0.0109076835 0.00589999976
  vertex -0.104649931 0.0112945288 0.00589999976
  vertex -0.103289612 0.010660816 0.010001434
  endloop
 endfacet

 facet normal 0.845320344 -0.534259915 0
  outer loop
  vertex -0.103553027 0.0101581737 0.010001434
  vertex -0.103553027 0.0101581737 0.0147248218
  vertex -0.103839338 0.00970515795 0.0147248218
  endloop
 endfacet

 facet normal 0.885742545 -0.464176863 0
  outer loop
  vertex -0.103553027 0.0101581737 0.010001434
  vertex -0.103289612 0.010660816 0.010001434
  vertex -0.103289612 0.010660816 0.0147248218
  endloop
 endfacet

 facet normal 0.885742545 -0.464176863 0
  outer loop
  vertex -0.103553027 0.0101581737 0.010001434
  vertex -0.103289612 0.010660816 0.0147248218
  vertex -0.103553027 0.0101581737 0.0147248218
  endloop
 endfacet

 facet normal 0.89442724 0.44721362 0
  outer loop
  vertex -0.103303611 0.0161784366 0.0147248218
  vertex -0.103289612 0.016150441 0.0147248218
  vertex -0.103289612 0.016150441 0.010001434
  endloop
 endfacet

 facet normal 0.923988283 0.382420987 0
  outer loop
  vertex -0.103289612 0.016150441 0.010001434
  vertex -0.103289612 0.016150441 0.0147248218
  vertex -0.103084736 0.0156554338 0.0147248218
  endloop
 endfacet

 facet normal 0.925189734 0.379504591 -0.000357745826
  outer loop
  vertex -0.103289612 0.016150441 0.010001434
  vertex -0.103084736 0.0156554338 0.0147248218
  vertex -0.103074558 0.015626166 0.010001434
  endloop
 endfacet

 facet normal 0.869078755 0.356488347 -0.342955381
  outer loop
  vertex -0.103289612 0.016150441 0.010001434
  vertex -0.103074558 0.015626166 0.010001434
  vertex -0.104483232 0.0151146147 0.00589999976
  endloop
 endfacet

 facet normal 0.867615223 0.359674335 -0.343334109
  outer loop
  vertex -0.103289612 0.016150441 0.010001434
  vertex -0.104483232 0.0151146147 0.00589999976
  vertex -0.104649931 0.0155167291 0.00589999976
  endloop
 endfacet

 facet normal 0.867615223 -0.359674335 -0.343334109
  outer loop
  vertex -0.103289612 0.010660816 0.010001434
  vertex -0.104649931 0.0112945288 0.00589999976
  vertex -0.104483232 0.0116966432 0.00589999976
  endloop
 endfacet

 facet normal 0.869078755 -0.356488347 -0.342955381
  outer loop
  vertex -0.103289612 0.010660816 0.010001434
  vertex -0.104483232 0.0116966432 0.00589999976
  vertex -0.103074558 0.0111850919 0.010001434
  endloop
 endfacet

 facet normal 0.925189853 -0.379504621 0
  outer loop
  vertex -0.103289612 0.010660816 0.010001434
  vertex -0.103074558 0.0111850919 0.010001434
  vertex -0.103074558 0.0111850919 0.0147248218
  endloop
 endfacet

 facet normal 0.925189853 -0.379504621 0
  outer loop
  vertex -0.103289612 0.010660816 0.010001434
  vertex -0.103074558 0.0111850919 0.0147248218
  vertex -0.103289612 0.010660816 0.0147248218
  endloop
 endfacet

 facet normal 0.944508135 0.32848832 0
  outer loop
  vertex -0.103084736 0.0156554338 0.0147248218
  vertex -0.103074558 0.015626166 0.0147248218
  vertex -0.103074558 0.015626166 0.010001434
  endloop
 endfacet

 facet normal 0.953514576 0.301346838 -6.89880544e-05
  outer loop
  vertex -0.103074558 0.015626166 0.010001434
  vertex -0.102912948 0.0151158869 0.0147248218
  vertex -0.102904044 0.0150866192 0.010001434
  endloop
 endfacet

 facet normal 0.895691335 0.283072501 -0.34293893
  outer loop
  vertex -0.103074558 0.015626166 0.010001434
  vertex -0.102904044 0.0150866192 0.010001434
  vertex -0.104483232 0.0151146147 0.00589999976
  endloop
 endfacet

 facet normal 0.953330994 0.301927269 0
  outer loop
  vertex -0.103074558 0.015626166 0.010001434
  vertex -0.103074558 0.015626166 0.0147248218
  vertex -0.102912948 0.0151158869 0.0147248218
  endloop
 endfacet

 facet normal 0.895927429 0.282206595 -0.343035758
  outer loop
  vertex -0.104483232 0.0151146147 0.00589999976
  vertex -0.102904044 0.0150866192 0.010001434
  vertex -0.104352161 0.0146985026 0.00589999976
  endloop
 endfacet

 facet normal 0.895927429 -0.282206595 -0.343035758
  outer loop
  vertex -0.104483232 0.0116966432 0.00589999976
  vertex -0.104352161 0.0121127544 0.00589999976
  vertex -0.102904044 0.0117246378 0.010001434
  endloop
 endfacet

 facet normal 0.895691335 -0.283072501 -0.34293893
  outer loop
  vertex -0.104483232 0.0116966432 0.00589999976
  vertex -0.102904044 0.0117246378 0.010001434
  vertex -0.103074558 0.0111850919 0.010001434
  endloop
 endfacet

 facet normal 0.953514576 -0.301346838 0
  outer loop
  vertex -0.103074558 0.0111850919 0.010001434
  vertex -0.102904044 0.0117246378 0.010001434
  vertex -0.102904044 0.0117246378 0.0147248218
  endloop
 endfacet

 facet normal 0.953514576 -0.301346838 0
  outer loop
  vertex -0.103074558 0.0111850919 0.010001434
  vertex -0.102904044 0.0117246378 0.0147248218
  vertex -0.103074558 0.0111850919 0.0147248218
  endloop
 endfacet

 facet normal 0.956670225 0.291173637 0
  outer loop
  vertex -0.102912948 0.0151158869 0.0147248218
  vertex -0.102904044 0.0150866192 0.0147248218
  vertex -0.102904044 0.0150866192 0.010001434
  endloop
 endfacet

 facet normal 0.975962996 0.217936426 0
  outer loop
  vertex -0.102904044 0.0150866192 0.010001434
  vertex -0.102904044 0.0150866192 0.0147248218
  vertex -0.102786966 0.0145623442 0.0147248218
  endloop
 endfacet

 facet normal 0.976028621 0.217642277 -3.42761632e-05
  outer loop
  vertex -0.102904044 0.0150866192 0.010001434
  vertex -0.102786966 0.0145623442 0.0147248218
  vertex -0.10278061 0.0145330764 0.010001434
  endloop
 endfacet

 facet normal 0.916801631 0.204435378 -0.343046457
  outer loop
  vertex -0.102904044 0.0150866192 0.010001434
  vertex -0.10278061 0.0145330764 0.010001434
  vertex -0.104352161 0.0146985026 0.00589999976
  endloop
 endfacet

 facet normal 0.917135477 0.202589944 -0.343248785
  outer loop
  vertex -0.104352161 0.0146985026 0.00589999976
  vertex -0.10278061 0.0145330764 0.010001434
  vertex -0.104257993 0.0142722102 0.00589999976
  endloop
 endfacet

 facet normal 0.917135477 -0.202589944 -0.343248785
  outer loop
  vertex -0.104352161 0.0121127544 0.00589999976
  vertex -0.104257993 0.0125390468 0.00589999976
  vertex -0.10278061 0.0122781815 0.010001434
  endloop
 endfacet

 facet normal 0.916801631 -0.204435378 -0.343046457
  outer loop
  vertex -0.104352161 0.0121127544 0.00589999976
  vertex -0.10278061 0.0122781815 0.010001434
  vertex -0.102904044 0.0117246378 0.010001434
  endloop
 endfacet

 facet normal 0.976028621 -0.217642277 -0.000170470652
  outer loop
  vertex -0.102904044 0.0117246378 0.010001434
  vertex -0.10278061 0.0122781815 0.010001434
  vertex -0.102896407 0.0117551787 0.0147248218
  endloop
 endfacet

 facet normal 0.970142543 -0.242535636 0
  outer loop
  vertex -0.102904044 0.0117246378 0.010001434
  vertex -0.102896407 0.0117551787 0.0147248218
  vertex -0.102904044 0.0117246378 0.0147248218
  endloop
 endfacet

 facet normal 0.977190852 0.212363169 0
  outer loop
  vertex -0.102786966 0.0145623442 0.0147248218
  vertex -0.10278061 0.0145330764 0.0147248218
  vertex -0.10278061 0.0145330764 0.010001434
  endloop
 endfacet

 facet normal 0.99150008 0.130106255 0
  outer loop
  vertex -0.10278061 0.0145330764 0.010001434
  vertex -0.10278061 0.0145330764 0.0147248218
  vertex -0.102706805 0.0139706247 0.0147248218
  endloop
 endfacet

 facet normal 0.99150008 0.130106255 0
  outer loop
  vertex -0.10278061 0.0145330764 0.010001434
  vertex -0.102706805 0.0139706247 0.0147248218
  vertex -0.102706805 0.0139706247 0.010001434
  endloop
 endfacet

 facet normal 0.931304395 0.122207284 -0.343129009
  outer loop
  vertex -0.10278061 0.0145330764 0.010001434
  vertex -0.102706805 0.0139706247 0.010001434
  vertex -0.104200736 0.013839555 0.00589999976
  endloop
 endfacet

 facet normal 0.93112725 0.12323641 -0.343241662
  outer loop
  vertex -0.10278061 0.0145330764 0.010001434
  vertex -0.104200736 0.013839555 0.00589999976
  vertex -0.104257993 0.0142722102 0.00589999976
  endloop
 endfacet

 facet normal 0.93112725 -0.12323641 -0.343241662
  outer loop
  vertex -0.104257993 0.0125390468 0.00589999976
  vertex -0.104200736 0.012971702 0.00589999976
  vertex -0.10278061 0.0122781815 0.010001434
  endloop
 endfacet

 facet normal 0.931304395 -0.122207284 -0.343129009
  outer loop
  vertex -0.10278061 0.0122781815 0.010001434
  vertex -0.104200736 0.012971702 0.00589999976
  vertex -0.102706805 0.0128406323 0.010001434
  endloop
 endfacet

 facet normal 0.99150008 -0.130106255 0
  outer loop
  vertex -0.10278061 0.0122781815 0.010001434
  vertex -0.102706805 0.0128406323 0.010001434
  vertex -0.102706805 0.0128406323 0.0147248218
  endloop
 endfacet

 facet normal 0.99150008 -0.130106255 0
  outer loop
  vertex -0.10278061 0.0122781815 0.010001434
  vertex -0.102706805 0.0128406323 0.0147248218
  vertex -0.10278061 0.0122781815 0.0147248218
  endloop
 endfacet

 facet normal 0.976354718 -0.216174886 0
  outer loop
  vertex -0.10278061 0.0122781815 0.010001434
  vertex -0.10278061 0.0122781815 0.0147248218
  vertex -0.102896407 0.0117551787 0.0147248218
  endloop
 endfacet

 facet normal 0.998883247 0.0472464971 0
  outer loop
  vertex -0.102706805 0.0139706247 0.010001434
  vertex -0.102706805 0.0139706247 0.0147248218
  vertex -0.10268008 0.0134056285 0.0147248218
  endloop
 endfacet

 facet normal 0.998883247 0.0472464971 0
  outer loop
  vertex -0.102706805 0.0139706247 0.010001434
  vertex -0.10268008 0.0134056285 0.0147248218
  vertex -0.10268008 0.0134056285 0.010001434
  endloop
 endfacet

 facet normal 0.938226879 0.0443774872 -0.343163252
  outer loop
  vertex -0.102706805 0.0139706247 0.010001434
  vertex -0.10268008 0.0134056285 0.010001434
  vertex -0.104200736 0.013839555 0.00589999976
  endloop
 endfacet

 facet normal 0.938229501 0.0440215729 -0.343201876
  outer loop
  vertex -0.104200736 0.013839555 0.00589999976
  vertex -0.10268008 0.0134056285 0.010001434
  vertex -0.104180373 0.0134056285 0.00589999976
  endloop
 endfacet

 facet normal 0.938229501 -0.0440215729 -0.343201876
  outer loop
  vertex -0.104200736 0.012971702 0.00589999976
  vertex -0.104180373 0.0134056285 0.00589999976
  vertex -0.10268008 0.0134056285 0.010001434
  endloop
 endfacet

 facet normal 0.938226879 -0.0443774872 -0.343163252
  outer loop
  vertex -0.104200736 0.012971702 0.00589999976
  vertex -0.10268008 0.0134056285 0.010001434
  vertex -0.102706805 0.0128406323 0.010001434
  endloop
 endfacet

 facet normal 0.998883247 -0.0472464971 0
  outer loop
  vertex -0.102706805 0.0128406323 0.010001434
  vertex -0.10268008 0.0134056285 0.010001434
  vertex -0.10268008 0.0134056285 0.0147248218
  endloop
 endfacet

 facet normal 0.998883247 -0.0472464971 0
  outer loop
  vertex -0.102706805 0.0128406323 0.010001434
  vertex -0.10268008 0.0134056285 0.0147248218
  vertex -0.102706805 0.0128406323 0.0147248218
  endloop
 endfacet

endsolid AssimpScene
