solid AssimpScene
 facet normal 0.00557537703 0.999419212 0.0336185247
  outer loop
  vertex -0.0662239715 0.0455616191 0.0146126635
  vertex -0.0662220642 0.0455608964 0.0146338772
  vertex -0.0661800057 0.0455608964 0.0146269025
  endloop
 endfacet

 facet normal 0.0164709464 0.99986434 0
  outer loop
  vertex -0.0662239715 0.0455616191 0.0146126635
  vertex -0.0661800057 0.0455608964 0.0146269025
  vertex -0.0661800057 0.0455608964 0.0120295007
  endloop
 endfacet

 facet normal 0.0164709464 0.99986434 0
  outer loop
  vertex -0.0662239715 0.0455616191 0.0146126635
  vertex -0.0661800057 0.0455608964 0.0120295007
  vertex -0.0662239715 0.0455616191 0.0120295007
  endloop
 endfacet

 facet normal -0.0821760744 0.996617913 0
  outer loop
  vertex -0.0662239715 0.0455616191 0.0146126635
  vertex -0.0662239715 0.0455616191 0.0120295007
  vertex -0.0662679374 0.0455579944 0.0120295007
  endloop
 endfacet

 facet normal -0.0821760744 0.996617913 0
  outer loop
  vertex -0.0662239715 0.0455616191 0.0146126635
  vertex -0.0662679374 0.0455579944 0.0120295007
  vertex -0.0662679374 0.0455579944 0.0146126635
  endloop
 endfacet

 facet normal -0.0821194723 0.995931327 0.0371087529
  outer loop
  vertex -0.0662239715 0.0455616191 0.0146126635
  vertex -0.0662679374 0.0455579944 0.0146126635
  vertex -0.0662641153 0.0455572717 0.0146405604
  endloop
 endfacet

 facet normal -0.0793177038 0.995999694 0.0411509685
  outer loop
  vertex -0.0662239715 0.0455616191 0.0146126635
  vertex -0.0662641153 0.0455572717 0.0146405604
  vertex -0.0662220642 0.0455608964 0.0146338772
  endloop
 endfacet

 facet normal 0.0111192549 0.997687817 0.0670471042
  outer loop
  vertex -0.0662220642 0.0455608964 0.0146338772
  vertex -0.0662163273 0.0455594435 0.0146545097
  vertex -0.0661800057 0.0455608964 0.0146269025
  endloop
 endfacet

 facet normal -0.0747476593 0.994794846 0.0692525133
  outer loop
  vertex -0.0662220642 0.0455608964 0.0146338772
  vertex -0.0662641153 0.0455572717 0.0146405604
  vertex -0.0662583858 0.0455558188 0.0146675864
  endloop
 endfacet

 facet normal -0.0589001402 0.994527698 0.086286962
  outer loop
  vertex -0.0662220642 0.0455608964 0.0146338772
  vertex -0.0662583858 0.0455558188 0.0146675864
  vertex -0.0662163273 0.0455594435 0.0146545097
  endloop
 endfacet

 facet normal 0.0906796828 0.9944942 0.0525206476
  outer loop
  vertex -0.0661800057 0.0455608964 0.0146269025
  vertex -0.0661628023 0.0455572717 0.014665843
  vertex -0.0661360398 0.0455572717 0.0146196373
  endloop
 endfacet

 facet normal 0.0821760744 0.996617913 0
  outer loop
  vertex -0.0661800057 0.0455608964 0.0146269025
  vertex -0.0661360398 0.0455572717 0.0146196373
  vertex -0.0661360398 0.0455572717 0.0120295007
  endloop
 endfacet

 facet normal 0.0821760744 0.996617913 0
  outer loop
  vertex -0.0661800057 0.0455608964 0.0146269025
  vertex -0.0661360398 0.0455572717 0.0120295007
  vertex -0.0661800057 0.0455608964 0.0120295007
  endloop
 endfacet

 facet normal 0.0128198192 0.997515202 0.0692753047
  outer loop
  vertex -0.0661800057 0.0455608964 0.0146269025
  vertex -0.0662163273 0.0455594435 0.0146545097
  vertex -0.066208683 0.0455579944 0.0146739809
  endloop
 endfacet

 facet normal 0.0298435371 0.996382177 0.0795739815
  outer loop
  vertex -0.0661800057 0.0455608964 0.0146269025
  vertex -0.066208683 0.0455579944 0.0146739809
  vertex -0.0661628023 0.0455572717 0.014665843
  endloop
 endfacet

 facet normal 0 0 -1
  outer loop
  vertex -0.0662239715 0.0455616191 0.0120295007
  vertex -0.0661800057 0.0455608964 0.0120295007
  vertex -0.0661360398 0.0455572717 0.0120295007
  endloop
 endfacet

 facet normal 0 0 -1
  outer loop
  vertex -0.0662239715 0.0455616191 0.0120295007
  vertex -0.0661360398 0.0455572717 0.0120295007
  vertex -0.0660939887 0.0455492921 0.0120295007
  endloop
 endfacet

 facet normal 0 0 -1
  outer loop
  vertex -0.0662239715 0.0455616191 0.0120295007
  vertex -0.0660939887 0.0455492921 0.0120295007
  vertex -0.0608792379 0.0443703271 0.0120295007
  endloop
 endfacet

 facet normal 0 0 -1
  outer loop
  vertex -0.0662239715 0.0455616191 0.0120295007
  vertex -0.0608792379 0.0443703271 0.0120295007
  vertex -0.048490379 0.0415693708 0.0120295007
  endloop
 endfacet

 facet normal 0 0 -1
  outer loop
  vertex -0.0662239715 0.0455616191 0.0120295007
  vertex -0.048490379 0.0415693708 0.0120295007
  vertex -0.048490379 0.0395094417 0.0120295007
  endloop
 endfacet

 facet normal 0 0 -1
  outer loop
  vertex -0.0662239715 0.0455616191 0.0120295007
  vertex -0.048490379 0.0395094417 0.0120295007
  vertex -0.0665737912 0.0433356464 0.0120295007
  endloop
 endfacet

 facet normal 0 0 -1
  outer loop
  vertex -0.0662239715 0.0455616191 0.0120295007
  vertex -0.0665737912 0.0433356464 0.0120295007
  vertex -0.0666120201 0.0433443487 0.0120295007
  endloop
 endfacet

 facet normal 0 0 -1
  outer loop
  vertex -0.0662239715 0.0455616191 0.0120295007
  vertex -0.0666120201 0.0433443487 0.0120295007
  vertex -0.0666502565 0.0433566757 0.0120295007
  endloop
 endfacet

 facet normal 0 0 -1
  outer loop
  vertex -0.0662239715 0.0455616191 0.0120295007
  vertex -0.0666502565 0.0433566757 0.0120295007
  vertex -0.0666884854 0.0433726273 0.0120295007
  endloop
 endfacet

 facet normal 0 0 -1
  outer loop
  vertex -0.0662239715 0.0455616191 0.0120295007
  vertex -0.0666884854 0.0433726273 0.0120295007
  vertex -0.0667343661 0.0433987305 0.0120295007
  endloop
 endfacet

 facet normal 0 0 -1
  outer loop
  vertex -0.0662239715 0.0455616191 0.0120295007
  vertex -0.0667343661 0.0433987305 0.0120295007
  vertex -0.0667592138 0.0434146784 0.0120295007
  endloop
 endfacet

 facet normal 0 0 -1
  outer loop
  vertex -0.0662239715 0.0455616191 0.0120295007
  vertex -0.0667592138 0.0434146784 0.0120295007
  vertex -0.0667897984 0.0434407815 0.0120295007
  endloop
 endfacet

 facet normal 0 0 -1
  outer loop
  vertex -0.0662239715 0.0455616191 0.0120295007
  vertex -0.0667897984 0.0434407815 0.0120295007
  vertex -0.0668031797 0.0434523858 0.0120295007
  endloop
 endfacet

 facet normal 0 0 -1
  outer loop
  vertex -0.0662239715 0.0455616191 0.0120295007
  vertex -0.0668031797 0.0434523858 0.0120295007
  vertex -0.0668203831 0.0434697866 0.0120295007
  endloop
 endfacet

 facet normal 0 0 -1
  outer loop
  vertex -0.0662239715 0.0455616191 0.0120295007
  vertex -0.0668203831 0.0434697866 0.0120295007
  vertex -0.0668490604 0.0435002372 0.0120295007
  endloop
 endfacet

 facet normal 0 0 -1
  outer loop
  vertex -0.0662239715 0.0455616191 0.0120295007
  vertex -0.0668490604 0.0435002372 0.0120295007
  vertex -0.066873908 0.0435350426 0.0120295007
  endloop
 endfacet

 facet normal 0 0 -1
  outer loop
  vertex -0.0662239715 0.0455616191 0.0120295007
  vertex -0.066873908 0.0435350426 0.0120295007
  vertex -0.0668968484 0.0435712971 0.0120295007
  endloop
 endfacet

 facet normal 0 0 -1
  outer loop
  vertex -0.0662239715 0.0455616191 0.0120295007
  vertex -0.0668968484 0.0435712971 0.0120295007
  vertex -0.0669178739 0.0436097234 0.0120295007
  endloop
 endfacet

 facet normal 0 0 -1
  outer loop
  vertex -0.0662239715 0.0455616191 0.0120295007
  vertex -0.0669178739 0.0436097234 0.0120295007
  vertex -0.0669312552 0.0436394513 0.0120295007
  endloop
 endfacet

 facet normal 0 0 -1
  outer loop
  vertex -0.0662239715 0.0455616191 0.0120295007
  vertex -0.0669312552 0.0436394513 0.0120295007
  vertex -0.0669350773 0.0436496027 0.0120295007
  endloop
 endfacet

 facet normal 0 0 -1
  outer loop
  vertex -0.0662239715 0.0455616191 0.0120295007
  vertex -0.0669350773 0.0436496027 0.0120295007
  vertex -0.0669484586 0.0436902083 0.0120295007
  endloop
 endfacet

 facet normal 0 0 -1
  outer loop
  vertex -0.0662239715 0.0455616191 0.0120295007
  vertex -0.0669484586 0.0436902083 0.0120295007
  vertex -0.0669580176 0.0437315367 0.0120295007
  endloop
 endfacet

 facet normal 0 0 -1
  outer loop
  vertex -0.0662239715 0.0455616191 0.0120295007
  vertex -0.0669580176 0.0437315367 0.0120295007
  vertex -0.0669675767 0.0437772162 0.0120295007
  endloop
 endfacet

 facet normal 0 0 -1
  outer loop
  vertex -0.0662239715 0.0455616191 0.0120295007
  vertex -0.0669675767 0.0437772162 0.0120295007
  vertex -0.0669713989 0.043819271 0.0120295007
  endloop
 endfacet

 facet normal 0 0 -1
  outer loop
  vertex -0.0662239715 0.0455616191 0.0120295007
  vertex -0.0669713989 0.043819271 0.0120295007
  vertex -0.0669733062 0.043862775 0.0120295007
  endloop
 endfacet

 facet normal 0 0 -1
  outer loop
  vertex -0.0662239715 0.0455616191 0.0120295007
  vertex -0.0669733062 0.043862775 0.0120295007
  vertex -0.0669733062 0.0438714772 0.0120295007
  endloop
 endfacet

 facet normal 0 0 -1
  outer loop
  vertex -0.0662239715 0.0455616191 0.0120295007
  vertex -0.0669733062 0.0438714772 0.0120295007
  vertex -0.0669713989 0.0439048298 0.0120295007
  endloop
 endfacet

 facet normal 0 0 -1
  outer loop
  vertex -0.0662239715 0.0455616191 0.0120295007
  vertex -0.0669713989 0.0439048298 0.0120295007
  vertex -0.0669675767 0.0439483337 0.0120295007
  endloop
 endfacet

 facet normal 0 0 -1
  outer loop
  vertex -0.0662239715 0.0455616191 0.0120295007
  vertex -0.0669675767 0.0439483337 0.0120295007
  vertex -0.0669369921 0.0440933481 0.0120295007
  endloop
 endfacet

 facet normal 0 0 -1
  outer loop
  vertex -0.0662239715 0.0455616191 0.0120295007
  vertex -0.0669369921 0.0440933481 0.0120295007
  vertex -0.0666923076 0.0451722555 0.0120295007
  endloop
 endfacet

 facet normal 0 0 -1
  outer loop
  vertex -0.0662239715 0.0455616191 0.0120295007
  vertex -0.0666923076 0.0451722555 0.0120295007
  vertex -0.0666904002 0.0451802313 0.0120295007
  endloop
 endfacet

 facet normal 0 0 -1
  outer loop
  vertex -0.0662239715 0.0455616191 0.0120295007
  vertex -0.0666904002 0.0451802313 0.0120295007
  vertex -0.0666808411 0.0452143103 0.0120295007
  endloop
 endfacet

 facet normal 0 0 -1
  outer loop
  vertex -0.0662239715 0.0455616191 0.0120295007
  vertex -0.0666808411 0.0452143103 0.0120295007
  vertex -0.0666674599 0.0452505648 0.0120295007
  endloop
 endfacet

 facet normal 0 0 -1
  outer loop
  vertex -0.0662239715 0.0455616191 0.0120295007
  vertex -0.0666674599 0.0452505648 0.0120295007
  vertex -0.0666464344 0.0452940688 0.0120295007
  endloop
 endfacet

 facet normal 0 0 -1
  outer loop
  vertex -0.0662239715 0.0455616191 0.0120295007
  vertex -0.0666464344 0.0452940688 0.0120295007
  vertex -0.0666426048 0.0453013182 0.0120295007
  endloop
 endfacet

 facet normal 0 0 -1
  outer loop
  vertex -0.0662239715 0.0455616191 0.0120295007
  vertex -0.0666426048 0.0453013182 0.0120295007
  vertex -0.0666254014 0.045331046 0.0120295007
  endloop
 endfacet

 facet normal 0 0 -1
  outer loop
  vertex -0.0662239715 0.0455616191 0.0120295007
  vertex -0.0666254014 0.045331046 0.0120295007
  vertex -0.0666024685 0.0453643985 0.0120295007
  endloop
 endfacet

 facet normal 0 0 -1
  outer loop
  vertex -0.0662239715 0.0455616191 0.0120295007
  vertex -0.0666024685 0.0453643985 0.0120295007
  vertex -0.0665661469 0.0454071797 0.0120295007
  endloop
 endfacet

 facet normal 0 0 -1
  outer loop
  vertex -0.0662239715 0.0455616191 0.0120295007
  vertex -0.0665661469 0.0454071797 0.0120295007
  vertex -0.0665432066 0.0454289317 0.0120295007
  endloop
 endfacet

 facet normal 0 0 -1
  outer loop
  vertex -0.0662239715 0.0455616191 0.0120295007
  vertex -0.0665432066 0.0454289317 0.0120295007
  vertex -0.0665336475 0.045437634 0.0120295007
  endloop
 endfacet

 facet normal 0 0 -1
  outer loop
  vertex -0.0662239715 0.0455616191 0.0120295007
  vertex -0.0665336475 0.045437634 0.0120295007
  vertex -0.0665107071 0.045456484 0.0120295007
  endloop
 endfacet

 facet normal 0 0 -1
  outer loop
  vertex -0.0662239715 0.0455616191 0.0120295007
  vertex -0.0665107071 0.045456484 0.0120295007
  vertex -0.0664705709 0.0454847626 0.0120295007
  endloop
 endfacet

 facet normal 0 0 -1
  outer loop
  vertex -0.0662239715 0.0455616191 0.0120295007
  vertex -0.0664705709 0.0454847626 0.0120295007
  vertex -0.0664380714 0.0455036126 0.0120295007
  endloop
 endfacet

 facet normal 0 0 -1
  outer loop
  vertex -0.0662239715 0.0455616191 0.0120295007
  vertex -0.0664380714 0.0455036126 0.0120295007
  vertex -0.0663941056 0.0455246419 0.0120295007
  endloop
 endfacet

 facet normal 0 0 -1
  outer loop
  vertex -0.0662239715 0.0455616191 0.0120295007
  vertex -0.0663941056 0.0455246419 0.0120295007
  vertex -0.066352047 0.045538418 0.0120295007
  endloop
 endfacet

 facet normal 0 0 -1
  outer loop
  vertex -0.0662239715 0.0455616191 0.0120295007
  vertex -0.066352047 0.045538418 0.0120295007
  vertex -0.0663157329 0.0455492921 0.0120295007
  endloop
 endfacet

 facet normal 0 0 -1
  outer loop
  vertex -0.0662239715 0.0455616191 0.0120295007
  vertex -0.0663157329 0.0455492921 0.0120295007
  vertex -0.0662679374 0.0455579944 0.0120295007
  endloop
 endfacet

 facet normal -0.179123014 0.983826637 0
  outer loop
  vertex -0.0662679374 0.0455579944 0.0146126635
  vertex -0.0662679374 0.0455579944 0.0120295007
  vertex -0.0663157329 0.0455492921 0.0120295007
  endloop
 endfacet

 facet normal -0.202430308 0.979296625 0.000446450838
  outer loop
  vertex -0.0662679374 0.0455579944 0.0146126635
  vertex -0.0663157329 0.0455492921 0.0120295007
  vertex -0.0663099959 0.0455492921 0.0146298083
  endloop
 endfacet

 facet normal -0.194090217 0.980745018 0.0216382109
  outer loop
  vertex -0.0662679374 0.0455579944 0.0146126635
  vertex -0.0663099959 0.0455492921 0.0146298083
  vertex -0.0663080812 0.0455492921 0.0146469539
  endloop
 endfacet

 facet normal -0.17139183 0.983982086 0.0490318313
  outer loop
  vertex -0.0662679374 0.0455579944 0.0146126635
  vertex -0.0663080812 0.0455492921 0.0146469539
  vertex -0.0662641153 0.0455572717 0.0146405604
  endloop
 endfacet

 facet normal -0.166865751 0.982831895 0.0787232071
  outer loop
  vertex -0.0662641153 0.0455572717 0.0146405604
  vertex -0.0663080812 0.0455492921 0.0146469539
  vertex -0.066304259 0.0455485694 0.0146640996
  endloop
 endfacet

 facet normal -0.161964029 0.982942998 0.0871238187
  outer loop
  vertex -0.0662641153 0.0455572717 0.0146405604
  vertex -0.066304259 0.0455485694 0.0146640996
  vertex -0.0662583858 0.0455558188 0.0146675864
  endloop
 endfacet

 facet normal -0.0558312796 0.993818223 0.0959596187
  outer loop
  vertex -0.0662163273 0.0455594435 0.0146545097
  vertex -0.0662583858 0.0455558188 0.0146675864
  vertex -0.066208683 0.0455579944 0.0146739809
  endloop
 endfacet

 facet normal -0.164942995 0.976297498 0.140132159
  outer loop
  vertex -0.0662583858 0.0455558188 0.0146675864
  vertex -0.066304259 0.0455485694 0.0146640996
  vertex -0.0662985295 0.0455471203 0.0146809546
  endloop
 endfacet

 facet normal -0.163384125 0.975913465 0.144563243
  outer loop
  vertex -0.0662583858 0.0455558188 0.0146675864
  vertex -0.0662985295 0.0455471203 0.0146809546
  vertex -0.0662927926 0.0455456674 0.0146972286
  endloop
 endfacet

 facet normal -0.157813504 0.975854039 0.151009232
  outer loop
  vertex -0.0662583858 0.0455558188 0.0146675864
  vertex -0.0662927926 0.0455456674 0.0146972286
  vertex -0.0662545636 0.0455543697 0.0146809546
  endloop
 endfacet

 facet normal -0.0593473539 0.990451396 0.124435164
  outer loop
  vertex -0.0662583858 0.0455558188 0.0146675864
  vertex -0.0662545636 0.0455543697 0.0146809546
  vertex -0.066208683 0.0455579944 0.0146739809
  endloop
 endfacet

 facet normal 0.100449488 0.981443346 0.163336381
  outer loop
  vertex -0.0661628023 0.0455572717 0.014665843
  vertex -0.0661666319 0.0455485694 0.0147204762
  vertex -0.0661245733 0.0455485694 0.0146946134
  endloop
 endfacet

 facet normal 0.134127751 0.983758867 0.119282827
  outer loop
  vertex -0.0661628023 0.0455572717 0.014665843
  vertex -0.0661245733 0.0455485694 0.0146946134
  vertex -0.0661226586 0.0455543697 0.0146446293
  endloop
 endfacet

 facet normal 0.108539656 0.991639733 0.0697849095
  outer loop
  vertex -0.0661628023 0.0455572717 0.014665843
  vertex -0.0661226586 0.0455543697 0.0146446293
  vertex -0.0661303103 0.0455558188 0.0146359112
  endloop
 endfacet

 facet normal 0.0950971544 0.993943095 0.0550792031
  outer loop
  vertex -0.0661628023 0.0455572717 0.014665843
  vertex -0.0661303103 0.0455558188 0.0146359112
  vertex -0.0661360398 0.0455572717 0.0146196373
  endloop
 endfacet

 facet normal 0.0406115353 0.989187002 0.140924603
  outer loop
  vertex -0.0661628023 0.0455572717 0.014665843
  vertex -0.066208683 0.0455579944 0.0146739809
  vertex -0.0661914796 0.0455536433 0.0146995531
  endloop
 endfacet

 facet normal 0.0418962725 0.988980412 0.141995177
  outer loop
  vertex -0.0661628023 0.0455572717 0.014665843
  vertex -0.0661914796 0.0455536433 0.0146995531
  vertex -0.0661838353 0.0455521941 0.0147073995
  endloop
 endfacet

 facet normal 0.0837011188 0.983162165 0.16243802
  outer loop
  vertex -0.0661628023 0.0455572717 0.014665843
  vertex -0.0661838353 0.0455521941 0.0147073995
  vertex -0.0661666319 0.0455485694 0.0147204762
  endloop
 endfacet

 facet normal 0.145554602 0.988664567 0.0368270688
  outer loop
  vertex -0.0661360398 0.0455572717 0.0146196373
  vertex -0.0661303103 0.0455558188 0.0146359112
  vertex -0.0661226586 0.0455543697 0.0146446293
  endloop
 endfacet

 facet normal 0.188431412 0.98199904 0.0130961714
  outer loop
  vertex -0.0661360398 0.0455572717 0.0146196373
  vertex -0.0661226586 0.0455543697 0.0146446293
  vertex -0.0660939887 0.0455492921 0.0146126635
  endloop
 endfacet

 facet normal 0.186351359 0.982483268 0
  outer loop
  vertex -0.0661360398 0.0455572717 0.0146196373
  vertex -0.0660939887 0.0455492921 0.0146126635
  vertex -0.0660939887 0.0455492921 0.0120295007
  endloop
 endfacet

 facet normal 0.186351359 0.982483268 0
  outer loop
  vertex -0.0661360398 0.0455572717 0.0146196373
  vertex -0.0660939887 0.0455492921 0.0120295007
  vertex -0.0661360398 0.0455572717 0.0120295007
  endloop
 endfacet

 facet normal -0.0559330285 0.987775326 0.145503655
  outer loop
  vertex -0.066208683 0.0455579944 0.0146739809
  vertex -0.0662545636 0.0455543697 0.0146809546
  vertex -0.0662469119 0.0455529168 0.0146937408
  endloop
 endfacet

 facet normal -0.0382733308 0.983196259 0.178494498
  outer loop
  vertex -0.066208683 0.0455579944 0.0146739809
  vertex -0.0662469119 0.0455529168 0.0146937408
  vertex -0.0662316233 0.0455492921 0.0147169884
  endloop
 endfacet

 facet normal -0.0262458399 0.982434034 0.184755296
  outer loop
  vertex -0.066208683 0.0455579944 0.0146739809
  vertex -0.0662316233 0.0455492921 0.0147169884
  vertex -0.0661914796 0.0455536433 0.0146995531
  endloop
 endfacet

 facet normal -0.286857605 0.957973242 0
  outer loop
  vertex -0.0663157329 0.0455492921 0.0120295007
  vertex -0.066352047 0.045538418 0.0120295007
  vertex -0.066352047 0.045538418 0.014632714
  endloop
 endfacet

 facet normal -0.250335574 0.96815908 0.000552103738
  outer loop
  vertex -0.0663157329 0.0455492921 0.0120295007
  vertex -0.066352047 0.045538418 0.014632714
  vertex -0.0663099959 0.0455492921 0.0146298083
  endloop
 endfacet

 facet normal -0.248811632 0.968277574 0.0230505709
  outer loop
  vertex -0.0663099959 0.0455492921 0.0146298083
  vertex -0.066352047 0.045538418 0.014632714
  vertex -0.0663501397 0.045538418 0.0146533465
  endloop
 endfacet

 facet normal -0.24636133 0.968788922 0.027465675
  outer loop
  vertex -0.0663099959 0.0455492921 0.0146298083
  vertex -0.0663501397 0.045538418 0.0146533465
  vertex -0.0663080812 0.0455492921 0.0146469539
  endloop
 endfacet

 facet normal -0.235933751 0.967263997 0.0934657231
  outer loop
  vertex -0.0663080812 0.0455492921 0.0146469539
  vertex -0.0663501397 0.045538418 0.0146533465
  vertex -0.066304259 0.0455485694 0.0146640996
  endloop
 endfacet

 facet normal -0.241462618 0.962803304 0.121267326
  outer loop
  vertex -0.066304259 0.0455485694 0.0146640996
  vertex -0.0663501397 0.045538418 0.0146533465
  vertex -0.0663386658 0.0455362424 0.0146934502
  endloop
 endfacet

 facet normal -0.212945804 0.964617252 0.15545921
  outer loop
  vertex -0.066304259 0.0455485694 0.0146640996
  vertex -0.0663386658 0.0455362424 0.0146934502
  vertex -0.0662985295 0.0455471203 0.0146809546
  endloop
 endfacet

 facet normal -0.212245792 0.964432716 0.157547563
  outer loop
  vertex -0.0662985295 0.0455471203 0.0146809546
  vertex -0.0663386658 0.0455362424 0.0146934502
  vertex -0.0663310215 0.0455347933 0.0147126308
  endloop
 endfacet

 facet normal -0.209939286 0.964541137 0.159956038
  outer loop
  vertex -0.0662985295 0.0455471203 0.0146809546
  vertex -0.0663310215 0.0455347933 0.0147126308
  vertex -0.0662927926 0.0455456674 0.0146972286
  endloop
 endfacet

 facet normal -0.150831237 0.974412858 0.166642249
  outer loop
  vertex -0.0662927926 0.0455456674 0.0146972286
  vertex -0.0662851483 0.0455442183 0.0147126308
  vertex -0.0662545636 0.0455543697 0.0146809546
  endloop
 endfacet

 facet normal -0.197622061 0.961945415 0.18869707
  outer loop
  vertex -0.0662927926 0.0455456674 0.0146972286
  vertex -0.0663310215 0.0455347933 0.0147126308
  vertex -0.0662851483 0.0455442183 0.0147126308
  endloop
 endfacet

 facet normal -0.128937125 0.973751783 0.187570542
  outer loop
  vertex -0.0662545636 0.0455543697 0.0146809546
  vertex -0.0662851483 0.0455442183 0.0147126308
  vertex -0.0662469119 0.0455529168 0.0146937408
  endloop
 endfacet

 facet normal 0.0839149877 0.961444616 0.261882633
  outer loop
  vertex -0.0661666319 0.0455485694 0.0147204762
  vertex -0.0661685392 0.045535516 0.0147690075
  vertex -0.066149421 0.0455442183 0.0147309387
  endloop
 endfacet

 facet normal 0.122747749 0.971609771 0.202256054
  outer loop
  vertex -0.0661666319 0.0455485694 0.0147204762
  vertex -0.066149421 0.0455442183 0.0147309387
  vertex -0.0661379546 0.0455420427 0.0147344247
  endloop
 endfacet

 facet normal 0.123496637 0.971814334 0.20081231
  outer loop
  vertex -0.0661666319 0.0455485694 0.0147204762
  vertex -0.0661379546 0.0455420427 0.0147344247
  vertex -0.0661245733 0.0455485694 0.0146946134
  endloop
 endfacet

 facet normal 0.031799309 0.973154247 0.227946639
  outer loop
  vertex -0.0661666319 0.0455485694 0.0147204762
  vertex -0.0661838353 0.0455521941 0.0147073995
  vertex -0.066202946 0.0455434918 0.0147472117
  endloop
 endfacet

 facet normal 0.0577787869 0.963498235 0.261405528
  outer loop
  vertex -0.0661666319 0.0455485694 0.0147204762
  vertex -0.066202946 0.0455434918 0.0147472117
  vertex -0.0661685392 0.045535516 0.0147690075
  endloop
 endfacet

 facet normal 0.185954034 0.975170076 0.120268635
  outer loop
  vertex -0.0661245733 0.0455485694 0.0146946134
  vertex -0.0661150143 0.0455521941 0.0146504408
  vertex -0.0661226586 0.0455543697 0.0146446293
  endloop
 endfacet

 facet normal 0.161507308 0.963772416 0.212269366
  outer loop
  vertex -0.0661245733 0.0455485694 0.0146946134
  vertex -0.0661379546 0.0455420427 0.0147344247
  vertex -0.0649833679 0.045290444 0.0149982916
  endloop
 endfacet

 facet normal 0.188325584 0.974656582 0.120739639
  outer loop
  vertex -0.0661245733 0.0455485694 0.0146946134
  vertex -0.0649833679 0.045290444 0.0149982916
  vertex -0.0661150143 0.0455521941 0.0146504408
  endloop
 endfacet

 facet normal 0.190349847 0.975024343 0.114430964
  outer loop
  vertex -0.0661226586 0.0455543697 0.0146446293
  vertex -0.0661150143 0.0455521941 0.0146504408
  vertex -0.0649833679 0.045290444 0.0149982916
  endloop
 endfacet

 facet normal 0.193040401 0.975440264 0.106073998
  outer loop
  vertex -0.0661226586 0.0455543697 0.0146446293
  vertex -0.0649833679 0.045290444 0.0149982916
  vertex -0.0648075044 0.0452556387 0.0149982916
  endloop
 endfacet

 facet normal 0.202866822 0.97666049 0.0705633536
  outer loop
  vertex -0.0661226586 0.0455543697 0.0146446293
  vertex -0.0648075044 0.0452556387 0.0149982916
  vertex -0.064646937 0.0452222861 0.0149982916
  endloop
 endfacet

 facet normal 0.211503357 0.976763844 0.0346226729
  outer loop
  vertex -0.0661226586 0.0455543697 0.0146446293
  vertex -0.064646937 0.0452222861 0.0149982916
  vertex -0.0660939887 0.0455492921 0.0146126635
  endloop
 endfacet

 facet normal -0.0239723679 0.981536806 0.189765602
  outer loop
  vertex -0.0661914796 0.0455536433 0.0146995531
  vertex -0.0662316233 0.0455492921 0.0147169884
  vertex -0.0662144199 0.0455456674 0.0147379134
  endloop
 endfacet

 facet normal -0.014395589 0.980636835 0.195305258
  outer loop
  vertex -0.0661914796 0.0455536433 0.0146995531
  vertex -0.0662144199 0.0455456674 0.0147379134
  vertex -0.0661838353 0.0455521941 0.0147073995
  endloop
 endfacet

 facet normal 0.00872875936 0.976022124 0.21749638
  outer loop
  vertex -0.0661838353 0.0455521941 0.0147073995
  vertex -0.0662144199 0.0455456674 0.0147379134
  vertex -0.066202946 0.0455434918 0.0147472117
  endloop
 endfacet

 facet normal 0.220422834 0.975404441 0
  outer loop
  vertex -0.0660939887 0.0455492921 0.0146126635
  vertex -0.064646937 0.0452222861 0.0149982916
  vertex -0.0660939887 0.0455492921 0.0120295007
  endloop
 endfacet

 facet normal -0.121727698 0.971931696 0.201323599
  outer loop
  vertex -0.0662469119 0.0455529168 0.0146937408
  vertex -0.0662851483 0.0455442183 0.0147126308
  vertex -0.0662660301 0.0455405936 0.0147416899
  endloop
 endfacet

 facet normal -0.0931028947 0.972625196 0.212913603
  outer loop
  vertex -0.0662469119 0.0455529168 0.0146937408
  vertex -0.0662660301 0.0455405936 0.0147416899
  vertex -0.0662316233 0.0455492921 0.0147169884
  endloop
 endfacet

 facet normal -0.0783352777 0.969467282 0.23237215
  outer loop
  vertex -0.0662316233 0.0455492921 0.0147169884
  vertex -0.0662660301 0.0455405936 0.0147416899
  vertex -0.0662144199 0.0455456674 0.0147379134
  endloop
 endfacet

 facet normal -0.311310351 0.950308263 0
  outer loop
  vertex -0.066352047 0.045538418 0.0120295007
  vertex -0.0663941056 0.0455246419 0.0120295007
  vertex -0.0663941056 0.0455246419 0.0146126635
  endloop
 endfacet

 facet normal -0.311310351 0.950308263 0
  outer loop
  vertex -0.066352047 0.045538418 0.0120295007
  vertex -0.0663941056 0.0455246419 0.0146126635
  vertex -0.066352047 0.045538418 0.014632714
  endloop
 endfacet

 facet normal -0.324068457 0.945557237 0.0300225671
  outer loop
  vertex -0.066352047 0.045538418 0.014632714
  vertex -0.0663941056 0.0455246419 0.0146126635
  vertex -0.0663501397 0.045538418 0.0146533465
  endloop
 endfacet

 facet normal -0.346446216 0.936316013 0.0573349409
  outer loop
  vertex -0.0663501397 0.045538418 0.0146533465
  vertex -0.0663941056 0.0455246419 0.0146126635
  vertex -0.0663902834 0.045523189 0.0146594504
  endloop
 endfacet

 facet normal -0.341816843 0.935781837 0.0864506215
  outer loop
  vertex -0.0663501397 0.045538418 0.0146533465
  vertex -0.0663902834 0.045523189 0.0146594504
  vertex -0.0663864613 0.0455224663 0.0146824075
  endloop
 endfacet

 facet normal -0.303654313 0.94274044 0.137965649
  outer loop
  vertex -0.0663501397 0.045538418 0.0146533465
  vertex -0.0663864613 0.0455224663 0.0146824075
  vertex -0.0663386658 0.0455362424 0.0146934502
  endloop
 endfacet

 facet normal -0.307674021 0.937649012 0.161712885
  outer loop
  vertex -0.0663386658 0.0455362424 0.0146934502
  vertex -0.0663864613 0.0455224663 0.0146824075
  vertex -0.0663788095 0.0455210172 0.0147053655
  endloop
 endfacet

 facet normal -0.298490733 0.93536371 0.189731479
  outer loop
  vertex -0.0663386658 0.0455362424 0.0146934502
  vertex -0.0663788095 0.0455210172 0.0147053655
  vertex -0.0663310215 0.0455347933 0.0147126308
  endloop
 endfacet

 facet normal -0.299197167 0.933400989 0.198100269
  outer loop
  vertex -0.0663310215 0.0455347933 0.0147126308
  vertex -0.0663788095 0.0455210172 0.0147053655
  vertex -0.0663711652 0.0455188416 0.0147271603
  endloop
 endfacet

 facet normal -0.278435886 0.927594364 0.249082848
  outer loop
  vertex -0.0663310215 0.0455347933 0.0147126308
  vertex -0.0663711652 0.0455188416 0.0147271603
  vertex -0.0663482249 0.0455144905 0.0147690075
  endloop
 endfacet

 facet normal -0.260830224 0.930918574 0.255652606
  outer loop
  vertex -0.0663310215 0.0455347933 0.0147126308
  vertex -0.0663482249 0.0455144905 0.0147690075
  vertex -0.0663138181 0.0455297157 0.0147486655
  endloop
 endfacet

 facet normal -0.19594197 0.953767478 0.227891415
  outer loop
  vertex -0.0663310215 0.0455347933 0.0147126308
  vertex -0.0663138181 0.0455297157 0.0147486655
  vertex -0.0662851483 0.0455442183 0.0147126308
  endloop
 endfacet

 facet normal -0.185917556 0.953828752 0.235892773
  outer loop
  vertex -0.0662851483 0.0455442183 0.0147126308
  vertex -0.0663138181 0.0455297157 0.0147486655
  vertex -0.0662774965 0.0455420427 0.01472745
  endloop
 endfacet

 facet normal -0.149493709 0.964287519 0.218634665
  outer loop
  vertex -0.0662851483 0.0455442183 0.0147126308
  vertex -0.0662774965 0.0455420427 0.01472745
  vertex -0.0662660301 0.0455405936 0.0147416899
  endloop
 endfacet

 facet normal 0.133624524 0.945598722 0.296626985
  outer loop
  vertex -0.0661685392 0.045535516 0.0147690075
  vertex -0.0661303103 0.0455398671 0.0147379134
  vertex -0.0661379546 0.0455420427 0.0147344247
  endloop
 endfacet

 facet normal 0.099843435 0.957929313 0.269077361
  outer loop
  vertex -0.0661685392 0.045535516 0.0147690075
  vertex -0.0661379546 0.0455420427 0.0147344247
  vertex -0.066149421 0.0455442183 0.0147309387
  endloop
 endfacet

 facet normal 0.014262272 0.946046114 0.323717773
  outer loop
  vertex -0.0661685392 0.045535516 0.0147690075
  vertex -0.066202946 0.0455434918 0.0147472117
  vertex -0.066202946 0.045526091 0.0147980675
  endloop
 endfacet

 facet normal 0.0494757965 0.931385517 0.360656559
  outer loop
  vertex -0.0661685392 0.045535516 0.0147690075
  vertex -0.066202946 0.045526091 0.0147980675
  vertex -0.0661876574 0.0455224663 0.0148053318
  endloop
 endfacet

 facet normal 0.0604197644 0.928846836 0.365503639
  outer loop
  vertex -0.0661685392 0.045535516 0.0147690075
  vertex -0.0661876574 0.0455224663 0.0148053318
  vertex -0.0661723614 0.0455188416 0.0148120169
  endloop
 endfacet

 facet normal 0.0837628096 0.926563501 0.366693199
  outer loop
  vertex -0.0661685392 0.045535516 0.0147690075
  vertex -0.0661723614 0.0455188416 0.0148120169
  vertex -0.066155158 0.0455152169 0.0148172472
  endloop
 endfacet

 facet normal 0.113794297 0.926613212 0.358383715
  outer loop
  vertex -0.0661685392 0.045535516 0.0147690075
  vertex -0.066155158 0.0455152169 0.0148172472
  vertex -0.0653083324 0.0453411974 0.0149982916
  endloop
 endfacet

 facet normal 0.134270743 0.945272028 0.297375828
  outer loop
  vertex -0.0661685392 0.045535516 0.0147690075
  vertex -0.0653083324 0.0453411974 0.0149982916
  vertex -0.0661303103 0.0455398671 0.0147379134
  endloop
 endfacet

 facet normal 0.136992618 0.947113454 0.290188342
  outer loop
  vertex -0.0661379546 0.0455420427 0.0147344247
  vertex -0.0661303103 0.0455398671 0.0147379134
  vertex -0.0653083324 0.0453411974 0.0149982916
  endloop
 endfacet

 facet normal 0.139740571 0.948910415 0.282916307
  outer loop
  vertex -0.0661379546 0.0455420427 0.0147344247
  vertex -0.0653083324 0.0453411974 0.0149982916
  vertex -0.0651458502 0.0453172699 0.0149982916
  endloop
 endfacet

 facet normal 0.158825472 0.961960316 0.22227627
  outer loop
  vertex -0.0661379546 0.0455420427 0.0147344247
  vertex -0.0651458502 0.0453172699 0.0149982916
  vertex -0.0649833679 0.045290444 0.0149982916
  endloop
 endfacet

 facet normal -0.0471625514 0.958178163 0.282259375
  outer loop
  vertex -0.066202946 0.0455434918 0.0147472117
  vertex -0.0662144199 0.0455456674 0.0147379134
  vertex -0.0662450045 0.045535516 0.0147672631
  endloop
 endfacet

 facet normal -0.0250890758 0.945844591 0.32364887
  outer loop
  vertex -0.066202946 0.0455434918 0.0147472117
  vertex -0.0662450045 0.045535516 0.0147672631
  vertex -0.066202946 0.045526091 0.0147980675
  endloop
 endfacet

 facet normal 0 0 1
  outer loop
  vertex -0.0649833679 0.045290444 0.0149982916
  vertex -0.0651458502 0.0453172699 0.0149982916
  vertex -0.0653083324 0.0453411974 0.0149982916
  endloop
 endfacet

 facet normal 0 0 1
  outer loop
  vertex -0.0649833679 0.045290444 0.0149982916
  vertex -0.0653083324 0.0453411974 0.0149982916
  vertex -0.0654727295 0.0453607738 0.0149982916
  endloop
 endfacet

 facet normal 0 0 1
  outer loop
  vertex -0.0649833679 0.045290444 0.0149982916
  vertex -0.0654727295 0.0453607738 0.0149982916
  vertex -0.0656256527 0.0453745499 0.0149982916
  endloop
 endfacet

 facet normal 0 0 1
  outer loop
  vertex -0.0649833679 0.045290444 0.0149982916
  vertex -0.0656256527 0.0453745499 0.0149982916
  vertex -0.0657728463 0.0453847013 0.0149982916
  endloop
 endfacet

 facet normal 0 0 1
  outer loop
  vertex -0.0649833679 0.045290444 0.0149982916
  vertex -0.0657728463 0.0453847013 0.0149982916
  vertex -0.0659162104 0.045388326 0.0149982916
  endloop
 endfacet

 facet normal 0 0 1
  outer loop
  vertex -0.0649833679 0.045290444 0.0149982916
  vertex -0.0659162104 0.045388326 0.0149982916
  vertex -0.066048108 0.045388326 0.0149982916
  endloop
 endfacet

 facet normal 0 0 1
  outer loop
  vertex -0.0649833679 0.045290444 0.0149982916
  vertex -0.066048108 0.045388326 0.0149982916
  vertex -0.066170454 0.0453832522 0.0149982916
  endloop
 endfacet

 facet normal 0 0 1
  outer loop
  vertex -0.0649833679 0.045290444 0.0149982916
  vertex -0.066170454 0.0453832522 0.0149982916
  vertex -0.0662354454 0.0453767255 0.0149982916
  endloop
 endfacet

 facet normal 0 0 1
  outer loop
  vertex -0.0649833679 0.045290444 0.0149982916
  vertex -0.0662354454 0.0453767255 0.0149982916
  vertex -0.066271767 0.0453723781 0.0149982916
  endloop
 endfacet

 facet normal 0 0 1
  outer loop
  vertex -0.0649833679 0.045290444 0.0149982916
  vertex -0.066271767 0.0453723781 0.0149982916
  vertex -0.0663233772 0.0453557 0.0149982916
  endloop
 endfacet

 facet normal 0 0 1
  outer loop
  vertex -0.0649833679 0.045290444 0.0149982916
  vertex -0.0663233772 0.0453557 0.0149982916
  vertex -0.0663405806 0.0453484468 0.0149982916
  endloop
 endfacet

 facet normal 0 0 1
  outer loop
  vertex -0.0649833679 0.045290444 0.0149982916
  vertex -0.0663405806 0.0453484468 0.0149982916
  vertex -0.066357784 0.0453397483 0.0149982916
  endloop
 endfacet

 facet normal 0 0 1
  outer loop
  vertex -0.0649833679 0.045290444 0.0149982916
  vertex -0.066357784 0.0453397483 0.0149982916
  vertex -0.0663883686 0.0453201719 0.0149982916
  endloop
 endfacet

 facet normal 0 0 1
  outer loop
  vertex -0.0649833679 0.045290444 0.0149982916
  vertex -0.0663883686 0.0453201719 0.0149982916
  vertex -0.0663979277 0.0453136452 0.0149982916
  endloop
 endfacet

 facet normal 0 0 1
  outer loop
  vertex -0.0649833679 0.045290444 0.0149982916
  vertex -0.0663979277 0.0453136452 0.0149982916
  vertex -0.0664285123 0.045287542 0.0149982916
  endloop
 endfacet

 facet normal 0 0 1
  outer loop
  vertex -0.0649833679 0.045290444 0.0149982916
  vertex -0.0664285123 0.045287542 0.0149982916
  vertex -0.066459097 0.045252014 0.0149982916
  endloop
 endfacet

 facet normal 0 0 1
  outer loop
  vertex -0.0649833679 0.045290444 0.0149982916
  vertex -0.066459097 0.045252014 0.0149982916
  vertex -0.0664839447 0.0452135839 0.0149982916
  endloop
 endfacet

 facet normal 0 0 1
  outer loop
  vertex -0.0649833679 0.045290444 0.0149982916
  vertex -0.0664839447 0.0452135839 0.0149982916
  vertex -0.0665011555 0.0451737046 0.0149982916
  endloop
 endfacet

 facet normal 0 0 1
  outer loop
  vertex -0.0649833679 0.045290444 0.0149982916
  vertex -0.0665011555 0.0451737046 0.0149982916
  vertex -0.0665107071 0.0451439768 0.0149982916
  endloop
 endfacet

 facet normal 0 0 1
  outer loop
  vertex -0.0649833679 0.045290444 0.0149982916
  vertex -0.0665107071 0.0451439768 0.0149982916
  vertex -0.0665145293 0.0451316535 0.0149982916
  endloop
 endfacet

 facet normal 0 0 1
  outer loop
  vertex -0.0649833679 0.045290444 0.0149982916
  vertex -0.0665145293 0.0451316535 0.0149982916
  vertex -0.0675257519 0.0406644791 0.0149982916
  endloop
 endfacet

 facet normal 0 0 1
  outer loop
  vertex -0.0649833679 0.045290444 0.0149982916
  vertex -0.0675257519 0.0406644791 0.0149982916
  vertex -0.0679214448 0.0389083549 0.0149982916
  endloop
 endfacet

 facet normal 0 0 1
  outer loop
  vertex -0.0649833679 0.045290444 0.0149982916
  vertex -0.0679214448 0.0389083549 0.0149982916
  vertex -0.0678793937 0.0388597734 0.0149982916
  endloop
 endfacet

 facet normal 0 0 1
  outer loop
  vertex -0.0649833679 0.045290444 0.0149982916
  vertex -0.0678793937 0.0388597734 0.0149982916
  vertex -0.0678621903 0.038843099 0.0149982916
  endloop
 endfacet

 facet normal 0 0 1
  outer loop
  vertex -0.0649833679 0.045290444 0.0149982916
  vertex -0.0678621903 0.038843099 0.0149982916
  vertex -0.0678182244 0.0388082936 0.0149982916
  endloop
 endfacet

 facet normal 0 0 1
  outer loop
  vertex -0.0649833679 0.045290444 0.0149982916
  vertex -0.0678182244 0.0388082936 0.0149982916
  vertex -0.0678029284 0.0387974195 0.0149982916
  endloop
 endfacet

 facet normal 0 0 1
  outer loop
  vertex -0.0649833679 0.045290444 0.0149982916
  vertex -0.0678029284 0.0387974195 0.0149982916
  vertex -0.067785725 0.0387865417 0.0149982916
  endloop
 endfacet

 facet normal 0 0 1
  outer loop
  vertex -0.0649833679 0.045290444 0.0149982916
  vertex -0.067785725 0.0387865417 0.0149982916
  vertex -0.0677761659 0.0387807414 0.0149982916
  endloop
 endfacet

 facet normal 0 0 1
  outer loop
  vertex -0.0649833679 0.045290444 0.0149982916
  vertex -0.0677761659 0.0387807414 0.0149982916
  vertex -0.0677417591 0.0387626141 0.0149982916
  endloop
 endfacet

 facet normal 0 0 1
  outer loop
  vertex -0.0649833679 0.045290444 0.0149982916
  vertex -0.0677417591 0.0387626141 0.0149982916
  vertex -0.0677054375 0.0387481153 0.0149982916
  endloop
 endfacet

 facet normal 0 0 1
  outer loop
  vertex -0.0649833679 0.045290444 0.0149982916
  vertex -0.0677054375 0.0387481153 0.0149982916
  vertex -0.067669116 0.0387343355 0.0149982916
  endloop
 endfacet

 facet normal 0 0 1
  outer loop
  vertex -0.0649833679 0.045290444 0.0149982916
  vertex -0.067669116 0.0387343355 0.0149982916
  vertex -0.0676289722 0.0387249105 0.0149982916
  endloop
 endfacet

 facet normal 0 0 1
  outer loop
  vertex -0.0649833679 0.045290444 0.0149982916
  vertex -0.0676289722 0.0387249105 0.0149982916
  vertex -0.0670535937 0.0386103503 0.0149982916
  endloop
 endfacet

 facet normal 0 0 1
  outer loop
  vertex -0.0649833679 0.045290444 0.0149982916
  vertex -0.0670535937 0.0386103503 0.0149982916
  vertex -0.0664074868 0.0384950638 0.0149982916
  endloop
 endfacet

 facet normal 0 0 1
  outer loop
  vertex -0.0649833679 0.045290444 0.0149982916
  vertex -0.0664074868 0.0384950638 0.0149982916
  vertex -0.0657518208 0.0383921042 0.0149982916
  endloop
 endfacet

 facet normal 0 0 1
  outer loop
  vertex -0.0649833679 0.045290444 0.0149982916
  vertex -0.0657518208 0.0383921042 0.0149982916
  vertex -0.065142028 0.0383116193 0.0149982916
  endloop
 endfacet

 facet normal 0 0 1
  outer loop
  vertex -0.0649833679 0.045290444 0.0149982916
  vertex -0.065142028 0.0383116193 0.0149982916
  vertex -0.0645322427 0.038245637 0.0149982916
  endloop
 endfacet

 facet normal 0 0 1
  outer loop
  vertex -0.0649833679 0.045290444 0.0149982916
  vertex -0.0645322427 0.038245637 0.0149982916
  vertex -0.0639205351 0.0381948836 0.0149982916
  endloop
 endfacet

 facet normal 0 0 1
  outer loop
  vertex -0.0649833679 0.045290444 0.0149982916
  vertex -0.0639205351 0.0381948836 0.0149982916
  vertex -0.0633738339 0.0381658822 0.0149982916
  endloop
 endfacet

 facet normal 0 0 1
  outer loop
  vertex -0.0649833679 0.045290444 0.0149982916
  vertex -0.0633738339 0.0381658822 0.0149982916
  vertex -0.0628271252 0.038154278 0.0149982916
  endloop
 endfacet

 facet normal 0 0 1
  outer loop
  vertex -0.0649833679 0.045290444 0.0149982916
  vertex -0.0628271252 0.038154278 0.0149982916
  vertex -0.0623492301 0.0381615311 0.0149982916
  endloop
 endfacet

 facet normal 0 0 1
  outer loop
  vertex -0.0649833679 0.045290444 0.0149982916
  vertex -0.0623492301 0.0381615311 0.0149982916
  vertex -0.0618694276 0.0381890833 0.0149982916
  endloop
 endfacet

 facet normal 0 0 1
  outer loop
  vertex -0.0649833679 0.045290444 0.0149982916
  vertex -0.0618694276 0.0381890833 0.0149982916
  vertex -0.048490379 0.0395094417 0.0149982916
  endloop
 endfacet

 facet normal 0 0 1
  outer loop
  vertex -0.0649833679 0.045290444 0.0149982916
  vertex -0.048490379 0.0395094417 0.0149982916
  vertex -0.048490379 0.0415693708 0.0149982916
  endloop
 endfacet

 facet normal 0 0 1
  outer loop
  vertex -0.0649833679 0.045290444 0.0149982916
  vertex -0.048490379 0.0415693708 0.0149982916
  vertex -0.064646937 0.0452222861 0.0149982916
  endloop
 endfacet

 facet normal 0 0 1
  outer loop
  vertex -0.0649833679 0.045290444 0.0149982916
  vertex -0.064646937 0.0452222861 0.0149982916
  vertex -0.0648075044 0.0452556387 0.0149982916
  endloop
 endfacet

 facet normal 0.220528647 0.97538054 0
  outer loop
  vertex -0.064646937 0.0452222861 0.0149982916
  vertex -0.048490379 0.0415693708 0.0149982916
  vertex -0.048490379 0.0415693708 0.0120295007
  endloop
 endfacet

 facet normal 0.220520973 0.975382268 -4.39610121e-05
  outer loop
  vertex -0.064646937 0.0452222861 0.0149982916
  vertex -0.048490379 0.0415693708 0.0120295007
  vertex -0.0608792379 0.0443703271 0.0120295007
  endloop
 endfacet

 facet normal 0.220517576 0.975383103 -4.85201163e-05
  outer loop
  vertex -0.064646937 0.0452222861 0.0149982916
  vertex -0.0608792379 0.0443703271 0.0120295007
  vertex -0.0660939887 0.0455492921 0.0120295007
  endloop
 endfacet

 facet normal -0.0762295797 0.964183331 0.254046112
  outer loop
  vertex -0.0662144199 0.0455456674 0.0147379134
  vertex -0.0662660301 0.0455405936 0.0147416899
  vertex -0.0662450045 0.045535516 0.0147672631
  endloop
 endfacet

 facet normal -0.181362793 0.952884853 0.243142158
  outer loop
  vertex -0.0662660301 0.0455405936 0.0147416899
  vertex -0.0662774965 0.0455420427 0.01472745
  vertex -0.0663138181 0.0455297157 0.0147486655
  endloop
 endfacet

 facet normal -0.173971221 0.944085956 0.280063927
  outer loop
  vertex -0.0662660301 0.0455405936 0.0147416899
  vertex -0.0663138181 0.0455297157 0.0147486655
  vertex -0.0662889704 0.0455246419 0.0147812115
  endloop
 endfacet

 facet normal -0.138005659 0.943659902 0.300766736
  outer loop
  vertex -0.0662660301 0.0455405936 0.0147416899
  vertex -0.0662889704 0.0455246419 0.0147812115
  vertex -0.0662450045 0.045535516 0.0147672631
  endloop
 endfacet

 facet normal -0.431452364 0.902135789 -0.000120976219
  outer loop
  vertex -0.0663941056 0.0455246419 0.0120295007
  vertex -0.0664380714 0.0455036126 0.0120295007
  vertex -0.0664342493 0.0455057882 0.0146126635
  endloop
 endfacet

 facet normal -0.425084829 0.905153513 0
  outer loop
  vertex -0.0663941056 0.0455246419 0.0120295007
  vertex -0.0664342493 0.0455057882 0.0146126635
  vertex -0.0663941056 0.0455246419 0.0146126635
  endloop
 endfacet

 facet normal -0.42487967 0.90471673 0.0310606435
  outer loop
  vertex -0.0663941056 0.0455246419 0.0146126635
  vertex -0.0664342493 0.0455057882 0.0146126635
  vertex -0.0664323345 0.0455057882 0.0146388169
  endloop
 endfacet

 facet normal -0.407255083 0.911239743 0.0615261346
  outer loop
  vertex -0.0663941056 0.0455246419 0.0146126635
  vertex -0.0664323345 0.0455057882 0.0146388169
  vertex -0.0663902834 0.045523189 0.0146594504
  endloop
 endfacet

 facet normal -0.416281909 0.905256689 0.084969908
  outer loop
  vertex -0.0663902834 0.045523189 0.0146594504
  vertex -0.0664323345 0.0455057882 0.0146388169
  vertex -0.0664285123 0.0455050655 0.0146652618
  endloop
 endfacet

 facet normal -0.414219588 0.904935956 0.0975358784
  outer loop
  vertex -0.0663902834 0.045523189 0.0146594504
  vertex -0.0664285123 0.0455050655 0.0146652618
  vertex -0.0663864613 0.0455224663 0.0146824075
  endloop
 endfacet

 facet normal -0.418716013 0.901131153 0.112426445
  outer loop
  vertex -0.0663864613 0.0455224663 0.0146824075
  vertex -0.0664285123 0.0455050655 0.0146652618
  vertex -0.0664246902 0.0455036126 0.0146911256
  endloop
 endfacet

 facet normal -0.403429896 0.898400545 0.173553184
  outer loop
  vertex -0.0663864613 0.0455224663 0.0146824075
  vertex -0.0664246902 0.0455036126 0.0146911256
  vertex -0.0664170459 0.0455021635 0.0147164082
  endloop
 endfacet

 facet normal -0.390480846 0.90141809 0.18700318
  outer loop
  vertex -0.0663864613 0.0455224663 0.0146824075
  vertex -0.0664170459 0.0455021635 0.0147164082
  vertex -0.0663788095 0.0455210172 0.0147053655
  endloop
 endfacet

 facet normal -0.378721893 0.898366332 0.222503692
  outer loop
  vertex -0.0663788095 0.0455210172 0.0147053655
  vertex -0.0664170459 0.0455021635 0.0147164082
  vertex -0.0663711652 0.0455188416 0.0147271603
  endloop
 endfacet

 facet normal -0.379120409 0.897399187 0.225704134
  outer loop
  vertex -0.0663711652 0.0455188416 0.0147271603
  vertex -0.0664170459 0.0455021635 0.0147164082
  vertex -0.0664074868 0.0454999879 0.0147411097
  endloop
 endfacet

 facet normal -0.365406245 0.894517899 0.257518977
  outer loop
  vertex -0.0663711652 0.0455188416 0.0147271603
  vertex -0.0664074868 0.0454999879 0.0147411097
  vertex -0.0663960129 0.0454978161 0.0147649385
  endloop
 endfacet

 facet normal -0.337477297 0.89919436 0.278493613
  outer loop
  vertex -0.0663711652 0.0455188416 0.0147271603
  vertex -0.0663960129 0.0454978161 0.0147649385
  vertex -0.0663482249 0.0455144905 0.0147690075
  endloop
 endfacet

 facet normal -0.336572587 0.888333261 0.312382758
  outer loop
  vertex -0.0663482249 0.0455144905 0.0147690075
  vertex -0.0663960129 0.0454978161 0.0147649385
  vertex -0.0663826317 0.0454949141 0.014787605
  endloop
 endfacet

 facet normal -0.303832293 0.880259454 0.364457548
  outer loop
  vertex -0.0663482249 0.0455144905 0.0147690075
  vertex -0.0663826317 0.0454949141 0.014787605
  vertex -0.0663673431 0.0454912893 0.0148091093
  endloop
 endfacet

 facet normal -0.280648887 0.882703662 0.376922458
  outer loop
  vertex -0.0663482249 0.0455144905 0.0147690075
  vertex -0.0663673431 0.0454912893 0.0148091093
  vertex -0.0663214624 0.045507241 0.014805913
  endloop
 endfacet

 facet normal -0.226871163 0.911319971 0.343548089
  outer loop
  vertex -0.0663482249 0.0455144905 0.0147690075
  vertex -0.0663214624 0.045507241 0.014805913
  vertex -0.0662889704 0.0455246419 0.0147812115
  endloop
 endfacet

 facet normal -0.223358959 0.921353042 0.318149984
  outer loop
  vertex -0.0663482249 0.0455144905 0.0147690075
  vertex -0.0662889704 0.0455246419 0.0147812115
  vertex -0.0663023517 0.0455268174 0.0147655196
  endloop
 endfacet

 facet normal -0.224387676 0.923333704 0.311617225
  outer loop
  vertex -0.0663482249 0.0455144905 0.0147690075
  vertex -0.0663023517 0.0455268174 0.0147655196
  vertex -0.0663138181 0.0455297157 0.0147486655
  endloop
 endfacet

 facet normal -0.183092996 0.940435052 0.286459327
  outer loop
  vertex -0.0663138181 0.0455297157 0.0147486655
  vertex -0.0663023517 0.0455268174 0.0147655196
  vertex -0.0662889704 0.0455246419 0.0147812115
  endloop
 endfacet

 facet normal 0.00172284967 0.903118968 0.429387063
  outer loop
  vertex -0.066202946 0.045526091 0.0147980675
  vertex -0.0662067682 0.0455057882 0.0148407854
  vertex -0.0661895648 0.0455021635 0.0148483412
  endloop
 endfacet

 facet normal 0.0113556087 0.904053688 0.427268088
  outer loop
  vertex -0.066202946 0.045526091 0.0147980675
  vertex -0.0661895648 0.0455021635 0.0148483412
  vertex -0.0661876574 0.0455224663 0.0148053318
  endloop
 endfacet

 facet normal -0.0260405466 0.945418298 0.324817389
  outer loop
  vertex -0.066202946 0.045526091 0.0147980675
  vertex -0.0662450045 0.045535516 0.0147672631
  vertex -0.0662316233 0.0455318913 0.0147788879
  endloop
 endfacet

 facet normal -0.056708768 0.929003298 0.36570096
  outer loop
  vertex -0.066202946 0.045526091 0.0147980675
  vertex -0.0662316233 0.0455318913 0.0147788879
  vertex -0.0662430897 0.0455144905 0.0148213152
  endloop
 endfacet

 facet normal -0.0131205879 0.903557062 0.428266972
  outer loop
  vertex -0.066202946 0.045526091 0.0147980675
  vertex -0.0662430897 0.0455144905 0.0148213152
  vertex -0.0662067682 0.0455057882 0.0148407854
  endloop
 endfacet

 facet normal 0.0272188988 0.903504372 0.427713811
  outer loop
  vertex -0.0661876574 0.0455224663 0.0148053318
  vertex -0.0661895648 0.0455021635 0.0148483412
  vertex -0.0661723614 0.0455188416 0.0148120169
  endloop
 endfacet

 facet normal 0.0557837039 0.897095859 0.438300341
  outer loop
  vertex -0.0661723614 0.0455188416 0.0148120169
  vertex -0.0661895648 0.0455021635 0.0148483412
  vertex -0.066155158 0.0455152169 0.0148172472
  endloop
 endfacet

 facet normal 0.0617766865 0.89406389 0.443659306
  outer loop
  vertex -0.066155158 0.0455152169 0.0148172472
  vertex -0.0661895648 0.0455021635 0.0148483412
  vertex -0.066170454 0.0454978161 0.0148544442
  endloop
 endfacet

 facet normal 0.0819563419 0.889379263 0.449764013
  outer loop
  vertex -0.066155158 0.0455152169 0.0148172472
  vertex -0.066170454 0.0454978161 0.0148544442
  vertex -0.0654727295 0.0453607738 0.0149982916
  endloop
 endfacet

 facet normal 0.109738491 0.92153281 0.372471184
  outer loop
  vertex -0.066155158 0.0455152169 0.0148172472
  vertex -0.0654727295 0.0453607738 0.0149982916
  vertex -0.0653083324 0.0453411974 0.0149982916
  endloop
 endfacet

 facet normal -0.118840739 0.929214418 0.349910676
  outer loop
  vertex -0.0662450045 0.045535516 0.0147672631
  vertex -0.0662889704 0.0455246419 0.0147812115
  vertex -0.0662736744 0.0455210172 0.0147960326
  endloop
 endfacet

 facet normal -0.103968635 0.925938547 0.363081783
  outer loop
  vertex -0.0662450045 0.045535516 0.0147672631
  vertex -0.0662736744 0.0455210172 0.0147960326
  vertex -0.0662602931 0.0455173925 0.0148091093
  endloop
 endfacet

 facet normal -0.101972565 0.925883532 0.363787383
  outer loop
  vertex -0.0662450045 0.045535516 0.0147672631
  vertex -0.0662602931 0.0455173925 0.0148091093
  vertex -0.0662430897 0.0455144905 0.0148213152
  endloop
 endfacet

 facet normal -0.0642544553 0.929269791 0.363770545
  outer loop
  vertex -0.0662450045 0.045535516 0.0147672631
  vertex -0.0662430897 0.0455144905 0.0148213152
  vertex -0.0662316233 0.0455318913 0.0147788879
  endloop
 endfacet

 facet normal 1 0 0
  outer loop
  vertex -0.048490379 0.0415693708 0.0149982916
  vertex -0.048490379 0.0395094417 0.0149982916
  vertex -0.048490379 0.0395094417 0.0120295007
  endloop
 endfacet

 facet normal 1 0 0
  outer loop
  vertex -0.048490379 0.0415693708 0.0149982916
  vertex -0.048490379 0.0395094417 0.0120295007
  vertex -0.048490379 0.0415693708 0.0120295007
  endloop
 endfacet

 facet normal -0.189055413 0.902464807 0.387059897
  outer loop
  vertex -0.0662889704 0.0455246419 0.0147812115
  vertex -0.0663214624 0.045507241 0.014805913
  vertex -0.066304259 0.0455036126 0.014822769
  endloop
 endfacet

 facet normal -0.168633014 0.903113604 0.394903511
  outer loop
  vertex -0.0662889704 0.0455246419 0.0147812115
  vertex -0.066304259 0.0455036126 0.014822769
  vertex -0.0662736744 0.0455210172 0.0147960326
  endloop
 endfacet

 facet normal -0.501801133 0.864983022 0
  outer loop
  vertex -0.0664380714 0.0455036126 0.0120295007
  vertex -0.0664705709 0.0454847626 0.0120295007
  vertex -0.0664705709 0.0454847626 0.0146126635
  endloop
 endfacet

 facet normal -0.501033485 0.865427911 1.29034579e-05
  outer loop
  vertex -0.0664380714 0.0455036126 0.0120295007
  vertex -0.0664705709 0.0454847626 0.0146126635
  vertex -0.0664342493 0.0455057882 0.0146126635
  endloop
 endfacet

 facet normal -0.500917077 0.865226686 0.0215636473
  outer loop
  vertex -0.0664342493 0.0455057882 0.0146126635
  vertex -0.0664705709 0.0454847626 0.0146126635
  vertex -0.0664705709 0.0454840362 0.0146417236
  endloop
 endfacet

 facet normal -0.492115855 0.869786024 0.0359759144
  outer loop
  vertex -0.0664342493 0.0455057882 0.0146126635
  vertex -0.0664705709 0.0454840362 0.0146417236
  vertex -0.0664323345 0.0455057882 0.0146388169
  endloop
 endfacet

 facet normal -0.486887991 0.868373632 0.0941665769
  outer loop
  vertex -0.0664323345 0.0455057882 0.0146388169
  vertex -0.0664705709 0.0454840362 0.0146417236
  vertex -0.0664285123 0.0455050655 0.0146652618
  endloop
 endfacet

 facet normal -0.493124306 0.862957716 0.110146634
  outer loop
  vertex -0.0664285123 0.0455050655 0.0146652618
  vertex -0.0664705709 0.0454840362 0.0146417236
  vertex -0.0664667413 0.0454825871 0.0146702025
  endloop
 endfacet

 facet normal -0.491432995 0.862468004 0.121006392
  outer loop
  vertex -0.0664285123 0.0455050655 0.0146652618
  vertex -0.0664667413 0.0454825871 0.0146702025
  vertex -0.0664246902 0.0455036126 0.0146911256
  endloop
 endfacet

 facet normal -0.498933971 0.854593456 0.143996522
  outer loop
  vertex -0.0664246902 0.0455036126 0.0146911256
  vertex -0.0664667413 0.0454825871 0.0146702025
  vertex -0.0664610118 0.0454811379 0.0146986814
  endloop
 endfacet

 facet normal -0.488418132 0.852226675 0.18750374
  outer loop
  vertex -0.0664246902 0.0455036126 0.0146911256
  vertex -0.0664610118 0.0454811379 0.0146986814
  vertex -0.0664514527 0.0454804115 0.0147268698
  endloop
 endfacet

 facet normal -0.481181592 0.854756832 0.194564149
  outer loop
  vertex -0.0664246902 0.0455036126 0.0146911256
  vertex -0.0664514527 0.0454804115 0.0147268698
  vertex -0.0664170459 0.0455021635 0.0147164082
  endloop
 endfacet

 facet normal -0.461281478 0.850785911 0.25175938
  outer loop
  vertex -0.0664170459 0.0455021635 0.0147164082
  vertex -0.0664514527 0.0454804115 0.0147268698
  vertex -0.0664418936 0.0454775132 0.0147541864
  endloop
 endfacet

 facet normal -0.459931076 0.851177692 0.252903312
  outer loop
  vertex -0.0664170459 0.0455021635 0.0147164082
  vertex -0.0664418936 0.0454775132 0.0147541864
  vertex -0.0664074868 0.0454999879 0.0147411097
  endloop
 endfacet

 facet normal -0.452893943 0.849928975 0.269272894
  outer loop
  vertex -0.0664074868 0.0454999879 0.0147411097
  vertex -0.0664418936 0.0454775132 0.0147541864
  vertex -0.0664304271 0.0454753377 0.0147803407
  endloop
 endfacet

 facet normal -0.431210816 0.855835438 0.285662532
  outer loop
  vertex -0.0664074868 0.0454999879 0.0147411097
  vertex -0.0664304271 0.0454753377 0.0147803407
  vertex -0.0663960129 0.0454978161 0.0147649385
  endloop
 endfacet

 facet normal -0.400229812 0.849022508 0.34493047
  outer loop
  vertex -0.0663960129 0.0454978161 0.0147649385
  vertex -0.0664304271 0.0454753377 0.0147803407
  vertex -0.0663826317 0.0454949141 0.014787605
  endloop
 endfacet

 facet normal -0.39909482 0.828408718 0.393016994
  outer loop
  vertex -0.0663826317 0.0454949141 0.014787605
  vertex -0.0664304271 0.0454753377 0.0147803407
  vertex -0.0664151311 0.0454709865 0.0148050422
  endloop
 endfacet

 facet normal -0.391971558 0.826610208 0.403824031
  outer loop
  vertex -0.0663826317 0.0454949141 0.014787605
  vertex -0.0664151311 0.0454709865 0.0148050422
  vertex -0.0663979277 0.0454673618 0.0148291616
  endloop
 endfacet

 facet normal -0.379936308 0.829200208 0.409970105
  outer loop
  vertex -0.0663826317 0.0454949141 0.014787605
  vertex -0.0663979277 0.0454673618 0.0148291616
  vertex -0.0663673431 0.0454912893 0.0148091093
  endloop
 endfacet

 facet normal -0.369424999 0.827130675 0.423532933
  outer loop
  vertex -0.0663673431 0.0454912893 0.0148091093
  vertex -0.0663979277 0.0454673618 0.0148291616
  vertex -0.0663807243 0.0454637334 0.0148512479
  endloop
 endfacet

 facet normal -0.345510602 0.831898153 0.434244215
  outer loop
  vertex -0.0663673431 0.0454912893 0.0148091093
  vertex -0.0663807243 0.0454637334 0.0148512479
  vertex -0.0663501397 0.0454876646 0.0148297427
  endloop
 endfacet

 facet normal -0.278686404 0.879040658 0.386809438
  outer loop
  vertex -0.0663673431 0.0454912893 0.0148091093
  vertex -0.0663501397 0.0454876646 0.0148297427
  vertex -0.0663214624 0.045507241 0.014805913
  endloop
 endfacet

 facet normal -0.237541422 0.87111491 0.429805636
  outer loop
  vertex -0.0663214624 0.045507241 0.014805913
  vertex -0.0663501397 0.0454876646 0.0148297427
  vertex -0.066304259 0.0455036126 0.014822769
  endloop
 endfacet

 facet normal -0.0408309065 0.881635189 0.470161915
  outer loop
  vertex -0.0662067682 0.0455057882 0.0148407854
  vertex -0.0662430897 0.0455144905 0.0148213152
  vertex -0.0662488267 0.0454912893 0.0148643246
  endloop
 endfacet

 facet normal -0.0301299579 0.874171436 0.484681934
  outer loop
  vertex -0.0662067682 0.0455057882 0.0148407854
  vertex -0.0662488267 0.0454912893 0.0148643246
  vertex -0.0662278011 0.0454862118 0.0148747861
  endloop
 endfacet

 facet normal -0.028966181 0.873898625 0.485244572
  outer loop
  vertex -0.0662067682 0.0455057882 0.0148407854
  vertex -0.0662278011 0.0454862118 0.0148747861
  vertex -0.0661895648 0.0455021635 0.0148483412
  endloop
 endfacet

 facet normal 0.0291216932 0.854879081 0.518009424
  outer loop
  vertex -0.0661895648 0.0455021635 0.0148483412
  vertex -0.0661838353 0.0454767868 0.0148898978
  vertex -0.066170454 0.0454978161 0.0148544442
  endloop
 endfacet

 facet normal -0.00017670168 0.856401145 0.516311049
  outer loop
  vertex -0.0661895648 0.0455021635 0.0148483412
  vertex -0.0662278011 0.0454862118 0.0148747861
  vertex -0.0662048608 0.0454811379 0.0148832127
  endloop
 endfacet

 facet normal 0.0113632781 0.854100227 0.519984365
  outer loop
  vertex -0.0661895648 0.0455021635 0.0148483412
  vertex -0.0662048608 0.0454811379 0.0148832127
  vertex -0.0661838353 0.0454767868 0.0148898978
  endloop
 endfacet

 facet normal -0.141208142 0.899770617 0.412883997
  outer loop
  vertex -0.0662430897 0.0455144905 0.0148213152
  vertex -0.0662602931 0.0455173925 0.0148091093
  vertex -0.0662870556 0.0454999879 0.0148378797
  endloop
 endfacet

 facet normal -0.117344998 0.880477905 0.459335208
  outer loop
  vertex -0.0662430897 0.0455144905 0.0148213152
  vertex -0.0662870556 0.0454999879 0.0148378797
  vertex -0.0662488267 0.0454912893 0.0148643246
  endloop
 endfacet

 facet normal 0.0522945784 0.850143909 0.523947179
  outer loop
  vertex -0.066170454 0.0454978161 0.0148544442
  vertex -0.0661838353 0.0454767868 0.0148898978
  vertex -0.0657728463 0.0453847013 0.0149982916
  endloop
 endfacet

 facet normal 0.0591476336 0.857614994 0.510879576
  outer loop
  vertex -0.066170454 0.0454978161 0.0148544442
  vertex -0.0657728463 0.0453847013 0.0149982916
  vertex -0.0656256527 0.0453745499 0.0149982916
  endloop
 endfacet

 facet normal 0.0798113197 0.885936379 0.456888258
  outer loop
  vertex -0.066170454 0.0454978161 0.0148544442
  vertex -0.0656256527 0.0453745499 0.0149982916
  vertex -0.0654727295 0.0453607738 0.0149982916
  endloop
 endfacet

 facet normal -0.162320733 0.901538372 0.401099324
  outer loop
  vertex -0.0662736744 0.0455210172 0.0147960326
  vertex -0.066304259 0.0455036126 0.014822769
  vertex -0.0662870556 0.0454999879 0.0148378797
  endloop
 endfacet

 facet normal -0.151252285 0.901818395 0.404779345
  outer loop
  vertex -0.0662736744 0.0455210172 0.0147960326
  vertex -0.0662870556 0.0454999879 0.0148378797
  vertex -0.0662602931 0.0455173925 0.0148091093
  endloop
 endfacet

 facet normal 0.0982113034 -0.995165586 0
  outer loop
  vertex -0.048490379 0.0395094417 0.0149982916
  vertex -0.0618694276 0.0381890833 0.0149982916
  vertex -0.048490379 0.0395094417 0.0120295007
  endloop
 endfacet

 facet normal 0.0563684069 -0.981583595 -0.18252714
  outer loop
  vertex -0.048490379 0.0395094417 0.0120295007
  vertex -0.0618694276 0.0381890833 0.0149982916
  vertex -0.0623492301 0.0381615311 0.0149982916
  endloop
 endfacet

 facet normal 0.0141657097 -0.933693349 -0.35779348
  outer loop
  vertex -0.048490379 0.0395094417 0.0120295007
  vertex -0.0623492301 0.0381615311 0.0149982916
  vertex -0.0628271252 0.038154278 0.0149982916
  endloop
 endfacet

 facet normal -0.0185193382 -0.872750163 -0.487815827
  outer loop
  vertex -0.048490379 0.0395094417 0.0120295007
  vertex -0.0628271252 0.038154278 0.0149982916
  vertex -0.0633738339 0.0381658822 0.0149982916
  endloop
 endfacet

 facet normal -0.0376485027 -0.825923264 -0.56252414
  outer loop
  vertex -0.048490379 0.0395094417 0.0120295007
  vertex -0.0633738339 0.0381658822 0.0149982916
  vertex -0.0674837008 0.0390758477 0.0139373029
  endloop
 endfacet

 facet normal -0.0407249667 -0.807184219 -0.588893235
  outer loop
  vertex -0.048490379 0.0395094417 0.0120295007
  vertex -0.0674837008 0.0390758477 0.0139373029
  vertex -0.0674760491 0.0390968733 0.0139079532
  endloop
 endfacet

 facet normal -0.041319944 -0.803354681 -0.594065607
  outer loop
  vertex -0.048490379 0.0395094417 0.0120295007
  vertex -0.0674760491 0.0390968733 0.0139079532
  vertex -0.06746649 0.0391273275 0.013866106
  endloop
 endfacet

 facet normal -0.0440541767 -0.784614265 -0.618417144
  outer loop
  vertex -0.048490379 0.0395094417 0.0120295007
  vertex -0.06746649 0.0391273275 0.013866106
  vertex -0.0674512014 0.0391809829 0.0137969423
  endloop
 endfacet

 facet normal -0.0470208488 -0.761873424 -0.646017015
  outer loop
  vertex -0.048490379 0.0395094417 0.0120295007
  vertex -0.0674512014 0.0391809829 0.0137969423
  vertex -0.0674454644 0.0391991101 0.0137751475
  endloop
 endfacet

 facet normal -0.0499823317 -0.737227976 -0.673792839
  outer loop
  vertex -0.048490379 0.0395094417 0.0120295007
  vertex -0.0674454644 0.0391991101 0.0137751475
  vertex -0.0674569383 0.0393013433 0.0136641376
  endloop
 endfacet

 facet normal -0.0558374748 -0.676808953 -0.734037995
  outer loop
  vertex -0.048490379 0.0395094417 0.0120295007
  vertex -0.0674569383 0.0393013433 0.0136641376
  vertex -0.0674225241 0.0394267812 0.0135458624
  endloop
 endfacet

 facet normal -0.0607945584 -0.607304752 -0.792139649
  outer loop
  vertex -0.048490379 0.0395094417 0.0120295007
  vertex -0.0674225241 0.0394267812 0.0135458624
  vertex -0.0674263462 0.0395681709 0.0134377582
  endloop
 endfacet

 facet normal -0.0643148869 -0.534847856 -0.84249711
  outer loop
  vertex -0.048490379 0.0395094417 0.0120295007
  vertex -0.0674263462 0.0395681709 0.0134377582
  vertex -0.0673900321 0.0397102833 0.0133447656
  endloop
 endfacet

 facet normal -0.0665450022 -0.458495438 -0.886201859
  outer loop
  vertex -0.048490379 0.0395094417 0.0120295007
  vertex -0.0673900321 0.0397102833 0.0133447656
  vertex -0.0673498884 0.0398589261 0.0132648498
  endloop
 endfacet

 facet normal -0.0674845725 -0.378193736 -0.92326349
  outer loop
  vertex -0.048490379 0.0395094417 0.0120295007
  vertex -0.0673498884 0.0398589261 0.0132648498
  vertex -0.0673537105 0.0400220677 0.0131983021
  endloop
 endfacet

 facet normal -0.0672377795 -0.317779034 -0.945777833
  outer loop
  vertex -0.048490379 0.0395094417 0.0120295007
  vertex -0.0673537105 0.0400220677 0.0131983021
  vertex -0.0665737912 0.0433356464 0.0120295007
  endloop
 endfacet

 facet normal -0.231734246 0.862875462 0.449160516
  outer loop
  vertex -0.066304259 0.0455036126 0.014822769
  vertex -0.0663501397 0.0454876646 0.0148297427
  vertex -0.0663138181 0.0454789624 0.0148651963
  endloop
 endfacet

 facet normal -0.216248453 0.864557505 0.453626275
  outer loop
  vertex -0.066304259 0.0455036126 0.014822769
  vertex -0.0663138181 0.0454789624 0.0148651963
  vertex -0.0662870556 0.0454999879 0.0148378797
  endloop
 endfacet

 facet normal -0.575887859 0.817528725 -6.58269128e-05
  outer loop
  vertex -0.0664705709 0.0454847626 0.0120295007
  vertex -0.0665107071 0.045456484 0.0120295007
  vertex -0.066506885 0.045459386 0.0146126635
  endloop
 endfacet

 facet normal -0.572746098 0.819732904 0
  outer loop
  vertex -0.0664705709 0.0454847626 0.0120295007
  vertex -0.066506885 0.045459386 0.0146126635
  vertex -0.066506885 0.045459386 0.0146440482
  endloop
 endfacet

 facet normal -0.572746098 0.819732904 0
  outer loop
  vertex -0.0664705709 0.0454847626 0.0120295007
  vertex -0.066506885 0.045459386 0.0146440482
  vertex -0.0664705709 0.0454847626 0.0146126635
  endloop
 endfacet

 facet normal -0.560582757 0.827841401 0.0206319075
  outer loop
  vertex -0.0664705709 0.0454847626 0.0146126635
  vertex -0.066506885 0.045459386 0.0146440482
  vertex -0.0664705709 0.0454840362 0.0146417236
  endloop
 endfacet

 facet normal -0.555601597 0.826819062 0.0876197517
  outer loop
  vertex -0.0664705709 0.0454840362 0.0146417236
  vertex -0.066506885 0.045459386 0.0146440482
  vertex -0.0665030628 0.0454586595 0.0146751422
  endloop
 endfacet

 facet normal -0.535626948 0.836654365 0.114512354
  outer loop
  vertex -0.0664705709 0.0454840362 0.0146417236
  vertex -0.0665030628 0.0454586595 0.0146751422
  vertex -0.0664667413 0.0454825871 0.0146702025
  endloop
 endfacet

 facet normal -0.529764831 0.834917784 0.149202868
  outer loop
  vertex -0.0664667413 0.0454825871 0.0146702025
  vertex -0.0665030628 0.0454586595 0.0146751422
  vertex -0.0664610118 0.0454811379 0.0146986814
  endloop
 endfacet

 facet normal -0.541296422 0.820561409 0.183513433
  outer loop
  vertex -0.0664610118 0.0454811379 0.0146986814
  vertex -0.0665030628 0.0454586595 0.0146751422
  vertex -0.0664877743 0.0454550348 0.0147364596
  endloop
 endfacet

 facet normal -0.525357306 0.827191055 0.19938539
  outer loop
  vertex -0.0664610118 0.0454811379 0.0146986814
  vertex -0.0664877743 0.0454550348 0.0147364596
  vertex -0.0664514527 0.0454804115 0.0147268698
  endloop
 endfacet

 facet normal -0.506404757 0.822531641 0.258835673
  outer loop
  vertex -0.0664514527 0.0454804115 0.0147268698
  vertex -0.0664877743 0.0454550348 0.0147364596
  vertex -0.0664763004 0.0454528593 0.0147658102
  endloop
 endfacet

 facet normal -0.501602173 0.824139714 0.263038218
  outer loop
  vertex -0.0664514527 0.0454804115 0.0147268698
  vertex -0.0664763004 0.0454528593 0.0147658102
  vertex -0.0664418936 0.0454775132 0.0147541864
  endloop
 endfacet

 facet normal -0.492957592 0.822211444 0.284536809
  outer loop
  vertex -0.0664418936 0.0454775132 0.0147541864
  vertex -0.0664763004 0.0454528593 0.0147658102
  vertex -0.0664304271 0.0454753377 0.0147803407
  endloop
 endfacet

 facet normal -0.500024021 0.787122726 0.361128509
  outer loop
  vertex -0.0664304271 0.0454753377 0.0147803407
  vertex -0.0664763004 0.0454528593 0.0147658102
  vertex -0.0664476305 0.0454456098 0.0148213152
  endloop
 endfacet

 facet normal -0.42703563 0.807633579 0.406655431
  outer loop
  vertex -0.0664304271 0.0454753377 0.0147803407
  vertex -0.0664476305 0.0454456098 0.0148213152
  vertex -0.0664151311 0.0454709865 0.0148050422
  endloop
 endfacet

 facet normal -0.418703496 0.805323601 0.41969198
  outer loop
  vertex -0.0664151311 0.0454709865 0.0148050422
  vertex -0.0664476305 0.0454456098 0.0148213152
  vertex -0.0663979277 0.0454673618 0.0148291616
  endloop
 endfacet

 facet normal -0.418566048 0.804152012 0.422068894
  outer loop
  vertex -0.0663979277 0.0454673618 0.0148291616
  vertex -0.0664476305 0.0454456098 0.0148213152
  vertex -0.0664285123 0.0454419851 0.0148471789
  endloop
 endfacet

 facet normal -0.402140647 0.800369859 0.444624543
  outer loop
  vertex -0.0663979277 0.0454673618 0.0148291616
  vertex -0.0664285123 0.0454419851 0.0148471789
  vertex -0.0663807243 0.0454637334 0.0148512479
  endloop
 endfacet

 facet normal -0.30351913 0.821613312 0.482522398
  outer loop
  vertex -0.0663807243 0.0454637334 0.0148512479
  vertex -0.0663596988 0.045459386 0.0148718804
  vertex -0.0663501397 0.0454876646 0.0148297427
  endloop
 endfacet

 facet normal -0.399972141 0.792728841 0.460003585
  outer loop
  vertex -0.0663807243 0.0454637334 0.0148512479
  vertex -0.0664285123 0.0454419851 0.0148471789
  vertex -0.0664093941 0.045437634 0.0148712993
  endloop
 endfacet

 facet normal -0.347806424 0.780781209 0.519048691
  outer loop
  vertex -0.0663807243 0.0454637334 0.0148512479
  vertex -0.0664093941 0.045437634 0.0148712993
  vertex -0.0663596988 0.045459386 0.0148718804
  endloop
 endfacet

 facet normal -0.280728996 0.825217128 0.490110219
  outer loop
  vertex -0.0663501397 0.0454876646 0.0148297427
  vertex -0.0663596988 0.045459386 0.0148718804
  vertex -0.0663138181 0.0454789624 0.0148651963
  endloop
 endfacet

 facet normal -0.107710294 0.829837978 0.547510266
  outer loop
  vertex -0.0662488267 0.0454912893 0.0148643246
  vertex -0.0662698522 0.0454688109 0.0148942564
  vertex -0.0662469119 0.0454637334 0.0149064614
  endloop
 endfacet

 facet normal -0.0715669245 0.833315969 0.548144817
  outer loop
  vertex -0.0662488267 0.0454912893 0.0148643246
  vertex -0.0662469119 0.0454637334 0.0149064614
  vertex -0.0662278011 0.0454862118 0.0148747861
  endloop
 endfacet

 facet normal -0.152144596 0.852331042 0.500383794
  outer loop
  vertex -0.0662488267 0.0454912893 0.0148643246
  vertex -0.0662870556 0.0454999879 0.0148378797
  vertex -0.0662927926 0.0454738848 0.0148805976
  endloop
 endfacet

 facet normal -0.132998675 0.835135579 0.533722878
  outer loop
  vertex -0.0662488267 0.0454912893 0.0148643246
  vertex -0.0662927926 0.0454738848 0.0148805976
  vertex -0.0662698522 0.0454688109 0.0148942564
  endloop
 endfacet

 facet normal -0.0413177088 0.826433778 0.561515927
  outer loop
  vertex -0.0662278011 0.0454862118 0.0148747861
  vertex -0.0662469119 0.0454637334 0.0149064614
  vertex -0.0662220642 0.0454586595 0.0149157606
  endloop
 endfacet

 facet normal -0.0224904697 0.828159451 0.560041308
  outer loop
  vertex -0.0662278011 0.0454862118 0.0148747861
  vertex -0.0662220642 0.0454586595 0.0149157606
  vertex -0.0662048608 0.0454811379 0.0148832127
  endloop
 endfacet

 facet normal -0.008969469 0.825025737 0.565024018
  outer loop
  vertex -0.0661838353 0.0454767868 0.0148898978
  vertex -0.0662048608 0.0454811379 0.0148832127
  vertex -0.0662220642 0.0454586595 0.0149157606
  endloop
 endfacet

 facet normal 0.00670435559 0.814171672 0.580585599
  outer loop
  vertex -0.0661838353 0.0454767868 0.0148898978
  vertex -0.0662220642 0.0454586595 0.0149157606
  vertex -0.0661972165 0.0454528593 0.014923607
  endloop
 endfacet

 facet normal 0.0270185508 0.810057044 0.585728347
  outer loop
  vertex -0.0661838353 0.0454767868 0.0148898978
  vertex -0.0661972165 0.0454528593 0.014923607
  vertex -0.0657728463 0.0453847013 0.0149982916
  endloop
 endfacet

 facet normal -0.159877345 0.851736784 0.498982728
  outer loop
  vertex -0.0662870556 0.0454999879 0.0148378797
  vertex -0.0663138181 0.0454789624 0.0148651963
  vertex -0.0662927926 0.0454738848 0.0148805976
  endloop
 endfacet

 facet normal 0.0200415179 0.792586923 0.609429598
  outer loop
  vertex -0.0657728463 0.0453847013 0.0149982916
  vertex -0.0661972165 0.0454528593 0.014923607
  vertex -0.0659162104 0.045388326 0.0149982916
  endloop
 endfacet

 facet normal -0.0443982743 -0.836919427 -0.545522451
  outer loop
  vertex -0.0633738339 0.0381658822 0.0149982916
  vertex -0.0639205351 0.0381948836 0.0149982916
  vertex -0.0674989894 0.0390279926 0.0140114073
  endloop
 endfacet

 facet normal -0.0433718935 -0.835167766 -0.548282564
  outer loop
  vertex -0.0633738339 0.0381658822 0.0149982916
  vertex -0.0674989894 0.0390279926 0.0140114073
  vertex -0.0674837008 0.0390758477 0.0139373029
  endloop
 endfacet

 facet normal -0.0919222385 -0.827752233 -0.553512871
  outer loop
  vertex -0.0674837008 0.0390758477 0.0139373029
  vertex -0.0674989894 0.0390279926 0.0140114073
  vertex -0.0675219297 0.039081648 0.0139349783
  endloop
 endfacet

 facet normal -0.0859842151 -0.803085029 -0.589627981
  outer loop
  vertex -0.0674837008 0.0390758477 0.0139373029
  vertex -0.0675219297 0.039081648 0.0139349783
  vertex -0.0675085485 0.0391331278 0.0138629088
  endloop
 endfacet

 facet normal -0.0722100884 -0.801787794 -0.593230188
  outer loop
  vertex -0.0674837008 0.0390758477 0.0139373029
  vertex -0.0675085485 0.0391331278 0.0138629088
  vertex -0.0674760491 0.0390968733 0.0139079532
  endloop
 endfacet

 facet normal -0.0649369508 -0.799737692 -0.596827269
  outer loop
  vertex -0.0674760491 0.0390968733 0.0139079532
  vertex -0.0675085485 0.0391331278 0.0138629088
  vertex -0.06746649 0.0391273275 0.013866106
  endloop
 endfacet

 facet normal -0.06116914 -0.783970535 -0.617777109
  outer loop
  vertex -0.06746649 0.0391273275 0.013866106
  vertex -0.0675085485 0.0391331278 0.0138629088
  vertex -0.0674913451 0.0391860567 0.0137940366
  endloop
 endfacet

 facet normal -0.0541751198 -0.783125162 -0.619499803
  outer loop
  vertex -0.06746649 0.0391273275 0.013866106
  vertex -0.0674913451 0.0391860567 0.0137940366
  vertex -0.0674512014 0.0391809829 0.0137969423
  endloop
 endfacet

 facet normal -0.0494938567 -0.76145792 -0.646322131
  outer loop
  vertex -0.0674512014 0.0391809829 0.0137969423
  vertex -0.0674913451 0.0391860567 0.0137940366
  vertex -0.0674454644 0.0391991101 0.0137751475
  endloop
 endfacet

 facet normal -0.0669875294 -0.737366378 -0.672163367
  outer loop
  vertex -0.0674454644 0.0391991101 0.0137751475
  vertex -0.0674913451 0.0391860567 0.0137940366
  vertex -0.0674569383 0.0393013433 0.0136641376
  endloop
 endfacet

 facet normal -0.117691845 -0.727041781 -0.676431
  outer loop
  vertex -0.0674569383 0.0393013433 0.0136641376
  vertex -0.0674913451 0.0391860567 0.0137940366
  vertex -0.0674989894 0.0393100455 0.0136621036
  endloop
 endfacet

 facet normal -0.103190474 -0.6705634 -0.73464036
  outer loop
  vertex -0.0674569383 0.0393013433 0.0136641376
  vertex -0.0674989894 0.0393100455 0.0136621036
  vertex -0.0674626678 0.0394340307 0.0135438284
  endloop
 endfacet

 facet normal -0.083941184 -0.67132324 -0.736396015
  outer loop
  vertex -0.0674569383 0.0393013433 0.0136641376
  vertex -0.0674626678 0.0394340307 0.0135438284
  vertex -0.0674225241 0.0394267812 0.0135458624
  endloop
 endfacet

 facet normal -0.069547534 -0.607106686 -0.791571081
  outer loop
  vertex -0.0674225241 0.0394267812 0.0135458624
  vertex -0.0674626678 0.0394340307 0.0135438284
  vertex -0.0674263462 0.0395681709 0.0134377582
  endloop
 endfacet

 facet normal -0.132779762 -0.592400968 -0.794626057
  outer loop
  vertex -0.0674263462 0.0395681709 0.0134377582
  vertex -0.0674626678 0.0394340307 0.0135438284
  vertex -0.0674684048 0.0395775959 0.0134377582
  endloop
 endfacet

 facet normal -0.117143005 -0.522637069 -0.844469011
  outer loop
  vertex -0.0674263462 0.0395681709 0.0134377582
  vertex -0.0674684048 0.0395775959 0.0134377582
  vertex -0.0673900321 0.0397102833 0.0133447656
  endloop
 endfacet

 facet normal -0.125060201 -0.518815815 -0.845689237
  outer loop
  vertex -0.0673900321 0.0397102833 0.0133447656
  vertex -0.0674684048 0.0395775959 0.0134377582
  vertex -0.0674301758 0.0397204347 0.0133444751
  endloop
 endfacet

 facet normal -0.10792698 -0.452192366 -0.88536644
  outer loop
  vertex -0.0673900321 0.0397102833 0.0133447656
  vertex -0.0674301758 0.0397204347 0.0133444751
  vertex -0.0673919395 0.0398683511 0.0132642686
  endloop
 endfacet

 facet normal -0.0892405286 -0.452853173 -0.88710779
  outer loop
  vertex -0.0673900321 0.0397102833 0.0133447656
  vertex -0.0673919395 0.0398683511 0.0132642686
  vertex -0.0673498884 0.0398589261 0.0132648498
  endloop
 endfacet

 facet normal -0.0720044002 -0.378165096 -0.922933698
  outer loop
  vertex -0.0673498884 0.0398589261 0.0132648498
  vertex -0.0673919395 0.0398683511 0.0132642686
  vertex -0.0673537105 0.0400220677 0.0131983021
  endloop
 endfacet

 facet normal -0.155663341 -0.356611133 -0.92119348
  outer loop
  vertex -0.0673537105 0.0400220677 0.0131983021
  vertex -0.0673919395 0.0398683511 0.0132642686
  vertex -0.0673957616 0.0400336683 0.0132009173
  endloop
 endfacet

 facet normal -0.141645461 -0.300862819 -0.943089783
  outer loop
  vertex -0.0673537105 0.0400220677 0.0131983021
  vertex -0.0673957616 0.0400336683 0.0132009173
  vertex -0.0666884854 0.0433726273 0.0120295007
  endloop
 endfacet

 facet normal -0.126900271 -0.304154187 -0.944132745
  outer loop
  vertex -0.0673537105 0.0400220677 0.0131983021
  vertex -0.0666884854 0.0433726273 0.0120295007
  vertex -0.0666502565 0.0433566757 0.0120295007
  endloop
 endfacet

 facet normal -0.10003043 -0.310257941 -0.945374966
  outer loop
  vertex -0.0673537105 0.0400220677 0.0131983021
  vertex -0.0666502565 0.0433566757 0.0120295007
  vertex -0.0666120201 0.0433443487 0.0120295007
  endloop
 endfacet

 facet normal -0.0720655695 -0.316650778 -0.945800722
  outer loop
  vertex -0.0673537105 0.0400220677 0.0131983021
  vertex -0.0666120201 0.0433443487 0.0120295007
  vertex -0.0665737912 0.0433356464 0.0120295007
  endloop
 endfacet

 facet normal -0.211780638 0.804856181 0.55439657
  outer loop
  vertex -0.0663138181 0.0454789624 0.0148651963
  vertex -0.0663157329 0.0454492345 0.0149076246
  vertex -0.0662927926 0.0454738848 0.0148805976
  endloop
 endfacet

 facet normal -0.261052698 0.797484279 0.54393971
  outer loop
  vertex -0.0663138181 0.0454789624 0.0148651963
  vertex -0.0663596988 0.045459386 0.0148718804
  vertex -0.0663386658 0.045453582 0.014890478
  endloop
 endfacet

 facet normal -0.2575441 0.796762168 0.546663642
  outer loop
  vertex -0.0663138181 0.0454789624 0.0148651963
  vertex -0.0663386658 0.045453582 0.014890478
  vertex -0.0663157329 0.0454492345 0.0149076246
  endloop
 endfacet

 facet normal -0.604493558 0.796609998 0
  outer loop
  vertex -0.0665107071 0.045456484 0.0120295007
  vertex -0.066506885 0.045459386 0.0146440482
  vertex -0.066506885 0.045459386 0.0146126635
  endloop
 endfacet

 facet normal -0.634923518 0.772574961 -0.000144638034
  outer loop
  vertex -0.0665107071 0.045456484 0.0120295007
  vertex -0.0665336475 0.045437634 0.0120295007
  vertex -0.0665412918 0.0454318337 0.0146126635
  endloop
 endfacet

 facet normal -0.625089884 0.780552804 4.79313967e-05
  outer loop
  vertex -0.0665107071 0.045456484 0.0120295007
  vertex -0.0665412918 0.0454318337 0.0146126635
  vertex -0.066506885 0.045459386 0.0146440482
  endloop
 endfacet

 facet normal -0.661775827 0.746403396 0.0702480003
  outer loop
  vertex -0.066506885 0.045459386 0.0146440482
  vertex -0.0665412918 0.0454318337 0.0146126635
  vertex -0.0665393844 0.0454303809 0.0146460822
  endloop
 endfacet

 facet normal -0.661379099 0.746292353 0.0750035346
  outer loop
  vertex -0.066506885 0.045459386 0.0146440482
  vertex -0.0665393844 0.0454303809 0.0146460822
  vertex -0.0665355623 0.0454303809 0.0146797923
  endloop
 endfacet

 facet normal -0.6453982 0.757656634 0.0970445797
  outer loop
  vertex -0.066506885 0.045459386 0.0146440482
  vertex -0.0665355623 0.0454303809 0.0146797923
  vertex -0.0665030628 0.0454586595 0.0146751422
  endloop
 endfacet

 facet normal -0.630880713 0.754653871 0.180241674
  outer loop
  vertex -0.0665030628 0.0454586595 0.0146751422
  vertex -0.0665355623 0.0454303809 0.0146797923
  vertex -0.0665279105 0.0454289317 0.0147126308
  endloop
 endfacet

 facet normal -0.614346445 0.763693452 0.198370054
  outer loop
  vertex -0.0665030628 0.0454586595 0.0146751422
  vertex -0.0665279105 0.0454289317 0.0147126308
  vertex -0.0664877743 0.0454550348 0.0147364596
  endloop
 endfacet

 facet normal -0.624100804 0.745119989 0.235147774
  outer loop
  vertex -0.0664877743 0.0454550348 0.0147364596
  vertex -0.0665279105 0.0454289317 0.0147126308
  vertex -0.0665183589 0.0454267561 0.0147448871
  endloop
 endfacet

 facet normal -0.604911804 0.741099417 0.291296273
  outer loop
  vertex -0.0664877743 0.0454550348 0.0147364596
  vertex -0.0665183589 0.0454267561 0.0147448871
  vertex -0.0664763004 0.0454528593 0.0147658102
  endloop
 endfacet

 facet normal -0.606963336 0.73435998 0.303827494
  outer loop
  vertex -0.0664763004 0.0454528593 0.0147658102
  vertex -0.0665183589 0.0454267561 0.0147448871
  vertex -0.066506885 0.0454231314 0.0147765633
  endloop
 endfacet

 facet normal -0.600648522 0.733244598 0.318706393
  outer loop
  vertex -0.0664763004 0.0454528593 0.0147658102
  vertex -0.066506885 0.0454231314 0.0147765633
  vertex -0.0664935037 0.0454209559 0.0148067847
  endloop
 endfacet

 facet normal -0.528055847 0.763161838 0.372479618
  outer loop
  vertex -0.0664763004 0.0454528593 0.0147658102
  vertex -0.0664935037 0.0454209559 0.0148067847
  vertex -0.0664476305 0.0454456098 0.0148213152
  endloop
 endfacet

 facet normal -0.529212117 0.735299945 0.423401326
  outer loop
  vertex -0.0664476305 0.0454456098 0.0148213152
  vertex -0.0664935037 0.0454209559 0.0148067847
  vertex -0.0664763004 0.0454166047 0.0148358457
  endloop
 endfacet

 facet normal -0.511763334 0.731586456 0.450421691
  outer loop
  vertex -0.0664476305 0.0454456098 0.0148213152
  vertex -0.0664763004 0.0454166047 0.0148358457
  vertex -0.0664571896 0.04541298 0.0148634529
  endloop
 endfacet

 facet normal -0.486381441 0.740795135 0.463309675
  outer loop
  vertex -0.0664476305 0.0454456098 0.0148213152
  vertex -0.0664571896 0.04541298 0.0148634529
  vertex -0.0664285123 0.0454419851 0.0148471789
  endloop
 endfacet

 facet normal -0.46077776 0.734803081 0.497743249
  outer loop
  vertex -0.0664285123 0.0454419851 0.0148471789
  vertex -0.0664571896 0.04541298 0.0148634529
  vertex -0.0664093941 0.045437634 0.0148712993
  endloop
 endfacet

 facet normal -0.345282733 0.774730802 0.529690623
  outer loop
  vertex -0.0663596988 0.045459386 0.0148718804
  vertex -0.0664093941 0.045437634 0.0148712993
  vertex -0.0663864613 0.0454325564 0.0148936762
  endloop
 endfacet

 facet normal -0.307441235 0.765670776 0.565002799
  outer loop
  vertex -0.0663596988 0.045459386 0.0148718804
  vertex -0.0663864613 0.0454325564 0.0148936762
  vertex -0.0663635209 0.0454267561 0.0149140172
  endloop
 endfacet

 facet normal -0.29113847 0.769019961 0.569075346
  outer loop
  vertex -0.0663596988 0.045459386 0.0148718804
  vertex -0.0663635209 0.0454267561 0.0149140172
  vertex -0.0663386658 0.045453582 0.014890478
  endloop
 endfacet

 facet normal -0.457565129 0.721664131 0.519456506
  outer loop
  vertex -0.0664093941 0.045437634 0.0148712993
  vertex -0.0664571896 0.04541298 0.0148634529
  vertex -0.0664361566 0.0454079024 0.0148890261
  endloop
 endfacet

 facet normal -0.42578125 0.71440953 0.555274129
  outer loop
  vertex -0.0664093941 0.045437634 0.0148712993
  vertex -0.0664361566 0.0454079024 0.0148890261
  vertex -0.0664132237 0.0454028286 0.0149131455
  endloop
 endfacet

 facet normal -0.392482609 0.724457681 0.56667316
  outer loop
  vertex -0.0664093941 0.045437634 0.0148712993
  vertex -0.0664132237 0.0454028286 0.0149131455
  vertex -0.0663864613 0.0454325564 0.0148936762
  endloop
 endfacet

 facet normal -0.165954694 0.800328612 0.57613647
  outer loop
  vertex -0.0662698522 0.0454688109 0.0148942564
  vertex -0.0662927926 0.0454738848 0.0148805976
  vertex -0.0662908778 0.045444157 0.0149224447
  endloop
 endfacet

 facet normal -0.138811588 0.794454932 0.591246843
  outer loop
  vertex -0.0662698522 0.0454688109 0.0148942564
  vertex -0.0662908778 0.045444157 0.0149224447
  vertex -0.0662469119 0.0454637334 0.0149064614
  endloop
 endfacet

 facet normal -0.0777601227 0.772934556 0.629702806
  outer loop
  vertex -0.0662469119 0.0454637334 0.0149064614
  vertex -0.0662392676 0.0454318337 0.014946565
  vertex -0.0662220642 0.0454586595 0.0149157606
  endloop
 endfacet

 facet normal -0.124709442 0.780357361 0.612772346
  outer loop
  vertex -0.0662469119 0.0454637334 0.0149064614
  vertex -0.0662908778 0.045444157 0.0149224447
  vertex -0.0662660301 0.045437634 0.0149358129
  endloop
 endfacet

 facet normal -0.0859823748 0.771630287 0.630233049
  outer loop
  vertex -0.0662469119 0.0454637334 0.0149064614
  vertex -0.0662660301 0.045437634 0.0149358129
  vertex -0.0662392676 0.0454318337 0.014946565
  endloop
 endfacet

 facet normal -0.179995015 0.798012674 0.575132549
  outer loop
  vertex -0.0662927926 0.0454738848 0.0148805976
  vertex -0.0663157329 0.0454492345 0.0149076246
  vertex -0.0662908778 0.045444157 0.0149224447
  endloop
 endfacet

 facet normal -0.0269095674 0.761237025 0.647915363
  outer loop
  vertex -0.0662220642 0.0454586595 0.0149157606
  vertex -0.0662392676 0.0454318337 0.014946565
  vertex -0.0661972165 0.0454528593 0.014923607
  endloop
 endfacet

 facet normal -0.0167156588 0.752399802 0.658494651
  outer loop
  vertex -0.0661972165 0.0454528593 0.014923607
  vertex -0.0662392676 0.0454318337 0.014946565
  vertex -0.0662125051 0.045425307 0.0149547011
  endloop
 endfacet

 facet normal -0.00665210141 0.750043035 0.661355734
  outer loop
  vertex -0.0661972165 0.0454528593 0.014923607
  vertex -0.0662125051 0.045425307 0.0149547011
  vertex -0.066048108 0.045388326 0.0149982916
  endloop
 endfacet

 facet normal 0 0.756667793 0.653799534
  outer loop
  vertex -0.0661972165 0.0454528593 0.014923607
  vertex -0.066048108 0.045388326 0.0149982916
  vertex -0.0659162104 0.045388326 0.0149982916
  endloop
 endfacet

 facet normal -0.0728728026 -0.87826705 -0.472584963
  outer loop
  vertex -0.0639205351 0.0381948836 0.0149982916
  vertex -0.0645322427 0.038245637 0.0149982916
  vertex -0.0675276592 0.0389417075 0.0141665889
  endloop
 endfacet

 facet normal -0.0701990053 -0.874176264 -0.480508029
  outer loop
  vertex -0.0639205351 0.0381948836 0.0149982916
  vertex -0.0675276592 0.0389417075 0.0141665889
  vertex -0.067514278 0.0389837623 0.0140881259
  endloop
 endfacet

 facet normal -0.0653631538 -0.867236614 -0.493587226
  outer loop
  vertex -0.0639205351 0.0381948836 0.0149982916
  vertex -0.067514278 0.0389837623 0.0140881259
  vertex -0.0675066337 0.0390055142 0.0140488949
  endloop
 endfacet

 facet normal -0.0543722771 -0.851444602 -0.521618485
  outer loop
  vertex -0.0639205351 0.0381948836 0.0149982916
  vertex -0.0675066337 0.0390055142 0.0140488949
  vertex -0.0674989894 0.0390279926 0.0140114073
  endloop
 endfacet

 facet normal -0.110183388 -0.84234947 -0.527548194
  outer loop
  vertex -0.0674989894 0.0390279926 0.0140114073
  vertex -0.0675066337 0.0390055142 0.0140488949
  vertex -0.0675391331 0.0390345156 0.0140093723
  endloop
 endfacet

 facet normal -0.106824182 -0.828563571 -0.549610019
  outer loop
  vertex -0.0674989894 0.0390279926 0.0140114073
  vertex -0.0675391331 0.0390345156 0.0140093723
  vertex -0.0675219297 0.039081648 0.0139349783
  endloop
 endfacet

 facet normal -0.161248818 -0.816413045 -0.554498494
  outer loop
  vertex -0.0675219297 0.039081648 0.0139349783
  vertex -0.0675391331 0.0390345156 0.0140093723
  vertex -0.0675639808 0.0390903465 0.0139343971
  endloop
 endfacet

 facet normal -0.155804798 -0.792452276 -0.589698553
  outer loop
  vertex -0.0675219297 0.039081648 0.0139349783
  vertex -0.0675639808 0.0390903465 0.0139343971
  vertex -0.0675467774 0.0391403772 0.0138626192
  endloop
 endfacet

 facet normal -0.145715475 -0.792037606 -0.592826843
  outer loop
  vertex -0.0675219297 0.039081648 0.0139349783
  vertex -0.0675467774 0.0391403772 0.0138626192
  vertex -0.0675085485 0.0391331278 0.0138629088
  endloop
 endfacet

 facet normal -0.140851155 -0.767680347 -0.625162184
  outer loop
  vertex -0.0675085485 0.0391331278 0.0138629088
  vertex -0.0675467774 0.0391403772 0.0138626192
  vertex -0.0674913451 0.0391860567 0.0137940366
  endloop
 endfacet

 facet normal -0.143414617 -0.766277313 -0.626299739
  outer loop
  vertex -0.0674913451 0.0391860567 0.0137940366
  vertex -0.0675467774 0.0391403772 0.0138626192
  vertex -0.0675314888 0.039194759 0.0137925837
  endloop
 endfacet

 facet normal -0.132950783 -0.726076007 -0.674638987
  outer loop
  vertex -0.0674913451 0.0391860567 0.0137940366
  vertex -0.0675314888 0.039194759 0.0137925837
  vertex -0.0674989894 0.0393100455 0.0136621036
  endloop
 endfacet

 facet normal -0.158544153 -0.656799555 -0.737209678
  outer loop
  vertex -0.0674989894 0.0393100455 0.0136621036
  vertex -0.0675047264 0.0394441821 0.0135438284
  vertex -0.0674626678 0.0394340307 0.0135438284
  endloop
 endfacet

 facet normal -0.186920747 -0.712619662 -0.676190734
  outer loop
  vertex -0.0674989894 0.0393100455 0.0136621036
  vertex -0.0675314888 0.039194759 0.0137925837
  vertex -0.0675391331 0.0393194705 0.0136632659
  endloop
 endfacet

 facet normal -0.175165877 -0.655337095 -0.734745085
  outer loop
  vertex -0.0674989894 0.0393100455 0.0136621036
  vertex -0.0675391331 0.0393194705 0.0136632659
  vertex -0.0675047264 0.0394441821 0.0135438284
  endloop
 endfacet

 facet normal -0.142860517 -0.591827095 -0.793304205
  outer loop
  vertex -0.0674626678 0.0394340307 0.0135438284
  vertex -0.0675047264 0.0394441821 0.0135438284
  vertex -0.0674684048 0.0395775959 0.0134377582
  endloop
 endfacet

 facet normal -0.232238978 -0.565794349 -0.791164875
  outer loop
  vertex -0.0674684048 0.0395775959 0.0134377582
  vertex -0.0675047264 0.0394441821 0.0135438284
  vertex -0.0675448701 0.0394557826 0.0135473162
  endloop
 endfacet

 facet normal -0.232255757 -0.565785289 -0.791166484
  outer loop
  vertex -0.0674684048 0.0395775959 0.0134377582
  vertex -0.0675448701 0.0394557826 0.0135473162
  vertex -0.0675085485 0.0395891964 0.013441246
  endloop
 endfacet

 facet normal -0.217716664 -0.501621127 -0.837242961
  outer loop
  vertex -0.0674684048 0.0395775959 0.0134377582
  vertex -0.0675085485 0.0395891964 0.013441246
  vertex -0.0674722269 0.0397305861 0.0133470902
  endloop
 endfacet

 facet normal -0.174513742 -0.505230606 -0.845155001
  outer loop
  vertex -0.0674684048 0.0395775959 0.0134377582
  vertex -0.0674722269 0.0397305861 0.0133470902
  vertex -0.0674301758 0.0397204347 0.0133444751
  endloop
 endfacet

 facet normal -0.160741657 -0.438050926 -0.884462297
  outer loop
  vertex -0.0674301758 0.0397204347 0.0133444751
  vertex -0.0674722269 0.0397305861 0.0133470902
  vertex -0.0673919395 0.0398683511 0.0132642686
  endloop
 endfacet

 facet normal -0.178192243 -0.428641915 -0.885727823
  outer loop
  vertex -0.0673919395 0.0398683511 0.0132642686
  vertex -0.0674722269 0.0397305861 0.0133470902
  vertex -0.067433998 0.0398792252 0.0132674659
  endloop
 endfacet

 facet normal -0.162121058 -0.356369346 -0.920172632
  outer loop
  vertex -0.0673919395 0.0398683511 0.0132642686
  vertex -0.067433998 0.0398792252 0.0132674659
  vertex -0.0673957616 0.0400336683 0.0132009173
  endloop
 endfacet

 facet normal -0.226246595 -0.337689966 -0.913661897
  outer loop
  vertex -0.0673957616 0.0400336683 0.0132009173
  vertex -0.067433998 0.0398792252 0.0132674659
  vertex -0.0674378201 0.0400445424 0.0132073117
  endloop
 endfacet

 facet normal -0.21534501 -0.283251435 -0.934556127
  outer loop
  vertex -0.0673957616 0.0400336683 0.0132009173
  vertex -0.0674378201 0.0400445424 0.0132073117
  vertex -0.0667592138 0.0434146784 0.0120295007
  endloop
 endfacet

 facet normal -0.186247259 -0.29015851 -0.938679934
  outer loop
  vertex -0.0673957616 0.0400336683 0.0132009173
  vertex -0.0667592138 0.0434146784 0.0120295007
  vertex -0.0667343661 0.0433987305 0.0120295007
  endloop
 endfacet

 facet normal -0.16760096 -0.294567943 -0.940818667
  outer loop
  vertex -0.0673957616 0.0400336683 0.0132009173
  vertex -0.0667343661 0.0433987305 0.0120295007
  vertex -0.0666884854 0.0433726273 0.0120295007
  endloop
 endfacet

 facet normal -0.284083426 0.767449319 0.574733138
  outer loop
  vertex -0.0663157329 0.0454492345 0.0149076246
  vertex -0.0663386658 0.045453582 0.014890478
  vertex -0.0663635209 0.0454267561 0.0149140172
  endloop
 endfacet

 facet normal -0.278381199 0.759192705 0.588328481
  outer loop
  vertex -0.0663157329 0.0454492345 0.0149076246
  vertex -0.0663635209 0.0454267561 0.0149140172
  vertex -0.0663386658 0.0454216823 0.014932326
  endloop
 endfacet

 facet normal -0.221522868 0.746697545 0.627192616
  outer loop
  vertex -0.0663157329 0.0454492345 0.0149076246
  vertex -0.0663386658 0.0454216823 0.014932326
  vertex -0.0662908778 0.045444157 0.0149224447
  endloop
 endfacet

 facet normal -0.67320025 0.739460111 -0.000332284428
  outer loop
  vertex -0.0665336475 0.045437634 0.0120295007
  vertex -0.0665432066 0.0454289317 0.0120295007
  vertex -0.0665412918 0.0454318337 0.0146126635
  endloop
 endfacet

 facet normal -0.688079476 0.725635231 -0.00030574869
  outer loop
  vertex -0.0665412918 0.0454318337 0.0146126635
  vertex -0.0665432066 0.0454289317 0.0120295007
  vertex -0.0665661469 0.0454071797 0.0120295007
  endloop
 endfacet

 facet normal -0.713864207 0.700284183 0.000184234697
  outer loop
  vertex -0.0665412918 0.0454318337 0.0146126635
  vertex -0.0665661469 0.0454071797 0.0120295007
  vertex -0.0665718839 0.045400653 0.0146126635
  endloop
 endfacet

 facet normal -0.713335931 0.699766099 0.0384591743
  outer loop
  vertex -0.0665412918 0.0454318337 0.0146126635
  vertex -0.0665718839 0.045400653 0.0146126635
  vertex -0.0665699691 0.045400653 0.0146481162
  endloop
 endfacet

 facet normal -0.692811787 0.717637062 0.0707746223
  outer loop
  vertex -0.0665412918 0.0454318337 0.0146126635
  vertex -0.0665699691 0.045400653 0.0146481162
  vertex -0.0665393844 0.0454303809 0.0146460822
  endloop
 endfacet

 facet normal -0.692144215 0.717478514 0.0784924552
  outer loop
  vertex -0.0665393844 0.0454303809 0.0146460822
  vertex -0.0665699691 0.045400653 0.0146481162
  vertex -0.0665355623 0.0454303809 0.0146797923
  endloop
 endfacet

 facet normal -0.703588128 0.70286113 0.104642183
  outer loop
  vertex -0.0665355623 0.0454303809 0.0146797923
  vertex -0.0665699691 0.045400653 0.0146481162
  vertex -0.0665661469 0.0453992039 0.0146835698
  endloop
 endfacet

 facet normal -0.688999891 0.699053645 0.191319555
  outer loop
  vertex -0.0665355623 0.0454303809 0.0146797923
  vertex -0.0665661469 0.0453992039 0.0146835698
  vertex -0.0665279105 0.0454289317 0.0147126308
  endloop
 endfacet

 facet normal -0.690063298 0.69704926 0.19476895
  outer loop
  vertex -0.0665279105 0.0454289317 0.0147126308
  vertex -0.0665661469 0.0453992039 0.0146835698
  vertex -0.0665585026 0.0453970283 0.0147184422
  endloop
 endfacet

 facet normal -0.683377445 0.695561409 0.221787795
  outer loop
  vertex -0.0665279105 0.0454289317 0.0147126308
  vertex -0.0665585026 0.0453970283 0.0147184422
  vertex -0.0665489435 0.0453955792 0.014752442
  endloop
 endfacet

 facet normal -0.662103236 0.708597302 0.243945047
  outer loop
  vertex -0.0665279105 0.0454289317 0.0147126308
  vertex -0.0665489435 0.0453955792 0.014752442
  vertex -0.0665183589 0.0454267561 0.0147448871
  endloop
 endfacet

 facet normal -0.639370859 0.702775717 0.311947525
  outer loop
  vertex -0.0665183589 0.0454267561 0.0147448871
  vertex -0.0665489435 0.0453955792 0.014752442
  vertex -0.066506885 0.0454231314 0.0147765633
  endloop
 endfacet

 facet normal -0.64279443 0.690245569 0.332229614
  outer loop
  vertex -0.066506885 0.0454231314 0.0147765633
  vertex -0.0665489435 0.0453955792 0.014752442
  vertex -0.0665355623 0.0453919545 0.0147858616
  endloop
 endfacet

 facet normal -0.642071843 0.690091729 0.333941877
  outer loop
  vertex -0.066506885 0.0454231314 0.0147765633
  vertex -0.0665355623 0.0453919545 0.0147858616
  vertex -0.0664935037 0.0454209559 0.0148067847
  endloop
 endfacet

 facet normal -0.64365381 0.680080354 0.350999147
  outer loop
  vertex -0.0664935037 0.0454209559 0.0148067847
  vertex -0.0665355623 0.0453919545 0.0147858616
  vertex -0.0665202662 0.0453897789 0.0148181189
  endloop
 endfacet

 facet normal -0.597808361 0.672013223 0.437062263
  outer loop
  vertex -0.0664935037 0.0454209559 0.0148067847
  vertex -0.0665202662 0.0453897789 0.0148181189
  vertex -0.0665030628 0.0453854278 0.0148483412
  endloop
 endfacet

 facet normal -0.582603812 0.679066062 0.446589559
  outer loop
  vertex -0.0664935037 0.0454209559 0.0148067847
  vertex -0.0665030628 0.0453854278 0.0148483412
  vertex -0.0664763004 0.0454166047 0.0148358457
  endloop
 endfacet

 facet normal -0.56785363 0.675774753 0.469968736
  outer loop
  vertex -0.0664763004 0.0454166047 0.0148358457
  vertex -0.0665030628 0.0453854278 0.0148483412
  vertex -0.0664839447 0.0453810766 0.0148776919
  endloop
 endfacet

 facet normal -0.557818055 0.68020463 0.475563616
  outer loop
  vertex -0.0664763004 0.0454166047 0.0148358457
  vertex -0.0664839447 0.0453810766 0.0148776919
  vertex -0.0664571896 0.04541298 0.0148634529
  endloop
 endfacet

 facet normal -0.504600167 0.667627454 0.547405124
  outer loop
  vertex -0.0664571896 0.04541298 0.0148634529
  vertex -0.0664839447 0.0453810766 0.0148776919
  vertex -0.0664361566 0.0454079024 0.0148890261
  endloop
 endfacet

 facet normal -0.354484767 0.71431011 0.603408337
  outer loop
  vertex -0.0663864613 0.0454325564 0.0148936762
  vertex -0.0664132237 0.0454028286 0.0149131455
  vertex -0.0663635209 0.0454267561 0.0149140172
  endloop
 endfacet

 facet normal -0.350038946 0.704569519 0.617296159
  outer loop
  vertex -0.0663635209 0.0454267561 0.0149140172
  vertex -0.0664132237 0.0454028286 0.0149131455
  vertex -0.0663864613 0.0453970283 0.0149349412
  endloop
 endfacet

 facet normal -0.325911283 0.69927913 0.636231601
  outer loop
  vertex -0.0663635209 0.0454267561 0.0149140172
  vertex -0.0663864613 0.0453970283 0.0149349412
  vertex -0.0663386658 0.0454216823 0.014932326
  endloop
 endfacet

 facet normal -0.503812969 0.664131939 0.552359641
  outer loop
  vertex -0.0664361566 0.0454079024 0.0148890261
  vertex -0.0664839447 0.0453810766 0.0148776919
  vertex -0.0664610118 0.0453760028 0.0149047179
  endloop
 endfacet

 facet normal -0.472415268 0.656978786 0.587539554
  outer loop
  vertex -0.0664361566 0.0454079024 0.0148890261
  vertex -0.0664610118 0.0453760028 0.0149047179
  vertex -0.0664132237 0.0454028286 0.0149131455
  endloop
 endfacet

 facet normal -0.391717881 0.647815585 0.653369844
  outer loop
  vertex -0.0664132237 0.0454028286 0.0149131455
  vertex -0.0664093941 0.0453643985 0.0149535397
  vertex -0.0663864613 0.0453970283 0.0149349412
  endloop
 endfacet

 facet normal -0.464419216 0.632607341 0.619776368
  outer loop
  vertex -0.0664132237 0.0454028286 0.0149131455
  vertex -0.0664610118 0.0453760028 0.0149047179
  vertex -0.0664361566 0.0453694761 0.0149300005
  endloop
 endfacet

 facet normal -0.443360507 0.628083944 0.639485717
  outer loop
  vertex -0.0664132237 0.0454028286 0.0149131455
  vertex -0.0664361566 0.0453694761 0.0149300005
  vertex -0.0664093941 0.0453643985 0.0149535397
  endloop
 endfacet

 facet normal -0.212455601 0.73484993 0.644094884
  outer loop
  vertex -0.0662908778 0.045444157 0.0149224447
  vertex -0.0663386658 0.0454216823 0.014932326
  vertex -0.0663119033 0.0454151556 0.014948599
  endloop
 endfacet

 facet normal -0.185556933 0.728842378 0.659058034
  outer loop
  vertex -0.0662908778 0.045444157 0.0149224447
  vertex -0.0663119033 0.0454151556 0.014948599
  vertex -0.0662851483 0.0454093553 0.0149625475
  endloop
 endfacet

 facet normal -0.16232723 0.733622551 0.659884691
  outer loop
  vertex -0.0662908778 0.045444157 0.0149224447
  vertex -0.0662851483 0.0454093553 0.0149625475
  vertex -0.0662660301 0.045437634 0.0149358129
  endloop
 endfacet

 facet normal -0.11693804 0.722894609 0.680991113
  outer loop
  vertex -0.0662392676 0.0454318337 0.014946565
  vertex -0.0662660301 0.045437634 0.0149358129
  vertex -0.0662851483 0.0454093553 0.0149625475
  endloop
 endfacet

 facet normal -0.113921478 0.719585121 0.68499577
  outer loop
  vertex -0.0662392676 0.0454318337 0.014946565
  vertex -0.0662851483 0.0454093553 0.0149625475
  vertex -0.066256471 0.0454028286 0.0149741722
  endloop
 endfacet

 facet normal -0.0446163826 0.702523589 0.71026057
  outer loop
  vertex -0.0662392676 0.0454318337 0.014946565
  vertex -0.066256471 0.0454028286 0.0149741722
  vertex -0.0662125051 0.045425307 0.0149547011
  endloop
 endfacet

 facet normal -0.0386120938 0.700268388 0.712834716
  outer loop
  vertex -0.0662125051 0.045425307 0.0149547011
  vertex -0.0662258863 0.0453955792 0.01498318
  vertex -0.066170454 0.0453832522 0.0149982916
  endloop
 endfacet

 facet normal -0.0292541906 0.705118537 0.708485782
  outer loop
  vertex -0.0662125051 0.045425307 0.0149547011
  vertex -0.066170454 0.0453832522 0.0149982916
  vertex -0.066048108 0.045388326 0.0149982916
  endloop
 endfacet

 facet normal -0.0433581434 0.701233387 0.711612225
  outer loop
  vertex -0.0662125051 0.045425307 0.0149547011
  vertex -0.066256471 0.0454028286 0.0149741722
  vertex -0.0662258863 0.0453955792 0.01498318
  endloop
 endfacet

 facet normal -0.0984787717 -0.910117269 -0.40247795
  outer loop
  vertex -0.0645322427 0.038245637 0.0149982916
  vertex -0.065142028 0.0383116193 0.0149982916
  vertex -0.0675410405 0.0389032774 0.0142473765
  endloop
 endfacet

 facet normal -0.0857396573 -0.894130886 -0.439521044
  outer loop
  vertex -0.0645322427 0.038245637 0.0149982916
  vertex -0.0675410405 0.0389032774 0.0142473765
  vertex -0.0675276592 0.0389417075 0.0141665889
  endloop
 endfacet

 facet normal -0.10948427 -0.890454769 -0.441705346
  outer loop
  vertex -0.0675276592 0.0389417075 0.0141665889
  vertex -0.0675410405 0.0389032774 0.0142473765
  vertex -0.067567803 0.0389475077 0.0141648445
  endloop
 endfacet

 facet normal -0.104566202 -0.869018197 -0.483604431
  outer loop
  vertex -0.0675276592 0.0389417075 0.0141665889
  vertex -0.067567803 0.0389475077 0.0141648445
  vertex -0.067514278 0.0389837623 0.0140881259
  endloop
 endfacet

 facet normal -0.105991498 -0.868442953 -0.484327018
  outer loop
  vertex -0.067514278 0.0389837623 0.0140881259
  vertex -0.067567803 0.0389475077 0.0141648445
  vertex -0.0675525144 0.0389895625 0.014086091
  endloop
 endfacet

 facet normal -0.104158208 -0.861059189 -0.497722924
  outer loop
  vertex -0.067514278 0.0389837623 0.0140881259
  vertex -0.0675525144 0.0389895625 0.014086091
  vertex -0.0675066337 0.0390055142 0.0140488949
  endloop
 endfacet

 facet normal -0.125559956 -0.846255183 -0.517771125
  outer loop
  vertex -0.0675066337 0.0390055142 0.0140488949
  vertex -0.0675525144 0.0389895625 0.014086091
  vertex -0.0675391331 0.0390345156 0.0140093723
  endloop
 endfacet

 facet normal -0.173703164 -0.836160362 -0.520252943
  outer loop
  vertex -0.0675391331 0.0390345156 0.0140093723
  vertex -0.0675525144 0.0389895625 0.014086091
  vertex -0.0675792769 0.0390432179 0.0140087912
  endloop
 endfacet

 facet normal -0.168987811 -0.816528022 -0.552019119
  outer loop
  vertex -0.0675391331 0.0390345156 0.0140093723
  vertex -0.0675792769 0.0390432179 0.0140087912
  vertex -0.0675639808 0.0390903465 0.0139343971
  endloop
 endfacet

 facet normal -0.233234406 -0.799065232 -0.5541628
  outer loop
  vertex -0.0675639808 0.0390903465 0.0139343971
  vertex -0.0675792769 0.0390432179 0.0140087912
  vertex -0.0676022172 0.039100498 0.0139358509
  endloop
 endfacet

 facet normal -0.227933809 -0.773834586 -0.590953708
  outer loop
  vertex -0.0675639808 0.0390903465 0.0139343971
  vertex -0.0676022172 0.039100498 0.0139358509
  vertex -0.0675869212 0.039151255 0.01386349
  endloop
 endfacet

 facet normal -0.222548097 -0.773976326 -0.592817903
  outer loop
  vertex -0.0675639808 0.0390903465 0.0139343971
  vertex -0.0675869212 0.039151255 0.01386349
  vertex -0.0675467774 0.0391403772 0.0138626192
  endloop
 endfacet

 facet normal -0.217396706 -0.752666414 -0.621475637
  outer loop
  vertex -0.0675467774 0.0391403772 0.0138626192
  vertex -0.0675869212 0.039151255 0.01386349
  vertex -0.0675716326 0.039204184 0.0137940366
  endloop
 endfacet

 facet normal -0.199406043 -0.752424538 -0.62776953
  outer loop
  vertex -0.0675467774 0.0391403772 0.0138626192
  vertex -0.0675716326 0.039204184 0.0137940366
  vertex -0.0675314888 0.039194759 0.0137925837
  endloop
 endfacet

 facet normal -0.191662401 -0.712100625 -0.675409734
  outer loop
  vertex -0.0675314888 0.039194759 0.0137925837
  vertex -0.0675716326 0.039204184 0.0137940366
  vertex -0.0675391331 0.0393194705 0.0136632659
  endloop
 endfacet

 facet normal -0.246858656 -0.633871675 -0.732985377
  outer loop
  vertex -0.0675047264 0.0394441821 0.0135438284
  vertex -0.0675391331 0.0393194705 0.0136632659
  vertex -0.0675448701 0.0394557826 0.0135473162
  endloop
 endfacet

 facet normal -0.265392274 -0.689554811 -0.673855484
  outer loop
  vertex -0.0675391331 0.0393194705 0.0136632659
  vertex -0.0675716326 0.039204184 0.0137940366
  vertex -0.0675792769 0.0393317975 0.0136664622
  endloop
 endfacet

 facet normal -0.252648532 -0.633044422 -0.731726408
  outer loop
  vertex -0.0675391331 0.0393194705 0.0136632659
  vertex -0.0675792769 0.0393317975 0.0136664622
  vertex -0.0675448701 0.0394557826 0.0135473162
  endloop
 endfacet

 facet normal -0.274713367 -0.483069271 -0.831370354
  outer loop
  vertex -0.0675085485 0.0395891964 0.013441246
  vertex -0.0675123706 0.0397429131 0.0133531932
  vertex -0.0674722269 0.0397305861 0.0133470902
  endloop
 endfacet

 facet normal -0.291148722 -0.54554987 -0.785880268
  outer loop
  vertex -0.0675085485 0.0395891964 0.013441246
  vertex -0.0675448701 0.0394557826 0.0135473162
  vertex -0.0675486922 0.0396022499 0.0134470575
  endloop
 endfacet

 facet normal -0.277224779 -0.482757747 -0.830717444
  outer loop
  vertex -0.0675085485 0.0395891964 0.013441246
  vertex -0.0675486922 0.0396022499 0.0134470575
  vertex -0.0675123706 0.0397429131 0.0133531932
  endloop
 endfacet

 facet normal -0.258064568 -0.406541765 -0.876428306
  outer loop
  vertex -0.0674722269 0.0397305861 0.0133470902
  vertex -0.0675123706 0.0397429131 0.0133531932
  vertex -0.0674741417 0.0398915522 0.0132729867
  endloop
 endfacet

 facet normal -0.246140227 -0.407724202 -0.87930429
  outer loop
  vertex -0.0674722269 0.0397305861 0.0133470902
  vertex -0.0674741417 0.0398915522 0.0132729867
  vertex -0.067433998 0.0398792252 0.0132674659
  endloop
 endfacet

 facet normal -0.229212314 -0.337513208 -0.912987709
  outer loop
  vertex -0.067433998 0.0398792252 0.0132674659
  vertex -0.0674741417 0.0398915522 0.0132729867
  vertex -0.0674378201 0.0400445424 0.0132073117
  endloop
 endfacet

 facet normal -0.298998594 -0.315607131 -0.900550961
  outer loop
  vertex -0.0674378201 0.0400445424 0.0132073117
  vertex -0.0674741417 0.0398915522 0.0132729867
  vertex -0.0674779639 0.0400568694 0.0132163195
  endloop
 endfacet

 facet normal -0.28780815 -0.264663428 -0.920391083
  outer loop
  vertex -0.0674378201 0.0400445424 0.0132073117
  vertex -0.0674779639 0.0400568694 0.0132163195
  vertex -0.0668490604 0.0435002372 0.0120295007
  endloop
 endfacet

 facet normal -0.28249535 -0.265998185 -0.921651483
  outer loop
  vertex -0.0674378201 0.0400445424 0.0132073117
  vertex -0.0668490604 0.0435002372 0.0120295007
  vertex -0.0668203831 0.0434697866 0.0120295007
  endloop
 endfacet

 facet normal -0.271835178 -0.268746853 -0.924056709
  outer loop
  vertex -0.0674378201 0.0400445424 0.0132073117
  vertex -0.0668203831 0.0434697866 0.0120295007
  vertex -0.0668031797 0.0434523858 0.0120295007
  endloop
 endfacet

 facet normal -0.240054786 -0.276871026 -0.930438697
  outer loop
  vertex -0.0674378201 0.0400445424 0.0132073117
  vertex -0.0668031797 0.0434523858 0.0120295007
  vertex -0.0667897984 0.0434407815 0.0120295007
  endloop
 endfacet

 facet normal -0.236968145 -0.277653456 -0.930996597
  outer loop
  vertex -0.0674378201 0.0400445424 0.0132073117
  vertex -0.0667897984 0.0434407815 0.0120295007
  vertex -0.0667592138 0.0434146784 0.0120295007
  endloop
 endfacet

 facet normal -0.322534502 0.693573117 0.644149005
  outer loop
  vertex -0.0663386658 0.0454216823 0.014932326
  vertex -0.0663864613 0.0453970283 0.0149349412
  vertex -0.0663616061 0.0453905016 0.0149544105
  endloop
 endfacet

 facet normal -0.274295986 0.682021737 0.677944064
  outer loop
  vertex -0.0663386658 0.0454216823 0.014932326
  vertex -0.0663616061 0.0453905016 0.0149544105
  vertex -0.0663329363 0.0453847013 0.0149718467
  endloop
 endfacet

 facet normal -0.245920584 0.689723134 0.681032419
  outer loop
  vertex -0.0663386658 0.0454216823 0.014932326
  vertex -0.0663329363 0.0453847013 0.0149718467
  vertex -0.0663119033 0.0454151556 0.014948599
  endloop
 endfacet

 facet normal -0.762313604 0.647207916 -5.74300539e-05
  outer loop
  vertex -0.0665661469 0.0454071797 0.0120295007
  vertex -0.0666024685 0.0453643985 0.0120295007
  vertex -0.0665718839 0.045400653 0.0146126635
  endloop
 endfacet

 facet normal -0.779727757 0.626118481 0.000444742502
  outer loop
  vertex -0.0665718839 0.045400653 0.0146126635
  vertex -0.0666024685 0.0453643985 0.0120295007
  vertex -0.0665986389 0.0453673005 0.0146495691
  endloop
 endfacet

 facet normal -0.756796598 0.652375877 0.0408023335
  outer loop
  vertex -0.0665718839 0.045400653 0.0146126635
  vertex -0.0665986389 0.0453673005 0.0146495691
  vertex -0.0665699691 0.045400653 0.0146481162
  endloop
 endfacet

 facet normal -0.751574278 0.650799036 0.107687861
  outer loop
  vertex -0.0665699691 0.045400653 0.0146481162
  vertex -0.0665986389 0.0453673005 0.0146495691
  vertex -0.0665661469 0.0453992039 0.0146835698
  endloop
 endfacet

 facet normal -0.765293539 0.627720058 0.142454773
  outer loop
  vertex -0.0665661469 0.0453992039 0.0146835698
  vertex -0.0665986389 0.0453673005 0.0146495691
  vertex -0.0665929094 0.0453658514 0.014686767
  endloop
 endfacet

 facet normal -0.758131683 0.625868678 0.183098003
  outer loop
  vertex -0.0665661469 0.0453992039 0.0146835698
  vertex -0.0665929094 0.0453658514 0.014686767
  vertex -0.0665852651 0.0453643985 0.0147233829
  endloop
 endfacet

 facet normal -0.741908014 0.639183223 0.202527374
  outer loop
  vertex -0.0665661469 0.0453992039 0.0146835698
  vertex -0.0665852651 0.0453643985 0.0147233829
  vertex -0.0665585026 0.0453970283 0.0147184422
  endloop
 endfacet

 facet normal -0.734159708 0.637531281 0.233588353
  outer loop
  vertex -0.0665585026 0.0453970283 0.0147184422
  vertex -0.0665852651 0.0453643985 0.0147233829
  vertex -0.0665489435 0.0453955792 0.014752442
  endloop
 endfacet

 facet normal -0.735017359 0.635232747 0.237126425
  outer loop
  vertex -0.0665489435 0.0453955792 0.014752442
  vertex -0.0665852651 0.0453643985 0.0147233829
  vertex -0.066575706 0.0453622267 0.0147588365
  endloop
 endfacet

 facet normal -0.703456223 0.628185213 0.332464486
  outer loop
  vertex -0.0665489435 0.0453955792 0.014752442
  vertex -0.066575706 0.0453622267 0.0147588365
  vertex -0.0665623248 0.0453585982 0.0147939995
  endloop
 endfacet

 facet normal -0.689184189 0.637157619 0.345043898
  outer loop
  vertex -0.0665489435 0.0453955792 0.014752442
  vertex -0.0665623248 0.0453585982 0.0147939995
  vertex -0.0665355623 0.0453919545 0.0147858616
  endloop
 endfacet

 facet normal -0.68047905 0.635146081 0.36542815
  outer loop
  vertex -0.0665355623 0.0453919545 0.0147858616
  vertex -0.0665623248 0.0453585982 0.0147939995
  vertex -0.0665202662 0.0453897789 0.0148181189
  endloop
 endfacet

 facet normal -0.68081671 0.632333457 0.36965245
  outer loop
  vertex -0.0665202662 0.0453897789 0.0148181189
  vertex -0.0665623248 0.0453585982 0.0147939995
  vertex -0.0665470287 0.0453557 0.0148271266
  endloop
 endfacet

 facet normal -0.638956308 0.621551514 0.453220367
  outer loop
  vertex -0.0665202662 0.0453897789 0.0148181189
  vertex -0.0665470287 0.0453557 0.0148271266
  vertex -0.0665030628 0.0453854278 0.0148483412
  endloop
 endfacet

 facet normal -0.638869941 0.615456104 0.461583108
  outer loop
  vertex -0.0665030628 0.0453854278 0.0148483412
  vertex -0.0665470287 0.0453557 0.0148271266
  vertex -0.0665279105 0.0453513488 0.0148593839
  endloop
 endfacet

 facet normal -0.618773937 0.61116302 0.493557066
  outer loop
  vertex -0.0665030628 0.0453854278 0.0148483412
  vertex -0.0665279105 0.0453513488 0.0148593839
  vertex -0.0664839447 0.0453810766 0.0148776919
  endloop
 endfacet

 facet normal -0.617302537 0.598417521 0.51071918
  outer loop
  vertex -0.0664839447 0.0453810766 0.0148776919
  vertex -0.0665279105 0.0453513488 0.0148593839
  vertex -0.066506885 0.0453469977 0.0148898978
  endloop
 endfacet

 facet normal -0.567094803 0.588203907 0.576558471
  outer loop
  vertex -0.0664839447 0.0453810766 0.0148776919
  vertex -0.066506885 0.0453469977 0.0148898978
  vertex -0.0664839447 0.0453411974 0.0149183767
  endloop
 endfacet

 facet normal -0.554715514 0.594193876 0.582429767
  outer loop
  vertex -0.0664839447 0.0453810766 0.0148776919
  vertex -0.0664839447 0.0453411974 0.0149183767
  vertex -0.0664610118 0.0453760028 0.0149047179
  endloop
 endfacet

 facet normal -0.362237304 0.640597343 0.677066743
  outer loop
  vertex -0.0663864613 0.0453970283 0.0149349412
  vertex -0.0664093941 0.0453643985 0.0149535397
  vertex -0.0663616061 0.0453905016 0.0149544105
  endloop
 endfacet

 facet normal -0.500133872 0.581473351 0.641681373
  outer loop
  vertex -0.0664610118 0.0453760028 0.0149047179
  vertex -0.0664839447 0.0453411974 0.0149183767
  vertex -0.0664361566 0.0453694761 0.0149300005
  endloop
 endfacet

 facet normal -0.35805425 0.632616699 0.686726511
  outer loop
  vertex -0.0664093941 0.0453643985 0.0149535397
  vertex -0.0663826317 0.0453571491 0.0149741722
  vertex -0.0663616061 0.0453905016 0.0149544105
  endloop
 endfacet

 facet normal -0.473478884 0.579565942 0.663265467
  outer loop
  vertex -0.0664093941 0.0453643985 0.0149535397
  vertex -0.0664361566 0.0453694761 0.0149300005
  vertex -0.0664304271 0.0453295968 0.014968941
  endloop
 endfacet

 facet normal -0.403543323 0.562975764 0.721256614
  outer loop
  vertex -0.0664093941 0.0453643985 0.0149535397
  vertex -0.0664304271 0.0453295968 0.014968941
  vertex -0.0663826317 0.0453571491 0.0149741722
  endloop
 endfacet

 facet normal -0.499967873 0.580941916 0.642291725
  outer loop
  vertex -0.0664361566 0.0453694761 0.0149300005
  vertex -0.0664839447 0.0453411974 0.0149183767
  vertex -0.0664571896 0.0453346707 0.0149451122
  endloop
 endfacet

 facet normal -0.479468167 0.576829791 0.661345363
  outer loop
  vertex -0.0664361566 0.0453694761 0.0149300005
  vertex -0.0664571896 0.0453346707 0.0149451122
  vertex -0.0664304271 0.0453295968 0.014968941
  endloop
 endfacet

 facet normal -0.21610944 0.682355821 0.698346078
  outer loop
  vertex -0.0663119033 0.0454151556 0.014948599
  vertex -0.0663329363 0.0453847013 0.0149718467
  vertex -0.0662851483 0.0454093553 0.0149625475
  endloop
 endfacet

 facet normal -0.204749331 0.667098582 0.716280103
  outer loop
  vertex -0.0662851483 0.0454093553 0.0149625475
  vertex -0.0663329363 0.0453847013 0.0149718467
  vertex -0.0663023517 0.0453781746 0.0149866678
  endloop
 endfacet

 facet normal -0.155868635 0.656775415 0.737801492
  outer loop
  vertex -0.0662851483 0.0454093553 0.0149625475
  vertex -0.0663023517 0.0453781746 0.0149866678
  vertex -0.066271767 0.0453723781 0.0149982916
  endloop
 endfacet

 facet normal -0.148977876 0.65885371 0.737372041
  outer loop
  vertex -0.0662851483 0.0454093553 0.0149625475
  vertex -0.066271767 0.0453723781 0.0149982916
  vertex -0.066256471 0.0454028286 0.0149741722
  endloop
 endfacet

 facet normal -0.0769437253 0.642507792 0.762406349
  outer loop
  vertex -0.066256471 0.0454028286 0.0149741722
  vertex -0.066271767 0.0453723781 0.0149982916
  vertex -0.0662354454 0.0453767255 0.0149982916
  endloop
 endfacet

 facet normal -0.0709458739 0.645521879 0.760439515
  outer loop
  vertex -0.066256471 0.0454028286 0.0149741722
  vertex -0.0662354454 0.0453767255 0.0149982916
  vertex -0.0662258863 0.0453955792 0.01498318
  endloop
 endfacet

 facet normal -0.0646546036 0.643889308 0.76238203
  outer loop
  vertex -0.0662258863 0.0453955792 0.01498318
  vertex -0.0662354454 0.0453767255 0.0149982916
  vertex -0.066170454 0.0453832522 0.0149982916
  endloop
 endfacet

 facet normal -0.123549461 -0.936089396 -0.329351127
  outer loop
  vertex -0.065142028 0.0383116193 0.0149982916
  vertex -0.0657518208 0.0383921042 0.0149982916
  vertex -0.067567803 0.0388372988 0.0144141819
  endloop
 endfacet

 facet normal -0.114726804 -0.926791847 -0.357623667
  outer loop
  vertex -0.065142028 0.0383116193 0.0149982916
  vertex -0.067567803 0.0388372988 0.0144141819
  vertex -0.0675582513 0.0388597734 0.0143528646
  endloop
 endfacet

 facet normal -0.111017242 -0.923043847 -0.368327647
  outer loop
  vertex -0.065142028 0.0383116193 0.0149982916
  vertex -0.0675582513 0.0388597734 0.0143528646
  vertex -0.0675544217 0.0388684757 0.0143299075
  endloop
 endfacet

 facet normal -0.0993820652 -0.910988569 -0.400278747
  outer loop
  vertex -0.065142028 0.0383116193 0.0149982916
  vertex -0.0675544217 0.0388684757 0.0143299075
  vertex -0.0675410405 0.0389032774 0.0142473765
  endloop
 endfacet

 facet normal -0.144932687 -0.903060913 -0.404321015
  outer loop
  vertex -0.0675410405 0.0389032774 0.0142473765
  vertex -0.0675544217 0.0388684757 0.0143299075
  vertex -0.0675926581 0.0388750024 0.0143290358
  endloop
 endfacet

 facet normal -0.148183689 -0.901805639 -0.405941099
  outer loop
  vertex -0.0675410405 0.0389032774 0.0142473765
  vertex -0.0675926581 0.0388750024 0.0143290358
  vertex -0.0675811842 0.0389105305 0.0142459227
  endloop
 endfacet

 facet normal -0.145331353 -0.890900373 -0.430320084
  outer loop
  vertex -0.0675410405 0.0389032774 0.0142473765
  vertex -0.0675811842 0.0389105305 0.0142459227
  vertex -0.067567803 0.0389475077 0.0141648445
  endloop
 endfacet

 facet normal -0.19994919 -0.878584385 -0.433716297
  outer loop
  vertex -0.067567803 0.0389475077 0.0141648445
  vertex -0.0675811842 0.0389105305 0.0142459227
  vertex -0.0676194206 0.0389192291 0.0142459227
  endloop
 endfacet

 facet normal -0.229477853 -0.864320159 -0.447538465
  outer loop
  vertex -0.067567803 0.0389475077 0.0141648445
  vertex -0.0676194206 0.0389192291 0.0142459227
  vertex -0.0676060393 0.0389576592 0.0141648445
  endloop
 endfacet

 facet normal -0.225798666 -0.850462615 -0.475108802
  outer loop
  vertex -0.067567803 0.0389475077 0.0141648445
  vertex -0.0676060393 0.0389576592 0.0141648445
  vertex -0.0675926581 0.0389982648 0.0140858013
  endloop
 endfacet

 facet normal -0.181229025 -0.852448225 -0.490395844
  outer loop
  vertex -0.067567803 0.0389475077 0.0141648445
  vertex -0.0675926581 0.0389982648 0.0140858013
  vertex -0.0675525144 0.0389895625 0.014086091
  endloop
 endfacet

 facet normal -0.177495494 -0.836173952 -0.518949568
  outer loop
  vertex -0.0675525144 0.0389895625 0.014086091
  vertex -0.0675926581 0.0389982648 0.0140858013
  vertex -0.0675792769 0.0390432179 0.0140087912
  endloop
 endfacet

 facet normal -0.241269752 -0.819276989 -0.52016747
  outer loop
  vertex -0.0675792769 0.0390432179 0.0140087912
  vertex -0.0675926581 0.0389982648 0.0140858013
  vertex -0.0676175058 0.0390533693 0.0140105356
  endloop
 endfacet

 facet normal -0.237333745 -0.798861742 -0.552713871
  outer loop
  vertex -0.0675792769 0.0390432179 0.0140087912
  vertex -0.0676175058 0.0390533693 0.0140105356
  vertex -0.0676022172 0.039100498 0.0139358509
  endloop
 endfacet

 facet normal -0.313190788 -0.772893369 -0.551858246
  outer loop
  vertex -0.0676022172 0.039100498 0.0139358509
  vertex -0.0676175058 0.0390533693 0.0140105356
  vertex -0.0676423535 0.0391142741 0.0139393378
  endloop
 endfacet

 facet normal -0.308633953 -0.751812339 -0.582686245
  outer loop
  vertex -0.0676022172 0.039100498 0.0139358509
  vertex -0.0676423535 0.0391142741 0.0139393378
  vertex -0.0676270649 0.0391643047 0.0138666872
  endloop
 endfacet

 facet normal -0.291779459 -0.752979755 -0.589818835
  outer loop
  vertex -0.0676022172 0.039100498 0.0139358509
  vertex -0.0676270649 0.0391643047 0.0138666872
  vertex -0.0675869212 0.039151255 0.01386349
  endloop
 endfacet

 facet normal -0.286839902 -0.730437696 -0.619825482
  outer loop
  vertex -0.0675869212 0.039151255 0.01386349
  vertex -0.0676270649 0.0391643047 0.0138666872
  vertex -0.0675716326 0.039204184 0.0137940366
  endloop
 endfacet

 facet normal -0.302548736 -0.719099283 -0.625588119
  outer loop
  vertex -0.0675716326 0.039204184 0.0137940366
  vertex -0.0676270649 0.0391643047 0.0138666872
  vertex -0.0676098615 0.0392172374 0.0137975244
  endloop
 endfacet

 facet normal -0.294483781 -0.684417129 -0.666972756
  outer loop
  vertex -0.0675716326 0.039204184 0.0137940366
  vertex -0.0676098615 0.0392172374 0.0137975244
  vertex -0.0675792769 0.0393317975 0.0136664622
  endloop
 endfacet

 facet normal -0.328392208 -0.605498195 -0.724934936
  outer loop
  vertex -0.0675448701 0.0394557826 0.0135473162
  vertex -0.0675792769 0.0393317975 0.0136664622
  vertex -0.067583099 0.0394695625 0.0135531276
  endloop
 endfacet

 facet normal -0.313792229 -0.541891217 -0.779672027
  outer loop
  vertex -0.0675448701 0.0394557826 0.0135473162
  vertex -0.067583099 0.0394695625 0.0135531276
  vertex -0.0675486922 0.0396022499 0.0134470575
  endloop
 endfacet

 facet normal -0.358216703 -0.659926057 -0.66043818
  outer loop
  vertex -0.0675792769 0.0393317975 0.0136664622
  vertex -0.0676098615 0.0392172374 0.0137975244
  vertex -0.0676175058 0.0393470228 0.013671983
  endloop
 endfacet

 facet normal -0.343904912 -0.602235436 -0.720445633
  outer loop
  vertex -0.0675792769 0.0393317975 0.0136664622
  vertex -0.0676175058 0.0393470228 0.013671983
  vertex -0.067583099 0.0394695625 0.0135531276
  endloop
 endfacet

 facet normal -0.364983678 -0.449733496 -0.81518507
  outer loop
  vertex -0.0675123706 0.0397429131 0.0133531932
  vertex -0.0675486922 0.0396022499 0.0134470575
  vertex -0.0675869212 0.0396174751 0.0134557756
  endloop
 endfacet

 facet normal -0.368046999 -0.447701305 -0.814926386
  outer loop
  vertex -0.0675123706 0.0397429131 0.0133531932
  vertex -0.0675869212 0.0396174751 0.0134557756
  vertex -0.0675505996 0.0397574157 0.0133624924
  endloop
 endfacet

 facet normal -0.351702273 -0.378019094 -0.856391907
  outer loop
  vertex -0.0675123706 0.0397429131 0.0133531932
  vertex -0.0675505996 0.0397574157 0.0133624924
  vertex -0.067514278 0.0399053283 0.013282286
  endloop
 endfacet

 facet normal -0.330717623 -0.380860031 -0.863464832
  outer loop
  vertex -0.0675123706 0.0397429131 0.0133531932
  vertex -0.067514278 0.0399053283 0.013282286
  vertex -0.0674741417 0.0398915522 0.0132729867
  endloop
 endfacet

 facet normal -0.380334795 -0.515299141 -0.767992437
  outer loop
  vertex -0.0675486922 0.0396022499 0.0134470575
  vertex -0.067583099 0.0394695625 0.0135531276
  vertex -0.0675869212 0.0396174751 0.0134557756
  endloop
 endfacet

 facet normal -0.315268815 -0.314240217 -0.895465612
  outer loop
  vertex -0.0674741417 0.0398915522 0.0132729867
  vertex -0.067514278 0.0399053283 0.013282286
  vertex -0.0674779639 0.0400568694 0.0132163195
  endloop
 endfacet

 facet normal -0.378352225 -0.239399016 -0.894168735
  outer loop
  vertex -0.0674779639 0.0400568694 0.0132163195
  vertex -0.0668968484 0.0435712971 0.0120295007
  vertex -0.066873908 0.0435350426 0.0120295007
  endloop
 endfacet

 facet normal -0.347576559 -0.24817121 -0.904213309
  outer loop
  vertex -0.0674779639 0.0400568694 0.0132163195
  vertex -0.066873908 0.0435350426 0.0120295007
  vertex -0.0668490604 0.0435002372 0.0120295007
  endloop
 endfacet

 facet normal -0.394928545 -0.285470814 -0.873234212
  outer loop
  vertex -0.0674779639 0.0400568694 0.0132163195
  vertex -0.067514278 0.0399053283 0.013282286
  vertex -0.0675525144 0.0399191044 0.0132950731
  endloop
 endfacet

 facet normal -0.394911587 -0.285482228 -0.873238087
  outer loop
  vertex -0.0674779639 0.0400568694 0.0132163195
  vertex -0.0675525144 0.0399191044 0.0132950731
  vertex -0.0675161928 0.0400706455 0.0132291056
  endloop
 endfacet

 facet normal -0.384053439 -0.237780601 -0.892167807
  outer loop
  vertex -0.0674779639 0.0400568694 0.0132163195
  vertex -0.0675161928 0.0400706455 0.0132291056
  vertex -0.0668968484 0.0435712971 0.0120295007
  endloop
 endfacet

 facet normal -0.31084618 0.622490764 0.718247831
  outer loop
  vertex -0.0663616061 0.0453905016 0.0149544105
  vertex -0.066352047 0.0453513488 0.0149924802
  vertex -0.0663329363 0.0453847013 0.0149718467
  endloop
 endfacet

 facet normal -0.31188947 0.622113824 0.718122184
  outer loop
  vertex -0.0663616061 0.0453905016 0.0149544105
  vertex -0.0663826317 0.0453571491 0.0149741722
  vertex -0.066352047 0.0453513488 0.0149924802
  endloop
 endfacet

 facet normal -0.245278314 0.607806206 0.755255163
  outer loop
  vertex -0.0663329363 0.0453847013 0.0149718467
  vertex -0.066352047 0.0453513488 0.0149924802
  vertex -0.0663233772 0.0453557 0.0149982916
  endloop
 endfacet

 facet normal -0.235697553 0.611227393 0.755544662
  outer loop
  vertex -0.0663329363 0.0453847013 0.0149718467
  vertex -0.0663233772 0.0453557 0.0149982916
  vertex -0.0663023517 0.0453781746 0.0149866678
  endloop
 endfacet

 facet normal -0.82394743 0.566666365 0
  outer loop
  vertex -0.0666024685 0.0453643985 0.0120295007
  vertex -0.0666254014 0.045331046 0.0120295007
  vertex -0.0666254014 0.045331046 0.0146126635
  endloop
 endfacet

 facet normal -0.804789484 0.593560159 0.000517367967
  outer loop
  vertex -0.0666024685 0.0453643985 0.0120295007
  vertex -0.0666254014 0.045331046 0.0146126635
  vertex -0.0665986389 0.0453673005 0.0146495691
  endloop
 endfacet

 facet normal -0.785213411 0.602122664 0.14452748
  outer loop
  vertex -0.0665986389 0.0453673005 0.0146495691
  vertex -0.0666196719 0.0453303233 0.0146893822
  vertex -0.0665929094 0.0453658514 0.014686767
  endloop
 endfacet

 facet normal -0.823226333 0.566251636 0.0407131165
  outer loop
  vertex -0.0665986389 0.0453673005 0.0146495691
  vertex -0.0666254014 0.045331046 0.0146126635
  vertex -0.066623494 0.045331046 0.0146513134
  endloop
 endfacet

 facet normal -0.819155037 0.565977633 0.0930286571
  outer loop
  vertex -0.0665986389 0.0453673005 0.0146495691
  vertex -0.066623494 0.045331046 0.0146513134
  vertex -0.0666196719 0.0453303233 0.0146893822
  endloop
 endfacet

 facet normal -0.77812928 0.599856973 0.186243281
  outer loop
  vertex -0.0665929094 0.0453658514 0.014686767
  vertex -0.0666196719 0.0453303233 0.0146893822
  vertex -0.0665852651 0.0453643985 0.0147233829
  endloop
 endfacet

 facet normal -0.787893295 0.574634433 0.221403465
  outer loop
  vertex -0.0665852651 0.0453643985 0.0147233829
  vertex -0.0666196719 0.0453303233 0.0146893822
  vertex -0.0666101128 0.0453288704 0.0147271603
  endloop
 endfacet

 facet normal -0.784970999 0.573870182 0.233438641
  outer loop
  vertex -0.0665852651 0.0453643985 0.0147233829
  vertex -0.0666101128 0.0453288704 0.0147271603
  vertex -0.0666005537 0.0453266986 0.0147646479
  endloop
 endfacet

 facet normal -0.775268197 0.582293928 0.244730741
  outer loop
  vertex -0.0665852651 0.0453643985 0.0147233829
  vertex -0.0666005537 0.0453266986 0.0147646479
  vertex -0.066575706 0.0453622267 0.0147588365
  endloop
 endfacet

 facet normal -0.742831588 0.575520754 0.342019171
  outer loop
  vertex -0.066575706 0.0453622267 0.0147588365
  vertex -0.0666005537 0.0453266986 0.0147646479
  vertex -0.0665623248 0.0453585982 0.0147939995
  endloop
 endfacet

 facet normal -0.740183473 0.547982514 0.389671057
  outer loop
  vertex -0.0665623248 0.0453585982 0.0147939995
  vertex -0.0665699691 0.045318719 0.0148355551
  vertex -0.0665470287 0.0453557 0.0148271266
  endloop
 endfacet

 facet normal -0.747209311 0.543343306 0.382696033
  outer loop
  vertex -0.0665623248 0.0453585982 0.0147939995
  vertex -0.0666005537 0.0453266986 0.0147646479
  vertex -0.0665852651 0.0453223474 0.0148006827
  endloop
 endfacet

 facet normal -0.746669829 0.543226302 0.38391313
  outer loop
  vertex -0.0665623248 0.0453585982 0.0147939995
  vertex -0.0665852651 0.0453223474 0.0148006827
  vertex -0.0665699691 0.045318719 0.0148355551
  endloop
 endfacet

 facet normal -0.701517224 0.540929794 0.463970482
  outer loop
  vertex -0.0665470287 0.0453557 0.0148271266
  vertex -0.0665699691 0.045318719 0.0148355551
  vertex -0.0665508509 0.0453150943 0.0148686841
  endloop
 endfacet

 facet normal -0.681383312 0.553877234 0.478473485
  outer loop
  vertex -0.0665470287 0.0453557 0.0148271266
  vertex -0.0665508509 0.0453150943 0.0148686841
  vertex -0.0665279105 0.0453513488 0.0148593839
  endloop
 endfacet

 facet normal -0.650894165 0.546910763 0.52652204
  outer loop
  vertex -0.0665279105 0.0453513488 0.0148593839
  vertex -0.0665508509 0.0453150943 0.0148686841
  vertex -0.066506885 0.0453469977 0.0148898978
  endloop
 endfacet

 facet normal -0.601709068 0.534509301 0.593503237
  outer loop
  vertex -0.066506885 0.0453469977 0.0148898978
  vertex -0.0665049776 0.0453049429 0.01492971
  vertex -0.0664839447 0.0453411974 0.0149183767
  endloop
 endfacet

 facet normal -0.647405267 0.524558425 0.552905917
  outer loop
  vertex -0.066506885 0.0453469977 0.0148898978
  vertex -0.0665508509 0.0453150943 0.0148686841
  vertex -0.0665279105 0.0453100204 0.0149003593
  endloop
 endfacet

 facet normal -0.62678957 0.520464778 0.579871833
  outer loop
  vertex -0.066506885 0.0453469977 0.0148898978
  vertex -0.0665279105 0.0453100204 0.0149003593
  vertex -0.0665049776 0.0453049429 0.01492971
  endloop
 endfacet

 facet normal -0.52872014 0.534149289 0.65965116
  outer loop
  vertex -0.0664839447 0.0453411974 0.0149183767
  vertex -0.0664782152 0.0452991426 0.0149570266
  vertex -0.0664571896 0.0453346707 0.0149451122
  endloop
 endfacet

 facet normal -0.550788403 0.522825122 0.650604427
  outer loop
  vertex -0.0664839447 0.0453411974 0.0149183767
  vertex -0.0665049776 0.0453049429 0.01492971
  vertex -0.0664782152 0.0452991426 0.0149570266
  endloop
 endfacet

 facet normal -0.398328841 0.551751852 0.732737482
  outer loop
  vertex -0.0663826317 0.0453571491 0.0149741722
  vertex -0.0664304271 0.0453295968 0.014968941
  vertex -0.0663998425 0.0453223474 0.0149910273
  endloop
 endfacet

 facet normal -0.371495664 0.546954632 0.750221014
  outer loop
  vertex -0.0663826317 0.0453571491 0.0149741722
  vertex -0.0663998425 0.0453223474 0.0149910273
  vertex -0.0663883686 0.0453201719 0.0149982916
  endloop
 endfacet

 facet normal -0.351462096 0.549095809 0.758266628
  outer loop
  vertex -0.0663826317 0.0453571491 0.0149741722
  vertex -0.0663883686 0.0453201719 0.0149982916
  vertex -0.066357784 0.0453397483 0.0149982916
  endloop
 endfacet

 facet normal -0.348782718 0.551857471 0.757498503
  outer loop
  vertex -0.0663826317 0.0453571491 0.0149741722
  vertex -0.066357784 0.0453397483 0.0149982916
  vertex -0.066352047 0.0453513488 0.0149924802
  endloop
 endfacet

 facet normal -0.50653106 0.528312266 0.68140471
  outer loop
  vertex -0.0664304271 0.0453295968 0.014968941
  vertex -0.0664571896 0.0453346707 0.0149451122
  vertex -0.0664782152 0.0452991426 0.0149570266
  endloop
 endfacet

 facet normal -0.500021815 0.511198223 0.699038386
  outer loop
  vertex -0.0664304271 0.0453295968 0.014968941
  vertex -0.0664782152 0.0452991426 0.0149570266
  vertex -0.0664495379 0.0452926196 0.0149823092
  endloop
 endfacet

 facet normal -0.444909066 0.498876035 0.743759811
  outer loop
  vertex -0.0664304271 0.0453295968 0.014968941
  vertex -0.0664495379 0.0452926196 0.0149823092
  vertex -0.0664285123 0.045287542 0.0149982916
  endloop
 endfacet

 facet normal -0.429760069 0.503562152 0.749487519
  outer loop
  vertex -0.0664304271 0.0453295968 0.014968941
  vertex -0.0664285123 0.045287542 0.0149982916
  vertex -0.0663979277 0.0453136452 0.0149982916
  endloop
 endfacet

 facet normal -0.410485595 0.529610276 0.74230355
  outer loop
  vertex -0.0664304271 0.0453295968 0.014968941
  vertex -0.0663979277 0.0453136452 0.0149982916
  vertex -0.0663998425 0.0453223474 0.0149910273
  endloop
 endfacet

 facet normal -0.188950062 0.584747255 0.788903475
  outer loop
  vertex -0.0663023517 0.0453781746 0.0149866678
  vertex -0.0663233772 0.0453557 0.0149982916
  vertex -0.066271767 0.0453723781 0.0149982916
  endloop
 endfacet

 facet normal -0.150321737 -0.957272649 -0.247047305
  outer loop
  vertex -0.0657518208 0.0383921042 0.0149982916
  vertex -0.0664074868 0.0384950638 0.0149982916
  vertex -0.067588836 0.0387865417 0.0145876715
  endloop
 endfacet

 facet normal -0.145856082 -0.953575969 -0.263474584
  outer loop
  vertex -0.0657518208 0.0383921042 0.0149982916
  vertex -0.067588836 0.0387865417 0.0145876715
  vertex -0.0675792769 0.0388053954 0.0145141492
  endloop
 endfacet

 facet normal -0.135751724 -0.945809484 -0.294984758
  outer loop
  vertex -0.0657518208 0.0383921042 0.0149982916
  vertex -0.0675792769 0.0388053954 0.0145141492
  vertex -0.0675792769 0.0388097465 0.0145002007
  endloop
 endfacet

 facet normal -0.128026009 -0.939417124 -0.317969918
  outer loop
  vertex -0.0657518208 0.0383921042 0.0149982916
  vertex -0.0675792769 0.0388097465 0.0145002007
  vertex -0.067567803 0.0388372988 0.0144141819
  endloop
 endfacet

 facet normal -0.154689595 -0.934699059 -0.320013732
  outer loop
  vertex -0.067567803 0.0388372988 0.0144141819
  vertex -0.0675792769 0.0388097465 0.0145002007
  vertex -0.0676060393 0.0388438217 0.0144136008
  endloop
 endfacet

 facet normal -0.151589304 -0.920183539 -0.36094743
  outer loop
  vertex -0.067567803 0.0388372988 0.0144141819
  vertex -0.0676060393 0.0388438217 0.0144136008
  vertex -0.0675582513 0.0388597734 0.0143528646
  endloop
 endfacet

 facet normal -0.155003607 -0.918708861 -0.36324665
  outer loop
  vertex -0.0675582513 0.0388597734 0.0143528646
  vertex -0.0676060393 0.0388438217 0.0144136008
  vertex -0.0675926581 0.0388750024 0.0143290358
  endloop
 endfacet

 facet normal -0.147945553 -0.916385651 -0.371953607
  outer loop
  vertex -0.0675582513 0.0388597734 0.0143528646
  vertex -0.0675926581 0.0388750024 0.0143290358
  vertex -0.0675544217 0.0388684757 0.0143299075
  endloop
 endfacet

 facet normal -0.215093195 -0.904762745 -0.367613167
  outer loop
  vertex -0.0675926581 0.0388750024 0.0143290358
  vertex -0.0676060393 0.0388438217 0.0144136008
  vertex -0.0676328018 0.0388844274 0.0143293263
  endloop
 endfacet

 facet normal -0.211758777 -0.889404774 -0.405113906
  outer loop
  vertex -0.0675926581 0.0388750024 0.0143290358
  vertex -0.0676328018 0.0388844274 0.0143293263
  vertex -0.0676194206 0.0389192291 0.0142459227
  endloop
 endfacet

 facet normal -0.20255594 -0.89003861 -0.408414543
  outer loop
  vertex -0.0675926581 0.0388750024 0.0143290358
  vertex -0.0676194206 0.0389192291 0.0142459227
  vertex -0.0675811842 0.0389105305 0.0142459227
  endloop
 endfacet

 facet normal -0.299756378 -0.862389922 -0.40795809
  outer loop
  vertex -0.0676194206 0.0389192291 0.0142459227
  vertex -0.0676328018 0.0388844274 0.0143293263
  vertex -0.0676576495 0.038931556 0.0142479576
  endloop
 endfacet

 facet normal -0.297051728 -0.849307239 -0.436391443
  outer loop
  vertex -0.0676194206 0.0389192291 0.0142459227
  vertex -0.0676576495 0.038931556 0.0142479576
  vertex -0.0676442683 0.038968537 0.0141668795
  endloop
 endfacet

 facet normal -0.266586393 -0.853165269 -0.448375791
  outer loop
  vertex -0.0676194206 0.0389192291 0.0142459227
  vertex -0.0676442683 0.038968537 0.0141668795
  vertex -0.0676060393 0.0389576592 0.0141648445
  endloop
 endfacet

 facet normal -0.264022976 -0.839040875 -0.475712389
  outer loop
  vertex -0.0676060393 0.0389576592 0.0141648445
  vertex -0.0676442683 0.038968537 0.0141668795
  vertex -0.0675926581 0.0389982648 0.0140858013
  endloop
 endfacet

 facet normal -0.271510571 -0.83481133 -0.47892803
  outer loop
  vertex -0.0675926581 0.0389982648 0.0140858013
  vertex -0.0676442683 0.038968537 0.0141668795
  vertex -0.067630887 0.0390098654 0.0140872542
  endloop
 endfacet

 facet normal -0.267424911 -0.817433715 -0.5101825
  outer loop
  vertex -0.0675926581 0.0389982648 0.0140858013
  vertex -0.067630887 0.0390098654 0.0140872542
  vertex -0.0676175058 0.0390533693 0.0140105356
  endloop
 endfacet

 facet normal -0.329214633 -0.795593619 -0.508574963
  outer loop
  vertex -0.0676175058 0.0390533693 0.0140105356
  vertex -0.067630887 0.0390098654 0.0140872542
  vertex -0.067669116 0.0390236415 0.0140904505
  endloop
 endfacet

 facet normal -0.329207659 -0.795598269 -0.508572221
  outer loop
  vertex -0.0676175058 0.0390533693 0.0140105356
  vertex -0.067669116 0.0390236415 0.0140904505
  vertex -0.0676557347 0.0390671454 0.0140137319
  endloop
 endfacet

 facet normal -0.323863655 -0.77180481 -0.547201812
  outer loop
  vertex -0.0676175058 0.0390533693 0.0140105356
  vertex -0.0676557347 0.0390671454 0.0140137319
  vertex -0.0676423535 0.0391142741 0.0139393378
  endloop
 endfacet

 facet normal -0.395250648 -0.742165208 -0.541264892
  outer loop
  vertex -0.0676423535 0.0391142741 0.0139393378
  vertex -0.0676557347 0.0390671454 0.0140137319
  vertex -0.0676786751 0.0391302258 0.0139439879
  endloop
 endfacet

 facet normal -0.389300287 -0.718316257 -0.576599598
  outer loop
  vertex -0.0676423535 0.0391142741 0.0139393378
  vertex -0.0676786751 0.0391302258 0.0139439879
  vertex -0.0676270649 0.0391643047 0.0138666872
  endloop
 endfacet

 facet normal -0.410533547 -0.701003015 -0.583144069
  outer loop
  vertex -0.0676270649 0.0391643047 0.0138666872
  vertex -0.0676786751 0.0391302258 0.0139439879
  vertex -0.0676633865 0.0391809829 0.013872209
  endloop
 endfacet

 facet normal -0.406790942 -0.686305821 -0.602914155
  outer loop
  vertex -0.0676270649 0.0391643047 0.0138666872
  vertex -0.0676633865 0.0391809829 0.013872209
  vertex -0.0676480904 0.0392331854 0.0138024651
  endloop
 endfacet

 facet normal -0.368813097 -0.691597104 -0.621023595
  outer loop
  vertex -0.0676270649 0.0391643047 0.0138666872
  vertex -0.0676480904 0.0392331854 0.0138024651
  vertex -0.0676098615 0.0392172374 0.0137975244
  endloop
 endfacet

 facet normal -0.360390544 -0.659409165 -0.659771383
  outer loop
  vertex -0.0676098615 0.0392172374 0.0137975244
  vertex -0.0676480904 0.0392331854 0.0138024651
  vertex -0.0676175058 0.0393470228 0.013671983
  endloop
 endfacet

 facet normal -0.407111347 -0.574461102 -0.710109115
  outer loop
  vertex -0.067583099 0.0394695625 0.0135531276
  vertex -0.0676175058 0.0393470228 0.013671983
  vertex -0.0676213279 0.0394862369 0.0135615552
  endloop
 endfacet

 facet normal -0.39204669 -0.51281321 -0.763755262
  outer loop
  vertex -0.067583099 0.0394695625 0.0135531276
  vertex -0.0676213279 0.0394862369 0.0135615552
  vertex -0.0675869212 0.0396174751 0.0134557756
  endloop
 endfacet

 facet normal -0.411566436 -0.636775136 -0.652020395
  outer loop
  vertex -0.0676175058 0.0393470228 0.013671983
  vertex -0.0676480904 0.0392331854 0.0138024651
  vertex -0.0676863194 0.0392498635 0.0138103105
  endloop
 endfacet

 facet normal -0.426533073 -0.626563907 -0.652293801
  outer loop
  vertex -0.0676175058 0.0393470228 0.013671983
  vertex -0.0676863194 0.0392498635 0.0138103105
  vertex -0.0676538274 0.0393629745 0.0136804115
  endloop
 endfacet

 facet normal -0.415400147 -0.572275579 -0.707066834
  outer loop
  vertex -0.0676175058 0.0393470228 0.013671983
  vertex -0.0676538274 0.0393629745 0.0136804115
  vertex -0.0676213279 0.0394862369 0.0135615552
  endloop
 endfacet

 facet normal -0.425712466 -0.422791719 -0.800010026
  outer loop
  vertex -0.0675869212 0.0396174751 0.0134557756
  vertex -0.067588836 0.0397733673 0.0133744068
  vertex -0.0675505996 0.0397574157 0.0133624924
  endloop
 endfacet

 facet normal -0.449231625 -0.48630327 -0.749466598
  outer loop
  vertex -0.0675869212 0.0396174751 0.0134557756
  vertex -0.0676213279 0.0394862369 0.0135615552
  vertex -0.0676251501 0.039634876 0.0134673994
  endloop
 endfacet

 facet normal -0.433853328 -0.421076983 -0.796533525
  outer loop
  vertex -0.0675869212 0.0396174751 0.0134557756
  vertex -0.0676251501 0.039634876 0.0134673994
  vertex -0.067588836 0.0397733673 0.0133744068
  endloop
 endfacet

 facet normal -0.40998441 -0.355144739 -0.840110183
  outer loop
  vertex -0.0675505996 0.0397574157 0.0133624924
  vertex -0.067588836 0.0397733673 0.0133744068
  vertex -0.0675525144 0.0399191044 0.0132950731
  endloop
 endfacet

 facet normal -0.40912661 -0.355284303 -0.840469241
  outer loop
  vertex -0.0675505996 0.0397574157 0.0133624924
  vertex -0.0675525144 0.0399191044 0.0132950731
  vertex -0.067514278 0.0399053283 0.013282286
  endloop
 endfacet

 facet normal -0.416513056 -0.227902576 -0.880100727
  outer loop
  vertex -0.0668968484 0.0435712971 0.0120295007
  vertex -0.0675161928 0.0400706455 0.0132291056
  vertex -0.0669178739 0.0436097234 0.0120295007
  endloop
 endfacet

 facet normal -0.470280617 -0.255062789 -0.844854534
  outer loop
  vertex -0.0675161928 0.0400706455 0.0132291056
  vertex -0.0675525144 0.0399191044 0.0132950731
  vertex -0.067588836 0.0399350561 0.0133104743
  endloop
 endfacet

 facet normal -0.481898487 -0.246440127 -0.840857446
  outer loop
  vertex -0.0675161928 0.0400706455 0.0132291056
  vertex -0.067588836 0.0399350561 0.0133104743
  vertex -0.0675525144 0.0400851481 0.0132456711
  endloop
 endfacet

 facet normal -0.473840415 -0.209816441 -0.855249882
  outer loop
  vertex -0.0675161928 0.0400706455 0.0132291056
  vertex -0.0675525144 0.0400851481 0.0132456711
  vertex -0.0669312552 0.0436394513 0.0120295007
  endloop
 endfacet

 facet normal -0.469349235 -0.211264342 -0.857367277
  outer loop
  vertex -0.0675161928 0.0400706455 0.0132291056
  vertex -0.0669312552 0.0436394513 0.0120295007
  vertex -0.0669178739 0.0436097234 0.0120295007
  endloop
 endfacet

 facet normal -0.270429432 0.534714103 0.80059278
  outer loop
  vertex -0.066352047 0.0453513488 0.0149924802
  vertex -0.066357784 0.0453397483 0.0149982916
  vertex -0.0663405806 0.0453484468 0.0149982916
  endloop
 endfacet

 facet normal -0.245420456 0.582343519 0.775012851
  outer loop
  vertex -0.066352047 0.0453513488 0.0149924802
  vertex -0.0663405806 0.0453484468 0.0149982916
  vertex -0.0663233772 0.0453557 0.0149982916
  endloop
 endfacet

 facet normal -0.865512133 0.50088799 0
  outer loop
  vertex -0.0666254014 0.045331046 0.0120295007
  vertex -0.0666426048 0.0453013182 0.0120295007
  vertex -0.0666254014 0.045331046 0.0146126635
  endloop
 endfacet

 facet normal -0.869289041 0.49430427 0.000100921825
  outer loop
  vertex -0.0666254014 0.045331046 0.0146126635
  vertex -0.0666426048 0.0453013182 0.0120295007
  vertex -0.0666464344 0.0452940688 0.0146126635
  endloop
 endfacet

 facet normal -0.86852169 0.493867993 0.0420054719
  outer loop
  vertex -0.0666254014 0.045331046 0.0146126635
  vertex -0.0666464344 0.0452940688 0.0146126635
  vertex -0.0666445196 0.0452940688 0.0146521851
  endloop
 endfacet

 facet normal -0.868052185 0.494613409 0.042930007
  outer loop
  vertex -0.0666254014 0.045331046 0.0146126635
  vertex -0.0666445196 0.0452940688 0.0146521851
  vertex -0.066623494 0.045331046 0.0146513134
  endloop
 endfacet

 facet normal -0.864282072 0.493725568 0.096185796
  outer loop
  vertex -0.0666196719 0.0453303233 0.0146893822
  vertex -0.066623494 0.045331046 0.0146513134
  vertex -0.0666445196 0.0452940688 0.0146521851
  endloop
 endfacet

 facet normal -0.86615485 0.489310682 0.101739906
  outer loop
  vertex -0.0666196719 0.0453303233 0.0146893822
  vertex -0.0666445196 0.0452940688 0.0146521851
  vertex -0.0666406974 0.0452926196 0.0146917067
  endloop
 endfacet

 facet normal -0.853002012 0.487237185 0.187049642
  outer loop
  vertex -0.0666196719 0.0453303233 0.0146893822
  vertex -0.0666406974 0.0452926196 0.0146917067
  vertex -0.0666330531 0.0452911668 0.0147303576
  endloop
 endfacet

 facet normal -0.823066592 0.520079374 0.228207916
  outer loop
  vertex -0.0666196719 0.0453303233 0.0146893822
  vertex -0.0666330531 0.0452911668 0.0147303576
  vertex -0.0666101128 0.0453288704 0.0147271603
  endloop
 endfacet

 facet normal -0.820358515 0.519372284 0.239299968
  outer loop
  vertex -0.0666101128 0.0453288704 0.0147271603
  vertex -0.0666330531 0.0452911668 0.0147303576
  vertex -0.0666005537 0.0453266986 0.0147646479
  endloop
 endfacet

 facet normal -0.826755583 0.490760386 0.275008053
  outer loop
  vertex -0.0666005537 0.0453266986 0.0147646479
  vertex -0.0666330531 0.0452911668 0.0147303576
  vertex -0.0666215792 0.0452889912 0.0147687169
  endloop
 endfacet

 facet normal -0.805347919 0.485804021 0.339719296
  outer loop
  vertex -0.0666005537 0.0453266986 0.0147646479
  vertex -0.0666215792 0.0452889912 0.0147687169
  vertex -0.066608198 0.0452853665 0.0148056224
  endloop
 endfacet

 facet normal -0.76006645 0.523007989 0.385696471
  outer loop
  vertex -0.0666005537 0.0453266986 0.0147646479
  vertex -0.066608198 0.0452853665 0.0148056224
  vertex -0.0665852651 0.0453223474 0.0148006827
  endloop
 endfacet

 facet normal -0.759367168 0.522796035 0.387357533
  outer loop
  vertex -0.0665699691 0.045318719 0.0148355551
  vertex -0.0665852651 0.0453223474 0.0148006827
  vertex -0.066608198 0.0452853665 0.0148056224
  endloop
 endfacet

 facet normal -0.760585368 0.497964263 0.416583031
  outer loop
  vertex -0.0665699691 0.045318719 0.0148355551
  vertex -0.066608198 0.0452853665 0.0148056224
  vertex -0.0665909946 0.0452817418 0.0148413666
  endloop
 endfacet

 facet normal -0.73067081 0.490172476 0.475238025
  outer loop
  vertex -0.0665699691 0.045318719 0.0148355551
  vertex -0.0665909946 0.0452817418 0.0148413666
  vertex -0.0665508509 0.0453150943 0.0148686841
  endloop
 endfacet

 facet normal -0.672730386 0.478962749 0.563940108
  outer loop
  vertex -0.0665508509 0.0453150943 0.0148686841
  vertex -0.0665489435 0.0452715904 0.0149079142
  vertex -0.0665279105 0.0453100204 0.0149003593
  endloop
 endfacet

 facet normal -0.730642498 0.489724964 0.475742668
  outer loop
  vertex -0.0665508509 0.0453150943 0.0148686841
  vertex -0.0665909946 0.0452817418 0.0148413666
  vertex -0.0665718839 0.0452766679 0.0148759494
  endloop
 endfacet

 facet normal -0.676740646 0.476406753 0.561301053
  outer loop
  vertex -0.0665508509 0.0453150943 0.0148686841
  vertex -0.0665718839 0.0452766679 0.0148759494
  vertex -0.0665489435 0.0452715904 0.0149079142
  endloop
 endfacet

 facet normal -0.652469516 0.473352641 0.59179461
  outer loop
  vertex -0.0665049776 0.0453049429 0.01492971
  vertex -0.0665279105 0.0453100204 0.0149003593
  vertex -0.0665489435 0.0452715904 0.0149079142
  endloop
 endfacet

 facet normal -0.642797828 0.435513347 0.630189776
  outer loop
  vertex -0.0665049776 0.0453049429 0.01492971
  vertex -0.0665489435 0.0452715904 0.0149079142
  vertex -0.066522181 0.0452665165 0.0149387186
  endloop
 endfacet

 facet normal -0.598964572 0.426969409 0.677450061
  outer loop
  vertex -0.0665049776 0.0453049429 0.01492971
  vertex -0.066522181 0.0452665165 0.0149387186
  vertex -0.0664782152 0.0452991426 0.0149570266
  endloop
 endfacet

 facet normal -0.598726928 0.42629227 0.678086281
  outer loop
  vertex -0.0664782152 0.0452991426 0.0149570266
  vertex -0.066522181 0.0452665165 0.0149387186
  vertex -0.0664954185 0.0452592634 0.014966907
  endloop
 endfacet

 facet normal -0.556164384 0.417907417 0.718355536
  outer loop
  vertex -0.0664782152 0.0452991426 0.0149570266
  vertex -0.0664954185 0.0452592634 0.014966907
  vertex -0.0664667413 0.0452534631 0.0149924802
  endloop
 endfacet

 facet normal -0.54175508 0.426248044 0.724440515
  outer loop
  vertex -0.0664782152 0.0452991426 0.0149570266
  vertex -0.0664667413 0.0452534631 0.0149924802
  vertex -0.0664495379 0.0452926196 0.0149823092
  endloop
 endfacet

 facet normal -0.372324318 0.545280874 0.75102824
  outer loop
  vertex -0.0663998425 0.0453223474 0.0149910273
  vertex -0.0663979277 0.0453136452 0.0149982916
  vertex -0.0663883686 0.0453201719 0.0149982916
  endloop
 endfacet

 facet normal -0.498679042 0.416586936 0.760114789
  outer loop
  vertex -0.0664495379 0.0452926196 0.0149823092
  vertex -0.0664667413 0.0452534631 0.0149924802
  vertex -0.066459097 0.045252014 0.0149982916
  endloop
 endfacet

 facet normal -0.484158933 0.416796863 0.769331217
  outer loop
  vertex -0.0664495379 0.0452926196 0.0149823092
  vertex -0.066459097 0.045252014 0.0149982916
  vertex -0.0664285123 0.045287542 0.0149982916
  endloop
 endfacet

 facet normal -0.173282251 -0.971140146 -0.163890332
  outer loop
  vertex -0.0664074868 0.0384950638 0.0149982916
  vertex -0.0670535937 0.0386103503 0.0149982916
  vertex -0.0676098615 0.038748838 0.0147658102
  endloop
 endfacet

 facet normal -0.165691882 -0.966156363 -0.197706804
  outer loop
  vertex -0.0664074868 0.0384950638 0.0149982916
  vertex -0.0676098615 0.038748838 0.0147658102
  vertex -0.0676003024 0.0387655161 0.0146763045
  endloop
 endfacet

 facet normal -0.150501326 -0.957361519 -0.246593744
  outer loop
  vertex -0.0664074868 0.0384950638 0.0149982916
  vertex -0.0676003024 0.0387655161 0.0146763045
  vertex -0.067588836 0.0387865417 0.0145876715
  endloop
 endfacet

 facet normal -0.161204502 -0.955380857 -0.247508809
  outer loop
  vertex -0.067588836 0.0387865417 0.0145876715
  vertex -0.0676003024 0.0387655161 0.0146763045
  vertex -0.0676270649 0.0387930684 0.0145873809
  endloop
 endfacet

 facet normal -0.160312444 -0.950919747 -0.264672875
  outer loop
  vertex -0.067588836 0.0387865417 0.0145876715
  vertex -0.0676270649 0.0387930684 0.0145873809
  vertex -0.0675792769 0.0388053954 0.0145141492
  endloop
 endfacet

 facet normal -0.182650298 -0.943076789 -0.277929991
  outer loop
  vertex -0.0675792769 0.0388053954 0.0145141492
  vertex -0.0676270649 0.0387930684 0.0145873809
  vertex -0.0676175058 0.0388169959 0.0144999092
  endloop
 endfacet

 facet normal -0.175991803 -0.939746261 -0.293093741
  outer loop
  vertex -0.0675792769 0.0388053954 0.0145141492
  vertex -0.0676175058 0.0388169959 0.0144999092
  vertex -0.0675792769 0.0388097465 0.0145002007
  endloop
 endfacet

 facet normal -0.174641818 -0.933440149 -0.313352406
  outer loop
  vertex -0.0675792769 0.0388097465 0.0145002007
  vertex -0.0676175058 0.0388169959 0.0144999092
  vertex -0.0676060393 0.0388438217 0.0144136008
  endloop
 endfacet

 facet normal -0.257576197 -0.912480712 -0.317857742
  outer loop
  vertex -0.0676060393 0.0388438217 0.0144136008
  vertex -0.0676175058 0.0388169959 0.0144999092
  vertex -0.0676538274 0.0388271473 0.0145002007
  endloop
 endfacet

 facet normal -0.263671994 -0.909742951 -0.320694447
  outer loop
  vertex -0.0676060393 0.0388438217 0.0144136008
  vertex -0.0676538274 0.0388271473 0.0145002007
  vertex -0.0676442683 0.0388546996 0.0144141819
  endloop
 endfacet

 facet normal -0.261192858 -0.899439573 -0.350409448
  outer loop
  vertex -0.0676060393 0.0388438217 0.0144136008
  vertex -0.0676442683 0.0388546996 0.0144141819
  vertex -0.0676328018 0.0388844274 0.0143293263
  endloop
 endfacet

 facet normal -0.295090854 -0.888587356 -0.351189435
  outer loop
  vertex -0.0676328018 0.0388844274 0.0143293263
  vertex -0.0676442683 0.0388546996 0.0144141819
  vertex -0.0676805899 0.0388663001 0.0144153442
  endloop
 endfacet

 facet normal -0.325229198 -0.872540951 -0.364552051
  outer loop
  vertex -0.0676328018 0.0388844274 0.0143293263
  vertex -0.0676805899 0.0388663001 0.0144153442
  vertex -0.067669116 0.0388974808 0.0143304877
  endloop
 endfacet

 facet normal -0.321361125 -0.85869211 -0.399217933
  outer loop
  vertex -0.0676328018 0.0388844274 0.0143293263
  vertex -0.067669116 0.0388974808 0.0143304877
  vertex -0.0676576495 0.038931556 0.0142479576
  endloop
 endfacet

 facet normal -0.351599008 -0.847046137 -0.398611218
  outer loop
  vertex -0.0676576495 0.038931556 0.0142479576
  vertex -0.067669116 0.0388974808 0.0143304877
  vertex -0.0676958784 0.0389460586 0.0142508633
  endloop
 endfacet

 facet normal -0.347961336 -0.829969704 -0.435973823
  outer loop
  vertex -0.0676576495 0.038931556 0.0142479576
  vertex -0.0676958784 0.0389460586 0.0142508633
  vertex -0.0676442683 0.038968537 0.0141668795
  endloop
 endfacet

 facet normal -0.360741973 -0.82151413 -0.441565126
  outer loop
  vertex -0.0676442683 0.038968537 0.0141668795
  vertex -0.0676958784 0.0389460586 0.0142508633
  vertex -0.0676824972 0.0389837623 0.0141697852
  endloop
 endfacet

 facet normal -0.357600391 -0.808796048 -0.466873705
  outer loop
  vertex -0.0676442683 0.038968537 0.0141668795
  vertex -0.0676824972 0.0389837623 0.0141697852
  vertex -0.067669116 0.0390236415 0.0140904505
  endloop
 endfacet

 facet normal -0.332887501 -0.812909484 -0.477874607
  outer loop
  vertex -0.0676442683 0.038968537 0.0141668795
  vertex -0.067669116 0.0390236415 0.0140904505
  vertex -0.067630887 0.0390098654 0.0140872542
  endloop
 endfacet

 facet normal -0.416299343 -0.757848501 -0.50235498
  outer loop
  vertex -0.0676557347 0.0390671454 0.0140137319
  vertex -0.067669116 0.0390236415 0.0140904505
  vertex -0.0677054375 0.0390403196 0.0140953911
  endloop
 endfacet

 facet normal -0.416307896 -0.757841825 -0.50235796
  outer loop
  vertex -0.0676557347 0.0390671454 0.0140137319
  vertex -0.0677054375 0.0390403196 0.0140953911
  vertex -0.0676920563 0.0390838236 0.0140186725
  endloop
 endfacet

 facet normal -0.411868989 -0.7390908 -0.533018589
  outer loop
  vertex -0.0676557347 0.0390671454 0.0140137319
  vertex -0.0676920563 0.0390838236 0.0140186725
  vertex -0.0676786751 0.0391302258 0.0139439879
  endloop
 endfacet

 facet normal -0.466115445 -0.711622477 -0.525670886
  outer loop
  vertex -0.0676786751 0.0391302258 0.0139439879
  vertex -0.0676920563 0.0390838236 0.0140186725
  vertex -0.0677283779 0.0391026735 0.0140253566
  endloop
 endfacet

 facet normal -0.480146825 -0.698996007 -0.529965878
  outer loop
  vertex -0.0676786751 0.0391302258 0.0139439879
  vertex -0.0677283779 0.0391026735 0.0140253566
  vertex -0.0677130818 0.039148353 0.0139512531
  endloop
 endfacet

 facet normal -0.47521615 -0.676611781 -0.562464356
  outer loop
  vertex -0.0676786751 0.0391302258 0.0139439879
  vertex -0.0677130818 0.039148353 0.0139512531
  vertex -0.0676997006 0.0391983837 0.0138797648
  endloop
 endfacet

 facet normal -0.447278798 -0.682582319 -0.577947438
  outer loop
  vertex -0.0676786751 0.0391302258 0.0139439879
  vertex -0.0676997006 0.0391983837 0.0138797648
  vertex -0.0676633865 0.0391809829 0.013872209
  endloop
 endfacet

 facet normal -0.445905387 -0.675849319 -0.586852729
  outer loop
  vertex -0.0676633865 0.0391809829 0.013872209
  vertex -0.0676997006 0.0391983837 0.0138797648
  vertex -0.0676863194 0.0392498635 0.0138103105
  endloop
 endfacet

 facet normal -0.419952691 -0.679974616 -0.601060927
  outer loop
  vertex -0.0676633865 0.0391809829 0.013872209
  vertex -0.0676863194 0.0392498635 0.0138103105
  vertex -0.0676480904 0.0392331854 0.0138024651
  endloop
 endfacet

 facet normal -0.471722215 -0.544433832 -0.693592072
  outer loop
  vertex -0.0676213279 0.0394862369 0.0135615552
  vertex -0.0676538274 0.0393629745 0.0136804115
  vertex -0.0676576495 0.0395036377 0.0135725979
  endloop
 endfacet

 facet normal -0.458485574 -0.483949482 -0.745374978
  outer loop
  vertex -0.0676213279 0.0394862369 0.0135615552
  vertex -0.0676576495 0.0395036377 0.0135725979
  vertex -0.0676251501 0.039634876 0.0134673994
  endloop
 endfacet

 facet normal -0.519646108 -0.63544929 -0.571114898
  outer loop
  vertex -0.0676863194 0.0392498635 0.0138103105
  vertex -0.0676997006 0.0391983837 0.0138797648
  vertex -0.0677341148 0.0392186865 0.013888482
  endloop
 endfacet

 facet normal -0.532143116 -0.622683227 -0.573663235
  outer loop
  vertex -0.0676863194 0.0392498635 0.0138103105
  vertex -0.0677341148 0.0392186865 0.013888482
  vertex -0.0677207336 0.0392701663 0.0138201909
  endloop
 endfacet

 facet normal -0.522189081 -0.581300378 -0.62402606
  outer loop
  vertex -0.0676863194 0.0392498635 0.0138103105
  vertex -0.0677207336 0.0392701663 0.0138201909
  vertex -0.0676901489 0.0393818282 0.0136905825
  endloop
 endfacet

 facet normal -0.487588614 -0.594360292 -0.639525771
  outer loop
  vertex -0.0676863194 0.0392498635 0.0138103105
  vertex -0.0676901489 0.0393818282 0.0136905825
  vertex -0.0676538274 0.0393629745 0.0136804115
  endloop
 endfacet

 facet normal -0.475687981 -0.543203354 -0.691846132
  outer loop
  vertex -0.0676538274 0.0393629745 0.0136804115
  vertex -0.0676901489 0.0393818282 0.0136905825
  vertex -0.0676576495 0.0395036377 0.0135725979
  endloop
 endfacet

 facet normal -0.500313759 -0.388407826 -0.773838222
  outer loop
  vertex -0.067588836 0.0397733673 0.0133744068
  vertex -0.0676251501 0.039634876 0.0134673994
  vertex -0.0676251501 0.0397900417 0.0133895185
  endloop
 endfacet

 facet normal -0.485780239 -0.321412146 -0.812841833
  outer loop
  vertex -0.067588836 0.0397733673 0.0133744068
  vertex -0.0676251501 0.0397900417 0.0133895185
  vertex -0.0675525144 0.0399191044 0.0132950731
  endloop
 endfacet

 facet normal -0.525969148 -0.448842585 -0.722424269
  outer loop
  vertex -0.0676251501 0.039634876 0.0134673994
  vertex -0.0676576495 0.0395036377 0.0135725979
  vertex -0.0676595643 0.0396522805 0.0134816393
  endloop
 endfacet

 facet normal -0.512434363 -0.385214895 -0.767476797
  outer loop
  vertex -0.0676251501 0.039634876 0.0134673994
  vertex -0.0676595643 0.0396522805 0.0134816393
  vertex -0.0676251501 0.0397900417 0.0133895185
  endloop
 endfacet

 facet normal -0.485825062 -0.321377337 -0.812828779
  outer loop
  vertex -0.0675525144 0.0399191044 0.0132950731
  vertex -0.0676251501 0.0397900417 0.0133895185
  vertex -0.067588836 0.0399350561 0.0133104743
  endloop
 endfacet

 facet normal -0.522801876 -0.228125066 -0.821362972
  outer loop
  vertex -0.067588836 0.0399350561 0.0133104743
  vertex -0.067588836 0.0401003733 0.0132645592
  vertex -0.0675525144 0.0400851481 0.0132456711
  endloop
 endfacet

 facet normal -0.543242097 -0.292837024 -0.786851048
  outer loop
  vertex -0.067588836 0.0399350561 0.0133104743
  vertex -0.0676251501 0.0397900417 0.0133895185
  vertex -0.0676251501 0.039952457 0.0133290729
  endloop
 endfacet

 facet normal -0.527938306 -0.227276325 -0.818307161
  outer loop
  vertex -0.067588836 0.0399350561 0.0133104743
  vertex -0.0676251501 0.039952457 0.0133290729
  vertex -0.067588836 0.0401003733 0.0132645592
  endloop
 endfacet

 facet normal -0.515716255 -0.195295736 -0.834204078
  outer loop
  vertex -0.0675525144 0.0400851481 0.0132456711
  vertex -0.067588836 0.0401003733 0.0132645592
  vertex -0.0669312552 0.0436394513 0.0120295007
  endloop
 endfacet

 facet normal -0.517162025 -0.19475846 -0.833434284
  outer loop
  vertex -0.0669312552 0.0436394513 0.0120295007
  vertex -0.067588836 0.0401003733 0.0132645592
  vertex -0.0669350773 0.0436496027 0.0120295007
  endloop
 endfacet

 facet normal -0.884570837 0.466405749 0
  outer loop
  vertex -0.0666426048 0.0453013182 0.0120295007
  vertex -0.0666464344 0.0452940688 0.0120295007
  vertex -0.0666464344 0.0452940688 0.0146126635
  endloop
 endfacet

 facet normal -0.900350273 0.435165942 0
  outer loop
  vertex -0.0666464344 0.0452940688 0.0146126635
  vertex -0.0666464344 0.0452940688 0.0120295007
  vertex -0.0666674599 0.0452505648 0.0120295007
  endloop
 endfacet

 facet normal -0.901756763 0.432243943 6.06597205e-05
  outer loop
  vertex -0.0666464344 0.0452940688 0.0146126635
  vertex -0.0666674599 0.0452505648 0.0120295007
  vertex -0.0666655451 0.0452541895 0.0146126635
  endloop
 endfacet

 facet normal -0.900936961 0.431851 0.0426325351
  outer loop
  vertex -0.0666464344 0.0452940688 0.0146126635
  vertex -0.0666655451 0.0452541895 0.0146126635
  vertex -0.0666636378 0.0452541895 0.0146530569
  endloop
 endfacet

 facet normal -0.900529563 0.432608068 0.0435535088
  outer loop
  vertex -0.0666464344 0.0452940688 0.0146126635
  vertex -0.0666636378 0.0452541895 0.0146530569
  vertex -0.0666445196 0.0452940688 0.0146521851
  endloop
 endfacet

 facet normal -0.896128833 0.431788296 0.102528155
  outer loop
  vertex -0.0666445196 0.0452940688 0.0146521851
  vertex -0.0666636378 0.0452541895 0.0146530569
  vertex -0.0666406974 0.0452926196 0.0146917067
  endloop
 endfacet

 facet normal -0.904809475 0.403619647 0.13568747
  outer loop
  vertex -0.0666406974 0.0452926196 0.0146917067
  vertex -0.0666636378 0.0452541895 0.0146530569
  vertex -0.0666579008 0.0452534631 0.0146934502
  endloop
 endfacet

 facet normal -0.895264268 0.401941866 0.192210123
  outer loop
  vertex -0.0666406974 0.0452926196 0.0146917067
  vertex -0.0666579008 0.0452534631 0.0146934502
  vertex -0.0666330531 0.0452911668 0.0147303576
  endloop
 endfacet

 facet normal -0.896951437 0.39308238 0.202396616
  outer loop
  vertex -0.0666330531 0.0452911668 0.0147303576
  vertex -0.0666579008 0.0452534631 0.0146934502
  vertex -0.0666502565 0.0452505648 0.0147329727
  endloop
 endfacet

 facet normal -0.879205227 0.3901411 0.273474157
  outer loop
  vertex -0.0666330531 0.0452911668 0.0147303576
  vertex -0.0666502565 0.0452505648 0.0147329727
  vertex -0.0666387826 0.045249112 0.0147719132
  endloop
 endfacet

 facet normal -0.872098088 0.39893955 0.283358991
  outer loop
  vertex -0.0666330531 0.0452911668 0.0147303576
  vertex -0.0666387826 0.045249112 0.0147719132
  vertex -0.0666215792 0.0452889912 0.0147687169
  endloop
 endfacet

 facet normal -0.85237968 0.395171344 0.342474282
  outer loop
  vertex -0.0666215792 0.0452889912 0.0147687169
  vertex -0.0666387826 0.045249112 0.0147719132
  vertex -0.0666254014 0.0452454872 0.0148094008
  endloop
 endfacet

 facet normal -0.848769069 0.399029315 0.346939027
  outer loop
  vertex -0.0666215792 0.0452889912 0.0147687169
  vertex -0.0666254014 0.0452454872 0.0148094008
  vertex -0.066608198 0.0452853665 0.0148056224
  endloop
 endfacet

 facet normal -0.816899538 0.392455339 0.422674954
  outer loop
  vertex -0.066608198 0.0452853665 0.0148056224
  vertex -0.0666254014 0.0452454872 0.0148094008
  vertex -0.066608198 0.0452418625 0.0148460167
  endloop
 endfacet

 facet normal -0.809581041 0.399414748 0.430170238
  outer loop
  vertex -0.066608198 0.0452853665 0.0148056224
  vertex -0.066608198 0.0452418625 0.0148460167
  vertex -0.0665909946 0.0452817418 0.0148413666
  endloop
 endfacet

 facet normal -0.779116571 0.393055886 0.488348722
  outer loop
  vertex -0.0665909946 0.0452817418 0.0148413666
  vertex -0.066608198 0.0452418625 0.0148460167
  vertex -0.0665718839 0.0452766679 0.0148759494
  endloop
 endfacet

 facet normal -0.687856853 0.366346329 0.626612604
  outer loop
  vertex -0.0665489435 0.0452715904 0.0149079142
  vertex -0.0665642321 0.0452324376 0.0149140172
  vertex -0.0665393844 0.0452259108 0.0149451122
  endloop
 endfacet

 facet normal -0.665254533 0.382802546 0.641013801
  outer loop
  vertex -0.0665489435 0.0452715904 0.0149079142
  vertex -0.0665393844 0.0452259108 0.0149451122
  vertex -0.066522181 0.0452665165 0.0149387186
  endloop
 endfacet

 facet normal -0.724609196 0.373323679 0.579284966
  outer loop
  vertex -0.0665489435 0.0452715904 0.0149079142
  vertex -0.0665718839 0.0452766679 0.0148759494
  vertex -0.0665642321 0.0452324376 0.0149140172
  endloop
 endfacet

 facet normal -0.774947286 0.364857107 0.516077459
  outer loop
  vertex -0.0665718839 0.0452766679 0.0148759494
  vertex -0.066608198 0.0452418625 0.0148460167
  vertex -0.0665871724 0.0452367887 0.0148811797
  endloop
 endfacet

 facet normal -0.742204905 0.358849227 0.566002727
  outer loop
  vertex -0.0665718839 0.0452766679 0.0148759494
  vertex -0.0665871724 0.0452367887 0.0148811797
  vertex -0.0665642321 0.0452324376 0.0149140172
  endloop
 endfacet

 facet normal -0.623342752 0.372377485 0.687589169
  outer loop
  vertex -0.066522181 0.0452665165 0.0149387186
  vertex -0.0665393844 0.0452259108 0.0149451122
  vertex -0.0664954185 0.0452592634 0.014966907
  endloop
 endfacet

 facet normal -0.61890322 0.359471858 0.698382974
  outer loop
  vertex -0.0664954185 0.0452592634 0.014966907
  vertex -0.0665393844 0.0452259108 0.0149451122
  vertex -0.0665107071 0.0452193841 0.0149738817
  endloop
 endfacet

 facet normal -0.587722123 0.352717131 0.728129983
  outer loop
  vertex -0.0664954185 0.0452592634 0.014966907
  vertex -0.0665107071 0.0452193841 0.0149738817
  vertex -0.0664839447 0.0452135839 0.0149982916
  endloop
 endfacet

 facet normal -0.580474555 0.357068002 0.731814027
  outer loop
  vertex -0.0664954185 0.0452592634 0.014966907
  vertex -0.0664839447 0.0452135839 0.0149982916
  vertex -0.0664667413 0.0452534631 0.0149924802
  endloop
 endfacet

 facet normal -0.527032673 0.340818226 0.778511107
  outer loop
  vertex -0.0664667413 0.0452534631 0.0149924802
  vertex -0.0664839447 0.0452135839 0.0149982916
  vertex -0.066459097 0.045252014 0.0149982916
  endloop
 endfacet

 facet normal -0.194398284 -0.976352632 -0.094577156
  outer loop
  vertex -0.0670535937 0.0386103503 0.0149982916
  vertex -0.0676289722 0.0387249105 0.0149982916
  vertex -0.0676175058 0.0387372375 0.0148474695
  endloop
 endfacet

 facet normal -0.177326486 -0.971920729 -0.154678553
  outer loop
  vertex -0.0670535937 0.0386103503 0.0149982916
  vertex -0.0676175058 0.0387372375 0.0148474695
  vertex -0.0676098615 0.038748838 0.0147658102
  endloop
 endfacet

 facet normal -0.21183005 -0.964633882 -0.156873956
  outer loop
  vertex -0.0676098615 0.038748838 0.0147658102
  vertex -0.0676175058 0.0387372375 0.0148474695
  vertex -0.0676461831 0.0387568139 0.0147658102
  endloop
 endfacet

 facet normal -0.210120767 -0.956849992 -0.20071739
  outer loop
  vertex -0.0676098615 0.038748838 0.0147658102
  vertex -0.0676461831 0.0387568139 0.0147658102
  vertex -0.0676003024 0.0387655161 0.0146763045
  endloop
 endfacet

 facet normal -0.21579513 -0.955008864 -0.203446925
  outer loop
  vertex -0.0676003024 0.0387655161 0.0146763045
  vertex -0.0676461831 0.0387568139 0.0147658102
  vertex -0.0676385313 0.0387742147 0.014676014
  endloop
 endfacet

 facet normal -0.214314848 -0.949380338 -0.229665622
  outer loop
  vertex -0.0676003024 0.0387655161 0.0146763045
  vertex -0.0676385313 0.0387742147 0.014676014
  vertex -0.0676270649 0.0387930684 0.0145873809
  endloop
 endfacet

 facet normal -0.247827768 -0.940582991 -0.232131213
  outer loop
  vertex -0.0676270649 0.0387930684 0.0145873809
  vertex -0.0676385313 0.0387742147 0.014676014
  vertex -0.0676748529 0.0387836434 0.014676596
  endloop
 endfacet

 facet normal -0.268857658 -0.932151675 -0.242505357
  outer loop
  vertex -0.0676270649 0.0387930684 0.0145873809
  vertex -0.0676748529 0.0387836434 0.014676596
  vertex -0.0676652938 0.0388039425 0.0145879621
  endloop
 endfacet

 facet normal -0.266688108 -0.92258662 -0.278767645
  outer loop
  vertex -0.0676270649 0.0387930684 0.0145873809
  vertex -0.0676652938 0.0388039425 0.0145879621
  vertex -0.0676538274 0.0388271473 0.0145002007
  endloop
 endfacet

 facet normal -0.26040861 -0.923666835 -0.281117499
  outer loop
  vertex -0.0676270649 0.0387930684 0.0145873809
  vertex -0.0676538274 0.0388271473 0.0145002007
  vertex -0.0676175058 0.0388169959 0.0144999092
  endloop
 endfacet

 facet normal -0.302255839 -0.911062419 -0.280368805
  outer loop
  vertex -0.0676538274 0.0388271473 0.0145002007
  vertex -0.0676652938 0.0388039425 0.0145879621
  vertex -0.0676920563 0.0388394743 0.0145013621
  endloop
 endfacet

 facet normal -0.29949677 -0.898746371 -0.32024464
  outer loop
  vertex -0.0676538274 0.0388271473 0.0145002007
  vertex -0.0676920563 0.0388394743 0.0145013621
  vertex -0.0676805899 0.0388663001 0.0144153442
  endloop
 endfacet

 facet normal -0.297491968 -0.899124324 -0.3210513
  outer loop
  vertex -0.0676538274 0.0388271473 0.0145002007
  vertex -0.0676805899 0.0388663001 0.0144153442
  vertex -0.0676442683 0.0388546996 0.0144141819
  endloop
 endfacet

 facet normal -0.39798519 -0.859363914 -0.321094275
  outer loop
  vertex -0.0676805899 0.0388663001 0.0144153442
  vertex -0.0676920563 0.0388394743 0.0145013621
  vertex -0.0677283779 0.038855426 0.0145036876
  endloop
 endfacet

 facet normal -0.400039375 -0.858053625 -0.322044194
  outer loop
  vertex -0.0676805899 0.0388663001 0.0144153442
  vertex -0.0677283779 0.038855426 0.0145036876
  vertex -0.0677169114 0.0388822518 0.0144179594
  endloop
 endfacet

 facet normal -0.39743343 -0.847063303 -0.352888614
  outer loop
  vertex -0.0676805899 0.0388663001 0.0144153442
  vertex -0.0677169114 0.0388822518 0.0144179594
  vertex -0.0677054375 0.0389119796 0.0143336849
  endloop
 endfacet

 facet normal -0.372813225 -0.853530884 -0.363999009
  outer loop
  vertex -0.0676805899 0.0388663001 0.0144153442
  vertex -0.0677054375 0.0389119796 0.0143336849
  vertex -0.067669116 0.0388974808 0.0143304877
  endloop
 endfacet

 facet normal -0.370862484 -0.842986524 -0.389659822
  outer loop
  vertex -0.067669116 0.0388974808 0.0143304877
  vertex -0.0677054375 0.0389119796 0.0143336849
  vertex -0.0676958784 0.0389460586 0.0142508633
  endloop
 endfacet

 facet normal -0.428520769 -0.81709075 -0.385658801
  outer loop
  vertex -0.0676958784 0.0389460586 0.0142508633
  vertex -0.0677054375 0.0389119796 0.0143336849
  vertex -0.0677417591 0.0389293805 0.0143371727
  endloop
 endfacet

 facet normal -0.438577414 -0.809850276 -0.389605433
  outer loop
  vertex -0.0676958784 0.0389460586 0.0142508633
  vertex -0.0677417591 0.0389293805 0.0143371727
  vertex -0.0677302852 0.0389627367 0.0142549323
  endloop
 endfacet

 facet normal -0.434331775 -0.79102838 -0.4308483
  outer loop
  vertex -0.0676958784 0.0389460586 0.0142508633
  vertex -0.0677302852 0.0389627367 0.0142549323
  vertex -0.0677188188 0.0390004404 0.0141741447
  endloop
 endfacet

 facet normal -0.417931199 -0.795437217 -0.438877165
  outer loop
  vertex -0.0676958784 0.0389460586 0.0142508633
  vertex -0.0677188188 0.0390004404 0.0141741447
  vertex -0.0676824972 0.0389837623 0.0141697852
  endloop
 endfacet

 facet normal -0.415103763 -0.782837391 -0.463523984
  outer loop
  vertex -0.0676824972 0.0389837623 0.0141697852
  vertex -0.0677188188 0.0390004404 0.0141741447
  vertex -0.067669116 0.0390236415 0.0140904505
  endloop
 endfacet

 facet normal -0.420793653 -0.778496444 -0.465699494
  outer loop
  vertex -0.067669116 0.0390236415 0.0140904505
  vertex -0.0677188188 0.0390004404 0.0141741447
  vertex -0.0677054375 0.0390403196 0.0140953911
  endloop
 endfacet

 facet normal -0.470197648 -0.730014265 -0.495977312
  outer loop
  vertex -0.0676920563 0.0390838236 0.0140186725
  vertex -0.0677054375 0.0390403196 0.0140953911
  vertex -0.0677283779 0.0391026735 0.0140253566
  endloop
 endfacet

 facet normal -0.546905637 -0.685161233 -0.481090665
  outer loop
  vertex -0.0677283779 0.0391026735 0.0140253566
  vertex -0.0677417591 0.039059896 0.0141014941
  vertex -0.0677627847 0.0391244255 0.0140334927
  endloop
 endfacet

 facet normal -0.542690873 -0.667977035 -0.50920862
  outer loop
  vertex -0.0677283779 0.0391026735 0.0140253566
  vertex -0.0677627847 0.0391244255 0.0140334927
  vertex -0.0677494034 0.0391693823 0.0139602609
  endloop
 endfacet

 facet normal -0.520435333 -0.674740314 -0.523328424
  outer loop
  vertex -0.0677283779 0.0391026735 0.0140253566
  vertex -0.0677494034 0.0391693823 0.0139602609
  vertex -0.0677130818 0.039148353 0.0139512531
  endloop
 endfacet

 facet normal -0.475559056 -0.728588939 -0.492952198
  outer loop
  vertex -0.0677283779 0.0391026735 0.0140253566
  vertex -0.0677054375 0.0390403196 0.0140953911
  vertex -0.0677417591 0.039059896 0.0141014941
  endloop
 endfacet

 facet normal -0.515766501 -0.653566957 -0.553927064
  outer loop
  vertex -0.0677130818 0.039148353 0.0139512531
  vertex -0.0677494034 0.0391693823 0.0139602609
  vertex -0.0676997006 0.0391983837 0.0138797648
  endloop
 endfacet

 facet normal -0.522425115 -0.646817803 -0.555606604
  outer loop
  vertex -0.0676997006 0.0391983837 0.0138797648
  vertex -0.0677494034 0.0391693823 0.0139602609
  vertex -0.0677341148 0.0392186865 0.013888482
  endloop
 endfacet

 facet normal -0.550148785 -0.500607729 -0.668377399
  outer loop
  vertex -0.0676576495 0.0395036377 0.0135725979
  vertex -0.0676901489 0.0393818282 0.0136905825
  vertex -0.0676920563 0.0395232141 0.0135862567
  endloop
 endfacet

 facet normal -0.537560821 -0.445151269 -0.716148555
  outer loop
  vertex -0.0676576495 0.0395036377 0.0135725979
  vertex -0.0676920563 0.0395232141 0.0135862567
  vertex -0.0676595643 0.0396522805 0.0134816393
  endloop
 endfacet

 facet normal -0.593289495 -0.598956347 -0.537828088
  outer loop
  vertex -0.0677341148 0.0392186865 0.013888482
  vertex -0.0677494034 0.0391693823 0.0139602609
  vertex -0.0677666068 0.0392404385 0.0139001068
  endloop
 endfacet

 facet normal -0.590381205 -0.58467418 -0.556422532
  outer loop
  vertex -0.0677341148 0.0392186865 0.013888482
  vertex -0.0677666068 0.0392404385 0.0139001068
  vertex -0.0677207336 0.0392701663 0.0138201909
  endloop
 endfacet

 facet normal -0.59499532 -0.579339802 -0.557087004
  outer loop
  vertex -0.0677207336 0.0392701663 0.0138201909
  vertex -0.0677666068 0.0392404385 0.0139001068
  vertex -0.0677532256 0.0392926447 0.0138315242
  endloop
 endfacet

 facet normal -0.586033285 -0.544890106 -0.599716425
  outer loop
  vertex -0.0677207336 0.0392701663 0.0138201909
  vertex -0.0677532256 0.0392926447 0.0138315242
  vertex -0.0677245557 0.0394028537 0.0137033695
  endloop
 endfacet

 facet normal -0.565607667 -0.554071367 -0.610813379
  outer loop
  vertex -0.0677207336 0.0392701663 0.0138201909
  vertex -0.0677245557 0.0394028537 0.0137033695
  vertex -0.0676901489 0.0393818282 0.0136905825
  endloop
 endfacet

 facet normal -0.553060532 -0.499489725 -0.666808963
  outer loop
  vertex -0.0676901489 0.0393818282 0.0136905825
  vertex -0.0677245557 0.0394028537 0.0137033695
  vertex -0.0676920563 0.0395232141 0.0135862567
  endloop
 endfacet

 facet normal -0.568958879 -0.354185045 -0.742185116
  outer loop
  vertex -0.0676251501 0.0397900417 0.0133895185
  vertex -0.0676595643 0.0396522805 0.0134816393
  vertex -0.0676595643 0.039808169 0.0134072453
  endloop
 endfacet

 facet normal -0.554654479 -0.290222734 -0.779826403
  outer loop
  vertex -0.0676251501 0.0397900417 0.0133895185
  vertex -0.0676595643 0.039808169 0.0134072453
  vertex -0.0676251501 0.039952457 0.0133290729
  endloop
 endfacet

 facet normal -0.595079422 -0.41031 -0.691032767
  outer loop
  vertex -0.0676595643 0.0396522805 0.0134816393
  vertex -0.0676920563 0.0395232141 0.0135862567
  vertex -0.0676939711 0.039673306 0.013498785
  endloop
 endfacet

 facet normal -0.580494344 -0.350695699 -0.734873414
  outer loop
  vertex -0.0676595643 0.0396522805 0.0134816393
  vertex -0.0676939711 0.039673306 0.013498785
  vertex -0.0676595643 0.039808169 0.0134072453
  endloop
 endfacet

 facet normal -0.609640062 -0.186347649 -0.770463228
  outer loop
  vertex -0.067588836 0.0401003733 0.0132645592
  vertex -0.0676251501 0.039952457 0.0133290729
  vertex -0.0676576495 0.0399698615 0.013350578
  endloop
 endfacet

 facet normal -0.610360801 -0.185695276 -0.770049989
  outer loop
  vertex -0.067588836 0.0401003733 0.0132645592
  vertex -0.0676576495 0.0399698615 0.013350578
  vertex -0.0676213279 0.0401155986 0.0132866455
  endloop
 endfacet

 facet normal -0.605122387 -0.160346195 -0.779817998
  outer loop
  vertex -0.067588836 0.0401003733 0.0132645592
  vertex -0.0676213279 0.0401155986 0.0132866455
  vertex -0.0669484586 0.0436902083 0.0120295007
  endloop
 endfacet

 facet normal -0.551457286 -0.181736574 -0.814166307
  outer loop
  vertex -0.067588836 0.0401003733 0.0132645592
  vertex -0.0669484586 0.0436902083 0.0120295007
  vertex -0.0669350773 0.0436496027 0.0120295007
  endloop
 endfacet

 facet normal -0.624233007 -0.251807034 -0.739544809
  outer loop
  vertex -0.0676251501 0.039952457 0.0133290729
  vertex -0.0676595643 0.039808169 0.0134072453
  vertex -0.0676576495 0.0399698615 0.013350578
  endloop
 endfacet

 facet normal -0.938138008 0.346261621 0
  outer loop
  vertex -0.0666674599 0.0452505648 0.0120295007
  vertex -0.0666808411 0.0452143103 0.0120295007
  vertex -0.0666808411 0.0452143103 0.0146126635
  endloop
 endfacet

 facet normal -0.933702528 0.358049959 0.000188422448
  outer loop
  vertex -0.0666674599 0.0452505648 0.0120295007
  vertex -0.0666808411 0.0452143103 0.0146126635
  vertex -0.0666655451 0.0452541895 0.0146126635
  endloop
 endfacet

 facet normal -0.932792425 0.357700914 0.044139944
  outer loop
  vertex -0.0666655451 0.0452541895 0.0146126635
  vertex -0.0666808411 0.0452143103 0.0146126635
  vertex -0.0666636378 0.0452541895 0.0146530569
  endloop
 endfacet

 facet normal -0.934528708 0.352332443 0.0501794778
  outer loop
  vertex -0.0666636378 0.0452541895 0.0146530569
  vertex -0.0666808411 0.0452143103 0.0146126635
  vertex -0.0666789263 0.0452135839 0.0146533465
  endloop
 endfacet

 facet normal -0.926571369 0.349960715 0.137814745
  outer loop
  vertex -0.0666636378 0.0452541895 0.0146530569
  vertex -0.0666789263 0.0452135839 0.0146533465
  vertex -0.0666579008 0.0452534631 0.0146934502
  endloop
 endfacet

 facet normal -0.927369893 0.346137792 0.142034978
  outer loop
  vertex -0.0666579008 0.0452534631 0.0146934502
  vertex -0.0666789263 0.0452135839 0.0146533465
  vertex -0.0666731969 0.0452121347 0.0146943228
  endloop
 endfacet

 facet normal -0.919617355 0.344263881 0.189172775
  outer loop
  vertex -0.0666579008 0.0452534631 0.0146934502
  vertex -0.0666731969 0.0452121347 0.0146943228
  vertex -0.0666655451 0.0452106856 0.014734135
  endloop
 endfacet

 facet normal -0.912342429 0.355766982 0.202635512
  outer loop
  vertex -0.0666579008 0.0452534631 0.0146934502
  vertex -0.0666655451 0.0452106856 0.014734135
  vertex -0.0666502565 0.0452505648 0.0147329727
  endloop
 endfacet

 facet normal -0.894566178 0.351105154 0.276544183
  outer loop
  vertex -0.0666502565 0.0452505648 0.0147329727
  vertex -0.0666655451 0.0452106856 0.014734135
  vertex -0.0666387826 0.045249112 0.0147719132
  endloop
 endfacet

 facet normal -0.89532274 0.335695416 0.292755395
  outer loop
  vertex -0.0666387826 0.045249112 0.0147719132
  vertex -0.0666655451 0.0452106856 0.014734135
  vertex -0.0666540787 0.0452070609 0.014773366
  endloop
 endfacet

 facet normal -0.87803793 0.331231087 0.345449716
  outer loop
  vertex -0.0666387826 0.045249112 0.0147719132
  vertex -0.0666540787 0.0452070609 0.014773366
  vertex -0.0666254014 0.0452454872 0.0148094008
  endloop
 endfacet

 facet normal -0.877124429 0.312556565 0.364638388
  outer loop
  vertex -0.0666254014 0.0452454872 0.0148094008
  vertex -0.0666540787 0.0452070609 0.014773366
  vertex -0.0666387826 0.0452048853 0.0148120169
  endloop
 endfacet

 facet normal -0.861319721 0.309799254 0.402682066
  outer loop
  vertex -0.0666254014 0.0452454872 0.0148094008
  vertex -0.0666387826 0.0452048853 0.0148120169
  vertex -0.066623494 0.0451998077 0.0148486318
  endloop
 endfacet

 facet normal -0.840566516 0.332271218 0.427836269
  outer loop
  vertex -0.0666254014 0.0452454872 0.0148094008
  vertex -0.066623494 0.0451998077 0.0148486318
  vertex -0.066608198 0.0452418625 0.0148460167
  endloop
 endfacet

 facet normal -0.788308322 0.330335796 0.519084156
  outer loop
  vertex -0.066608198 0.0452418625 0.0148460167
  vertex -0.0666024685 0.045196183 0.0148837948
  vertex -0.0665871724 0.0452367887 0.0148811797
  endloop
 endfacet

 facet normal -0.797627568 0.321775407 0.510147929
  outer loop
  vertex -0.066608198 0.0452418625 0.0148460167
  vertex -0.066623494 0.0451998077 0.0148486318
  vertex -0.0666024685 0.045196183 0.0148837948
  endloop
 endfacet

 facet normal -0.716977358 0.290074825 0.633877039
  outer loop
  vertex -0.0665642321 0.0452324376 0.0149140172
  vertex -0.0665527657 0.0451845825 0.0149488896
  vertex -0.0665393844 0.0452259108 0.0149451122
  endloop
 endfacet

 facet normal -0.755780399 0.321397901 0.570525527
  outer loop
  vertex -0.0665642321 0.0452324376 0.0149140172
  vertex -0.0665871724 0.0452367887 0.0148811797
  vertex -0.0666024685 0.045196183 0.0148837948
  endloop
 endfacet

 facet normal -0.748161495 0.292481244 0.595574617
  outer loop
  vertex -0.0665642321 0.0452324376 0.0149140172
  vertex -0.0666024685 0.045196183 0.0148837948
  vertex -0.0665776134 0.0451911092 0.014917505
  endloop
 endfacet

 facet normal -0.721181095 0.286703944 0.630633593
  outer loop
  vertex -0.0665642321 0.0452324376 0.0149140172
  vertex -0.0665776134 0.0451911092 0.014917505
  vertex -0.0665527657 0.0451845825 0.0149488896
  endloop
 endfacet

 facet normal -0.655894697 0.276558787 0.702365518
  outer loop
  vertex -0.0665393844 0.0452259108 0.0149451122
  vertex -0.0665527657 0.0451845825 0.0149488896
  vertex -0.0665240884 0.0451787822 0.0149779497
  endloop
 endfacet

 facet normal -0.646163583 0.283932865 0.708417118
  outer loop
  vertex -0.0665393844 0.0452259108 0.0149451122
  vertex -0.0665240884 0.0451787822 0.0149779497
  vertex -0.0665107071 0.0452193841 0.0149738817
  endloop
 endfacet

 facet normal -0.614243865 0.276487321 0.739093542
  outer loop
  vertex -0.0665107071 0.0452193841 0.0149738817
  vertex -0.0665240884 0.0451787822 0.0149779497
  vertex -0.0664839447 0.0452135839 0.0149982916
  endloop
 endfacet

 facet normal -0.607227027 0.261960357 0.750101447
  outer loop
  vertex -0.0664839447 0.0452135839 0.0149982916
  vertex -0.0665240884 0.0451787822 0.0149779497
  vertex -0.0665011555 0.0451737046 0.0149982916
  endloop
 endfacet

 facet normal -0.227509648 -0.968983173 -0.0964929238
  outer loop
  vertex -0.0676289722 0.0387249105 0.0149982916
  vertex -0.067669116 0.0387343355 0.0149982916
  vertex -0.0676175058 0.0387372375 0.0148474695
  endloop
 endfacet

 facet normal -0.236118227 -0.966627717 -0.0993935242
  outer loop
  vertex -0.0676175058 0.0387372375 0.0148474695
  vertex -0.067669116 0.0387343355 0.0149982916
  vertex -0.0676538274 0.0387452133 0.0148561876
  endloop
 endfacet

 facet normal -0.245055422 -0.958784699 -0.143804938
  outer loop
  vertex -0.0676175058 0.0387372375 0.0148474695
  vertex -0.0676538274 0.0387452133 0.0148561876
  vertex -0.0676461831 0.0387568139 0.0147658102
  endloop
 endfacet

 facet normal -0.288276702 -0.946371496 -0.145868555
  outer loop
  vertex -0.0676461831 0.0387568139 0.0147658102
  vertex -0.0676538274 0.0387452133 0.0148561876
  vertex -0.0676920563 0.0387568139 0.0148564782
  endloop
 endfacet

 facet normal -0.303222746 -0.94048655 -0.153431267
  outer loop
  vertex -0.0676461831 0.0387568139 0.0147658102
  vertex -0.0676920563 0.0387568139 0.0148564782
  vertex -0.067684412 0.0387691408 0.0147658102
  endloop
 endfacet

 facet normal -0.301596016 -0.935440958 -0.184363991
  outer loop
  vertex -0.0676461831 0.0387568139 0.0147658102
  vertex -0.067684412 0.0387691408 0.0147658102
  vertex -0.0676748529 0.0387836434 0.014676596
  endloop
 endfacet

 facet normal -0.248961195 -0.946645081 -0.204650074
  outer loop
  vertex -0.0676461831 0.0387568139 0.0147658102
  vertex -0.0676748529 0.0387836434 0.014676596
  vertex -0.0676385313 0.0387742147 0.014676014
  endloop
 endfacet

 facet normal -0.353635132 -0.916528165 -0.18686448
  outer loop
  vertex -0.0676748529 0.0387836434 0.014676596
  vertex -0.067684412 0.0387691408 0.0147658102
  vertex -0.0677111745 0.0387974195 0.0146777583
  endloop
 endfacet

 facet normal -0.35112536 -0.905605435 -0.237886593
  outer loop
  vertex -0.0676748529 0.0387836434 0.014676596
  vertex -0.0677111745 0.0387974195 0.0146777583
  vertex -0.0677016154 0.0388169959 0.0145891244
  endloop
 endfacet

 facet normal -0.334831595 -0.909992218 -0.244544327
  outer loop
  vertex -0.0676748529 0.0387836434 0.014676596
  vertex -0.0677016154 0.0388169959 0.0145891244
  vertex -0.0676652938 0.0388039425 0.0145879621
  endloop
 endfacet

 facet normal -0.33340314 -0.903943241 -0.267822474
  outer loop
  vertex -0.0676652938 0.0388039425 0.0145879621
  vertex -0.0677016154 0.0388169959 0.0145891244
  vertex -0.0676920563 0.0388394743 0.0145013621
  endloop
 endfacet

 facet normal -0.401741326 -0.875653863 -0.26801905
  outer loop
  vertex -0.0676920563 0.0388394743 0.0145013621
  vertex -0.0677016154 0.0388169959 0.0145891244
  vertex -0.0677283779 0.038855426 0.0145036876
  endloop
 endfacet

 facet normal -0.470514506 -0.842901945 -0.261022151
  outer loop
  vertex -0.0677283779 0.038855426 0.0145036876
  vertex -0.067737937 0.0388336703 0.0145911584
  vertex -0.0677627847 0.0388735496 0.0145071745
  endloop
 endfacet

 facet normal -0.467852771 -0.829255521 -0.30569452
  outer loop
  vertex -0.0677283779 0.038855426 0.0145036876
  vertex -0.0677627847 0.0388735496 0.0145071745
  vertex -0.0677532256 0.0388996527 0.0144217378
  endloop
 endfacet

 facet normal -0.436150074 -0.840524614 -0.321389914
  outer loop
  vertex -0.0677283779 0.038855426 0.0145036876
  vertex -0.0677532256 0.0388996527 0.0144217378
  vertex -0.0677169114 0.0388822518 0.0144179594
  endloop
 endfacet

 facet normal -0.41477704 -0.871382952 -0.262014806
  outer loop
  vertex -0.0677283779 0.038855426 0.0145036876
  vertex -0.0677016154 0.0388169959 0.0145891244
  vertex -0.067737937 0.0388336703 0.0145911584
  endloop
 endfacet

 facet normal -0.43407619 -0.829855621 -0.350595921
  outer loop
  vertex -0.0677169114 0.0388822518 0.0144179594
  vertex -0.0677532256 0.0388996527 0.0144217378
  vertex -0.0677417591 0.0389293805 0.0143371727
  endloop
 endfacet

 facet normal -0.431733012 -0.830591142 -0.351745814
  outer loop
  vertex -0.0677169114 0.0388822518 0.0144179594
  vertex -0.0677417591 0.0389293805 0.0143371727
  vertex -0.0677054375 0.0389119796 0.0143336849
  endloop
 endfacet

 facet normal -0.513148844 -0.785577714 -0.345754385
  outer loop
  vertex -0.0677417591 0.0389293805 0.0143371727
  vertex -0.0677532256 0.0388996527 0.0144217378
  vertex -0.0677761659 0.0389496833 0.0143421125
  endloop
 endfacet

 facet normal -0.509536505 -0.770282447 -0.383454859
  outer loop
  vertex -0.0677417591 0.0389293805 0.0143371727
  vertex -0.0677761659 0.0389496833 0.0143421125
  vertex -0.0677302852 0.0389627367 0.0142549323
  endloop
 endfacet

 facet normal -0.522744596 -0.758728683 -0.388675869
  outer loop
  vertex -0.0677302852 0.0389627367 0.0142549323
  vertex -0.0677761659 0.0389496833 0.0143421125
  vertex -0.0677646995 0.0389837623 0.0142601626
  endloop
 endfacet

 facet normal -0.520406961 -0.750058532 -0.408153176
  outer loop
  vertex -0.0677302852 0.0389627367 0.0142549323
  vertex -0.0677646995 0.0389837623 0.0142601626
  vertex -0.0677532256 0.0390192904 0.0141802467
  endloop
 endfacet

 facet normal -0.49178192 -0.760172427 -0.42460382
  outer loop
  vertex -0.0677302852 0.0389627367 0.0142549323
  vertex -0.0677532256 0.0390192904 0.0141802467
  vertex -0.0677188188 0.0390004404 0.0141741447
  endloop
 endfacet

 facet normal -0.488580167 -0.744488001 -0.455002248
  outer loop
  vertex -0.0677188188 0.0390004404 0.0141741447
  vertex -0.0677532256 0.0390192904 0.0141802467
  vertex -0.0677417591 0.039059896 0.0141014941
  endloop
 endfacet

 facet normal -0.479975551 -0.747098625 -0.459855556
  outer loop
  vertex -0.0677188188 0.0390004404 0.0141741447
  vertex -0.0677417591 0.039059896 0.0141014941
  vertex -0.0677054375 0.0390403196 0.0140953911
  endloop
 endfacet

 facet normal -0.565165758 -0.696840703 -0.441588819
  outer loop
  vertex -0.0677417591 0.039059896 0.0141014941
  vertex -0.0677532256 0.0390192904 0.0141802467
  vertex -0.067785725 0.0390410423 0.014187512
  endloop
 endfacet

 facet normal -0.572555244 -0.689404726 -0.443736017
  outer loop
  vertex -0.0677417591 0.039059896 0.0141014941
  vertex -0.067785725 0.0390410423 0.014187512
  vertex -0.0677742586 0.039081648 0.0141096311
  endloop
 endfacet

 facet normal -0.569750488 -0.676837623 -0.466127753
  outer loop
  vertex -0.0677417591 0.039059896 0.0141014941
  vertex -0.0677742586 0.039081648 0.0141096311
  vertex -0.0677627847 0.0391244255 0.0140334927
  endloop
 endfacet

 facet normal -0.587599754 -0.664407492 -0.461832464
  outer loop
  vertex -0.0677627847 0.0391244255 0.0140334927
  vertex -0.0677742586 0.039081648 0.0141096311
  vertex -0.0678067505 0.0391041227 0.0141186388
  endloop
 endfacet

 facet normal -0.616362035 -0.63250649 -0.469077229
  outer loop
  vertex -0.0677627847 0.0391244255 0.0140334927
  vertex -0.0678067505 0.0391041227 0.0141186388
  vertex -0.0677933693 0.0391469039 0.014043374
  endloop
 endfacet

 facet normal -0.613205552 -0.618308067 -0.491603583
  outer loop
  vertex -0.0677627847 0.0391244255 0.0140334927
  vertex -0.0677933693 0.0391469039 0.014043374
  vertex -0.0677494034 0.0391693823 0.0139602609
  endloop
 endfacet

 facet normal -0.615823388 -0.615254164 -0.492162466
  outer loop
  vertex -0.0677494034 0.0391693823 0.0139602609
  vertex -0.0677933693 0.0391469039 0.014043374
  vertex -0.0677799881 0.039191857 0.0139704319
  endloop
 endfacet

 facet normal -0.610342622 -0.592689514 -0.525548339
  outer loop
  vertex -0.0677494034 0.0391693823 0.0139602609
  vertex -0.0677799881 0.039191857 0.0139704319
  vertex -0.0677666068 0.0392404385 0.0139001068
  endloop
 endfacet

 facet normal -0.622675896 -0.452810258 -0.638151765
  outer loop
  vertex -0.0676920563 0.0395232141 0.0135862567
  vertex -0.0677245557 0.0394028537 0.0137033695
  vertex -0.0677245557 0.0395449698 0.0136025297
  endloop
 endfacet

 facet normal -0.611313462 -0.404280901 -0.680332839
  outer loop
  vertex -0.0676920563 0.0395232141 0.0135862567
  vertex -0.0677245557 0.0395449698 0.0136025297
  vertex -0.0676939711 0.039673306 0.013498785
  endloop
 endfacet

 facet normal -0.649208903 -0.562437892 -0.512046456
  outer loop
  vertex -0.0677666068 0.0392404385 0.0139001068
  vertex -0.0677799881 0.039191857 0.0139704319
  vertex -0.0677971914 0.039264366 0.0139126023
  endloop
 endfacet

 facet normal -0.644816339 -0.543655097 -0.537262559
  outer loop
  vertex -0.0677666068 0.0392404385 0.0139001068
  vertex -0.0677971914 0.039264366 0.0139126023
  vertex -0.0677838102 0.0393151194 0.013845183
  endloop
 endfacet

 facet normal -0.641557336 -0.544866264 -0.539930403
  outer loop
  vertex -0.0677666068 0.0392404385 0.0139001068
  vertex -0.0677838102 0.0393151194 0.013845183
  vertex -0.0677532256 0.0392926447 0.0138315242
  endloop
 endfacet

 facet normal -0.634341776 -0.510251343 -0.580735743
  outer loop
  vertex -0.0677532256 0.0392926447 0.0138315242
  vertex -0.0677838102 0.0393151194 0.013845183
  vertex -0.0677245557 0.0394028537 0.0137033695
  endloop
 endfacet

 facet normal -0.643273652 -0.501147091 -0.578835666
  outer loop
  vertex -0.0677245557 0.0394028537 0.0137033695
  vertex -0.0677838102 0.0393151194 0.013845183
  vertex -0.0677551404 0.0394253321 0.0137178982
  endloop
 endfacet

 facet normal -0.630690753 -0.449080318 -0.632894993
  outer loop
  vertex -0.0677245557 0.0394028537 0.0137033695
  vertex -0.0677551404 0.0394253321 0.0137178982
  vertex -0.0677245557 0.0395449698 0.0136025297
  endloop
 endfacet

 facet normal -0.640600681 -0.312612474 -0.701358795
  outer loop
  vertex -0.0676595643 0.039808169 0.0134072453
  vertex -0.0676939711 0.039673306 0.013498785
  vertex -0.0676920563 0.0398284718 0.0134278778
  endloop
 endfacet

 facet normal -0.625824511 -0.251368672 -0.738347828
  outer loop
  vertex -0.0676595643 0.039808169 0.0134072453
  vertex -0.0676920563 0.0398284718 0.0134278778
  vertex -0.0676576495 0.0399698615 0.013350578
  endloop
 endfacet

 facet normal -0.653896928 -0.375246048 -0.656969726
  outer loop
  vertex -0.0676939711 0.039673306 0.013498785
  vertex -0.0677245557 0.0395449698 0.0136025297
  vertex -0.0677551404 0.0395667218 0.013620547
  endloop
 endfacet

 facet normal -0.662030339 -0.366746366 -0.653615415
  outer loop
  vertex -0.0676939711 0.039673306 0.013498785
  vertex -0.0677551404 0.0395667218 0.013620547
  vertex -0.0677245557 0.0396943353 0.0135179646
  endloop
 endfacet

 facet normal -0.648798525 -0.309654742 -0.69510752
  outer loop
  vertex -0.0676939711 0.039673306 0.013498785
  vertex -0.0677245557 0.0396943353 0.0135179646
  vertex -0.0676920563 0.0398284718 0.0134278778
  endloop
 endfacet

 facet normal -0.67792362 -0.218729541 -0.701838255
  outer loop
  vertex -0.0676576495 0.0399698615 0.013350578
  vertex -0.0676920563 0.0398284718 0.0134278778
  vertex -0.0676882342 0.0399872623 0.0133746974
  endloop
 endfacet

 facet normal -0.664614022 -0.155013889 -0.73093015
  outer loop
  vertex -0.0676576495 0.0399698615 0.013350578
  vertex -0.0676882342 0.0399872623 0.0133746974
  vertex -0.0676213279 0.0401155986 0.0132866455
  endloop
 endfacet

 facet normal -0.672685385 -0.146877781 -0.725204408
  outer loop
  vertex -0.0676213279 0.0401155986 0.0132866455
  vertex -0.0676882342 0.0399872623 0.0133746974
  vertex -0.0676519126 0.0401322767 0.0133116366
  endloop
 endfacet

 facet normal -0.669287443 -0.131568059 -0.731262088
  outer loop
  vertex -0.0676213279 0.0401155986 0.0132866455
  vertex -0.0676519126 0.0401322767 0.0133116366
  vertex -0.0669675767 0.0437772162 0.0120295007
  endloop
 endfacet

 facet normal -0.656596482 -0.137391165 -0.741623044
  outer loop
  vertex -0.0676213279 0.0401155986 0.0132866455
  vertex -0.0669675767 0.0437772162 0.0120295007
  vertex -0.0669580176 0.0437315367 0.0120295007
  endloop
 endfacet

 facet normal -0.635492027 -0.146954149 -0.757993639
  outer loop
  vertex -0.0676213279 0.0401155986 0.0132866455
  vertex -0.0669580176 0.0437315367 0.0120295007
  vertex -0.0669484586 0.0436902083 0.0120295007
  endloop
 endfacet

 facet normal -0.962842166 0.270064801 0
  outer loop
  vertex -0.0666808411 0.0452143103 0.0120295007
  vertex -0.0666904002 0.0451802313 0.0120295007
  vertex -0.0666808411 0.0452143103 0.0146126635
  endloop
 endfacet

 facet normal -0.964761317 0.26312694 9.86266168e-05
  outer loop
  vertex -0.0666808411 0.0452143103 0.0146126635
  vertex -0.0666904002 0.0451802313 0.0120295007
  vertex -0.0666923076 0.0451722555 0.0146126635
  endloop
 endfacet

 facet normal -0.963556945 0.262798488 0.0499494225
  outer loop
  vertex -0.0666808411 0.0452143103 0.0146126635
  vertex -0.0666923076 0.0451722555 0.0146126635
  vertex -0.0666789263 0.0452135839 0.0146533465
  endloop
 endfacet

 facet normal -0.96445024 0.25857681 0.0545319095
  outer loop
  vertex -0.0666789263 0.0452135839 0.0146533465
  vertex -0.0666923076 0.0451722555 0.0146126635
  vertex -0.0666904002 0.0451708063 0.0146533465
  endloop
 endfacet

 facet normal -0.956717134 0.256503493 0.137470648
  outer loop
  vertex -0.0666789263 0.0452135839 0.0146533465
  vertex -0.0666904002 0.0451708063 0.0146533465
  vertex -0.0666846633 0.0451700799 0.0146946134
  endloop
 endfacet

 facet normal -0.95462203 0.26132673 0.142846614
  outer loop
  vertex -0.0666789263 0.0452135839 0.0146533465
  vertex -0.0666846633 0.0451700799 0.0146946134
  vertex -0.0666731969 0.0452121347 0.0146943228
  endloop
 endfacet

 facet normal -0.946874559 0.259539217 0.189916074
  outer loop
  vertex -0.0666731969 0.0452121347 0.0146943228
  vertex -0.0666846633 0.0451700799 0.0146946134
  vertex -0.066677019 0.0451686308 0.0147347152
  endloop
 endfacet

 facet normal -0.946279764 0.260725737 0.191250294
  outer loop
  vertex -0.0666731969 0.0452121347 0.0146943228
  vertex -0.066677019 0.0451686308 0.0147347152
  vertex -0.0666655451 0.0452106856 0.014734135
  endloop
 endfacet

 facet normal -0.921393692 0.255342275 0.2929748
  outer loop
  vertex -0.0666655451 0.0452106856 0.014734135
  vertex -0.066677019 0.0451686308 0.0147347152
  vertex -0.0666655451 0.0451650061 0.0147739472
  endloop
 endfacet

 facet normal -0.921405494 0.255323738 0.292953551
  outer loop
  vertex -0.0666655451 0.0452106856 0.014734135
  vertex -0.0666655451 0.0451650061 0.0147739472
  vertex -0.0666540787 0.0452070609 0.014773366
  endloop
 endfacet

 facet normal -0.895611048 0.249330401 0.368395418
  outer loop
  vertex -0.0666540787 0.0452070609 0.014773366
  vertex -0.0666655451 0.0451650061 0.0147739472
  vertex -0.0666387826 0.0452048853 0.0148120169
  endloop
 endfacet

 facet normal -0.895295978 0.246715426 0.370913208
  outer loop
  vertex -0.0666387826 0.0452048853 0.0148120169
  vertex -0.0666655451 0.0451650061 0.0147739472
  vertex -0.0666502565 0.0451628305 0.0148123065
  endloop
 endfacet

 facet normal -0.882526755 0.243449569 0.402341813
  outer loop
  vertex -0.0666387826 0.0452048853 0.0148120169
  vertex -0.0666502565 0.0451628305 0.0148123065
  vertex -0.066623494 0.0451998077 0.0148486318
  endloop
 endfacet

 facet normal -0.877897203 0.215045631 0.427845597
  outer loop
  vertex -0.066623494 0.0451998077 0.0148486318
  vertex -0.0666502565 0.0451628305 0.0148123065
  vertex -0.0666330531 0.0451584794 0.0148497941
  endloop
 endfacet

 facet normal -0.849571407 0.210070655 0.483837575
  outer loop
  vertex -0.066623494 0.0451998077 0.0148486318
  vertex -0.0666330531 0.0451584794 0.0148497941
  vertex -0.0666139349 0.0451541282 0.0148852477
  endloop
 endfacet

 facet normal -0.821576595 0.241897285 0.51623404
  outer loop
  vertex -0.066623494 0.0451998077 0.0148486318
  vertex -0.0666139349 0.0451541282 0.0148852477
  vertex -0.0666024685 0.045196183 0.0148837948
  endloop
 endfacet

 facet normal -0.7665416 0.229772434 0.599682271
  outer loop
  vertex -0.0666024685 0.045196183 0.0148837948
  vertex -0.0666139349 0.0451541282 0.0148852477
  vertex -0.0665776134 0.0451911092 0.014917505
  endloop
 endfacet

 facet normal -0.742048681 0.21987617 0.633260012
  outer loop
  vertex -0.0665527657 0.0451845825 0.0149488896
  vertex -0.0665776134 0.0451911092 0.014917505
  vertex -0.0665642321 0.0451425277 0.0149500528
  endloop
 endfacet

 facet normal -0.676199615 0.203982279 0.70791626
  outer loop
  vertex -0.0665527657 0.0451845825 0.0149488896
  vertex -0.0665642321 0.0451425277 0.0149500528
  vertex -0.0665355623 0.0451367274 0.014979112
  endloop
 endfacet

 facet normal -0.67620033 0.203981742 0.707915783
  outer loop
  vertex -0.0665527657 0.0451845825 0.0149488896
  vertex -0.0665355623 0.0451367274 0.014979112
  vertex -0.0665240884 0.0451787822 0.0149779497
  endloop
 endfacet

 facet normal -0.76366508 0.220860288 0.606660068
  outer loop
  vertex -0.0665776134 0.0451911092 0.014917505
  vertex -0.0666139349 0.0451541282 0.0148852477
  vertex -0.0665890872 0.0451490544 0.0149183767
  endloop
 endfacet

 facet normal -0.745944619 0.216507792 0.629834175
  outer loop
  vertex -0.0665776134 0.0451911092 0.014917505
  vertex -0.0665890872 0.0451490544 0.0149183767
  vertex -0.0665642321 0.0451425277 0.0149500528
  endloop
 endfacet

 facet normal -0.635154665 0.193884835 0.747654557
  outer loop
  vertex -0.0665240884 0.0451787822 0.0149779497
  vertex -0.0665355623 0.0451367274 0.014979112
  vertex -0.0665145293 0.0451316535 0.0149982916
  endloop
 endfacet

 facet normal -0.631368279 0.195817426 0.750352979
  outer loop
  vertex -0.0665240884 0.0451787822 0.0149779497
  vertex -0.0665145293 0.0451316535 0.0149982916
  vertex -0.0665107071 0.0451439768 0.0149982916
  endloop
 endfacet

 facet normal -0.624720216 0.200842589 0.754577339
  outer loop
  vertex -0.0665240884 0.0451787822 0.0149779497
  vertex -0.0665107071 0.0451439768 0.0149982916
  vertex -0.0665011555 0.0451737046 0.0149982916
  endloop
 endfacet

 facet normal -0.289516836 -0.951508045 -0.103982426
  outer loop
  vertex -0.067669116 0.0387343355 0.0149982916
  vertex -0.0676920563 0.0387568139 0.0148564782
  vertex -0.0676538274 0.0387452133 0.0148561876
  endloop
 endfacet

 facet normal -0.353195757 -0.931166053 -0.0904577002
  outer loop
  vertex -0.067669116 0.0387343355 0.0149982916
  vertex -0.0677054375 0.0387481153 0.0149982916
  vertex -0.0676920563 0.0387568139 0.0148564782
  endloop
 endfacet

 facet normal -0.369258344 -0.924803138 -0.091582939
  outer loop
  vertex -0.0676920563 0.0387568139 0.0148564782
  vertex -0.0677054375 0.0387481153 0.0149982916
  vertex -0.0677417591 0.0387626141 0.0149982916
  endloop
 endfacet

 facet normal -0.372124434 -0.923548341 -0.0926387236
  outer loop
  vertex -0.0676920563 0.0387568139 0.0148564782
  vertex -0.0677417591 0.0387626141 0.0149982916
  vertex -0.0677264631 0.03877059 0.0148573499
  endloop
 endfacet

 facet normal -0.370564193 -0.915657461 -0.155735329
  outer loop
  vertex -0.0676920563 0.0387568139 0.0148564782
  vertex -0.0677264631 0.03877059 0.0148573499
  vertex -0.067684412 0.0387691408 0.0147658102
  endloop
 endfacet

 facet normal -0.371676892 -0.91511786 -0.156255066
  outer loop
  vertex -0.067684412 0.0387691408 0.0147658102
  vertex -0.0677264631 0.03877059 0.0148573499
  vertex -0.0677188188 0.038782917 0.0147669725
  endloop
 endfacet

 facet normal -0.370865434 -0.911098599 -0.179883793
  outer loop
  vertex -0.067684412 0.0387691408 0.0147658102
  vertex -0.0677188188 0.038782917 0.0147669725
  vertex -0.0677111745 0.0387974195 0.0146777583
  endloop
 endfacet

 facet normal -0.402771622 -0.897349834 -0.180383354
  outer loop
  vertex -0.0677111745 0.0387974195 0.0146777583
  vertex -0.0677188188 0.038782917 0.0147669725
  vertex -0.0677551404 0.0387988687 0.0147687169
  endloop
 endfacet

 facet normal -0.420865595 -0.887153149 -0.189291745
  outer loop
  vertex -0.0677111745 0.0387974195 0.0146777583
  vertex -0.0677551404 0.0387988687 0.0147687169
  vertex -0.0677455813 0.0388133712 0.0146795018
  endloop
 endfacet

 facet normal -0.418425739 -0.876603782 -0.237667188
  outer loop
  vertex -0.0677111745 0.0387974195 0.0146777583
  vertex -0.0677455813 0.0388133712 0.0146795018
  vertex -0.067737937 0.0388336703 0.0145911584
  endloop
 endfacet

 facet normal -0.416223049 -0.87737906 -0.238672361
  outer loop
  vertex -0.0677111745 0.0387974195 0.0146777583
  vertex -0.067737937 0.0388336703 0.0145911584
  vertex -0.0677016154 0.0388169959 0.0145891244
  endloop
 endfacet

 facet normal -0.473427385 -0.848628759 -0.235999167
  outer loop
  vertex -0.067737937 0.0388336703 0.0145911584
  vertex -0.0677455813 0.0388133712 0.0146795018
  vertex -0.067770429 0.0388510749 0.0145937735
  endloop
 endfacet

 facet normal -0.471993178 -0.842298865 -0.260298193
  outer loop
  vertex -0.067737937 0.0388336703 0.0145911584
  vertex -0.067770429 0.0388510749 0.0145937735
  vertex -0.0677627847 0.0388735496 0.0145071745
  endloop
 endfacet

 facet normal -0.522754669 -0.812783837 -0.257119089
  outer loop
  vertex -0.0677627847 0.0388735496 0.0145071745
  vertex -0.067770429 0.0388510749 0.0145937735
  vertex -0.0678048432 0.0388721004 0.0145972613
  endloop
 endfacet

 facet normal -0.546799242 -0.793203354 -0.268028319
  outer loop
  vertex -0.0677627847 0.0388735496 0.0145071745
  vertex -0.0678048432 0.0388721004 0.0145972613
  vertex -0.0677952841 0.0388945788 0.0145112434
  endloop
 endfacet

 facet normal -0.544398248 -0.783266306 -0.300207436
  outer loop
  vertex -0.0677627847 0.0388735496 0.0145071745
  vertex -0.0677952841 0.0388945788 0.0145112434
  vertex -0.067785725 0.0389206819 0.0144258058
  endloop
 endfacet

 facet normal -0.544398248 -0.783266306 -0.300207436
  outer loop
  vertex -0.0677627847 0.0388735496 0.0145071745
  vertex -0.067785725 0.0389206819 0.0144258058
  vertex -0.0677532256 0.0388996527 0.0144217378
  endloop
 endfacet

 facet normal -0.541611254 -0.773233533 -0.32979852
  outer loop
  vertex -0.0677532256 0.0388996527 0.0144217378
  vertex -0.067785725 0.0389206819 0.0144258058
  vertex -0.0677761659 0.0389496833 0.0143421125
  endloop
 endfacet

 facet normal -0.578483939 -0.748032033 -0.325276017
  outer loop
  vertex -0.0677761659 0.0389496833 0.0143421125
  vertex -0.067785725 0.0389206819 0.0144258058
  vertex -0.0678182244 0.0389431566 0.0144319087
  endloop
 endfacet

 facet normal -0.580327511 -0.746281564 -0.326012254
  outer loop
  vertex -0.0677761659 0.0389496833 0.0143421125
  vertex -0.0678182244 0.0389431566 0.0144319087
  vertex -0.0678086653 0.0389721617 0.0143485051
  endloop
 endfacet

 facet normal -0.576455295 -0.72768271 -0.371721804
  outer loop
  vertex -0.0677761659 0.0389496833 0.0143421125
  vertex -0.0678086653 0.0389721617 0.0143485051
  vertex -0.0677971914 0.0390047878 0.0142668458
  endloop
 endfacet

 facet normal -0.555945933 -0.737043917 -0.384305239
  outer loop
  vertex -0.0677761659 0.0389496833 0.0143421125
  vertex -0.0677971914 0.0390047878 0.0142668458
  vertex -0.0677646995 0.0389837623 0.0142601626
  endloop
 endfacet

 facet normal -0.554136038 -0.728214502 -0.403282642
  outer loop
  vertex -0.0677646995 0.0389837623 0.0142601626
  vertex -0.0677971914 0.0390047878 0.0142668458
  vertex -0.0677532256 0.0390192904 0.0141802467
  endloop
 endfacet

 facet normal -0.569042623 -0.71371007 -0.408421874
  outer loop
  vertex -0.0677532256 0.0390192904 0.0141802467
  vertex -0.0677971914 0.0390047878 0.0142668458
  vertex -0.067785725 0.0390410423 0.014187512
  endloop
 endfacet

 facet normal -0.617620945 -0.677743435 -0.399009049
  outer loop
  vertex -0.067785725 0.0390410423 0.014187512
  vertex -0.0677971914 0.0390047878 0.0142668458
  vertex -0.0678182244 0.0390656963 0.0141959405
  endloop
 endfacet

 facet normal -0.614809275 -0.666059673 -0.422343582
  outer loop
  vertex -0.067785725 0.0390410423 0.014187512
  vertex -0.0678182244 0.0390656963 0.0141959405
  vertex -0.0678067505 0.0391041227 0.0141186388
  endloop
 endfacet

 facet normal -0.590169847 -0.676940203 -0.439831495
  outer loop
  vertex -0.067785725 0.0390410423 0.014187512
  vertex -0.0678067505 0.0391041227 0.0141186388
  vertex -0.0677742586 0.039081648 0.0141096311
  endloop
 endfacet

 facet normal -0.690308988 -0.601817071 -0.401608944
  outer loop
  vertex -0.0678067505 0.0391041227 0.0141186388
  vertex -0.0678182244 0.0390656963 0.0141959405
  vertex -0.0678468943 0.0390917994 0.0142061105
  endloop
 endfacet

 facet normal -0.694158196 -0.5966717 -0.402650416
  outer loop
  vertex -0.0678067505 0.0391041227 0.0141186388
  vertex -0.0678468943 0.0390917994 0.0142061105
  vertex -0.0678354278 0.0391302258 0.0141293909
  endloop
 endfacet

 facet normal -0.690051556 -0.579304039 -0.433861554
  outer loop
  vertex -0.0678067505 0.0391041227 0.0141186388
  vertex -0.0678354278 0.0391302258 0.0141293909
  vertex -0.0678239539 0.0391722806 0.0140549969
  endloop
 endfacet

 facet normal -0.664656103 -0.592629433 -0.454997391
  outer loop
  vertex -0.0678067505 0.0391041227 0.0141186388
  vertex -0.0678239539 0.0391722806 0.0140549969
  vertex -0.0677933693 0.0391469039 0.014043374
  endloop
 endfacet

 facet normal -0.661370218 -0.578276992 -0.477687329
  outer loop
  vertex -0.0677933693 0.0391469039 0.014043374
  vertex -0.0678239539 0.0391722806 0.0140549969
  vertex -0.0678105727 0.039216511 0.0139829284
  endloop
 endfacet

 facet normal -0.661312819 -0.578303695 -0.477734417
  outer loop
  vertex -0.0677933693 0.0391469039 0.014043374
  vertex -0.0678105727 0.039216511 0.0139829284
  vertex -0.0677799881 0.039191857 0.0139704319
  endloop
 endfacet

 facet normal -0.657177329 -0.559101701 -0.505493104
  outer loop
  vertex -0.0677799881 0.039191857 0.0139704319
  vertex -0.0678105727 0.039216511 0.0139829284
  vertex -0.0677971914 0.039264366 0.0139126023
  endloop
 endfacet

 facet normal -0.664216399 -0.423935413 -0.615707278
  outer loop
  vertex -0.0677245557 0.0395449698 0.0136025297
  vertex -0.0677551404 0.0394253321 0.0137178982
  vertex -0.0677551404 0.0395667218 0.013620547
  endloop
 endfacet

 facet normal -0.709696174 -0.512284279 -0.483628213
  outer loop
  vertex -0.0677971914 0.039264366 0.0139126023
  vertex -0.0678105727 0.039216511 0.0139829284
  vertex -0.06783925 0.0392433368 0.0139965871
  endloop
 endfacet

 facet normal -0.712564349 -0.507952392 -0.483979881
  outer loop
  vertex -0.0677971914 0.039264366 0.0139126023
  vertex -0.06783925 0.0392433368 0.0139965871
  vertex -0.0678258687 0.0392904691 0.0139274225
  endloop
 endfacet

 facet normal -0.708446443 -0.489611536 -0.508315206
  outer loop
  vertex -0.0677971914 0.039264366 0.0139126023
  vertex -0.0678258687 0.0392904691 0.0139274225
  vertex -0.0678124875 0.0393404961 0.0138605842
  endloop
 endfacet

 facet normal -0.707351804 -0.490106523 -0.509361506
  outer loop
  vertex -0.0677971914 0.039264366 0.0139126023
  vertex -0.0678124875 0.0393404961 0.0138605842
  vertex -0.0677838102 0.0393151194 0.013845183
  endloop
 endfacet

 facet normal -0.70039767 -0.460338444 -0.545464694
  outer loop
  vertex -0.0677838102 0.0393151194 0.013845183
  vertex -0.0678124875 0.0393404961 0.0138605842
  vertex -0.067785725 0.0394485332 0.0137350447
  endloop
 endfacet

 facet normal -0.676079214 -0.474824727 -0.563434422
  outer loop
  vertex -0.0677838102 0.0393151194 0.013845183
  vertex -0.067785725 0.0394485332 0.0137350447
  vertex -0.0677551404 0.0394253321 0.0137178982
  endloop
 endfacet

 facet normal -0.665644169 -0.423214525 -0.614660382
  outer loop
  vertex -0.0677551404 0.0394253321 0.0137178982
  vertex -0.067785725 0.0394485332 0.0137350447
  vertex -0.0677551404 0.0395667218 0.013620547
  endloop
 endfacet

 facet normal -0.704166353 -0.270347834 -0.65655297
  outer loop
  vertex -0.0676920563 0.0398284718 0.0134278778
  vertex -0.0677245557 0.0396943353 0.0135179646
  vertex -0.0677532256 0.0397160873 0.0135397604
  endloop
 endfacet

 facet normal -0.712634087 -0.260561973 -0.651352644
  outer loop
  vertex -0.0676920563 0.0398284718 0.0134278778
  vertex -0.0677532256 0.0397160873 0.0135397604
  vertex -0.0677207336 0.0398487747 0.0134511264
  endloop
 endfacet

 facet normal -0.701443076 -0.211099237 -0.68074578
  outer loop
  vertex -0.0676920563 0.0398284718 0.0134278778
  vertex -0.0677207336 0.0398487747 0.0134511264
  vertex -0.0676882342 0.0399872623 0.0133746974
  endloop
 endfacet

 facet normal -0.716095626 -0.324955642 -0.617746711
  outer loop
  vertex -0.0677551404 0.0395667218 0.013620547
  vertex -0.0677532256 0.0397160873 0.0135397604
  vertex -0.0677245557 0.0396943353 0.0135179646
  endloop
 endfacet

 facet normal -0.727893472 -0.370559633 -0.576937377
  outer loop
  vertex -0.0677551404 0.0395667218 0.013620547
  vertex -0.067785725 0.0394485332 0.0137350447
  vertex -0.0677838102 0.039591372 0.013640889
  endloop
 endfacet

 facet normal -0.716840863 -0.324584097 -0.617077351
  outer loop
  vertex -0.0677551404 0.0395667218 0.013620547
  vertex -0.0677838102 0.039591372 0.013640889
  vertex -0.0677532256 0.0397160873 0.0135397604
  endloop
 endfacet

 facet normal -0.703616023 -0.127737671 -0.699004769
  outer loop
  vertex -0.0676882342 0.0399872623 0.0133746974
  vertex -0.0676824972 0.0401496775 0.0133392438
  vertex -0.0676519126 0.0401322767 0.0133116366
  endloop
 endfacet

 facet normal -0.747087121 -0.178130835 -0.640414178
  outer loop
  vertex -0.0676882342 0.0399872623 0.0133746974
  vertex -0.0677207336 0.0398487747 0.0134511264
  vertex -0.0677474961 0.0398690775 0.0134766996
  endloop
 endfacet

 facet normal -0.753813922 -0.169870317 -0.634750962
  outer loop
  vertex -0.0676882342 0.0399872623 0.0133746974
  vertex -0.0677474961 0.0398690775 0.0134766996
  vertex -0.0677149966 0.040006116 0.0134014338
  endloop
 endfacet

 facet normal -0.742157876 -0.117816262 -0.659788609
  outer loop
  vertex -0.0676882342 0.0399872623 0.0133746974
  vertex -0.0677149966 0.040006116 0.0134014338
  vertex -0.0676824972 0.0401496775 0.0133392438
  endloop
 endfacet

 facet normal -0.701050222 -0.115885779 -0.703632772
  outer loop
  vertex -0.0676519126 0.0401322767 0.0133116366
  vertex -0.0676824972 0.0401496775 0.0133392438
  vertex -0.0669675767 0.0437772162 0.0120295007
  endloop
 endfacet

 facet normal -0.779806495 -0.0708882064 -0.621994197
  outer loop
  vertex -0.0669675767 0.0437772162 0.0120295007
  vertex -0.0676824972 0.0401496775 0.0133392438
  vertex -0.0669713989 0.043819271 0.0120295007
  endloop
 endfacet

 facet normal -0.972468495 0.233034462 0
  outer loop
  vertex -0.0666904002 0.0451802313 0.0120295007
  vertex -0.0666923076 0.0451722555 0.0120295007
  vertex -0.0666923076 0.0451722555 0.0146126635
  endloop
 endfacet

 facet normal -0.975235462 0.221168935 0
  outer loop
  vertex -0.0666923076 0.0451722555 0.0146126635
  vertex -0.0666923076 0.0451722555 0.0120295007
  vertex -0.0669369921 0.0440933481 0.0120295007
  endloop
 endfacet

 facet normal -0.975355864 0.220637232 0.000233481987
  outer loop
  vertex -0.0666923076 0.0451722555 0.0146126635
  vertex -0.0669369921 0.0440933481 0.0120295007
  vertex -0.0679979101 0.0394006781 0.0146149872
  endloop
 endfacet

 facet normal -0.974631488 0.220488772 0.0384454764
  outer loop
  vertex -0.0666923076 0.0451722555 0.0146126635
  vertex -0.0679979101 0.0394006781 0.0146149872
  vertex -0.0680074692 0.0393521003 0.0146513134
  endloop
 endfacet

 facet normal -0.973928034 0.220430553 0.0536171943
  outer loop
  vertex -0.0666923076 0.0451722555 0.0146126635
  vertex -0.0680074692 0.0393521003 0.0146513134
  vertex -0.0666904002 0.0451708063 0.0146533465
  endloop
 endfacet

 facet normal -0.968833387 0.21925585 0.115277328
  outer loop
  vertex -0.0666904002 0.0451708063 0.0146533465
  vertex -0.0680074692 0.0393521003 0.0146513134
  vertex -0.0680151135 0.039295543 0.0146946134
  endloop
 endfacet

 facet normal -0.965956151 0.218767345 0.138092428
  outer loop
  vertex -0.0666904002 0.0451708063 0.0146533465
  vertex -0.0680151135 0.039295543 0.0146946134
  vertex -0.0666846633 0.0451700799 0.0146946134
  endloop
 endfacet

 facet normal -0.957460523 0.216843247 0.190390065
  outer loop
  vertex -0.0666846633 0.0451700799 0.0146946134
  vertex -0.0680151135 0.039295543 0.0146946134
  vertex -0.066677019 0.0451686308 0.0147347152
  endloop
 endfacet

 facet normal -0.951182604 0.215202391 0.221222669
  outer loop
  vertex -0.066677019 0.0451686308 0.0147347152
  vertex -0.0680151135 0.039295543 0.0146946134
  vertex -0.0680189356 0.039216511 0.0147550581
  endloop
 endfacet

 facet normal -0.932721734 0.211282998 0.292215288
  outer loop
  vertex -0.066677019 0.0451686308 0.0147347152
  vertex -0.0680189356 0.039216511 0.0147550581
  vertex -0.0666655451 0.0451650061 0.0147739472
  endloop
 endfacet

 facet normal -0.918353438 0.20787248 0.336773247
  outer loop
  vertex -0.0666655451 0.0451650061 0.0147739472
  vertex -0.0680189356 0.039216511 0.0147550581
  vertex -0.0680151135 0.0391599536 0.0148003921
  endloop
 endfacet

 facet normal -0.905109882 0.205053315 0.372463763
  outer loop
  vertex -0.0666655451 0.0451650061 0.0147739472
  vertex -0.0680151135 0.0391599536 0.0148003921
  vertex -0.0666502565 0.0451628305 0.0148123065
  endloop
 endfacet

 facet normal -0.884152174 0.200189635 0.422136247
  outer loop
  vertex -0.0666502565 0.0451628305 0.0148123065
  vertex -0.0680151135 0.0391599536 0.0148003921
  vertex -0.0680131987 0.0391432792 0.0148123065
  endloop
 endfacet

 facet normal -0.881583929 0.199608117 0.427745581
  outer loop
  vertex -0.0666502565 0.0451628305 0.0148123065
  vertex -0.0680131987 0.0391432792 0.0148123065
  vertex -0.0666330531 0.0451584794 0.0148497941
  endloop
 endfacet

 facet normal -0.867378831 0.196164295 0.457355022
  outer loop
  vertex -0.0666330531 0.0451584794 0.0148497941
  vertex -0.0680131987 0.0391432792 0.0148123065
  vertex -0.0680036396 0.0390954241 0.0148509573
  endloop
 endfacet

 facet normal -0.853998125 0.19314447 0.483096719
  outer loop
  vertex -0.0666330531 0.0451584794 0.0148497941
  vertex -0.0680036396 0.0390954241 0.0148509573
  vertex -0.0679940879 0.0390526429 0.0148849571
  endloop
 endfacet

 facet normal -0.853563011 0.193052098 0.483901918
  outer loop
  vertex -0.0666330531 0.0451584794 0.0148497941
  vertex -0.0679940879 0.0390526429 0.0148849571
  vertex -0.0666139349 0.0451541282 0.0148852477
  endloop
 endfacet

 facet normal -0.788280845 0.178280324 0.588922381
  outer loop
  vertex -0.0666139349 0.0451541282 0.0148852477
  vertex -0.0679940879 0.0390526429 0.0148849571
  vertex -0.0679787919 0.0390098654 0.0149183767
  endloop
 endfacet

 facet normal -0.774491906 0.17531912 0.607803941
  outer loop
  vertex -0.0666139349 0.0451541282 0.0148852477
  vertex -0.0679787919 0.0390098654 0.0149183767
  vertex -0.0665890872 0.0451490544 0.0149183767
  endloop
 endfacet

 facet normal -0.757639408 0.171504289 0.629737139
  outer loop
  vertex -0.0665642321 0.0451425277 0.0149500528
  vertex -0.0665890872 0.0451490544 0.0149183767
  vertex -0.0679787919 0.0390098654 0.0149183767
  endloop
 endfacet

 facet normal -0.755148828 0.170913577 0.632881343
  outer loop
  vertex -0.0665642321 0.0451425277 0.0149500528
  vertex -0.0679787919 0.0390098654 0.0149183767
  vertex -0.0679730549 0.0389975384 0.0149285477
  endloop
 endfacet

 facet normal -0.743861437 0.16827707 0.646802068
  outer loop
  vertex -0.0665642321 0.0451425277 0.0149500528
  vertex -0.0679730549 0.0389975384 0.0149285477
  vertex -0.0679635033 0.0389772356 0.0149448207
  endloop
 endfacet

 facet normal -0.718942106 0.162596807 0.675784469
  outer loop
  vertex -0.0665642321 0.0451425277 0.0149500528
  vertex -0.0679635033 0.0389772356 0.0149448207
  vertex -0.0679558516 0.0389627367 0.0149564454
  endloop
 endfacet

 facet normal -0.68746537 0.155543357 0.709364295
  outer loop
  vertex -0.0665642321 0.0451425277 0.0149500528
  vertex -0.0679558516 0.0389627367 0.0149564454
  vertex -0.0665355623 0.0451367274 0.014979112
  endloop
 endfacet

 facet normal -0.685686111 0.155127391 0.711175203
  outer loop
  vertex -0.0665355623 0.0451367274 0.014979112
  vertex -0.0679558516 0.0389627367 0.0149564454
  vertex -0.0679367408 0.0389286578 0.0149823092
  endloop
 endfacet

 facet normal -0.652822852 0.147726446 0.742966533
  outer loop
  vertex -0.0665355623 0.0451367274 0.014979112
  vertex -0.0679367408 0.0389286578 0.0149823092
  vertex -0.0675257519 0.0406644791 0.0149982916
  endloop
 endfacet

 facet normal -0.647097468 0.146481246 0.748203278
  outer loop
  vertex -0.0665355623 0.0451367274 0.014979112
  vertex -0.0675257519 0.0406644791 0.0149982916
  vertex -0.0665145293 0.0451316535 0.0149982916
  endloop
 endfacet

 facet normal -0.464133561 -0.881004214 -0.0917152911
  outer loop
  vertex -0.0677417591 0.0387626141 0.0149982916
  vertex -0.0677761659 0.0387807414 0.0149982916
  vertex -0.0677608773 0.0387872681 0.0148582226
  endloop
 endfacet

 facet normal -0.436054468 -0.894575357 -0.0979358107
  outer loop
  vertex -0.0677417591 0.0387626141 0.0149982916
  vertex -0.0677608773 0.0387872681 0.0148582226
  vertex -0.0677264631 0.03877059 0.0148573499
  endloop
 endfacet

 facet normal -0.434588283 -0.889188766 -0.143095672
  outer loop
  vertex -0.0677264631 0.03877059 0.0148573499
  vertex -0.0677608773 0.0387872681 0.0148582226
  vertex -0.0677551404 0.0387988687 0.0147687169
  endloop
 endfacet

 facet normal -0.403441042 -0.901422679 -0.157074809
  outer loop
  vertex -0.0677264631 0.03877059 0.0148573499
  vertex -0.0677551404 0.0387988687 0.0147687169
  vertex -0.0677188188 0.038782917 0.0147669725
  endloop
 endfacet

 facet normal -0.502380848 -0.852786064 -0.142721504
  outer loop
  vertex -0.0677551404 0.0387988687 0.0147687169
  vertex -0.0677608773 0.0387872681 0.0148582226
  vertex -0.0677876323 0.0388177224 0.0147704594
  endloop
 endfacet

 facet normal -0.500393033 -0.84519577 -0.18775247
  outer loop
  vertex -0.0677551404 0.0387988687 0.0147687169
  vertex -0.0677876323 0.0388177224 0.0147704594
  vertex -0.0677799881 0.0388329476 0.0146815348
  endloop
 endfacet

 facet normal -0.493942738 -0.848300695 -0.190804824
  outer loop
  vertex -0.0677551404 0.0387988687 0.0147687169
  vertex -0.0677799881 0.0388329476 0.0146815348
  vertex -0.0677455813 0.0388133712 0.0146795018
  endloop
 endfacet

 facet normal -0.491712272 -0.840602875 -0.227169126
  outer loop
  vertex -0.0677455813 0.0388133712 0.0146795018
  vertex -0.0677799881 0.0388329476 0.0146815348
  vertex -0.067770429 0.0388510749 0.0145937735
  endloop
 endfacet

 facet normal -0.524499059 -0.820695102 -0.226628274
  outer loop
  vertex -0.067770429 0.0388510749 0.0145937735
  vertex -0.0677799881 0.0388329476 0.0146815348
  vertex -0.0678048432 0.0388721004 0.0145972613
  endloop
 endfacet

 facet normal -0.558092773 -0.803139329 -0.208566293
  outer loop
  vertex -0.0678048432 0.0388721004 0.0145972613
  vertex -0.0677799881 0.0388329476 0.0146815348
  vertex -0.0678124875 0.0388546996 0.014684733
  endloop
 endfacet

 facet normal -0.594597936 -0.777035713 -0.206564486
  outer loop
  vertex -0.0678048432 0.0388721004 0.0145972613
  vertex -0.0678124875 0.0388546996 0.014684733
  vertex -0.0678430721 0.038877178 0.0146882189
  endloop
 endfacet

 facet normal -0.621638775 -0.751970708 -0.219329163
  outer loop
  vertex -0.0678048432 0.0388721004 0.0145972613
  vertex -0.0678430721 0.038877178 0.0146882189
  vertex -0.0678354278 0.038896028 0.0146019105
  endloop
 endfacet

 facet normal -0.619934618 -0.743929446 -0.2494995
  outer loop
  vertex -0.0678048432 0.0388721004 0.0145972613
  vertex -0.0678354278 0.038896028 0.0146019105
  vertex -0.0678277761 0.0389185064 0.0145158926
  endloop
 endfacet

 facet normal -0.596071243 -0.758168399 -0.264347762
  outer loop
  vertex -0.0678048432 0.0388721004 0.0145972613
  vertex -0.0678277761 0.0389185064 0.0145158926
  vertex -0.0677952841 0.0388945788 0.0145112434
  endloop
 endfacet

 facet normal -0.594173849 -0.750983834 -0.288063973
  outer loop
  vertex -0.0677952841 0.0388945788 0.0145112434
  vertex -0.0678277761 0.0389185064 0.0145158926
  vertex -0.0678182244 0.0389431566 0.0144319087
  endloop
 endfacet

 facet normal -0.580311 -0.758447289 -0.296642452
  outer loop
  vertex -0.0677952841 0.0388945788 0.0145112434
  vertex -0.0678182244 0.0389431566 0.0144319087
  vertex -0.067785725 0.0389206819 0.0144258058
  endloop
 endfacet

 facet normal -0.657859445 -0.699121833 -0.280088753
  outer loop
  vertex -0.0678182244 0.0389431566 0.0144319087
  vertex -0.0678277761 0.0389185064 0.0145158926
  vertex -0.0678564534 0.0389431566 0.0145217041
  endloop
 endfacet

 facet normal -0.670092106 -0.685260832 -0.285296947
  outer loop
  vertex -0.0678182244 0.0389431566 0.0144319087
  vertex -0.0678564534 0.0389431566 0.0145217041
  vertex -0.0678468943 0.038968537 0.0144383013
  endloop
 endfacet

 facet normal -0.66776967 -0.676011384 -0.311596602
  outer loop
  vertex -0.0678182244 0.0389431566 0.0144319087
  vertex -0.0678468943 0.038968537 0.0144383013
  vertex -0.0678086653 0.0389721617 0.0143485051
  endloop
 endfacet

 facet normal -0.672664285 -0.670278013 -0.313448995
  outer loop
  vertex -0.0678086653 0.0389721617 0.0143485051
  vertex -0.0678468943 0.038968537 0.0144383013
  vertex -0.0678373352 0.0389975384 0.0143557703
  endloop
 endfacet

 facet normal -0.669588029 -0.65780133 -0.344890594
  outer loop
  vertex -0.0678086653 0.0389721617 0.0143485051
  vertex -0.0678373352 0.0389975384 0.0143557703
  vertex -0.0678277761 0.0390301682 0.0142749827
  endloop
 endfacet

 facet normal -0.650727928 -0.669197977 -0.358785808
  outer loop
  vertex -0.0678086653 0.0389721617 0.0143485051
  vertex -0.0678277761 0.0390301682 0.0142749827
  vertex -0.0677971914 0.0390047878 0.0142668458
  endloop
 endfacet

 facet normal -0.648921013 -0.661557436 -0.375823706
  outer loop
  vertex -0.0677971914 0.0390047878 0.0142668458
  vertex -0.0678277761 0.0390301682 0.0142749827
  vertex -0.0678182244 0.0390656963 0.0141959405
  endloop
 endfacet

 facet normal -0.694367111 -0.621241689 -0.36319837
  outer loop
  vertex -0.0678182244 0.0390656963 0.0141959405
  vertex -0.0678277761 0.0390301682 0.0142749827
  vertex -0.0678468943 0.0390917994 0.0142061105
  endloop
 endfacet

 facet normal -0.733297765 -0.583294034 -0.349345684
  outer loop
  vertex -0.0678468943 0.0390917994 0.0142061105
  vertex -0.0678564534 0.039056994 0.0142842829
  vertex -0.0678832158 0.0390845463 0.0142944539
  endloop
 endfacet

 facet normal -0.742961347 -0.569201589 -0.352161974
  outer loop
  vertex -0.0678468943 0.0390917994 0.0142061105
  vertex -0.0678832158 0.0390845463 0.0142944539
  vertex -0.0678736567 0.0391200781 0.0142168636
  endloop
 endfacet

 facet normal -0.738687634 -0.551946759 -0.386904925
  outer loop
  vertex -0.0678468943 0.0390917994 0.0142061105
  vertex -0.0678736567 0.0391200781 0.0142168636
  vertex -0.0678354278 0.0391302258 0.0141293909
  endloop
 endfacet

 facet normal -0.696881175 -0.619657695 -0.36108315
  outer loop
  vertex -0.0678468943 0.0390917994 0.0142061105
  vertex -0.0678277761 0.0390301682 0.0142749827
  vertex -0.0678564534 0.039056994 0.0142842829
  endloop
 endfacet

 facet normal -0.747031212 -0.539054751 -0.389055669
  outer loop
  vertex -0.0678354278 0.0391302258 0.0141293909
  vertex -0.0678736567 0.0391200781 0.0142168636
  vertex -0.0678621903 0.0391585045 0.0141415969
  endloop
 endfacet

 facet normal -0.744485319 -0.528469801 -0.407996863
  outer loop
  vertex -0.0678354278 0.0391302258 0.0141293909
  vertex -0.0678621903 0.0391585045 0.0141415969
  vertex -0.0678507164 0.0391991101 0.0140680745
  endloop
 endfacet

 facet normal -0.737242103 -0.533124804 -0.415032625
  outer loop
  vertex -0.0678354278 0.0391302258 0.0141293909
  vertex -0.0678507164 0.0391991101 0.0140680745
  vertex -0.0678239539 0.0391722806 0.0140549969
  endloop
 endfacet

 facet normal -0.734059513 -0.51848191 -0.438558102
  outer loop
  vertex -0.0678239539 0.0391722806 0.0140549969
  vertex -0.0678507164 0.0391991101 0.0140680745
  vertex -0.06783925 0.0392433368 0.0139965871
  endloop
 endfacet

 facet normal -0.7138834 -0.529927194 -0.457763851
  outer loop
  vertex -0.0678239539 0.0391722806 0.0140549969
  vertex -0.06783925 0.0392433368 0.0139965871
  vertex -0.0678105727 0.039216511 0.0139829284
  endloop
 endfacet

 facet normal -0.781662822 -0.466469884 -0.414015859
  outer loop
  vertex -0.06783925 0.0392433368 0.0139965871
  vertex -0.0678507164 0.0391991101 0.0140680745
  vertex -0.0678755641 0.0392281115 0.0140823144
  endloop
 endfacet

 facet normal -0.781956851 -0.465948433 -0.414047807
  outer loop
  vertex -0.06783925 0.0392433368 0.0139965871
  vertex -0.0678755641 0.0392281115 0.0140823144
  vertex -0.0678640977 0.0392716154 0.0140116969
  endloop
 endfacet

 facet normal -0.777704895 -0.447596401 -0.441398472
  outer loop
  vertex -0.06783925 0.0392433368 0.0139965871
  vertex -0.0678640977 0.0392716154 0.0140116969
  vertex -0.0678526312 0.0393187441 0.0139436973
  endloop
 endfacet

 facet normal -0.761960387 -0.457036018 -0.45884037
  outer loop
  vertex -0.06783925 0.0392433368 0.0139965871
  vertex -0.0678526312 0.0393187441 0.0139436973
  vertex -0.0678258687 0.0392904691 0.0139274225
  endloop
 endfacet

 facet normal -0.758341491 -0.441873789 -0.479234636
  outer loop
  vertex -0.0678258687 0.0392904691 0.0139274225
  vertex -0.0678526312 0.0393187441 0.0139436973
  vertex -0.06783925 0.0393673256 0.0138777299
  endloop
 endfacet

 facet normal -0.754595697 -0.443851709 -0.483302325
  outer loop
  vertex -0.0678258687 0.0392904691 0.0139274225
  vertex -0.06783925 0.0393673256 0.0138777299
  vertex -0.0678124875 0.0393404961 0.0138605842
  endloop
 endfacet

 facet normal -0.748110652 -0.415703505 -0.517224491
  outer loop
  vertex -0.0678124875 0.0393404961 0.0138605842
  vertex -0.06783925 0.0393673256 0.0138777299
  vertex -0.067785725 0.0394485332 0.0137350447
  endloop
 endfacet

 facet normal -0.75249517 -0.409846306 -0.515535712
  outer loop
  vertex -0.067785725 0.0394485332 0.0137350447
  vertex -0.06783925 0.0393673256 0.0138777299
  vertex -0.0678124875 0.0394739099 0.0137539338
  endloop
 endfacet

 facet normal -0.741785645 -0.362143755 -0.564452052
  outer loop
  vertex -0.067785725 0.0394485332 0.0137350447
  vertex -0.0678124875 0.0394739099 0.0137539338
  vertex -0.0677838102 0.039591372 0.013640889
  endloop
 endfacet

 facet normal -0.756872118 -0.224612281 -0.613753974
  outer loop
  vertex -0.0677532256 0.0397160873 0.0135397604
  vertex -0.0677474961 0.0398690775 0.0134766996
  vertex -0.0677207336 0.0398487747 0.0134511264
  endloop
 endfacet

 facet normal -0.777676225 -0.269747734 -0.56785202
  outer loop
  vertex -0.0677532256 0.0397160873 0.0135397604
  vertex -0.0677838102 0.039591372 0.013640889
  vertex -0.0678086653 0.0396152996 0.0136635564
  endloop
 endfacet

 facet normal -0.783533514 -0.261408061 -0.563685417
  outer loop
  vertex -0.0677532256 0.0397160873 0.0135397604
  vertex -0.0678086653 0.0396152996 0.0136635564
  vertex -0.0677780807 0.039738562 0.0135638798
  endloop
 endfacet

 facet normal -0.773689032 -0.216437146 -0.595449626
  outer loop
  vertex -0.0677532256 0.0397160873 0.0135397604
  vertex -0.0677780807 0.039738562 0.0135638798
  vertex -0.0677474961 0.0398690775 0.0134766996
  endloop
 endfacet

 facet normal -0.787379265 -0.316762656 -0.528862357
  outer loop
  vertex -0.0677838102 0.039591372 0.013640889
  vertex -0.0678124875 0.0394739099 0.0137539338
  vertex -0.0678086653 0.0396152996 0.0136635564
  endloop
 endfacet

 facet normal -0.785465837 -0.0876038522 -0.612673759
  outer loop
  vertex -0.0676824972 0.0401496775 0.0133392438
  vertex -0.0677149966 0.040006116 0.0134014338
  vertex -0.0677398443 0.0400256924 0.0134304939
  endloop
 endfacet

 facet normal -0.793361366 -0.077426374 -0.603807092
  outer loop
  vertex -0.0676824972 0.0401496775 0.0133392438
  vertex -0.0677398443 0.0400256924 0.0134304939
  vertex -0.0677073523 0.0401663557 0.0133697577
  endloop
 endfacet

 facet normal -0.790661514 -0.0641068965 -0.60888809
  outer loop
  vertex -0.0676824972 0.0401496775 0.0133392438
  vertex -0.0677073523 0.0401663557 0.0133697577
  vertex -0.0669713989 0.043819271 0.0120295007
  endloop
 endfacet

 facet normal -0.794192553 -0.197707817 -0.574604034
  outer loop
  vertex -0.0677474961 0.0398690775 0.0134766996
  vertex -0.0677780807 0.039738562 0.0135638798
  vertex -0.0678029284 0.0397632159 0.0135897435
  endloop
 endfacet

 facet normal -0.819197059 -0.159337133 -0.550933599
  outer loop
  vertex -0.0677474961 0.0398690775 0.0134766996
  vertex -0.0678029284 0.0397632159 0.0135897435
  vertex -0.067770429 0.0398915522 0.0135043068
  endloop
 endfacet

 facet normal -0.811674237 -0.12848267 -0.56980449
  outer loop
  vertex -0.0677474961 0.0398690775 0.0134766996
  vertex -0.067770429 0.0398915522 0.0135043068
  vertex -0.0677398443 0.0400256924 0.0134304939
  endloop
 endfacet

 facet normal -0.796162486 -0.135138899 -0.589799047
  outer loop
  vertex -0.0677474961 0.0398690775 0.0134766996
  vertex -0.0677398443 0.0400256924 0.0134304939
  vertex -0.0677149966 0.040006116 0.0134014338
  endloop
 endfacet

 facet normal -0.824562907 -0.0409133658 -0.564289093
  outer loop
  vertex -0.0669713989 0.043819271 0.0120295007
  vertex -0.0677073523 0.0401663557 0.0133697577
  vertex -0.0677302852 0.0401837565 0.013402015
  endloop
 endfacet

 facet normal -0.830485106 -0.0364890322 -0.555844426
  outer loop
  vertex -0.0669713989 0.043819271 0.0120295007
  vertex -0.0677302852 0.0401837565 0.013402015
  vertex -0.0669733062 0.043862775 0.0120295007
  endloop
 endfacet

 facet normal -0.977892339 0.206249326 -0.0344655961
  outer loop
  vertex -0.0669369921 0.0440933481 0.0120295007
  vertex -0.0669675767 0.0439483337 0.0120295007
  vertex -0.0678239539 0.0401634537 0.0136780869
  endloop
 endfacet

 facet normal -0.977693081 0.207782239 -0.0307042506
  outer loop
  vertex -0.0669369921 0.0440933481 0.0120295007
  vertex -0.0678239539 0.0401634537 0.0136780869
  vertex -0.0677952841 0.0402968675 0.0136679159
  endloop
 endfacet

 facet normal -0.975392997 0.220473155 -9.23073167e-05
  outer loop
  vertex -0.0669369921 0.0440933481 0.0120295007
  vertex -0.0677952841 0.0402968675 0.0136679159
  vertex -0.0679692328 0.039527569 0.0143357189
  endloop
 endfacet

 facet normal -0.975376487 0.220546901 6.10426068e-05
  outer loop
  vertex -0.0669369921 0.0440933481 0.0120295007
  vertex -0.0679692328 0.039527569 0.0143357189
  vertex -0.0679979101 0.0394006781 0.0146149872
  endloop
 endfacet

 facet normal -0.981177211 0.192657501 -0.0132063571
  outer loop
  vertex -0.0679979101 0.0394006781 0.0146149872
  vertex -0.0679692328 0.039527569 0.0143357189
  vertex -0.0680017322 0.0393781997 0.014571107
  endloop
 endfacet

 facet normal -0.98249507 0.186035663 -0.00969953928
  outer loop
  vertex -0.0679979101 0.0394006781 0.0146149872
  vertex -0.0680017322 0.0393781997 0.014571107
  vertex -0.0680074692 0.0393521003 0.0146513134
  endloop
 endfacet

 facet normal -0.992998064 0.11307247 -0.0341960564
  outer loop
  vertex -0.0680074692 0.0393521003 0.0146513134
  vertex -0.0680017322 0.0393781997 0.014571107
  vertex -0.0680055544 0.0393404961 0.0145574482
  endloop
 endfacet

 facet normal -0.993519068 0.108570591 -0.0336502753
  outer loop
  vertex -0.0680074692 0.0393521003 0.0146513134
  vertex -0.0680055544 0.0393404961 0.0145574482
  vertex -0.0680151135 0.039295543 0.0146946134
  endloop
 endfacet

 facet normal -0.997560382 0.0420286283 -0.0557401404
  outer loop
  vertex -0.0680151135 0.039295543 0.0146946134
  vertex -0.0680055544 0.0393404961 0.0145574482
  vertex -0.0680112913 0.0392803177 0.0146146966
  endloop
 endfacet

 facet normal -0.998674512 0.0119539453 -0.0500630811
  outer loop
  vertex -0.0680151135 0.039295543 0.0146946134
  vertex -0.0680112913 0.0392803177 0.0146146966
  vertex -0.0680151135 0.039261464 0.0146864755
  endloop
 endfacet

 facet normal -0.998774529 0.0114945276 -0.0481390357
  outer loop
  vertex -0.0680151135 0.039295543 0.0146946134
  vertex -0.0680151135 0.039261464 0.0146864755
  vertex -0.0680189356 0.039216511 0.0147550581
  endloop
 endfacet

 facet normal -0.998650551 0.00627550064 -0.0515531376
  outer loop
  vertex -0.0680189356 0.039216511 0.0147550581
  vertex -0.0680151135 0.039261464 0.0146864755
  vertex -0.0680112913 0.0392803177 0.0146146966
  endloop
 endfacet

 facet normal -0.995720148 -0.0506801121 -0.0772846788
  outer loop
  vertex -0.0680189356 0.039216511 0.0147550581
  vertex -0.0680112913 0.0392803177 0.0146146966
  vertex -0.0680131987 0.0392230339 0.0146768866
  endloop
 endfacet

 facet normal -0.987879694 -0.130908906 -0.0834062994
  outer loop
  vertex -0.0680189356 0.039216511 0.0147550581
  vertex -0.0680131987 0.0392230339 0.0146768866
  vertex -0.0680074692 0.0391860567 0.0146670062
  endloop
 endfacet

 facet normal -0.987662196 -0.133012056 -0.0826505944
  outer loop
  vertex -0.0680189356 0.039216511 0.0147550581
  vertex -0.0680074692 0.0391860567 0.0146670062
  vertex -0.0680151135 0.0391599536 0.0148003921
  endloop
 endfacet

 facet normal -0.979951799 -0.177302554 -0.0908759013
  outer loop
  vertex -0.0680151135 0.0391599536 0.0148003921
  vertex -0.0680074692 0.0391860567 0.0146670062
  vertex -0.0680131987 0.0391432792 0.0148123065
  endloop
 endfacet

 facet normal -0.978525102 -0.184053168 -0.0928071067
  outer loop
  vertex -0.0680131987 0.0391432792 0.0148123065
  vertex -0.0680074692 0.0391860567 0.0146670062
  vertex -0.0679998174 0.0391498059 0.0146582872
  endloop
 endfacet

 facet normal -0.977651 -0.188584238 -0.0929231644
  outer loop
  vertex -0.0680131987 0.0391432792 0.0148123065
  vertex -0.0679998174 0.0391498059 0.0146582872
  vertex -0.0680036396 0.0391316786 0.0147352973
  endloop
 endfacet

 facet normal -0.969299197 -0.230514348 -0.0855702013
  outer loop
  vertex -0.0680131987 0.0391432792 0.0148123065
  vertex -0.0680036396 0.0391316786 0.0147352973
  vertex -0.0680074692 0.0391186252 0.0148137594
  endloop
 endfacet

 facet normal -0.972548127 -0.228744492 -0.0427320115
  outer loop
  vertex -0.0680131987 0.0391432792 0.0148123065
  vertex -0.0680074692 0.0391186252 0.0148137594
  vertex -0.0680036396 0.0390954241 0.0148509573
  endloop
 endfacet

 facet normal -0.960343301 -0.269968063 -0.0697003454
  outer loop
  vertex -0.0680036396 0.0390954241 0.0148509573
  vertex -0.0680074692 0.0391186252 0.0148137594
  vertex -0.0679940879 0.0390526429 0.0148849571
  endloop
 endfacet

 facet normal -0.955434084 -0.28330192 -0.0829800963
  outer loop
  vertex -0.0679940879 0.0390526429 0.0148849571
  vertex -0.0680074692 0.0391186252 0.0148137594
  vertex -0.0679959953 0.039081648 0.0148079479
  endloop
 endfacet

 facet normal -0.937205732 -0.333433181 -0.10231261
  outer loop
  vertex -0.0679940879 0.0390526429 0.0148849571
  vertex -0.0679959953 0.039081648 0.0148079479
  vertex -0.0679921731 0.0390954241 0.0147280321
  endloop
 endfacet

 facet normal -0.936397552 -0.335524738 -0.10287293
  outer loop
  vertex -0.0679940879 0.0390526429 0.0148849571
  vertex -0.0679921731 0.0390954241 0.0147280321
  vertex -0.067982614 0.0390461199 0.0148018459
  endloop
 endfacet

 facet normal -0.911764622 -0.399709165 -0.094434604
  outer loop
  vertex -0.0679940879 0.0390526429 0.0148849571
  vertex -0.067982614 0.0390461199 0.0148018459
  vertex -0.0679787919 0.0390098654 0.0149183767
  endloop
 endfacet

 facet normal -0.910132527 -0.403147042 -0.0955577269
  outer loop
  vertex -0.0679787919 0.0390098654 0.0149183767
  vertex -0.067982614 0.0390461199 0.0148018459
  vertex -0.0679673254 0.0390127674 0.0147969052
  endloop
 endfacet

 facet normal -0.908050001 -0.407835901 -0.0954730809
  outer loop
  vertex -0.0679787919 0.0390098654 0.0149183767
  vertex -0.0679673254 0.0390127674 0.0147969052
  vertex -0.0679711476 0.0390018895 0.0148797268
  endloop
 endfacet

 facet normal -0.878425717 -0.471727669 -0.0764282718
  outer loop
  vertex -0.0679787919 0.0390098654 0.0149183767
  vertex -0.0679711476 0.0390018895 0.0148797268
  vertex -0.0679730549 0.0389975384 0.0149285477
  endloop
 endfacet

 facet normal -0.877037168 -0.474276274 -0.0766010061
  outer loop
  vertex -0.0679730549 0.0389975384 0.0149285477
  vertex -0.0679711476 0.0390018895 0.0148797268
  vertex -0.0679635033 0.0389772356 0.0149448207
  endloop
 endfacet

 facet normal -0.86864233 -0.488445729 -0.0829532444
  outer loop
  vertex -0.0679635033 0.0389772356 0.0149448207
  vertex -0.0679711476 0.0390018895 0.0148797268
  vertex -0.0679520294 0.038968537 0.0148759494
  endloop
 endfacet

 facet normal -0.854898572 -0.512963891 -0.0775669366
  outer loop
  vertex -0.0679635033 0.0389772356 0.0149448207
  vertex -0.0679520294 0.038968537 0.0148759494
  vertex -0.0679558516 0.0389627367 0.0149564454
  endloop
 endfacet

 facet normal -0.842912138 -0.532309949 -0.0783918425
  outer loop
  vertex -0.0679558516 0.0389627367 0.0149564454
  vertex -0.0679520294 0.038968537 0.0148759494
  vertex -0.0679367408 0.0389286578 0.0149823092
  endloop
 endfacet

 facet normal -0.836227179 -0.542063892 -0.0830102041
  outer loop
  vertex -0.0679367408 0.0389286578 0.0149823092
  vertex -0.0679520294 0.038968537 0.0148759494
  vertex -0.0679310039 0.0389366336 0.0148724606
  endloop
 endfacet

 facet normal -0.793230176 -0.602933943 -0.0851851851
  outer loop
  vertex -0.0679367408 0.0389286578 0.0149823092
  vertex -0.0679310039 0.0389366336 0.0148724606
  vertex -0.0679080635 0.0389069058 0.0148692643
  endloop
 endfacet

 facet normal -0.768364906 -0.635888278 -0.0725370049
  outer loop
  vertex -0.0679367408 0.0389286578 0.0149823092
  vertex -0.0679080635 0.0389069058 0.0148692643
  vertex -0.0679214448 0.0389083549 0.0149982916
  endloop
 endfacet

 facet normal -0.620660722 0.139848694 0.771506727
  outer loop
  vertex -0.0679367408 0.0389286578 0.0149823092
  vertex -0.0679214448 0.0389083549 0.0149982916
  vertex -0.0675257519 0.0406644791 0.0149982916
  endloop
 endfacet

 facet normal -0.516404927 -0.850943983 -0.0960218459
  outer loop
  vertex -0.0677761659 0.0387807414 0.0149982916
  vertex -0.067785725 0.0387865417 0.0149982916
  vertex -0.0677608773 0.0387872681 0.0148582226
  endloop
 endfacet

 facet normal -0.531053305 -0.841585398 -0.0985721797
  outer loop
  vertex -0.0677608773 0.0387872681 0.0148582226
  vertex -0.067785725 0.0387865417 0.0149982916
  vertex -0.0677933693 0.0388075709 0.0148599651
  endloop
 endfacet

 facet normal -0.530376315 -0.837887883 -0.129015297
  outer loop
  vertex -0.0677608773 0.0387872681 0.0148582226
  vertex -0.0677933693 0.0388075709 0.0148599651
  vertex -0.0677876323 0.0388177224 0.0147704594
  endloop
 endfacet

 facet normal -0.544390917 -0.828870237 -0.128890589
  outer loop
  vertex -0.0677876323 0.0388177224 0.0147704594
  vertex -0.0677933693 0.0388075709 0.0148599651
  vertex -0.0678258687 0.0388285965 0.014862
  endloop
 endfacet

 facet normal -0.557795703 -0.81881249 -0.135684058
  outer loop
  vertex -0.0677876323 0.0388177224 0.0147704594
  vertex -0.0678258687 0.0388285965 0.014862
  vertex -0.0678201318 0.0388394743 0.0147727849
  endloop
 endfacet

 facet normal -0.555674195 -0.810208917 -0.186514586
  outer loop
  vertex -0.0677876323 0.0388177224 0.0147704594
  vertex -0.0678201318 0.0388394743 0.0147727849
  vertex -0.0677799881 0.0388329476 0.0146815348
  endloop
 endfacet

 facet normal -0.559018433 -0.807519376 -0.188178122
  outer loop
  vertex -0.0677799881 0.0388329476 0.0146815348
  vertex -0.0678201318 0.0388394743 0.0147727849
  vertex -0.0678124875 0.0388546996 0.014684733
  endloop
 endfacet

 facet normal -0.595502675 -0.781329513 -0.186817363
  outer loop
  vertex -0.0678124875 0.0388546996 0.014684733
  vertex -0.0678201318 0.0388394743 0.0147727849
  vertex -0.0678430721 0.038877178 0.0146882189
  endloop
 endfacet

 facet normal -0.675189853 -0.720688581 -0.157247126
  outer loop
  vertex -0.0678430721 0.038877178 0.0146882189
  vertex -0.0678488091 0.0388633981 0.0147759812
  vertex -0.0678774789 0.0388895012 0.014779469
  endloop
 endfacet

 facet normal -0.677744746 -0.71799463 -0.158574402
  outer loop
  vertex -0.0678430721 0.038877178 0.0146882189
  vertex -0.0678774789 0.0388895012 0.014779469
  vertex -0.067871742 0.0389032774 0.0146925785
  endloop
 endfacet

 facet normal -0.675460339 -0.706942737 -0.20972693
  outer loop
  vertex -0.0678430721 0.038877178 0.0146882189
  vertex -0.067871742 0.0389032774 0.0146925785
  vertex -0.0678640977 0.0389214046 0.0146068512
  endloop
 endfacet

 facet normal -0.667773783 -0.712687612 -0.214836061
  outer loop
  vertex -0.0678430721 0.038877178 0.0146882189
  vertex -0.0678640977 0.0389214046 0.0146068512
  vertex -0.0678354278 0.038896028 0.0146019105
  endloop
 endfacet

 facet normal -0.64290756 -0.749130845 -0.159602553
  outer loop
  vertex -0.0678430721 0.038877178 0.0146882189
  vertex -0.0678201318 0.0388394743 0.0147727849
  vertex -0.0678488091 0.0388633981 0.0147759812
  endloop
 endfacet

 facet normal -0.666229904 -0.706006706 -0.240192339
  outer loop
  vertex -0.0678354278 0.038896028 0.0146019105
  vertex -0.0678640977 0.0389214046 0.0146068512
  vertex -0.0678564534 0.0389431566 0.0145217041
  endloop
 endfacet

 facet normal -0.660185397 -0.710268795 -0.244281352
  outer loop
  vertex -0.0678354278 0.038896028 0.0146019105
  vertex -0.0678564534 0.0389431566 0.0145217041
  vertex -0.0678277761 0.0389185064 0.0145158926
  endloop
 endfacet

 facet normal -0.721796274 -0.652257979 -0.231451616
  outer loop
  vertex -0.0678564534 0.0389431566 0.0145217041
  vertex -0.0678640977 0.0389214046 0.0146068512
  vertex -0.0678908601 0.0389489569 0.0146126635
  endloop
 endfacet

 facet normal -0.734108746 -0.636281908 -0.2371279
  outer loop
  vertex -0.0678564534 0.0389431566 0.0145217041
  vertex -0.0678908601 0.0389489569 0.0146126635
  vertex -0.0678832158 0.0389714353 0.0145286797
  endloop
 endfacet

 facet normal -0.732877195 -0.630616426 -0.2553702
  outer loop
  vertex -0.0678564534 0.0389431566 0.0145217041
  vertex -0.0678832158 0.0389714353 0.0145286797
  vertex -0.0678755641 0.0389960892 0.0144458571
  endloop
 endfacet

 facet normal -0.702527642 -0.654417694 -0.279628903
  outer loop
  vertex -0.0678564534 0.0389431566 0.0145217041
  vertex -0.0678755641 0.0389960892 0.0144458571
  vertex -0.0678468943 0.038968537 0.0144383013
  endloop
 endfacet

 facet normal -0.700390935 -0.645132065 -0.305380523
  outer loop
  vertex -0.0678468943 0.038968537 0.0144383013
  vertex -0.0678755641 0.0389960892 0.0144458571
  vertex -0.0678660125 0.0390243679 0.0143641979
  endloop
 endfacet

 facet normal -0.696675241 -0.647754431 -0.308314711
  outer loop
  vertex -0.0678468943 0.038968537 0.0144383013
  vertex -0.0678660125 0.0390243679 0.0143641979
  vertex -0.0678373352 0.0389975384 0.0143557703
  endloop
 endfacet

 facet normal -0.693991125 -0.635338664 -0.338705182
  outer loop
  vertex -0.0678373352 0.0389975384 0.0143557703
  vertex -0.0678660125 0.0390243679 0.0143641979
  vertex -0.0678277761 0.0390301682 0.0142749827
  endloop
 endfacet

 facet normal -0.69891572 -0.629001141 -0.340403467
  outer loop
  vertex -0.0678277761 0.0390301682 0.0142749827
  vertex -0.0678660125 0.0390243679 0.0143641979
  vertex -0.0678564534 0.039056994 0.0142842829
  endloop
 endfacet

 facet normal -0.735137463 -0.592312217 -0.32975632
  outer loop
  vertex -0.0678564534 0.039056994 0.0142842829
  vertex -0.0678660125 0.0390243679 0.0143641979
  vertex -0.0678832158 0.0390845463 0.0142944539
  endloop
 endfacet

 facet normal -0.73596555 -0.591693878 -0.329018563
  outer loop
  vertex -0.0678832158 0.0390845463 0.0142944539
  vertex -0.0678660125 0.0390243679 0.0143641979
  vertex -0.0678927749 0.0390526429 0.0143732065
  endloop
 endfacet

 facet normal -0.805544972 -0.508701861 -0.303841501
  outer loop
  vertex -0.0678832158 0.0390845463 0.0142944539
  vertex -0.0678927749 0.0390526429 0.0143732065
  vertex -0.0679061562 0.0391142741 0.0143054966
  endloop
 endfacet

 facet normal -0.803047776 -0.498159826 -0.327033877
  outer loop
  vertex -0.0678832158 0.0390845463 0.0142944539
  vertex -0.0679061562 0.0391142741 0.0143054966
  vertex -0.0678736567 0.0391200781 0.0142168636
  endloop
 endfacet

 facet normal -0.810789466 -0.484157622 -0.328955859
  outer loop
  vertex -0.0678736567 0.0391200781 0.0142168636
  vertex -0.0679061562 0.0391142741 0.0143054966
  vertex -0.0678965971 0.0391498059 0.0142296497
  endloop
 endfacet

 facet normal -0.809551001 -0.478274226 -0.340412945
  outer loop
  vertex -0.0678736567 0.0391200781 0.0142168636
  vertex -0.0678965971 0.0391498059 0.0142296497
  vertex -0.067887038 0.0391867831 0.0141549641
  endloop
 endfacet

 facet normal -0.776896715 -0.504903793 -0.37616989
  outer loop
  vertex -0.0678736567 0.0391200781 0.0142168636
  vertex -0.067887038 0.0391867831 0.0141549641
  vertex -0.0678621903 0.0391585045 0.0141415969
  endloop
 endfacet

 facet normal -0.774713933 -0.494562954 -0.393987119
  outer loop
  vertex -0.0678621903 0.0391585045 0.0141415969
  vertex -0.067887038 0.0391867831 0.0141549641
  vertex -0.0678507164 0.0391991101 0.0140680745
  endloop
 endfacet

 facet normal -0.784341335 -0.477790862 -0.395632029
  outer loop
  vertex -0.0678507164 0.0391991101 0.0140680745
  vertex -0.067887038 0.0391867831 0.0141549641
  vertex -0.0678755641 0.0392281115 0.0140823144
  endloop
 endfacet

 facet normal -0.817476392 -0.435569376 -0.376844525
  outer loop
  vertex -0.0678755641 0.0392281115 0.0140823144
  vertex -0.067887038 0.0391867831 0.0141549641
  vertex -0.0678985044 0.0392578393 0.0140977157
  endloop
 endfacet

 facet normal -0.815039396 -0.424773067 -0.394054145
  outer loop
  vertex -0.0678755641 0.0392281115 0.0140823144
  vertex -0.0678985044 0.0392578393 0.0140977157
  vertex -0.0678640977 0.0392716154 0.0140116969
  endloop
 endfacet

 facet normal -0.823408782 -0.407717198 -0.394670337
  outer loop
  vertex -0.0678640977 0.0392716154 0.0140116969
  vertex -0.0678985044 0.0392578393 0.0140977157
  vertex -0.067887038 0.0393013433 0.0140288435
  endloop
 endfacet

 facet normal -0.820706606 -0.395373404 -0.412456751
  outer loop
  vertex -0.0678640977 0.0392716154 0.0140116969
  vertex -0.067887038 0.0393013433 0.0140288435
  vertex -0.0678526312 0.0393187441 0.0139436973
  endloop
 endfacet

 facet normal -0.821584165 -0.393562675 -0.412441343
  outer loop
  vertex -0.0678526312 0.0393187441 0.0139436973
  vertex -0.067887038 0.0393013433 0.0140288435
  vertex -0.0678755641 0.0393477492 0.0139617147
  endloop
 endfacet

 facet normal -0.816934109 -0.372668743 -0.440155327
  outer loop
  vertex -0.0678526312 0.0393187441 0.0139436973
  vertex -0.0678755641 0.0393477492 0.0139617147
  vertex -0.06783925 0.0393673256 0.0138777299
  endloop
 endfacet

 facet normal -0.819775224 -0.366600126 -0.439969391
  outer loop
  vertex -0.06783925 0.0393673256 0.0138777299
  vertex -0.0678755641 0.0393477492 0.0139617147
  vertex -0.0678621903 0.0393956043 0.0138969095
  endloop
 endfacet

 facet normal -0.813935935 -0.341507643 -0.469979644
  outer loop
  vertex -0.06783925 0.0393673256 0.0138777299
  vertex -0.0678621903 0.0393956043 0.0138969095
  vertex -0.0678124875 0.0394739099 0.0137539338
  endloop
 endfacet

 facet normal -0.811241984 -0.299183488 -0.502370119
  outer loop
  vertex -0.0678124875 0.0394739099 0.0137539338
  vertex -0.0678354278 0.0395014659 0.0137745664
  vertex -0.0678086653 0.0396152996 0.0136635564
  endloop
 endfacet

 facet normal -0.819394946 -0.332499385 -0.466943443
  outer loop
  vertex -0.0678124875 0.0394739099 0.0137539338
  vertex -0.0678621903 0.0393956043 0.0138969095
  vertex -0.0678354278 0.0395014659 0.0137745664
  endloop
 endfacet

 facet normal -0.804166973 -0.240151554 -0.543730438
  outer loop
  vertex -0.0678086653 0.0396152996 0.0136635564
  vertex -0.0678029284 0.0397632159 0.0135897435
  vertex -0.0677780807 0.039738562 0.0135638798
  endloop
 endfacet

 facet normal -0.822687984 -0.285815239 -0.491420776
  outer loop
  vertex -0.0678086653 0.0396152996 0.0136635564
  vertex -0.0678354278 0.0395014659 0.0137745664
  vertex -0.0678583607 0.0395290181 0.0137969423
  endloop
 endfacet

 facet normal -0.847827435 -0.241470501 -0.472102404
  outer loop
  vertex -0.0678086653 0.0396152996 0.0136635564
  vertex -0.0678583607 0.0395290181 0.0137969423
  vertex -0.0678296909 0.0396414027 0.0136879673
  endloop
 endfacet

 facet normal -0.841672301 -0.214630052 -0.495501518
  outer loop
  vertex -0.0678086653 0.0396152996 0.0136635564
  vertex -0.0678296909 0.0396414027 0.0136879673
  vertex -0.0678029284 0.0397632159 0.0135897435
  endloop
 endfacet

 facet normal -0.822039545 -0.118995324 -0.556858242
  outer loop
  vertex -0.0677398443 0.0400256924 0.0134304939
  vertex -0.067770429 0.0398915522 0.0135043068
  vertex -0.0677933693 0.0399140306 0.0135333668
  endloop
 endfacet

 facet normal -0.832387626 -0.102731332 -0.544588923
  outer loop
  vertex -0.0677398443 0.0400256924 0.0134304939
  vertex -0.0677933693 0.0399140306 0.0135333668
  vertex -0.0677627847 0.040046718 0.013461588
  endloop
 endfacet

 facet normal -0.821073413 -0.0556099564 -0.568107486
  outer loop
  vertex -0.0677398443 0.0400256924 0.0134304939
  vertex -0.0677627847 0.040046718 0.013461588
  vertex -0.0677073523 0.0401663557 0.0133697577
  endloop
 endfacet

 facet normal -0.826099157 -0.0481799766 -0.561461389
  outer loop
  vertex -0.0677073523 0.0401663557 0.0133697577
  vertex -0.0677627847 0.040046718 0.013461588
  vertex -0.0677302852 0.0401837565 0.013402015
  endloop
 endfacet

 facet normal -0.853676558 -0.20014599 -0.480809689
  outer loop
  vertex -0.0678029284 0.0397632159 0.0135897435
  vertex -0.0678296909 0.0396414027 0.0136879673
  vertex -0.0678507164 0.0396689549 0.0137138311
  endloop
 endfacet

 facet normal -0.873312831 -0.162035689 -0.459422708
  outer loop
  vertex -0.0678029284 0.0397632159 0.0135897435
  vertex -0.0678507164 0.0396689549 0.0137138311
  vertex -0.0678220466 0.0397871435 0.0136176413
  endloop
 endfacet

 facet normal -0.865511537 -0.126337782 -0.484694302
  outer loop
  vertex -0.0678029284 0.0397632159 0.0135897435
  vertex -0.0678220466 0.0397871435 0.0136176413
  vertex -0.0677933693 0.0399140306 0.0135333668
  endloop
 endfacet

 facet normal -0.828951299 -0.148996204 -0.539110303
  outer loop
  vertex -0.0678029284 0.0397632159 0.0135897435
  vertex -0.0677933693 0.0399140306 0.0135333668
  vertex -0.067770429 0.0398915522 0.0135043068
  endloop
 endfacet

 facet normal -0.873801231 -0.0016245977 -0.48628056
  outer loop
  vertex -0.0669733062 0.043862775 0.0120295007
  vertex -0.0677302852 0.0401837565 0.013402015
  vertex -0.0677494034 0.0402011611 0.0134363053
  endloop
 endfacet

 facet normal -0.875596881 0 -0.483042657
  outer loop
  vertex -0.0669733062 0.043862775 0.0120295007
  vertex -0.0677494034 0.0402011611 0.0134363053
  vertex -0.0669733062 0.0438714772 0.0120295007
  endloop
 endfacet

 facet normal -0.874248683 -0.0037249024 -0.485464156
  outer loop
  vertex -0.0677302852 0.0401837565 0.013402015
  vertex -0.0677627847 0.040046718 0.013461588
  vertex -0.0677494034 0.0402011611 0.0134363053
  endloop
 endfacet

 facet normal -0.946915567 0.0832092687 -0.310527027
  outer loop
  vertex -0.0669675767 0.0439483337 0.0120295007
  vertex -0.0669713989 0.0439048298 0.0120295007
  vertex -0.0678086653 0.0401061736 0.0135647524
  endloop
 endfacet

 facet normal -0.960591733 0.10792958 -0.256153941
  outer loop
  vertex -0.0669675767 0.0439483337 0.0120295007
  vertex -0.0678086653 0.0401061736 0.0135647524
  vertex -0.0678163096 0.0401250273 0.0136013674
  endloop
 endfacet

 facet normal -0.968586683 0.127154574 -0.213709146
  outer loop
  vertex -0.0669675767 0.0439483337 0.0120295007
  vertex -0.0678163096 0.0401250273 0.0136013674
  vertex -0.0678220466 0.0401453301 0.013639437
  endloop
 endfacet

 facet normal -0.977957606 0.16624926 -0.126332924
  outer loop
  vertex -0.0669675767 0.0439483337 0.0120295007
  vertex -0.0678220466 0.0401453301 0.013639437
  vertex -0.0678239539 0.0401634537 0.0136780869
  endloop
 endfacet

 facet normal -0.980320394 0.155621752 -0.121465705
  outer loop
  vertex -0.0678239539 0.0401634537 0.0136780869
  vertex -0.0678220466 0.0401453301 0.013639437
  vertex -0.0678488091 0.0400264151 0.013703079
  endloop
 endfacet

 facet normal -0.982323527 0.16059801 -0.0961710066
  outer loop
  vertex -0.0678239539 0.0401634537 0.0136780869
  vertex -0.0678488091 0.0400264151 0.013703079
  vertex -0.0678488091 0.0400481671 0.0137394033
  endloop
 endfacet

 facet normal -0.982348859 0.162144646 -0.0932733119
  outer loop
  vertex -0.0678239539 0.0401634537 0.0136780869
  vertex -0.0678488091 0.0400481671 0.0137394033
  vertex -0.0678736567 0.0399394073 0.0138120539
  endloop
 endfacet

 facet normal -0.979196191 0.201122537 -0.02691718
  outer loop
  vertex -0.0678239539 0.0401634537 0.0136780869
  vertex -0.0678736567 0.0399394073 0.0138120539
  vertex -0.0678698346 0.0399626084 0.0138463452
  endloop
 endfacet

 facet normal -0.977799535 0.208823621 -0.0173437484
  outer loop
  vertex -0.0678239539 0.0401634537 0.0136780869
  vertex -0.0678698346 0.0399626084 0.0138463452
  vertex -0.0677952841 0.0402968675 0.0136679159
  endloop
 endfacet

 facet normal -0.977381349 0.211089298 -0.0129246656
  outer loop
  vertex -0.0677952841 0.0402968675 0.0136679159
  vertex -0.0678698346 0.0399626084 0.0138463452
  vertex -0.0679443851 0.0396370515 0.0141668795
  endloop
 endfacet

 facet normal -0.975607336 0.219519258 -0.00124702812
  outer loop
  vertex -0.0677952841 0.0402968675 0.0136679159
  vertex -0.0679443851 0.0396370515 0.0141668795
  vertex -0.0679692328 0.039527569 0.0143357189
  endloop
 endfacet

 facet normal -0.981686234 0.189257413 -0.0217653308
  outer loop
  vertex -0.0679692328 0.039527569 0.0143357189
  vertex -0.0679443851 0.0396370515 0.0141668795
  vertex -0.0679673254 0.0395282917 0.014255804
  endloop
 endfacet

 facet normal -0.983109951 0.181704685 -0.021867834
  outer loop
  vertex -0.0679692328 0.039527569 0.0143357189
  vertex -0.0679673254 0.0395282917 0.014255804
  vertex -0.067982614 0.0394601338 0.014376984
  endloop
 endfacet

 facet normal -0.983062446 0.182025418 -0.0213282537
  outer loop
  vertex -0.0679692328 0.039527569 0.0143357189
  vertex -0.067982614 0.0394601338 0.014376984
  vertex -0.0679959953 0.0394028537 0.014504849
  endloop
 endfacet

 facet normal -0.981205702 0.192505226 -0.0133069111
  outer loop
  vertex -0.0679692328 0.039527569 0.0143357189
  vertex -0.0679959953 0.0394028537 0.014504849
  vertex -0.0680017322 0.0393781997 0.014571107
  endloop
 endfacet

 facet normal -0.992320895 0.11608573 -0.0427031368
  outer loop
  vertex -0.0680017322 0.0393781997 0.014571107
  vertex -0.0679959953 0.0394028537 0.014504849
  vertex -0.0680055544 0.0393404961 0.0145574482
  endloop
 endfacet

 facet normal -0.99701643 0.0257936623 -0.0727521777
  outer loop
  vertex -0.0680055544 0.0393404961 0.0145574482
  vertex -0.0680055544 0.0393027924 0.0145440809
  vertex -0.0680112913 0.0392803177 0.0146146966
  endloop
 endfacet

 facet normal -0.992942691 0.103767477 -0.057419613
  outer loop
  vertex -0.0680055544 0.0393404961 0.0145574482
  vertex -0.0679959953 0.0394028537 0.014504849
  vertex -0.067982614 0.0394601338 0.014376984
  endloop
 endfacet

 facet normal -0.992961109 0.103487574 -0.0576075166
  outer loop
  vertex -0.0680055544 0.0393404961 0.0145574482
  vertex -0.067982614 0.0394601338 0.014376984
  vertex -0.0679921731 0.0393941551 0.0144231897
  endloop
 endfacet

 facet normal -0.995479226 0.0556246638 -0.0769867674
  outer loop
  vertex -0.0680055544 0.0393404961 0.0145574482
  vertex -0.0679921731 0.0393941551 0.0144231897
  vertex -0.0679998174 0.0393288955 0.0144749181
  endloop
 endfacet

 facet normal -0.997003734 0.0258486327 -0.0729072243
  outer loop
  vertex -0.0680055544 0.0393404961 0.0145574482
  vertex -0.0679998174 0.0393288955 0.0144749181
  vertex -0.0680055544 0.0393027924 0.0145440809
  endloop
 endfacet

 facet normal -0.992379904 -0.0685300678 -0.102399357
  outer loop
  vertex -0.0680112913 0.0392803177 0.0146146966
  vertex -0.0680055544 0.0393027924 0.0145440809
  vertex -0.0680017322 0.0392665416 0.0145312948
  endloop
 endfacet

 facet normal -0.992231369 -0.0713421032 -0.101917826
  outer loop
  vertex -0.0680112913 0.0392803177 0.0146146966
  vertex -0.0680017322 0.0392665416 0.0145312948
  vertex -0.0680074692 0.0392433368 0.0146033634
  endloop
 endfacet

 facet normal -0.992574513 -0.0727318376 -0.0974992812
  outer loop
  vertex -0.0680112913 0.0392803177 0.0146146966
  vertex -0.0680074692 0.0392433368 0.0146033634
  vertex -0.0680131987 0.0392230339 0.0146768866
  endloop
 endfacet

 facet normal -0.986633182 -0.120117962 -0.110121153
  outer loop
  vertex -0.0680131987 0.0392230339 0.0146768866
  vertex -0.0680074692 0.0392433368 0.0146033634
  vertex -0.0680017322 0.0392063595 0.0145923216
  endloop
 endfacet

 facet normal -0.986271977 -0.123724751 -0.109360918
  outer loop
  vertex -0.0680131987 0.0392230339 0.0146768866
  vertex -0.0680017322 0.0392063595 0.0145923216
  vertex -0.0680074692 0.0391860567 0.0146670062
  endloop
 endfacet

 facet normal -0.978506207 -0.167274177 -0.12060339
  outer loop
  vertex -0.0680074692 0.0391860567 0.0146670062
  vertex -0.0680017322 0.0392063595 0.0145923216
  vertex -0.0679940879 0.0391693823 0.0145815685
  endloop
 endfacet

 facet normal -0.976963758 -0.177581027 -0.118349999
  outer loop
  vertex -0.0680074692 0.0391860567 0.0146670062
  vertex -0.0679940879 0.0391693823 0.0145815685
  vertex -0.0679998174 0.0391498059 0.0146582872
  endloop
 endfacet

 facet normal -0.954962134 -0.262489229 -0.138371482
  outer loop
  vertex -0.0679998174 0.0391498059 0.0146582872
  vertex -0.0679940879 0.0391693823 0.0145815685
  vertex -0.067988351 0.0391128249 0.0146492794
  endloop
 endfacet

 facet normal -0.956542373 -0.269657105 -0.110958837
  outer loop
  vertex -0.0679998174 0.0391498059 0.0146582872
  vertex -0.067988351 0.0391128249 0.0146492794
  vertex -0.0680036396 0.0391316786 0.0147352973
  endloop
 endfacet

 facet normal -0.953856945 -0.280090749 -0.108194701
  outer loop
  vertex -0.0680036396 0.0391316786 0.0147352973
  vertex -0.067988351 0.0391128249 0.0146492794
  vertex -0.0679921731 0.0390954241 0.0147280321
  endloop
 endfacet

 facet normal -0.954448581 -0.283032477 -0.0944489688
  outer loop
  vertex -0.0680036396 0.0391316786 0.0147352973
  vertex -0.0679921731 0.0390954241 0.0147280321
  vertex -0.0679959953 0.039081648 0.0148079479
  endloop
 endfacet

 facet normal -0.954998255 -0.281535387 -0.0933601707
  outer loop
  vertex -0.0680036396 0.0391316786 0.0147352973
  vertex -0.0679959953 0.039081648 0.0148079479
  vertex -0.0680074692 0.0391186252 0.0148137594
  endloop
 endfacet

 facet normal -0.934488654 -0.335349321 -0.119464897
  outer loop
  vertex -0.0679921731 0.0390954241 0.0147280321
  vertex -0.067988351 0.0391128249 0.0146492794
  vertex -0.0679787919 0.0390606187 0.0147210574
  endloop
 endfacet

 facet normal -0.935095787 -0.338478506 -0.105014503
  outer loop
  vertex -0.0679921731 0.0390954241 0.0147280321
  vertex -0.0679787919 0.0390606187 0.0147210574
  vertex -0.067982614 0.0390461199 0.0148018459
  endloop
 endfacet

 facet normal -0.909327447 -0.39992401 -0.114823811
  outer loop
  vertex -0.067982614 0.0390461199 0.0148018459
  vertex -0.0679787919 0.0390606187 0.0147210574
  vertex -0.0679673254 0.0390127674 0.0147969052
  endloop
 endfacet

 facet normal -0.898158789 -0.420222729 -0.129319504
  outer loop
  vertex -0.0679673254 0.0390127674 0.0147969052
  vertex -0.0679787919 0.0390606187 0.0147210574
  vertex -0.0679615885 0.0390258171 0.0147146638
  endloop
 endfacet

 facet normal -0.890627325 -0.43539536 -0.131201968
  outer loop
  vertex -0.0679673254 0.0390127674 0.0147969052
  vertex -0.0679615885 0.0390258171 0.0147146638
  vertex -0.0679443851 0.0389924645 0.0147085618
  endloop
 endfacet

 facet normal -0.873675108 -0.471878737 -0.118415579
  outer loop
  vertex -0.0679673254 0.0390127674 0.0147969052
  vertex -0.0679443851 0.0389924645 0.0147085618
  vertex -0.0679482073 0.0389786847 0.014791674
  endloop
 endfacet

 facet normal -0.874198675 -0.474588364 -0.102676854
  outer loop
  vertex -0.0679673254 0.0390127674 0.0147969052
  vertex -0.0679482073 0.0389786847 0.014791674
  vertex -0.0679711476 0.0390018895 0.0148797268
  endloop
 endfacet

 facet normal -0.86818099 -0.486479729 -0.0979757309
  outer loop
  vertex -0.0679711476 0.0390018895 0.0148797268
  vertex -0.0679482073 0.0389786847 0.014791674
  vertex -0.0679520294 0.038968537 0.0148759494
  endloop
 endfacet

 facet normal -0.836917281 -0.537605107 -0.102715246
  outer loop
  vertex -0.0679520294 0.038968537 0.0148759494
  vertex -0.0679482073 0.0389786847 0.014791674
  vertex -0.0679271817 0.038946785 0.0147873154
  endloop
 endfacet

 facet normal -0.835700512 -0.539654613 -0.101871118
  outer loop
  vertex -0.0679520294 0.038968537 0.0148759494
  vertex -0.0679271817 0.038946785 0.0147873154
  vertex -0.0679310039 0.0389366336 0.0148724606
  endloop
 endfacet

 facet normal -0.792680144 -0.600147486 -0.107151262
  outer loop
  vertex -0.0679310039 0.0389366336 0.0148724606
  vertex -0.0679271817 0.038946785 0.0147873154
  vertex -0.0679080635 0.0389069058 0.0148692643
  endloop
 endfacet

 facet normal -0.769575059 -0.626162291 -0.125200495
  outer loop
  vertex -0.0679080635 0.0389069058 0.0148692643
  vertex -0.0679271817 0.038946785 0.0147873154
  vertex -0.0679023266 0.0389170572 0.0147832464
  endloop
 endfacet

 facet normal -0.751538992 -0.647444606 -0.126509756
  outer loop
  vertex -0.0679080635 0.0389069058 0.0148692643
  vertex -0.0679023266 0.0389170572 0.0147832464
  vertex -0.0678832158 0.0388786271 0.0148663586
  endloop
 endfacet

 facet normal -0.752872825 -0.654251933 -0.0716721639
  outer loop
  vertex -0.0679080635 0.0389069058 0.0148692643
  vertex -0.0678832158 0.0388786271 0.0148663586
  vertex -0.0678793937 0.0388597734 0.0149982916
  endloop
 endfacet

 facet normal -0.754163623 -0.652850807 -0.0708735436
  outer loop
  vertex -0.0679080635 0.0389069058 0.0148692643
  vertex -0.0678793937 0.0388597734 0.0149982916
  vertex -0.0679214448 0.0389083549 0.0149982916
  endloop
 endfacet

 facet normal -0.531777978 -0.84114027 -0.0984644592
  outer loop
  vertex -0.067785725 0.0387865417 0.0149982916
  vertex -0.0678029284 0.0387974195 0.0149982916
  vertex -0.0677933693 0.0388075709 0.0148599651
  endloop
 endfacet

 facet normal -0.544941902 -0.832638443 -0.0987501293
  outer loop
  vertex -0.0677933693 0.0388075709 0.0148599651
  vertex -0.0678029284 0.0387974195 0.0149982916
  vertex -0.0678258687 0.0388285965 0.014862
  endloop
 endfacet

 facet normal -0.57727915 -0.811733902 -0.0885253921
  outer loop
  vertex -0.0678258687 0.0388285965 0.014862
  vertex -0.0678029284 0.0387974195 0.0149982916
  vertex -0.0678182244 0.0388082936 0.0149982916
  endloop
 endfacet

 facet normal -0.618593276 -0.781452477 -0.0816967413
  outer loop
  vertex -0.0678258687 0.0388285965 0.014862
  vertex -0.0678182244 0.0388082936 0.0149982916
  vertex -0.0678621903 0.038843099 0.0149982916
  endloop
 endfacet

 facet normal -0.641875207 -0.761506438 -0.0900233239
  outer loop
  vertex -0.0678258687 0.0388285965 0.014862
  vertex -0.0678621903 0.038843099 0.0149982916
  vertex -0.0678545386 0.038852524 0.014864034
  endloop
 endfacet

 facet normal -0.64055568 -0.756240308 -0.133375987
  outer loop
  vertex -0.0678258687 0.0388285965 0.014862
  vertex -0.0678545386 0.038852524 0.014864034
  vertex -0.0678201318 0.0388394743 0.0147727849
  endloop
 endfacet

 facet normal -0.643656611 -0.753320158 -0.134962961
  outer loop
  vertex -0.0678201318 0.0388394743 0.0147727849
  vertex -0.0678545386 0.038852524 0.014864034
  vertex -0.0678488091 0.0388633981 0.0147759812
  endloop
 endfacet

 facet normal -0.673037469 -0.727427542 -0.133678302
  outer loop
  vertex -0.0678488091 0.0388633981 0.0147759812
  vertex -0.0678545386 0.038852524 0.014864034
  vertex -0.0678832158 0.0388786271 0.0148663586
  endloop
 endfacet

 facet normal -0.675933242 -0.724439383 -0.13528423
  outer loop
  vertex -0.0678488091 0.0388633981 0.0147759812
  vertex -0.0678832158 0.0388786271 0.0148663586
  vertex -0.0678774789 0.0388895012 0.014779469
  endloop
 endfacet

 facet normal -0.745062232 -0.653998137 -0.131029606
  outer loop
  vertex -0.0678774789 0.0388895012 0.014779469
  vertex -0.0678832158 0.0388786271 0.0148663586
  vertex -0.0679023266 0.0389170572 0.0147832464
  endloop
 endfacet

 facet normal -0.744231403 -0.650341094 -0.152236417
  outer loop
  vertex -0.0678774789 0.0388895012 0.014779469
  vertex -0.0679023266 0.0389170572 0.0147832464
  vertex -0.067871742 0.0389032774 0.0146925785
  endloop
 endfacet

 facet normal -0.755236983 -0.636095285 -0.158113524
  outer loop
  vertex -0.067871742 0.0389032774 0.0146925785
  vertex -0.0679023266 0.0389170572 0.0147832464
  vertex -0.0678965971 0.038931556 0.0146975191
  endloop
 endfacet

 facet normal -0.754239976 -0.631317139 -0.180445969
  outer loop
  vertex -0.067871742 0.0389032774 0.0146925785
  vertex -0.0678965971 0.038931556 0.0146975191
  vertex -0.0678908601 0.0389489569 0.0146126635
  endloop
 endfacet

 facet normal -0.723398864 -0.659606576 -0.203993231
  outer loop
  vertex -0.067871742 0.0389032774 0.0146925785
  vertex -0.0678908601 0.0389489569 0.0146126635
  vertex -0.0678640977 0.0389214046 0.0146068512
  endloop
 endfacet

 facet normal -0.771856427 -0.610552847 -0.177378416
  outer loop
  vertex -0.0678908601 0.0389489569 0.0146126635
  vertex -0.0678965971 0.038931556 0.0146975191
  vertex -0.0679157078 0.0389786847 0.014618475
  endloop
 endfacet

 facet normal -0.768435299 -0.597654402 -0.228727877
  outer loop
  vertex -0.0678908601 0.0389489569 0.0146126635
  vertex -0.0679157078 0.0389786847 0.014618475
  vertex -0.0679080635 0.0390004404 0.0145359449
  endloop
 endfacet

 facet normal -0.766738057 -0.599269748 -0.230192482
  outer loop
  vertex -0.0678908601 0.0389489569 0.0146126635
  vertex -0.0679080635 0.0390004404 0.0145359449
  vertex -0.0678832158 0.0389714353 0.0145286797
  endloop
 endfacet

 facet normal -0.765712619 -0.594665766 -0.245065033
  outer loop
  vertex -0.0678832158 0.0389714353 0.0145286797
  vertex -0.0679080635 0.0390004404 0.0145359449
  vertex -0.0679004192 0.0390243679 0.0144539941
  endloop
 endfacet

 facet normal -0.761944234 -0.598120153 -0.248381287
  outer loop
  vertex -0.0678832158 0.0389714353 0.0145286797
  vertex -0.0679004192 0.0390243679 0.0144539941
  vertex -0.0678755641 0.0389960892 0.0144458571
  endloop
 endfacet

 facet normal -0.759833038 -0.587835789 -0.277674049
  outer loop
  vertex -0.0678755641 0.0389960892 0.0144458571
  vertex -0.0679004192 0.0390243679 0.0144539941
  vertex -0.0678927749 0.0390526429 0.0143732065
  endloop
 endfacet

 facet normal -0.739048243 -0.605114877 -0.296047062
  outer loop
  vertex -0.0678755641 0.0389960892 0.0144458571
  vertex -0.0678927749 0.0390526429 0.0143732065
  vertex -0.0678660125 0.0390243679 0.0143641979
  endloop
 endfacet

 facet normal -0.811005533 -0.52400291 -0.26017493
  outer loop
  vertex -0.0678927749 0.0390526429 0.0143732065
  vertex -0.0679004192 0.0390243679 0.0144539941
  vertex -0.0679157078 0.0390830971 0.0143833784
  endloop
 endfacet

 facet normal -0.807193279 -0.507131934 -0.302086681
  outer loop
  vertex -0.0678927749 0.0390526429 0.0143732065
  vertex -0.0679157078 0.0390830971 0.0143833784
  vertex -0.0679061562 0.0391142741 0.0143054966
  endloop
 endfacet

 facet normal -0.847980499 -0.447909325 -0.283383727
  outer loop
  vertex -0.0679061562 0.0391142741 0.0143054966
  vertex -0.0679157078 0.0390830971 0.0143833784
  vertex -0.0679271817 0.0391461775 0.0143179921
  endloop
 endfacet

 facet normal -0.845214009 -0.436066359 -0.308965117
  outer loop
  vertex -0.0679061562 0.0391142741 0.0143054966
  vertex -0.0679271817 0.0391461775 0.0143179921
  vertex -0.0679176226 0.0391809829 0.0142427264
  endloop
 endfacet

 facet normal -0.843254089 -0.438079447 -0.311462522
  outer loop
  vertex -0.0679061562 0.0391142741 0.0143054966
  vertex -0.0679176226 0.0391809829 0.0142427264
  vertex -0.0678965971 0.0391498059 0.0142296497
  endloop
 endfacet

 facet normal -0.842004538 -0.432796329 -0.322049201
  outer loop
  vertex -0.0678965971 0.0391498059 0.0142296497
  vertex -0.0679176226 0.0391809829 0.0142427264
  vertex -0.067887038 0.0391867831 0.0141549641
  endloop
 endfacet

 facet normal -0.843882442 -0.428828716 -0.322441339
  outer loop
  vertex -0.067887038 0.0391867831 0.0141549641
  vertex -0.0679176226 0.0391809829 0.0142427264
  vertex -0.0679080635 0.0392172374 0.0141694946
  endloop
 endfacet

 facet normal -0.841013193 -0.415201873 -0.346849024
  outer loop
  vertex -0.067887038 0.0391867831 0.0141549641
  vertex -0.0679080635 0.0392172374 0.0141694946
  vertex -0.0678985044 0.0392578393 0.0140977157
  endloop
 endfacet

 facet normal -0.874762297 -0.362502515 -0.321531981
  outer loop
  vertex -0.0678985044 0.0392578393 0.0140977157
  vertex -0.0679080635 0.0392172374 0.0141694946
  vertex -0.0679176226 0.0392890163 0.0141145708
  endloop
 endfacet

 facet normal -0.869571924 -0.339068323 -0.358994752
  outer loop
  vertex -0.0678985044 0.0392578393 0.0140977157
  vertex -0.0679176226 0.0392890163 0.0141145708
  vertex -0.067887038 0.0393013433 0.0140288435
  endloop
 endfacet

 facet normal -0.871328712 -0.334552497 -0.358972192
  outer loop
  vertex -0.067887038 0.0393013433 0.0140288435
  vertex -0.0679176226 0.0392890163 0.0141145708
  vertex -0.0679061562 0.0393317975 0.0140468609
  endloop
 endfacet

 facet normal -0.869095683 -0.324826181 -0.373042524
  outer loop
  vertex -0.067887038 0.0393013433 0.0140288435
  vertex -0.0679061562 0.0393317975 0.0140468609
  vertex -0.0678755641 0.0393477492 0.0139617147
  endloop
 endfacet

 facet normal -0.87234056 -0.316478074 -0.372644126
  outer loop
  vertex -0.0678755641 0.0393477492 0.0139617147
  vertex -0.0679061562 0.0393317975 0.0140468609
  vertex -0.0678946823 0.0393781997 0.0139806028
  endloop
 endfacet

 facet normal -0.870451808 -0.308505476 -0.38358587
  outer loop
  vertex -0.0678755641 0.0393477492 0.0139617147
  vertex -0.0678946823 0.0393781997 0.0139806028
  vertex -0.0678832158 0.0394253321 0.0139166703
  endloop
 endfacet

 facet normal -0.849665284 -0.324896008 -0.415345013
  outer loop
  vertex -0.0678755641 0.0393477492 0.0139617147
  vertex -0.0678832158 0.0394253321 0.0139166703
  vertex -0.0678621903 0.0393956043 0.0138969095
  endloop
 endfacet

 facet normal -0.82984823 -0.319167584 -0.457694411
  outer loop
  vertex -0.0678621903 0.0393956043 0.0138969095
  vertex -0.0678583607 0.0395290181 0.0137969423
  vertex -0.0678354278 0.0395014659 0.0137745664
  endloop
 endfacet

 facet normal -0.844709814 -0.305228412 -0.439660132
  outer loop
  vertex -0.0678621903 0.0393956043 0.0138969095
  vertex -0.0678832158 0.0394253321 0.0139166703
  vertex -0.0678583607 0.0395290181 0.0137969423
  endloop
 endfacet

 facet normal -0.881024122 -0.251507789 -0.400674999
  outer loop
  vertex -0.0678583607 0.0395290181 0.0137969423
  vertex -0.0678832158 0.0394253321 0.0139166703
  vertex -0.0678774789 0.0395580195 0.0138207721
  endloop
 endfacet

 facet normal -0.872305632 -0.213572919 -0.439851642
  outer loop
  vertex -0.0678583607 0.0395290181 0.0137969423
  vertex -0.0678774789 0.0395580195 0.0138207721
  vertex -0.0678507164 0.0396689549 0.0137138311
  endloop
 endfacet

 facet normal -0.859548807 -0.225432128 -0.458646059
  outer loop
  vertex -0.0678583607 0.0395290181 0.0137969423
  vertex -0.0678507164 0.0396689549 0.0137138311
  vertex -0.0678296909 0.0396414027 0.0136879673
  endloop
 endfacet

 facet normal -0.891850889 -0.0925364569 -0.44276306
  outer loop
  vertex -0.0677933693 0.0399140306 0.0135333668
  vertex -0.0678220466 0.0397871435 0.0136176413
  vertex -0.06783925 0.0398125201 0.0136469919
  endloop
 endfacet

 facet normal -0.89673084 -0.0816239566 -0.434984326
  outer loop
  vertex -0.0677933693 0.0399140306 0.0135333668
  vertex -0.06783925 0.0398125201 0.0136469919
  vertex -0.0678105727 0.0399357826 0.0135647524
  endloop
 endfacet

 facet normal -0.888263583 -0.0426584296 -0.457349062
  outer loop
  vertex -0.0677933693 0.0399140306 0.0135333668
  vertex -0.0678105727 0.0399357826 0.0135647524
  vertex -0.0677627847 0.040046718 0.013461588
  endloop
 endfacet

 facet normal -0.88562429 0.000708635605 -0.46440205
  outer loop
  vertex -0.0677627847 0.040046718 0.013461588
  vertex -0.0677799881 0.0400655717 0.0134944255
  vertex -0.0677494034 0.0402011611 0.0134363053
  endloop
 endfacet

 facet normal -0.892942905 -0.0328504071 -0.448969781
  outer loop
  vertex -0.0677627847 0.040046718 0.013461588
  vertex -0.0678105727 0.0399357826 0.0135647524
  vertex -0.0677799881 0.0400655717 0.0134944255
  endloop
 endfacet

 facet normal -0.913213849 -0.14630641 -0.380308956
  outer loop
  vertex -0.0678507164 0.0396689549 0.0137138311
  vertex -0.0678774789 0.0395580195 0.0138207721
  vertex -0.0678927749 0.0395877473 0.0138460547
  endloop
 endfacet

 facet normal -0.916800439 -0.136363164 -0.375342786
  outer loop
  vertex -0.0678507164 0.0396689549 0.0137138311
  vertex -0.0678927749 0.0395877473 0.0138460547
  vertex -0.0678660125 0.0396957844 0.0137414383
  endloop
 endfacet

 facet normal -0.911311507 -0.111689225 -0.396278948
  outer loop
  vertex -0.0678507164 0.0396689549 0.0137138311
  vertex -0.0678660125 0.0396957844 0.0137414383
  vertex -0.06783925 0.0398125201 0.0136469919
  endloop
 endfacet

 facet normal -0.899043918 -0.123720653 -0.420016021
  outer loop
  vertex -0.0678507164 0.0396689549 0.0137138311
  vertex -0.06783925 0.0398125201 0.0136469919
  vertex -0.0678220466 0.0397871435 0.0136176413
  endloop
 endfacet

 facet normal -0.898269653 0.0217107255 -0.438907951
  outer loop
  vertex -0.0669733062 0.0438714772 0.0120295007
  vertex -0.0677494034 0.0402011611 0.0134363053
  vertex -0.0677666068 0.0402178355 0.0134723401
  endloop
 endfacet

 facet normal -0.925662994 0.0530494675 -0.374611557
  outer loop
  vertex -0.0669733062 0.0438714772 0.0120295007
  vertex -0.0677666068 0.0402178355 0.0134723401
  vertex -0.0669713989 0.0439048298 0.0120295007
  endloop
 endfacet

 facet normal -0.899469316 0.0157054458 -0.436701506
  outer loop
  vertex -0.0677494034 0.0402011611 0.0134363053
  vertex -0.0677799881 0.0400655717 0.0134944255
  vertex -0.0677666068 0.0402178355 0.0134723401
  endloop
 endfacet

 facet normal -0.936098695 0.0667531118 -0.345345169
  outer loop
  vertex -0.0669713989 0.0439048298 0.0120295007
  vertex -0.0677666068 0.0402178355 0.0134723401
  vertex -0.0678086653 0.0401061736 0.0135647524
  endloop
 endfacet

 facet normal -0.928230643 0.043874424 -0.369408965
  outer loop
  vertex -0.0678086653 0.0401061736 0.0135647524
  vertex -0.0677666068 0.0402178355 0.0134723401
  vertex -0.0677952841 0.0400858708 0.0135287168
  endloop
 endfacet

 facet normal -0.931658089 0.0288074855 -0.36219275
  outer loop
  vertex -0.0678086653 0.0401061736 0.0135647524
  vertex -0.0677952841 0.0400858708 0.0135287168
  vertex -0.0678258687 0.0399589837 0.0135972984
  endloop
 endfacet

 facet normal -0.95441407 0.0463548973 -0.294864506
  outer loop
  vertex -0.0678086653 0.0401061736 0.0135647524
  vertex -0.0678258687 0.0399589837 0.0135972984
  vertex -0.0678354278 0.0399821848 0.0136318812
  endloop
 endfacet

 facet normal -0.96446985 0.0702861995 -0.254671872
  outer loop
  vertex -0.0678086653 0.0401061736 0.0135647524
  vertex -0.0678354278 0.0399821848 0.0136318812
  vertex -0.0678430721 0.0400046632 0.0136670442
  endloop
 endfacet

 facet normal -0.966347396 0.0817830786 -0.243894309
  outer loop
  vertex -0.0678086653 0.0401061736 0.0135647524
  vertex -0.0678430721 0.0400046632 0.0136670442
  vertex -0.0678163096 0.0401250273 0.0136013674
  endloop
 endfacet

 facet normal -0.971704721 0.0990544185 -0.214425072
  outer loop
  vertex -0.0678163096 0.0401250273 0.0136013674
  vertex -0.0678430721 0.0400046632 0.0136670442
  vertex -0.0678488091 0.0400264151 0.013703079
  endloop
 endfacet

 facet normal -0.972681284 0.109299988 -0.204803929
  outer loop
  vertex -0.0678163096 0.0401250273 0.0136013674
  vertex -0.0678488091 0.0400264151 0.013703079
  vertex -0.0678220466 0.0401453301 0.013639437
  endloop
 endfacet

 facet normal -0.974193633 0.0877126157 -0.207974732
  outer loop
  vertex -0.0678488091 0.0400264151 0.013703079
  vertex -0.0678430721 0.0400046632 0.0136670442
  vertex -0.0678698346 0.0398886539 0.0137434714
  endloop
 endfacet

 facet normal -0.978640199 0.0960815772 -0.181746334
  outer loop
  vertex -0.0678488091 0.0400264151 0.013703079
  vertex -0.0678698346 0.0398886539 0.0137434714
  vertex -0.0678736567 0.0399140306 0.013777473
  endloop
 endfacet

 facet normal -0.983386278 0.146345168 -0.107399039
  outer loop
  vertex -0.0678488091 0.0400264151 0.013703079
  vertex -0.0678736567 0.0399140306 0.013777473
  vertex -0.0678736567 0.0399394073 0.0138120539
  endloop
 endfacet

 facet normal -0.982383847 0.16032584 -0.0960080251
  outer loop
  vertex -0.0678488091 0.0400264151 0.013703079
  vertex -0.0678736567 0.0399394073 0.0138120539
  vertex -0.0678488091 0.0400481671 0.0137394033
  endloop
 endfacet

 facet normal -0.98374337 0.14477703 -0.106248222
  outer loop
  vertex -0.0678736567 0.0399394073 0.0138120539
  vertex -0.0678736567 0.0399140306 0.013777473
  vertex -0.0678985044 0.0398074426 0.0138623286
  endloop
 endfacet

 facet normal -0.984702051 0.155427262 -0.0787665322
  outer loop
  vertex -0.0678736567 0.0399394073 0.0138120539
  vertex -0.0678985044 0.0398074426 0.0138623286
  vertex -0.0679195374 0.0397371128 0.0139864162
  endloop
 endfacet

 facet normal -0.979516566 0.199669108 -0.0260724351
  outer loop
  vertex -0.0678736567 0.0399394073 0.0138120539
  vertex -0.0679195374 0.0397371128 0.0139864162
  vertex -0.067940563 0.0396472029 0.0140878353
  endloop
 endfacet

 facet normal -0.979499519 0.199766085 -0.025965564
  outer loop
  vertex -0.0678736567 0.0399394073 0.0138120539
  vertex -0.067940563 0.0396472029 0.0140878353
  vertex -0.0678698346 0.0399626084 0.0138463452
  endloop
 endfacet

 facet normal -0.978896856 0.203248143 -0.0212411936
  outer loop
  vertex -0.0678698346 0.0399626084 0.0138463452
  vertex -0.067940563 0.0396472029 0.0140878353
  vertex -0.0679443851 0.0396370515 0.0141668795
  endloop
 endfacet

 facet normal -0.981889665 0.188010514 -0.0233428609
  outer loop
  vertex -0.0679443851 0.0396370515 0.0141668795
  vertex -0.067940563 0.0396472029 0.0140878353
  vertex -0.0679673254 0.0395282917 0.014255804
  endloop
 endfacet

 facet normal -0.992756486 0.0880829319 -0.0817077383
  outer loop
  vertex -0.0679673254 0.0395282917 0.014255804
  vertex -0.0679520294 0.0395717956 0.0141168963
  vertex -0.0679768771 0.0394572355 0.0142953247
  endloop
 endfacet

 facet normal -0.9929896 0.0929334462 -0.0730431303
  outer loop
  vertex -0.0679673254 0.0395282917 0.014255804
  vertex -0.0679768771 0.0394572355 0.0142953247
  vertex -0.067982614 0.0394601338 0.014376984
  endloop
 endfacet

 facet normal -0.989855289 0.123464249 -0.0703072995
  outer loop
  vertex -0.0679673254 0.0395282917 0.014255804
  vertex -0.067940563 0.0396472029 0.0140878353
  vertex -0.0679520294 0.0395717956 0.0141168963
  endloop
 endfacet

 facet normal -0.993012667 0.0926905498 -0.0730361268
  outer loop
  vertex -0.067982614 0.0394601338 0.014376984
  vertex -0.0679768771 0.0394572355 0.0142953247
  vertex -0.0679921731 0.0393941551 0.0144231897
  endloop
 endfacet

 facet normal -0.992436528 -0.0622783229 -0.105788469
  outer loop
  vertex -0.0680055544 0.0393027924 0.0145440809
  vertex -0.0679998174 0.0393288955 0.0144749181
  vertex -0.0679959953 0.0392926447 0.0144603876
  endloop
 endfacet

 facet normal -0.992162943 -0.0675483719 -0.105118006
  outer loop
  vertex -0.0680055544 0.0393027924 0.0145440809
  vertex -0.0679959953 0.0392926447 0.0144603876
  vertex -0.0680017322 0.0392665416 0.0145312948
  endloop
 endfacet

 facet normal -0.994589567 0.0418425277 -0.0950824767
  outer loop
  vertex -0.0679921731 0.0393941551 0.0144231897
  vertex -0.0679845288 0.0393883511 0.0143406596
  vertex -0.0679921731 0.0393571742 0.0144069167
  endloop
 endfacet

 facet normal -0.994650483 0.0416072421 -0.0945478156
  outer loop
  vertex -0.0679921731 0.0393941551 0.0144231897
  vertex -0.0679921731 0.0393571742 0.0144069167
  vertex -0.0679998174 0.0393288955 0.0144749181
  endloop
 endfacet

 facet normal -0.994232595 0.0573939011 -0.090595305
  outer loop
  vertex -0.0679921731 0.0393941551 0.0144231897
  vertex -0.0679768771 0.0394572355 0.0142953247
  vertex -0.0679692328 0.0394594111 0.0142127946
  endloop
 endfacet

 facet normal -0.994541585 0.0428266674 -0.0951472148
  outer loop
  vertex -0.0679921731 0.0393941551 0.0144231897
  vertex -0.0679692328 0.0394594111 0.0142127946
  vertex -0.0679845288 0.0393883511 0.0143406596
  endloop
 endfacet

 facet normal -0.993642271 -0.00199428713 -0.112565622
  outer loop
  vertex -0.0679998174 0.0393288955 0.0144749181
  vertex -0.0679921731 0.0393571742 0.0144069167
  vertex -0.067982614 0.0393521003 0.0143226422
  endloop
 endfacet

 facet normal -0.991114557 -0.0562254302 -0.120543055
  outer loop
  vertex -0.0679998174 0.0393288955 0.0144749181
  vertex -0.067982614 0.0393521003 0.0143226422
  vertex -0.0679959953 0.0392926447 0.0144603876
  endloop
 endfacet

 facet normal -0.98733151 -0.105355471 -0.118645005
  outer loop
  vertex -0.0680017322 0.0392665416 0.0145312948
  vertex -0.0679959953 0.0392926447 0.0144603876
  vertex -0.0679902583 0.039254941 0.0144461477
  endloop
 endfacet

 facet normal -0.9868958 -0.110125653 -0.117936395
  outer loop
  vertex -0.0680017322 0.0392665416 0.0145312948
  vertex -0.0679902583 0.039254941 0.0144461477
  vertex -0.0679959953 0.0392288379 0.0145185078
  endloop
 endfacet

 facet normal -0.987172723 -0.111366838 -0.114400856
  outer loop
  vertex -0.0680017322 0.0392665416 0.0145312948
  vertex -0.0679959953 0.0392288379 0.0145185078
  vertex -0.0680074692 0.0392433368 0.0146033634
  endloop
 endfacet

 facet normal -0.986419618 -0.119239025 -0.112953715
  outer loop
  vertex -0.0680074692 0.0392433368 0.0146033634
  vertex -0.0679959953 0.0392288379 0.0145185078
  vertex -0.0680017322 0.0392063595 0.0145923216
  endloop
 endfacet

 facet normal -0.978076696 -0.165502042 -0.126392692
  outer loop
  vertex -0.0680017322 0.0392063595 0.0145923216
  vertex -0.0679959953 0.0392288379 0.0145185078
  vertex -0.0679940879 0.0391693823 0.0145815685
  endloop
 endfacet

 facet normal -0.977524221 -0.167380482 -0.128180474
  outer loop
  vertex -0.0679940879 0.0391693823 0.0145815685
  vertex -0.0679959953 0.0392288379 0.0145185078
  vertex -0.067988351 0.0391933061 0.0145065933
  endloop
 endfacet

 facet normal -0.952134371 -0.262519479 -0.156600341
  outer loop
  vertex -0.0679940879 0.0391693823 0.0145815685
  vertex -0.067988351 0.0391933061 0.0145065933
  vertex -0.067982614 0.0391338505 0.0145713976
  endloop
 endfacet

 facet normal -0.953152061 -0.26695475 -0.14225468
  outer loop
  vertex -0.0679940879 0.0391693823 0.0145815685
  vertex -0.067982614 0.0391338505 0.0145713976
  vertex -0.067988351 0.0391128249 0.0146492794
  endloop
 endfacet

 facet normal -0.921906471 -0.35154894 -0.162793472
  outer loop
  vertex -0.067988351 0.0391128249 0.0146492794
  vertex -0.067982614 0.0391338505 0.0145713976
  vertex -0.0679673254 0.0390983224 0.0145615172
  endloop
 endfacet

 facet normal -0.917005897 -0.365690082 -0.159282833
  outer loop
  vertex -0.067988351 0.0391128249 0.0146492794
  vertex -0.0679673254 0.0390983224 0.0145615172
  vertex -0.0679730549 0.0390780196 0.0146411425
  endloop
 endfacet

 facet normal -0.917814732 -0.369097173 -0.146230638
  outer loop
  vertex -0.067988351 0.0391128249 0.0146492794
  vertex -0.0679730549 0.0390780196 0.0146411425
  vertex -0.0679787919 0.0390606187 0.0147210574
  endloop
 endfacet

 facet normal -0.900098562 -0.407793254 -0.153385609
  outer loop
  vertex -0.0679787919 0.0390606187 0.0147210574
  vertex -0.0679730549 0.0390780196 0.0146411425
  vertex -0.0679558516 0.0390432179 0.014632714
  endloop
 endfacet

 facet normal -0.896912992 -0.4156214 -0.151016504
  outer loop
  vertex -0.0679787919 0.0390606187 0.0147210574
  vertex -0.0679558516 0.0390432179 0.014632714
  vertex -0.0679615885 0.0390258171 0.0147146638
  endloop
 endfacet

 facet normal -0.889351368 -0.430625737 -0.153673485
  outer loop
  vertex -0.0679615885 0.0390258171 0.0147146638
  vertex -0.0679558516 0.0390432179 0.014632714
  vertex -0.0679443851 0.0389924645 0.0147085618
  endloop
 endfacet

 facet normal -0.870089054 -0.460245341 -0.17640692
  outer loop
  vertex -0.0679443851 0.0389924645 0.0147085618
  vertex -0.0679558516 0.0390432179 0.014632714
  vertex -0.0679367408 0.0390098654 0.0146254497
  endloop
 endfacet

 facet normal -0.833413601 -0.52053231 -0.185655653
  outer loop
  vertex -0.0679443851 0.0389924645 0.0147085618
  vertex -0.0679367408 0.0390098654 0.0146254497
  vertex -0.0679157078 0.0389786847 0.014618475
  endloop
 endfacet

 facet normal -0.803268373 -0.571347773 -0.168290094
  outer loop
  vertex -0.0679443851 0.0389924645 0.0147085618
  vertex -0.0679157078 0.0389786847 0.014618475
  vertex -0.0679214448 0.0389620103 0.0147024598
  endloop
 endfacet

 facet normal -0.803696394 -0.573874116 -0.157291695
  outer loop
  vertex -0.0679443851 0.0389924645 0.0147085618
  vertex -0.0679214448 0.0389620103 0.0147024598
  vertex -0.0679271817 0.038946785 0.0147873154
  endloop
 endfacet

 facet normal -0.836069107 -0.533736825 -0.126938939
  outer loop
  vertex -0.0679443851 0.0389924645 0.0147085618
  vertex -0.0679271817 0.038946785 0.0147873154
  vertex -0.0679482073 0.0389786847 0.014791674
  endloop
 endfacet

 facet normal -0.777287602 -0.608027756 -0.161635801
  outer loop
  vertex -0.0679271817 0.038946785 0.0147873154
  vertex -0.0679214448 0.0389620103 0.0147024598
  vertex -0.0678965971 0.038931556 0.0146975191
  endloop
 endfacet

 facet normal -0.768233955 -0.620772481 -0.156391054
  outer loop
  vertex -0.0679271817 0.038946785 0.0147873154
  vertex -0.0678965971 0.038931556 0.0146975191
  vertex -0.0679023266 0.0389170572 0.0147832464
  endloop
 endfacet

 facet normal -0.674425423 -0.73285383 -0.0898655877
  outer loop
  vertex -0.0678832158 0.0388786271 0.0148663586
  vertex -0.0678545386 0.038852524 0.014864034
  vertex -0.0678621903 0.038843099 0.0149982916
  endloop
 endfacet

 facet normal -0.693659663 -0.715602458 -0.0821544304
  outer loop
  vertex -0.0678832158 0.0388786271 0.0148663586
  vertex -0.0678621903 0.038843099 0.0149982916
  vertex -0.0678793937 0.0388597734 0.0149982916
  endloop
 endfacet

 facet normal -0.776656032 -0.605623603 -0.173278674
  outer loop
  vertex -0.0678965971 0.038931556 0.0146975191
  vertex -0.0679214448 0.0389620103 0.0147024598
  vertex -0.0679157078 0.0389786847 0.014618475
  endloop
 endfacet

 facet normal -0.833059192 -0.518995225 -0.19145821
  outer loop
  vertex -0.0679157078 0.0389786847 0.014618475
  vertex -0.0679367408 0.0390098654 0.0146254497
  vertex -0.0679310039 0.0390308909 0.0145434989
  endloop
 endfacet

 facet normal -0.804622412 -0.551555574 -0.219930142
  outer loop
  vertex -0.0679157078 0.0389786847 0.014618475
  vertex -0.0679310039 0.0390308909 0.0145434989
  vertex -0.0679080635 0.0390004404 0.0145359449
  endloop
 endfacet

 facet normal -0.803518891 -0.547061682 -0.234693334
  outer loop
  vertex -0.0679080635 0.0390004404 0.0145359449
  vertex -0.0679310039 0.0390308909 0.0145434989
  vertex -0.0679004192 0.0390243679 0.0144539941
  endloop
 endfacet

 facet normal -0.817969263 -0.522139072 -0.241448238
  outer loop
  vertex -0.0679004192 0.0390243679 0.0144539941
  vertex -0.0679310039 0.0390308909 0.0145434989
  vertex -0.0679233596 0.0390562713 0.0144627122
  endloop
 endfacet

 facet normal -0.816868305 -0.517952442 -0.253873169
  outer loop
  vertex -0.0679004192 0.0390243679 0.0144539941
  vertex -0.0679233596 0.0390562713 0.0144627122
  vertex -0.0679157078 0.0390830971 0.0143833784
  endloop
 endfacet

 facet normal -0.84276247 -0.480037302 -0.243547618
  outer loop
  vertex -0.0679157078 0.0390830971 0.0143833784
  vertex -0.0679233596 0.0390562713 0.0144627122
  vertex -0.0679443851 0.039088171 0.0144725926
  endloop
 endfacet

 facet normal -0.854375958 -0.456317067 -0.248629645
  outer loop
  vertex -0.0679157078 0.0390830971 0.0143833784
  vertex -0.0679443851 0.039088171 0.0144725926
  vertex -0.0679367408 0.0391164497 0.0143944202
  endloop
 endfacet

 facet normal -0.851281166 -0.444227755 -0.279252976
  outer loop
  vertex -0.0679157078 0.0390830971 0.0143833784
  vertex -0.0679367408 0.0391164497 0.0143944202
  vertex -0.0679271817 0.0391461775 0.0143179921
  endloop
 endfacet

 facet normal -0.880134344 -0.394792765 -0.263632894
  outer loop
  vertex -0.0679271817 0.0391461775 0.0143179921
  vertex -0.0679367408 0.0391164497 0.0143944202
  vertex -0.0679462999 0.0391802564 0.0143307783
  endloop
 endfacet

 facet normal -0.877748907 -0.385746956 -0.284176558
  outer loop
  vertex -0.0679271817 0.0391461775 0.0143179921
  vertex -0.0679462999 0.0391802564 0.0143307783
  vertex -0.0679367408 0.0392128862 0.0142569654
  endloop
 endfacet

 facet normal -0.872246027 -0.392233938 -0.292129219
  outer loop
  vertex -0.0679271817 0.0391461775 0.0143179921
  vertex -0.0679367408 0.0392128862 0.0142569654
  vertex -0.0679176226 0.0391809829 0.0142427264
  endloop
 endfacet

 facet normal -0.870831251 -0.385795742 -0.304654747
  outer loop
  vertex -0.0679176226 0.0391809829 0.0142427264
  vertex -0.0679367408 0.0392128862 0.0142569654
  vertex -0.0679080635 0.0392172374 0.0141694946
  endloop
 endfacet

 facet normal -0.878269434 -0.367288888 -0.306172609
  outer loop
  vertex -0.0679080635 0.0392172374 0.0141694946
  vertex -0.0679367408 0.0392128862 0.0142569654
  vertex -0.0679271817 0.0392498635 0.0141851874
  endloop
 endfacet

 facet normal -0.876716554 -0.360447258 -0.318505764
  outer loop
  vertex -0.0679080635 0.0392172374 0.0141694946
  vertex -0.0679271817 0.0392498635 0.0141851874
  vertex -0.0679176226 0.0392890163 0.0141145708
  endloop
 endfacet

 facet normal -0.900623024 -0.316784859 -0.297532499
  outer loop
  vertex -0.0679176226 0.0392890163 0.0141145708
  vertex -0.0679271817 0.0392498635 0.0141851874
  vertex -0.0679443851 0.039283216 0.0142017519
  endloop
 endfacet

 facet normal -0.904366612 -0.305542976 -0.297933728
  outer loop
  vertex -0.0679176226 0.0392890163 0.0141145708
  vertex -0.0679443851 0.039283216 0.0142017519
  vertex -0.067934826 0.0393223725 0.0141325882
  endloop
 endfacet

 facet normal -0.899323583 -0.284492463 -0.332086176
  outer loop
  vertex -0.0679176226 0.0392890163 0.0141145708
  vertex -0.067934826 0.0393223725 0.0141325882
  vertex -0.0679061562 0.0393317975 0.0140468609
  endloop
 endfacet

 facet normal -0.900014043 -0.282311082 -0.332077265
  outer loop
  vertex -0.0679061562 0.0393317975 0.0140468609
  vertex -0.067934826 0.0393223725 0.0141325882
  vertex -0.0679233596 0.0393644273 0.0140657499
  endloop
 endfacet

 facet normal -0.897737265 -0.273367345 -0.345453322
  outer loop
  vertex -0.0679061562 0.0393317975 0.0140468609
  vertex -0.0679233596 0.0393644273 0.0140657499
  vertex -0.0679118857 0.039408654 0.0140009457
  endloop
 endfacet

 facet normal -0.896641374 -0.274463475 -0.347425073
  outer loop
  vertex -0.0679061562 0.0393317975 0.0140468609
  vertex -0.0679118857 0.039408654 0.0140009457
  vertex -0.0678946823 0.0393781997 0.0139806028
  endloop
 endfacet

 facet normal -0.895019412 -0.266923785 -0.357340276
  outer loop
  vertex -0.0678946823 0.0393781997 0.0139806028
  vertex -0.0679118857 0.039408654 0.0140009457
  vertex -0.0678832158 0.0394253321 0.0139166703
  endloop
 endfacet

 facet normal -0.899459839 -0.253245294 -0.356144369
  outer loop
  vertex -0.0678832158 0.0394253321 0.0139166703
  vertex -0.0679118857 0.039408654 0.0140009457
  vertex -0.0679004192 0.0394557826 0.0139384661
  endloop
 endfacet

 facet normal -0.895295858 -0.234878704 -0.378519893
  outer loop
  vertex -0.0678832158 0.0394253321 0.0139166703
  vertex -0.0679004192 0.0394557826 0.0139384661
  vertex -0.0678774789 0.0395580195 0.0138207721
  endloop
 endfacet

 facet normal -0.917387664 -0.194136336 -0.34743467
  outer loop
  vertex -0.0678774789 0.0395580195 0.0138207721
  vertex -0.0679004192 0.0394557826 0.0139384661
  vertex -0.0679157078 0.0394869633 0.0139614241
  endloop
 endfacet

 facet normal -0.921531558 -0.182559446 -0.342712492
  outer loop
  vertex -0.0678774789 0.0395580195 0.0138207721
  vertex -0.0679157078 0.0394869633 0.0139614241
  vertex -0.0678927749 0.0395877473 0.0138460547
  endloop
 endfacet

 facet normal -0.93021071 -0.0770689696 -0.358843148
  outer loop
  vertex -0.06783925 0.0398125201 0.0136469919
  vertex -0.0678660125 0.0396957844 0.0137414383
  vertex -0.0678793937 0.0397233367 0.0137702078
  endloop
 endfacet

 facet normal -0.935089707 -0.0613560081 -0.349059671
  outer loop
  vertex -0.06783925 0.0398125201 0.0136469919
  vertex -0.0678793937 0.0397233367 0.0137702078
  vertex -0.0678526312 0.0398378968 0.0136783775
  endloop
 endfacet

 facet normal -0.930151403 -0.0389020629 -0.365109771
  outer loop
  vertex -0.06783925 0.0398125201 0.0136469919
  vertex -0.0678526312 0.0398378968 0.0136783775
  vertex -0.0678258687 0.0399589837 0.0135972984
  endloop
 endfacet

 facet normal -0.917242467 -0.0502715446 -0.395144194
  outer loop
  vertex -0.06783925 0.0398125201 0.0136469919
  vertex -0.0678258687 0.0399589837 0.0135972984
  vertex -0.0678105727 0.0399357826 0.0135647524
  endloop
 endfacet

 facet normal -0.90837729 -0.012414366 -0.417967379
  outer loop
  vertex -0.0678105727 0.0399357826 0.0135647524
  vertex -0.0678258687 0.0399589837 0.0135972984
  vertex -0.0677799881 0.0400655717 0.0134944255
  endloop
 endfacet

 facet normal -0.913297057 4.76002742e-06 -0.407294154
  outer loop
  vertex -0.0677799881 0.0400655717 0.0134944255
  vertex -0.0678258687 0.0399589837 0.0135972984
  vertex -0.0677952841 0.0400858708 0.0135287168
  endloop
 endfacet

 facet normal -0.908800006 0.0194148906 -0.416780084
  outer loop
  vertex -0.0677799881 0.0400655717 0.0134944255
  vertex -0.0677952841 0.0400858708 0.0135287168
  vertex -0.0677666068 0.0402178355 0.0134723401
  endloop
 endfacet

 facet normal -0.935009718 -0.0983244181 -0.340718627
  outer loop
  vertex -0.0678927749 0.0395877473 0.0138460547
  vertex -0.0678793937 0.0397233367 0.0137702078
  vertex -0.0678660125 0.0396957844 0.0137414383
  endloop
 endfacet

 facet normal -0.948624253 -0.119467877 -0.29298386
  outer loop
  vertex -0.0678927749 0.0395877473 0.0138460547
  vertex -0.0679157078 0.0394869633 0.0139614241
  vertex -0.0679271817 0.0395195894 0.0139852529
  endloop
 endfacet

 facet normal -0.951492965 -0.108016692 -0.288086057
  outer loop
  vertex -0.0678927749 0.0395877473 0.0138460547
  vertex -0.0679271817 0.0395195894 0.0139852529
  vertex -0.0679042414 0.0396174751 0.0138727902
  endloop
 endfacet

 facet normal -0.945796013 -0.0823902562 -0.314136297
  outer loop
  vertex -0.0678927749 0.0395877473 0.0138460547
  vertex -0.0679042414 0.0396174751 0.0138727902
  vertex -0.0678793937 0.0397233367 0.0137702078
  endloop
 endfacet

 facet normal -0.944135368 -0.0118633751 -0.329344362
  outer loop
  vertex -0.0678258687 0.0399589837 0.0135972984
  vertex -0.0678526312 0.0398378968 0.0136783775
  vertex -0.0678640977 0.0398632735 0.0137103442
  endloop
 endfacet

 facet normal -0.95612067 0.0389555171 -0.290371835
  outer loop
  vertex -0.0678258687 0.0399589837 0.0135972984
  vertex -0.0678640977 0.0398632735 0.0137103442
  vertex -0.0678354278 0.0399821848 0.0136318812
  endloop
 endfacet

 facet normal -0.965370953 0.0662960857 -0.25231719
  outer loop
  vertex -0.0678354278 0.0399821848 0.0136318812
  vertex -0.0678640977 0.0398632735 0.0137103442
  vertex -0.0678430721 0.0400046632 0.0136670442
  endloop
 endfacet

 facet normal -0.971259773 0.0752926767 -0.225799888
  outer loop
  vertex -0.0678430721 0.0400046632 0.0136670442
  vertex -0.0678640977 0.0398632735 0.0137103442
  vertex -0.0678698346 0.0398886539 0.0137434714
  endloop
 endfacet

 facet normal -0.976127088 0.0540480837 -0.210368156
  outer loop
  vertex -0.0678698346 0.0398886539 0.0137434714
  vertex -0.0678640977 0.0398632735 0.0137103442
  vertex -0.0678946823 0.0397791676 0.0138306534
  endloop
 endfacet

 facet normal -0.979843557 0.0749554709 -0.185171261
  outer loop
  vertex -0.0678698346 0.0398886539 0.0137434714
  vertex -0.0678946823 0.0397791676 0.0138306534
  vertex -0.0678985044 0.0398074426 0.0138623286
  endloop
 endfacet

 facet normal -0.980389774 0.0883352384 -0.176161394
  outer loop
  vertex -0.0678698346 0.0398886539 0.0137434714
  vertex -0.0678985044 0.0398074426 0.0138623286
  vertex -0.0678736567 0.0399140306 0.013777473
  endloop
 endfacet

 facet normal -0.981536865 0.067694217 -0.178893372
  outer loop
  vertex -0.0678985044 0.0398074426 0.0138623286
  vertex -0.0678946823 0.0397791676 0.0138306534
  vertex -0.0679195374 0.0396776572 0.0139285857
  endloop
 endfacet

 facet normal -0.985105157 0.0826088116 -0.150810346
  outer loop
  vertex -0.0678985044 0.0398074426 0.0138623286
  vertex -0.0679195374 0.0396776572 0.0139285857
  vertex -0.0679214448 0.039707385 0.0139573552
  endloop
 endfacet

 facet normal -0.985703111 0.145849571 -0.0843647048
  outer loop
  vertex -0.0678985044 0.0398074426 0.0138623286
  vertex -0.0679214448 0.039707385 0.0139573552
  vertex -0.0679195374 0.0397371128 0.0139864162
  endloop
 endfacet

 facet normal -0.986795306 0.14113614 -0.0794711709
  outer loop
  vertex -0.0679195374 0.0397371128 0.0139864162
  vertex -0.0679214448 0.039707385 0.0139573552
  vertex -0.067940563 0.0396472029 0.0140878353
  endloop
 endfacet

 facet normal -0.988056004 0.128082499 -0.0856765583
  outer loop
  vertex -0.067940563 0.0396472029 0.0140878353
  vertex -0.0679214448 0.039707385 0.0139573552
  vertex -0.0679424703 0.0396145768 0.0140611008
  endloop
 endfacet

 facet normal -0.989684105 0.120926052 -0.0768260285
  outer loop
  vertex -0.067940563 0.0396472029 0.0140878353
  vertex -0.0679424703 0.0396145768 0.0140611008
  vertex -0.0679520294 0.0395717956 0.0141168963
  endloop
 endfacet

 facet normal -0.989988506 0.0481393337 -0.132684991
  outer loop
  vertex -0.0679520294 0.0395717956 0.0141168963
  vertex -0.0679424703 0.0396145768 0.0140611008
  vertex -0.067940563 0.0395833962 0.0140355276
  endloop
 endfacet

 facet normal -0.990128756 0.0427985266 -0.133466259
  outer loop
  vertex -0.0679520294 0.0395717956 0.0141168963
  vertex -0.067940563 0.0395833962 0.0140355276
  vertex -0.0679501221 0.0395398922 0.0140924854
  endloop
 endfacet

 facet normal -0.990571618 0.0407325141 -0.130800828
  outer loop
  vertex -0.0679520294 0.0395717956 0.0141168963
  vertex -0.0679501221 0.0395398922 0.0140924854
  vertex -0.0679596737 0.0394978374 0.0141517678
  endloop
 endfacet

 facet normal -0.990774453 0.041614648 -0.128974482
  outer loop
  vertex -0.0679520294 0.0395717956 0.0141168963
  vertex -0.0679596737 0.0394978374 0.0141517678
  vertex -0.0679692328 0.0394594111 0.0142127946
  endloop
 endfacet

 facet normal -0.993096113 0.0752096996 -0.0900203437
  outer loop
  vertex -0.0679520294 0.0395717956 0.0141168963
  vertex -0.0679692328 0.0394594111 0.0142127946
  vertex -0.0679768771 0.0394572355 0.0142953247
  endloop
 endfacet

 facet normal -0.985598505 -0.0978000984 -0.137952358
  outer loop
  vertex -0.0679959953 0.0392926447 0.0144603876
  vertex -0.067982614 0.0393521003 0.0143226422
  vertex -0.0679902583 0.039254941 0.0144461477
  endloop
 endfacet

 facet normal -0.993598819 0.00372474524 -0.11290513
  outer loop
  vertex -0.0679845288 0.0393883511 0.0143406596
  vertex -0.067982614 0.0393521003 0.0143226422
  vertex -0.0679921731 0.0393571742 0.0144069167
  endloop
 endfacet

 facet normal -0.994490862 0.0388054848 -0.0973758027
  outer loop
  vertex -0.0679845288 0.0393883511 0.0143406596
  vertex -0.0679692328 0.0394594111 0.0142127946
  vertex -0.0679768771 0.0394217074 0.0142758554
  endloop
 endfacet

 facet normal -0.993376851 0.00468161423 -0.11480695
  outer loop
  vertex -0.0679845288 0.0393883511 0.0143406596
  vertex -0.0679768771 0.0394217074 0.0142758554
  vertex -0.067982614 0.0393521003 0.0143226422
  endloop
 endfacet

 facet normal -0.989484251 -0.0228212159 -0.142829239
  outer loop
  vertex -0.0679692328 0.0394594111 0.0142127946
  vertex -0.0679654106 0.0394246057 0.0141918715
  vertex -0.067982614 0.0393521003 0.0143226422
  endloop
 endfacet

 facet normal -0.992834985 0.00149277179 -0.119484715
  outer loop
  vertex -0.0679692328 0.0394594111 0.0142127946
  vertex -0.067982614 0.0393521003 0.0143226422
  vertex -0.0679768771 0.0394217074 0.0142758554
  endloop
 endfacet

 facet normal -0.987496078 -0.00462100562 -0.157575831
  outer loop
  vertex -0.0679692328 0.0394594111 0.0142127946
  vertex -0.0679596737 0.0394978374 0.0141517678
  vertex -0.0679558516 0.0394637585 0.0141288098
  endloop
 endfacet

 facet normal -0.987345815 -0.0134601314 -0.158009663
  outer loop
  vertex -0.0679692328 0.0394594111 0.0142127946
  vertex -0.0679558516 0.0394637585 0.0141288098
  vertex -0.0679654106 0.0394246057 0.0141918715
  endloop
 endfacet

 facet normal -0.981154025 -0.117643431 -0.153287545
  outer loop
  vertex -0.067982614 0.0393521003 0.0143226422
  vertex -0.067982614 0.0392839424 0.0143749509
  vertex -0.0679902583 0.039254941 0.0144461477
  endloop
 endfacet

 facet normal -0.980691135 -0.0849773735 -0.176135942
  outer loop
  vertex -0.067982614 0.0393521003 0.0143226422
  vertex -0.0679654106 0.0394246057 0.0141918715
  vertex -0.0679673254 0.0393521003 0.0142374961
  endloop
 endfacet

 facet normal -0.976141334 -0.128107041 -0.175318807
  outer loop
  vertex -0.067982614 0.0393521003 0.0143226422
  vertex -0.0679673254 0.0393521003 0.0142374961
  vertex -0.0679749697 0.039317295 0.0143054966
  endloop
 endfacet

 facet normal -0.97668618 -0.1306995 -0.170299411
  outer loop
  vertex -0.067982614 0.0393521003 0.0143226422
  vertex -0.0679749697 0.039317295 0.0143054966
  vertex -0.067982614 0.0392839424 0.0143749509
  endloop
 endfacet

 facet normal -0.966042757 -0.185887143 -0.179464146
  outer loop
  vertex -0.0679902583 0.039254941 0.0144461477
  vertex -0.067982614 0.0392839424 0.0143749509
  vertex -0.0679730549 0.039249137 0.0143595478
  endloop
 endfacet

 facet normal -0.965171099 -0.190835387 -0.178959519
  outer loop
  vertex -0.0679902583 0.039254941 0.0144461477
  vertex -0.0679730549 0.039249137 0.0143595478
  vertex -0.0679807067 0.0392194092 0.0144324899
  endloop
 endfacet

 facet normal -0.966200352 -0.195158422 -0.168434262
  outer loop
  vertex -0.0679902583 0.039254941 0.0144461477
  vertex -0.0679807067 0.0392194092 0.0144324899
  vertex -0.067988351 0.0391933061 0.0145065933
  endloop
 endfacet

 facet normal -0.976877093 -0.164379656 -0.136713848
  outer loop
  vertex -0.0679902583 0.039254941 0.0144461477
  vertex -0.067988351 0.0391933061 0.0145065933
  vertex -0.0679959953 0.0392288379 0.0145185078
  endloop
 endfacet

 facet normal -0.95523417 -0.234027505 -0.180994317
  outer loop
  vertex -0.067988351 0.0391933061 0.0145065933
  vertex -0.0679807067 0.0392194092 0.0144324899
  vertex -0.0679692328 0.0391831584 0.014418832
  endloop
 endfacet

 facet normal -0.944245279 -0.279949248 -0.173289567
  outer loop
  vertex -0.067988351 0.0391933061 0.0145065933
  vertex -0.0679692328 0.0391831584 0.014418832
  vertex -0.067982614 0.0391338505 0.0145713976
  endloop
 endfacet

 facet normal -0.935054064 -0.305055201 -0.180597007
  outer loop
  vertex -0.067982614 0.0391338505 0.0145713976
  vertex -0.0679692328 0.0391831584 0.014418832
  vertex -0.0679615885 0.0391215272 0.0144833447
  endloop
 endfacet

 facet normal -0.921362698 -0.348982841 -0.171178177
  outer loop
  vertex -0.067982614 0.0391338505 0.0145713976
  vertex -0.0679615885 0.0391215272 0.0144833447
  vertex -0.0679673254 0.0390983224 0.0145615172
  endloop
 endfacet

 facet normal -0.896406114 -0.402652144 -0.185276419
  outer loop
  vertex -0.0679673254 0.0390983224 0.0145615172
  vertex -0.0679615885 0.0391215272 0.0144833447
  vertex -0.0679443851 0.039088171 0.0144725926
  endloop
 endfacet

 facet normal -0.896083951 -0.403448761 -0.185102358
  outer loop
  vertex -0.0679673254 0.0390983224 0.0145615172
  vertex -0.0679443851 0.039088171 0.0144725926
  vertex -0.0679501221 0.0390642472 0.0145525085
  endloop
 endfacet

 facet normal -0.896990955 -0.407633752 -0.171002463
  outer loop
  vertex -0.0679673254 0.0390983224 0.0145615172
  vertex -0.0679501221 0.0390642472 0.0145525085
  vertex -0.0679558516 0.0390432179 0.014632714
  endloop
 endfacet

 facet normal -0.899285316 -0.403912306 -0.16775246
  outer loop
  vertex -0.0679673254 0.0390983224 0.0145615172
  vertex -0.0679558516 0.0390432179 0.014632714
  vertex -0.0679730549 0.0390780196 0.0146411425
  endloop
 endfacet

 facet normal -0.873586178 -0.451796114 -0.180907413
  outer loop
  vertex -0.0679558516 0.0390432179 0.014632714
  vertex -0.0679501221 0.0390642472 0.0145525085
  vertex -0.0679310039 0.0390308909 0.0145434989
  endloop
 endfacet

 facet normal -0.869925201 -0.459628999 -0.17880547
  outer loop
  vertex -0.0679558516 0.0390432179 0.014632714
  vertex -0.0679310039 0.0390308909 0.0145434989
  vertex -0.0679367408 0.0390098654 0.0146254497
  endloop
 endfacet

 facet normal -0.872659445 -0.447059155 -0.196478277
  outer loop
  vertex -0.0679310039 0.0390308909 0.0145434989
  vertex -0.0679501221 0.0390642472 0.0145525085
  vertex -0.0679443851 0.039088171 0.0144725926
  endloop
 endfacet

 facet normal -0.843645096 -0.484206915 -0.231962547
  outer loop
  vertex -0.0679310039 0.0390308909 0.0145434989
  vertex -0.0679443851 0.039088171 0.0144725926
  vertex -0.0679233596 0.0390562713 0.0144627122
  endloop
 endfacet

 facet normal -0.893365622 -0.38746047 -0.227535412
  outer loop
  vertex -0.0679443851 0.039088171 0.0144725926
  vertex -0.0679615885 0.0391215272 0.0144833447
  vertex -0.0679367408 0.0391164497 0.0143944202
  endloop
 endfacet

 facet normal -0.896730065 -0.37874341 -0.228973135
  outer loop
  vertex -0.0679367408 0.0391164497 0.0143944202
  vertex -0.0679615885 0.0391215272 0.0144833447
  vertex -0.0679539442 0.0391498059 0.0144066261
  endloop
 endfacet

 facet normal -0.895708323 -0.374012887 -0.240459964
  outer loop
  vertex -0.0679367408 0.0391164497 0.0143944202
  vertex -0.0679539442 0.0391498059 0.0144066261
  vertex -0.0679462999 0.0391802564 0.0143307783
  endloop
 endfacet

 facet normal -0.914077163 -0.336018294 -0.227056623
  outer loop
  vertex -0.0679462999 0.0391802564 0.0143307783
  vertex -0.0679539442 0.0391498059 0.0144066261
  vertex -0.0679692328 0.0391831584 0.014418832
  endloop
 endfacet

 facet normal -0.919684529 -0.318908095 -0.229080901
  outer loop
  vertex -0.0679462999 0.0391802564 0.0143307783
  vertex -0.0679692328 0.0391831584 0.014418832
  vertex -0.0679615885 0.0392143354 0.0143447286
  endloop
 endfacet

 facet normal -0.918639362 -0.314107478 -0.239662811
  outer loop
  vertex -0.0679462999 0.0391802564 0.0143307783
  vertex -0.0679615885 0.0392143354 0.0143447286
  vertex -0.0679539442 0.0392469652 0.0142726591
  endloop
 endfacet

 facet normal -0.904361963 -0.334533274 -0.264984459
  outer loop
  vertex -0.0679462999 0.0391802564 0.0143307783
  vertex -0.0679539442 0.0392469652 0.0142726591
  vertex -0.0679367408 0.0392128862 0.0142569654
  endloop
 endfacet

 facet normal -0.901842952 -0.323287696 -0.286643386
  outer loop
  vertex -0.0679367408 0.0392128862 0.0142569654
  vertex -0.0679539442 0.0392469652 0.0142726591
  vertex -0.0679271817 0.0392498635 0.0141851874
  endloop
 endfacet

 facet normal -0.901980519 -0.322878569 -0.286671937
  outer loop
  vertex -0.0679271817 0.0392498635 0.0141851874
  vertex -0.0679539442 0.0392469652 0.0142726591
  vertex -0.0679443851 0.039283216 0.0142017519
  endloop
 endfacet

 facet normal -0.947873235 -0.213225693 -0.236793786
  outer loop
  vertex -0.0679443851 0.039283216 0.0142017519
  vertex -0.0679539442 0.0392469652 0.0142726591
  vertex -0.0679482073 0.039355725 0.0141517678
  endloop
 endfacet

 facet normal -0.938706517 -0.227836668 -0.258690029
  outer loop
  vertex -0.0679443851 0.039283216 0.0142017519
  vertex -0.0679482073 0.039355725 0.0141517678
  vertex -0.067934826 0.0393223725 0.0141325882
  endloop
 endfacet

 facet normal -0.918297052 -0.244460851 -0.311399162
  outer loop
  vertex -0.067934826 0.0393223725 0.0141325882
  vertex -0.0679386482 0.039396327 0.0140858013
  vertex -0.0679233596 0.0393644273 0.0140657499
  endloop
 endfacet

 facet normal -0.937051237 -0.219988883 -0.271182537
  outer loop
  vertex -0.067934826 0.0393223725 0.0141325882
  vertex -0.0679482073 0.039355725 0.0141517678
  vertex -0.0679386482 0.039396327 0.0140858013
  endloop
 endfacet

 facet normal -0.916380823 -0.236065716 -0.323294252
  outer loop
  vertex -0.0679233596 0.0393644273 0.0140657499
  vertex -0.0679386482 0.039396327 0.0140858013
  vertex -0.0679118857 0.039408654 0.0140009457
  endloop
 endfacet

 facet normal -0.920917928 -0.219200641 -0.32227537
  outer loop
  vertex -0.0679118857 0.039408654 0.0140009457
  vertex -0.0679386482 0.039396327 0.0140858013
  vertex -0.0679271817 0.0394412838 0.01402245
  endloop
 endfacet

 facet normal -0.919551075 -0.213544533 -0.329885691
  outer loop
  vertex -0.0679118857 0.039408654 0.0140009457
  vertex -0.0679271817 0.0394412838 0.01402245
  vertex -0.0679004192 0.0394557826 0.0139384661
  endloop
 endfacet

 facet normal -0.920739591 -0.209001288 -0.329479992
  outer loop
  vertex -0.0679004192 0.0394557826 0.0139384661
  vertex -0.0679271817 0.0394412838 0.01402245
  vertex -0.0679157078 0.0394869633 0.0139614241
  endloop
 endfacet

 facet normal -0.948255897 -0.141587123 -0.284190029
  outer loop
  vertex -0.0679157078 0.0394869633 0.0139614241
  vertex -0.0679271817 0.0394412838 0.01402245
  vertex -0.0679386482 0.0394731872 0.0140448259
  endloop
 endfacet

 facet normal -0.950692832 -0.12779209 -0.282581568
  outer loop
  vertex -0.0679157078 0.0394869633 0.0139614241
  vertex -0.0679386482 0.0394731872 0.0140448259
  vertex -0.0679271817 0.0395195894 0.0139852529
  endloop
 endfacet

 facet normal -0.958092332 -0.0486515947 -0.282297999
  outer loop
  vertex -0.0678793937 0.0397233367 0.0137702078
  vertex -0.0679042414 0.0396174751 0.0138727902
  vertex -0.0679138005 0.0396472029 0.0139001068
  endloop
 endfacet

 facet normal -0.960631728 -0.0358982235 -0.275496066
  outer loop
  vertex -0.0678793937 0.0397233367 0.0137702078
  vertex -0.0679138005 0.0396472029 0.0139001068
  vertex -0.0678889453 0.0397516154 0.013799848
  endloop
 endfacet

 facet normal -0.956844568 -0.0194706041 -0.289946944
  outer loop
  vertex -0.0678793937 0.0397233367 0.0137702078
  vertex -0.0678889453 0.0397516154 0.013799848
  vertex -0.0678640977 0.0398632735 0.0137103442
  endloop
 endfacet

 facet normal -0.948425174 -0.0313014463 -0.315452039
  outer loop
  vertex -0.0678793937 0.0397233367 0.0137702078
  vertex -0.0678640977 0.0398632735 0.0137103442
  vertex -0.0678526312 0.0398378968 0.0136783775
  endloop
 endfacet

 facet normal -0.970837772 -0.058505021 -0.232489094
  outer loop
  vertex -0.0679271817 0.0395195894 0.0139852529
  vertex -0.0679386482 0.0394731872 0.0140448259
  vertex -0.0679462999 0.0395065397 0.0140683651
  endloop
 endfacet

 facet normal -0.971206069 -0.0544456951 -0.231936395
  outer loop
  vertex -0.0679271817 0.0395195894 0.0139852529
  vertex -0.0679462999 0.0395065397 0.0140683651
  vertex -0.067934826 0.0395507701 0.0140099544
  endloop
 endfacet

 facet normal -0.971013904 -0.0536082759 -0.232933924
  outer loop
  vertex -0.0679271817 0.0395195894 0.0139852529
  vertex -0.067934826 0.0395507701 0.0140099544
  vertex -0.0679138005 0.0396472029 0.0139001068
  endloop
 endfacet

 facet normal -0.963225305 -0.0717715174 -0.258932233
  outer loop
  vertex -0.0679271817 0.0395195894 0.0139852529
  vertex -0.0679138005 0.0396472029 0.0139001068
  vertex -0.0679042414 0.0396174751 0.0138727902
  endloop
 endfacet

 facet normal -0.974894762 0.0416231528 -0.218741149
  outer loop
  vertex -0.0678640977 0.0398632735 0.0137103442
  vertex -0.0678889453 0.0397516154 0.013799848
  vertex -0.0678946823 0.0397791676 0.0138306534
  endloop
 endfacet

 facet normal -0.976587772 0.0341681726 -0.212388217
  outer loop
  vertex -0.0678946823 0.0397791676 0.0138306534
  vertex -0.0678889453 0.0397516154 0.013799848
  vertex -0.0679195374 0.0396776572 0.0139285857
  endloop
 endfacet

 facet normal -0.98795557 0.0573223643 -0.143728465
  outer loop
  vertex -0.0679195374 0.0396776572 0.0139285857
  vertex -0.067940563 0.0395833962 0.0140355276
  vertex -0.0679424703 0.0396145768 0.0140611008
  endloop
 endfacet

 facet normal -0.987998009 0.0698191151 -0.137786895
  outer loop
  vertex -0.0679195374 0.0396776572 0.0139285857
  vertex -0.0679424703 0.0396145768 0.0140611008
  vertex -0.0679214448 0.039707385 0.0139573552
  endloop
 endfacet

 facet normal -0.975401163 0.021495495 -0.219386488
  outer loop
  vertex -0.0679195374 0.0396776572 0.0139285857
  vertex -0.0678889453 0.0397516154 0.013799848
  vertex -0.0679138005 0.0396472029 0.0139001068
  endloop
 endfacet

 facet normal -0.980811238 -0.00237969588 -0.194945663
  outer loop
  vertex -0.0679195374 0.0396776572 0.0139285857
  vertex -0.0679138005 0.0396472029 0.0139001068
  vertex -0.067940563 0.0395833962 0.0140355276
  endloop
 endfacet

 facet normal -0.979863286 -0.0120331915 -0.199306756
  outer loop
  vertex -0.067940563 0.0395833962 0.0140355276
  vertex -0.0679138005 0.0396472029 0.0139001068
  vertex -0.0679462999 0.0395065397 0.0140683651
  endloop
 endfacet

 facet normal -0.986730099 0.00428498909 -0.162312508
  outer loop
  vertex -0.067940563 0.0395833962 0.0140355276
  vertex -0.0679462999 0.0395065397 0.0140683651
  vertex -0.0679501221 0.0395398922 0.0140924854
  endloop
 endfacet

 facet normal -0.987394929 0.00128617079 -0.158271238
  outer loop
  vertex -0.0679501221 0.0395398922 0.0140924854
  vertex -0.0679462999 0.0395065397 0.0140683651
  vertex -0.0679596737 0.0394978374 0.0141517678
  endloop
 endfacet

 facet normal -0.98730582 -0.00378446258 -0.158785924
  outer loop
  vertex -0.0679596737 0.0394978374 0.0141517678
  vertex -0.0679462999 0.0395065397 0.0140683651
  vertex -0.0679558516 0.0394637585 0.0141288098
  endloop
 endfacet

 facet normal -0.974656999 -0.09112259 -0.204304814
  outer loop
  vertex -0.0679654106 0.0394246057 0.0141918715
  vertex -0.0679558516 0.0394637585 0.0141288098
  vertex -0.0679577664 0.0393890776 0.0141712381
  endloop
 endfacet

 facet normal -0.976029992 -0.0968930349 -0.19487752
  outer loop
  vertex -0.0679654106 0.0394246057 0.0141918715
  vertex -0.0679577664 0.0393890776 0.0141712381
  vertex -0.0679673254 0.0393521003 0.0142374961
  endloop
 endfacet

 facet normal -0.975060463 -0.0765224248 -0.208330125
  outer loop
  vertex -0.0679558516 0.0394637585 0.0141288098
  vertex -0.0679462999 0.0395065397 0.0140683651
  vertex -0.0679386482 0.0394731872 0.0140448259
  endloop
 endfacet

 facet normal -0.973841548 -0.0882393643 -0.209395513
  outer loop
  vertex -0.0679558516 0.0394637585 0.0141288098
  vertex -0.0679386482 0.0394731872 0.0140448259
  vertex -0.0679482073 0.0394304059 0.0141073065
  endloop
 endfacet

 facet normal -0.974536359 -0.0913856924 -0.204762504
  outer loop
  vertex -0.0679558516 0.0394637585 0.0141288098
  vertex -0.0679482073 0.0394304059 0.0141073065
  vertex -0.0679577664 0.0393890776 0.0141712381
  endloop
 endfacet

 facet normal -0.968128502 -0.166898504 -0.186741292
  outer loop
  vertex -0.067982614 0.0392839424 0.0143749509
  vertex -0.0679749697 0.039317295 0.0143054966
  vertex -0.0679654106 0.0392810404 0.0142883509
  endloop
 endfacet

 facet normal -0.965426862 -0.182973251 -0.185666278
  outer loop
  vertex -0.067982614 0.0392839424 0.0143749509
  vertex -0.0679654106 0.0392810404 0.0142883509
  vertex -0.0679730549 0.039249137 0.0143595478
  endloop
 endfacet

 facet normal -0.964067817 -0.147132203 -0.221190915
  outer loop
  vertex -0.0679673254 0.0393521003 0.0142374961
  vertex -0.0679577664 0.0393890776 0.0141712381
  vertex -0.0679482073 0.039355725 0.0141517678
  endloop
 endfacet

 facet normal -0.957652509 -0.184163257 -0.221326798
  outer loop
  vertex -0.0679673254 0.0393521003 0.0142374961
  vertex -0.0679482073 0.039355725 0.0141517678
  vertex -0.0679654106 0.0392810404 0.0142883509
  endloop
 endfacet

 facet normal -0.96747458 -0.163920477 -0.19267346
  outer loop
  vertex -0.0679673254 0.0393521003 0.0142374961
  vertex -0.0679654106 0.0392810404 0.0142883509
  vertex -0.0679749697 0.039317295 0.0143054966
  endloop
 endfacet

 facet normal -0.952397108 -0.226680279 -0.203852132
  outer loop
  vertex -0.0679730549 0.039249137 0.0143595478
  vertex -0.0679654106 0.0392810404 0.0142883509
  vertex -0.0679539442 0.0392469652 0.0142726591
  endloop
 endfacet

 facet normal -0.95231384 -0.227055237 -0.203824446
  outer loop
  vertex -0.0679730549 0.039249137 0.0143595478
  vertex -0.0679539442 0.0392469652 0.0142726591
  vertex -0.0679615885 0.0392143354 0.0143447286
  endloop
 endfacet

 facet normal -0.953141451 -0.230875179 -0.195494279
  outer loop
  vertex -0.0679730549 0.039249137 0.0143595478
  vertex -0.0679615885 0.0392143354 0.0143447286
  vertex -0.0679692328 0.0391831584 0.014418832
  endloop
 endfacet

 facet normal -0.954033315 -0.228994906 -0.193344086
  outer loop
  vertex -0.0679730549 0.039249137 0.0143595478
  vertex -0.0679692328 0.0391831584 0.014418832
  vertex -0.0679807067 0.0392194092 0.0144324899
  endloop
 endfacet

 facet normal -0.915034413 -0.340277046 -0.216618702
  outer loop
  vertex -0.0679692328 0.0391831584 0.014418832
  vertex -0.0679539442 0.0391498059 0.0144066261
  vertex -0.0679615885 0.0391215272 0.0144833447
  endloop
 endfacet

 facet normal -0.948794603 -0.211142227 -0.234963059
  outer loop
  vertex -0.0679539442 0.0392469652 0.0142726591
  vertex -0.0679654106 0.0392810404 0.0142883509
  vertex -0.0679482073 0.039355725 0.0141517678
  endloop
 endfacet

 facet normal -0.963170767 -0.143107504 -0.227645159
  outer loop
  vertex -0.0679482073 0.039355725 0.0141517678
  vertex -0.0679577664 0.0393890776 0.0141712381
  vertex -0.0679386482 0.039396327 0.0140858013
  endloop
 endfacet

 facet normal -0.949622393 -0.147437871 -0.276549041
  outer loop
  vertex -0.0679386482 0.039396327 0.0140858013
  vertex -0.0679386482 0.0394731872 0.0140448259
  vertex -0.0679271817 0.0394412838 0.01402245
  endloop
 endfacet

 facet normal -0.965525329 -0.127652809 -0.226860434
  outer loop
  vertex -0.0679386482 0.039396327 0.0140858013
  vertex -0.0679577664 0.0393890776 0.0141712381
  vertex -0.0679482073 0.0394304059 0.0141073065
  endloop
 endfacet

 facet normal -0.964690328 -0.12391077 -0.232419282
  outer loop
  vertex -0.0679386482 0.039396327 0.0140858013
  vertex -0.0679482073 0.0394304059 0.0141073065
  vertex -0.0679386482 0.0394731872 0.0140448259
  endloop
 endfacet

 facet normal -0.97433275 -0.0399129316 -0.221546099
  outer loop
  vertex -0.0679138005 0.0396472029 0.0139001068
  vertex -0.067934826 0.0395507701 0.0140099544
  vertex -0.0679462999 0.0395065397 0.0140683651
  endloop
 endfacet

endsolid AssimpScene
