solid AssimpScene
 facet normal -1 0 0
  outer loop
  vertex 0.0105500733 -0.0052357493 0.00686171651
  vertex 0.0105500733 -0.0052357493 0.0073025804
  vertex 0.0105500733 0.00246177195 0.00735662179
  endloop
 endfacet

 facet normal -1 0 0
  outer loop
  vertex 0.0105500733 -0.0052357493 0.00686171651
  vertex 0.0105500733 0.00246177195 0.00735662179
  vertex 0.0105500733 0.0128635168 0.00735662179
  endloop
 endfacet

 facet normal -1 0 0
  outer loop
  vertex 0.0105500733 -0.0052357493 0.00686171651
  vertex 0.0105500733 0.0128635168 0.00735662179
  vertex 0.0105500733 0.0128635168 0.00686171651
  endloop
 endfacet

 facet normal -1 0 0
  outer loop
  vertex 0.0105500733 -0.0052357493 0.00686171651
  vertex 0.0105500733 0.0128635168 0.00686171651
  vertex 0.0105500733 0.0108108437 -0.00147061469
  endloop
 endfacet

 facet normal -1 0 0
  outer loop
  vertex 0.0105500733 -0.0052357493 0.00686171651
  vertex 0.0105500733 0.0108108437 -0.00147061469
  vertex 0.0105500733 -0.00416328572 -0.00147061469
  endloop
 endfacet

 facet normal -1 -9.98363685e-05 -1.28500496e-05
  outer loop
  vertex 0.0105500733 -0.0052357493 0.00686171651
  vertex 0.0105500733 -0.00416328572 -0.00147061469
  vertex 0.0105528543 -0.0315111093 -0.00539999362
  endloop
 endfacet

 facet normal -1 -0.000105832987 0
  outer loop
  vertex 0.0105500733 -0.0052357493 0.00686171651
  vertex 0.0105528543 -0.0315111093 -0.00539999362
  vertex 0.0105528543 -0.0315111093 -0.00148483622
  endloop
 endfacet

 facet normal -1 -0.000105832987 0
  outer loop
  vertex 0.0105500733 -0.0052357493 0.00686171651
  vertex 0.0105528543 -0.0315111093 -0.00148483622
  vertex 0.0105500733 -0.0052357493 0.0073025804
  endloop
 endfacet

 facet normal -1 -0.000173036344 0.00020094552
  outer loop
  vertex 0.0105500733 -0.0052357493 0.0073025804
  vertex 0.0105528543 -0.0315111093 -0.00148483622
  vertex 0.0105528543 -0.0212535132 0.00734808948
  endloop
 endfacet

 facet normal -0.999845028 -0.000123572405 0.0176013354
  outer loop
  vertex 0.0105500733 -0.0052357493 0.0073025804
  vertex 0.0105528543 -0.0212535132 0.00734808948
  vertex 0.0105500733 0.00246177195 0.00735662179
  endloop
 endfacet

 facet normal -0.99999994 0 -0.000487742538
  outer loop
  vertex 0.0105500733 -0.00416328572 -0.00147061469
  vertex 0.0105500733 0.0108108437 -0.00147061469
  vertex 0.0105528543 0.0221351385 -0.0071719829
  endloop
 endfacet

 facet normal -0.99999994 0 -0.000487742538
  outer loop
  vertex 0.0105500733 -0.00416328572 -0.00147061469
  vertex 0.0105528543 0.0221351385 -0.0071719829
  vertex 0.0105528543 -0.0168541055 -0.0071719829
  endloop
 endfacet

 facet normal -0.99999994 -2.49681889e-05 -0.000432165223
  outer loop
  vertex 0.0105500733 -0.00416328572 -0.00147061469
  vertex 0.0105528543 -0.0168541055 -0.0071719829
  vertex 0.0105528543 -0.0310325343 -0.00635282928
  endloop
 endfacet

 facet normal -1 -9.08685906e-05 -6.94825867e-05
  outer loop
  vertex 0.0105500733 -0.00416328572 -0.00147061469
  vertex 0.0105528543 -0.0310325343 -0.00635282928
  vertex 0.0105528543 -0.0312804729 -0.00602858048
  endloop
 endfacet

 facet normal -1 -9.65905492e-05 -3.54403383e-05
  outer loop
  vertex 0.0105500733 -0.00416328572 -0.00147061469
  vertex 0.0105528543 -0.0312804729 -0.00602858048
  vertex 0.0105528543 -0.0315111093 -0.00539999362
  endloop
 endfacet

 facet normal -0.00226025283 -0.999997497 0
  outer loop
  vertex 0.0105528543 -0.0315111093 -0.00539999362
  vertex 0.0182058513 -0.0315284058 -0.00539999362
  vertex 0.0182058513 -0.0315284058 -0.00148483622
  endloop
 endfacet

 facet normal -0.00226025283 -0.999997497 0
  outer loop
  vertex 0.0105528543 -0.0315111093 -0.00539999362
  vertex 0.0182058513 -0.0315284058 -0.00148483622
  vertex 0.0105528543 -0.0315111093 -0.00148483622
  endloop
 endfacet

 facet normal -0.00212192978 -0.9387995 -0.344457835
  outer loop
  vertex 0.0105528543 -0.0315111093 -0.00539999362
  vertex 0.0105528543 -0.0312804729 -0.00602858048
  vertex 0.0182058513 -0.0315284058 -0.00539999362
  endloop
 endfacet

 facet normal -0.00137484237 -0.000359956641 0.999998987
  outer loop
  vertex 0.0105500733 0.00246177195 0.00735662179
  vertex 0.0105528543 -0.0212535132 0.00734808948
  vertex 0.0106557468 0.00205815653 0.00735662179
  endloop
 endfacet

 facet normal 0 0 1
  outer loop
  vertex 0.0105500733 0.00246177195 0.00735662179
  vertex 0.0106557468 0.00205815653 0.00735662179
  vertex 0.0107642012 0.00208122027 0.00735662179
  endloop
 endfacet

 facet normal 0 0 1
  outer loop
  vertex 0.0105500733 0.00246177195 0.00735662179
  vertex 0.0107642012 0.00208122027 0.00735662179
  vertex 0.0112870075 0.00235221931 0.00735662179
  endloop
 endfacet

 facet normal 0 0 1
  outer loop
  vertex 0.0105500733 0.00246177195 0.00735662179
  vertex 0.0112870075 0.00235221931 0.00735662179
  vertex 0.0117013603 0.00268664351 0.00735662179
  endloop
 endfacet

 facet normal 0 0 1
  outer loop
  vertex 0.0105500733 0.00246177195 0.00735662179
  vertex 0.0117013603 0.00268664351 0.00735662179
  vertex 0.0117764436 0.00326900277 0.00735662179
  endloop
 endfacet

 facet normal 0 0 1
  outer loop
  vertex 0.0105500733 0.00246177195 0.00735662179
  vertex 0.0117764436 0.00326900277 0.00735662179
  vertex 0.0122909071 0.0128635168 0.00735662179
  endloop
 endfacet

 facet normal 0 0 1
  outer loop
  vertex 0.0105500733 0.00246177195 0.00735662179
  vertex 0.0122909071 0.0128635168 0.00735662179
  vertex 0.0105500733 0.0128635168 0.00735662179
  endloop
 endfacet

 facet normal -0.00147486932 -0.652522326 0.757768154
  outer loop
  vertex 0.0105528543 -0.0315111093 -0.00148483622
  vertex 0.0182058513 -0.0315284058 -0.00148483622
  vertex 0.0105528543 -0.0212535132 0.00734808948
  endloop
 endfacet

 facet normal 0 -0.651891589 0.758312225
  outer loop
  vertex 0.0105528543 -0.0212535132 0.00734808948
  vertex 0.0182058513 -0.0315284058 -0.00148483622
  vertex 0.0106585268 -0.0212535132 0.00734808948
  endloop
 endfacet

 facet normal 0 -0.000366025226 0.99999994
  outer loop
  vertex 0.0105528543 -0.0212535132 0.00734808948
  vertex 0.0106585268 -0.0212535132 0.00734808948
  vertex 0.0106557468 0.00205815653 0.00735662179
  endloop
 endfacet

 facet normal -1 0.000158598967 -3.90709101e-05
  outer loop
  vertex 0.0105500733 0.0108108437 -0.00147061469
  vertex 0.0105500733 0.0128635168 0.00686171651
  vertex 0.0105528543 0.0273763705 -0.00539999362
  endloop
 endfacet

 facet normal -1 0.000153810804 -5.92569522e-05
  outer loop
  vertex 0.0105500733 0.0108108437 -0.00147061469
  vertex 0.0105528543 0.0273763705 -0.00539999362
  vertex 0.0105528543 0.0271342024 -0.00602858048
  endloop
 endfacet

 facet normal -1 0.00013924393 -0.000111424932
  outer loop
  vertex 0.0105500733 0.0108108437 -0.00147061469
  vertex 0.0105528543 0.0271342024 -0.00602858048
  vertex 0.0105528543 0.0268747341 -0.00635282928
  endloop
 endfacet

 facet normal -0.99999994 6.91446912e-05 -0.000342071609
  outer loop
  vertex 0.0105500733 0.0108108437 -0.00147061469
  vertex 0.0105528543 0.0268747341 -0.00635282928
  vertex 0.0105528543 0.0233921111 -0.00705678947
  endloop
 endfacet

 facet normal -0.99999994 6.34442404e-05 -0.00035491024
  outer loop
  vertex 0.0105500733 0.0108108437 -0.00147061469
  vertex 0.0105528543 0.0233921111 -0.00705678947
  vertex 0.0105528543 0.0227636248 -0.00716913864
  endloop
 endfacet

 facet normal -0.99999994 2.18749733e-06 -0.000483397656
  outer loop
  vertex 0.0105500733 0.0108108437 -0.00147061469
  vertex 0.0105528543 0.0227636248 -0.00716913864
  vertex 0.0105528543 0.0221351385 -0.0071719829
  endloop
 endfacet

 facet normal 0.0308635142 -0.00416248152 -0.999514997
  outer loop
  vertex 0.0105528543 -0.0168541055 -0.0071719829
  vertex 0.038653709 -0.00553557789 -0.00635140669
  vertex 0.0380224474 -0.0105577065 -0.00634998456
  endloop
 endfacet

 facet normal 0.031994801 -0.00910693407 -0.999446571
  outer loop
  vertex 0.0105528543 -0.0168541055 -0.0071719829
  vertex 0.0380224474 -0.0105577065 -0.00634998456
  vertex 0.0373939648 -0.0129217384 -0.00634856289
  endloop
 endfacet

 facet normal 0.0323024169 -0.0112131629 -0.999415278
  outer loop
  vertex 0.0105528543 -0.0168541055 -0.0071719829
  vertex 0.0373939648 -0.0129217384 -0.00634856289
  vertex 0.036765486 -0.0147322416 -0.00634856289
  endloop
 endfacet

 facet normal 0.0323756672 -0.0121231042 -0.999402344
  outer loop
  vertex 0.0105528543 -0.0168541055 -0.0071719829
  vertex 0.036765486 -0.0147322416 -0.00634856289
  vertex 0.0361314453 -0.0165427439 -0.0063471403
  endloop
 endfacet

 facet normal 0.03240785 -0.0148683898 -0.999364138
  outer loop
  vertex 0.0105528543 -0.0168541055 -0.0071719829
  vertex 0.0361314453 -0.0165427439 -0.0063471403
  vertex 0.0355029628 -0.0178170167 -0.00634856289
  endloop
 endfacet

 facet normal 0.0322633684 -0.0185632296 -0.999307036
  outer loop
  vertex 0.0105528543 -0.0168541055 -0.0071719829
  vertex 0.0355029628 -0.0178170167 -0.00634856289
  vertex 0.0348744839 -0.0190624576 -0.00634571817
  endloop
 endfacet

 facet normal 0.0321632624 -0.0196591131 -0.999289274
  outer loop
  vertex 0.0105528543 -0.0168541055 -0.0071719829
  vertex 0.0348744839 -0.0190624576 -0.00634571817
  vertex 0.0336230844 -0.0209652148 -0.00634856289
  endloop
 endfacet

 facet normal 0.0317290835 -0.0220881794 -0.999252439
  outer loop
  vertex 0.0105528543 -0.0168541055 -0.0071719829
  vertex 0.0336230844 -0.0209652148 -0.00634856289
  vertex 0.032363344 -0.0228391439 -0.0063471403
  endloop
 endfacet

 facet normal 0.0310732741 -0.0244732723 -0.99921757
  outer loop
  vertex 0.0105528543 -0.0168541055 -0.0071719829
  vertex 0.032363344 -0.0228391439 -0.0063471403
  vertex 0.0319851413 -0.0230870787 -0.00635282928
  endloop
 endfacet

 facet normal 0.0301239919 -0.0277300365 -0.999161422
  outer loop
  vertex 0.0105528543 -0.0168541055 -0.0071719829
  vertex 0.0319851413 -0.0230870787 -0.00635282928
  vertex 0.0313594453 -0.023715565 -0.00635425095
  endloop
 endfacet

 facet normal 0.0296609756 -0.0291309785 -0.999135435
  outer loop
  vertex 0.0105528543 -0.0168541055 -0.0071719829
  vertex 0.0313594453 -0.023715565 -0.00635425095
  vertex 0.0307365246 -0.024349818 -0.00635425095
  endloop
 endfacet

 facet normal 0.0296256132 -0.0292260051 -0.999133706
  outer loop
  vertex 0.0105528543 -0.0168541055 -0.0071719829
  vertex 0.0307365246 -0.024349818 -0.00635425095
  vertex 0.0301108267 -0.024984071 -0.00635425095
  endloop
 endfacet

 facet normal 0.0295466557 -0.0294156186 -0.999130428
  outer loop
  vertex 0.0105528543 -0.0168541055 -0.0071719829
  vertex 0.0301108267 -0.024984071 -0.00635425095
  vertex 0.0288594272 -0.0262410454 -0.00635425095
  endloop
 endfacet

 facet normal 0.0292993095 -0.0298974048 -0.999123514
  outer loop
  vertex 0.0105528543 -0.0168541055 -0.0071719829
  vertex 0.0288594272 -0.0262410454 -0.00635425095
  vertex 0.0275885612 -0.0274864882 -0.00635425095
  endloop
 endfacet

 facet normal 0.0275711715 -0.0326634273 -0.999086082
  outer loop
  vertex 0.0105528543 -0.0168541055 -0.0071719829
  vertex 0.0275885612 -0.0274864882 -0.00635425095
  vertex 0.0273438431 -0.0278670378 -0.00634856289
  endloop
 endfacet

 facet normal 0.0181266498 -0.0470364019 -0.998728693
  outer loop
  vertex 0.0105528543 -0.0168541055 -0.0071719829
  vertex 0.0273438431 -0.0278670378 -0.00634856289
  vertex 0.019159697 -0.0310210027 -0.00634856289
  endloop
 endfacet

 facet normal 0.0148332072 -0.0490348451 -0.998686969
  outer loop
  vertex 0.0105528543 -0.0168541055 -0.0071719829
  vertex 0.019159697 -0.0310210027 -0.00634856289
  vertex 0.018834332 -0.0310325343 -0.00635282928
  endloop
 endfacet

 facet normal 0 -0.0576784536 -0.998335242
  outer loop
  vertex 0.0105528543 -0.0168541055 -0.0071719829
  vertex 0.018834332 -0.0310325343 -0.00635282928
  vertex 0.0105528543 -0.0310325343 -0.00635282928
  endloop
 endfacet

 facet normal 0.029188659 0 -0.999573946
  outer loop
  vertex 0.0105528543 -0.0168541055 -0.0071719829
  vertex 0.0105528543 0.0221351385 -0.0071719829
  vertex 0.038653709 -0.00365588348 -0.00635140669
  endloop
 endfacet

 facet normal 0.029188659 0 -0.999573946
  outer loop
  vertex 0.0105528543 -0.0168541055 -0.0071719829
  vertex 0.038653709 -0.00365588348 -0.00635140669
  vertex 0.038653709 -0.00553557789 -0.00635140669
  endloop
 endfacet

 facet normal 0 -0.780787349 -0.624796867
  outer loop
  vertex 0.0105528543 -0.0310325343 -0.00635282928
  vertex 0.018834332 -0.0310325343 -0.00635282928
  vertex 0.0182058513 -0.0312920026 -0.00602858048
  endloop
 endfacet

 facet normal -0.00119700131 -0.794379056 -0.607421219
  outer loop
  vertex 0.0105528543 -0.0310325343 -0.00635282928
  vertex 0.0182058513 -0.0312920026 -0.00602858048
  vertex 0.0105528543 -0.0312804729 -0.00602858048
  endloop
 endfacet

 facet normal -0.00141039176 -0.935993612 -0.352014035
  outer loop
  vertex 0.0105528543 -0.0312804729 -0.00602858048
  vertex 0.0182058513 -0.0312920026 -0.00602858048
  vertex 0.0182058513 -0.0315284058 -0.00539999362
  endloop
 endfacet

 facet normal 0.0257529691 -0.935684264 -0.351897687
  outer loop
  vertex 0.0182058513 -0.0315284058 -0.00539999362
  vertex 0.0182058513 -0.0312920026 -0.00602858048
  vertex 0.018834332 -0.0312747061 -0.00602858048
  endloop
 endfacet

 facet normal 0.0431510918 -0.940686643 -0.336521506
  outer loop
  vertex 0.0182058513 -0.0315284058 -0.00539999362
  vertex 0.018834332 -0.0312747061 -0.00602858048
  vertex 0.018834332 -0.0314995758 -0.00539999362
  endloop
 endfacet

 facet normal 0.0458237194 -0.998949647 0
  outer loop
  vertex 0.0182058513 -0.0315284058 -0.00539999362
  vertex 0.018834332 -0.0314995758 -0.00539999362
  vertex 0.018834332 -0.0314995758 -0.00288564619
  endloop
 endfacet

 facet normal 0.0458237194 -0.998949647 0
  outer loop
  vertex 0.0182058513 -0.0315284058 -0.00539999362
  vertex 0.018834332 -0.0314995758 -0.00288564619
  vertex 0.0182058513 -0.0315284058 -0.00148483622
  endloop
 endfacet

 facet normal 7.78357644e-05 -0.000366015942 0.99999994
  outer loop
  vertex 0.0106557468 0.00205815653 0.00735662179
  vertex 0.0106585268 -0.0212535132 0.00734808948
  vertex 0.0107642012 0.00208122027 0.00735662179
  endloop
 endfacet

 facet normal 0 0.519660175 0.854372978
  outer loop
  vertex 0.0105500733 0.0128635168 0.00735662179
  vertex 0.0122909071 0.0128635168 0.00735662179
  vertex 0.0182058513 0.0273763705 -0.00147061469
  endloop
 endfacet

 facet normal 0 0.519660175 0.854372978
  outer loop
  vertex 0.0105500733 0.0128635168 0.00735662179
  vertex 0.0182058513 0.0273763705 -0.00147061469
  vertex 0.0105528543 0.0273763705 -0.00147061469
  endloop
 endfacet

 facet normal -1 0.000191609433 0
  outer loop
  vertex 0.0105500733 0.0128635168 0.00735662179
  vertex 0.0105528543 0.0273763705 -0.00147061469
  vertex 0.0105528543 0.0273763705 -0.00539999362
  endloop
 endfacet

 facet normal -1 0.000191609433 0
  outer loop
  vertex 0.0105500733 0.0128635168 0.00735662179
  vertex 0.0105528543 0.0273763705 -0.00539999362
  vertex 0.0105500733 0.0128635168 0.00686171651
  endloop
 endfacet

 facet normal 0.066168949 -0.997766435 0.00915233605
  outer loop
  vertex 0.0182058513 -0.0315284058 -0.00148483622
  vertex 0.018834332 -0.0314995758 -0.00288564619
  vertex 0.018834332 -0.0314938091 -0.00225705933
  endloop
 endfacet

 facet normal 0.0822688863 -0.996360242 0.0223184191
  outer loop
  vertex 0.0182058513 -0.0315284058 -0.00148483622
  vertex 0.018834332 -0.0314938091 -0.00225705933
  vertex 0.018834332 -0.0314765126 -0.00148483622
  endloop
 endfacet

 facet normal 0.0519203693 -0.628808677 0.775824726
  outer loop
  vertex 0.0182058513 -0.0315284058 -0.00148483622
  vertex 0.018834332 -0.0314765126 -0.00148483622
  vertex 0.0106585268 -0.0212535132 0.00734808948
  endloop
 endfacet

 facet normal 0.105836317 -0.600303531 0.792738557
  outer loop
  vertex 0.0106585268 -0.0212535132 0.00734808948
  vertex 0.018834332 -0.0314765126 -0.00148483622
  vertex 0.0112870075 -0.0212535132 0.00726418244
  endloop
 endfacet

 facet normal 0.132330194 -0.00657942984 0.991183877
  outer loop
  vertex 0.0106585268 -0.0212535132 0.00734808948
  vertex 0.0112870075 -0.0212535132 0.00726418244
  vertex 0.0122909071 0.0128635168 0.00735662179
  endloop
 endfacet

 facet normal 0.0432730466 -0.00232032849 0.99906069
  outer loop
  vertex 0.0106585268 -0.0212535132 0.00734808948
  vertex 0.0122909071 0.0128635168 0.00735662179
  vertex 0.0117764436 0.00326900277 0.00735662179
  endloop
 endfacet

 facet normal 0.00417492911 -0.0005382729 0.999991238
  outer loop
  vertex 0.0106585268 -0.0212535132 0.00734808948
  vertex 0.0117764436 0.00326900277 0.00735662179
  vertex 0.0117013603 0.00268664351 0.00735662179
  endloop
 endfacet

 facet normal 0.000298145926 -0.000369403453 0.99999994
  outer loop
  vertex 0.0106585268 -0.0212535132 0.00734808948
  vertex 0.0117013603 0.00268664351 0.00735662179
  vertex 0.0112870075 0.00235221931 0.00735662179
  endloop
 endfacet

 facet normal 0.000189989354 -0.000366523804 0.999999881
  outer loop
  vertex 0.0106585268 -0.0212535132 0.00734808948
  vertex 0.0112870075 0.00235221931 0.00735662179
  vertex 0.0107642012 0.00208122027 0.00735662179
  endloop
 endfacet

 facet normal 0 1 0
  outer loop
  vertex 0.0105528543 0.0273763705 -0.00539999362
  vertex 0.0105528543 0.0273763705 -0.00147061469
  vertex 0.0182058513 0.0273763705 -0.00147061469
  endloop
 endfacet

 facet normal 0 1 0
  outer loop
  vertex 0.0105528543 0.0273763705 -0.00539999362
  vertex 0.0182058513 0.0273763705 -0.00147061469
  vertex 0.0182058513 0.0273763705 -0.00539999362
  endloop
 endfacet

 facet normal 0 0.933144331 -0.359502017
  outer loop
  vertex 0.0105528543 0.0273763705 -0.00539999362
  vertex 0.0182058513 0.0273763705 -0.00539999362
  vertex 0.0182058513 0.0271342024 -0.00602858048
  endloop
 endfacet

 facet normal 0 0.933144331 -0.359502017
  outer loop
  vertex 0.0105528543 0.0273763705 -0.00539999362
  vertex 0.0182058513 0.0271342024 -0.00602858048
  vertex 0.0105528543 0.0271342024 -0.00602858048
  endloop
 endfacet

 facet normal 0 0.780787349 -0.624796867
  outer loop
  vertex 0.0105528543 0.0271342024 -0.00602858048
  vertex 0.0182058513 0.0271342024 -0.00602858048
  vertex 0.018834332 0.0268747341 -0.00635282928
  endloop
 endfacet

 facet normal 0 0.780787349 -0.624796867
  outer loop
  vertex 0.0105528543 0.0271342024 -0.00602858048
  vertex 0.018834332 0.0268747341 -0.00635282928
  vertex 0.0105528543 0.0268747341 -0.00635282928
  endloop
 endfacet

 facet normal 0 0.198128045 -0.980176151
  outer loop
  vertex 0.0105528543 0.0268747341 -0.00635282928
  vertex 0.018834332 0.0268747341 -0.00635282928
  vertex 0.0105528543 0.0233921111 -0.00705678947
  endloop
 endfacet

 facet normal 0.00967557542 0.175963581 -0.984349132
  outer loop
  vertex 0.0105528543 0.0233921111 -0.00705678947
  vertex 0.018834332 0.0268747341 -0.00635282928
  vertex 0.0105528543 0.0227636248 -0.00716913864
  endloop
 endfacet

 facet normal 0.0614770763 0.0620455667 -0.99617815
  outer loop
  vertex 0.0105528543 0.0227636248 -0.00716913864
  vertex 0.0285980236 0.0180586223 -0.00634856289
  vertex 0.0292265043 0.0174359009 -0.00634856289
  endloop
 endfacet

 facet normal 0.0612537824 0.0612532385 -0.996241033
  outer loop
  vertex 0.0105528543 0.0227636248 -0.00716913864
  vertex 0.0292265043 0.0174359009 -0.00634856289
  vertex 0.0304834638 0.0161789283 -0.00634856289
  endloop
 endfacet

 facet normal 0.0607265793 0.0596413091 -0.996370971
  outer loop
  vertex 0.0105528543 0.0227636248 -0.00716913864
  vertex 0.0304834638 0.0161789283 -0.00634856289
  vertex 0.0311063826 0.0155446762 -0.00634856289
  endloop
 endfacet

 facet normal 0.0550600812 0.0433749184 -0.997540474
  outer loop
  vertex 0.0105528543 0.0227636248 -0.00716913864
  vertex 0.0311063826 0.0155446762 -0.00634856289
  vertex 0.0317181759 0.0148988916 -0.00634287437
  endloop
 endfacet

 facet normal 0.0543783158 0.0415280052 -0.997656465
  outer loop
  vertex 0.0105528543 0.0227636248 -0.00716913864
  vertex 0.0317181759 0.0148988916 -0.00634287437
  vertex 0.0336119607 0.0123849437 -0.00634429604
  endloop
 endfacet

 facet normal 0.0489127859 0.0293278992 -0.998372436
  outer loop
  vertex 0.0105528543 0.0227636248 -0.00716913864
  vertex 0.0336119607 0.0123849437 -0.00634429604
  vertex 0.034254346 0.0111683318 -0.00634856289
  endloop
 endfacet

 facet normal 0.0464516692 0.0242793187 -0.998625457
  outer loop
  vertex 0.0105528543 0.0227636248 -0.00716913864
  vertex 0.034254346 0.0111683318 -0.00634856289
  vertex 0.0355140865 0.00875817146 -0.00634856289
  endloop
 endfacet

 facet normal 0.044760298 0.0212563165 -0.998771608
  outer loop
  vertex 0.0105528543 0.0227636248 -0.00716913864
  vertex 0.0355140865 0.00875817146 -0.00634856289
  vertex 0.0367627032 0.00612890581 -0.00634856289
  endloop
 endfacet

 facet normal 0.0398057178 0.013432771 -0.999117136
  outer loop
  vertex 0.0105528543 0.0227636248 -0.00716913864
  vertex 0.0367627032 0.00612890581 -0.00634856289
  vertex 0.0373911858 0.00426650885 -0.00634856289
  endloop
 endfacet

 facet normal 0.0371938832 0.00963673927 -0.999261558
  outer loop
  vertex 0.0105528543 0.0227636248 -0.00716913864
  vertex 0.0373911858 0.00426650885 -0.00634856289
  vertex 0.0380280092 0.00136624451 -0.00635282928
  endloop
 endfacet

 facet normal 0.0332163721 0.00452271104 -0.999437988
  outer loop
  vertex 0.0105528543 0.0227636248 -0.00716913864
  vertex 0.0380280092 0.00136624451 -0.00635282928
  vertex 0.0105528543 0.0221351385 -0.0071719829
  endloop
 endfacet

 facet normal 0.0158387329 0.163944244 -0.986342549
  outer loop
  vertex 0.0105528543 0.0227636248 -0.00716913864
  vertex 0.018834332 0.0268747341 -0.00635282928
  vertex 0.019159697 0.0268689673 -0.00634856289
  endloop
 endfacet

 facet normal 0.0628298521 0.0673082322 -0.995752037
  outer loop
  vertex 0.0105528543 0.0227636248 -0.00716913864
  vertex 0.019159697 0.0268689673 -0.00634856289
  vertex 0.0285980236 0.0180586223 -0.00634856289
  endloop
 endfacet

 facet normal 0.0328270309 0.00400705636 -0.999453127
  outer loop
  vertex 0.0105528543 0.0221351385 -0.0071719829
  vertex 0.0380280092 0.00136624451 -0.00635282928
  vertex 0.0386509262 -0.00302739674 -0.00634998456
  endloop
 endfacet

 facet normal 0.0313901007 0.00240081502 -0.999504328
  outer loop
  vertex 0.0105528543 0.0221351385 -0.0071719829
  vertex 0.0386509262 -0.00302739674 -0.00634998456
  vertex 0.038653709 -0.00365588348 -0.00635140669
  endloop
 endfacet

 facet normal 0.900627494 -0.0109217009 -0.434454679
  outer loop
  vertex 0.038653709 -0.00553557789 -0.00635140669
  vertex 0.0388094373 -0.00553557789 -0.00602858048
  vertex 0.0386481434 -0.00616406463 -0.0063471403
  endloop
 endfacet

 facet normal 0.0555855706 -0.0072696358 -0.99842751
  outer loop
  vertex 0.038653709 -0.00553557789 -0.00635140669
  vertex 0.0386481434 -0.00616406463 -0.0063471403
  vertex 0.0380224474 -0.0105577065 -0.00634998456
  endloop
 endfacet

 facet normal 0.897632539 0 -0.440744728
  outer loop
  vertex 0.038653709 -0.00553557789 -0.00635140669
  vertex 0.038653709 -0.00365588348 -0.00635140669
  vertex 0.0388122164 -0.00365588348 -0.00602858048
  endloop
 endfacet

 facet normal 0.897632539 0 -0.440744728
  outer loop
  vertex 0.038653709 -0.00553557789 -0.00635140669
  vertex 0.0388122164 -0.00365588348 -0.00602858048
  vertex 0.0388122164 -0.00490709115 -0.00602858048
  endloop
 endfacet

 facet normal 0.900674045 -0.00398646202 -0.43447718
  outer loop
  vertex 0.038653709 -0.00553557789 -0.00635140669
  vertex 0.0388122164 -0.00490709115 -0.00602858048
  vertex 0.0388094373 -0.00553557789 -0.00602858048
  endloop
 endfacet

 facet normal 0.0720676333 -0.00961753912 -0.997353435
  outer loop
  vertex 0.0380224474 -0.0105577065 -0.00634998456
  vertex 0.0386481434 -0.00616406463 -0.0063471403
  vertex 0.0386398025 -0.00652155234 -0.00634429604
  endloop
 endfacet

 facet normal 0.103349976 -0.0144063449 -0.994540811
  outer loop
  vertex 0.0380224474 -0.0105577065 -0.00634998456
  vertex 0.0386398025 -0.00652155234 -0.00634429604
  vertex 0.0380168855 -0.0108921304 -0.00634571817
  endloop
 endfacet

 facet normal 0.04871298 -0.0135510368 -0.998720884
  outer loop
  vertex 0.0380224474 -0.0105577065 -0.00634998456
  vertex 0.0380168855 -0.0108921304 -0.00634571817
  vertex 0.0373939648 -0.0129217384 -0.00634856289
  endloop
 endfacet

 facet normal 0.100944892 -0.0350410789 -0.994274795
  outer loop
  vertex 0.0373939648 -0.0129217384 -0.00634856289
  vertex 0.0373439118 -0.0133484183 -0.00633860752
  vertex 0.036765486 -0.0147322416 -0.00634856289
  endloop
 endfacet

 facet normal 0.129261672 -0.0382836722 -0.99087131
  outer loop
  vertex 0.0373939648 -0.0129217384 -0.00634856289
  vertex 0.0380168855 -0.0108921304 -0.00634571817
  vertex 0.0373439118 -0.0133484183 -0.00633860752
  endloop
 endfacet

 facet normal 0.116804853 -0.0416847467 -0.992279828
  outer loop
  vertex 0.036765486 -0.0147322416 -0.00634856289
  vertex 0.0373439118 -0.0133484183 -0.00633860752
  vertex 0.0361314453 -0.0165427439 -0.0063471403
  endloop
 endfacet

 facet normal 0.835699975 -0.390352905 -0.386303425
  outer loop
  vertex 0.0361314453 -0.0165427439 -0.0063471403
  vertex 0.036189843 -0.0167906806 -0.0059702727
  vertex 0.0355808288 -0.0180649515 -0.00600013742
  endloop
 endfacet

 facet normal 0.797558486 -0.392851532 -0.457786173
  outer loop
  vertex 0.0361314453 -0.0165427439 -0.0063471403
  vertex 0.0355808288 -0.0180649515 -0.00600013742
  vertex 0.0355029628 -0.0178170167 -0.00634856289
  endloop
 endfacet

 facet normal 0.819042385 -0.309592456 -0.483034313
  outer loop
  vertex 0.0361314453 -0.0165427439 -0.0063471403
  vertex 0.0373439118 -0.0133484183 -0.00633860752
  vertex 0.0368127599 -0.0154414512 -0.00589774316
  endloop
 endfacet

 facet normal 0.848800182 -0.371663451 -0.376037925
  outer loop
  vertex 0.0361314453 -0.0165427439 -0.0063471403
  vertex 0.0368127599 -0.0154414512 -0.00589774316
  vertex 0.036189843 -0.0167906806 -0.0059702727
  endloop
 endfacet

 facet normal 0.791441083 -0.400434583 -0.461815
  outer loop
  vertex 0.0355029628 -0.0178170167 -0.00634856289
  vertex 0.0355808288 -0.0180649515 -0.00600013742
  vertex 0.0348744839 -0.0190624576 -0.00634571817
  endloop
 endfacet

 facet normal 0.799052954 -0.41513285 -0.434947252
  outer loop
  vertex 0.0348744839 -0.0190624576 -0.00634571817
  vertex 0.0355808288 -0.0180649515 -0.00600013742
  vertex 0.0355085246 -0.018445503 -0.00576975057
  endloop
 endfacet

 facet normal 0.799262404 -0.456638813 -0.390718162
  outer loop
  vertex 0.0348744839 -0.0190624576 -0.00634571817
  vertex 0.0355085246 -0.018445503 -0.00576975057
  vertex 0.0343099646 -0.0204289854 -0.00590343168
  endloop
 endfacet

 facet normal 0.707669556 -0.464621514 -0.532288253
  outer loop
  vertex 0.0348744839 -0.0190624576 -0.00634571817
  vertex 0.0343099646 -0.0204289854 -0.00590343168
  vertex 0.0336230844 -0.0209652148 -0.00634856289
  endloop
 endfacet

 facet normal 0.708995819 -0.477014303 -0.519405723
  outer loop
  vertex 0.0336230844 -0.0209652148 -0.00634856289
  vertex 0.0343099646 -0.0204289854 -0.00590343168
  vertex 0.032363344 -0.0228391439 -0.0063471403
  endloop
 endfacet

 facet normal 0.706532836 -0.584825218 -0.39848575
  outer loop
  vertex 0.032363344 -0.0228391439 -0.0063471403
  vertex 0.03245233 -0.0229486972 -0.00602858048
  vertex 0.0311147254 -0.0247303713 -0.00578539399
  endloop
 endfacet

 facet normal 0.612755895 -0.567813098 -0.549653172
  outer loop
  vertex 0.032363344 -0.0228391439 -0.0063471403
  vertex 0.0311147254 -0.0247303713 -0.00578539399
  vertex 0.0309200622 -0.0245343279 -0.00620492594
  endloop
 endfacet

 facet normal 0.542605519 -0.517483354 -0.661657274
  outer loop
  vertex 0.032363344 -0.0228391439 -0.0063471403
  vertex 0.0309200622 -0.0245343279 -0.00620492594
  vertex 0.0302943643 -0.0251685809 -0.00622199196
  endloop
 endfacet

 facet normal 0.472425044 -0.459993422 -0.751811564
  outer loop
  vertex 0.032363344 -0.0228391439 -0.0063471403
  vertex 0.0302943643 -0.0251685809 -0.00622199196
  vertex 0.0311147254 -0.0241191816 -0.00634856289
  endloop
 endfacet

 facet normal 0.101265304 -0.0976795703 -0.990052581
  outer loop
  vertex 0.032363344 -0.0228391439 -0.0063471403
  vertex 0.0311147254 -0.0241191816 -0.00634856289
  vertex 0.0317376442 -0.0234733969 -0.00634856289
  endloop
 endfacet

 facet normal 0.0383625589 -0.0356058627 -0.998629332
  outer loop
  vertex 0.032363344 -0.0228391439 -0.0063471403
  vertex 0.0317376442 -0.0234733969 -0.00634856289
  vertex 0.0319851413 -0.0230870787 -0.00635282928
  endloop
 endfacet

 facet normal 0.720252454 -0.491624445 -0.48943013
  outer loop
  vertex 0.032363344 -0.0228391439 -0.0063471403
  vertex 0.0343099646 -0.0204289854 -0.00590343168
  vertex 0.0330474414 -0.0222913809 -0.00589063298
  endloop
 endfacet

 facet normal 0.720334888 -0.568878055 -0.396856993
  outer loop
  vertex 0.032363344 -0.0228391439 -0.0063471403
  vertex 0.0330474414 -0.0222913809 -0.00589063298
  vertex 0.03245233 -0.0229486972 -0.00602858048
  endloop
 endfacet

 facet normal 0.037442144 -0.0350168012 -0.998685181
  outer loop
  vertex 0.0319851413 -0.0230870787 -0.00635282928
  vertex 0.0317376442 -0.0234733969 -0.00634856289
  vertex 0.0313594453 -0.023715565 -0.00635425095
  endloop
 endfacet

 facet normal 0.0392766073 -0.037885841 -0.998509884
  outer loop
  vertex 0.0313594453 -0.023715565 -0.00635425095
  vertex 0.0317376442 -0.0234733969 -0.00634856289
  vertex 0.0311147254 -0.0241191816 -0.00634856289
  endloop
 endfacet

 facet normal 0.0378764644 -0.0370381288 -0.998595834
  outer loop
  vertex 0.0313594453 -0.023715565 -0.00635425095
  vertex 0.0311147254 -0.0241191816 -0.00634856289
  vertex 0.0305001494 -0.0247476697 -0.00634856289
  endloop
 endfacet

 facet normal 0.0367990956 -0.036141552 -0.998668909
  outer loop
  vertex 0.0313594453 -0.023715565 -0.00635425095
  vertex 0.0305001494 -0.0247476697 -0.00634856289
  vertex 0.0307365246 -0.024349818 -0.00635425095
  endloop
 endfacet

 facet normal 0.0363891982 -0.0358983614 -0.998692811
  outer loop
  vertex 0.0307365246 -0.024349818 -0.00635425095
  vertex 0.0305001494 -0.0247476697 -0.00634856289
  vertex 0.0301108267 -0.024984071 -0.00635425095
  endloop
 endfacet

 facet normal 0.0368932299 -0.0367296115 -0.998644054
  outer loop
  vertex 0.0301108267 -0.024984071 -0.00635425095
  vertex 0.0305001494 -0.0247476697 -0.00634856289
  vertex 0.0298744496 -0.025376156 -0.00634856289
  endloop
 endfacet

 facet normal 0.0368932299 -0.0367296115 -0.998644054
  outer loop
  vertex 0.0301108267 -0.024984071 -0.00635425095
  vertex 0.0298744496 -0.025376156 -0.00634856289
  vertex 0.0288594272 -0.0262410454 -0.00635425095
  endloop
 endfacet

 facet normal 0.0388175882 -0.0389890485 -0.998485327
  outer loop
  vertex 0.0288594272 -0.0262410454 -0.00635425095
  vertex 0.0298744496 -0.025376156 -0.00634856289
  vertex 0.029243188 -0.0260046404 -0.00634856289
  endloop
 endfacet

 facet normal 0.0394367762 -0.0399957336 -0.998421311
  outer loop
  vertex 0.0288594272 -0.0262410454 -0.00635425095
  vertex 0.029243188 -0.0260046404 -0.00634856289
  vertex 0.0286174882 -0.0266215969 -0.00634856289
  endloop
 endfacet

 facet normal 0.0387986451 -0.0395906568 -0.998462439
  outer loop
  vertex 0.0288594272 -0.0262410454 -0.00635425095
  vertex 0.0286174882 -0.0266215969 -0.00634856289
  vertex 0.0275885612 -0.0274864882 -0.00635425095
  endloop
 endfacet

 facet normal 0.0393153913 -0.0402057059 -0.998417616
  outer loop
  vertex 0.0275885612 -0.0274864882 -0.00635425095
  vertex 0.0286174882 -0.0266215969 -0.00634856289
  vertex 0.0273438431 -0.0278670378 -0.00634856289
  endloop
 endfacet

 facet normal 0.438587427 -0.448519409 -0.778762758
  outer loop
  vertex 0.0273438431 -0.0278670378 -0.00634856289
  vertex 0.0286174882 -0.0266215969 -0.00634856289
  vertex 0.0290401857 -0.0264255553 -0.00622341409
  endloop
 endfacet

 facet normal 0.560318589 -0.610816598 -0.559415996
  outer loop
  vertex 0.0273438431 -0.0278670378 -0.00634856289
  vertex 0.0290401857 -0.0264255553 -0.00622341409
  vertex 0.0292376261 -0.0266273618 -0.00580530427
  endloop
 endfacet

 facet normal 0.576503217 -0.686505198 -0.443119347
  outer loop
  vertex 0.0273438431 -0.0278670378 -0.00634856289
  vertex 0.0292376261 -0.0266273618 -0.00580530427
  vertex 0.0274662022 -0.0279708244 -0.00602858048
  endloop
 endfacet

 facet normal 0.411144257 -0.809211433 -0.419687122
  outer loop
  vertex 0.0273438431 -0.0278670378 -0.00634856289
  vertex 0.0274662022 -0.0279708244 -0.00602858048
  vertex 0.0267209243 -0.0284955259 -0.00574699603
  endloop
 endfacet

 facet normal 0.308010399 -0.799248636 -0.516072869
  outer loop
  vertex 0.0273438431 -0.0278670378 -0.00634856289
  vertex 0.0267209243 -0.0284955259 -0.00574699603
  vertex 0.019159697 -0.0310210027 -0.00634856289
  endloop
 endfacet

 facet normal 0.319533974 -0.863986909 -0.389133394
  outer loop
  vertex 0.019159697 -0.0310210027 -0.00634856289
  vertex 0.0267209243 -0.0284955259 -0.00574699603
  vertex 0.0192375612 -0.0311363228 -0.00602858048
  endloop
 endfacet

 facet normal 0.299290687 -0.872098088 -0.387130529
  outer loop
  vertex 0.019159697 -0.0310210027 -0.00634856289
  vertex 0.0192375612 -0.0311363228 -0.00602858048
  vertex 0.018834332 -0.0312747061 -0.00602858048
  endloop
 endfacet

 facet normal 0.0362195931 -0.800677657 -0.597999513
  outer loop
  vertex 0.019159697 -0.0310210027 -0.00634856289
  vertex 0.018834332 -0.0312747061 -0.00602858048
  vertex 0.018834332 -0.0310325343 -0.00635282928
  endloop
 endfacet

 facet normal 0.0220462736 -0.801008642 -0.598246694
  outer loop
  vertex 0.018834332 -0.0310325343 -0.00635282928
  vertex 0.018834332 -0.0312747061 -0.00602858048
  vertex 0.0182058513 -0.0312920026 -0.00602858048
  endloop
 endfacet

 facet normal 0.307476431 -0.895950258 -0.32051751
  outer loop
  vertex 0.018834332 -0.0312747061 -0.00602858048
  vertex 0.0192375612 -0.0311363228 -0.00602858048
  vertex 0.018834332 -0.0314995758 -0.00539999362
  endloop
 endfacet

 facet normal 0.326973528 -0.8938483 -0.306795686
  outer loop
  vertex 0.018834332 -0.0314995758 -0.00539999362
  vertex 0.0192375612 -0.0311363228 -0.00602858048
  vertex 0.0267209243 -0.0284955259 -0.00574699603
  endloop
 endfacet

 facet normal 0.354139894 -0.934340417 -0.0399118029
  outer loop
  vertex 0.018834332 -0.0314995758 -0.00539999362
  vertex 0.0267209243 -0.0284955259 -0.00574699603
  vertex 0.0270490684 -0.0283859726 -0.00539999362
  endloop
 endfacet

 facet normal 0.354422271 -0.935085475 0
  outer loop
  vertex 0.018834332 -0.0314995758 -0.00539999362
  vertex 0.0270490684 -0.0283859726 -0.00539999362
  vertex 0.0270490684 -0.0283859726 -0.00288564619
  endloop
 endfacet

 facet normal 0.354422271 -0.935085475 0
  outer loop
  vertex 0.018834332 -0.0314995758 -0.00539999362
  vertex 0.0270490684 -0.0283859726 -0.00288564619
  vertex 0.018834332 -0.0314995758 -0.00288564619
  endloop
 endfacet

 facet normal 0.385470897 0.179094985 0.905172467
  outer loop
  vertex 0.0122909071 0.0128635168 0.00735662179
  vertex 0.0356698148 0.00891961809 -0.00181903969
  vertex 0.0355697051 0.00938665774 -0.00186881458
  endloop
 endfacet

 facet normal 0.38624379 0.192404151 0.902106702
  outer loop
  vertex 0.0122909071 0.0128635168 0.00735662179
  vertex 0.0355697051 0.00938665774 -0.00186881458
  vertex 0.0333171859 0.0121081788 -0.00148483622
  endloop
 endfacet

 facet normal 0.385335386 0.210809141 0.8983742
  outer loop
  vertex 0.0122909071 0.0128635168 0.00735662179
  vertex 0.0333171859 0.0121081788 -0.00148483622
  vertex 0.033105839 0.012494497 -0.00148483622
  endloop
 endfacet

 facet normal 0.383126676 0.240069956 0.891953111
  outer loop
  vertex 0.0122909071 0.0128635168 0.00735662179
  vertex 0.033105839 0.012494497 -0.00148483622
  vertex 0.0326469913 0.0132267699 -0.00148483622
  endloop
 endfacet

 facet normal 0.380178034 0.264850199 0.886182308
  outer loop
  vertex 0.0122909071 0.0128635168 0.00735662179
  vertex 0.0326469913 0.0132267699 -0.00148483622
  vertex 0.0326108411 0.0132786632 -0.00148483622
  endloop
 endfacet

 facet normal 0.370641857 0.331980258 0.867417812
  outer loop
  vertex 0.0122909071 0.0128635168 0.00735662179
  vertex 0.0326108411 0.0132786632 -0.00148483622
  vertex 0.0325746909 0.0133190248 -0.00148483622
  endloop
 endfacet

 facet normal 0.370107144 0.33531481 0.866362929
  outer loop
  vertex 0.0122909071 0.0128635168 0.00735662179
  vertex 0.0325746909 0.0133190248 -0.00148483622
  vertex 0.0320157334 0.0139359795 -0.00148483622
  endloop
 endfacet

 facet normal 0.3674303 0.349068344 0.862059355
  outer loop
  vertex 0.0122909071 0.0128635168 0.00735662179
  vertex 0.0320157334 0.0139359795 -0.00148483622
  vertex 0.0306197274 0.0163115449 -0.00185174879
  endloop
 endfacet

 facet normal 0.365978897 0.353551239 0.860849023
  outer loop
  vertex 0.0122909071 0.0128635168 0.00735662179
  vertex 0.0306197274 0.0163115449 -0.00185174879
  vertex 0.0193126444 0.027088074 -0.00147061469
  endloop
 endfacet

 facet normal 0.231984481 0.427651227 0.873669088
  outer loop
  vertex 0.0122909071 0.0128635168 0.00735662179
  vertex 0.0193126444 0.027088074 -0.00147061469
  vertex 0.018834332 0.0273475405 -0.00147061469
  endloop
 endfacet

 facet normal 0.0235095769 0.512504995 0.858362377
  outer loop
  vertex 0.0122909071 0.0128635168 0.00735662179
  vertex 0.018834332 0.0273475405 -0.00147061469
  vertex 0.0182058513 0.0273763705 -0.00147061469
  endloop
 endfacet

 facet normal 0.319520175 -0.0119691789 0.947503924
  outer loop
  vertex 0.0122909071 0.0128635168 0.00735662179
  vertex 0.0112870075 -0.0212535132 0.00726418244
  vertex 0.038781628 -0.00553557789 -0.00180908456
  endloop
 endfacet

 facet normal 0.326083541 -0.00144132914 0.945339859
  outer loop
  vertex 0.0122909071 0.0128635168 0.00735662179
  vertex 0.038781628 -0.00553557789 -0.00180908456
  vertex 0.0387844071 -0.00490709115 -0.00180908456
  endloop
 endfacet

 facet normal 0.32694748 0 0.945042551
  outer loop
  vertex 0.0122909071 0.0128635168 0.00735662179
  vertex 0.0387844071 -0.00490709115 -0.00180908456
  vertex 0.0387844071 -0.00365588348 -0.00180908456
  endloop
 endfacet

 facet normal 0.330944508 0.00719809206 0.943622887
  outer loop
  vertex 0.0122909071 0.0128635168 0.00735662179
  vertex 0.0387844071 -0.00365588348 -0.00180908456
  vertex 0.0387788489 -0.00302739674 -0.00181192881
  endloop
 endfacet

 facet normal 0.34046334 0.0252010562 0.939920068
  outer loop
  vertex 0.0122909071 0.0128635168 0.00735662179
  vertex 0.0387788489 -0.00302739674 -0.00181192881
  vertex 0.0387593843 -0.00239314395 -0.00182188372
  endloop
 endfacet

 facet normal 0.347697109 0.0396468192 0.936768293
  outer loop
  vertex 0.0122909071 0.0128635168 0.00735662179
  vertex 0.0387593843 -0.00239314395 -0.00182188372
  vertex 0.0387343541 -0.00177042326 -0.00183894951
  endloop
 endfacet

 facet normal 0.351597071 0.0478506833 0.934927702
  outer loop
  vertex 0.0122909071 0.0128635168 0.00735662179
  vertex 0.0387343541 -0.00177042326 -0.00183894951
  vertex 0.0387093276 -0.0011419364 -0.00186170393
  endloop
 endfacet

 facet normal 0.353662699 0.0524215959 0.933902919
  outer loop
  vertex 0.0122909071 0.0128635168 0.00735662179
  vertex 0.0387093276 -0.0011419364 -0.00186170393
  vertex 0.0381392427 0.0019947316 -0.00182188372
  endloop
 endfacet

 facet normal 0.369390577 0.0981216654 0.924079418
  outer loop
  vertex 0.0122909071 0.0128635168 0.00735662179
  vertex 0.0381392427 0.0019947316 -0.00182188372
  vertex 0.0374968573 0.00452021044 -0.00183326099
  endloop
 endfacet

 facet normal 0.379059523 0.137168288 0.915149629
  outer loop
  vertex 0.0122909071 0.0128635168 0.00735662179
  vertex 0.0374968573 0.00452021044 -0.00183326099
  vertex 0.0368489102 0.00640567066 -0.00184748217
  endloop
 endfacet

 facet normal 0.383212566 0.160979971 0.909523845
  outer loop
  vertex 0.0122909071 0.0128635168 0.00735662179
  vertex 0.0368489102 0.00640567066 -0.00184748217
  vertex 0.0362760499 0.00765687786 -0.00182757236
  endloop
 endfacet

 facet normal 0.385458738 0.178939477 0.905208349
  outer loop
  vertex 0.0122909071 0.0128635168 0.00735662179
  vertex 0.0362760499 0.00765687786 -0.00182757236
  vertex 0.0356698148 0.00891961809 -0.00181903969
  endloop
 endfacet

 facet normal 0.354409218 -0.935051143 0.00857705902
  outer loop
  vertex 0.018834332 -0.0314995758 -0.00288564619
  vertex 0.0270490684 -0.0283859726 -0.00288564619
  vertex 0.018834332 -0.0314938091 -0.00225705933
  endloop
 endfacet

 facet normal 0.355041116 -0.934662521 0.0187559053
  outer loop
  vertex 0.018834332 -0.0314938091 -0.00225705933
  vertex 0.0270490684 -0.0283859726 -0.00288564619
  vertex 0.0267264862 -0.0284897592 -0.00195129879
  endloop
 endfacet

 facet normal 0.354951918 -0.934650123 0.0209361129
  outer loop
  vertex 0.018834332 -0.0314938091 -0.00225705933
  vertex 0.0267264862 -0.0284897592 -0.00195129879
  vertex 0.018834332 -0.0314765126 -0.00148483622
  endloop
 endfacet

 facet normal 0.355537087 -0.934008718 0.0349439643
  outer loop
  vertex 0.018834332 -0.0314765126 -0.00148483622
  vertex 0.0267264862 -0.0284897592 -0.00195129879
  vertex 0.0267098024 -0.0284955259 -0.00193565525
  endloop
 endfacet

 facet normal 0.243820116 -0.520382822 0.818384767
  outer loop
  vertex 0.018834332 -0.0314765126 -0.00148483622
  vertex 0.0267098024 -0.0284955259 -0.00193565525
  vertex 0.0112870075 -0.0212535132 0.00726418244
  endloop
 endfacet

 facet normal 0.247871384 -0.514738977 0.820733547
  outer loop
  vertex 0.0112870075 -0.0212535132 0.00726418244
  vertex 0.0267098024 -0.0284955259 -0.00193565525
  vertex 0.0274856687 -0.0279881228 -0.00185174879
  endloop
 endfacet

 facet normal 0.328854084 -0.379541337 0.864756286
  outer loop
  vertex 0.0112870075 -0.0212535132 0.00726418244
  vertex 0.0274856687 -0.0279881228 -0.00185174879
  vertex 0.0292348471 -0.0266215969 -0.00191716745
  endloop
 endfacet

 facet normal 0.341935545 -0.349042237 0.872496128
  outer loop
  vertex 0.0112870075 -0.0212535132 0.00726418244
  vertex 0.0292348471 -0.0266215969 -0.00191716745
  vertex 0.0294767823 -0.0262352806 -0.00185743743
  endloop
 endfacet

 facet normal 0.344441324 -0.342693925 0.874025822
  outer loop
  vertex 0.0112870075 -0.0212535132 0.00726418244
  vertex 0.0294767823 -0.0262352806 -0.00185743743
  vertex 0.0304945875 -0.0253646243 -0.00191716745
  endloop
 endfacet

 facet normal 0.345507562 -0.339529514 0.874839544
  outer loop
  vertex 0.0112870075 -0.0212535132 0.00726418244
  vertex 0.0304945875 -0.0253646243 -0.00191716745
  vertex 0.0320630074 -0.0226546358 -0.00148483622
  endloop
 endfacet

 facet normal 0.35507378 -0.288136214 0.889325738
  outer loop
  vertex 0.0112870075 -0.0212535132 0.00726418244
  vertex 0.0320630074 -0.0226546358 -0.00148483622
  vertex 0.0332421027 -0.0212016199 -0.00148483622
  endloop
 endfacet

 facet normal 0.365320861 -0.167117447 0.915757835
  outer loop
  vertex 0.0112870075 -0.0212535132 0.00726418244
  vertex 0.0332421027 -0.0212016199 -0.00148483622
  vertex 0.0362176523 -0.0167387873 -0.00185743743
  endloop
 endfacet

 facet normal 0.363898695 -0.153218478 0.918750167
  outer loop
  vertex 0.0112870075 -0.0212535132 0.00726418244
  vertex 0.0362176523 -0.0167387873 -0.00185743743
  vertex 0.0363261066 -0.0162083209 -0.00181192881
  endloop
 endfacet

 facet normal 0.363372654 -0.148979992 0.919655025
  outer loop
  vertex 0.0112870075 -0.0212535132 0.00726418244
  vertex 0.0363261066 -0.0162083209 -0.00181192881
  vertex 0.0368822813 -0.0149571132 -0.0018289946
  endloop
 endfacet

 facet normal 0.359631509 -0.126878619 0.924428046
  outer loop
  vertex 0.0112870075 -0.0212535132 0.00726418244
  vertex 0.0368822813 -0.0149571132 -0.0018289946
  vertex 0.0375218876 -0.0130716534 -0.00181903969
  endloop
 endfacet

 facet normal 0.351228297 -0.091770418 0.93178153
  outer loop
  vertex 0.0112870075 -0.0212535132 0.00726418244
  vertex 0.0375218876 -0.0130716534 -0.00181903969
  vertex 0.0380975306 -0.0111861927 -0.00185032678
  endloop
 endfacet

 facet normal 0.350548267 -0.0895302966 0.932255566
  outer loop
  vertex 0.0112870075 -0.0212535132 0.00726418244
  vertex 0.0380975306 -0.0111861927 -0.00185032678
  vertex 0.0381559283 -0.0105577065 -0.00181192881
  endloop
 endfacet

 facet normal 0.336883843 -0.048375424 0.94030261
  outer loop
  vertex 0.0112870075 -0.0212535132 0.00726418244
  vertex 0.0381559283 -0.0105577065 -0.00181192881
  vertex 0.0383255631 -0.00804952439 -0.00174366613
  endloop
 endfacet

 facet normal 0.335884422 -0.0460037105 0.94077915
  outer loop
  vertex 0.0112870075 -0.0212535132 0.00726418244
  vertex 0.0383255631 -0.00804952439 -0.00174366613
  vertex 0.0387454741 -0.00678678509 -0.00183183874
  endloop
 endfacet

 facet normal 0.331763446 -0.0370143019 0.942636192
  outer loop
  vertex 0.0112870075 -0.0212535132 0.00726418244
  vertex 0.0387454741 -0.00678678509 -0.00183183874
  vertex 0.0387705043 -0.00616406463 -0.0018161952
  endloop
 endfacet

 facet normal 0.321782738 -0.0164074879 0.946671426
  outer loop
  vertex 0.0112870075 -0.0212535132 0.00726418244
  vertex 0.0387705043 -0.00616406463 -0.0018161952
  vertex 0.038781628 -0.00553557789 -0.00180908456
  endloop
 endfacet

 facet normal 0.0458237194 0.998949647 0
  outer loop
  vertex 0.0182058513 0.0273763705 -0.00539999362
  vertex 0.0182058513 0.0273763705 -0.00147061469
  vertex 0.018834332 0.0273475405 -0.00147061469
  endloop
 endfacet

 facet normal 0.0458237194 0.998949647 0
  outer loop
  vertex 0.0182058513 0.0273763705 -0.00539999362
  vertex 0.018834332 0.0273475405 -0.00147061469
  vertex 0.018834332 0.0273475405 -0.00539999362
  endloop
 endfacet

 facet normal 0.0431510918 0.940686643 -0.336521506
  outer loop
  vertex 0.0182058513 0.0273763705 -0.00539999362
  vertex 0.018834332 0.0273475405 -0.00539999362
  vertex 0.018834332 0.0271226708 -0.00602858048
  endloop
 endfacet

 facet normal 0.0171195325 0.933007598 -0.359449327
  outer loop
  vertex 0.0182058513 0.0273763705 -0.00539999362
  vertex 0.018834332 0.0271226708 -0.00602858048
  vertex 0.0182058513 0.0271342024 -0.00602858048
  endloop
 endfacet

 facet normal 0.0145743331 0.794295251 -0.607357144
  outer loop
  vertex 0.0182058513 0.0271342024 -0.00602858048
  vertex 0.018834332 0.0271226708 -0.00602858048
  vertex 0.018834332 0.0268747341 -0.00635282928
  endloop
 endfacet

 facet normal 0.0220370088 0.794186711 -0.607274115
  outer loop
  vertex 0.018834332 0.0268747341 -0.00635282928
  vertex 0.018834332 0.0271226708 -0.00602858048
  vertex 0.019159697 0.0268689673 -0.00634856289
  endloop
 endfacet

 facet normal 0.318997115 0.341734499 -0.884001374
  outer loop
  vertex 0.0285980236 0.0180586223 -0.00634856289
  vertex 0.019159697 0.0268689673 -0.00634856289
  vertex 0.0279528573 0.0186755769 -0.00634287437
  endloop
 endfacet

 facet normal 0.616892457 0.649203181 -0.444948405
  outer loop
  vertex 0.0285980236 0.0180586223 -0.00634856289
  vertex 0.0279528573 0.0186755769 -0.00634287437
  vertex 0.0290290602 0.0178683475 -0.00602858048
  endloop
 endfacet

 facet normal 0.622999132 0.628760099 -0.465330899
  outer loop
  vertex 0.0285980236 0.0180586223 -0.00634856289
  vertex 0.0290290602 0.0178683475 -0.00602858048
  vertex 0.0292265043 0.0174359009 -0.00634856289
  endloop
 endfacet

 facet normal 0.624370456 0.624364972 -0.469393194
  outer loop
  vertex 0.0292265043 0.0174359009 -0.00634856289
  vertex 0.0302915834 0.0166113731 -0.00602858048
  vertex 0.0304834638 0.0161789283 -0.00634856289
  endloop
 endfacet

 facet normal 0.625363708 0.628124118 -0.463012308
  outer loop
  vertex 0.0292265043 0.0174359009 -0.00634856289
  vertex 0.0290290602 0.0178683475 -0.00602858048
  vertex 0.0302915834 0.0166113731 -0.00602858048
  endloop
 endfacet

 facet normal 0.628849268 0.623128772 -0.465036809
  outer loop
  vertex 0.0304834638 0.0161789283 -0.00634856289
  vertex 0.0302915834 0.0166113731 -0.00602858048
  vertex 0.0306058228 0.0162942465 -0.00602858048
  endloop
 endfacet

 facet normal 0.631601036 0.620311618 -0.465073794
  outer loop
  vertex 0.0304834638 0.0161789283 -0.00634856289
  vertex 0.0306058228 0.0162942465 -0.00602858048
  vertex 0.0309172831 0.01597712 -0.00602858048
  endloop
 endfacet

 facet normal 0.631600738 0.620313048 -0.465072364
  outer loop
  vertex 0.0304834638 0.0161789283 -0.00634856289
  vertex 0.0309172831 0.01597712 -0.00602858048
  vertex 0.0311063826 0.0155446762 -0.00634856289
  endloop
 endfacet

 facet normal 0.652290761 0.614043891 -0.444372624
  outer loop
  vertex 0.0311063826 0.0155446762 -0.00634856289
  vertex 0.0309172831 0.01597712 -0.00602858048
  vertex 0.0317181759 0.0148988916 -0.00634287437
  endloop
 endfacet

 facet normal 0.687017798 0.620521069 -0.378100812
  outer loop
  vertex 0.0317181759 0.0148988916 -0.00634287437
  vertex 0.0309172831 0.01597712 -0.00602858048
  vertex 0.0312037133 0.0156599935 -0.00602858048
  endloop
 endfacet

 facet normal 0.699863136 0.619726181 -0.355149448
  outer loop
  vertex 0.0317181759 0.0148988916 -0.00634287437
  vertex 0.0312037133 0.0156599935 -0.00602858048
  vertex 0.0318238512 0.0150199756 -0.00592334243
  endloop
 endfacet

 facet normal 0.706356466 0.612564862 -0.354718179
  outer loop
  vertex 0.0317181759 0.0148988916 -0.00634287437
  vertex 0.0318238512 0.0150199756 -0.00592334243
  vertex 0.0324217416 0.0143511267 -0.00588778825
  endloop
 endfacet

 facet normal 0.711361051 0.536132812 -0.454452604
  outer loop
  vertex 0.0317181759 0.0148988916 -0.00634287437
  vertex 0.0324217416 0.0143511267 -0.00588778825
  vertex 0.0336119607 0.0123849437 -0.00634429604
  endloop
 endfacet

 facet normal 0.764332056 0.531598568 -0.36496523
  outer loop
  vertex 0.0336119607 0.0123849437 -0.00634429604
  vertex 0.0329973847 0.0136649814 -0.00576690631
  vertex 0.0342682488 0.0118025849 -0.00581810344
  endloop
 endfacet

 facet normal 0.766596079 0.450199336 -0.457876801
  outer loop
  vertex 0.0336119607 0.0123849437 -0.00634429604
  vertex 0.0342682488 0.0118025849 -0.00581810344
  vertex 0.0349301025 0.0106032696 -0.00588921085
  endloop
 endfacet

 facet normal 0.751672983 0.427922666 -0.50186646
  outer loop
  vertex 0.0336119607 0.0123849437 -0.00634429604
  vertex 0.0349301025 0.0106032696 -0.00588921085
  vertex 0.0354417823 0.00917908456 -0.00633718539
  endloop
 endfacet

 facet normal 0.132336318 0.0733417794 -0.98848784
  outer loop
  vertex 0.0336119607 0.0123849437 -0.00634429604
  vertex 0.0354417823 0.00917908456 -0.00633718539
  vertex 0.034254346 0.0111683318 -0.00634856289
  endloop
 endfacet

 facet normal 0.730851531 0.539490581 -0.418098092
  outer loop
  vertex 0.0336119607 0.0123849437 -0.00634429604
  vertex 0.0324217416 0.0143511267 -0.00588778825
  vertex 0.0329973847 0.0136649814 -0.00576690631
  endloop
 endfacet

 facet normal 0.0767398402 0.0401103161 -0.996243954
  outer loop
  vertex 0.034254346 0.0111683318 -0.00634856289
  vertex 0.0354417823 0.00917908456 -0.00633718539
  vertex 0.0355140865 0.00875817146 -0.00634856289
  endloop
 endfacet

 facet normal 0.0887416452 0.0421427116 -0.995162725
  outer loop
  vertex 0.0355140865 0.00875817146 -0.00634856289
  vertex 0.0354417823 0.00917908456 -0.00633718539
  vertex 0.0367627032 0.00612890581 -0.00634856289
  endloop
 endfacet

 facet normal 0.795765579 0.341648191 -0.500033736
  outer loop
  vertex 0.0367627032 0.00612890581 -0.00634856289
  vertex 0.036192622 0.0081123868 -0.00590058789
  vertex 0.0367905125 0.00680928584 -0.00583943538
  endloop
 endfacet

 facet normal 0.825596511 0.316044152 -0.467446864
  outer loop
  vertex 0.0367627032 0.00612890581 -0.00634856289
  vertex 0.0367905125 0.00680928584 -0.00583943538
  vertex 0.0368461311 0.00636530947 -0.00604138011
  endloop
 endfacet

 facet normal 0.835644484 0.301599979 -0.459059775
  outer loop
  vertex 0.0367627032 0.00612890581 -0.00634856289
  vertex 0.0368461311 0.00636530947 -0.00604138011
  vertex 0.0374356806 0.00496995309 -0.00588494446
  endloop
 endfacet

 facet normal 0.821014762 0.277058303 -0.499172866
  outer loop
  vertex 0.0367627032 0.00612890581 -0.00634856289
  vertex 0.0374356806 0.00496995309 -0.00588494446
  vertex 0.0373911858 0.00426650885 -0.00634856289
  endloop
 endfacet

 facet normal 0.78576386 0.342207283 -0.515237212
  outer loop
  vertex 0.0367627032 0.00612890581 -0.00634856289
  vertex 0.0354417823 0.00917908456 -0.00633718539
  vertex 0.036192622 0.0081123868 -0.00590058789
  endloop
 endfacet

 facet normal 0.85131371 0.231574938 -0.470784605
  outer loop
  vertex 0.0373911858 0.00426650885 -0.00634856289
  vertex 0.0374857336 0.00449138088 -0.00606697844
  vertex 0.0380780622 0.00262321811 -0.00591480918
  endloop
 endfacet

 facet normal 0.846835256 0.227013752 -0.480972856
  outer loop
  vertex 0.0373911858 0.00426650885 -0.00634856289
  vertex 0.0380780622 0.00262321811 -0.00591480918
  vertex 0.0379417986 0.00224266644 -0.00633434113
  endloop
 endfacet

 facet normal 0.421933532 0.108467847 -0.900114954
  outer loop
  vertex 0.0373911858 0.00426650885 -0.00634856289
  vertex 0.0379417986 0.00224266644 -0.00633434113
  vertex 0.0380196646 0.00182175345 -0.00634856289
  endloop
 endfacet

 facet normal 0.039195694 0.0100761671 -0.999180734
  outer loop
  vertex 0.0373911858 0.00426650885 -0.00634856289
  vertex 0.0380196646 0.00182175345 -0.00634856289
  vertex 0.0380280092 0.00136624451 -0.00635282928
  endloop
 endfacet

 facet normal 0.823660314 0.274825543 -0.496039063
  outer loop
  vertex 0.0373911858 0.00426650885 -0.00634856289
  vertex 0.0374356806 0.00496995309 -0.00588494446
  vertex 0.0374857336 0.00449138088 -0.00606697844
  endloop
 endfacet

 facet normal 0.0765495449 0.0107398536 -0.997007966
  outer loop
  vertex 0.0380280092 0.00136624451 -0.00635282928
  vertex 0.0380196646 0.00182175345 -0.00634856289
  vertex 0.0386481434 -0.00252576056 -0.0063471403
  endloop
 endfacet

 facet normal 0.04631887 0.00592024205 -0.998909175
  outer loop
  vertex 0.0380280092 0.00136624451 -0.00635282928
  vertex 0.0386481434 -0.00252576056 -0.0063471403
  vertex 0.0386509262 -0.00302739674 -0.00634998456
  endloop
 endfacet

 facet normal 0.299290687 0.872098088 -0.387130529
  outer loop
  vertex 0.019159697 0.0268689673 -0.00634856289
  vertex 0.018834332 0.0271226708 -0.00602858048
  vertex 0.0192375612 0.0269842874 -0.00602858048
  endloop
 endfacet

 facet normal 0.62608093 0.67247802 -0.394710183
  outer loop
  vertex 0.019159697 0.0268689673 -0.00634856289
  vertex 0.0192375612 0.0269842874 -0.00602858048
  vertex 0.0290290602 0.0178683475 -0.00602858048
  endloop
 endfacet

 facet normal 0.620376647 0.665501177 -0.415019453
  outer loop
  vertex 0.019159697 0.0268689673 -0.00634856289
  vertex 0.0290290602 0.0178683475 -0.00602858048
  vertex 0.0279528573 0.0186755769 -0.00634287437
  endloop
 endfacet

 facet normal 0.899520516 0.00746468827 -0.436814666
  outer loop
  vertex 0.0386509262 -0.00302739674 -0.00634998456
  vertex 0.0386481434 -0.00252576056 -0.0063471403
  vertex 0.0388122164 -0.00365588348 -0.00602858048
  endloop
 endfacet

 facet normal 0.897621512 0.00497034518 -0.440739274
  outer loop
  vertex 0.0386509262 -0.00302739674 -0.00634998456
  vertex 0.0388122164 -0.00365588348 -0.00602858048
  vertex 0.038653709 -0.00365588348 -0.00635140669
  endloop
 endfacet

 facet normal 0.973585963 -0.00430917647 -0.228280291
  outer loop
  vertex 0.0388094373 -0.00553557789 -0.00602858048
  vertex 0.0388122164 -0.00490709115 -0.00602858048
  vertex 0.0389596038 -0.00490709115 -0.00539999362
  endloop
 endfacet

 facet normal 0.975396395 -0.0129457498 -0.220077619
  outer loop
  vertex 0.0388094373 -0.00553557789 -0.00602858048
  vertex 0.0389596038 -0.00490709115 -0.00539999362
  vertex 0.0389512628 -0.00553557789 -0.00539999362
  endloop
 endfacet

 facet normal 0.975234091 -0.0223743599 -0.220041007
  outer loop
  vertex 0.0388094373 -0.00553557789 -0.00602858048
  vertex 0.0389512628 -0.00553557789 -0.00539999362
  vertex 0.0388066582 -0.0056566624 -0.00602858048
  endloop
 endfacet

 facet normal 0.907930136 -0.0208302345 -0.418603599
  outer loop
  vertex 0.0388094373 -0.00553557789 -0.00602858048
  vertex 0.0388066582 -0.0056566624 -0.00602858048
  vertex 0.0386481434 -0.00616406463 -0.0063471403
  endloop
 endfacet

 facet normal 0.910050809 -0.0245270934 -0.413770527
  outer loop
  vertex 0.0386481434 -0.00616406463 -0.0063471403
  vertex 0.0388066582 -0.0056566624 -0.00602858048
  vertex 0.0386398025 -0.00652155234 -0.00634429604
  endloop
 endfacet

 facet normal 0.973594904 0 -0.228282392
  outer loop
  vertex 0.0388122164 -0.00490709115 -0.00602858048
  vertex 0.0388122164 -0.00365588348 -0.00602858048
  vertex 0.0389596038 -0.00365588348 -0.00539999362
  endloop
 endfacet

 facet normal 0.973594904 0 -0.228282392
  outer loop
  vertex 0.0388122164 -0.00490709115 -0.00602858048
  vertex 0.0389596038 -0.00365588348 -0.00539999362
  vertex 0.0389596038 -0.00490709115 -0.00539999362
  endloop
 endfacet

 facet normal 0.920289636 -0.0353103988 -0.389641225
  outer loop
  vertex 0.0386398025 -0.00652155234 -0.00634429604
  vertex 0.0388066582 -0.0056566624 -0.00602858048
  vertex 0.0387871899 -0.00616406463 -0.00602858048
  endloop
 endfacet

 facet normal 0.92830503 -0.0584347472 -0.367199153
  outer loop
  vertex 0.0386398025 -0.00652155234 -0.00634429604
  vertex 0.0387871899 -0.00616406463 -0.00602858048
  vertex 0.0387287922 -0.00675218971 -0.00608262187
  endloop
 endfacet

 facet normal 0.926123261 -0.0643699467 -0.371688455
  outer loop
  vertex 0.0386398025 -0.00652155234 -0.00634429604
  vertex 0.0387287922 -0.00675218971 -0.00608262187
  vertex 0.0387232266 -0.0074152723 -0.00598164974
  endloop
 endfacet

 facet normal 0.903625429 -0.0859184489 -0.419617862
  outer loop
  vertex 0.0386398025 -0.00652155234 -0.00634429604
  vertex 0.0387232266 -0.0074152723 -0.00598164974
  vertex 0.038692642 -0.00804952439 -0.00591765344
  endloop
 endfacet

 facet normal 0.838698506 -0.119362824 -0.531354249
  outer loop
  vertex 0.0386398025 -0.00652155234 -0.00634429604
  vertex 0.038692642 -0.00804952439 -0.00591765344
  vertex 0.0380168855 -0.0108921304 -0.00634571817
  endloop
 endfacet

 facet normal 0.875327945 -0.138314992 -0.463324994
  outer loop
  vertex 0.0380168855 -0.0108921304 -0.00634571817
  vertex 0.038692642 -0.00804952439 -0.00591765344
  vertex 0.0386676118 -0.00852233171 -0.00582379196
  endloop
 endfacet

 facet normal 0.916440427 -0.1720777 -0.361284196
  outer loop
  vertex 0.0380168855 -0.0108921304 -0.00634571817
  vertex 0.0386676118 -0.00852233171 -0.00582379196
  vertex 0.038089186 -0.0111400653 -0.0060442239
  endloop
 endfacet

 facet normal 0.882041097 -0.237572238 -0.406894326
  outer loop
  vertex 0.0380168855 -0.0108921304 -0.00634571817
  vertex 0.038089186 -0.0111400653 -0.0060442239
  vertex 0.0380474739 -0.0116359359 -0.0058451239
  endloop
 endfacet

 facet normal 0.878098428 -0.241776884 -0.412900865
  outer loop
  vertex 0.0380168855 -0.0108921304 -0.00634571817
  vertex 0.0380474739 -0.0116359359 -0.0058451239
  vertex 0.0373439118 -0.0133484183 -0.00633860752
  endloop
 endfacet

 facet normal 0.855865955 -0.305151165 -0.417583823
  outer loop
  vertex 0.0373439118 -0.0133484183 -0.00633860752
  vertex 0.0374412425 -0.0137001397 -0.00588209974
  vertex 0.0368127599 -0.0154414512 -0.00589774316
  endloop
 endfacet

 facet normal 0.887470245 -0.253748536 -0.384718418
  outer loop
  vertex 0.0373439118 -0.0133484183 -0.00633860752
  vertex 0.0380474739 -0.0116359359 -0.0058451239
  vertex 0.0374412425 -0.0137001397 -0.00588209974
  endloop
 endfacet

 facet normal 0.840064704 -0.391385734 -0.375644207
  outer loop
  vertex 0.036189843 -0.0167906806 -0.0059702727
  vertex 0.0361258797 -0.0171654653 -0.00572281983
  vertex 0.0355085246 -0.018445503 -0.00576975057
  endloop
 endfacet

 facet normal 0.836846352 -0.390973926 -0.383180916
  outer loop
  vertex 0.036189843 -0.0167906806 -0.0059702727
  vertex 0.0355085246 -0.018445503 -0.00576975057
  vertex 0.0355808288 -0.0180649515 -0.00600013742
  endloop
 endfacet

 facet normal 0.857640445 -0.377167881 -0.349567264
  outer loop
  vertex 0.036189843 -0.0167906806 -0.0059702727
  vertex 0.0368127599 -0.0154414512 -0.00589774316
  vertex 0.0361258797 -0.0171654653 -0.00572281983
  endloop
 endfacet

 facet normal 0.877233446 -0.31334731 -0.363696456
  outer loop
  vertex 0.0368127599 -0.0154414512 -0.00589774316
  vertex 0.0374412425 -0.0137001397 -0.00588209974
  vertex 0.037388403 -0.014023032 -0.0057313526
  endloop
 endfacet

 facet normal 0.923434258 -0.35878861 -0.136161327
  outer loop
  vertex 0.0368127599 -0.0154414512 -0.00589774316
  vertex 0.037388403 -0.014023032 -0.0057313526
  vertex 0.0367293321 -0.0158450659 -0.00539999362
  endloop
 endfacet

 facet normal 0.912329316 -0.379169792 -0.154549316
  outer loop
  vertex 0.0368127599 -0.0154414512 -0.00589774316
  vertex 0.0367293321 -0.0158450659 -0.00539999362
  vertex 0.0361258797 -0.0171654653 -0.00572281983
  endloop
 endfacet

 facet normal 0.863757133 -0.501476765 -0.0494437478
  outer loop
  vertex 0.0355085246 -0.018445503 -0.00576975057
  vertex 0.0355196483 -0.0184628014 -0.00539999362
  vertex 0.034632545 -0.0199907739 -0.00539999362
  endloop
 endfacet

 facet normal 0.861642003 -0.503567338 -0.0631911606
  outer loop
  vertex 0.0355085246 -0.018445503 -0.00576975057
  vertex 0.034632545 -0.0199907739 -0.00539999362
  vertex 0.0343461148 -0.0204808787 -0.00539999362
  endloop
 endfacet

 facet normal 0.853699565 -0.508204818 -0.113687828
  outer loop
  vertex 0.0355085246 -0.018445503 -0.00576975057
  vertex 0.0343461148 -0.0204808787 -0.00539999362
  vertex 0.0343099646 -0.0204289854 -0.00590343168
  endloop
 endfacet

 facet normal 0.900384188 -0.432514995 -0.0473194495
  outer loop
  vertex 0.0355085246 -0.018445503 -0.00576975057
  vertex 0.0361258797 -0.0171654653 -0.00572281983
  vertex 0.0355196483 -0.0184628014 -0.00539999362
  endloop
 endfacet

 facet normal 0.843313336 -0.52504456 -0.114677787
  outer loop
  vertex 0.0343099646 -0.0204289854 -0.00590343168
  vertex 0.0343461148 -0.0204808787 -0.00539999362
  vertex 0.0341486745 -0.0207980033 -0.00539999362
  endloop
 endfacet

 facet normal 0.838243902 -0.531665802 -0.121155292
  outer loop
  vertex 0.0343099646 -0.0204289854 -0.00590343168
  vertex 0.0341486745 -0.0207980033 -0.00539999362
  vertex 0.0336119607 -0.0215706378 -0.00572281983
  endloop
 endfacet

 facet normal 0.776899695 -0.529008627 -0.341433495
  outer loop
  vertex 0.0343099646 -0.0204289854 -0.00590343168
  vertex 0.0336119607 -0.0215706378 -0.00572281983
  vertex 0.0330474414 -0.0222913809 -0.00589063298
  endloop
 endfacet

 facet normal 0.733613968 -0.595462978 -0.327466667
  outer loop
  vertex 0.03245233 -0.0229486972 -0.00602858048
  vertex 0.0330474414 -0.0222913809 -0.00589063298
  vertex 0.0311147254 -0.0247303713 -0.00578539399
  endloop
 endfacet

 facet normal 0.77049917 -0.617403924 -0.158567175
  outer loop
  vertex 0.0311147254 -0.0247303713 -0.00578539399
  vertex 0.0330474414 -0.0222913809 -0.00589063298
  vertex 0.0325385369 -0.0230524838 -0.00539999362
  endloop
 endfacet

 facet normal 0.770599604 -0.621677756 -0.14033173
  outer loop
  vertex 0.0311147254 -0.0247303713 -0.00578539399
  vertex 0.0325385369 -0.0230524838 -0.00539999362
  vertex 0.0322826989 -0.0233696103 -0.00539999362
  endloop
 endfacet

 facet normal 0.765499055 -0.640910327 -0.0569681972
  outer loop
  vertex 0.0311147254 -0.0247303713 -0.00578539399
  vertex 0.0322826989 -0.0233696103 -0.00539999362
  vertex 0.0314234011 -0.0243959464 -0.00539999362
  endloop
 endfacet

 facet normal 0.762456298 -0.6450302 -0.050956171
  outer loop
  vertex 0.0311147254 -0.0247303713 -0.00578539399
  vertex 0.0314234011 -0.0243959464 -0.00539999362
  vertex 0.0311258491 -0.0247476697 -0.00539999362
  endloop
 endfacet

 facet normal 0.721982121 -0.689969659 -0.0518050268
  outer loop
  vertex 0.0311147254 -0.0247303713 -0.00578539399
  vertex 0.0311258491 -0.0247476697 -0.00539999362
  vertex 0.0308282953 -0.0250590295 -0.00539999362
  endloop
 endfacet

 facet normal 0.716078997 -0.69536674 -0.0607946962
  outer loop
  vertex 0.0311147254 -0.0247303713 -0.00578539399
  vertex 0.0308282953 -0.0250590295 -0.00539999362
  vertex 0.0304973684 -0.0253646243 -0.00580246001
  endloop
 endfacet

 facet normal 0.605901599 -0.574966431 -0.549815357
  outer loop
  vertex 0.0311147254 -0.0247303713 -0.00578539399
  vertex 0.0304973684 -0.0253646243 -0.00580246001
  vertex 0.0309200622 -0.0245343279 -0.00620492594
  endloop
 endfacet

 facet normal 0.598143816 -0.575057626 -0.558151126
  outer loop
  vertex 0.0309200622 -0.0245343279 -0.00620492594
  vertex 0.0304973684 -0.0253646243 -0.00580246001
  vertex 0.0302943643 -0.0251685809 -0.00622199196
  endloop
 endfacet

 facet normal 0.588059545 -0.585407376 -0.558107793
  outer loop
  vertex 0.0302943643 -0.0251685809 -0.00622199196
  vertex 0.0304973684 -0.0253646243 -0.00580246001
  vertex 0.0292376261 -0.0266273618 -0.00580530427
  endloop
 endfacet

 facet normal 0.586999714 -0.585061371 -0.559584379
  outer loop
  vertex 0.0302943643 -0.0251685809 -0.00622199196
  vertex 0.0292376261 -0.0266273618 -0.00580530427
  vertex 0.0290401857 -0.0264255553 -0.00622341409
  endloop
 endfacet

 facet normal 0.455063432 -0.453184307 -0.766512394
  outer loop
  vertex 0.0302943643 -0.0251685809 -0.00622199196
  vertex 0.0290401857 -0.0264255553 -0.00622341409
  vertex 0.0298744496 -0.025376156 -0.00634856289
  endloop
 endfacet

 facet normal 0.45501253 -0.452994525 -0.766654849
  outer loop
  vertex 0.0302943643 -0.0251685809 -0.00622199196
  vertex 0.0298744496 -0.025376156 -0.00634856289
  vertex 0.0305001494 -0.0247476697 -0.00634856289
  endloop
 endfacet

 facet normal 0.466238618 -0.455919206 -0.758128822
  outer loop
  vertex 0.0302943643 -0.0251685809 -0.00622199196
  vertex 0.0305001494 -0.0247476697 -0.00634856289
  vertex 0.0311147254 -0.0241191816 -0.00634856289
  endloop
 endfacet

 facet normal 0.794971406 -0.594238222 -0.1220714
  outer loop
  vertex 0.0330474414 -0.0222913809 -0.00589063298
  vertex 0.0336119607 -0.0215706378 -0.00572281983
  vertex 0.0328555591 -0.0226488691 -0.00539999362
  endloop
 endfacet

 facet normal 0.778551817 -0.611516833 -0.141082376
  outer loop
  vertex 0.0330474414 -0.0222913809 -0.00589063298
  vertex 0.0328555591 -0.0226488691 -0.00539999362
  vertex 0.0325385369 -0.0230524838 -0.00539999362
  endloop
 endfacet

 facet normal 0.443127096 -0.445084453 -0.778163373
  outer loop
  vertex 0.0298744496 -0.025376156 -0.00634856289
  vertex 0.0290401857 -0.0264255553 -0.00622341409
  vertex 0.029243188 -0.0260046404 -0.00634856289
  endloop
 endfacet

 facet normal 0.437325418 -0.443523884 -0.782325506
  outer loop
  vertex 0.029243188 -0.0260046404 -0.00634856289
  vertex 0.0290401857 -0.0264255553 -0.00622341409
  vertex 0.0286174882 -0.0266215969 -0.00634856289
  endloop
 endfacet

 facet normal 0.706946611 -0.705146313 -0.0547280088
  outer loop
  vertex 0.0292376261 -0.0266273618 -0.00580530427
  vertex 0.0304973684 -0.0253646243 -0.00580246001
  vertex 0.0305112731 -0.0253819227 -0.00539999362
  endloop
 endfacet

 facet normal 0.705634117 -0.707188368 -0.0443289056
  outer loop
  vertex 0.0292376261 -0.0266273618 -0.00580530427
  vertex 0.0305112731 -0.0253819227 -0.00539999362
  vertex 0.0292515326 -0.0266388934 -0.00539999362
  endloop
 endfacet

 facet normal 0.660668075 -0.749388278 -0.043986924
  outer loop
  vertex 0.0292376261 -0.0266273618 -0.00580530427
  vertex 0.0292515326 -0.0266388934 -0.00539999362
  vertex 0.0288983583 -0.026950255 -0.00539999362
  endloop
 endfacet

 facet normal 0.656849146 -0.752390563 -0.049575381
  outer loop
  vertex 0.0292376261 -0.0266273618 -0.00580530427
  vertex 0.0288983583 -0.026950255 -0.00539999362
  vertex 0.028581338 -0.0272270199 -0.00539999362
  endloop
 endfacet

 facet normal 0.640984476 -0.762272775 -0.0898846909
  outer loop
  vertex 0.0292376261 -0.0266273618 -0.00580530427
  vertex 0.028581338 -0.0272270199 -0.00539999362
  vertex 0.0275802203 -0.0280688461 -0.00539999362
  endloop
 endfacet

 facet normal 0.606397092 -0.761549354 -0.2287471
  outer loop
  vertex 0.0292376261 -0.0266273618 -0.00580530427
  vertex 0.0275802203 -0.0280688461 -0.00539999362
  vertex 0.0274662022 -0.0279708244 -0.00602858048
  endloop
 endfacet

 facet normal 0.503999174 -0.834793687 -0.221594989
  outer loop
  vertex 0.0274662022 -0.0279708244 -0.00602858048
  vertex 0.0275802203 -0.0280688461 -0.00539999362
  vertex 0.0267209243 -0.0284955259 -0.00574699603
  endloop
 endfacet

 facet normal 0.501317143 -0.839646339 -0.208986253
  outer loop
  vertex 0.0267209243 -0.0284955259 -0.00574699603
  vertex 0.0275802203 -0.0280688461 -0.00539999362
  vertex 0.0270490684 -0.0283859726 -0.00539999362
  endloop
 endfacet

 facet normal 0.51263684 -0.858605564 0
  outer loop
  vertex 0.0270490684 -0.0283859726 -0.00539999362
  vertex 0.0275802203 -0.0280688461 -0.00539999362
  vertex 0.0275802203 -0.0280688461 -0.00288564619
  endloop
 endfacet

 facet normal 0.51263684 -0.858605564 0
  outer loop
  vertex 0.0270490684 -0.0283859726 -0.00539999362
  vertex 0.0275802203 -0.0280688461 -0.00288564619
  vertex 0.0270490684 -0.0283859726 -0.00288564619
  endloop
 endfacet

 facet normal 0.385941178 0.179172784 0.904956579
  outer loop
  vertex 0.0356698148 0.00891961809 -0.00181903969
  vertex 0.0362760499 0.00765687786 -0.00182757236
  vertex 0.0355697051 0.00938665774 -0.00186881458
  endloop
 endfacet

 facet normal 0.876019835 0.444721222 0.186580509
  outer loop
  vertex 0.0355697051 0.00938665774 -0.00186881458
  vertex 0.0356114171 0.00946738105 -0.00225705933
  vertex 0.0355558023 0.00957693439 -0.00225705933
  endloop
 endfacet

 facet normal 0.864369154 0.463087797 0.195999116
  outer loop
  vertex 0.0355697051 0.00938665774 -0.00186881458
  vertex 0.0355558023 0.00957693439 -0.00225705933
  vertex 0.0349245407 0.0105975037 -0.00188445812
  endloop
 endfacet

 facet normal 0.449944466 0.25081411 0.857112825
  outer loop
  vertex 0.0355697051 0.00938665774 -0.00186881458
  vertex 0.0349245407 0.0105975037 -0.00188445812
  vertex 0.033105839 0.012494497 -0.00148483622
  endloop
 endfacet

 facet normal 0.436254859 0.238666147 0.867594481
  outer loop
  vertex 0.0355697051 0.00938665774 -0.00186881458
  vertex 0.033105839 0.012494497 -0.00148483622
  vertex 0.0333171859 0.0121081788 -0.00148483622
  endloop
 endfacet

 facet normal 0.38675946 0.179497063 0.904542923
  outer loop
  vertex 0.0355697051 0.00938665774 -0.00186881458
  vertex 0.0362760499 0.00765687786 -0.00182757236
  vertex 0.0361870602 0.00810662098 -0.00187876949
  endloop
 endfacet

 facet normal 0.885941684 0.425855488 0.183723927
  outer loop
  vertex 0.0355697051 0.00938665774 -0.00186881458
  vertex 0.0361870602 0.00810662098 -0.00187876949
  vertex 0.0356114171 0.00946738105 -0.00225705933
  endloop
 endfacet

 facet normal 0.476881444 0.281810284 0.832566619
  outer loop
  vertex 0.033105839 0.012494497 -0.00148483622
  vertex 0.0349245407 0.0105975037 -0.00188445812
  vertex 0.0342654698 0.011796819 -0.00191290083
  endloop
 endfacet

 facet normal 0.485581487 0.304268897 0.819531083
  outer loop
  vertex 0.033105839 0.012494497 -0.00148483622
  vertex 0.0342654698 0.011796819 -0.00191290083
  vertex 0.0326469913 0.0132267699 -0.00148483622
  endloop
 endfacet

 facet normal 0.513254285 0.345777929 0.785498381
  outer loop
  vertex 0.0326469913 0.0132267699 -0.00148483622
  vertex 0.0342654698 0.011796819 -0.00191290083
  vertex 0.0337037295 0.0125175603 -0.00186312594
  endloop
 endfacet

 facet normal 0.520038545 0.362283796 0.77350533
  outer loop
  vertex 0.0326469913 0.0132267699 -0.00148483622
  vertex 0.0337037295 0.0125175603 -0.00186312594
  vertex 0.0326108411 0.0132786632 -0.00148483622
  endloop
 endfacet

 facet normal 0.524076462 0.371665359 0.766295433
  outer loop
  vertex 0.0326108411 0.0132786632 -0.00148483622
  vertex 0.0337037295 0.0125175603 -0.00186312594
  vertex 0.0329918228 0.0136592146 -0.00192996662
  endloop
 endfacet

 facet normal 0.515424371 0.381523728 0.767318368
  outer loop
  vertex 0.0326108411 0.0132786632 -0.00148483622
  vertex 0.0329918228 0.0136592146 -0.00192996662
  vertex 0.0324161798 0.0143453609 -0.00188445812
  endloop
 endfacet

 facet normal 0.45446977 0.384038776 0.803723514
  outer loop
  vertex 0.0326108411 0.0132786632 -0.00148483622
  vertex 0.0324161798 0.0143453609 -0.00188445812
  vertex 0.0318182893 0.0150142098 -0.00186597032
  endloop
 endfacet

 facet normal 0.437717378 0.378943264 0.815356135
  outer loop
  vertex 0.0326108411 0.0132786632 -0.00148483622
  vertex 0.0318182893 0.0150142098 -0.00186597032
  vertex 0.0312204007 0.0156772919 -0.0018531708
  endloop
 endfacet

 facet normal 0.406991482 0.364538282 0.837537944
  outer loop
  vertex 0.0326108411 0.0132786632 -0.00148483622
  vertex 0.0312204007 0.0156772919 -0.0018531708
  vertex 0.0325746909 0.0133190248 -0.00148483622
  endloop
 endfacet

 facet normal 0.397415876 0.360056341 0.844049811
  outer loop
  vertex 0.0325746909 0.0133190248 -0.00148483622
  vertex 0.0312204007 0.0156772919 -0.0018531708
  vertex 0.0320157334 0.0139359795 -0.00148483622
  endloop
 endfacet

 facet normal 0.374030948 0.352303922 0.857894421
  outer loop
  vertex 0.0320157334 0.0139359795 -0.00148483622
  vertex 0.0312204007 0.0156772919 -0.0018531708
  vertex 0.0306197274 0.0163115449 -0.00185174879
  endloop
 endfacet

 facet normal 0.679213226 0.673032522 0.292739987
  outer loop
  vertex 0.0306197274 0.0163115449 -0.00185174879
  vertex 0.0310229566 0.0160809066 -0.00225705933
  vertex 0.0303944759 0.0167151596 -0.00225705933
  endloop
 endfacet

 facet normal 0.675178468 0.675172448 0.29711327
  outer loop
  vertex 0.0306197274 0.0163115449 -0.00185174879
  vertex 0.0303944759 0.0167151596 -0.00225705933
  vertex 0.0293627679 0.0175685175 -0.00185174879
  endloop
 endfacet

 facet normal 0.50389123 0.5038867 0.701563835
  outer loop
  vertex 0.0306197274 0.0163115449 -0.00185174879
  vertex 0.0293627679 0.0175685175 -0.00185174879
  vertex 0.0193126444 0.027088074 -0.00147061469
  endloop
 endfacet

 facet normal 0.689508617 0.652295828 0.31478256
  outer loop
  vertex 0.0306197274 0.0163115449 -0.00185174879
  vertex 0.0312204007 0.0156772919 -0.0018531708
  vertex 0.0310229566 0.0160809066 -0.00225705933
  endloop
 endfacet

 facet normal 0.660752356 0.685320675 0.306172818
  outer loop
  vertex 0.0193126444 0.027088074 -0.00147061469
  vertex 0.0293627679 0.0175685175 -0.00185174879
  vertex 0.0291319527 0.0179721341 -0.00225705933
  endloop
 endfacet

 facet normal 0.680864275 0.732298851 0.0127434172
  outer loop
  vertex 0.0193126444 0.027088074 -0.00147061469
  vertex 0.0291319527 0.0179721341 -0.00225705933
  vertex 0.0291375164 0.0179778989 -0.00288564619
  endloop
 endfacet

 facet normal 0.67993319 0.733274102 0
  outer loop
  vertex 0.0193126444 0.027088074 -0.00147061469
  vertex 0.0291375164 0.0179778989 -0.00288564619
  vertex 0.0291375164 0.0179778989 -0.00539999362
  endloop
 endfacet

 facet normal 0.67993319 0.733274102 0
  outer loop
  vertex 0.0193126444 0.027088074 -0.00147061469
  vertex 0.0291375164 0.0179778989 -0.00539999362
  vertex 0.0193126444 0.027088074 -0.00539999362
  endloop
 endfacet

 facet normal 0.476823509 0.878999114 0
  outer loop
  vertex 0.0193126444 0.027088074 -0.00147061469
  vertex 0.0193126444 0.027088074 -0.00539999362
  vertex 0.018834332 0.0273475405 -0.00539999362
  endloop
 endfacet

 facet normal 0.476823509 0.878999114 0
  outer loop
  vertex 0.0193126444 0.027088074 -0.00147061469
  vertex 0.018834332 0.0273475405 -0.00539999362
  vertex 0.018834332 0.0273475405 -0.00147061469
  endloop
 endfacet

 facet normal 0.944357634 -0.0204334166 0.328285158
  outer loop
  vertex 0.038781628 -0.00553557789 -0.00180908456
  vertex 0.0387705043 -0.00616406463 -0.0018161952
  vertex 0.0389373563 -0.00553557789 -0.00225705933
  endloop
 endfacet

 facet normal 0.944480598 -0.0125354249 0.328327864
  outer loop
  vertex 0.038781628 -0.00553557789 -0.00180908456
  vertex 0.0389373563 -0.00553557789 -0.00225705933
  vertex 0.038945701 -0.00490709115 -0.00225705933
  endloop
 endfacet

 facet normal 0.940865219 -0.00415873853 0.338755786
  outer loop
  vertex 0.038781628 -0.00553557789 -0.00180908456
  vertex 0.038945701 -0.00490709115 -0.00225705933
  vertex 0.0387844071 -0.00490709115 -0.00180908456
  endloop
 endfacet

 facet normal 0.940873325 0 0.338758767
  outer loop
  vertex 0.0387844071 -0.00490709115 -0.00180908456
  vertex 0.038945701 -0.00490709115 -0.00225705933
  vertex 0.038945701 -0.00365588348 -0.00225705933
  endloop
 endfacet

 facet normal 0.940873325 0 0.338758767
  outer loop
  vertex 0.0387844071 -0.00490709115 -0.00180908456
  vertex 0.038945701 -0.00365588348 -0.00225705933
  vertex 0.0387844071 -0.00365588348 -0.00180908456
  endloop
 endfacet

 facet normal 0.940827608 0.00985577982 0.338742316
  outer loop
  vertex 0.0387844071 -0.00365588348 -0.00180908456
  vertex 0.038945701 -0.00365588348 -0.00225705933
  vertex 0.0387788489 -0.00302739674 -0.00181192881
  endloop
 endfacet

 facet normal 0.94723326 0.0251439214 0.319557786
  outer loop
  vertex 0.0387788489 -0.00302739674 -0.00181192881
  vertex 0.038945701 -0.00365588348 -0.00225705933
  vertex 0.0389290154 -0.00302739674 -0.00225705933
  endloop
 endfacet

 facet normal 0.946982503 0.0340763591 0.319473207
  outer loop
  vertex 0.0387788489 -0.00302739674 -0.00181192881
  vertex 0.0389290154 -0.00302739674 -0.00225705933
  vertex 0.0387593843 -0.00239314395 -0.00182188372
  endloop
 endfacet

 facet normal 0.951803327 0.0465624854 0.30315429
  outer loop
  vertex 0.0387593843 -0.00239314395 -0.00182188372
  vertex 0.0389290154 -0.00302739674 -0.00225705933
  vertex 0.0387343541 -0.00177042326 -0.00183894951
  endloop
 endfacet

 facet normal 0.953506708 0.0487388894 0.297404379
  outer loop
  vertex 0.0387343541 -0.00177042326 -0.00183894951
  vertex 0.0389290154 -0.00302739674 -0.00225705933
  vertex 0.0387093276 -0.0011419364 -0.00186170393
  endloop
 endfacet

 facet normal 0.965428054 0.0592619888 0.253843844
  outer loop
  vertex 0.0387093276 -0.0011419364 -0.00186170393
  vertex 0.0389290154 -0.00302739674 -0.00225705933
  vertex 0.0388900824 -0.00239314395 -0.00225705933
  endloop
 endfacet

 facet normal 0.968865275 0.0644304082 0.239058465
  outer loop
  vertex 0.0387093276 -0.0011419364 -0.00186170393
  vertex 0.0388900824 -0.00239314395 -0.00225705933
  vertex 0.0386759527 -0.000513449719 -0.00189583527
  endloop
 endfacet

 facet normal 0.460710943 0.072503522 0.88458395
  outer loop
  vertex 0.0387093276 -0.0011419364 -0.00186170393
  vertex 0.0386759527 -0.000513449719 -0.00189583527
  vertex 0.0381392427 0.0019947316 -0.00182188372
  endloop
 endfacet

 facet normal 0.567539871 0.0973389968 0.817571759
  outer loop
  vertex 0.0381392427 0.0019947316 -0.00182188372
  vertex 0.0386759527 -0.000513449719 -0.00189583527
  vertex 0.038653709 -0.000132898145 -0.00192570034
  endloop
 endfacet

 facet normal 0.709754467 0.137911588 0.690817714
  outer loop
  vertex 0.0381392427 0.0019947316 -0.00182188372
  vertex 0.038653709 -0.000132898145 -0.00192570034
  vertex 0.0380697213 0.00262321811 -0.00187592523
  endloop
 endfacet

 facet normal 0.489057839 0.128284186 0.862766266
  outer loop
  vertex 0.0381392427 0.0019947316 -0.00182188372
  vertex 0.0380697213 0.00262321811 -0.00187592523
  vertex 0.0374968573 0.00452021044 -0.00183326099
  endloop
 endfacet

 facet normal 0.636014879 0.1751647 0.751533389
  outer loop
  vertex 0.0374968573 0.00452021044 -0.00183326099
  vertex 0.0380697213 0.00262321811 -0.00187592523
  vertex 0.0380252264 0.00299223769 -0.00192427798
  endloop
 endfacet

 facet normal 0.657038391 0.183649033 0.731145382
  outer loop
  vertex 0.0374968573 0.00452021044 -0.00183326099
  vertex 0.0380252264 0.00299223769 -0.00192427798
  vertex 0.0374328978 0.00496418681 -0.00188730238
  endloop
 endfacet

 facet normal 0.488931298 0.174470305 0.854696631
  outer loop
  vertex 0.0374968573 0.00452021044 -0.00183326099
  vertex 0.0374328978 0.00496418681 -0.00188730238
  vertex 0.0368489102 0.00640567066 -0.00184748217
  endloop
 endfacet

 facet normal 0.568178058 0.208193287 0.796133995
  outer loop
  vertex 0.0368489102 0.00640567066 -0.00184748217
  vertex 0.0374328978 0.00496418681 -0.00188730238
  vertex 0.0367849506 0.00679775421 -0.00190436817
  endloop
 endfacet

 facet normal 0.478937209 0.20207122 0.854275346
  outer loop
  vertex 0.0368489102 0.00640567066 -0.00184748217
  vertex 0.0367849506 0.00679775421 -0.00190436817
  vertex 0.0361870602 0.00810662098 -0.00187876949
  endloop
 endfacet

 facet normal 0.438684642 0.186863422 0.87899822
  outer loop
  vertex 0.0368489102 0.00640567066 -0.00184748217
  vertex 0.0361870602 0.00810662098 -0.00187876949
  vertex 0.0362760499 0.00765687786 -0.00182757236
  endloop
 endfacet

 facet normal 0.512506425 -0.858387172 0.0225502495
  outer loop
  vertex 0.0270490684 -0.0283859726 -0.00288564619
  vertex 0.0275802203 -0.0280688461 -0.00288564619
  vertex 0.0275718756 -0.0280573145 -0.00225705933
  endloop
 endfacet

 facet normal 0.505483329 -0.862299383 0.030437015
  outer loop
  vertex 0.0270490684 -0.0283859726 -0.00288564619
  vertex 0.0275718756 -0.0280573145 -0.00225705933
  vertex 0.0270407274 -0.0283686761 -0.00225705933
  endloop
 endfacet

 facet normal 0.385083467 -0.922377825 0.0304925554
  outer loop
  vertex 0.0270490684 -0.0283859726 -0.00288564619
  vertex 0.0270407274 -0.0283686761 -0.00225705933
  vertex 0.0267264862 -0.0284897592 -0.00195129879
  endloop
 endfacet

 facet normal 0.497882426 -0.849333048 0.175346449
  outer loop
  vertex 0.0267264862 -0.0284897592 -0.00195129879
  vertex 0.0270407274 -0.0283686761 -0.00225705933
  vertex 0.0275718756 -0.0280573145 -0.00225705933
  endloop
 endfacet

 facet normal 0.509221435 -0.826985002 0.238305002
  outer loop
  vertex 0.0267264862 -0.0284897592 -0.00195129879
  vertex 0.0275718756 -0.0280573145 -0.00225705933
  vertex 0.0267098024 -0.0284955259 -0.00193565525
  endloop
 endfacet

 facet normal 0.511055827 -0.822650552 0.249134749
  outer loop
  vertex 0.0267098024 -0.0284955259 -0.00193565525
  vertex 0.0275718756 -0.0280573145 -0.00225705933
  vertex 0.0274856687 -0.0279881228 -0.00185174879
  endloop
 endfacet

 facet normal 0.600908399 -0.756869674 0.25701648
  outer loop
  vertex 0.0274856687 -0.0279881228 -0.00185174879
  vertex 0.0275718756 -0.0280573145 -0.00225705933
  vertex 0.0292348471 -0.0266215969 -0.00191716745
  endloop
 endfacet

 facet normal 0.634078622 -0.763479948 0.122648947
  outer loop
  vertex 0.0292348471 -0.0266215969 -0.00191716745
  vertex 0.0275718756 -0.0280573145 -0.00225705933
  vertex 0.0285785571 -0.0272212531 -0.00225705933
  endloop
 endfacet

 facet normal 0.652737737 -0.754303098 0.0704298913
  outer loop
  vertex 0.0292348471 -0.0266215969 -0.00191716745
  vertex 0.0285785571 -0.0272212531 -0.00225705933
  vertex 0.0292515326 -0.0266388934 -0.00225705933
  endloop
 endfacet

 facet normal 0.704569876 -0.706121743 0.0705222115
  outer loop
  vertex 0.0292348471 -0.0266215969 -0.00191716745
  vertex 0.0292515326 -0.0266388934 -0.00225705933
  vertex 0.0304945875 -0.0253646243 -0.00191716745
  endloop
 endfacet

 facet normal 0.355414867 -0.356197715 0.864177883
  outer loop
  vertex 0.0292348471 -0.0266215969 -0.00191716745
  vertex 0.0304945875 -0.0253646243 -0.00191716745
  vertex 0.0294767823 -0.0262352806 -0.00185743743
  endloop
 endfacet

 facet normal 0.707735538 -0.704497576 0.0528555475
  outer loop
  vertex 0.0304945875 -0.0253646243 -0.00191716745
  vertex 0.0292515326 -0.0266388934 -0.00225705933
  vertex 0.0305084921 -0.025376156 -0.00225705933
  endloop
 endfacet

 facet normal 0.715642035 -0.696460724 0.0529063269
  outer loop
  vertex 0.0304945875 -0.0253646243 -0.00191716745
  vertex 0.0305084921 -0.025376156 -0.00225705933
  vertex 0.0308227316 -0.0250532627 -0.00225705933
  endloop
 endfacet

 facet normal 0.715865254 -0.696196198 0.053364113
  outer loop
  vertex 0.0304945875 -0.0253646243 -0.00191716745
  vertex 0.0308227316 -0.0250532627 -0.00225705933
  vertex 0.0311119445 -0.0247303713 -0.00192427798
  endloop
 endfacet

 facet normal 0.371677011 -0.352145404 0.858981848
  outer loop
  vertex 0.0304945875 -0.0253646243 -0.00191716745
  vertex 0.0311119445 -0.0247303713 -0.00192427798
  vertex 0.0320630074 -0.0226546358 -0.00148483622
  endloop
 endfacet

 facet normal 0.445646256 -0.376163065 0.812342823
  outer loop
  vertex 0.0320630074 -0.0226546358 -0.00148483622
  vertex 0.0311119445 -0.0247303713 -0.00192427798
  vertex 0.0324690156 -0.0229659937 -0.00185174879
  endloop
 endfacet

 facet normal 0.452624857 -0.367297173 0.812541425
  outer loop
  vertex 0.0320630074 -0.0226546358 -0.00148483622
  vertex 0.0324690156 -0.0229659937 -0.00185174879
  vertex 0.0332421027 -0.0212016199 -0.00148483622
  endloop
 endfacet

 facet normal 0.513955772 -0.29485625 0.805549085
  outer loop
  vertex 0.0332421027 -0.0212016199 -0.00148483622
  vertex 0.0343071818 -0.0204174537 -0.00187734747
  vertex 0.0349662527 -0.0192181375 -0.00185885944
  endloop
 endfacet

 facet normal 0.481421411 -0.260677457 0.836827755
  outer loop
  vertex 0.0332421027 -0.0212016199 -0.00148483622
  vertex 0.0349662527 -0.0192181375 -0.00185885944
  vertex 0.0355057456 -0.018445503 -0.0019285446
  endloop
 endfacet

 facet normal 0.480870813 -0.26014775 0.837309062
  outer loop
  vertex 0.0332421027 -0.0212016199 -0.00148483622
  vertex 0.0355057456 -0.018445503 -0.0019285446
  vertex 0.0355808288 -0.0181053132 -0.00186597032
  endloop
 endfacet

 facet normal 0.400513709 -0.192239985 0.895897627
  outer loop
  vertex 0.0332421027 -0.0212016199 -0.00148483622
  vertex 0.0355808288 -0.0181053132 -0.00186597032
  vertex 0.0362176523 -0.0167387873 -0.00185743743
  endloop
 endfacet

 facet normal 0.504196167 -0.381985992 0.774514675
  outer loop
  vertex 0.0332421027 -0.0212016199 -0.00148483622
  vertex 0.0324690156 -0.0229659937 -0.00185174879
  vertex 0.0330390967 -0.0222798493 -0.00188445812
  endloop
 endfacet

 facet normal 0.552649617 -0.379127115 0.742186725
  outer loop
  vertex 0.0332421027 -0.0212016199 -0.00148483622
  vertex 0.0330390967 -0.0222798493 -0.00188445812
  vertex 0.0343071818 -0.0204174537 -0.00187734747
  endloop
 endfacet

 facet normal 0.56514293 -0.268237203 0.780168116
  outer loop
  vertex 0.0362176523 -0.0167387873 -0.00185743743
  vertex 0.0355808288 -0.0181053132 -0.00186597032
  vertex 0.0355057456 -0.018445503 -0.0019285446
  endloop
 endfacet

 facet normal 0.806193233 -0.355969518 0.472586751
  outer loop
  vertex 0.0362176523 -0.0167387873 -0.00185743743
  vertex 0.0355057456 -0.018445503 -0.0019285446
  vertex 0.0368071981 -0.0154356854 -0.00188161375
  endloop
 endfacet

 facet normal 0.393538117 -0.161252797 0.905055463
  outer loop
  vertex 0.0362176523 -0.0167387873 -0.00185743743
  vertex 0.0368071981 -0.0154356854 -0.00188161375
  vertex 0.0368822813 -0.0149571132 -0.0018289946
  endloop
 endfacet

 facet normal 0.377998531 -0.155577034 0.912640572
  outer loop
  vertex 0.0362176523 -0.0167387873 -0.00185743743
  vertex 0.0368822813 -0.0149571132 -0.0018289946
  vertex 0.0363261066 -0.0162083209 -0.00181192881
  endloop
 endfacet

 facet normal 0.473440498 -0.169318363 0.864398897
  outer loop
  vertex 0.0368822813 -0.0149571132 -0.0018289946
  vertex 0.0368071981 -0.0154356854 -0.00188161375
  vertex 0.0374356806 -0.0137001397 -0.00188588013
  endloop
 endfacet

 facet normal 0.441977561 -0.154597312 0.883603692
  outer loop
  vertex 0.0368822813 -0.0149571132 -0.0018289946
  vertex 0.0374356806 -0.0137001397 -0.00188588013
  vertex 0.0375218876 -0.0130716534 -0.00181903969
  endloop
 endfacet

 facet normal 0.582204223 -0.164538354 0.796219409
  outer loop
  vertex 0.0375218876 -0.0130716534 -0.00181903969
  vertex 0.0374356806 -0.0137001397 -0.00188588013
  vertex 0.0380975306 -0.0111861927 -0.00185032678
  endloop
 endfacet

 facet normal 0.837501466 -0.165684864 0.520711005
  outer loop
  vertex 0.0380975306 -0.0111861927 -0.00185032678
  vertex 0.0380446948 -0.0116186384 -0.00190294592
  vertex 0.038664829 -0.00851079915 -0.00191147882
  endloop
 endfacet

 facet normal 0.573012948 -0.102919489 0.813058257
  outer loop
  vertex 0.0380975306 -0.0111861927 -0.00185032678
  vertex 0.038664829 -0.00851079915 -0.00191147882
  vertex 0.0381559283 -0.0105577065 -0.00181192881
  endloop
 endfacet

 facet normal 0.597518802 -0.168397039 0.783973098
  outer loop
  vertex 0.0380975306 -0.0111861927 -0.00185032678
  vertex 0.0374356806 -0.0137001397 -0.00188588013
  vertex 0.0380446948 -0.0116186384 -0.00190294592
  endloop
 endfacet

 facet normal 0.512100279 -0.0857534111 0.854634285
  outer loop
  vertex 0.0381559283 -0.0105577065 -0.00181192881
  vertex 0.038664829 -0.00851079915 -0.00191147882
  vertex 0.0386898592 -0.00804952439 -0.00188019173
  endloop
 endfacet

 facet normal 0.381174415 -0.0560272932 0.922803879
  outer loop
  vertex 0.0381559283 -0.0105577065 -0.00181192881
  vertex 0.0386898592 -0.00804952439 -0.00188019173
  vertex 0.0387176685 -0.0074152723 -0.0018531708
  endloop
 endfacet

 facet normal 0.340819895 -0.0486026816 0.938871503
  outer loop
  vertex 0.0381559283 -0.0105577065 -0.00181192881
  vertex 0.0387176685 -0.0074152723 -0.0018531708
  vertex 0.0383255631 -0.00804952439 -0.00174366613
  endloop
 endfacet

 facet normal 0.338293999 -0.0468683057 0.939872622
  outer loop
  vertex 0.0383255631 -0.00804952439 -0.00174366613
  vertex 0.0387176685 -0.0074152723 -0.0018531708
  vertex 0.0387454741 -0.00678678509 -0.00183183874
  endloop
 endfacet

 facet normal 0.954968214 -0.0521646254 0.292086601
  outer loop
  vertex 0.0387454741 -0.00678678509 -0.00183183874
  vertex 0.0387176685 -0.0074152723 -0.0018531708
  vertex 0.038909547 -0.00616406463 -0.00225705933
  endloop
 endfacet

 facet normal 0.952688634 -0.0458383039 0.300471723
  outer loop
  vertex 0.0387454741 -0.00678678509 -0.00183183874
  vertex 0.038909547 -0.00616406463 -0.00225705933
  vertex 0.0387705043 -0.00616406463 -0.0018161952
  endloop
 endfacet

 facet normal 0.95284307 -0.0421622917 0.30052039
  outer loop
  vertex 0.0387705043 -0.00616406463 -0.0018161952
  vertex 0.038909547 -0.00616406463 -0.00225705933
  vertex 0.0389373563 -0.00553557789 -0.00225705933
  endloop
 endfacet

 facet normal 0.467375338 0.861581802 -0.198083609
  outer loop
  vertex 0.018834332 0.0273475405 -0.00539999362
  vertex 0.0193126444 0.027088074 -0.00539999362
  vertex 0.0192375612 0.0269842874 -0.00602858048
  endloop
 endfacet

 facet normal 0.307476431 0.895950258 -0.32051751
  outer loop
  vertex 0.018834332 0.0273475405 -0.00539999362
  vertex 0.0192375612 0.0269842874 -0.00602858048
  vertex 0.018834332 0.0271226708 -0.00602858048
  endloop
 endfacet

 facet normal 0.661813796 0.710858941 -0.238079965
  outer loop
  vertex 0.0290290602 0.0178683475 -0.00602858048
  vertex 0.0192375612 0.0269842874 -0.00602858048
  vertex 0.0291375164 0.0179778989 -0.00539999362
  endloop
 endfacet

 facet normal 0.674495935 0.69880724 -0.238167733
  outer loop
  vertex 0.0290290602 0.0178683475 -0.00602858048
  vertex 0.0291375164 0.0179778989 -0.00539999362
  vertex 0.0294600986 0.0176665392 -0.00539999362
  endloop
 endfacet

 facet normal 0.683457375 0.686474264 -0.24827233
  outer loop
  vertex 0.0290290602 0.0178683475 -0.00602858048
  vertex 0.0294600986 0.0176665392 -0.00539999362
  vertex 0.0302915834 0.0166113731 -0.00602858048
  endloop
 endfacet

 facet normal 0.688088059 0.684938908 -0.239569709
  outer loop
  vertex 0.0302915834 0.0166113731 -0.00602858048
  vertex 0.0294600986 0.0176665392 -0.00539999362
  vertex 0.03071706 0.0164037999 -0.00539999362
  endloop
 endfacet

 facet normal 0.689387918 0.683108509 -0.241053984
  outer loop
  vertex 0.0302915834 0.0166113731 -0.00602858048
  vertex 0.03071706 0.0164037999 -0.00539999362
  vertex 0.0310312975 0.0160866715 -0.00539999362
  endloop
 endfacet

 facet normal 0.689385235 0.683113933 -0.24104625
  outer loop
  vertex 0.0302915834 0.0166113731 -0.00602858048
  vertex 0.0310312975 0.0160866715 -0.00539999362
  vertex 0.0306058228 0.0162942465 -0.00602858048
  endloop
 endfacet

 facet normal 0.691902518 0.67953527 -0.243931994
  outer loop
  vertex 0.0306058228 0.0162942465 -0.00602858048
  vertex 0.0310312975 0.0160866715 -0.00539999362
  vertex 0.0309172831 0.01597712 -0.00602858048
  endloop
 endfacet

 facet normal 0.717354417 0.652636766 -0.243860587
  outer loop
  vertex 0.0309172831 0.01597712 -0.00602858048
  vertex 0.0310312975 0.0160866715 -0.00539999362
  vertex 0.0318238512 0.0150199756 -0.00592334243
  endloop
 endfacet

 facet normal 0.71146524 0.642602146 -0.284393758
  outer loop
  vertex 0.0309172831 0.01597712 -0.00602858048
  vertex 0.0318238512 0.0150199756 -0.00592334243
  vertex 0.0312037133 0.0156599935 -0.00602858048
  endloop
 endfacet

 facet normal 0.735225976 0.646380961 -0.204045191
  outer loop
  vertex 0.0318238512 0.0150199756 -0.00592334243
  vertex 0.0310312975 0.0160866715 -0.00539999362
  vertex 0.0324217416 0.0143511267 -0.00588778825
  endloop
 endfacet

 facet normal 0.760369003 0.640102327 -0.110036813
  outer loop
  vertex 0.0324217416 0.0143511267 -0.00588778825
  vertex 0.0310312975 0.0160866715 -0.00539999362
  vertex 0.0312982649 0.0157695469 -0.00539999362
  endloop
 endfacet

 facet normal 0.760841966 0.639850736 -0.108215913
  outer loop
  vertex 0.0324217416 0.0143511267 -0.00588778825
  vertex 0.0312982649 0.0157695469 -0.00539999362
  vertex 0.03245233 0.0143972542 -0.00539999362
  endloop
 endfacet

 facet normal 0.770905495 0.627777338 -0.10770528
  outer loop
  vertex 0.0324217416 0.0143511267 -0.00588778825
  vertex 0.03245233 0.0143972542 -0.00539999362
  vertex 0.0329973847 0.0136649814 -0.00576690631
  endloop
 endfacet

 facet normal 0.796096742 0.604371905 -0.0310580544
  outer loop
  vertex 0.0329973847 0.0136649814 -0.00576690631
  vertex 0.0327665731 0.0139878727 -0.00539999362
  vertex 0.0330029465 0.013676513 -0.00539999362
  endloop
 endfacet

 facet normal 0.819110036 0.572829604 -0.030415412
  outer loop
  vertex 0.0329973847 0.0136649814 -0.00576690631
  vertex 0.0330029465 0.013676513 -0.00539999362
  vertex 0.0332448855 0.0133305565 -0.00539999362
  endloop
 endfacet

 facet normal 0.819318771 0.572507858 -0.030849468
  outer loop
  vertex 0.0329973847 0.0136649814 -0.00576690631
  vertex 0.0332448855 0.0133305565 -0.00539999362
  vertex 0.033756569 0.0125982836 -0.00539999362
  endloop
 endfacet

 facet normal 0.823430002 0.563680351 -0.0650194511
  outer loop
  vertex 0.0329973847 0.0136649814 -0.00576690631
  vertex 0.033756569 0.0125982836 -0.00539999362
  vertex 0.0342682488 0.0118025849 -0.00581810344
  endloop
 endfacet

 facet normal 0.792712212 0.608483911 -0.0368058309
  outer loop
  vertex 0.0329973847 0.0136649814 -0.00576690631
  vertex 0.03245233 0.0143972542 -0.00539999362
  vertex 0.0327665731 0.0139878727 -0.00539999362
  endloop
 endfacet

 facet normal 0.82496345 0.561998487 -0.0599420778
  outer loop
  vertex 0.0342682488 0.0118025849 -0.00581810344
  vertex 0.033756569 0.0125982836 -0.00539999362
  vertex 0.0340708084 0.0121370088 -0.00539999362
  endloop
 endfacet

 facet normal 0.825979948 0.560666561 -0.0583967082
  outer loop
  vertex 0.0342682488 0.0118025849 -0.00581810344
  vertex 0.0340708084 0.0121370088 -0.00539999362
  vertex 0.0342821553 0.0118256481 -0.00539999362
  endloop
 endfacet

 facet normal 0.862500429 0.502900839 -0.0564247966
  outer loop
  vertex 0.0342682488 0.0118025849 -0.00581810344
  vertex 0.0342821553 0.0118256481 -0.00539999362
  vertex 0.034507405 0.0114393309 -0.00539999362
  endloop
 endfacet

 facet normal 0.864395261 0.499124855 -0.0607891791
  outer loop
  vertex 0.0342682488 0.0118025849 -0.00581810344
  vertex 0.034507405 0.0114393309 -0.00539999362
  vertex 0.0352332182 0.0101823565 -0.00539999362
  endloop
 endfacet

 facet normal 0.864688039 0.49795422 -0.0660012215
  outer loop
  vertex 0.0342682488 0.0118025849 -0.00581810344
  vertex 0.0352332182 0.0101823565 -0.00539999362
  vertex 0.0354556888 0.0097960392 -0.00539999362
  endloop
 endfacet

 facet normal 0.864955187 0.484981507 -0.129017293
  outer loop
  vertex 0.0342682488 0.0118025849 -0.00581810344
  vertex 0.0354556888 0.0097960392 -0.00539999362
  vertex 0.0349301025 0.0106032696 -0.00588921085
  endloop
 endfacet

 facet normal 0.86876291 0.468650907 -0.160054371
  outer loop
  vertex 0.0349301025 0.0106032696 -0.00588921085
  vertex 0.0354556888 0.0097960392 -0.00539999362
  vertex 0.035578046 0.00939242449 -0.00591765344
  endloop
 endfacet

 facet normal 0.774584472 0.425486803 -0.467952907
  outer loop
  vertex 0.0349301025 0.0106032696 -0.00588921085
  vertex 0.035578046 0.00939242449 -0.00591765344
  vertex 0.0354417823 0.00917908456 -0.00633718539
  endloop
 endfacet

 facet normal 0.805117071 0.380489796 -0.454988092
  outer loop
  vertex 0.0354417823 0.00917908456 -0.00633718539
  vertex 0.035578046 0.00939242449 -0.00591765344
  vertex 0.036192622 0.0081123868 -0.00590058789
  endloop
 endfacet

 facet normal 0.90345633 0.408412039 -0.130254671
  outer loop
  vertex 0.036192622 0.0081123868 -0.00590058789
  vertex 0.0364707112 0.00765687786 -0.00539999362
  vertex 0.0367905125 0.00680928584 -0.00583943538
  endloop
 endfacet

 facet normal 0.893587589 0.427194566 -0.137862355
  outer loop
  vertex 0.036192622 0.0081123868 -0.00590058789
  vertex 0.035578046 0.00939242449 -0.00591765344
  vertex 0.0358839445 0.00891961809 -0.00539999362
  endloop
 endfacet

 facet normal 0.900378168 0.418385327 -0.119469725
  outer loop
  vertex 0.036192622 0.0081123868 -0.00590058789
  vertex 0.0358839445 0.00891961809 -0.00539999362
  vertex 0.0364707112 0.00765687786 -0.00539999362
  endloop
 endfacet

 facet normal 0.911314368 0.398159921 -0.104761735
  outer loop
  vertex 0.0367905125 0.00680928584 -0.00583943538
  vertex 0.0364707112 0.00765687786 -0.00539999362
  vertex 0.0366848409 0.00716677401 -0.00539999362
  endloop
 endfacet

 facet normal 0.928192377 0.364762485 -0.0735341236
  outer loop
  vertex 0.0367905125 0.00680928584 -0.00583943538
  vertex 0.0366848409 0.00716677401 -0.00539999362
  vertex 0.0368071981 0.00685541332 -0.00539999362
  endloop
 endfacet

 facet normal 0.937036037 0.341842592 -0.0714640841
  outer loop
  vertex 0.0367905125 0.00680928584 -0.00583943538
  vertex 0.0368071981 0.00685541332 -0.00539999362
  vertex 0.0374634862 0.00505644223 -0.00539999362
  endloop
 endfacet

 facet normal 0.936735392 0.331361324 -0.112811342
  outer loop
  vertex 0.0367905125 0.00680928584 -0.00583943538
  vertex 0.0374634862 0.00505644223 -0.00539999362
  vertex 0.0374356806 0.00496995309 -0.00588494446
  endloop
 endfacet

 facet normal 0.843005598 0.306628168 -0.441951096
  outer loop
  vertex 0.0367905125 0.00680928584 -0.00583943538
  vertex 0.0374356806 0.00496995309 -0.00588494446
  vertex 0.0368461311 0.00636530947 -0.00604138011
  endloop
 endfacet

 facet normal 0.951470017 0.279986441 -0.127719834
  outer loop
  vertex 0.0374356806 0.00496995309 -0.00588494446
  vertex 0.037633121 0.00452021044 -0.00539999362
  vertex 0.0380280092 0.00300376955 -0.0057825502
  endloop
 endfacet

 facet normal 0.891474903 0.248846501 -0.378613204
  outer loop
  vertex 0.0374356806 0.00496995309 -0.00588494446
  vertex 0.0380280092 0.00300376955 -0.0057825502
  vertex 0.0380780622 0.00262321811 -0.00591480918
  endloop
 endfacet

 facet normal 0.880504847 0.246180698 -0.405100346
  outer loop
  vertex 0.0374356806 0.00496995309 -0.00588494446
  vertex 0.0380780622 0.00262321811 -0.00591480918
  vertex 0.0374857336 0.00449138088 -0.00606697844
  endloop
 endfacet

 facet normal 0.947871685 0.299853086 -0.107830539
  outer loop
  vertex 0.0374356806 0.00496995309 -0.00588494446
  vertex 0.0374634862 0.00505644223 -0.00539999362
  vertex 0.037633121 0.00452021044 -0.00539999362
  endloop
 endfacet

 facet normal 0.859132946 0.207892761 -0.467622817
  outer loop
  vertex 0.0380780622 0.00262321811 -0.00591480918
  vertex 0.0381309018 0.00201779511 -0.00608688826
  vertex 0.0379417986 0.00224266644 -0.00633434113
  endloop
 endfacet

 facet normal 0.961954713 0.193548054 -0.192827255
  outer loop
  vertex 0.0380780622 0.00262321811 -0.00591480918
  vertex 0.0380280092 0.00300376955 -0.0057825502
  vertex 0.0386564881 -0.000115600276 -0.00577828381
  endloop
 endfacet

 facet normal 0.922638714 0.177796885 -0.342237145
  outer loop
  vertex 0.0380780622 0.00262321811 -0.00591480918
  vertex 0.0386564881 -0.000115600276 -0.00577828381
  vertex 0.0381309018 0.00201779511 -0.00608688826
  endloop
 endfacet

 facet normal 0.852401972 0.174345002 -0.49296537
  outer loop
  vertex 0.0379417986 0.00224266644 -0.00633434113
  vertex 0.0381309018 0.00201779511 -0.00608688826
  vertex 0.0380196646 0.00182175345 -0.00634856289
  endloop
 endfacet

 facet normal 0.865540266 0.147678107 -0.478572011
  outer loop
  vertex 0.0380196646 0.00182175345 -0.00634856289
  vertex 0.0381309018 0.00201779511 -0.00608688826
  vertex 0.0386815183 -0.000513449719 -0.00587214483
  endloop
 endfacet

 facet normal 0.833162189 0.126292437 -0.538415313
  outer loop
  vertex 0.0380196646 0.00182175345 -0.00634856289
  vertex 0.0386815183 -0.000513449719 -0.00587214483
  vertex 0.0386203378 -0.00211061328 -0.00634145178
  endloop
 endfacet

 facet normal 0.177895531 0.0253948011 -0.983721673
  outer loop
  vertex 0.0380196646 0.00182175345 -0.00634856289
  vertex 0.0386203378 -0.00211061328 -0.00634145178
  vertex 0.0386481434 -0.00252576056 -0.0063471403
  endloop
 endfacet

 facet normal 0.911030412 0.0161237679 -0.412023962
  outer loop
  vertex 0.0386481434 -0.00252576056 -0.0063471403
  vertex 0.0388010927 -0.00302739674 -0.00602858048
  vertex 0.0388122164 -0.00365588348 -0.00602858048
  endloop
 endfacet

 facet normal 0.91312927 0.0666713715 -0.402181566
  outer loop
  vertex 0.0386481434 -0.00252576056 -0.0063471403
  vertex 0.0386203378 -0.00211061328 -0.00634145178
  vertex 0.038742695 -0.00177042326 -0.00600724854
  endloop
 endfacet

 facet normal 0.919886947 0.0592977218 -0.387675017
  outer loop
  vertex 0.0386481434 -0.00252576056 -0.0063471403
  vertex 0.038742695 -0.00177042326 -0.00600724854
  vertex 0.0387454741 -0.00235278253 -0.00608973298
  endloop
 endfacet

 facet normal 0.924879313 0.0419943258 -0.377934873
  outer loop
  vertex 0.0386481434 -0.00252576056 -0.0063471403
  vertex 0.0387454741 -0.00235278253 -0.00608973298
  vertex 0.0388010927 -0.00302739674 -0.00602858048
  endloop
 endfacet

 facet normal 0.666434526 0.718716443 -0.198272213
  outer loop
  vertex 0.0192375612 0.0269842874 -0.00602858048
  vertex 0.0193126444 0.027088074 -0.00539999362
  vertex 0.0291375164 0.0179778989 -0.00539999362
  endloop
 endfacet

 facet normal 0.973450422 0.0172285009 -0.228248522
  outer loop
  vertex 0.0388122164 -0.00365588348 -0.00602858048
  vertex 0.0388010927 -0.00302739674 -0.00602858048
  vertex 0.0389596038 -0.00365588348 -0.00539999362
  endloop
 endfacet

 facet normal 1 0 0
  outer loop
  vertex 0.0389596038 -0.00490709115 -0.00539999362
  vertex 0.0389596038 -0.00365588348 -0.00539999362
  vertex 0.0389596038 -0.00365588348 -0.00288564619
  endloop
 endfacet

 facet normal 1 0 0
  outer loop
  vertex 0.0389596038 -0.00490709115 -0.00539999362
  vertex 0.0389596038 -0.00365588348 -0.00288564619
  vertex 0.0389596038 -0.00490709115 -0.00288564619
  endloop
 endfacet

 facet normal 0.999911964 -0.0132711269 0
  outer loop
  vertex 0.0389596038 -0.00490709115 -0.00539999362
  vertex 0.0389596038 -0.00490709115 -0.00288564619
  vertex 0.0389512628 -0.00553557789 -0.00288564619
  endloop
 endfacet

 facet normal 0.999911964 -0.0132711269 0
  outer loop
  vertex 0.0389596038 -0.00490709115 -0.00539999362
  vertex 0.0389512628 -0.00553557789 -0.00288564619
  vertex 0.0389512628 -0.00553557789 -0.00539999362
  endloop
 endfacet

 facet normal 0.976658225 -0.0448745452 -0.210059971
  outer loop
  vertex 0.0389512628 -0.00553557789 -0.00539999362
  vertex 0.038945701 -0.0056566624 -0.00539999362
  vertex 0.0387871899 -0.00616406463 -0.00602858048
  endloop
 endfacet

 facet normal 0.975413263 -0.0374254286 -0.217182934
  outer loop
  vertex 0.0389512628 -0.00553557789 -0.00539999362
  vertex 0.0387871899 -0.00616406463 -0.00602858048
  vertex 0.0388066582 -0.0056566624 -0.00602858048
  endloop
 endfacet

 facet normal 0.99894613 -0.0458986089 0
  outer loop
  vertex 0.0389512628 -0.00553557789 -0.00539999362
  vertex 0.0389512628 -0.00553557789 -0.00288564619
  vertex 0.038945701 -0.0056566624 -0.00276476424
  endloop
 endfacet

 facet normal 0.99894613 -0.0458986089 0
  outer loop
  vertex 0.0389512628 -0.00553557789 -0.00539999362
  vertex 0.038945701 -0.0056566624 -0.00276476424
  vertex 0.038945701 -0.0056566624 -0.00539999362
  endloop
 endfacet

 facet normal 0.97806257 -0.0575079098 -0.200216323
  outer loop
  vertex 0.0387871899 -0.00616406463 -0.00602858048
  vertex 0.038945701 -0.0056566624 -0.00539999362
  vertex 0.0387232266 -0.0074152723 -0.00598164974
  endloop
 endfacet

 facet normal 0.935417414 -0.0608808994 -0.3482638
  outer loop
  vertex 0.0387871899 -0.00616406463 -0.00602858048
  vertex 0.0387232266 -0.0074152723 -0.00598164974
  vertex 0.0387287922 -0.00675218971 -0.00608262187
  endloop
 endfacet

 facet normal 0.97883141 -0.0590071455 -0.195977479
  outer loop
  vertex 0.0387232266 -0.0074152723 -0.00598164974
  vertex 0.038945701 -0.0056566624 -0.00539999362
  vertex 0.0389151126 -0.00616406463 -0.00539999362
  endloop
 endfacet

 facet normal 0.981045604 -0.0657063872 -0.182297111
  outer loop
  vertex 0.0387232266 -0.0074152723 -0.00598164974
  vertex 0.0389151126 -0.00616406463 -0.00539999362
  vertex 0.038692642 -0.00804952439 -0.00591765344
  endloop
 endfacet

 facet normal 0.987560928 -0.0792380124 -0.135811225
  outer loop
  vertex 0.038692642 -0.00804952439 -0.00591765344
  vertex 0.0389151126 -0.00616406463 -0.00539999362
  vertex 0.0386676118 -0.00852233171 -0.00582379196
  endloop
 endfacet

 facet normal 0.990082383 -0.0836215839 -0.112890981
  outer loop
  vertex 0.0386676118 -0.00852233171 -0.00582379196
  vertex 0.0389151126 -0.00616406463 -0.00539999362
  vertex 0.0388094373 -0.0074152723 -0.00539999362
  endloop
 endfacet

 facet normal 0.990711927 -0.0868730322 -0.104608133
  outer loop
  vertex 0.0386676118 -0.00852233171 -0.00582379196
  vertex 0.0388094373 -0.0074152723 -0.00539999362
  vertex 0.0387538187 -0.00804952439 -0.00539999362
  endloop
 endfacet

 facet normal 0.989867866 -0.130658716 -0.0555873588
  outer loop
  vertex 0.0386676118 -0.00852233171 -0.00582379196
  vertex 0.0387538187 -0.00804952439 -0.00539999362
  vertex 0.0386815183 -0.00859728828 -0.00539999362
  endloop
 endfacet

 facet normal 0.98283565 -0.173422188 -0.0629201755
  outer loop
  vertex 0.0386676118 -0.00852233171 -0.00582379196
  vertex 0.0386815183 -0.00859728828 -0.00539999362
  vertex 0.0385563746 -0.00930649787 -0.00539999362
  endloop
 endfacet

 facet normal 0.98245281 -0.174685359 -0.0653579608
  outer loop
  vertex 0.0386676118 -0.00852233171 -0.00582379196
  vertex 0.0385563746 -0.00930649787 -0.00539999362
  vertex 0.038333904 -0.0105577065 -0.00539999362
  endloop
 endfacet

 facet normal 0.968532026 -0.191816419 -0.158594668
  outer loop
  vertex 0.0386676118 -0.00852233171 -0.00582379196
  vertex 0.038333904 -0.0105577065 -0.00539999362
  vertex 0.0380474739 -0.0116359359 -0.0058451239
  endloop
 endfacet

 facet normal 0.945639193 -0.186518118 -0.26641652
  outer loop
  vertex 0.0386676118 -0.00852233171 -0.00582379196
  vertex 0.0380474739 -0.0116359359 -0.0058451239
  vertex 0.038089186 -0.0111400653 -0.0060442239
  endloop
 endfacet

 facet normal 0.970827281 -0.210487872 -0.114844106
  outer loop
  vertex 0.0380474739 -0.0116359359 -0.0058451239
  vertex 0.038333904 -0.0105577065 -0.00539999362
  vertex 0.0381976403 -0.0111861927 -0.00539999362
  endloop
 endfacet

 facet normal 0.965701282 -0.248752207 -0.074453935
  outer loop
  vertex 0.0380474739 -0.0116359359 -0.0058451239
  vertex 0.0381976403 -0.0111861927 -0.00539999362
  vertex 0.0380669422 -0.011693595 -0.00539999362
  endloop
 endfacet

 facet normal 0.963055253 -0.258475453 -0.0755976886
  outer loop
  vertex 0.0380474739 -0.0116359359 -0.0058451239
  vertex 0.0380669422 -0.011693595 -0.00539999362
  vertex 0.0376970805 -0.0130716534 -0.00539999362
  endloop
 endfacet

 facet normal 0.955901861 -0.269486099 -0.116742328
  outer loop
  vertex 0.0380474739 -0.0116359359 -0.0058451239
  vertex 0.0376970805 -0.0130716534 -0.00539999362
  vertex 0.037388403 -0.014023032 -0.0057313526
  endloop
 endfacet

 facet normal 0.930315197 -0.268752515 -0.249571145
  outer loop
  vertex 0.0380474739 -0.0116359359 -0.0058451239
  vertex 0.037388403 -0.014023032 -0.0057313526
  vertex 0.0374412425 -0.0137001397 -0.00588209974
  endloop
 endfacet

 facet normal 0.911168993 -0.411550283 -0.0199403372
  outer loop
  vertex 0.0361258797 -0.0171654653 -0.00572281983
  vertex 0.0367293321 -0.0158450659 -0.00539999362
  vertex 0.0365652628 -0.0162083209 -0.00539999362
  endloop
 endfacet

 facet normal 0.911107719 -0.411712557 -0.0193758104
  outer loop
  vertex 0.0361258797 -0.0171654653 -0.00572281983
  vertex 0.0365652628 -0.0162083209 -0.00539999362
  vertex 0.0362760499 -0.0168483388 -0.00539999362
  endloop
 endfacet

 facet normal 0.909681261 -0.415019125 -0.0154641187
  outer loop
  vertex 0.0361258797 -0.0171654653 -0.00572281983
  vertex 0.0362760499 -0.0168483388 -0.00539999362
  vertex 0.0359840579 -0.0174883585 -0.00539999362
  endloop
 endfacet

 facet normal 0.90220809 -0.429981321 -0.0337125324
  outer loop
  vertex 0.0361258797 -0.0171654653 -0.00572281983
  vertex 0.0359840579 -0.0174883585 -0.00539999362
  vertex 0.0355196483 -0.0184628014 -0.00539999362
  endloop
 endfacet

 facet normal 0.954452157 -0.295623392 -0.0403480306
  outer loop
  vertex 0.037388403 -0.014023032 -0.0057313526
  vertex 0.0376970805 -0.0130716534 -0.00539999362
  vertex 0.0375024192 -0.0137001397 -0.00539999362
  endloop
 endfacet

 facet normal 0.944747388 -0.327749878 -0.0057031177
  outer loop
  vertex 0.037388403 -0.014023032 -0.0057313526
  vertex 0.0375024192 -0.0137001397 -0.00539999362
  vertex 0.037388403 -0.0140287979 -0.00539999362
  endloop
 endfacet

 facet normal 0.940354049 -0.340145916 -0.00591881899
  outer loop
  vertex 0.037388403 -0.014023032 -0.0057313526
  vertex 0.037388403 -0.0140287979 -0.00539999362
  vertex 0.0368461311 -0.0155279413 -0.00539999362
  endloop
 endfacet

 facet normal 0.937839866 -0.345406473 -0.0339246355
  outer loop
  vertex 0.037388403 -0.014023032 -0.0057313526
  vertex 0.0368461311 -0.0155279413 -0.00539999362
  vertex 0.0367293321 -0.0158450659 -0.00539999362
  endloop
 endfacet

 facet normal 0.938379943 -0.345605373 0
  outer loop
  vertex 0.0367293321 -0.0158450659 -0.00539999362
  vertex 0.0368461311 -0.0155279413 -0.00539999362
  vertex 0.0368461311 -0.0155279413 -0.00288564619
  endloop
 endfacet

 facet normal 0.938379943 -0.345605373 0
  outer loop
  vertex 0.0367293321 -0.0158450659 -0.00539999362
  vertex 0.0368461311 -0.0155279413 -0.00288564619
  vertex 0.0367293321 -0.0158450659 -0.00288564619
  endloop
 endfacet

 facet normal 0.911350131 -0.411632121 0
  outer loop
  vertex 0.0367293321 -0.0158450659 -0.00539999362
  vertex 0.0367293321 -0.0158450659 -0.00288564619
  vertex 0.0365652628 -0.0162083209 -0.00288564619
  endloop
 endfacet

 facet normal 0.911350131 -0.411632121 0
  outer loop
  vertex 0.0367293321 -0.0158450659 -0.00539999362
  vertex 0.0365652628 -0.0162083209 -0.00288564619
  vertex 0.0365652628 -0.0162083209 -0.00539999362
  endloop
 endfacet

 facet normal 0.864814937 -0.502090871 0
  outer loop
  vertex 0.0355196483 -0.0184628014 -0.00539999362
  vertex 0.0355196483 -0.0184628014 -0.00288564619
  vertex 0.034632545 -0.0199907739 -0.00288564619
  endloop
 endfacet

 facet normal 0.864814937 -0.502090871 0
  outer loop
  vertex 0.0355196483 -0.0184628014 -0.00539999362
  vertex 0.034632545 -0.0199907739 -0.00288564619
  vertex 0.034632545 -0.0199907739 -0.00539999362
  endloop
 endfacet

 facet normal 0.902721286 -0.430225939 0
  outer loop
  vertex 0.0355196483 -0.0184628014 -0.00539999362
  vertex 0.0359840579 -0.0174883585 -0.00539999362
  vertex 0.0359840579 -0.0174883585 -0.00288564619
  endloop
 endfacet

 facet normal 0.902721286 -0.430225939 0
  outer loop
  vertex 0.0355196483 -0.0184628014 -0.00539999362
  vertex 0.0359840579 -0.0174883585 -0.00288564619
  vertex 0.0355196483 -0.0184628014 -0.00288564619
  endloop
 endfacet

 facet normal 0.863367498 -0.504575729 0
  outer loop
  vertex 0.034632545 -0.0199907739 -0.00539999362
  vertex 0.034632545 -0.0199907739 -0.00288564619
  vertex 0.0343461148 -0.0204808787 -0.00288564619
  endloop
 endfacet

 facet normal 0.863367498 -0.504575729 0
  outer loop
  vertex 0.034632545 -0.0199907739 -0.00539999362
  vertex 0.0343461148 -0.0204808787 -0.00288564619
  vertex 0.0343461148 -0.0204808787 -0.00539999362
  endloop
 endfacet

 facet normal 0.848913789 -0.528531373 0
  outer loop
  vertex 0.0343461148 -0.0204808787 -0.00539999362
  vertex 0.0343461148 -0.0204808787 -0.00288564619
  vertex 0.0341486745 -0.0207980033 -0.00288564619
  endloop
 endfacet

 facet normal 0.848913789 -0.528531373 0
  outer loop
  vertex 0.0343461148 -0.0204808787 -0.00539999362
  vertex 0.0341486745 -0.0207980033 -0.00288564619
  vertex 0.0341486745 -0.0207980033 -0.00539999362
  endloop
 endfacet

 facet normal 0.825288236 -0.564302206 -0.0215059128
  outer loop
  vertex 0.0341486745 -0.0207980033 -0.00539999362
  vertex 0.0338372104 -0.0212535132 -0.00539999362
  vertex 0.0336119607 -0.0215706378 -0.00572281983
  endloop
 endfacet

 facet normal 0.82547915 -0.56443274 0
  outer loop
  vertex 0.0341486745 -0.0207980033 -0.00539999362
  vertex 0.0341486745 -0.0207980033 -0.00288564619
  vertex 0.0338372104 -0.0212535132 -0.00288564619
  endloop
 endfacet

 facet normal 0.82547915 -0.56443274 0
  outer loop
  vertex 0.0341486745 -0.0207980033 -0.00539999362
  vertex 0.0338372104 -0.0212535132 -0.00288564619
  vertex 0.0338372104 -0.0212535132 -0.00539999362
  endloop
 endfacet

 facet normal 0.815037966 -0.578915358 -0.023876464
  outer loop
  vertex 0.0336119607 -0.0215706378 -0.00572281983
  vertex 0.0330808125 -0.0223317426 -0.00539999362
  vertex 0.0328555591 -0.0226488691 -0.00539999362
  endloop
 endfacet

 facet normal 0.818626165 -0.574283481 -0.00705242064
  outer loop
  vertex 0.0336119607 -0.0215706378 -0.00572281983
  vertex 0.0338372104 -0.0212535132 -0.00539999362
  vertex 0.0330808125 -0.0223317426 -0.00539999362
  endloop
 endfacet

 facet normal 0.786417663 -0.617695093 0
  outer loop
  vertex 0.0325385369 -0.0230524838 -0.00539999362
  vertex 0.0328555591 -0.0226488691 -0.00539999362
  vertex 0.0328555591 -0.0226488691 -0.00288564619
  endloop
 endfacet

 facet normal 0.786417663 -0.617695093 0
  outer loop
  vertex 0.0325385369 -0.0230524838 -0.00539999362
  vertex 0.0328555591 -0.0226488691 -0.00288564619
  vertex 0.0325385369 -0.0230524838 -0.00288564619
  endloop
 endfacet

 facet normal 0.778301358 -0.627891004 0
  outer loop
  vertex 0.0325385369 -0.0230524838 -0.00539999362
  vertex 0.0325385369 -0.0230524838 -0.00288564619
  vertex 0.0322826989 -0.0233696103 -0.00288564619
  endloop
 endfacet

 facet normal 0.778301358 -0.627891004 0
  outer loop
  vertex 0.0325385369 -0.0230524838 -0.00539999362
  vertex 0.0322826989 -0.0233696103 -0.00288564619
  vertex 0.0322826989 -0.0233696103 -0.00539999362
  endloop
 endfacet

 facet normal 0.766744137 -0.641952872 0
  outer loop
  vertex 0.0322826989 -0.0233696103 -0.00539999362
  vertex 0.0322826989 -0.0233696103 -0.00288564619
  vertex 0.0314234011 -0.0243959464 -0.00288564619
  endloop
 endfacet

 facet normal 0.766744137 -0.641952872 0
  outer loop
  vertex 0.0322826989 -0.0233696103 -0.00539999362
  vertex 0.0314234011 -0.0243959464 -0.00288564619
  vertex 0.0314234011 -0.0243959464 -0.00539999362
  endloop
 endfacet

 facet normal 0.763448 -0.645869255 0
  outer loop
  vertex 0.0314234011 -0.0243959464 -0.00539999362
  vertex 0.0314234011 -0.0243959464 -0.00288564619
  vertex 0.0311258491 -0.0247476697 -0.00288564619
  endloop
 endfacet

 facet normal 0.763448 -0.645869255 0
  outer loop
  vertex 0.0314234011 -0.0243959464 -0.00539999362
  vertex 0.0311258491 -0.0247476697 -0.00288564619
  vertex 0.0311258491 -0.0247476697 -0.00539999362
  endloop
 endfacet

 facet normal 0.722952843 -0.690897346 0
  outer loop
  vertex 0.0311258491 -0.0247476697 -0.00539999362
  vertex 0.0311258491 -0.0247476697 -0.00288564619
  vertex 0.0308282953 -0.0250590295 -0.00288564619
  endloop
 endfacet

 facet normal 0.722952843 -0.690897346 0
  outer loop
  vertex 0.0311258491 -0.0247476697 -0.00539999362
  vertex 0.0308282953 -0.0250590295 -0.00288564619
  vertex 0.0308282953 -0.0250590295 -0.00539999362
  endloop
 endfacet

 facet normal 0.713564098 -0.700590014 0
  outer loop
  vertex 0.0308282953 -0.0250590295 -0.00539999362
  vertex 0.0308282953 -0.0250590295 -0.00288564619
  vertex 0.0305112731 -0.0253819227 -0.00288564619
  endloop
 endfacet

 facet normal 0.713564098 -0.700590014 0
  outer loop
  vertex 0.0308282953 -0.0250590295 -0.00539999362
  vertex 0.0305112731 -0.0253819227 -0.00288564619
  vertex 0.0305112731 -0.0253819227 -0.00539999362
  endloop
 endfacet

 facet normal 0.712496638 -0.699541926 -0.0546788536
  outer loop
  vertex 0.0308282953 -0.0250590295 -0.00539999362
  vertex 0.0305112731 -0.0253819227 -0.00539999362
  vertex 0.0304973684 -0.0253646243 -0.00580246001
  endloop
 endfacet

 facet normal 0.815270364 -0.579080462 0
  outer loop
  vertex 0.0328555591 -0.0226488691 -0.00539999362
  vertex 0.0330808125 -0.0223317426 -0.00539999362
  vertex 0.0330808125 -0.0223317426 -0.00288564619
  endloop
 endfacet

 facet normal 0.815270364 -0.579080462 0
  outer loop
  vertex 0.0328555591 -0.0226488691 -0.00539999362
  vertex 0.0330808125 -0.0223317426 -0.00288564619
  vertex 0.0328555591 -0.0226488691 -0.00288564619
  endloop
 endfacet

 facet normal 0.706328511 -0.707884252 0
  outer loop
  vertex 0.0305112731 -0.0253819227 -0.00539999362
  vertex 0.0305112731 -0.0253819227 -0.00288564619
  vertex 0.0292515326 -0.0266388934 -0.00225705933
  endloop
 endfacet

 facet normal 0.706328511 -0.707884252 0
  outer loop
  vertex 0.0305112731 -0.0253819227 -0.00539999362
  vertex 0.0292515326 -0.0266388934 -0.00225705933
  vertex 0.0292515326 -0.0266388934 -0.00539999362
  endloop
 endfacet

 facet normal 0.661308169 -0.750114322 0
  outer loop
  vertex 0.0292515326 -0.0266388934 -0.00539999362
  vertex 0.0292515326 -0.0266388934 -0.00225705933
  vertex 0.0288983583 -0.026950255 -0.00288564619
  endloop
 endfacet

 facet normal 0.661308169 -0.750114322 0
  outer loop
  vertex 0.0292515326 -0.0266388934 -0.00539999362
  vertex 0.0288983583 -0.026950255 -0.00288564619
  vertex 0.0288983583 -0.026950255 -0.00539999362
  endloop
 endfacet

 facet normal 0.657657802 -0.75331682 0
  outer loop
  vertex 0.0288983583 -0.026950255 -0.00539999362
  vertex 0.0288983583 -0.026950255 -0.00288564619
  vertex 0.028581338 -0.0272270199 -0.00288564619
  endloop
 endfacet

 facet normal 0.657657802 -0.75331682 0
  outer loop
  vertex 0.0288983583 -0.026950255 -0.00539999362
  vertex 0.028581338 -0.0272270199 -0.00288564619
  vertex 0.028581338 -0.0272270199 -0.00539999362
  endloop
 endfacet

 facet normal 0.643589616 -0.765370786 0
  outer loop
  vertex 0.028581338 -0.0272270199 -0.00539999362
  vertex 0.028581338 -0.0272270199 -0.00288564619
  vertex 0.0275802203 -0.0280688461 -0.00288564619
  endloop
 endfacet

 facet normal 0.643589616 -0.765370786 0
  outer loop
  vertex 0.028581338 -0.0272270199 -0.00539999362
  vertex 0.0275802203 -0.0280688461 -0.00288564619
  vertex 0.0275802203 -0.0280688461 -0.00539999362
  endloop
 endfacet

 facet normal 0.891559243 0.45262906 0.0157799702
  outer loop
  vertex 0.0356114171 0.00946738105 -0.00225705933
  vertex 0.0355669223 0.00957693439 -0.00288564619
  vertex 0.0354556888 0.0097960392 -0.00288564619
  endloop
 endfacet

 facet normal 0.891567171 0.452614009 0.0157701131
  outer loop
  vertex 0.0356114171 0.00946738105 -0.00225705933
  vertex 0.0354556888 0.0097960392 -0.00288564619
  vertex 0.0355558023 0.00957693439 -0.00225705933
  endloop
 endfacet

 facet normal 0.891759634 0.422378063 0.162362024
  outer loop
  vertex 0.0356114171 0.00946738105 -0.00225705933
  vertex 0.0361870602 0.00810662098 -0.00187876949
  vertex 0.0362204313 0.00818157848 -0.00225705933
  endloop
 endfacet

 facet normal 0.903591573 0.427982211 0.018805461
  outer loop
  vertex 0.0356114171 0.00946738105 -0.00225705933
  vertex 0.0362204313 0.00818157848 -0.00225705933
  vertex 0.0358839445 0.00891961809 -0.00288564619
  endloop
 endfacet

 facet normal 0.90065068 0.434379399 0.0119558079
  outer loop
  vertex 0.0356114171 0.00946738105 -0.00225705933
  vertex 0.0358839445 0.00891961809 -0.00288564619
  vertex 0.0355669223 0.00957693439 -0.00288564619
  endloop
 endfacet

 facet normal 0.864612281 0.474921465 0.163997978
  outer loop
  vertex 0.0355558023 0.00957693439 -0.00225705933
  vertex 0.0354417823 0.00978450757 -0.00225705933
  vertex 0.0349245407 0.0105975037 -0.00188445812
  endloop
 endfacet

 facet normal 0.876130342 0.48124823 0.0282096379
  outer loop
  vertex 0.0355558023 0.00957693439 -0.00225705933
  vertex 0.0354556888 0.0097960392 -0.00288564619
  vertex 0.0354417823 0.00978450757 -0.00225705933
  endloop
 endfacet

 facet normal 0.864179313 0.478586286 0.155400544
  outer loop
  vertex 0.0349245407 0.0105975037 -0.00188445812
  vertex 0.0354417823 0.00978450757 -0.00225705933
  vertex 0.0342654698 0.011796819 -0.00191290083
  endloop
 endfacet

 facet normal 0.899043202 0.407553375 0.160067067
  outer loop
  vertex 0.0361870602 0.00810662098 -0.00187876949
  vertex 0.0367849506 0.00679775421 -0.00190436817
  vertex 0.0362204313 0.00818157848 -0.00225705933
  endloop
 endfacet

 facet normal 0.865636289 0.484289497 0.127033681
  outer loop
  vertex 0.0342654698 0.011796819 -0.00191290083
  vertex 0.0354417823 0.00978450757 -0.00225705933
  vertex 0.0349579118 0.010649398 -0.00225705933
  endloop
 endfacet

 facet normal 0.863575399 0.498568207 0.0752822384
  outer loop
  vertex 0.0342654698 0.011796819 -0.00191290083
  vertex 0.0349579118 0.010649398 -0.00225705933
  vertex 0.0342821553 0.0118198823 -0.00225705933
  endloop
 endfacet

 facet normal 0.822903812 0.562854171 0.0776183605
  outer loop
  vertex 0.0342654698 0.011796819 -0.00191290083
  vertex 0.0342821553 0.0118198823 -0.00225705933
  vertex 0.0340652466 0.0121370088 -0.00225705933
  endloop
 endfacet

 facet normal 0.822574317 0.563254297 0.0782055557
  outer loop
  vertex 0.0342654698 0.011796819 -0.00191290083
  vertex 0.0340652466 0.0121370088 -0.00225705933
  vertex 0.0329918228 0.0136592146 -0.00192996662
  endloop
 endfacet

 facet normal 0.579862952 0.403041571 0.708037078
  outer loop
  vertex 0.0342654698 0.011796819 -0.00191290083
  vertex 0.0329918228 0.0136592146 -0.00192996662
  vertex 0.0337037295 0.0125175603 -0.00186312594
  endloop
 endfacet

 facet normal 0.820682704 0.569909513 0.0410261005
  outer loop
  vertex 0.0329918228 0.0136592146 -0.00192996662
  vertex 0.0340652466 0.0121370088 -0.00225705933
  vertex 0.0330001675 0.0136707472 -0.00225705933
  endloop
 endfacet

 facet normal 0.804458261 0.592563927 0.0414109491
  outer loop
  vertex 0.0329918228 0.0136592146 -0.00192996662
  vertex 0.0330001675 0.0136707472 -0.00225705933
  vertex 0.0327665731 0.0139878727 -0.00225705933
  endloop
 endfacet

 facet normal 0.786906838 0.612656653 0.0736864731
  outer loop
  vertex 0.0329918228 0.0136592146 -0.00192996662
  vertex 0.0327665731 0.0139878727 -0.00225705933
  vertex 0.03245233 0.0143914884 -0.00225705933
  endloop
 endfacet

 facet normal 0.762151659 0.629336357 0.151857868
  outer loop
  vertex 0.0329918228 0.0136592146 -0.00192996662
  vertex 0.03245233 0.0143914884 -0.00225705933
  vertex 0.0324161798 0.0143453609 -0.00188445812
  endloop
 endfacet

 facet normal 0.756232858 0.636365592 0.15215382
  outer loop
  vertex 0.0324161798 0.0143453609 -0.00188445812
  vertex 0.03245233 0.0143914884 -0.00225705933
  vertex 0.031292703 0.0157695469 -0.00225705933
  endloop
 endfacet

 facet normal 0.73755163 0.638976991 0.218463168
  outer loop
  vertex 0.0324161798 0.0143453609 -0.00188445812
  vertex 0.031292703 0.0157695469 -0.00225705933
  vertex 0.0310229566 0.0160809066 -0.00225705933
  endloop
 endfacet

 facet normal 0.721297443 0.637274981 0.271312833
  outer loop
  vertex 0.0324161798 0.0143453609 -0.00188445812
  vertex 0.0310229566 0.0160809066 -0.00225705933
  vertex 0.0318182893 0.0150142098 -0.00186597032
  endloop
 endfacet

 facet normal 0.713818967 0.638065577 0.288677752
  outer loop
  vertex 0.0318182893 0.0150142098 -0.00186597032
  vertex 0.0310229566 0.0160809066 -0.00225705933
  vertex 0.0312204007 0.0156772919 -0.0018531708
  endloop
 endfacet

 facet normal 0.710244894 0.703775585 0.0158806853
  outer loop
  vertex 0.0310229566 0.0160809066 -0.00225705933
  vertex 0.0310312975 0.0160866715 -0.00288564619
  vertex 0.03071706 0.0164037999 -0.00288564619
  endloop
 endfacet

 facet normal 0.710241735 0.703778744 0.0158838406
  outer loop
  vertex 0.0310229566 0.0160809066 -0.00225705933
  vertex 0.03071706 0.0164037999 -0.00288564619
  vertex 0.0303944759 0.0167151596 -0.00225705933
  endloop
 endfacet

 facet normal 0.75571084 0.65470922 0.0160339512
  outer loop
  vertex 0.0310229566 0.0160809066 -0.00225705933
  vertex 0.031292703 0.0157695469 -0.00225705933
  vertex 0.0310312975 0.0160866715 -0.00288564619
  endloop
 endfacet

 facet normal 0.675101221 0.677164018 0.292723507
  outer loop
  vertex 0.0303944759 0.0167151596 -0.00225705933
  vertex 0.0294517558 0.0176550075 -0.00225705933
  vertex 0.0293627679 0.0175685175 -0.00185174879
  endloop
 endfacet

 facet normal 0.708654642 0.705411434 0.0142606273
  outer loop
  vertex 0.0303944759 0.0167151596 -0.00225705933
  vertex 0.03071706 0.0164037999 -0.00288564619
  vertex 0.0294600986 0.0176665392 -0.00288564619
  endloop
 endfacet

 facet normal 0.70585084 0.708007574 0.0223577302
  outer loop
  vertex 0.0303944759 0.0167151596 -0.00225705933
  vertex 0.0294600986 0.0176665392 -0.00288564619
  vertex 0.0294517558 0.0176550075 -0.00225705933
  endloop
 endfacet

 facet normal 0.673288703 0.678971648 0.292711318
  outer loop
  vertex 0.0293627679 0.0175685175 -0.00185174879
  vertex 0.0294517558 0.0176550075 -0.00225705933
  vertex 0.0291319527 0.0179721341 -0.00225705933
  endloop
 endfacet

 facet normal 0.694423795 0.719453394 0.0127455983
  outer loop
  vertex 0.0291319527 0.0179721341 -0.00225705933
  vertex 0.0294600986 0.0176665392 -0.00288564619
  vertex 0.0291375164 0.0179778989 -0.00288564619
  endloop
 endfacet

 facet normal 0.70395273 0.709894598 0.0223671552
  outer loop
  vertex 0.0291319527 0.0179721341 -0.00225705933
  vertex 0.0294517558 0.0176550075 -0.00225705933
  vertex 0.0294600986 0.0176665392 -0.00288564619
  endloop
 endfacet

 facet normal 0.694480181 0.719511867 0
  outer loop
  vertex 0.0291375164 0.0179778989 -0.00288564619
  vertex 0.0294600986 0.0176665392 -0.00288564619
  vertex 0.0294600986 0.0176665392 -0.00539999362
  endloop
 endfacet

 facet normal 0.694480181 0.719511867 0
  outer loop
  vertex 0.0291375164 0.0179778989 -0.00288564619
  vertex 0.0294600986 0.0176665392 -0.00539999362
  vertex 0.0291375164 0.0179778989 -0.00539999362
  endloop
 endfacet

 facet normal 0.999667406 -0.0132678812 0.0221135821
  outer loop
  vertex 0.0389373563 -0.00553557789 -0.00225705933
  vertex 0.0389512628 -0.00553557789 -0.00288564619
  vertex 0.0389596038 -0.00490709115 -0.00288564619
  endloop
 endfacet

 facet normal 0.999667406 -0.0132678812 0.0221135821
  outer loop
  vertex 0.0389373563 -0.00553557789 -0.00225705933
  vertex 0.0389596038 -0.00490709115 -0.00288564619
  vertex 0.038945701 -0.00490709115 -0.00225705933
  endloop
 endfacet

 facet normal 0.99865973 -0.0441896319 0.0269466788
  outer loop
  vertex 0.0389373563 -0.00553557789 -0.00225705933
  vertex 0.038909547 -0.00616406463 -0.00225705933
  vertex 0.038945701 -0.0056566624 -0.00276476424
  endloop
 endfacet

 facet normal 0.999471068 -0.0238504522 0.0221092384
  outer loop
  vertex 0.0389373563 -0.00553557789 -0.00225705933
  vertex 0.038945701 -0.0056566624 -0.00276476424
  vertex 0.0389512628 -0.00553557789 -0.00288564619
  endloop
 endfacet

 facet normal 0.999755383 0 0.0221155267
  outer loop
  vertex 0.038945701 -0.00490709115 -0.00225705933
  vertex 0.0389596038 -0.00490709115 -0.00288564619
  vertex 0.0389596038 -0.00365588348 -0.00288564619
  endloop
 endfacet

 facet normal 0.999755383 0 0.0221155267
  outer loop
  vertex 0.038945701 -0.00490709115 -0.00225705933
  vertex 0.0389596038 -0.00365588348 -0.00288564619
  vertex 0.038945701 -0.00365588348 -0.00225705933
  endloop
 endfacet

 facet normal 0.999403596 0.0265287608 0.0221077465
  outer loop
  vertex 0.038945701 -0.00365588348 -0.00225705933
  vertex 0.0389596038 -0.00365588348 -0.00288564619
  vertex 0.0389290154 -0.00302739674 -0.00225705933
  endloop
 endfacet

 facet normal 0.999364555 0.0309510026 0.0176843144
  outer loop
  vertex 0.0389290154 -0.00302739674 -0.00225705933
  vertex 0.0389596038 -0.00365588348 -0.00288564619
  vertex 0.0389401391 -0.00302739674 -0.00288564619
  endloop
 endfacet

 facet normal 0.997965693 0.0612592846 0.0176595598
  outer loop
  vertex 0.0389290154 -0.00302739674 -0.00225705933
  vertex 0.0389401391 -0.00302739674 -0.00288564619
  vertex 0.0388900824 -0.00239314395 -0.00225705933
  endloop
 endfacet

 facet normal 0.996332407 0.0845390335 0.0132215079
  outer loop
  vertex 0.0388900824 -0.00239314395 -0.00225705933
  vertex 0.0388984233 -0.00239314395 -0.00288564619
  vertex 0.0388372466 -0.00177042326 -0.00225705933
  endloop
 endfacet

 facet normal 0.987579763 0.083796382 0.132907689
  outer loop
  vertex 0.0388900824 -0.00239314395 -0.00225705933
  vertex 0.0388372466 -0.00177042326 -0.00225705933
  vertex 0.038653709 -0.000132898145 -0.00192570034
  endloop
 endfacet

 facet normal 0.977043211 0.0728281736 0.200206995
  outer loop
  vertex 0.0388900824 -0.00239314395 -0.00225705933
  vertex 0.038653709 -0.000132898145 -0.00192570034
  vertex 0.0386759527 -0.000513449719 -0.00189583527
  endloop
 endfacet

 facet normal 0.997756779 0.0656224713 0.0132404109
  outer loop
  vertex 0.0388900824 -0.00239314395 -0.00225705933
  vertex 0.0389401391 -0.00302739674 -0.00288564619
  vertex 0.0388984233 -0.00239314395 -0.00288564619
  endloop
 endfacet

 facet normal 0.989457965 0.0875590295 0.115353569
  outer loop
  vertex 0.038653709 -0.000132898145 -0.00192570034
  vertex 0.0388372466 -0.00177042326 -0.00225705933
  vertex 0.038781628 -0.0011419364 -0.00225705933
  endloop
 endfacet

 facet normal 0.992018819 0.100957923 0.0755405053
  outer loop
  vertex 0.038653709 -0.000132898145 -0.00192570034
  vertex 0.038781628 -0.0011419364 -0.00225705933
  vertex 0.0387176685 -0.000513449719 -0.00225705933
  endloop
 endfacet

 facet normal 0.990139365 0.135516137 0.0354890972
  outer loop
  vertex 0.038653709 -0.000132898145 -0.00192570034
  vertex 0.0387176685 -0.000513449719 -0.00225705933
  vertex 0.0386592709 -8.6770684e-05 -0.00225705933
  endloop
 endfacet

 facet normal 0.982809901 0.17988579 0.0415426008
  outer loop
  vertex 0.038653709 -0.000132898145 -0.00192570034
  vertex 0.0386592709 -8.6770684e-05 -0.00225705933
  vertex 0.0382782891 0.0019947316 -0.00225705933
  endloop
 endfacet

 facet normal 0.968851984 0.194771647 0.152937502
  outer loop
  vertex 0.038653709 -0.000132898145 -0.00192570034
  vertex 0.0382782891 0.0019947316 -0.00225705933
  vertex 0.0380252264 0.00299223769 -0.00192427798
  endloop
 endfacet

 facet normal 0.840545654 0.1688039 0.51477015
  outer loop
  vertex 0.038653709 -0.000132898145 -0.00192570034
  vertex 0.0380252264 0.00299223769 -0.00192427798
  vertex 0.0380697213 0.00262321811 -0.00187592523
  endloop
 endfacet

 facet normal 0.972014368 0.21504733 0.0945664346
  outer loop
  vertex 0.0380252264 0.00299223769 -0.00192427798
  vertex 0.0382782891 0.0019947316 -0.00225705933
  vertex 0.0381392427 0.00262321811 -0.00225705933
  endloop
 endfacet

 facet normal 0.966157317 0.252958059 0.0505205989
  outer loop
  vertex 0.0380252264 0.00299223769 -0.00192427798
  vertex 0.0381392427 0.00262321811 -0.00225705933
  vertex 0.0380335674 0.00302683376 -0.00225705933
  endloop
 endfacet

 facet normal 0.962767541 0.265336752 0.0517225079
  outer loop
  vertex 0.0380252264 0.00299223769 -0.00192427798
  vertex 0.0380335674 0.00302683376 -0.00225705933
  vertex 0.0376219973 0.00452021044 -0.00225705933
  endloop
 endfacet

 facet normal 0.948185146 0.282070249 0.146224275
  outer loop
  vertex 0.0380252264 0.00299223769 -0.00192427798
  vertex 0.0376219973 0.00452021044 -0.00225705933
  vertex 0.0374328978 0.00496418681 -0.00188730238
  endloop
 endfacet

 facet normal 0.947135687 0.291144729 0.134791598
  outer loop
  vertex 0.0374328978 0.00496418681 -0.00188730238
  vertex 0.0376219973 0.00452021044 -0.00225705933
  vertex 0.0374607071 0.00504491013 -0.00225705933
  endloop
 endfacet

 facet normal 0.932833076 0.330970973 0.142410606
  outer loop
  vertex 0.0374328978 0.00496418681 -0.00188730238
  vertex 0.0374607071 0.00504491013 -0.00225705933
  vertex 0.0367849506 0.00679775421 -0.00190436817
  endloop
 endfacet

 facet normal 0.916591406 0.386810958 0.101180397
  outer loop
  vertex 0.0367849506 0.00679775421 -0.00190436817
  vertex 0.036804419 0.00684388168 -0.00225705933
  vertex 0.0366681553 0.00716677401 -0.00225705933
  endloop
 endfacet

 facet normal 0.90846467 0.400806636 0.118515328
  outer loop
  vertex 0.0367849506 0.00679775421 -0.00190436817
  vertex 0.0366681553 0.00716677401 -0.00225705933
  vertex 0.0362204313 0.00818157848 -0.00225705933
  endloop
 endfacet

 facet normal 0.935078263 0.341129392 0.0962262079
  outer loop
  vertex 0.0367849506 0.00679775421 -0.00190436817
  vertex 0.0374607071 0.00504491013 -0.00225705933
  vertex 0.036804419 0.00684388168 -0.00225705933
  endloop
 endfacet

 facet normal 0.643558264 -0.765333593 0.00986634195
  outer loop
  vertex 0.0275802203 -0.0280688461 -0.00288564619
  vertex 0.028581338 -0.0272270199 -0.00288564619
  vertex 0.0285785571 -0.0272212531 -0.00225705933
  endloop
 endfacet

 facet normal 0.638739169 -0.769091725 0.0225875713
  outer loop
  vertex 0.0275802203 -0.0280688461 -0.00288564619
  vertex 0.0285785571 -0.0272212531 -0.00225705933
  vertex 0.0275718756 -0.0280573145 -0.00225705933
  endloop
 endfacet

 facet normal 0.654331088 -0.756144285 0.00982969161
  outer loop
  vertex 0.0285785571 -0.0272212531 -0.00225705933
  vertex 0.028581338 -0.0272270199 -0.00288564619
  vertex 0.0292515326 -0.0266388934 -0.00225705933
  endloop
 endfacet

 facet normal 0.657653451 -0.753311813 0.00363726332
  outer loop
  vertex 0.0292515326 -0.0266388934 -0.00225705933
  vertex 0.028581338 -0.0272270199 -0.00288564619
  vertex 0.0288983583 -0.026950255 -0.00288564619
  endloop
 endfacet

 facet normal 0.708693445 -0.705451131 0.00960510317
  outer loop
  vertex 0.0292515326 -0.0266388934 -0.00225705933
  vertex 0.0305112731 -0.0253819227 -0.00288564619
  vertex 0.0305084921 -0.025376156 -0.00225705933
  endloop
 endfacet

 facet normal 0.713531375 -0.700557888 0.00958161335
  outer loop
  vertex 0.0305084921 -0.025376156 -0.00225705933
  vertex 0.0305112731 -0.0253819227 -0.00288564619
  vertex 0.0308282953 -0.0250590295 -0.00288564619
  endloop
 endfacet

 facet normal 0.716587484 -0.697380841 0.0127392961
  outer loop
  vertex 0.0305084921 -0.025376156 -0.00225705933
  vertex 0.0308282953 -0.0250590295 -0.00288564619
  vertex 0.0308227316 -0.0250532627 -0.00225705933
  endloop
 endfacet

 facet normal 0.71967274 -0.694196701 0.0127373971
  outer loop
  vertex 0.0308227316 -0.0250532627 -0.00225705933
  vertex 0.0308282953 -0.0250590295 -0.00288564619
  vertex 0.0311230682 -0.0247419029 -0.00225705933
  endloop
 endfacet

 facet normal 0.71889931 -0.69345057 0.0480633043
  outer loop
  vertex 0.0308227316 -0.0250532627 -0.00225705933
  vertex 0.0311230682 -0.0247419029 -0.00225705933
  vertex 0.0311119445 -0.0247303713 -0.00192427798
  endloop
 endfacet

 facet normal 0.766261816 -0.640746593 0.0478203222
  outer loop
  vertex 0.0311119445 -0.0247303713 -0.00192427798
  vertex 0.0311230682 -0.0247419029 -0.00225705933
  vertex 0.0325357579 -0.0230524838 -0.00225705933
  endloop
 endfacet

 facet normal 0.764769256 -0.605033159 0.221501634
  outer loop
  vertex 0.0311119445 -0.0247303713 -0.00192427798
  vertex 0.0325357579 -0.0230524838 -0.00225705933
  vertex 0.0330390967 -0.0222798493 -0.00188445812
  endloop
 endfacet

 facet normal 0.686928272 -0.547974348 0.477340192
  outer loop
  vertex 0.0311119445 -0.0247303713 -0.00192427798
  vertex 0.0330390967 -0.0222798493 -0.00188445812
  vertex 0.0324690156 -0.0229659937 -0.00185174879
  endloop
 endfacet

 facet normal 0.71038866 -0.48564133 0.509411931
  outer loop
  vertex 0.0343071818 -0.0204174537 -0.00187734747
  vertex 0.0330390967 -0.0222798493 -0.00188445812
  vertex 0.0336063989 -0.0215648729 -0.00199396303
  endloop
 endfacet

 facet normal 0.834871888 -0.526287258 0.161278024
  outer loop
  vertex 0.0343071818 -0.0204174537 -0.00187734747
  vertex 0.0336063989 -0.0215648729 -0.00199396303
  vertex 0.034340553 -0.0204808787 -0.00225705933
  endloop
 endfacet

 facet normal 0.845436752 -0.509721398 0.15943937
  outer loop
  vertex 0.0343071818 -0.0204174537 -0.00187734747
  vertex 0.034340553 -0.0204808787 -0.00225705933
  vertex 0.0355057456 -0.018445503 -0.0019285446
  endloop
 endfacet

 facet normal 0.54971379 -0.314021587 0.774083495
  outer loop
  vertex 0.0343071818 -0.0204174537 -0.00187734747
  vertex 0.0355057456 -0.018445503 -0.0019285446
  vertex 0.0349662527 -0.0192181375 -0.00185885944
  endloop
 endfacet

 facet normal 0.901754975 -0.429833621 0.0456210114
  outer loop
  vertex 0.0355057456 -0.018445503 -0.0019285446
  vertex 0.0355168693 -0.0184570346 -0.00225705933
  vertex 0.0361231007 -0.0171597004 -0.00201671734
  endloop
 endfacet

 facet normal 0.81210202 -0.358336508 0.460527182
  outer loop
  vertex 0.0355057456 -0.018445503 -0.0019285446
  vertex 0.0361231007 -0.0171597004 -0.00201671734
  vertex 0.0368071981 -0.0154356854 -0.00188161375
  endloop
 endfacet

 facet normal 0.863620162 -0.501960456 0.0468616709
  outer loop
  vertex 0.0355057456 -0.018445503 -0.0019285446
  vertex 0.034340553 -0.0204808787 -0.00225705933
  vertex 0.0355168693 -0.0184570346 -0.00225705933
  endloop
 endfacet

 facet normal 0.776706338 -0.599364579 0.193621561
  outer loop
  vertex 0.0330390967 -0.0222798493 -0.00188445812
  vertex 0.0325357579 -0.0230524838 -0.00225705933
  vertex 0.0328472182 -0.0226488691 -0.00225705933
  endloop
 endfacet

 facet normal 0.783496022 -0.593447804 0.184265152
  outer loop
  vertex 0.0330390967 -0.0222798493 -0.00188445812
  vertex 0.0328472182 -0.0226488691 -0.00225705933
  vertex 0.0336063989 -0.0215648729 -0.00199396303
  endloop
 endfacet

 facet normal 0.914992034 -0.365638196 0.170582354
  outer loop
  vertex 0.0368071981 -0.0154356854 -0.00188161375
  vertex 0.0367182121 -0.0158335343 -0.00225705933
  vertex 0.0373828448 -0.014023032 -0.00194134377
  endloop
 endfacet

 facet normal 0.641901493 -0.230649054 0.73127526
  outer loop
  vertex 0.0368071981 -0.0154356854 -0.00188161375
  vertex 0.0373828448 -0.014023032 -0.00194134377
  vertex 0.0374356806 -0.0137001397 -0.00188588013
  endloop
 endfacet

 facet normal 0.909025431 -0.374959439 0.181874037
  outer loop
  vertex 0.0368071981 -0.0154356854 -0.00188161375
  vertex 0.0361231007 -0.0171597004 -0.00201671734
  vertex 0.0367182121 -0.0158335343 -0.00225705933
  endloop
 endfacet

 facet normal 0.791661263 -0.22697714 0.567233443
  outer loop
  vertex 0.0374356806 -0.0137001397 -0.00188588013
  vertex 0.0373828448 -0.014023032 -0.00194134377
  vertex 0.0380446948 -0.0116186384 -0.00190294592
  endloop
 endfacet

 facet normal 0.964352608 -0.243125051 0.104471371
  outer loop
  vertex 0.0380446948 -0.0116186384 -0.00190294592
  vertex 0.0380641595 -0.011693595 -0.00225705933
  vertex 0.0381920822 -0.0111861927 -0.00225705933
  endloop
 endfacet

 facet normal 0.96691978 -0.192524835 0.167333215
  outer loop
  vertex 0.0380446948 -0.0116186384 -0.00190294592
  vertex 0.0381920822 -0.0111861927 -0.00225705933
  vertex 0.0383172184 -0.0105577065 -0.00225705933
  endloop
 endfacet

 facet normal 0.966906011 -0.192476019 0.16746892
  outer loop
  vertex 0.0380446948 -0.0116186384 -0.00190294592
  vertex 0.0383172184 -0.0105577065 -0.00225705933
  vertex 0.038664829 -0.00851079915 -0.00191147882
  endloop
 endfacet

 facet normal 0.957965374 -0.265434742 0.108842693
  outer loop
  vertex 0.0380446948 -0.0116186384 -0.00190294592
  vertex 0.0373828448 -0.014023032 -0.00194134377
  vertex 0.0380641595 -0.011693595 -0.00225705933
  endloop
 endfacet

 facet normal 0.990142524 -0.123232745 0.0665692091
  outer loop
  vertex 0.038664829 -0.00851079915 -0.00191147882
  vertex 0.0386787355 -0.00858575664 -0.00225705933
  vertex 0.0387454741 -0.00804952439 -0.00225705933
  endloop
 endfacet

 facet normal 0.989557207 -0.08677762 0.115092278
  outer loop
  vertex 0.038664829 -0.00851079915 -0.00191147882
  vertex 0.0387454741 -0.00804952439 -0.00225705933
  vertex 0.0388010927 -0.0074152723 -0.00225705933
  endloop
 endfacet

 facet normal 0.989275694 -0.0857498869 0.118239328
  outer loop
  vertex 0.038664829 -0.00851079915 -0.00191147882
  vertex 0.0388010927 -0.0074152723 -0.00225705933
  vertex 0.038909547 -0.00616406463 -0.00225705933
  endloop
 endfacet

 facet normal 0.971748769 -0.0680542812 0.225993544
  outer loop
  vertex 0.038664829 -0.00851079915 -0.00191147882
  vertex 0.038909547 -0.00616406463 -0.00225705933
  vertex 0.0386898592 -0.00804952439 -0.00188019173
  endloop
 endfacet

 facet normal 0.980576158 -0.179767862 0.0784468427
  outer loop
  vertex 0.038664829 -0.00851079915 -0.00191147882
  vertex 0.0383172184 -0.0105577065 -0.00225705933
  vertex 0.0386787355 -0.00858575664 -0.00225705933
  endloop
 endfacet

 facet normal 0.956501126 -0.054151874 0.286658555
  outer loop
  vertex 0.0386898592 -0.00804952439 -0.00188019173
  vertex 0.038909547 -0.00616406463 -0.00225705933
  vertex 0.0387176685 -0.0074152723 -0.0018531708
  endloop
 endfacet

 facet normal 0.996177316 -0.0863481089 0.0132194497
  outer loop
  vertex 0.038909547 -0.00616406463 -0.00225705933
  vertex 0.0388010927 -0.0074152723 -0.00225705933
  vertex 0.0388094373 -0.0074152723 -0.00288564619
  endloop
 endfacet

 facet normal 0.996413589 -0.0841563046 0.00881901942
  outer loop
  vertex 0.038909547 -0.00616406463 -0.00225705933
  vertex 0.0388094373 -0.0074152723 -0.00288564619
  vertex 0.0389151126 -0.00616406463 -0.00288564619
  endloop
 endfacet

 facet normal 0.99802047 -0.0622683354 0.00883324072
  outer loop
  vertex 0.038909547 -0.00616406463 -0.00225705933
  vertex 0.0389151126 -0.00616406463 -0.00288564619
  vertex 0.038945701 -0.0056566624 -0.00276476424
  endloop
 endfacet

 facet normal 0.708726764 0.705483139 0
  outer loop
  vertex 0.0294600986 0.0176665392 -0.00539999362
  vertex 0.0294600986 0.0176665392 -0.00288564619
  vertex 0.03071706 0.0164037999 -0.00288564619
  endloop
 endfacet

 facet normal 0.708726764 0.705483139 0
  outer loop
  vertex 0.0294600986 0.0176665392 -0.00539999362
  vertex 0.03071706 0.0164037999 -0.00288564619
  vertex 0.03071706 0.0164037999 -0.00539999362
  endloop
 endfacet

 facet normal 0.71033448 0.703864336 0
  outer loop
  vertex 0.03071706 0.0164037999 -0.00539999362
  vertex 0.03071706 0.0164037999 -0.00288564619
  vertex 0.0310312975 0.0160866715 -0.00288564619
  endloop
 endfacet

 facet normal 0.71033448 0.703864336 0
  outer loop
  vertex 0.03071706 0.0164037999 -0.00539999362
  vertex 0.0310312975 0.0160866715 -0.00288564619
  vertex 0.0310312975 0.0160866715 -0.00539999362
  endloop
 endfacet

 facet normal 0.765014529 0.644013047 0
  outer loop
  vertex 0.0310312975 0.0160866715 -0.00539999362
  vertex 0.0310312975 0.0160866715 -0.00288564619
  vertex 0.0312982649 0.0157695469 -0.00288564619
  endloop
 endfacet

 facet normal 0.765014529 0.644013047 0
  outer loop
  vertex 0.0310312975 0.0160866715 -0.00539999362
  vertex 0.0312982649 0.0157695469 -0.00288564619
  vertex 0.0312982649 0.0157695469 -0.00539999362
  endloop
 endfacet

 facet normal 0.765336454 0.643630505 0
  outer loop
  vertex 0.0312982649 0.0157695469 -0.00539999362
  vertex 0.0312982649 0.0157695469 -0.00288564619
  vertex 0.03245233 0.0143972542 -0.00288564619
  endloop
 endfacet

 facet normal 0.765336454 0.643630505 0
  outer loop
  vertex 0.0312982649 0.0157695469 -0.00539999362
  vertex 0.03245233 0.0143972542 -0.00288564619
  vertex 0.03245233 0.0143972542 -0.00539999362
  endloop
 endfacet

 facet normal 0.793249726 0.608896494 0
  outer loop
  vertex 0.03245233 0.0143972542 -0.00539999362
  vertex 0.03245233 0.0143972542 -0.00288564619
  vertex 0.0327665731 0.0139878727 -0.00225705933
  endloop
 endfacet

 facet normal 0.793249726 0.608896494 0
  outer loop
  vertex 0.03245233 0.0143972542 -0.00539999362
  vertex 0.0327665731 0.0139878727 -0.00225705933
  vertex 0.0327665731 0.0139878727 -0.00539999362
  endloop
 endfacet

 facet normal 0.796481013 0.60466361 0
  outer loop
  vertex 0.0327665731 0.0139878727 -0.00539999362
  vertex 0.0327665731 0.0139878727 -0.00225705933
  vertex 0.0330029465 0.013676513 -0.00288564619
  endloop
 endfacet

 facet normal 0.796481013 0.60466361 0
  outer loop
  vertex 0.0327665731 0.0139878727 -0.00539999362
  vertex 0.0330029465 0.013676513 -0.00288564619
  vertex 0.0330029465 0.013676513 -0.00539999362
  endloop
 endfacet

 facet normal 0.819489181 0.573094726 0
  outer loop
  vertex 0.0330029465 0.013676513 -0.00539999362
  vertex 0.0330029465 0.013676513 -0.00288564619
  vertex 0.0332448855 0.0133305565 -0.00288564619
  endloop
 endfacet

 facet normal 0.819489181 0.573094726 0
  outer loop
  vertex 0.0330029465 0.013676513 -0.00539999362
  vertex 0.0332448855 0.0133305565 -0.00288564619
  vertex 0.0332448855 0.0133305565 -0.00539999362
  endloop
 endfacet

 facet normal 0.819708824 0.57278049 0
  outer loop
  vertex 0.0332448855 0.0133305565 -0.00539999362
  vertex 0.0332448855 0.0133305565 -0.00288564619
  vertex 0.033756569 0.0125982836 -0.00288564619
  endloop
 endfacet

 facet normal 0.819708824 0.57278049 0
  outer loop
  vertex 0.0332448855 0.0133305565 -0.00539999362
  vertex 0.033756569 0.0125982836 -0.00288564619
  vertex 0.033756569 0.0125982836 -0.00539999362
  endloop
 endfacet

 facet normal 0.826449573 0.563010871 0
  outer loop
  vertex 0.033756569 0.0125982836 -0.00539999362
  vertex 0.033756569 0.0125982836 -0.00288564619
  vertex 0.0340708084 0.0121370088 -0.00288564619
  endloop
 endfacet

 facet normal 0.826449573 0.563010871 0
  outer loop
  vertex 0.033756569 0.0125982836 -0.00539999362
  vertex 0.0340708084 0.0121370088 -0.00288564619
  vertex 0.0340708084 0.0121370088 -0.00539999362
  endloop
 endfacet

 facet normal 0.827391982 0.561625004 0
  outer loop
  vertex 0.0340708084 0.0121370088 -0.00539999362
  vertex 0.0340708084 0.0121370088 -0.00288564619
  vertex 0.0342821553 0.0118256481 -0.00288564619
  endloop
 endfacet

 facet normal 0.827391982 0.561625004 0
  outer loop
  vertex 0.0340708084 0.0121370088 -0.00539999362
  vertex 0.0342821553 0.0118256481 -0.00288564619
  vertex 0.0342821553 0.0118256481 -0.00539999362
  endloop
 endfacet

 facet normal 0.86387676 0.503703356 0
  outer loop
  vertex 0.0342821553 0.0118256481 -0.00539999362
  vertex 0.0342821553 0.0118256481 -0.00288564619
  vertex 0.034507405 0.0114393309 -0.00288564619
  endloop
 endfacet

 facet normal 0.86387676 0.503703356 0
  outer loop
  vertex 0.0342821553 0.0118256481 -0.00539999362
  vertex 0.034507405 0.0114393309 -0.00288564619
  vertex 0.034507405 0.0114393309 -0.00539999362
  endloop
 endfacet

 facet normal 0.865996778 0.500049591 0
  outer loop
  vertex 0.034507405 0.0114393309 -0.00539999362
  vertex 0.034507405 0.0114393309 -0.00288564619
  vertex 0.0352332182 0.0101823565 -0.00288564619
  endloop
 endfacet

 facet normal 0.865996778 0.500049591 0
  outer loop
  vertex 0.034507405 0.0114393309 -0.00539999362
  vertex 0.0352332182 0.0101823565 -0.00288564619
  vertex 0.0352332182 0.0101823565 -0.00539999362
  endloop
 endfacet

 facet normal 0.866577566 0.499042392 0
  outer loop
  vertex 0.0352332182 0.0101823565 -0.00539999362
  vertex 0.0352332182 0.0101823565 -0.00288564619
  vertex 0.0354556888 0.0097960392 -0.00288564619
  endloop
 endfacet

 facet normal 0.866577566 0.499042392 0
  outer loop
  vertex 0.0352332182 0.0101823565 -0.00539999362
  vertex 0.0354556888 0.0097960392 -0.00288564619
  vertex 0.0354556888 0.0097960392 -0.00539999362
  endloop
 endfacet

 facet normal 0.882790565 0.448177397 -0.140775636
  outer loop
  vertex 0.0354556888 0.0097960392 -0.00539999362
  vertex 0.0355669223 0.00957693439 -0.00539999362
  vertex 0.035578046 0.00939242449 -0.00591765344
  endloop
 endfacet

 facet normal 0.891670346 0.452685446 0
  outer loop
  vertex 0.0354556888 0.0097960392 -0.00539999362
  vertex 0.0354556888 0.0097960392 -0.00288564619
  vertex 0.0355669223 0.00957693439 -0.00288564619
  endloop
 endfacet

 facet normal 0.891670346 0.452685446 0
  outer loop
  vertex 0.0354556888 0.0097960392 -0.00539999362
  vertex 0.0355669223 0.00957693439 -0.00288564619
  vertex 0.0355669223 0.00957693439 -0.00539999362
  endloop
 endfacet

 facet normal 0.892560482 0.4304775 -0.134256929
  outer loop
  vertex 0.035578046 0.00939242449 -0.00591765344
  vertex 0.0355669223 0.00957693439 -0.00539999362
  vertex 0.0358839445 0.00891961809 -0.00539999362
  endloop
 endfacet

 facet normal 0.916356683 0.400362879 0
  outer loop
  vertex 0.0364707112 0.00765687786 -0.00539999362
  vertex 0.0364707112 0.00765687786 -0.00288564619
  vertex 0.0366848409 0.00716677401 -0.00288564619
  endloop
 endfacet

 facet normal 0.916356683 0.400362879 0
  outer loop
  vertex 0.0364707112 0.00765687786 -0.00539999362
  vertex 0.0366848409 0.00716677401 -0.00288564619
  vertex 0.0366848409 0.00716677401 -0.00539999362
  endloop
 endfacet

 facet normal 0.906873345 0.421403468 0
  outer loop
  vertex 0.0364707112 0.00765687786 -0.00539999362
  vertex 0.0358839445 0.00891961809 -0.00539999362
  vertex 0.0358839445 0.00891961809 -0.00288564619
  endloop
 endfacet

 facet normal 0.906873345 0.421403468 0
  outer loop
  vertex 0.0364707112 0.00765687786 -0.00539999362
  vertex 0.0358839445 0.00891961809 -0.00288564619
  vertex 0.0364707112 0.00765687786 -0.00288564619
  endloop
 endfacet

 facet normal 0.900715053 0.434410423 0
  outer loop
  vertex 0.0358839445 0.00891961809 -0.00539999362
  vertex 0.0355669223 0.00957693439 -0.00539999362
  vertex 0.0355669223 0.00957693439 -0.00288564619
  endloop
 endfacet

 facet normal 0.900715053 0.434410423 0
  outer loop
  vertex 0.0358839445 0.00891961809 -0.00539999362
  vertex 0.0355669223 0.00957693439 -0.00288564619
  vertex 0.0358839445 0.00891961809 -0.00288564619
  endloop
 endfacet

 facet normal 0.930712163 0.365752697 0
  outer loop
  vertex 0.0366848409 0.00716677401 -0.00539999362
  vertex 0.0366848409 0.00716677401 -0.00288564619
  vertex 0.0368071981 0.00685541332 -0.00288564619
  endloop
 endfacet

 facet normal 0.930712163 0.365752697 0
  outer loop
  vertex 0.0366848409 0.00716677401 -0.00539999362
  vertex 0.0368071981 0.00685541332 -0.00288564619
  vertex 0.0368071981 0.00685541332 -0.00539999362
  endloop
 endfacet

 facet normal 0.939438045 0.342718899 0
  outer loop
  vertex 0.0368071981 0.00685541332 -0.00539999362
  vertex 0.0368071981 0.00685541332 -0.00288564619
  vertex 0.0374634862 0.00505644223 -0.00288564619
  endloop
 endfacet

 facet normal 0.939438045 0.342718899 0
  outer loop
  vertex 0.0368071981 0.00685541332 -0.00539999362
  vertex 0.0374634862 0.00505644223 -0.00288564619
  vertex 0.0374634862 0.00505644223 -0.00539999362
  endloop
 endfacet

 facet normal 0.953430951 0.301611751 0
  outer loop
  vertex 0.0374634862 0.00505644223 -0.00539999362
  vertex 0.0374634862 0.00505644223 -0.00288564619
  vertex 0.037633121 0.00452021044 -0.00288564619
  endloop
 endfacet

 facet normal 0.953430951 0.301611751 0
  outer loop
  vertex 0.0374634862 0.00505644223 -0.00539999362
  vertex 0.037633121 0.00452021044 -0.00288564619
  vertex 0.037633121 0.00452021044 -0.00539999362
  endloop
 endfacet

 facet normal 0.962146044 0.265769452 -0.0603439882
  outer loop
  vertex 0.037633121 0.00452021044 -0.00539999362
  vertex 0.0378083177 0.00388595741 -0.00539999362
  vertex 0.0380280092 0.00300376955 -0.0057825502
  endloop
 endfacet

 facet normal 0.963902712 0.266254723 0
  outer loop
  vertex 0.037633121 0.00452021044 -0.00539999362
  vertex 0.037633121 0.00452021044 -0.00288564619
  vertex 0.0378083177 0.00388595741 -0.00288564619
  endloop
 endfacet

 facet normal 0.963902712 0.266254723 0
  outer loop
  vertex 0.037633121 0.00452021044 -0.00539999362
  vertex 0.0378083177 0.00388595741 -0.00288564619
  vertex 0.0378083177 0.00388595741 -0.00539999362
  endloop
 endfacet

 facet normal 0.966251016 0.25535351 -0.0339671001
  outer loop
  vertex 0.0380280092 0.00300376955 -0.0057825502
  vertex 0.0378083177 0.00388595741 -0.00539999362
  vertex 0.0381420255 0.00262321811 -0.00539999362
  endloop
 endfacet

 facet normal 0.970950425 0.231993288 -0.0586055182
  outer loop
  vertex 0.0380280092 0.00300376955 -0.0057825502
  vertex 0.0381420255 0.00262321811 -0.00539999362
  vertex 0.0382921919 0.0019947316 -0.00539999362
  endloop
 endfacet

 facet normal 0.968539655 0.194926903 -0.154707715
  outer loop
  vertex 0.0380280092 0.00300376955 -0.0057825502
  vertex 0.0382921919 0.0019947316 -0.00539999362
  vertex 0.0386564881 -0.000115600276 -0.00577828381
  endloop
 endfacet

 facet normal 0.889613807 0.157134652 -0.428830951
  outer loop
  vertex 0.0381309018 0.00201779511 -0.00608688826
  vertex 0.0386564881 -0.000115600276 -0.00577828381
  vertex 0.0386815183 -0.000513449719 -0.00587214483
  endloop
 endfacet

 facet normal 0.98434633 0.17262958 -0.0355167724
  outer loop
  vertex 0.0386564881 -0.000115600276 -0.00577828381
  vertex 0.0386064313 0.000247653516 -0.00539999362
  vertex 0.0386620499 -6.94729242e-05 -0.00539999362
  endloop
 endfacet

 facet normal 0.990156889 0.136442453 -0.0311896391
  outer loop
  vertex 0.0386564881 -0.000115600276 -0.00577828381
  vertex 0.0386620499 -6.94729242e-05 -0.00539999362
  vertex 0.0387232266 -0.000513449719 -0.00539999362
  endloop
 endfacet

 facet normal 0.992354333 0.105384313 -0.0642412826
  outer loop
  vertex 0.0386564881 -0.000115600276 -0.00577828381
  vertex 0.0387232266 -0.000513449719 -0.00539999362
  vertex 0.0387899727 -0.0011419364 -0.00539999362
  endloop
 endfacet

 facet normal 0.990011573 0.0882246047 -0.10997057
  outer loop
  vertex 0.0386564881 -0.000115600276 -0.00577828381
  vertex 0.0387899727 -0.0011419364 -0.00539999362
  vertex 0.0386815183 -0.000513449719 -0.00587214483
  endloop
 endfacet

 facet normal 0.980594993 0.182232708 -0.0722823963
  outer loop
  vertex 0.0386564881 -0.000115600276 -0.00577828381
  vertex 0.0382921919 0.0019947316 -0.00539999362
  vertex 0.0384089909 0.00136624451 -0.00539999362
  endloop
 endfacet

 facet normal 0.984117627 0.173707336 -0.0365819745
  outer loop
  vertex 0.0386564881 -0.000115600276 -0.00577828381
  vertex 0.0384089909 0.00136624451 -0.00539999362
  vertex 0.0386064313 0.000247653516 -0.00539999362
  endloop
 endfacet

 facet normal 0.989864826 0.0858009607 -0.113163009
  outer loop
  vertex 0.0386815183 -0.000513449719 -0.00587214483
  vertex 0.0387899727 -0.0011419364 -0.00539999362
  vertex 0.0388984233 -0.00239314395 -0.00539999362
  endloop
 endfacet

 facet normal 0.983549476 0.0718689114 -0.16572696
  outer loop
  vertex 0.0386815183 -0.000513449719 -0.00587214483
  vertex 0.0388984233 -0.00239314395 -0.00539999362
  vertex 0.0387121066 -0.0011419364 -0.00596316205
  endloop
 endfacet

 facet normal 0.858002841 0.114279494 -0.500770688
  outer loop
  vertex 0.0386815183 -0.000513449719 -0.00587214483
  vertex 0.0387121066 -0.0011419364 -0.00596316205
  vertex 0.0386203378 -0.00211061328 -0.00634145178
  endloop
 endfacet

 facet normal 0.910301089 0.0728923529 -0.407478452
  outer loop
  vertex 0.0386203378 -0.00211061328 -0.00634145178
  vertex 0.0387121066 -0.0011419364 -0.00596316205
  vertex 0.038742695 -0.00177042326 -0.00600724854
  endloop
 endfacet

 facet normal 0.947222233 0.049382586 -0.316751182
  outer loop
  vertex 0.0388010927 -0.00302739674 -0.00602858048
  vertex 0.0387454741 -0.00235278253 -0.00608973298
  vertex 0.038742695 -0.00177042326 -0.00600724854
  endloop
 endfacet

 facet normal 0.975225866 0.0489690602 -0.21572338
  outer loop
  vertex 0.0388010927 -0.00302739674 -0.00602858048
  vertex 0.038742695 -0.00177042326 -0.00600724854
  vertex 0.0389401391 -0.00302739674 -0.00539999362
  endloop
 endfacet

 facet normal 0.975951135 0.0302258711 -0.215883821
  outer loop
  vertex 0.0388010927 -0.00302739674 -0.00602858048
  vertex 0.0389401391 -0.00302739674 -0.00539999362
  vertex 0.0389596038 -0.00365588348 -0.00539999362
  endloop
 endfacet

 facet normal 0.979504049 0.0611400977 -0.191921234
  outer loop
  vertex 0.038742695 -0.00177042326 -0.00600724854
  vertex 0.0387121066 -0.0011419364 -0.00596316205
  vertex 0.0389401391 -0.00302739674 -0.00539999362
  endloop
 endfacet

 facet normal 0.999520779 0.0309558399 0
  outer loop
  vertex 0.0389596038 -0.00365588348 -0.00539999362
  vertex 0.0389401391 -0.00302739674 -0.00539999362
  vertex 0.0389401391 -0.00302739674 -0.00288564619
  endloop
 endfacet

 facet normal 0.999520779 0.0309558399 0
  outer loop
  vertex 0.0389596038 -0.00365588348 -0.00539999362
  vertex 0.0389401391 -0.00302739674 -0.00288564619
  vertex 0.0389596038 -0.00365588348 -0.00288564619
  endloop
 endfacet

 facet normal 0.998187959 -0.0601740256 0
  outer loop
  vertex 0.038945701 -0.0056566624 -0.00539999362
  vertex 0.038945701 -0.0056566624 -0.00276476424
  vertex 0.0389151126 -0.00616406463 -0.00288564619
  endloop
 endfacet

 facet normal 0.998187959 -0.0601740256 0
  outer loop
  vertex 0.038945701 -0.0056566624 -0.00539999362
  vertex 0.0389151126 -0.00616406463 -0.00288564619
  vertex 0.0389151126 -0.00616406463 -0.00539999362
  endloop
 endfacet

 facet normal 0.996452391 -0.0841595903 0
  outer loop
  vertex 0.0389151126 -0.00616406463 -0.00539999362
  vertex 0.0389151126 -0.00616406463 -0.00288564619
  vertex 0.0388094373 -0.0074152723 -0.00288564619
  endloop
 endfacet

 facet normal 0.996452391 -0.0841595903 0
  outer loop
  vertex 0.0389151126 -0.00616406463 -0.00539999362
  vertex 0.0388094373 -0.0074152723 -0.00288564619
  vertex 0.0388094373 -0.0074152723 -0.00539999362
  endloop
 endfacet

 facet normal 0.996177435 -0.0873522907 0
  outer loop
  vertex 0.0388094373 -0.0074152723 -0.00539999362
  vertex 0.0388094373 -0.0074152723 -0.00288564619
  vertex 0.0387538187 -0.00804952439 -0.00288564619
  endloop
 endfacet

 facet normal 0.996177435 -0.0873522907 0
  outer loop
  vertex 0.0388094373 -0.0074152723 -0.00539999362
  vertex 0.0387538187 -0.00804952439 -0.00288564619
  vertex 0.0387538187 -0.00804952439 -0.00539999362
  endloop
 endfacet

 facet normal 0.991400719 -0.130861029 0
  outer loop
  vertex 0.0387538187 -0.00804952439 -0.00539999362
  vertex 0.0387538187 -0.00804952439 -0.00288564619
  vertex 0.0386815183 -0.00859728828 -0.00288564619
  endloop
 endfacet

 facet normal 0.991400719 -0.130861029 0
  outer loop
  vertex 0.0387538187 -0.00804952439 -0.00539999362
  vertex 0.0386815183 -0.00859728828 -0.00288564619
  vertex 0.0386815183 -0.00859728828 -0.00539999362
  endloop
 endfacet

 facet normal 0.984786928 -0.173766494 0
  outer loop
  vertex 0.0386815183 -0.00859728828 -0.00539999362
  vertex 0.0386815183 -0.00859728828 -0.00288564619
  vertex 0.0385563746 -0.00930649787 -0.00288564619
  endloop
 endfacet

 facet normal 0.984786928 -0.173766494 0
  outer loop
  vertex 0.0386815183 -0.00859728828 -0.00539999362
  vertex 0.0385563746 -0.00930649787 -0.00288564619
  vertex 0.0385563746 -0.00930649787 -0.00539999362
  endloop
 endfacet

 facet normal 0.984557927 -0.175059661 0
  outer loop
  vertex 0.0385563746 -0.00930649787 -0.00539999362
  vertex 0.0385563746 -0.00930649787 -0.00288564619
  vertex 0.038333904 -0.0105577065 -0.00288564619
  endloop
 endfacet

 facet normal 0.984557927 -0.175059661 0
  outer loop
  vertex 0.0385563746 -0.00930649787 -0.00539999362
  vertex 0.038333904 -0.0105577065 -0.00288564619
  vertex 0.038333904 -0.0105577065 -0.00539999362
  endloop
 endfacet

 facet normal 0.977293611 -0.211889833 0
  outer loop
  vertex 0.038333904 -0.0105577065 -0.00539999362
  vertex 0.038333904 -0.0105577065 -0.00288564619
  vertex 0.0381976403 -0.0111861927 -0.00288564619
  endloop
 endfacet

 facet normal 0.977293611 -0.211889833 0
  outer loop
  vertex 0.038333904 -0.0105577065 -0.00539999362
  vertex 0.0381976403 -0.0111861927 -0.00288564619
  vertex 0.0381976403 -0.0111861927 -0.00539999362
  endloop
 endfacet

 facet normal 0.968389034 -0.249444544 0
  outer loop
  vertex 0.0381976403 -0.0111861927 -0.00539999362
  vertex 0.0381976403 -0.0111861927 -0.00288564619
  vertex 0.0380669422 -0.011693595 -0.00288564619
  endloop
 endfacet

 facet normal 0.968389034 -0.249444544 0
  outer loop
  vertex 0.0381976403 -0.0111861927 -0.00539999362
  vertex 0.0380669422 -0.011693595 -0.00288564619
  vertex 0.0380669422 -0.011693595 -0.00539999362
  endloop
 endfacet

 facet normal 0.965819061 -0.259217232 0
  outer loop
  vertex 0.0380669422 -0.011693595 -0.00539999362
  vertex 0.0380669422 -0.011693595 -0.00288564619
  vertex 0.0376970805 -0.0130716534 -0.00288564619
  endloop
 endfacet

 facet normal 0.965819061 -0.259217232 0
  outer loop
  vertex 0.0380669422 -0.011693595 -0.00539999362
  vertex 0.0376970805 -0.0130716534 -0.00288564619
  vertex 0.0376970805 -0.0130716534 -0.00539999362
  endloop
 endfacet

 facet normal 0.955229998 -0.295864314 0
  outer loop
  vertex 0.0376970805 -0.0130716534 -0.00539999362
  vertex 0.0376970805 -0.0130716534 -0.00288564619
  vertex 0.0375024192 -0.0137001397 -0.00288564619
  endloop
 endfacet

 facet normal 0.955229998 -0.295864314 0
  outer loop
  vertex 0.0376970805 -0.0130716534 -0.00539999362
  vertex 0.0375024192 -0.0137001397 -0.00288564619
  vertex 0.0375024192 -0.0137001397 -0.00539999362
  endloop
 endfacet

 facet normal 0.911278844 -0.411789834 0
  outer loop
  vertex 0.0365652628 -0.0162083209 -0.00539999362
  vertex 0.0365652628 -0.0162083209 -0.00288564619
  vertex 0.0362760499 -0.0168483388 -0.00288564619
  endloop
 endfacet

 facet normal 0.911278844 -0.411789834 0
  outer loop
  vertex 0.0365652628 -0.0162083209 -0.00539999362
  vertex 0.0362760499 -0.0168483388 -0.00288564619
  vertex 0.0362760499 -0.0168483388 -0.00539999362
  endloop
 endfacet

 facet normal 0.909790039 -0.415068716 0
  outer loop
  vertex 0.0362760499 -0.0168483388 -0.00539999362
  vertex 0.0362760499 -0.0168483388 -0.00288564619
  vertex 0.0359840579 -0.0174883585 -0.00288564619
  endloop
 endfacet

 facet normal 0.909790039 -0.415068716 0
  outer loop
  vertex 0.0362760499 -0.0168483388 -0.00539999362
  vertex 0.0359840579 -0.0174883585 -0.00288564619
  vertex 0.0359840579 -0.0174883585 -0.00539999362
  endloop
 endfacet

 facet normal 0.944762707 -0.327755183 0
  outer loop
  vertex 0.0375024192 -0.0137001397 -0.00539999362
  vertex 0.0375024192 -0.0137001397 -0.00288564619
  vertex 0.037388403 -0.0140287979 -0.00288564619
  endloop
 endfacet

 facet normal 0.944762707 -0.327755183 0
  outer loop
  vertex 0.0375024192 -0.0137001397 -0.00539999362
  vertex 0.037388403 -0.0140287979 -0.00288564619
  vertex 0.037388403 -0.0140287979 -0.00539999362
  endloop
 endfacet

 facet normal 0.940370619 -0.340151906 0
  outer loop
  vertex 0.037388403 -0.0140287979 -0.00539999362
  vertex 0.037388403 -0.0140287979 -0.00288564619
  vertex 0.0368461311 -0.0155279413 -0.00288564619
  endloop
 endfacet

 facet normal 0.940370619 -0.340151906 0
  outer loop
  vertex 0.037388403 -0.0140287979 -0.00539999362
  vertex 0.0368461311 -0.0155279413 -0.00288564619
  vertex 0.0368461311 -0.0155279413 -0.00539999362
  endloop
 endfacet

 facet normal 0.938279331 -0.345568329 0.0146413632
  outer loop
  vertex 0.0367293321 -0.0158450659 -0.00288564619
  vertex 0.0368461311 -0.0155279413 -0.00288564619
  vertex 0.0368405692 -0.0155164097 -0.00225705933
  endloop
 endfacet

 facet normal 0.932713926 -0.359876096 0.0231070556
  outer loop
  vertex 0.0367293321 -0.0158450659 -0.00288564619
  vertex 0.0368405692 -0.0155164097 -0.00225705933
  vertex 0.0367182121 -0.0158335343 -0.00225705933
  endloop
 endfacet

 facet normal 0.914061487 -0.404888362 0.0236027688
  outer loop
  vertex 0.0367293321 -0.0158450659 -0.00288564619
  vertex 0.0367182121 -0.0158335343 -0.00225705933
  vertex 0.0362426788 -0.0169059988 -0.00223857141
  endloop
 endfacet

 facet normal 0.911299825 -0.411609322 0.0105061186
  outer loop
  vertex 0.0367293321 -0.0158450659 -0.00288564619
  vertex 0.0362426788 -0.0169059988 -0.00223857141
  vertex 0.0365652628 -0.0162083209 -0.00288564619
  endloop
 endfacet

 facet normal 0.864784122 -0.50207305 0.00843242742
  outer loop
  vertex 0.0355196483 -0.0184628014 -0.00288564619
  vertex 0.0355168693 -0.0184570346 -0.00225705933
  vertex 0.034632545 -0.0199907739 -0.00288564619
  endloop
 endfacet

 facet normal 0.902692795 -0.430212349 0.00794102158
  outer loop
  vertex 0.0355196483 -0.0184628014 -0.00288564619
  vertex 0.0359840579 -0.0174883585 -0.00288564619
  vertex 0.0355168693 -0.0184570346 -0.00225705933
  endloop
 endfacet

 facet normal 0.864528418 -0.502488434 0.00980562996
  outer loop
  vertex 0.034632545 -0.0199907739 -0.00288564619
  vertex 0.0355168693 -0.0184570346 -0.00225705933
  vertex 0.034340553 -0.0204808787 -0.00225705933
  endloop
 endfacet

 facet normal 0.863342285 -0.504560947 0.00763866212
  outer loop
  vertex 0.034632545 -0.0199907739 -0.00288564619
  vertex 0.034340553 -0.0204808787 -0.00225705933
  vertex 0.0343461148 -0.0204808787 -0.00288564619
  endloop
 endfacet

 facet normal 0.848889828 -0.528516471 0.00751079014
  outer loop
  vertex 0.0343461148 -0.0204808787 -0.00288564619
  vertex 0.034340553 -0.0204808787 -0.00225705933
  vertex 0.0341486745 -0.0207980033 -0.00288564619
  endloop
 endfacet

 facet normal 0.81864655 -0.574297786 0
  outer loop
  vertex 0.0338372104 -0.0212535132 -0.00539999362
  vertex 0.0338372104 -0.0212535132 -0.00288564619
  vertex 0.0330808125 -0.0223317426 -0.00288564619
  endloop
 endfacet

 facet normal 0.81864655 -0.574297786 0
  outer loop
  vertex 0.0338372104 -0.0212535132 -0.00539999362
  vertex 0.0330808125 -0.0223317426 -0.00288564619
  vertex 0.0330808125 -0.0223317426 -0.00539999362
  endloop
 endfacet

 facet normal 0.834024668 -0.551226318 0.0235057138
  outer loop
  vertex 0.0341486745 -0.0207980033 -0.00288564619
  vertex 0.034340553 -0.0204808787 -0.00225705933
  vertex 0.0341347679 -0.0207922384 -0.00225705933
  endloop
 endfacet

 facet normal 0.828922272 -0.558871508 0.0234629717
  outer loop
  vertex 0.0341486745 -0.0207980033 -0.00288564619
  vertex 0.0341347679 -0.0207922384 -0.00225705933
  vertex 0.0336063989 -0.0215648729 -0.00199396303
  endloop
 endfacet

 facet normal 0.825365603 -0.564354956 0.0165840276
  outer loop
  vertex 0.0341486745 -0.0207980033 -0.00288564619
  vertex 0.0336063989 -0.0215648729 -0.00199396303
  vertex 0.0338372104 -0.0212535132 -0.00288564619
  endloop
 endfacet

 facet normal 0.786412954 -0.617691398 0.00347783184
  outer loop
  vertex 0.0325385369 -0.0230524838 -0.00288564619
  vertex 0.0328555591 -0.0226488691 -0.00288564619
  vertex 0.0325357579 -0.0230524838 -0.00225705933
  endloop
 endfacet

 facet normal 0.778296649 -0.627887368 0.0034419382
  outer loop
  vertex 0.0325385369 -0.0230524838 -0.00288564619
  vertex 0.0325357579 -0.0230524838 -0.00225705933
  vertex 0.0322826989 -0.0233696103 -0.00288564619
  endloop
 endfacet

 facet normal 0.767055511 -0.641410291 0.0147899482
  outer loop
  vertex 0.0322826989 -0.0233696103 -0.00288564619
  vertex 0.0325357579 -0.0230524838 -0.00225705933
  vertex 0.0311230682 -0.0247419029 -0.00225705933
  endloop
 endfacet

 facet normal 0.766679049 -0.641898334 0.0130299907
  outer loop
  vertex 0.0322826989 -0.0233696103 -0.00288564619
  vertex 0.0311230682 -0.0247419029 -0.00225705933
  vertex 0.0314234011 -0.0243959464 -0.00288564619
  endloop
 endfacet

 facet normal 0.763415039 -0.64584136 0.00930031575
  outer loop
  vertex 0.0314234011 -0.0243959464 -0.00288564619
  vertex 0.0311230682 -0.0247419029 -0.00225705933
  vertex 0.0311258491 -0.0247476697 -0.00288564619
  endloop
 endfacet

 facet normal 0.72292006 -0.690865934 0.00953423232
  outer loop
  vertex 0.0311258491 -0.0247476697 -0.00288564619
  vertex 0.0311230682 -0.0247419029 -0.00225705933
  vertex 0.0308282953 -0.0250590295 -0.00288564619
  endloop
 endfacet

 facet normal 0.815249205 -0.579065442 0.00721557671
  outer loop
  vertex 0.0328555591 -0.0226488691 -0.00288564619
  vertex 0.0330808125 -0.0223317426 -0.00288564619
  vertex 0.033075247 -0.0223317426 -0.00225705933
  endloop
 endfacet

 facet normal 0.811851978 -0.583764076 0.0107734203
  outer loop
  vertex 0.0328555591 -0.0226488691 -0.00288564619
  vertex 0.033075247 -0.0223317426 -0.00225705933
  vertex 0.0328472182 -0.0226488691 -0.00225705933
  endloop
 endfacet

 facet normal 0.791644335 -0.610891938 0.0105052618
  outer loop
  vertex 0.0328555591 -0.0226488691 -0.00288564619
  vertex 0.0328472182 -0.0226488691 -0.00225705933
  vertex 0.0325357579 -0.0230524838 -0.00225705933
  endloop
 endfacet

 facet normal 0.914570987 0.403500676 0.0273332894
  outer loop
  vertex 0.0362204313 0.00818157848 -0.00225705933
  vertex 0.0366681553 0.00716677401 -0.00225705933
  vertex 0.0364707112 0.00765687786 -0.00288564619
  endloop
 endfacet

 facet normal 0.906833887 0.421385139 0.00932400301
  outer loop
  vertex 0.0362204313 0.00818157848 -0.00225705933
  vertex 0.0364707112 0.00765687786 -0.00288564619
  vertex 0.0358839445 0.00891961809 -0.00288564619
  endloop
 endfacet

 facet normal 0.872358263 0.488050163 0.028250983
  outer loop
  vertex 0.0354417823 0.00978450757 -0.00225705933
  vertex 0.0354556888 0.0097960392 -0.00288564619
  vertex 0.0349579118 0.010649398 -0.00225705933
  endloop
 endfacet

 facet normal 0.866544366 0.499023259 0.00875006337
  outer loop
  vertex 0.0354556888 0.0097960392 -0.00288564619
  vertex 0.0352332182 0.0101823565 -0.00288564619
  vertex 0.0349579118 0.010649398 -0.00225705933
  endloop
 endfacet

 facet normal 0.866006553 0.499971718 0.00780980475
  outer loop
  vertex 0.0349579118 0.010649398 -0.00225705933
  vertex 0.0352332182 0.0101823565 -0.00288564619
  vertex 0.0342821553 0.0118198823 -0.00225705933
  endloop
 endfacet

 facet normal 0.827381015 0.561617553 0.0051516192
  outer loop
  vertex 0.0342821553 0.0118198823 -0.00225705933
  vertex 0.0342821553 0.0118256481 -0.00288564619
  vertex 0.0340708084 0.0121370088 -0.00288564619
  endloop
 endfacet

 facet normal 0.826433837 0.563000143 0.0061676167
  outer loop
  vertex 0.0342821553 0.0118198823 -0.00225705933
  vertex 0.0340708084 0.0121370088 -0.00288564619
  vertex 0.033756569 0.0125982836 -0.00288564619
  endloop
 endfacet

 facet normal 0.825360656 0.564534664 0.00896515511
  outer loop
  vertex 0.0342821553 0.0118198823 -0.00225705933
  vertex 0.033756569 0.0125982836 -0.00288564619
  vertex 0.0340652466 0.0121370088 -0.00225705933
  endloop
 endfacet

 facet normal 0.865971804 0.500035226 0.00759183941
  outer loop
  vertex 0.0342821553 0.0118198823 -0.00225705933
  vertex 0.0352332182 0.0101823565 -0.00288564619
  vertex 0.034507405 0.0114393309 -0.00288564619
  endloop
 endfacet

 facet normal 0.863867521 0.503697991 0.0046203332
  outer loop
  vertex 0.0342821553 0.0118198823 -0.00225705933
  vertex 0.034507405 0.0114393309 -0.00288564619
  vertex 0.0342821553 0.0118256481 -0.00288564619
  endloop
 endfacet

 facet normal 0.821279168 0.570323765 0.0152176311
  outer loop
  vertex 0.0340652466 0.0121370088 -0.00225705933
  vertex 0.033756569 0.0125982836 -0.00288564619
  vertex 0.0330001675 0.0136707472 -0.00225705933
  endloop
 endfacet

 facet normal 0.819674671 0.572756529 0.00913625397
  outer loop
  vertex 0.0330001675 0.0136707472 -0.00225705933
  vertex 0.033756569 0.0125982836 -0.00288564619
  vertex 0.0332448855 0.0133305565 -0.00288564619
  endloop
 endfacet

 facet normal 0.819456935 0.573072135 0.00888065528
  outer loop
  vertex 0.0330001675 0.0136707472 -0.00225705933
  vertex 0.0332448855 0.0133305565 -0.00288564619
  vertex 0.0330029465 0.013676513 -0.00288564619
  endloop
 endfacet

 facet normal 0.805116355 0.593048692 0.00900047645
  outer loop
  vertex 0.0330001675 0.0136707472 -0.00225705933
  vertex 0.0330029465 0.013676513 -0.00288564619
  vertex 0.0327665731 0.0139878727 -0.00225705933
  endloop
 endfacet

 facet normal 0.789039254 0.614316881 0.00563502079
  outer loop
  vertex 0.0327665731 0.0139878727 -0.00225705933
  vertex 0.03245233 0.0143972542 -0.00288564619
  vertex 0.03245233 0.0143914884 -0.00225705933
  endloop
 endfacet

 facet normal 0.765323102 0.643619299 0.00590380747
  outer loop
  vertex 0.03245233 0.0143914884 -0.00225705933
  vertex 0.03245233 0.0143972542 -0.00288564619
  vertex 0.0312982649 0.0157695469 -0.00288564619
  endloop
 endfacet

 facet normal 0.765124023 0.643847466 0.00676964782
  outer loop
  vertex 0.03245233 0.0143914884 -0.00225705933
  vertex 0.0312982649 0.0157695469 -0.00288564619
  vertex 0.031292703 0.0157695469 -0.00225705933
  endloop
 endfacet

 facet normal 0.764997005 0.643998384 0.00676852558
  outer loop
  vertex 0.031292703 0.0157695469 -0.00225705933
  vertex 0.0312982649 0.0157695469 -0.00288564619
  vertex 0.0310312975 0.0160866715 -0.00288564619
  endloop
 endfacet

 facet normal 0.99784416 0.0656282157 0
  outer loop
  vertex 0.0389401391 -0.00302739674 -0.00288564619
  vertex 0.0389401391 -0.00302739674 -0.00539999362
  vertex 0.0388984233 -0.00239314395 -0.00539999362
  endloop
 endfacet

 facet normal 0.99784416 0.0656282157 0
  outer loop
  vertex 0.0389401391 -0.00302739674 -0.00288564619
  vertex 0.0388984233 -0.00239314395 -0.00539999362
  vertex 0.0388984233 -0.00239314395 -0.00288564619
  endloop
 endfacet

 facet normal 0.996264398 0.0863556713 0
  outer loop
  vertex 0.0388984233 -0.00239314395 -0.00288564619
  vertex 0.0388984233 -0.00239314395 -0.00539999362
  vertex 0.0387899727 -0.0011419364 -0.00539999362
  endloop
 endfacet

 facet normal 0.996264398 0.0863556713 0
  outer loop
  vertex 0.0388984233 -0.00239314395 -0.00288564619
  vertex 0.0387899727 -0.0011419364 -0.00539999362
  vertex 0.0387899727 -0.0011419364 -0.00288564619
  endloop
 endfacet

 facet normal 0.996199489 0.0863500461 0.0114144748
  outer loop
  vertex 0.0388984233 -0.00239314395 -0.00288564619
  vertex 0.0387899727 -0.0011419364 -0.00288564619
  vertex 0.0388372466 -0.00177042326 -0.00225705933
  endloop
 endfacet

 facet normal 0.996020436 0.0881397501 0.0132173672
  outer loop
  vertex 0.0388372466 -0.00177042326 -0.00225705933
  vertex 0.0387899727 -0.0011419364 -0.00288564619
  vertex 0.038781628 -0.0011419364 -0.00225705933
  endloop
 endfacet

 facet normal 0.99477458 0.101238385 0.0132008363
  outer loop
  vertex 0.038781628 -0.0011419364 -0.00225705933
  vertex 0.0387899727 -0.0011419364 -0.00288564619
  vertex 0.0387176685 -0.000513449719 -0.00225705933
  endloop
 endfacet

 facet normal 0.994369984 0.105598375 0.00879500061
  outer loop
  vertex 0.0387176685 -0.000513449719 -0.00225705933
  vertex 0.0387899727 -0.0011419364 -0.00288564619
  vertex 0.0387232266 -0.000513449719 -0.00288564619
  endloop
 endfacet

 facet normal 0.990725398 0.135596365 0.00876276568
  outer loop
  vertex 0.0387176685 -0.000513449719 -0.00225705933
  vertex 0.0387232266 -0.000513449719 -0.00288564619
  vertex 0.0386592709 -8.6770684e-05 -0.00225705933
  endloop
 endfacet

 facet normal 0.990606189 0.136504352 0.00813429244
  outer loop
  vertex 0.0386592709 -8.6770684e-05 -0.00225705933
  vertex 0.0387232266 -0.000513449719 -0.00288564619
  vertex 0.0386620499 -6.94729242e-05 -0.00288564619
  endloop
 endfacet

 facet normal 0.984926879 0.17273137 0.00910610612
  outer loop
  vertex 0.0386592709 -8.6770684e-05 -0.00225705933
  vertex 0.0386620499 -6.94729242e-05 -0.00288564619
  vertex 0.0386064313 0.000247653516 -0.00288564619
  endloop
 endfacet

 facet normal 0.984730422 0.173815519 0.00969940703
  outer loop
  vertex 0.0386592709 -8.6770684e-05 -0.00225705933
  vertex 0.0386064313 0.000247653516 -0.00288564619
  vertex 0.0384089909 0.00136624451 -0.00288564619
  endloop
 endfacet

 facet normal 0.983363688 0.179987133 0.0245096609
  outer loop
  vertex 0.0386592709 -8.6770684e-05 -0.00225705933
  vertex 0.0384089909 0.00136624451 -0.00288564619
  vertex 0.0382782891 0.0019947316 -0.00225705933
  endloop
 endfacet

 facet normal 0.982934415 0.182667479 0.0217405036
  outer loop
  vertex 0.0382782891 0.0019947316 -0.00225705933
  vertex 0.0384089909 0.00136624451 -0.00288564619
  vertex 0.0382921919 0.0019947316 -0.00288564619
  endloop
 endfacet

 facet normal 0.976162374 0.215965003 0.0215907171
  outer loop
  vertex 0.0382782891 0.0019947316 -0.00225705933
  vertex 0.0382921919 0.0019947316 -0.00288564619
  vertex 0.0381392427 0.00262321811 -0.00225705933
  endloop
 endfacet

 facet normal 0.967383802 0.253279179 0.00428104214
  outer loop
  vertex 0.0381392427 0.00262321811 -0.00225705933
  vertex 0.0381420255 0.00262321811 -0.00288564619
  vertex 0.0380335674 0.00302683376 -0.00225705933
  endloop
 endfacet

 facet normal 0.972613037 0.232390553 0.00430418318
  outer loop
  vertex 0.0381392427 0.00262321811 -0.00225705933
  vertex 0.0382921919 0.0019947316 -0.00288564619
  vertex 0.0381420255 0.00262321811 -0.00288564619
  endloop
 endfacet

 facet normal 0.963907361 0.265650839 0.0176674481
  outer loop
  vertex 0.0380335674 0.00302683376 -0.00225705933
  vertex 0.0378083177 0.00388595741 -0.00288564619
  vertex 0.0376219973 0.00452021044 -0.00225705933
  endloop
 endfacet

 facet normal 0.9668051 0.255499929 0.00275524356
  outer loop
  vertex 0.0380335674 0.00302683376 -0.00225705933
  vertex 0.0381420255 0.00262321811 -0.00288564619
  vertex 0.0378083177 0.00388595741 -0.00288564619
  endloop
 endfacet

 facet normal 0.955722213 0.293784201 0.0169120394
  outer loop
  vertex 0.0376219973 0.00452021044 -0.00225705933
  vertex 0.037633121 0.00452021044 -0.00288564619
  vertex 0.0374607071 0.00504491013 -0.00225705933
  endloop
 endfacet

 facet normal 0.963762522 0.26621598 0.0170543175
  outer loop
  vertex 0.0376219973 0.00452021044 -0.00225705933
  vertex 0.0378083177 0.00388595741 -0.00288564619
  vertex 0.037633121 0.00452021044 -0.00288564619
  endloop
 endfacet

 facet normal 0.953385651 0.301597387 0.00974925142
  outer loop
  vertex 0.0374607071 0.00504491013 -0.00225705933
  vertex 0.037633121 0.00452021044 -0.00288564619
  vertex 0.0374634862 0.00505644223 -0.00288564619
  endloop
 endfacet

 facet normal 0.939386904 0.342700213 0.010441401
  outer loop
  vertex 0.0374607071 0.00504491013 -0.00225705933
  vertex 0.0374634862 0.00505644223 -0.00288564619
  vertex 0.0368071981 0.00685541332 -0.00288564619
  endloop
 endfacet

 facet normal 0.939386547 0.342701077 0.0104442164
  outer loop
  vertex 0.0374607071 0.00504491013 -0.00225705933
  vertex 0.0368071981 0.00685541332 -0.00288564619
  vertex 0.036804419 0.00684388168 -0.00225705933
  endloop
 endfacet

 facet normal 0.930657566 0.36573121 0.0108280908
  outer loop
  vertex 0.036804419 0.00684388168 -0.00225705933
  vertex 0.0368071981 0.00685541332 -0.00288564619
  vertex 0.0366848409 0.00716677401 -0.00288564619
  endloop
 endfacet

 facet normal 0.921044111 0.388690054 0.0244503319
  outer loop
  vertex 0.036804419 0.00684388168 -0.00225705933
  vertex 0.0366848409 0.00716677401 -0.00288564619
  vertex 0.0366681553 0.00716677401 -0.00225705933
  endloop
 endfacet

 facet normal 0.91608572 0.400244564 0.0243187081
  outer loop
  vertex 0.0366681553 0.00716677401 -0.00225705933
  vertex 0.0366848409 0.00716677401 -0.00288564619
  vertex 0.0364707112 0.00765687786 -0.00288564619
  endloop
 endfacet

 facet normal 0.81031549 -0.582659364 0.0624251738
  outer loop
  vertex 0.0336063989 -0.0215648729 -0.00199396303
  vertex 0.0328472182 -0.0226488691 -0.00225705933
  vertex 0.033075247 -0.0223317426 -0.00225705933
  endloop
 endfacet

 facet normal 0.82000339 -0.572223365 0.0124485223
  outer loop
  vertex 0.0336063989 -0.0215648729 -0.00199396303
  vertex 0.033075247 -0.0223317426 -0.00225705933
  vertex 0.0338372104 -0.0212535132 -0.00288564619
  endloop
 endfacet

 facet normal 0.83294183 -0.550510585 0.0560887121
  outer loop
  vertex 0.0336063989 -0.0215648729 -0.00199396303
  vertex 0.0341347679 -0.0207922384 -0.00225705933
  vertex 0.034340553 -0.0204808787 -0.00225705933
  endloop
 endfacet

 facet normal 0.90468663 -0.425766706 0.0162737742
  outer loop
  vertex 0.0355168693 -0.0184570346 -0.00225705933
  vertex 0.0359840579 -0.0174883585 -0.00288564619
  vertex 0.0361231007 -0.0171597004 -0.00201671734
  endloop
 endfacet

 facet normal 0.908647478 -0.417378008 0.012467063
  outer loop
  vertex 0.0361231007 -0.0171597004 -0.00201671734
  vertex 0.0359840579 -0.0174883585 -0.00288564619
  vertex 0.0362426788 -0.0169059988 -0.00223857141
  endloop
 endfacet

 facet normal 0.913949966 -0.404732317 0.0297860559
  outer loop
  vertex 0.0361231007 -0.0171597004 -0.00201671734
  vertex 0.0362426788 -0.0169059988 -0.00223857141
  vertex 0.0367182121 -0.0158335343 -0.00225705933
  endloop
 endfacet

 facet normal 0.928309143 -0.358176559 0.0997579619
  outer loop
  vertex 0.0367182121 -0.0158335343 -0.00225705933
  vertex 0.0368405692 -0.0155164097 -0.00225705933
  vertex 0.0373828448 -0.014023032 -0.00194134377
  endloop
 endfacet

 facet normal 0.947822034 -0.318362653 0.0166910775
  outer loop
  vertex 0.0373828448 -0.014023032 -0.00194134377
  vertex 0.037388403 -0.014023032 -0.00225705933
  vertex 0.0374968573 -0.0137001397 -0.00225705933
  endloop
 endfacet

 facet normal 0.958184838 -0.279821187 0.0598510168
  outer loop
  vertex 0.0373828448 -0.014023032 -0.00194134377
  vertex 0.0374968573 -0.0137001397 -0.00225705933
  vertex 0.0376803987 -0.0130716534 -0.00225705933
  endloop
 endfacet

 facet normal 0.95860827 -0.26695317 0.0990265906
  outer loop
  vertex 0.0373828448 -0.014023032 -0.00194134377
  vertex 0.0376803987 -0.0130716534 -0.00225705933
  vertex 0.0380641595 -0.011693595 -0.00225705933
  endloop
 endfacet

 facet normal 0.938694894 -0.344352633 0.016530348
  outer loop
  vertex 0.0373828448 -0.014023032 -0.00194134377
  vertex 0.0368405692 -0.0155164097 -0.00225705933
  vertex 0.037388403 -0.014023032 -0.00225705933
  endloop
 endfacet

 facet normal 0.968380213 -0.249442264 0.00428545102
  outer loop
  vertex 0.0380641595 -0.011693595 -0.00225705933
  vertex 0.0380669422 -0.011693595 -0.00288564619
  vertex 0.0381976403 -0.0111861927 -0.00288564619
  endloop
 endfacet

 facet normal 0.969623029 -0.244453788 0.00857611932
  outer loop
  vertex 0.0380641595 -0.011693595 -0.00225705933
  vertex 0.0381976403 -0.0111861927 -0.00288564619
  vertex 0.0381920822 -0.0111861927 -0.00225705933
  endloop
 endfacet

 facet normal 0.96302855 -0.268184125 0.0255619921
  outer loop
  vertex 0.0380641595 -0.011693595 -0.00225705933
  vertex 0.0376803987 -0.0130716534 -0.00225705933
  vertex 0.0376970805 -0.0130716534 -0.00288564619
  endloop
 endfacet

 facet normal 0.965810359 -0.259214878 0.00427407864
  outer loop
  vertex 0.0380641595 -0.011693595 -0.00225705933
  vertex 0.0376970805 -0.0130716534 -0.00288564619
  vertex 0.0380669422 -0.011693595 -0.00288564619
  endloop
 endfacet

 facet normal 0.977257133 -0.211881921 0.00864364021
  outer loop
  vertex 0.0381920822 -0.0111861927 -0.00225705933
  vertex 0.0381976403 -0.0111861927 -0.00288564619
  vertex 0.038333904 -0.0105577065 -0.00288564619
  endloop
 endfacet

 facet normal 0.980415761 -0.195212051 0.0260235071
  outer loop
  vertex 0.0381920822 -0.0111861927 -0.00225705933
  vertex 0.038333904 -0.0105577065 -0.00288564619
  vertex 0.0383172184 -0.0105577065 -0.00225705933
  endloop
 endfacet

 facet normal 0.983272374 -0.180262163 0.0260993317
  outer loop
  vertex 0.0383172184 -0.0105577065 -0.00225705933
  vertex 0.038333904 -0.0105577065 -0.00288564619
  vertex 0.0386787355 -0.00858575664 -0.00225705933
  endloop
 endfacet

 facet normal 0.991377831 -0.130858019 0.00678789942
  outer loop
  vertex 0.0386787355 -0.00858575664 -0.00225705933
  vertex 0.0386815183 -0.00859728828 -0.00288564619
  vertex 0.0387538187 -0.00804952439 -0.00288564619
  endloop
 endfacet

 facet normal 0.992257595 -0.123495966 0.0131733529
  outer loop
  vertex 0.0386787355 -0.00858575664 -0.00225705933
  vertex 0.0387538187 -0.00804952439 -0.00288564619
  vertex 0.0387454741 -0.00804952439 -0.00225705933
  endloop
 endfacet

 facet normal 0.984517276 -0.175052434 0.00907288212
  outer loop
  vertex 0.0386787355 -0.00858575664 -0.00225705933
  vertex 0.038333904 -0.0105577065 -0.00288564619
  vertex 0.0385563746 -0.00930649787 -0.00288564619
  endloop
 endfacet

 facet normal 0.984758854 -0.173761532 0.00754570123
  outer loop
  vertex 0.0386787355 -0.00858575664 -0.00225705933
  vertex 0.0385563746 -0.00930649787 -0.00288564619
  vertex 0.0386815183 -0.00859728828 -0.00288564619
  endloop
 endfacet

 facet normal 0.996090472 -0.0873446688 0.0132242395
  outer loop
  vertex 0.0387454741 -0.00804952439 -0.00225705933
  vertex 0.0387538187 -0.00804952439 -0.00288564619
  vertex 0.0388094373 -0.0074152723 -0.00288564619
  endloop
 endfacet

 facet normal 0.996089935 -0.0873505101 0.0132182911
  outer loop
  vertex 0.0387454741 -0.00804952439 -0.00225705933
  vertex 0.0388094373 -0.0074152723 -0.00288564619
  vertex 0.0388010927 -0.0074152723 -0.00225705933
  endloop
 endfacet

 facet normal 0.966808796 0.255500913 0
  outer loop
  vertex 0.0378083177 0.00388595741 -0.00539999362
  vertex 0.0378083177 0.00388595741 -0.00288564619
  vertex 0.0381420255 0.00262321811 -0.00288564619
  endloop
 endfacet

 facet normal 0.966808796 0.255500913 0
  outer loop
  vertex 0.0378083177 0.00388595741 -0.00539999362
  vertex 0.0381420255 0.00262321811 -0.00288564619
  vertex 0.0381420255 0.00262321811 -0.00539999362
  endloop
 endfacet

 facet normal 0.972622037 0.232392669 0
  outer loop
  vertex 0.0381420255 0.00262321811 -0.00539999362
  vertex 0.0381420255 0.00262321811 -0.00288564619
  vertex 0.0382921919 0.0019947316 -0.00288564619
  endloop
 endfacet

 facet normal 0.972622037 0.232392669 0
  outer loop
  vertex 0.0381420255 0.00262321811 -0.00539999362
  vertex 0.0382921919 0.0019947316 -0.00288564619
  vertex 0.0382921919 0.0019947316 -0.00539999362
  endloop
 endfacet

 facet normal 0.983166695 0.182710618 0
  outer loop
  vertex 0.0382921919 0.0019947316 -0.00539999362
  vertex 0.0382921919 0.0019947316 -0.00288564619
  vertex 0.0384089909 0.00136624451 -0.00288564619
  endloop
 endfacet

 facet normal 0.983166695 0.182710618 0
  outer loop
  vertex 0.0382921919 0.0019947316 -0.00539999362
  vertex 0.0384089909 0.00136624451 -0.00288564619
  vertex 0.0384089909 0.00136624451 -0.00539999362
  endloop
 endfacet

 facet normal 0.984967709 0.172738537 0
  outer loop
  vertex 0.0386064313 0.000247653516 -0.00539999362
  vertex 0.0386064313 0.000247653516 -0.00288564619
  vertex 0.0386620499 -6.94729242e-05 -0.00288564619
  endloop
 endfacet

 facet normal 0.984967709 0.172738537 0
  outer loop
  vertex 0.0386064313 0.000247653516 -0.00539999362
  vertex 0.0386620499 -6.94729242e-05 -0.00288564619
  vertex 0.0386620499 -6.94729242e-05 -0.00539999362
  endloop
 endfacet

 facet normal 0.984776855 0.173823699 0
  outer loop
  vertex 0.0386064313 0.000247653516 -0.00539999362
  vertex 0.0384089909 0.00136624451 -0.00539999362
  vertex 0.0384089909 0.00136624451 -0.00288564619
  endloop
 endfacet

 facet normal 0.984776855 0.173823699 0
  outer loop
  vertex 0.0386064313 0.000247653516 -0.00539999362
  vertex 0.0384089909 0.00136624451 -0.00288564619
  vertex 0.0386064313 0.000247653516 -0.00288564619
  endloop
 endfacet

 facet normal 0.990638852 0.136508837 0
  outer loop
  vertex 0.0386620499 -6.94729242e-05 -0.00539999362
  vertex 0.0386620499 -6.94729242e-05 -0.00288564619
  vertex 0.0387232266 -0.000513449719 -0.00288564619
  endloop
 endfacet

 facet normal 0.990638852 0.136508837 0
  outer loop
  vertex 0.0386620499 -6.94729242e-05 -0.00539999362
  vertex 0.0387232266 -0.000513449719 -0.00288564619
  vertex 0.0387232266 -0.000513449719 -0.00539999362
  endloop
 endfacet

 facet normal 0.994408488 0.105602466 0
  outer loop
  vertex 0.0387232266 -0.000513449719 -0.00539999362
  vertex 0.0387232266 -0.000513449719 -0.00288564619
  vertex 0.0387899727 -0.0011419364 -0.00288564619
  endloop
 endfacet

 facet normal 0.994408488 0.105602466 0
  outer loop
  vertex 0.0387232266 -0.000513449719 -0.00539999362
  vertex 0.0387899727 -0.0011419364 -0.00288564619
  vertex 0.0387899727 -0.0011419364 -0.00539999362
  endloop
 endfacet

 facet normal 0.981313646 0.0645410046 -0.181267887
  outer loop
  vertex 0.0388984233 -0.00239314395 -0.00539999362
  vertex 0.0389401391 -0.00302739674 -0.00539999362
  vertex 0.0387121066 -0.0011419364 -0.00596316205
  endloop
 endfacet

 facet normal 0.959594131 -0.280232757 0.0254708305
  outer loop
  vertex 0.0376970805 -0.0130716534 -0.00288564619
  vertex 0.0376803987 -0.0130716534 -0.00225705933
  vertex 0.0374968573 -0.0137001397 -0.00225705933
  endloop
 endfacet

 facet normal 0.955195844 -0.295853794 0.00845136307
  outer loop
  vertex 0.0376970805 -0.0130716534 -0.00288564619
  vertex 0.0374968573 -0.0137001397 -0.00225705933
  vertex 0.0375024192 -0.0137001397 -0.00288564619
  endloop
 endfacet

 facet normal 0.911230505 -0.411768049 0.0103004854
  outer loop
  vertex 0.0365652628 -0.0162083209 -0.00288564619
  vertex 0.0362426788 -0.0169059988 -0.00223857141
  vertex 0.0362760499 -0.0168483388 -0.00288564619
  endloop
 endfacet

 facet normal 0.909745216 -0.415048242 0.00993159786
  outer loop
  vertex 0.0362760499 -0.0168483388 -0.00288564619
  vertex 0.0362426788 -0.0169059988 -0.00223857141
  vertex 0.0359840579 -0.0174883585 -0.00288564619
  endloop
 endfacet

 facet normal 0.94792074 -0.318395793 0.00838699378
  outer loop
  vertex 0.0375024192 -0.0137001397 -0.00288564619
  vertex 0.0374968573 -0.0137001397 -0.00225705933
  vertex 0.037388403 -0.014023032 -0.00225705933
  endloop
 endfacet

 facet normal 0.944758415 -0.327753723 0.00300642732
  outer loop
  vertex 0.0375024192 -0.0137001397 -0.00288564619
  vertex 0.037388403 -0.014023032 -0.00225705933
  vertex 0.037388403 -0.0140287979 -0.00288564619
  endloop
 endfacet

 facet normal 0.94036597 -0.340150237 0.00312013831
  outer loop
  vertex 0.037388403 -0.0140287979 -0.00288564619
  vertex 0.037388403 -0.014023032 -0.00225705933
  vertex 0.0368461311 -0.0155279413 -0.00288564619
  endloop
 endfacet

 facet normal 0.938722789 -0.344362855 0.0146231716
  outer loop
  vertex 0.0368461311 -0.0155279413 -0.00288564619
  vertex 0.037388403 -0.014023032 -0.00225705933
  vertex 0.0368405692 -0.0155164097 -0.00225705933
  endloop
 endfacet

 facet normal 0.818625093 -0.574282646 0.00724545494
  outer loop
  vertex 0.0338372104 -0.0212535132 -0.00288564619
  vertex 0.033075247 -0.0223317426 -0.00225705933
  vertex 0.0330808125 -0.0223317426 -0.00288564619
  endloop
 endfacet

endsolid AssimpScene
