solid AssimpScene
 facet normal 0.0392536446 0.999229312 0
  outer loop
  vertex -0.066221118 0.0455616191 -0.00801908411
  vertex -0.0661665574 0.0455594771 -0.00801908411
  vertex -0.066221118 0.0455616191 -0.0123540545
  endloop
 endfacet

 facet normal -0.127516836 0.991836429 0
  outer loop
  vertex -0.066221118 0.0455616191 -0.00801908411
  vertex -0.066221118 0.0455616191 -0.0123540545
  vertex -0.0662544593 0.0455573313 -0.00801908411
  endloop
 endfacet

 facet normal -0.0472669564 0.367646247 0.928763807
  outer loop
  vertex -0.066221118 0.0455616191 -0.00801908411
  vertex -0.0662544593 0.0455573313 -0.00801908411
  vertex -0.0490067452 0.0395223498 -0.00475239055
  endloop
 endfacet

 facet normal 0 0.475767493 0.87957114
  outer loop
  vertex -0.066221118 0.0455616191 -0.00801908411
  vertex -0.0490067452 0.0395223498 -0.00475239055
  vertex -0.0449933931 0.0395223498 -0.00475239055
  endloop
 endfacet

 facet normal 0.0208771788 0.531443298 0.846836567
  outer loop
  vertex -0.066221118 0.0455616191 -0.00801908411
  vertex -0.0449933931 0.0395223498 -0.00475239055
  vertex -0.0661665574 0.0455594771 -0.00801908411
  endloop
 endfacet

 facet normal 0.117039718 0.993127286 -8.12071448e-05
  outer loop
  vertex -0.0661665574 0.0455594771 -0.00801908411
  vertex -0.0661483631 0.0455573313 -0.00801908411
  vertex -0.0661332086 0.045555193 -0.0123651577
  endloop
 endfacet

 facet normal 0.100514494 0.994935632 -0.000209772348
  outer loop
  vertex -0.0661665574 0.0455594771 -0.00801908411
  vertex -0.0661332086 0.045555193 -0.0123651577
  vertex -0.0661756471 0.0455594771 -0.0123762609
  endloop
 endfacet

 facet normal 0.047040239 0.998893082 -9.81723351e-05
  outer loop
  vertex -0.0661665574 0.0455594771 -0.00801908411
  vertex -0.0661756471 0.0455594771 -0.0123762609
  vertex -0.066221118 0.0455616191 -0.0123540545
  endloop
 endfacet

 facet normal 0.0796451569 0.675820053 0.732750893
  outer loop
  vertex -0.0661665574 0.0455594771 -0.00801908411
  vertex -0.0449933931 0.0395223498 -0.00475239055
  vertex -0.0661483631 0.0455573313 -0.00801908411
  endloop
 endfacet

 facet normal 0.0156253688 0.997807205 -0.0643170699
  outer loop
  vertex -0.066221118 0.0455616191 -0.0123540545
  vertex -0.0661756471 0.0455594771 -0.0123762609
  vertex -0.0662180856 0.0455594771 -0.0123865707
  endloop
 endfacet

 facet normal -0.0987208337 0.992313981 -0.0746141523
  outer loop
  vertex -0.066221118 0.0455616191 -0.0123540545
  vertex -0.0662180856 0.0455594771 -0.0123865707
  vertex -0.0662635565 0.045555193 -0.0123833986
  endloop
 endfacet

 facet normal -0.149653763 0.988738477 -0.000173334323
  outer loop
  vertex -0.066221118 0.0455616191 -0.0123540545
  vertex -0.0662635565 0.045555193 -0.0123833986
  vertex -0.0662544593 0.0455573313 -0.00801908411
  endloop
 endfacet

 facet normal -0.149767548 0.988721251 -0.000173088789
  outer loop
  vertex -0.0662544593 0.0455573313 -0.00801908411
  vertex -0.0662635565 0.045555193 -0.0123833986
  vertex -0.0662968978 0.0455509052 -0.00801908411
  endloop
 endfacet

 facet normal -0.0534526333 0.352878541 0.934141099
  outer loop
  vertex -0.0662544593 0.0455573313 -0.00801908411
  vertex -0.0662968978 0.0455509052 -0.00801908411
  vertex -0.0490067452 0.0395223498 -0.00475239055
  endloop
 endfacet

 facet normal -0.180893123 -0.00948233437 0.983457148
  outer loop
  vertex -0.0490067452 0.0395223498 -0.00475239055
  vertex -0.0495553985 0.0236676559 -0.00500617595
  vertex -0.0483125933 0.0262801014 -0.00475239055
  endloop
 endfacet

 facet normal 0 0 1
  outer loop
  vertex -0.0490067452 0.0395223498 -0.00475239055
  vertex -0.0483125933 0.0262801014 -0.00475239055
  vertex -0.0464453548 0.0262801014 -0.00475239055
  endloop
 endfacet

 facet normal 0 0 1
  outer loop
  vertex -0.0490067452 0.0395223498 -0.00475239055
  vertex -0.0464453548 0.0262801014 -0.00475239055
  vertex -0.0415014103 0.0319850482 -0.00475239055
  endloop
 endfacet

 facet normal 0 0 1
  outer loop
  vertex -0.0490067452 0.0395223498 -0.00475239055
  vertex -0.0415014103 0.0319850482 -0.00475239055
  vertex -0.0405950733 0.0359755084 -0.00475239055
  endloop
 endfacet

 facet normal 0 0 1
  outer loop
  vertex -0.0490067452 0.0395223498 -0.00475239055
  vertex -0.0405950733 0.0359755084 -0.00475239055
  vertex -0.0405890122 0.0360226557 -0.00475239055
  endloop
 endfacet

 facet normal 0 0 1
  outer loop
  vertex -0.0490067452 0.0395223498 -0.00475239055
  vertex -0.0405890122 0.0360226557 -0.00475239055
  vertex -0.0405950733 0.0360848084 -0.00475239055
  endloop
 endfacet

 facet normal 0 0 1
  outer loop
  vertex -0.0490067452 0.0395223498 -0.00475239055
  vertex -0.0405950733 0.0360848084 -0.00475239055
  vertex -0.0406102277 0.0361426733 -0.00475239055
  endloop
 endfacet

 facet normal 0 0 1
  outer loop
  vertex -0.0490067452 0.0395223498 -0.00475239055
  vertex -0.0406102277 0.0361426733 -0.00475239055
  vertex -0.0406556986 0.0362541117 -0.00475239055
  endloop
 endfacet

 facet normal 0 0 1
  outer loop
  vertex -0.0490067452 0.0395223498 -0.00475239055
  vertex -0.0406556986 0.0362541117 -0.00475239055
  vertex -0.040695101 0.0363226943 -0.00475239055
  endloop
 endfacet

 facet normal 0 0 1
  outer loop
  vertex -0.0490067452 0.0395223498 -0.00475239055
  vertex -0.040695101 0.0363226943 -0.00475239055
  vertex -0.0407314785 0.0363784134 -0.00475239055
  endloop
 endfacet

 facet normal 0 0 1
  outer loop
  vertex -0.0490067452 0.0395223498 -0.00475239055
  vertex -0.0407314785 0.0363784134 -0.00475239055
  vertex -0.0407830067 0.0364555642 -0.00475239055
  endloop
 endfacet

 facet normal 0 0 1
  outer loop
  vertex -0.0490067452 0.0395223498 -0.00475239055
  vertex -0.0407830067 0.0364555642 -0.00475239055
  vertex -0.04083151 0.0365177132 -0.00475239055
  endloop
 endfacet

 facet normal 0 0 1
  outer loop
  vertex -0.0490067452 0.0395223498 -0.00475239055
  vertex -0.04083151 0.0365177132 -0.00475239055
  vertex -0.0409315415 0.0366291553 -0.00475239055
  endloop
 endfacet

 facet normal 0 0 1
  outer loop
  vertex -0.0490067452 0.0395223498 -0.00475239055
  vertex -0.0409315415 0.0366291553 -0.00475239055
  vertex -0.0409891307 0.036691308 -0.00475239055
  endloop
 endfacet

 facet normal 0 0 1
  outer loop
  vertex -0.0490067452 0.0395223498 -0.00475239055
  vertex -0.0409891307 0.036691308 -0.00475239055
  vertex -0.0410770364 0.0367770307 -0.00475239055
  endloop
 endfacet

 facet normal 0 0 1
  outer loop
  vertex -0.0490067452 0.0395223498 -0.00475239055
  vertex -0.0410770364 0.0367770307 -0.00475239055
  vertex -0.0411588848 0.0368563272 -0.00475239055
  endloop
 endfacet

 facet normal 0 0 1
  outer loop
  vertex -0.0490067452 0.0395223498 -0.00475239055
  vertex -0.0411588848 0.0368563272 -0.00475239055
  vertex -0.0413346924 0.036995627 -0.00475239055
  endloop
 endfacet

 facet normal 0 0 1
  outer loop
  vertex -0.0490067452 0.0395223498 -0.00475239055
  vertex -0.0413346924 0.036995627 -0.00475239055
  vertex -0.0414347239 0.0370727777 -0.00475239055
  endloop
 endfacet

 facet normal 0 0 1
  outer loop
  vertex -0.0490067452 0.0395223498 -0.00475239055
  vertex -0.0414347239 0.0370727777 -0.00475239055
  vertex -0.0415256619 0.0371370725 -0.00475239055
  endloop
 endfacet

 facet normal 0 0 1
  outer loop
  vertex -0.0490067452 0.0395223498 -0.00475239055
  vertex -0.0415256619 0.0371370725 -0.00475239055
  vertex -0.0449933931 0.0395223498 -0.00475239055
  endloop
 endfacet

 facet normal -0.0693884343 0.314066947 0.946861744
  outer loop
  vertex -0.0490067452 0.0395223498 -0.00475239055
  vertex -0.0662968978 0.0455509052 -0.00801908411
  vertex -0.0663453937 0.0455401875 -0.00801908411
  endloop
 endfacet

 facet normal -0.0914267227 0.258597076 0.96164906
  outer loop
  vertex -0.0490067452 0.0395223498 -0.00475239055
  vertex -0.0663453937 0.0455401875 -0.00801908411
  vertex -0.066363588 0.0455337577 -0.00801908411
  endloop
 endfacet

 facet normal -0.101353377 0.232948467 0.967193127
  outer loop
  vertex -0.0490067452 0.0395223498 -0.00475239055
  vertex -0.066363588 0.0455337577 -0.00801908411
  vertex -0.0664029941 0.0455166139 -0.00801908411
  endloop
 endfacet

 facet normal -0.103420489 0.227532431 0.96826303
  outer loop
  vertex -0.0490067452 0.0395223498 -0.00475239055
  vertex -0.0664029941 0.0455166139 -0.00801908411
  vertex -0.0664454252 0.0454973243 -0.00801908411
  endloop
 endfacet

 facet normal -0.119539633 0.184466451 0.975542068
  outer loop
  vertex -0.0490067452 0.0395223498 -0.00475239055
  vertex -0.0664454252 0.0454973243 -0.00801908411
  vertex -0.0664817989 0.0454737544 -0.00801908411
  endloop
 endfacet

 facet normal -0.127376959 0.163005054 0.978368282
  outer loop
  vertex -0.0490067452 0.0395223498 -0.00475239055
  vertex -0.0664817989 0.0454737544 -0.00801908411
  vertex -0.0665393993 0.0454287454 -0.00801908411
  endloop
 endfacet

 facet normal -0.138805911 0.130884498 0.981632411
  outer loop
  vertex -0.0490067452 0.0395223498 -0.00475239055
  vertex -0.0665393993 0.0454287454 -0.00801908411
  vertex -0.0665939599 0.0453708842 -0.00801908411
  endloop
 endfacet

 facet normal -0.147889465 0.104589 0.983458161
  outer loop
  vertex -0.0490067452 0.0395223498 -0.00475239055
  vertex -0.0665939599 0.0453708842 -0.00801908411
  vertex -0.0666212365 0.0453323089 -0.00801908411
  endloop
 endfacet

 facet normal -0.152543649 0.0908464044 0.984112442
  outer loop
  vertex -0.0490067452 0.0395223498 -0.00475239055
  vertex -0.0666212365 0.0453323089 -0.00801908411
  vertex -0.0666454881 0.0452915877 -0.00801908411
  endloop
 endfacet

 facet normal -0.16032657 0.0674171895 0.984759033
  outer loop
  vertex -0.0490067452 0.0395223498 -0.00475239055
  vertex -0.0666454881 0.0452915877 -0.00801908411
  vertex -0.0666788295 0.0452122949 -0.00801908411
  endloop
 endfacet

 facet normal -0.166853726 0.0471978784 0.98485136
  outer loop
  vertex -0.0490067452 0.0395223498 -0.00475239055
  vertex -0.0666788295 0.0452122949 -0.00801908411
  vertex -0.066690959 0.0451694317 -0.00801908411
  endloop
 endfacet

 facet normal -0.169609115 0.0385155156 0.984758556
  outer loop
  vertex -0.0490067452 0.0395223498 -0.00475239055
  vertex -0.066690959 0.0451694317 -0.00801908411
  vertex -0.0667970479 0.0447022319 -0.00801908411
  endloop
 endfacet

 facet normal -0.169929072 0.0374086872 0.984745979
  outer loop
  vertex -0.0490067452 0.0395223498 -0.00475239055
  vertex -0.0667970479 0.0447022319 -0.00801908411
  vertex -0.0669182986 0.0441514552 -0.00801908411
  endloop
 endfacet

 facet normal -0.176286414 0.0124670956 0.984260023
  outer loop
  vertex -0.0490067452 0.0395223498 -0.00475239055
  vertex -0.0669182986 0.0441514552 -0.00801908411
  vertex -0.066921331 0.0441085957 -0.00801908411
  endloop
 endfacet

 facet normal -0.179390192 0 0.983778119
  outer loop
  vertex -0.0490067452 0.0395223498 -0.00475239055
  vertex -0.066921331 0.0441085957 -0.00801908411
  vertex -0.066921331 0.0440571606 -0.00801908411
  endloop
 endfacet

 facet normal -0.181697324 -0.00945213251 0.983309031
  outer loop
  vertex -0.0490067452 0.0395223498 -0.00475239055
  vertex -0.066921331 0.0440571606 -0.00801908411
  vertex -0.0495553985 0.0236676559 -0.00500617595
  endloop
 endfacet

 facet normal 0.566724002 0.823907733 0
  outer loop
  vertex -0.0449933931 0.0395223498 -0.00475239055
  vertex -0.0415256619 0.0371370725 -0.00475239055
  vertex -0.0449933931 0.0395223498 -0.00635123812
  endloop
 endfacet

 facet normal 0.484293997 0.874905288 0
  outer loop
  vertex -0.0449933931 0.0395223498 -0.00475239055
  vertex -0.0449933931 0.0395223498 -0.00635123812
  vertex -0.0482610613 0.041331131 -0.00801908411
  endloop
 endfacet

 facet normal 0.468375415 0.883290231 0.0205660816
  outer loop
  vertex -0.0449933931 0.0395223498 -0.00475239055
  vertex -0.0482610613 0.041331131 -0.00801908411
  vertex -0.0483823083 0.0413954221 -0.00801908411
  endloop
 endfacet

 facet normal 0.44598791 0.893656194 0.0497348867
  outer loop
  vertex -0.0449933931 0.0395223498 -0.00475239055
  vertex -0.0483823083 0.0413954221 -0.00801908411
  vertex -0.0484853722 0.0414468572 -0.00801908411
  endloop
 endfacet

 facet normal 0.392547935 0.912161291 0.117762238
  outer loop
  vertex -0.0449933931 0.0395223498 -0.00475239055
  vertex -0.0484853722 0.0414468572 -0.00801908411
  vertex -0.0486248098 0.0415068641 -0.00801908411
  endloop
 endfacet

 facet normal 0.354907244 0.920305967 0.164553389
  outer loop
  vertex -0.0449933931 0.0395223498 -0.00475239055
  vertex -0.0486248098 0.0415068641 -0.00801908411
  vertex -0.0487581827 0.0415582992 -0.00801908411
  endloop
 endfacet

 facet normal 0.346571475 0.921565354 0.174945056
  outer loop
  vertex -0.0449933931 0.0395223498 -0.00475239055
  vertex -0.0487581827 0.0415582992 -0.00801908411
  vertex -0.048900649 0.0416118763 -0.00801908411
  endloop
 endfacet

 facet normal 0.298591703 0.925099313 0.234593615
  outer loop
  vertex -0.0449933931 0.0395223498 -0.00475239055
  vertex -0.048900649 0.0416118763 -0.00801908411
  vertex -0.0490400866 0.0416568816 -0.00801908411
  endloop
 endfacet

 facet normal 0.296176016 0.92511034 0.237593397
  outer loop
  vertex -0.0449933931 0.0395223498 -0.00475239055
  vertex -0.0490400866 0.0416568816 -0.00801908411
  vertex -0.0492007434 0.0417083167 -0.00801908411
  endloop
 endfacet

 facet normal 0.272262394 0.92420882 0.267789692
  outer loop
  vertex -0.0449933931 0.0395223498 -0.00475239055
  vertex -0.0492007434 0.0417083167 -0.00801908411
  vertex -0.0493462421 0.0417511798 -0.00801908411
  endloop
 endfacet

 facet normal 0.236520976 0.919988811 0.312535703
  outer loop
  vertex -0.0449933931 0.0395223498 -0.00475239055
  vertex -0.0493462421 0.0417511798 -0.00801908411
  vertex -0.0495463051 0.0418026112 -0.00801908411
  endloop
 endfacet

 facet normal 0.228150219 0.91844362 0.323123783
  outer loop
  vertex -0.0449933931 0.0395223498 -0.00475239055
  vertex -0.0495463051 0.0418026112 -0.00801908411
  vertex -0.0496584587 0.0418304726 -0.00801908411
  endloop
 endfacet

 facet normal 0.215814263 0.915756822 0.338841945
  outer loop
  vertex -0.0449933931 0.0395223498 -0.00475239055
  vertex -0.0496584587 0.0418304726 -0.00801908411
  vertex -0.049713023 0.0418433324 -0.00801908411
  endloop
 endfacet

 facet normal 0.206600696 0.913477898 0.35053429
  outer loop
  vertex -0.0449933931 0.0395223498 -0.00475239055
  vertex -0.049713023 0.0418433324 -0.00801908411
  vertex -0.066105932 0.0455509052 -0.00801908411
  endloop
 endfacet

 facet normal 0.113740526 0.750864148 0.650589168
  outer loop
  vertex -0.0449933931 0.0395223498 -0.00475239055
  vertex -0.066105932 0.0455509052 -0.00801908411
  vertex -0.0661483631 0.0455573313 -0.00801908411
  endloop
 endfacet

 facet normal 0.14977093 0.988720655 6.90117668e-05
  outer loop
  vertex -0.0661483631 0.0455573313 -0.00801908411
  vertex -0.066105932 0.0455509052 -0.00801908411
  vertex -0.0661180541 0.0455530472 -0.0123865707
  endloop
 endfacet

 facet normal 0.140151367 0.990130126 8.64600565e-07
  outer loop
  vertex -0.0661483631 0.0455573313 -0.00801908411
  vertex -0.0661180541 0.0455530472 -0.0123865707
  vertex -0.0661332086 0.045555193 -0.0123651577
  endloop
 endfacet

 facet normal 0.106667593 0.994002938 -0.0240881201
  outer loop
  vertex -0.0661332086 0.045555193 -0.0123651577
  vertex -0.0661180541 0.0455530472 -0.0123865707
  vertex -0.0661756471 0.0455594771 -0.0123762609
  endloop
 endfacet

 facet normal 0.100329153 0.9932037 -0.0589974336
  outer loop
  vertex -0.0661756471 0.0455594771 -0.0123762609
  vertex -0.0661180541 0.0455530472 -0.0123865707
  vertex -0.0661665574 0.0455573313 -0.0123968804
  endloop
 endfacet

 facet normal 0.025815405 0.995416284 -0.0920880362
  outer loop
  vertex -0.0661756471 0.0455594771 -0.0123762609
  vertex -0.0661665574 0.0455573313 -0.0123968804
  vertex -0.0662089884 0.0455573313 -0.0124087771
  endloop
 endfacet

 facet normal 0.0212409906 0.995944023 -0.0874320716
  outer loop
  vertex -0.0661756471 0.0455594771 -0.0123762609
  vertex -0.0662089884 0.0455573313 -0.0124087771
  vertex -0.0662180856 0.0455594771 -0.0123865707
  endloop
 endfacet

 facet normal -0.0714894459 0.98960346 -0.124796674
  outer loop
  vertex -0.0662180856 0.0455594771 -0.0123865707
  vertex -0.0662089884 0.0455573313 -0.0124087771
  vertex -0.0662453696 0.0455509052 -0.0124389138
  endloop
 endfacet

 facet normal -0.0971745029 0.989022851 -0.111314654
  outer loop
  vertex -0.0662180856 0.0455594771 -0.0123865707
  vertex -0.0662453696 0.0455509052 -0.0124389138
  vertex -0.0662544593 0.0455530472 -0.0124119492
  endloop
 endfacet

 facet normal -0.100645795 0.989217758 -0.106388718
  outer loop
  vertex -0.0662180856 0.0455594771 -0.0123865707
  vertex -0.0662544593 0.0455530472 -0.0124119492
  vertex -0.0662635565 0.045555193 -0.0123833986
  endloop
 endfacet

 facet normal -0.114399731 0.987256527 -0.110622004
  outer loop
  vertex -0.0662635565 0.045555193 -0.0123833986
  vertex -0.0662544593 0.0455530472 -0.0124119492
  vertex -0.0662968978 0.0455466174 -0.012425432
  endloop
 endfacet

 facet normal -0.167915687 0.983494461 -0.0674014986
  outer loop
  vertex -0.0662635565 0.045555193 -0.0123833986
  vertex -0.0662968978 0.0455466174 -0.012425432
  vertex -0.0663059875 0.0455487594 -0.0123715019
  endloop
 endfacet

 facet normal -0.149859771 0.988707364 -0.000173807013
  outer loop
  vertex -0.0662635565 0.045555193 -0.0123833986
  vertex -0.0663059875 0.0455487594 -0.0123715019
  vertex -0.0662968978 0.0455509052 -0.00801908411
  endloop
 endfacet

 facet normal -0.215732664 0.97645247 -3.01457549e-05
  outer loop
  vertex -0.0662968978 0.0455509052 -0.00801908411
  vertex -0.0663059875 0.0455487594 -0.0123715019
  vertex -0.0663453937 0.0455401875 -0.00801908411
  endloop
 endfacet

 facet normal 0 -0.0966895968 0.995314598
  outer loop
  vertex -0.0495553985 0.0236676559 -0.00500617595
  vertex -0.0440324917 0.0236676559 -0.00500617595
  vertex -0.0464453548 0.0262801014 -0.00475239055
  endloop
 endfacet

 facet normal 0 -0.0966895968 0.995314598
  outer loop
  vertex -0.0495553985 0.0236676559 -0.00500617595
  vertex -0.0464453548 0.0262801014 -0.00475239055
  vertex -0.0483125933 0.0262801014 -0.00475239055
  endloop
 endfacet

 facet normal -0.188794851 -0.0157067012 0.981891036
  outer loop
  vertex -0.0495553985 0.0236676559 -0.00500617595
  vertex -0.066921331 0.0440571606 -0.00801908411
  vertex -0.0669182986 0.0440207273 -0.00801908411
  endloop
 endfacet

 facet normal -0.205625802 -0.0306184925 0.97815156
  outer loop
  vertex -0.0495553985 0.0236676559 -0.00500617595
  vertex -0.0669182986 0.0440207273 -0.00801908411
  vertex -0.0669122338 0.0439800061 -0.00801908411
  endloop
 endfacet

 facet normal -0.232340112 -0.0544906706 0.971107125
  outer loop
  vertex -0.0495553985 0.0236676559 -0.00500617595
  vertex -0.0669122338 0.0439800061 -0.00801908411
  vertex -0.0712044612 0.0236676559 -0.0101857753
  endloop
 endfacet

 facet normal 0 -1 0
  outer loop
  vertex -0.0495553985 0.0236676559 -0.00500617595
  vertex -0.0712044612 0.0236676559 -0.0101857753
  vertex -0.0712256804 0.0236676559 -0.0101921204
  endloop
 endfacet

 facet normal 0 -1 0
  outer loop
  vertex -0.0495553985 0.0236676559 -0.00500617595
  vertex -0.0712256804 0.0236676559 -0.0101921204
  vertex -0.0712438673 0.0236676559 -0.0101976721
  endloop
 endfacet

 facet normal 0 -1 0
  outer loop
  vertex -0.0495553985 0.0236676559 -0.00500617595
  vertex -0.0712438673 0.0236676559 -0.0101976721
  vertex -0.0712954029 0.0236676559 -0.0102230506
  endloop
 endfacet

 facet normal 0 -1 0
  outer loop
  vertex -0.0495553985 0.0236676559 -0.00500617595
  vertex -0.0712954029 0.0236676559 -0.0102230506
  vertex -0.0713135898 0.0236676559 -0.0102333603
  endloop
 endfacet

 facet normal 0 -1 0
  outer loop
  vertex -0.0495553985 0.0236676559 -0.00500617595
  vertex -0.0713135898 0.0236676559 -0.0102333603
  vertex -0.0713772401 0.0236676559 -0.010288083
  endloop
 endfacet

 facet normal 0 -1 0
  outer loop
  vertex -0.0495553985 0.0236676559 -0.00500617595
  vertex -0.0713772401 0.0236676559 -0.010288083
  vertex -0.0714105889 0.0236676559 -0.0103261508
  endloop
 endfacet

 facet normal 0 -1 0
  outer loop
  vertex -0.0495553985 0.0236676559 -0.00500617595
  vertex -0.0714105889 0.0236676559 -0.0103261508
  vertex -0.0714348331 0.0236676559 -0.0103578744
  endloop
 endfacet

 facet normal 0 -1 0
  outer loop
  vertex -0.0495553985 0.0236676559 -0.00500617595
  vertex -0.0714348331 0.0236676559 -0.0103578744
  vertex -0.0714590847 0.0236676559 -0.0103935627
  endloop
 endfacet

 facet normal 0 -1 0
  outer loop
  vertex -0.0495553985 0.0236676559 -0.00500617595
  vertex -0.0714590847 0.0236676559 -0.0103935627
  vertex -0.0714772716 0.0236676559 -0.010429251
  endloop
 endfacet

 facet normal 0 -1 0
  outer loop
  vertex -0.0495553985 0.0236676559 -0.00500617595
  vertex -0.0714772716 0.0236676559 -0.010429251
  vertex -0.0714984909 0.0236676559 -0.010476836
  endloop
 endfacet

 facet normal 0 -1 0
  outer loop
  vertex -0.0495553985 0.0236676559 -0.00500617595
  vertex -0.0714984909 0.0236676559 -0.010476836
  vertex -0.0715106204 0.0236676559 -0.0105045941
  endloop
 endfacet

 facet normal 0 -1 0
  outer loop
  vertex -0.0495553985 0.0236676559 -0.00500617595
  vertex -0.0715106204 0.0236676559 -0.0105045941
  vertex -0.0715288073 0.0236676559 -0.0105696265
  endloop
 endfacet

 facet normal 0 -1 0
  outer loop
  vertex -0.0495553985 0.0236676559 -0.00500617595
  vertex -0.0715288073 0.0236676559 -0.0105696265
  vertex -0.071537897 0.0236676559 -0.0106172115
  endloop
 endfacet

 facet normal 0 -1 0
  outer loop
  vertex -0.0495553985 0.0236676559 -0.00500617595
  vertex -0.071537897 0.0236676559 -0.0106172115
  vertex -0.0715530589 0.0236676559 -0.0107052429
  endloop
 endfacet

 facet normal 0 -1 0
  outer loop
  vertex -0.0495553985 0.0236676559 -0.00500617595
  vertex -0.0715530589 0.0236676559 -0.0107052429
  vertex -0.0715560839 0.0236676559 -0.011087507
  endloop
 endfacet

 facet normal 0 -1 0
  outer loop
  vertex -0.0495553985 0.0236676559 -0.00500617595
  vertex -0.0715560839 0.0236676559 -0.011087507
  vertex -0.0715560839 0.0236676559 -0.011675179
  endloop
 endfacet

 facet normal 0 -1 0
  outer loop
  vertex -0.0495553985 0.0236676559 -0.00500617595
  vertex -0.0715560839 0.0236676559 -0.011675179
  vertex -0.0715530589 0.0236676559 -0.012400846
  endloop
 endfacet

 facet normal 0 -1 0
  outer loop
  vertex -0.0495553985 0.0236676559 -0.00500617595
  vertex -0.0715530589 0.0236676559 -0.012400846
  vertex -0.0715469941 0.0236676559 -0.0124397064
  endloop
 endfacet

 facet normal 0 -1 0
  outer loop
  vertex -0.0495553985 0.0236676559 -0.00500617595
  vertex -0.0715469941 0.0236676559 -0.0124397064
  vertex -0.0715348646 0.0236676559 -0.0124857062
  endloop
 endfacet

 facet normal 0 -1 0
  outer loop
  vertex -0.0495553985 0.0236676559 -0.00500617595
  vertex -0.0715348646 0.0236676559 -0.0124857062
  vertex -0.0715166777 0.0236676559 -0.012540428
  endloop
 endfacet

 facet normal 0 -1 0
  outer loop
  vertex -0.0495553985 0.0236676559 -0.00500617595
  vertex -0.0715166777 0.0236676559 -0.012540428
  vertex -0.0714863688 0.0236676559 -0.0126030808
  endloop
 endfacet

 facet normal 0 -1 0
  outer loop
  vertex -0.0495553985 0.0236676559 -0.00500617595
  vertex -0.0714863688 0.0236676559 -0.0126030808
  vertex -0.0714621171 0.0236676559 -0.0126379766
  endloop
 endfacet

 facet normal 0 -1 0
  outer loop
  vertex -0.0495553985 0.0236676559 -0.00500617595
  vertex -0.0714621171 0.0236676559 -0.0126379766
  vertex -0.071449995 0.0236676559 -0.0126530454
  endloop
 endfacet

 facet normal 0 -1 0
  outer loop
  vertex -0.0495553985 0.0236676559 -0.00500617595
  vertex -0.071449995 0.0236676559 -0.0126530454
  vertex -0.0714196786 0.0236676559 -0.0126871476
  endloop
 endfacet

 facet normal 0 -1 0
  outer loop
  vertex -0.0495553985 0.0236676559 -0.00500617595
  vertex -0.0714196786 0.0236676559 -0.0126871476
  vertex -0.0713742152 0.0236676559 -0.0127339391
  endloop
 endfacet

 facet normal 0 -1 0
  outer loop
  vertex -0.0495553985 0.0236676559 -0.00500617595
  vertex -0.0713742152 0.0236676559 -0.0127339391
  vertex -0.0713378415 0.0236676559 -0.0127609037
  endloop
 endfacet

 facet normal 0 -1 0
  outer loop
  vertex -0.0495553985 0.0236676559 -0.00500617595
  vertex -0.0713378415 0.0236676559 -0.0127609037
  vertex -0.0712954029 0.0236676559 -0.0127862822
  endloop
 endfacet

 facet normal 0 -1 0
  outer loop
  vertex -0.0495553985 0.0236676559 -0.00500617595
  vertex -0.0712954029 0.0236676559 -0.0127862822
  vertex -0.0712559968 0.0236676559 -0.0128061092
  endloop
 endfacet

 facet normal 0 -1 0
  outer loop
  vertex -0.0495553985 0.0236676559 -0.00500617595
  vertex -0.0712559968 0.0236676559 -0.0128061092
  vertex -0.0712196156 0.0236676559 -0.0128227649
  endloop
 endfacet

 facet normal 0 -1 0
  outer loop
  vertex -0.0495553985 0.0236676559 -0.00500617595
  vertex -0.0712196156 0.0236676559 -0.0128227649
  vertex -0.0711347461 0.0236676559 -0.0128457639
  endloop
 endfacet

 facet normal 0 -1 0
  outer loop
  vertex -0.0495553985 0.0236676559 -0.00500617595
  vertex -0.0711347461 0.0236676559 -0.0128457639
  vertex -0.0710862428 0.0236676559 -0.012852109
  endloop
 endfacet

 facet normal 0 -1 0
  outer loop
  vertex -0.0495553985 0.0236676559 -0.00500617595
  vertex -0.0710862428 0.0236676559 -0.012852109
  vertex -0.0710468367 0.0236676559 -0.0128544867
  endloop
 endfacet

 facet normal 0 -1 0
  outer loop
  vertex -0.0495553985 0.0236676559 -0.00500617595
  vertex -0.0710468367 0.0236676559 -0.0128544867
  vertex -0.0710256174 0.0236676559 -0.0128536941
  endloop
 endfacet

 facet normal 0 -1 0
  outer loop
  vertex -0.0495553985 0.0236676559 -0.00500617595
  vertex -0.0710256174 0.0236676559 -0.0128536941
  vertex -0.0709953085 0.0236676559 -0.012852109
  endloop
 endfacet

 facet normal 0 -1 0
  outer loop
  vertex -0.0495553985 0.0236676559 -0.00500617595
  vertex -0.0709953085 0.0236676559 -0.012852109
  vertex -0.0709498376 0.0236676559 -0.0128465565
  endloop
 endfacet

 facet normal 0 -1 0
  outer loop
  vertex -0.0495553985 0.0236676559 -0.00500617595
  vertex -0.0709498376 0.0236676559 -0.0128465565
  vertex -0.0709134638 0.0236676559 -0.0128378328
  endloop
 endfacet

 facet normal 0 -1 0
  outer loop
  vertex -0.0495553985 0.0236676559 -0.00500617595
  vertex -0.0709134638 0.0236676559 -0.0128378328
  vertex -0.0684187636 0.0236676559 -0.0122112995
  endloop
 endfacet

 facet normal 0 -1 0
  outer loop
  vertex -0.0495553985 0.0236676559 -0.00500617595
  vertex -0.0684187636 0.0236676559 -0.0122112995
  vertex -0.0532383472 0.0236676559 -0.00838865899
  endloop
 endfacet

 facet normal 0 -1 0
  outer loop
  vertex -0.0495553985 0.0236676559 -0.00500617595
  vertex -0.0532383472 0.0236676559 -0.00838865899
  vertex -0.0517045408 0.0236676559 -0.00800163578
  endloop
 endfacet

 facet normal 0 -1 0
  outer loop
  vertex -0.0495553985 0.0236676559 -0.00500617595
  vertex -0.0517045408 0.0236676559 -0.00800163578
  vertex -0.0440961458 0.0236676559 -0.00503393356
  endloop
 endfacet

 facet normal 0 -1 0
  outer loop
  vertex -0.0495553985 0.0236676559 -0.00500617595
  vertex -0.0440961458 0.0236676559 -0.00503393356
  vertex -0.0440355241 0.0236676559 -0.00500934804
  endloop
 endfacet

 facet normal 0 -1 0
  outer loop
  vertex -0.0495553985 0.0236676559 -0.00500617595
  vertex -0.0440355241 0.0236676559 -0.00500934804
  vertex -0.0440324917 0.0236676559 -0.00500617595
  endloop
 endfacet

 facet normal -0.333329588 0.942810297 -0.000232300663
  outer loop
  vertex -0.0663453937 0.0455401875 -0.00801908411
  vertex -0.066348426 0.0455380455 -0.0123754675
  vertex -0.066363588 0.0455337577 -0.00801908411
  endloop
 endfacet

 facet normal -0.244822919 0.969567716 -0.000307079608
  outer loop
  vertex -0.0663453937 0.0455401875 -0.00801908411
  vertex -0.0663059875 0.0455487594 -0.0123715019
  vertex -0.066348426 0.0455380455 -0.0123754675
  endloop
 endfacet

 facet normal -0.374541491 0.927210093 -0.000391018693
  outer loop
  vertex -0.066363588 0.0455337577 -0.00801908411
  vertex -0.066348426 0.0455380455 -0.0123754675
  vertex -0.0663908646 0.0455209017 -0.0123786395
  endloop
 endfacet

 facet normal -0.39894855 0.916973412 -0.000208091849
  outer loop
  vertex -0.066363588 0.0455337577 -0.00801908411
  vertex -0.0663908646 0.0455209017 -0.0123786395
  vertex -0.0664302707 0.0455037542 -0.0123818116
  endloop
 endfacet

 facet normal -0.398962617 0.916967273 -0.000207834411
  outer loop
  vertex -0.066363588 0.0455337577 -0.00801908411
  vertex -0.0664302707 0.0455037542 -0.0123818116
  vertex -0.0664029941 0.0455166139 -0.00801908411
  endloop
 endfacet

 facet normal -0.413791895 0.910371542 -9.56639269e-05
  outer loop
  vertex -0.0664029941 0.0455166139 -0.00801908411
  vertex -0.0664302707 0.0455037542 -0.0123818116
  vertex -0.0664454252 0.0454973243 -0.00801908411
  endloop
 endfacet

 facet normal -0.507585645 0.861601233 -0.000493375468
  outer loop
  vertex -0.0664454252 0.0454973243 -0.00801908411
  vertex -0.0664302707 0.0455037542 -0.0123818116
  vertex -0.0664666444 0.0454823263 -0.0123841912
  endloop
 endfacet

 facet normal -0.54382503 0.83919853 -0.000240232155
  outer loop
  vertex -0.0664454252 0.0454973243 -0.00801908411
  vertex -0.0664666444 0.0454823263 -0.0123841912
  vertex -0.0664817989 0.0454737544 -0.00801908411
  endloop
 endfacet

 facet normal -0.577309012 0.816525698 -0.000401010388
  outer loop
  vertex -0.0664817989 0.0454737544 -0.00801908411
  vertex -0.0664666444 0.0454823263 -0.0123841912
  vertex -0.0665030181 0.0454566069 -0.0123865707
  endloop
 endfacet

 facet normal -0.608120203 0.793845057 -0.000162270837
  outer loop
  vertex -0.0664817989 0.0454737544 -0.00801908411
  vertex -0.0665030181 0.0454566069 -0.0123865707
  vertex -0.0665393993 0.0454287454 -0.0123540545
  endloop
 endfacet

 facet normal -0.615731895 0.787955761 0
  outer loop
  vertex -0.0664817989 0.0454737544 -0.00801908411
  vertex -0.0665393993 0.0454287454 -0.0123540545
  vertex -0.0665393993 0.0454287454 -0.00801908411
  endloop
 endfacet

 facet normal -0.727562368 0.686041534 0
  outer loop
  vertex -0.0665393993 0.0454287454 -0.00801908411
  vertex -0.0665393993 0.0454287454 -0.0123540545
  vertex -0.0665939599 0.0453708842 -0.00801908411
  endloop
 endfacet

 facet normal -0.816465795 0.577393949 1.72499597e-07
  outer loop
  vertex -0.0665939599 0.0453708842 -0.00801908411
  vertex -0.0665969923 0.0453665964 -0.0123540545
  vertex -0.0666212365 0.0453323089 -0.0123540545
  endloop
 endfacet

 facet normal -0.816456676 0.577406824 0
  outer loop
  vertex -0.0665939599 0.0453708842 -0.00801908411
  vertex -0.0666212365 0.0453323089 -0.0123540545
  vertex -0.0666212365 0.0453323089 -0.00801908411
  endloop
 endfacet

 facet normal -0.733480155 0.679710865 -0.000158987736
  outer loop
  vertex -0.0665939599 0.0453708842 -0.00801908411
  vertex -0.0665393993 0.0454287454 -0.0123540545
  vertex -0.0665969923 0.0453665964 -0.0123540545
  endloop
 endfacet

 facet normal -0.85917747 0.511677742 0
  outer loop
  vertex -0.0666212365 0.0453323089 -0.00801908411
  vertex -0.0666212365 0.0453323089 -0.0123540545
  vertex -0.0666454881 0.0452915877 -0.0123540545
  endloop
 endfacet

 facet normal -0.85917747 0.511677742 0
  outer loop
  vertex -0.0666212365 0.0453323089 -0.00801908411
  vertex -0.0666454881 0.0452915877 -0.0123540545
  vertex -0.0666454881 0.0452915877 -0.00801908411
  endloop
 endfacet

 facet normal -0.921817839 0.387623638 0
  outer loop
  vertex -0.0666454881 0.0452915877 -0.00801908411
  vertex -0.0666454881 0.0452915877 -0.0123540545
  vertex -0.0666788295 0.0452122949 -0.0123540545
  endloop
 endfacet

 facet normal -0.921817839 0.387623638 0
  outer loop
  vertex -0.0666454881 0.0452915877 -0.00801908411
  vertex -0.0666788295 0.0452122949 -0.0123540545
  vertex -0.0666788295 0.0452122949 -0.00801908411
  endloop
 endfacet

 facet normal -0.962243557 0.272189647 0
  outer loop
  vertex -0.0666788295 0.0452122949 -0.00801908411
  vertex -0.0666788295 0.0452122949 -0.0123540545
  vertex -0.066690959 0.0451694317 -0.0123540545
  endloop
 endfacet

 facet normal -0.962243557 0.272189647 0
  outer loop
  vertex -0.0666788295 0.0452122949 -0.00801908411
  vertex -0.066690959 0.0451694317 -0.0123540545
  vertex -0.066690959 0.0451694317 -0.00801908411
  endloop
 endfacet

 facet normal -0.975172639 0.221446082 0
  outer loop
  vertex -0.066690959 0.0451694317 -0.00801908411
  vertex -0.066690959 0.0451694317 -0.0123540545
  vertex -0.0667970479 0.0447022319 -0.00801908411
  endloop
 endfacet

 facet normal -0.975334406 0.220732421 -8.08752375e-05
  outer loop
  vertex -0.0667970479 0.0447022319 -0.00801908411
  vertex -0.066690959 0.0451694317 -0.0123540545
  vertex -0.0698343441 0.0312799662 -0.0123532619
  endloop
 endfacet

 facet normal -0.975355148 0.220640585 0.00021811515
  outer loop
  vertex -0.0667970479 0.0447022319 -0.00801908411
  vertex -0.0698343441 0.0312799662 -0.0123532619
  vertex -0.0715560839 0.0236676559 -0.011087507
  endloop
 endfacet

 facet normal -0.9755615 0.219590634 0.0077356128
  outer loop
  vertex -0.0667970479 0.0447022319 -0.00801908411
  vertex -0.0715560839 0.0236676559 -0.011087507
  vertex -0.0715530589 0.0236676559 -0.0107052429
  endloop
 endfacet

 facet normal -0.975601852 0.214771867 0.0455415845
  outer loop
  vertex -0.0667970479 0.0447022319 -0.00801908411
  vertex -0.0715530589 0.0236676559 -0.0107052429
  vertex -0.0669182986 0.0441514552 -0.00801908411
  endloop
 endfacet

 facet normal -0.966225803 0.196807191 0.166356921
  outer loop
  vertex -0.0669182986 0.0441514552 -0.00801908411
  vertex -0.0715530589 0.0236676559 -0.0107052429
  vertex -0.071537897 0.0236676559 -0.0106172115
  endloop
 endfacet

 facet normal -0.96357429 0.193953961 0.184137255
  outer loop
  vertex -0.0669182986 0.0441514552 -0.00801908411
  vertex -0.071537897 0.0236676559 -0.0106172115
  vertex -0.0715288073 0.0236676559 -0.0105696265
  endloop
 endfacet

 facet normal -0.947276592 0.180226326 0.264925539
  outer loop
  vertex -0.0669182986 0.0441514552 -0.00801908411
  vertex -0.0715288073 0.0236676559 -0.0105696265
  vertex -0.0715106204 0.0236676559 -0.0105045941
  endloop
 endfacet

 facet normal -0.905321062 0.154983357 0.395441592
  outer loop
  vertex -0.0669182986 0.0441514552 -0.00801908411
  vertex -0.0715106204 0.0236676559 -0.0105045941
  vertex -0.0714984909 0.0236676559 -0.010476836
  endloop
 endfacet

 facet normal -0.902486503 0.15351063 0.402433366
  outer loop
  vertex -0.0669182986 0.0441514552 -0.00801908411
  vertex -0.0714984909 0.0236676559 -0.010476836
  vertex -0.0714772716 0.0236676559 -0.010429251
  endloop
 endfacet

 facet normal -0.881765068 0.143376052 0.449370325
  outer loop
  vertex -0.0669182986 0.0441514552 -0.00801908411
  vertex -0.0714772716 0.0236676559 -0.010429251
  vertex -0.0714590847 0.0236676559 -0.0103935627
  endloop
 endfacet

 facet normal -0.821403265 0.117387019 0.558137059
  outer loop
  vertex -0.0669182986 0.0441514552 -0.00801908411
  vertex -0.0714590847 0.0236676559 -0.0103935627
  vertex -0.0714348331 0.0236676559 -0.0103578744
  endloop
 endfacet

 facet normal -0.790056765 0.105246603 0.603931606
  outer loop
  vertex -0.0669182986 0.0441514552 -0.00801908411
  vertex -0.0714348331 0.0236676559 -0.0103578744
  vertex -0.0714105889 0.0236676559 -0.0103261508
  endloop
 endfacet

 facet normal -0.749162853 0.0903924853 0.656189203
  outer loop
  vertex -0.0669182986 0.0441514552 -0.00801908411
  vertex -0.0714105889 0.0236676559 -0.0103261508
  vertex -0.0713772401 0.0236676559 -0.010288083
  endloop
 endfacet

 facet normal -0.650804639 0.0578103215 0.757041156
  outer loop
  vertex -0.0669182986 0.0441514552 -0.00801908411
  vertex -0.0713772401 0.0236676559 -0.010288083
  vertex -0.0713135898 0.0236676559 -0.0102333603
  endloop
 endfacet

 facet normal -0.600201845 0.0424466841 0.798721492
  outer loop
  vertex -0.0669182986 0.0441514552 -0.00801908411
  vertex -0.0713135898 0.0236676559 -0.0102333603
  vertex -0.066921331 0.0441085957 -0.00801908411
  endloop
 endfacet

 facet normal -0.493107408 0.0117254062 0.869889438
  outer loop
  vertex -0.066921331 0.0441085957 -0.00801908411
  vertex -0.0713135898 0.0236676559 -0.0102333603
  vertex -0.0712954029 0.0236676559 -0.0102230506
  endloop
 endfacet

 facet normal -0.4499771 0 0.893040121
  outer loop
  vertex -0.066921331 0.0441085957 -0.00801908411
  vertex -0.0712954029 0.0236676559 -0.0102230506
  vertex -0.066921331 0.0440571606 -0.00801908411
  endloop
 endfacet

 facet normal -0.44181335 -0.00219064718 0.897104383
  outer loop
  vertex -0.066921331 0.0440571606 -0.00801908411
  vertex -0.0712954029 0.0236676559 -0.0102230506
  vertex -0.0712438673 0.0236676559 -0.0101976721
  endloop
 endfacet

 facet normal -0.340215802 -0.0283040963 0.939921439
  outer loop
  vertex -0.066921331 0.0440571606 -0.00801908411
  vertex -0.0712438673 0.0236676559 -0.0101976721
  vertex -0.0669182986 0.0440207273 -0.00801908411
  endloop
 endfacet

 facet normal 0.576964855 0.816064775 -0.0339119658
  outer loop
  vertex -0.0415256619 0.0371370725 -0.00475239055
  vertex -0.0414347239 0.0370727777 -0.00475239055
  vertex -0.0449933931 0.0395223498 -0.00635123812
  endloop
 endfacet

 facet normal 0.528686285 0.839936912 -0.122461542
  outer loop
  vertex -0.0449933931 0.0395223498 -0.00635123812
  vertex -0.0450055189 0.0395223498 -0.00640358124
  vertex -0.0481852815 0.0412882678 -0.00801908411
  endloop
 endfacet

 facet normal 0.49221155 0.870232344 -0.0205800589
  outer loop
  vertex -0.0449933931 0.0395223498 -0.00635123812
  vertex -0.0481852815 0.0412882678 -0.00801908411
  vertex -0.0482610613 0.041331131 -0.00801908411
  endloop
 endfacet

 facet normal 0.603266478 0.785202682 -0.139736831
  outer loop
  vertex -0.0449933931 0.0395223498 -0.00635123812
  vertex -0.0414347239 0.0370727777 -0.00475239055
  vertex -0.0450055189 0.0395223498 -0.00640358124
  endloop
 endfacet

 facet normal 0.328509331 0.580806017 -0.744812727
  outer loop
  vertex -0.0482610613 0.041331131 -0.00801908411
  vertex -0.0481852815 0.0412882678 -0.00801908411
  vertex -0.0660392419 0.0453515947 -0.0127252154
  endloop
 endfacet

 facet normal 0.32880199 0.614049852 -0.717518032
  outer loop
  vertex -0.0482610613 0.041331131 -0.00801908411
  vertex -0.0660392419 0.0453515947 -0.0127252154
  vertex -0.0660392419 0.045385886 -0.0126958713
  endloop
 endfacet

 facet normal 0.328807443 0.620084643 -0.712306619
  outer loop
  vertex -0.0482610613 0.041331131 -0.00801908411
  vertex -0.0660392419 0.045385886 -0.0126958713
  vertex -0.0483823083 0.0413954221 -0.00801908411
  endloop
 endfacet

 facet normal 0.328225076 0.65768683 -0.678023934
  outer loop
  vertex -0.0483823083 0.0413954221 -0.00801908411
  vertex -0.0660392419 0.045385886 -0.0126958713
  vertex -0.0484853722 0.0414468572 -0.00801908411
  endloop
 endfacet

 facet normal 0.327462047 0.678215146 -0.657869935
  outer loop
  vertex -0.0484853722 0.0414468572 -0.00801908411
  vertex -0.0660392419 0.045385886 -0.0126958713
  vertex -0.0660392419 0.0454158857 -0.0126649411
  endloop
 endfacet

 facet normal 0.323692232 0.736836195 -0.593545198
  outer loop
  vertex -0.0484853722 0.0414468572 -0.00801908411
  vertex -0.0660392419 0.0454158857 -0.0126649411
  vertex -0.0660634935 0.045450177 -0.012635597
  endloop
 endfacet

 facet normal 0.322529972 0.749460936 -0.578171849
  outer loop
  vertex -0.0484853722 0.0414468572 -0.00801908411
  vertex -0.0660634935 0.045450177 -0.012635597
  vertex -0.0486248098 0.0415068641 -0.00801908411
  endloop
 endfacet

 facet normal 0.318977773 0.779514849 -0.539082348
  outer loop
  vertex -0.0486248098 0.0415068641 -0.00801908411
  vertex -0.0660634935 0.045450177 -0.012635597
  vertex -0.0660422742 0.0454694666 -0.0125951506
  endloop
 endfacet

 facet normal 0.31372726 0.813522696 -0.489648998
  outer loop
  vertex -0.0486248098 0.0415068641 -0.00801908411
  vertex -0.0660422742 0.0454694666 -0.0125951506
  vertex -0.0487581827 0.0415582992 -0.00801908411
  endloop
 endfacet

 facet normal 0.311078608 0.827186584 -0.467966318
  outer loop
  vertex -0.0487581827 0.0415582992 -0.00801908411
  vertex -0.0660422742 0.0454694666 -0.0125951506
  vertex -0.048900649 0.0416118763 -0.00801908411
  endloop
 endfacet

 facet normal 0.304574519 0.854678869 -0.420426577
  outer loop
  vertex -0.048900649 0.0416118763 -0.00801908411
  vertex -0.0660422742 0.0454694666 -0.0125951506
  vertex -0.0660695583 0.0454951823 -0.0125626344
  endloop
 endfacet

 facet normal 0.297424495 0.879045367 -0.372582853
  outer loop
  vertex -0.048900649 0.0416118763 -0.00801908411
  vertex -0.0660695583 0.0454951823 -0.0125626344
  vertex -0.0660695583 0.0455123261 -0.0125221871
  endloop
 endfacet

 facet normal 0.290205419 0.899116755 -0.327673584
  outer loop
  vertex -0.048900649 0.0416118763 -0.00801908411
  vertex -0.0660695583 0.0455123261 -0.0125221871
  vertex -0.0490400866 0.0416568816 -0.00801908411
  endloop
 endfacet

 facet normal 0.288882554 0.902329147 -0.319920421
  outer loop
  vertex -0.0490400866 0.0416568816 -0.00801908411
  vertex -0.0660695583 0.0455123261 -0.0125221871
  vertex -0.0492007434 0.0417083167 -0.00801908411
  endloop
 endfacet

 facet normal 0.284558266 0.911948383 -0.295595735
  outer loop
  vertex -0.0492007434 0.0417083167 -0.00801908411
  vertex -0.0660695583 0.0455123261 -0.0125221871
  vertex -0.0660756156 0.0455273278 -0.0124817397
  endloop
 endfacet

 facet normal 0.274296612 0.931114078 -0.240391314
  outer loop
  vertex -0.0492007434 0.0417083167 -0.00801908411
  vertex -0.0660756156 0.0455273278 -0.0124817397
  vertex -0.0493462421 0.0417511798 -0.00801908411
  endloop
 endfacet

 facet normal 0.266231239 0.942891598 -0.200190589
  outer loop
  vertex -0.0493462421 0.0417511798 -0.00801908411
  vertex -0.0660756156 0.0455273278 -0.0124817397
  vertex -0.0660725832 0.0455359034 -0.0124373278
  endloop
 endfacet

 facet normal 0.252725422 0.957903504 -0.136201411
  outer loop
  vertex -0.0493462421 0.0417511798 -0.00801908411
  vertex -0.0660725832 0.0455359034 -0.0124373278
  vertex -0.066105932 0.0455444753 -0.0124389138
  endloop
 endfacet

 facet normal 0.247420713 0.962385178 -0.112240016
  outer loop
  vertex -0.0493462421 0.0417511798 -0.00801908411
  vertex -0.066105932 0.0455444753 -0.0124389138
  vertex -0.0495463051 0.0418026112 -0.00801908411
  endloop
 endfacet

 facet normal 0.246109664 0.963374138 -0.106490694
  outer loop
  vertex -0.0495463051 0.0418026112 -0.00801908411
  vertex -0.066105932 0.0455444753 -0.0124389138
  vertex -0.0660877451 0.0455444753 -0.0123968804
  endloop
 endfacet

 facet normal 0.242422193 0.965954423 -0.0903522521
  outer loop
  vertex -0.0495463051 0.0418026112 -0.00801908411
  vertex -0.0660877451 0.0455444753 -0.0123968804
  vertex -0.0661180541 0.0455530472 -0.0123865707
  endloop
 endfacet

 facet normal 0.240288615 0.967308164 -0.0810942426
  outer loop
  vertex -0.0495463051 0.0418026112 -0.00801908411
  vertex -0.0661180541 0.0455530472 -0.0123865707
  vertex -0.0496584587 0.0418304726 -0.00801908411
  endloop
 endfacet

 facet normal 0.229244575 0.97274518 -0.0348387212
  outer loop
  vertex -0.0496584587 0.0418304726 -0.00801908411
  vertex -0.0661180541 0.0455530472 -0.0123865707
  vertex -0.049713023 0.0418433324 -0.00801908411
  endloop
 endfacet

 facet normal 0.220597655 0.975364983 -0.00013415741
  outer loop
  vertex -0.049713023 0.0418433324 -0.00801908411
  vertex -0.0661180541 0.0455530472 -0.0123865707
  vertex -0.066105932 0.0455509052 -0.00801908411
  endloop
 endfacet

 facet normal 0.238065228 0.965771258 -0.103009902
  outer loop
  vertex -0.0661180541 0.0455530472 -0.0123865707
  vertex -0.0660877451 0.0455444753 -0.0123968804
  vertex -0.066105932 0.0455444753 -0.0124389138
  endloop
 endfacet

 facet normal 0.135543182 0.982276917 -0.129460409
  outer loop
  vertex -0.0661180541 0.0455530472 -0.0123865707
  vertex -0.066105932 0.0455444753 -0.0124389138
  vertex -0.0661301762 0.0455487594 -0.0124317762
  endloop
 endfacet

 facet normal 0.127995178 0.983537912 -0.12755549
  outer loop
  vertex -0.0661180541 0.0455530472 -0.0123865707
  vertex -0.0661301762 0.0455487594 -0.0124317762
  vertex -0.0661574602 0.045555193 -0.0124095697
  endloop
 endfacet

 facet normal 0.10677208 0.99014926 -0.0905762091
  outer loop
  vertex -0.0661180541 0.0455530472 -0.0123865707
  vertex -0.0661574602 0.045555193 -0.0124095697
  vertex -0.0661665574 0.0455573313 -0.0123968804
  endloop
 endfacet

 facet normal 0.0446648821 0.989833593 -0.135035083
  outer loop
  vertex -0.0661665574 0.0455573313 -0.0123968804
  vertex -0.0661574602 0.045555193 -0.0124095697
  vertex -0.0661938339 0.0455530472 -0.0124373278
  endloop
 endfacet

 facet normal 0.0363065787 0.990912914 -0.129511878
  outer loop
  vertex -0.0661665574 0.0455573313 -0.0123968804
  vertex -0.0661938339 0.0455530472 -0.0124373278
  vertex -0.0662089884 0.0455573313 -0.0124087771
  endloop
 endfacet

 facet normal -0.0358063579 0.985314786 -0.166951433
  outer loop
  vertex -0.0662089884 0.0455573313 -0.0124087771
  vertex -0.0661938339 0.0455530472 -0.0124373278
  vertex -0.0662453696 0.0455509052 -0.0124389138
  endloop
 endfacet

 facet normal -0.105219953 0.970297694 -0.217833102
  outer loop
  vertex -0.0662453696 0.0455509052 -0.0124389138
  vertex -0.0662605241 0.0455380455 -0.0124888783
  vertex -0.0662817433 0.0455423295 -0.0124595342
  endloop
 endfacet

 facet normal -0.124960266 0.97478503 -0.184876025
  outer loop
  vertex -0.0662453696 0.0455509052 -0.0124389138
  vertex -0.0662817433 0.0455423295 -0.0124595342
  vertex -0.0662908331 0.0455444753 -0.0124420859
  endloop
 endfacet

 facet normal -0.126198202 0.97703433 -0.171691522
  outer loop
  vertex -0.0662453696 0.0455509052 -0.0124389138
  vertex -0.0662908331 0.0455444753 -0.0124420859
  vertex -0.0662968978 0.0455466174 -0.012425432
  endloop
 endfacet

 facet normal -0.112524234 0.986817658 -0.116315916
  outer loop
  vertex -0.0662453696 0.0455509052 -0.0124389138
  vertex -0.0662968978 0.0455466174 -0.012425432
  vertex -0.0662544593 0.0455530472 -0.0124119492
  endloop
 endfacet

 facet normal -0.0348962285 0.981023788 -0.190721005
  outer loop
  vertex -0.0662453696 0.0455509052 -0.0124389138
  vertex -0.0661938339 0.0455530472 -0.0124373278
  vertex -0.0662362725 0.0455487594 -0.0124516031
  endloop
 endfacet

 facet normal -0.084213689 0.970862985 -0.224350438
  outer loop
  vertex -0.0662453696 0.0455509052 -0.0124389138
  vertex -0.0662362725 0.0455487594 -0.0124516031
  vertex -0.0662605241 0.0455380455 -0.0124888783
  endloop
 endfacet

 facet normal -0.235788301 0.949280083 -0.208017856
  outer loop
  vertex -0.0662968978 0.0455466174 -0.012425432
  vertex -0.0662908331 0.0455444753 -0.0124420859
  vertex -0.0663272068 0.0455316156 -0.0124595342
  endloop
 endfacet

 facet normal -0.256374538 0.947897196 -0.189110979
  outer loop
  vertex -0.0662968978 0.0455466174 -0.012425432
  vertex -0.0663272068 0.0455316156 -0.0124595342
  vertex -0.0663423687 0.0455359034 -0.0124174999
  endloop
 endfacet

 facet normal -0.242459983 0.966499269 -0.0842159912
  outer loop
  vertex -0.0662968978 0.0455466174 -0.012425432
  vertex -0.0663423687 0.0455359034 -0.0124174999
  vertex -0.066348426 0.0455380455 -0.0123754675
  endloop
 endfacet

 facet normal -0.237194404 0.96828717 -0.0784785002
  outer loop
  vertex -0.0662968978 0.0455466174 -0.012425432
  vertex -0.066348426 0.0455380455 -0.0123754675
  vertex -0.0663059875 0.0455487594 -0.0123715019
  endloop
 endfacet

 facet normal 0.708986759 -0.195074528 -0.677704751
  outer loop
  vertex -0.0440324917 0.0236676559 -0.00500617595
  vertex -0.0440355241 0.0236676559 -0.00500934804
  vertex -0.0415014103 0.0319850482 -0.00475239055
  endloop
 endfacet

 facet normal 0.0541251116 -0.0469051674 0.997431934
  outer loop
  vertex -0.0440324917 0.0236676559 -0.00500617595
  vertex -0.0415014103 0.0319850482 -0.00475239055
  vertex -0.0464453548 0.0262801014 -0.00475239055
  endloop
 endfacet

 facet normal -0.291706741 -0.040298041 0.955658555
  outer loop
  vertex -0.0669182986 0.0440207273 -0.00801908411
  vertex -0.0712438673 0.0236676559 -0.0101976721
  vertex -0.0712256804 0.0236676559 -0.0101921204
  endloop
 endfacet

 facet normal -0.286248088 -0.0416233093 0.957251012
  outer loop
  vertex -0.0669182986 0.0440207273 -0.00801908411
  vertex -0.0712256804 0.0236676559 -0.0101921204
  vertex -0.0712044612 0.0236676559 -0.0101857753
  endloop
 endfacet

 facet normal -0.283683896 -0.0422416553 0.95798701
  outer loop
  vertex -0.0669182986 0.0440207273 -0.00801908411
  vertex -0.0712044612 0.0236676559 -0.0101857753
  vertex -0.0669122338 0.0439800061 -0.00801908411
  endloop
 endfacet

 facet normal -0.333826542 0.937740505 -0.0959305093
  outer loop
  vertex -0.066348426 0.0455380455 -0.0123754675
  vertex -0.0663423687 0.0455359034 -0.0124174999
  vertex -0.0663817748 0.0455209017 -0.0124270171
  endloop
 endfacet

 facet normal -0.347574323 0.933727503 -0.0857036337
  outer loop
  vertex -0.066348426 0.0455380455 -0.0123754675
  vertex -0.0663817748 0.0455209017 -0.0124270171
  vertex -0.0663878322 0.0455209017 -0.012402432
  endloop
 endfacet

 facet normal -0.371107519 0.927385509 -0.0472796075
  outer loop
  vertex -0.066348426 0.0455380455 -0.0123754675
  vertex -0.0663878322 0.0455209017 -0.012402432
  vertex -0.0663908646 0.0455209017 -0.0123786395
  endloop
 endfacet

 facet normal -0.395047784 0.917280972 -0.0503296331
  outer loop
  vertex -0.0663908646 0.0455209017 -0.0123786395
  vertex -0.0663878322 0.0455209017 -0.012402432
  vertex -0.0664302707 0.0455037542 -0.0123818116
  endloop
 endfacet

 facet normal -0.458658814 0.881682813 -0.110758752
  outer loop
  vertex -0.0664302707 0.0455037542 -0.0123818116
  vertex -0.066421181 0.0455016121 -0.0124365343
  vertex -0.066463612 0.0454823263 -0.0124143278
  endloop
 endfacet

 facet normal -0.504489899 0.861925364 -0.050740622
  outer loop
  vertex -0.0664302707 0.0455037542 -0.0123818116
  vertex -0.066463612 0.0454823263 -0.0124143278
  vertex -0.0664666444 0.0454823263 -0.0123841912
  endloop
 endfacet

 facet normal -0.414969921 0.904063225 -0.102321804
  outer loop
  vertex -0.0664302707 0.0455037542 -0.0123818116
  vertex -0.0663878322 0.0455209017 -0.012402432
  vertex -0.0663817748 0.0455209017 -0.0124270171
  endloop
 endfacet

 facet normal -0.41673696 0.90298605 -0.104626194
  outer loop
  vertex -0.0664302707 0.0455037542 -0.0123818116
  vertex -0.0663817748 0.0455209017 -0.0124270171
  vertex -0.066421181 0.0455016121 -0.0124365343
  endloop
 endfacet

 facet normal -0.574256599 0.817005992 -0.0522572957
  outer loop
  vertex -0.0664666444 0.0454823263 -0.0123841912
  vertex -0.0664999932 0.0454566069 -0.0124198794
  vertex -0.0665030181 0.0454566069 -0.0123865707
  endloop
 endfacet

 facet normal -0.570521951 0.81927532 -0.057381995
  outer loop
  vertex -0.0664666444 0.0454823263 -0.0123841912
  vertex -0.066463612 0.0454823263 -0.0124143278
  vertex -0.0664999932 0.0454566069 -0.0124198794
  endloop
 endfacet

 facet normal -0.635224342 0.77016139 -0.0578053668
  outer loop
  vertex -0.0665030181 0.0454566069 -0.0123865707
  vertex -0.0664999932 0.0454566069 -0.0124198794
  vertex -0.0665333346 0.0454287454 -0.0124246385
  endloop
 endfacet

 facet normal -0.637511373 0.768492222 -0.0547627918
  outer loop
  vertex -0.0665030181 0.0454566069 -0.0123865707
  vertex -0.0665333346 0.0454287454 -0.0124246385
  vertex -0.0665393993 0.0454287454 -0.0123540545
  endloop
 endfacet

 facet normal -0.700213611 0.711395144 -0.0601489693
  outer loop
  vertex -0.0665393993 0.0454287454 -0.0123540545
  vertex -0.0665333346 0.0454287454 -0.0124246385
  vertex -0.0665666759 0.045398742 -0.0123913288
  endloop
 endfacet

 facet normal -0.733441293 0.679674804 -0.0102972183
  outer loop
  vertex -0.0665393993 0.0454287454 -0.0123540545
  vertex -0.0665666759 0.045398742 -0.0123913288
  vertex -0.0665969923 0.0453665964 -0.0123540545
  endloop
 endfacet

 facet normal -0.747514665 0.663275361 -0.0358845741
  outer loop
  vertex -0.0665969923 0.0453665964 -0.0123540545
  vertex -0.0665666759 0.045398742 -0.0123913288
  vertex -0.0665969923 0.0453644544 -0.0123937083
  endloop
 endfacet

 facet normal -0.815710723 0.57761538 -0.0312501937
  outer loop
  vertex -0.0665969923 0.0453665964 -0.0123540545
  vertex -0.0665969923 0.0453644544 -0.0123937083
  vertex -0.0666212365 0.0453301631 -0.0123945009
  endloop
 endfacet

 facet normal -0.816083848 0.577123821 -0.0305836815
  outer loop
  vertex -0.0665969923 0.0453665964 -0.0123540545
  vertex -0.0666212365 0.0453301631 -0.0123945009
  vertex -0.0666212365 0.0453323089 -0.0123540545
  endloop
 endfacet

 facet normal -0.858861804 0.511489749 -0.0271055158
  outer loop
  vertex -0.0666212365 0.0453323089 -0.0123540545
  vertex -0.0666212365 0.0453301631 -0.0123945009
  vertex -0.0666454881 0.0452915877 -0.0123540545
  endloop
 endfacet

 facet normal -0.873366773 0.482971609 -0.0630006865
  outer loop
  vertex -0.0666454881 0.0452915877 -0.0123540545
  vertex -0.0666212365 0.0453301631 -0.0123945009
  vertex -0.0666424558 0.0452915877 -0.0123960879
  endloop
 endfacet

 facet normal -0.902064681 0.426667571 -0.0650708228
  outer loop
  vertex -0.0666454881 0.0452915877 -0.0123540545
  vertex -0.0666424558 0.0452915877 -0.0123960879
  vertex -0.0666576177 0.0452530123 -0.0124389138
  endloop
 endfacet

 facet normal -0.920906425 0.38724035 -0.0444558822
  outer loop
  vertex -0.0666454881 0.0452915877 -0.0123540545
  vertex -0.0666576177 0.0452530123 -0.0124389138
  vertex -0.0666788295 0.0452122949 -0.0123540545
  endloop
 endfacet

 facet normal -0.934706926 0.349208206 -0.066155985
  outer loop
  vertex -0.0666788295 0.0452122949 -0.0123540545
  vertex -0.0666576177 0.0452530123 -0.0124389138
  vertex -0.0666758046 0.0452122949 -0.0123968804
  endloop
 endfacet

 facet normal -0.960019767 0.271560609 -0.0679475591
  outer loop
  vertex -0.0666788295 0.0452122949 -0.0123540545
  vertex -0.0666758046 0.0452122949 -0.0123968804
  vertex -0.0666879267 0.0451694317 -0.0123968804
  endloop
 endfacet

 facet normal -0.960019767 0.271560609 -0.0679475591
  outer loop
  vertex -0.0666788295 0.0452122949 -0.0123540545
  vertex -0.0666879267 0.0451694317 -0.0123968804
  vertex -0.066690959 0.0451694317 -0.0123540545
  endloop
 endfacet

 facet normal -0.9730196 0.220204636 -0.0688676462
  outer loop
  vertex -0.066690959 0.0451694317 -0.0123540545
  vertex -0.0666879267 0.0451694317 -0.0123968804
  vertex -0.0698343441 0.0312799662 -0.0123532619
  endloop
 endfacet

 facet normal -0.975432873 0.220258936 -0.00407439517
  outer loop
  vertex -0.0698343441 0.0312799662 -0.0123532619
  vertex -0.0715530589 0.0236676559 -0.012400846
  vertex -0.0715560839 0.0236676559 -0.011675179
  endloop
 endfacet

 facet normal -0.975362957 0.220606059 0
  outer loop
  vertex -0.0698343441 0.0312799662 -0.0123532619
  vertex -0.0715560839 0.0236676559 -0.011675179
  vertex -0.0715560839 0.0236676559 -0.011087507
  endloop
 endfacet

 facet normal -0.972375929 0.220030367 -0.0779222548
  outer loop
  vertex -0.0698343441 0.0312799662 -0.0123532619
  vertex -0.0666879267 0.0451694317 -0.0123968804
  vertex -0.0715530589 0.0236676559 -0.012400846
  endloop
 endfacet

 facet normal 0.604323864 0.783522785 -0.144515604
  outer loop
  vertex -0.0414347239 0.0370727777 -0.00475239055
  vertex -0.0413346924 0.036995627 -0.00475239055
  vertex -0.0450055189 0.0395223498 -0.00640358124
  endloop
 endfacet

 facet normal 0.542217553 0.823451638 -0.167115122
  outer loop
  vertex -0.0450055189 0.0395223498 -0.00640358124
  vertex -0.0450206734 0.0395223498 -0.00645275181
  vertex -0.0481852815 0.0412882678 -0.00801908411
  endloop
 endfacet

 facet normal 0.611070812 0.771226466 -0.178331524
  outer loop
  vertex -0.0450055189 0.0395223498 -0.00640358124
  vertex -0.0413346924 0.036995627 -0.00475239055
  vertex -0.0411588848 0.0368563272 -0.00475239055
  endloop
 endfacet

 facet normal 0.612866402 0.767277956 -0.188889593
  outer loop
  vertex -0.0450055189 0.0395223498 -0.00640358124
  vertex -0.0411588848 0.0368563272 -0.00475239055
  vertex -0.0450206734 0.0395223498 -0.00645275181
  endloop
 endfacet

 facet normal 0.545647025 0.818549812 -0.179570302
  outer loop
  vertex -0.0481852815 0.0412882678 -0.00801908411
  vertex -0.0450206734 0.0395223498 -0.00645275181
  vertex -0.0480791852 0.0412175432 -0.00801908411
  endloop
 endfacet

 facet normal 0.324777752 0.48721382 -0.810643137
  outer loop
  vertex -0.0481852815 0.0412882678 -0.00801908411
  vertex -0.0480791852 0.0412175432 -0.00801908411
  vertex -0.0660392419 0.0453173071 -0.0127505939
  endloop
 endfacet

 facet normal 0.328047872 0.561972141 -0.759323478
  outer loop
  vertex -0.0481852815 0.0412882678 -0.00801908411
  vertex -0.0660392419 0.0453173071 -0.0127505939
  vertex -0.0660392419 0.0453515947 -0.0127252154
  endloop
 endfacet

 facet normal 0.275652111 0.571845174 -0.772663593
  outer loop
  vertex -0.0660392419 0.0453515947 -0.0127252154
  vertex -0.0660392419 0.0453173071 -0.0127505939
  vertex -0.0660725832 0.0453237332 -0.0127577316
  endloop
 endfacet

 facet normal 0.27329728 0.573879123 -0.771991849
  outer loop
  vertex -0.0660392419 0.0453515947 -0.0127252154
  vertex -0.0660725832 0.0453237332 -0.0127577316
  vertex -0.0660998672 0.0453665964 -0.0127355251
  endloop
 endfacet

 facet normal 0.27683267 0.606470227 -0.745357394
  outer loop
  vertex -0.0660392419 0.0453515947 -0.0127252154
  vertex -0.0660998672 0.0453665964 -0.0127355251
  vertex -0.0660665259 0.0453923158 -0.0127022164
  endloop
 endfacet

 facet normal 0.313344896 0.617457271 -0.721499562
  outer loop
  vertex -0.0660392419 0.0453515947 -0.0127252154
  vertex -0.0660665259 0.0453923158 -0.0127022164
  vertex -0.0660392419 0.045385886 -0.0126958713
  endloop
 endfacet

 facet normal 0.314338982 0.681406736 -0.66096586
  outer loop
  vertex -0.0660392419 0.045385886 -0.0126958713
  vertex -0.0660665259 0.0453923158 -0.0127022164
  vertex -0.0660392419 0.0454158857 -0.0126649411
  endloop
 endfacet

 facet normal 0.297029972 0.693755805 -0.65610683
  outer loop
  vertex -0.0660392419 0.0454158857 -0.0126649411
  vertex -0.0660665259 0.0453923158 -0.0127022164
  vertex -0.0660665259 0.0454223156 -0.0126704928
  endloop
 endfacet

 facet normal 0.297268093 0.733395517 -0.611361384
  outer loop
  vertex -0.0660392419 0.0454158857 -0.0126649411
  vertex -0.0660665259 0.0454223156 -0.0126704928
  vertex -0.0660634935 0.045450177 -0.012635597
  endloop
 endfacet

 facet normal 0.276348799 0.739199817 -0.6141783
  outer loop
  vertex -0.0660634935 0.045450177 -0.012635597
  vertex -0.0660665259 0.0454223156 -0.0126704928
  vertex -0.0660907701 0.0454287454 -0.0126736648
  endloop
 endfacet

 facet normal 0.22849074 0.769195259 -0.596766889
  outer loop
  vertex -0.0660634935 0.045450177 -0.012635597
  vertex -0.0660907701 0.0454287454 -0.0126736648
  vertex -0.0661119893 0.045460891 -0.0126403561
  endloop
 endfacet

 facet normal 0.232311532 0.8174178 -0.527123809
  outer loop
  vertex -0.0660634935 0.045450177 -0.012635597
  vertex -0.0661119893 0.045460891 -0.0126403561
  vertex -0.0660877451 0.0454780385 -0.0126030808
  endloop
 endfacet

 facet normal 0.244909495 0.818924844 -0.519019723
  outer loop
  vertex -0.0660634935 0.045450177 -0.012635597
  vertex -0.0660877451 0.0454780385 -0.0126030808
  vertex -0.0660422742 0.0454694666 -0.0125951506
  endloop
 endfacet

 facet normal 0.241925225 0.849484086 -0.468880534
  outer loop
  vertex -0.0660422742 0.0454694666 -0.0125951506
  vertex -0.0660877451 0.0454780385 -0.0126030808
  vertex -0.0660695583 0.0454951823 -0.0125626344
  endloop
 endfacet

 facet normal 0.200915545 0.893472791 -0.401670754
  outer loop
  vertex -0.0660695583 0.0454951823 -0.0125626344
  vertex -0.0661028996 0.0455016121 -0.012565013
  vertex -0.0660998672 0.0455187559 -0.0125253592
  endloop
 endfacet

 facet normal 0.229830116 0.896065116 -0.379796684
  outer loop
  vertex -0.0660695583 0.0454951823 -0.0125626344
  vertex -0.0660998672 0.0455187559 -0.0125253592
  vertex -0.0660695583 0.0455123261 -0.0125221871
  endloop
 endfacet

 facet normal 0.209334657 0.862929761 -0.459925264
  outer loop
  vertex -0.0660695583 0.0454951823 -0.0125626344
  vertex -0.0660877451 0.0454780385 -0.0126030808
  vertex -0.0661301762 0.0454887562 -0.0126022883
  endloop
 endfacet

 facet normal 0.199987352 0.871850729 -0.44708097
  outer loop
  vertex -0.0660695583 0.0454951823 -0.0125626344
  vertex -0.0661301762 0.0454887562 -0.0126022883
  vertex -0.0661028996 0.0455016121 -0.012565013
  endloop
 endfacet

 facet normal 0.228209719 0.923119009 -0.309469759
  outer loop
  vertex -0.0660695583 0.0455123261 -0.0125221871
  vertex -0.0660998672 0.0455187559 -0.0125253592
  vertex -0.0660938025 0.0455316156 -0.0124825332
  endloop
 endfacet

 facet normal 0.230967298 0.923014104 -0.307732433
  outer loop
  vertex -0.0660695583 0.0455123261 -0.0125221871
  vertex -0.0660938025 0.0455316156 -0.0124825332
  vertex -0.0660756156 0.0455273278 -0.0124817397
  endloop
 endfacet

 facet normal 0.232917815 0.948466003 -0.214852422
  outer loop
  vertex -0.0660756156 0.0455273278 -0.0124817397
  vertex -0.0660938025 0.0455316156 -0.0124825332
  vertex -0.066105932 0.0455444753 -0.0124389138
  endloop
 endfacet

 facet normal 0.252856851 0.946607411 -0.19999513
  outer loop
  vertex -0.0660756156 0.0455273278 -0.0124817397
  vertex -0.066105932 0.0455444753 -0.0124389138
  vertex -0.0660725832 0.0455359034 -0.0124373278
  endloop
 endfacet

 facet normal 0.163744584 0.957662225 -0.236792564
  outer loop
  vertex -0.066105932 0.0455444753 -0.0124389138
  vertex -0.0660938025 0.0455316156 -0.0124825332
  vertex -0.0661574602 0.0455466174 -0.0124658793
  endloop
 endfacet

 facet normal 0.125401318 0.978817344 -0.161836952
  outer loop
  vertex -0.066105932 0.0455444753 -0.0124389138
  vertex -0.0661574602 0.0455466174 -0.0124658793
  vertex -0.0661301762 0.0455487594 -0.0124317762
  endloop
 endfacet

 facet normal 0.109824084 0.982626081 -0.149615064
  outer loop
  vertex -0.0661301762 0.0455487594 -0.0124317762
  vertex -0.0661574602 0.0455466174 -0.0124658793
  vertex -0.0661574602 0.045555193 -0.0124095697
  endloop
 endfacet

 facet normal 0.0564676933 0.987028778 -0.150285423
  outer loop
  vertex -0.0661574602 0.045555193 -0.0124095697
  vertex -0.0661574602 0.0455466174 -0.0124658793
  vertex -0.0661938339 0.0455530472 -0.0124373278
  endloop
 endfacet

 facet normal -0.0224835109 0.975774288 -0.217621192
  outer loop
  vertex -0.0661938339 0.0455530472 -0.0124373278
  vertex -0.0662059635 0.0455423295 -0.0124841193
  vertex -0.0662271753 0.0455466174 -0.0124627063
  endloop
 endfacet

 facet normal -0.0275971182 0.977047801 -0.211225256
  outer loop
  vertex -0.0661938339 0.0455530472 -0.0124373278
  vertex -0.0662271753 0.0455466174 -0.0124627063
  vertex -0.0662362725 0.0455487594 -0.0124516031
  endloop
 endfacet

 facet normal -0.00244633877 0.974903762 -0.222613752
  outer loop
  vertex -0.0661938339 0.0455530472 -0.0124373278
  vertex -0.0661574602 0.0455466174 -0.0124658793
  vertex -0.0662059635 0.0455423295 -0.0124841193
  endloop
 endfacet

 facet normal -0.112029165 0.941920877 -0.316598356
  outer loop
  vertex -0.0662605241 0.0455380455 -0.0124888783
  vertex -0.0662635565 0.0455187559 -0.0125451861
  vertex -0.0662968978 0.0455251858 -0.0125142569
  endloop
 endfacet

 facet normal -0.159454614 0.953799129 -0.254639983
  outer loop
  vertex -0.0662605241 0.0455380455 -0.0124888783
  vertex -0.0662968978 0.0455251858 -0.0125142569
  vertex -0.0662817433 0.0455423295 -0.0124595342
  endloop
 endfacet

 facet normal -0.0622993074 0.969231129 -0.238138139
  outer loop
  vertex -0.0662605241 0.0455380455 -0.0124888783
  vertex -0.0662362725 0.0455487594 -0.0124516031
  vertex -0.0662271753 0.0455466174 -0.0124627063
  endloop
 endfacet

 facet normal -0.0544104092 0.967341125 -0.247569442
  outer loop
  vertex -0.0662605241 0.0455380455 -0.0124888783
  vertex -0.0662271753 0.0455466174 -0.0124627063
  vertex -0.0662059635 0.0455423295 -0.0124841193
  endloop
 endfacet

 facet normal -0.0506527759 0.958004594 -0.282243758
  outer loop
  vertex -0.0662605241 0.0455380455 -0.0124888783
  vertex -0.0662059635 0.0455423295 -0.0124841193
  vertex -0.0662362725 0.0455316156 -0.0125150494
  endloop
 endfacet

 facet normal -0.0932439566 0.943449557 -0.318133205
  outer loop
  vertex -0.0662605241 0.0455380455 -0.0124888783
  vertex -0.0662362725 0.0455316156 -0.0125150494
  vertex -0.0662635565 0.0455187559 -0.0125451861
  endloop
 endfacet

 facet normal -0.221739024 0.94635123 -0.235055774
  outer loop
  vertex -0.0662817433 0.0455423295 -0.0124595342
  vertex -0.0662968978 0.0455251858 -0.0125142569
  vertex -0.0663181171 0.0455294736 -0.0124769816
  endloop
 endfacet

 facet normal -0.223091424 0.946671426 -0.232472241
  outer loop
  vertex -0.0662817433 0.0455423295 -0.0124595342
  vertex -0.0663181171 0.0455294736 -0.0124769816
  vertex -0.0663272068 0.0455316156 -0.0124595342
  endloop
 endfacet

 facet normal -0.223086596 0.946650922 -0.232560903
  outer loop
  vertex -0.0662817433 0.0455423295 -0.0124595342
  vertex -0.0663272068 0.0455316156 -0.0124595342
  vertex -0.0662908331 0.0455444753 -0.0124420859
  endloop
 endfacet

 facet normal -0.251564831 0.936052442 -0.246010154
  outer loop
  vertex -0.0663272068 0.0455316156 -0.0124595342
  vertex -0.0663181171 0.0455294736 -0.0124769816
  vertex -0.0663423687 0.0455123261 -0.012517429
  endloop
 endfacet

 facet normal -0.284820855 0.929313838 -0.235059366
  outer loop
  vertex -0.0663272068 0.0455316156 -0.0124595342
  vertex -0.0663423687 0.0455123261 -0.012517429
  vertex -0.0663757101 0.0455187559 -0.0124516031
  endloop
 endfacet

 facet normal -0.281238347 0.939160824 -0.197184891
  outer loop
  vertex -0.0663272068 0.0455316156 -0.0124595342
  vertex -0.0663757101 0.0455187559 -0.0124516031
  vertex -0.0663423687 0.0455359034 -0.0124174999
  endloop
 endfacet

 facet normal -0.317290485 0.934779406 -0.15973185
  outer loop
  vertex -0.0663423687 0.0455359034 -0.0124174999
  vertex -0.0663757101 0.0455187559 -0.0124516031
  vertex -0.0663817748 0.0455209017 -0.0124270171
  endloop
 endfacet

 facet normal 0.374445021 -0.0855603367 -0.923293233
  outer loop
  vertex -0.0440355241 0.0236676559 -0.00500934804
  vertex -0.0440961458 0.0236676559 -0.00503393356
  vertex -0.0415014103 0.0319850482 -0.00475239055
  endloop
 endfacet

 facet normal 0.369276464 -0.0838723034 -0.925527096
  outer loop
  vertex -0.0415014103 0.0319850482 -0.00475239055
  vertex -0.0440961458 0.0236676559 -0.00503393356
  vertex -0.0405950733 0.0359755084 -0.00475239055
  endloop
 endfacet

 facet normal -0.376503319 0.910271347 -0.172195703
  outer loop
  vertex -0.0663817748 0.0455209017 -0.0124270171
  vertex -0.0663757101 0.0455187559 -0.0124516031
  vertex -0.0664120838 0.0455016121 -0.0124627063
  endloop
 endfacet

 facet normal -0.407429785 0.90219754 -0.141564324
  outer loop
  vertex -0.0663817748 0.0455209017 -0.0124270171
  vertex -0.0664120838 0.0455016121 -0.0124627063
  vertex -0.066421181 0.0455016121 -0.0124365343
  endloop
 endfacet

 facet normal -0.473785013 0.865117431 -0.164619923
  outer loop
  vertex -0.066421181 0.0455016121 -0.0124365343
  vertex -0.0664120838 0.0455016121 -0.0124627063
  vertex -0.0664575547 0.0454801805 -0.0124444654
  endloop
 endfacet

 facet normal -0.475614905 0.865488052 -0.157228425
  outer loop
  vertex -0.066421181 0.0455016121 -0.0124365343
  vertex -0.0664575547 0.0454801805 -0.0124444654
  vertex -0.066463612 0.0454823263 -0.0124143278
  endloop
 endfacet

 facet normal -0.542260408 0.823317707 -0.167635322
  outer loop
  vertex -0.066463612 0.0454823263 -0.0124143278
  vertex -0.0664575547 0.0454801805 -0.0124444654
  vertex -0.066490896 0.0454566069 -0.0124523956
  endloop
 endfacet

 facet normal -0.554458022 0.817639053 -0.155057341
  outer loop
  vertex -0.066463612 0.0454823263 -0.0124143278
  vertex -0.066490896 0.0454566069 -0.0124523956
  vertex -0.0664999932 0.0454566069 -0.0124198794
  endloop
 endfacet

 facet normal -0.616936326 0.767869174 -0.172529742
  outer loop
  vertex -0.0664999932 0.0454566069 -0.0124198794
  vertex -0.066490896 0.0454566069 -0.0124523956
  vertex -0.0665333346 0.0454287454 -0.0124246385
  endloop
 endfacet

 facet normal -0.660628021 0.718875349 -0.216307625
  outer loop
  vertex -0.0665333346 0.0454287454 -0.0124246385
  vertex -0.0665242374 0.0454266034 -0.0124595342
  vertex -0.0665454566 0.0453944579 -0.0125015676
  endloop
 endfacet

 facet normal -0.721979976 0.667119205 -0.18356733
  outer loop
  vertex -0.0665333346 0.0454287454 -0.0124246385
  vertex -0.0665454566 0.0453944579 -0.0125015676
  vertex -0.0665909275 0.0453644544 -0.0124317762
  endloop
 endfacet

 facet normal -0.731452703 0.669558525 -0.129106343
  outer loop
  vertex -0.0665333346 0.0454287454 -0.0124246385
  vertex -0.0665909275 0.0453644544 -0.0124317762
  vertex -0.0665666759 0.045398742 -0.0123913288
  endloop
 endfacet

 facet normal -0.628780305 0.748733222 -0.209842488
  outer loop
  vertex -0.0665333346 0.0454287454 -0.0124246385
  vertex -0.066490896 0.0454566069 -0.0124523956
  vertex -0.0665242374 0.0454266034 -0.0124595342
  endloop
 endfacet

 facet normal -0.739942968 0.662268281 -0.117835365
  outer loop
  vertex -0.0665666759 0.045398742 -0.0123913288
  vertex -0.0665909275 0.0453644544 -0.0124317762
  vertex -0.0665969923 0.0453644544 -0.0123937083
  endloop
 endfacet

 facet normal -0.808253407 0.574594796 -0.128713742
  outer loop
  vertex -0.0665969923 0.0453644544 -0.0123937083
  vertex -0.0665909275 0.0453644544 -0.0124317762
  vertex -0.0666212365 0.0453301631 -0.0123945009
  endloop
 endfacet

 facet normal -0.866826892 0.482046813 -0.127444297
  outer loop
  vertex -0.0666212365 0.0453301631 -0.0123945009
  vertex -0.0666363984 0.0452915877 -0.0124373278
  vertex -0.0666576177 0.0452530123 -0.0124389138
  endloop
 endfacet

 facet normal -0.866841316 0.482031196 -0.127405271
  outer loop
  vertex -0.0666212365 0.0453301631 -0.0123945009
  vertex -0.0666576177 0.0452530123 -0.0124389138
  vertex -0.0666424558 0.0452915877 -0.0123960879
  endloop
 endfacet

 facet normal -0.816647232 0.556781709 -0.151925713
  outer loop
  vertex -0.0666212365 0.0453301631 -0.0123945009
  vertex -0.0665909275 0.0453644544 -0.0124317762
  vertex -0.0666151792 0.045328021 -0.0124349482
  endloop
 endfacet

 facet normal -0.849394262 0.504766583 -0.154078215
  outer loop
  vertex -0.0666212365 0.0453301631 -0.0123945009
  vertex -0.0666151792 0.045328021 -0.0124349482
  vertex -0.0666363984 0.0452915877 -0.0124373278
  endloop
 endfacet

 facet normal -0.929134011 0.285798699 -0.234582826
  outer loop
  vertex -0.0666576177 0.0452530123 -0.0124389138
  vertex -0.0666485205 0.0452487245 -0.0124801537
  vertex -0.0666606426 0.0452080071 -0.0124817397
  endloop
 endfacet

 facet normal -0.931419015 0.281844676 -0.230265781
  outer loop
  vertex -0.0666576177 0.0452530123 -0.0124389138
  vertex -0.0666606426 0.0452080071 -0.0124817397
  vertex -0.0666727722 0.0451672859 -0.0124825332
  endloop
 endfacet

 facet normal -0.941093028 0.269985557 -0.203597426
  outer loop
  vertex -0.0666576177 0.0452530123 -0.0124389138
  vertex -0.0666727722 0.0451672859 -0.0124825332
  vertex -0.0666818619 0.0451672859 -0.0124405008
  endloop
 endfacet

 facet normal -0.950891495 0.271732301 -0.14821209
  outer loop
  vertex -0.0666576177 0.0452530123 -0.0124389138
  vertex -0.0666818619 0.0451672859 -0.0124405008
  vertex -0.0666758046 0.0452122949 -0.0123968804
  endloop
 endfacet

 facet normal -0.850692451 0.477014005 -0.220862001
  outer loop
  vertex -0.0666576177 0.0452530123 -0.0124389138
  vertex -0.0666363984 0.0452915877 -0.0124373278
  vertex -0.0666273013 0.0452894457 -0.0124769816
  endloop
 endfacet

 facet normal -0.853991151 0.463440001 -0.236479446
  outer loop
  vertex -0.0666576177 0.0452530123 -0.0124389138
  vertex -0.0666273013 0.0452894457 -0.0124769816
  vertex -0.0666485205 0.0452487245 -0.0124801537
  endloop
 endfacet

 facet normal -0.951997995 0.26929149 -0.145539939
  outer loop
  vertex -0.0666758046 0.0452122949 -0.0123968804
  vertex -0.0666818619 0.0451672859 -0.0124405008
  vertex -0.0666879267 0.0451694317 -0.0123968804
  endloop
 endfacet

 facet normal -0.965051174 0.218389258 -0.144852802
  outer loop
  vertex -0.0666879267 0.0451694317 -0.0123968804
  vertex -0.0666818619 0.0451672859 -0.0124405008
  vertex -0.0698252544 0.0312799662 -0.0124357417
  endloop
 endfacet

 facet normal -0.965258896 0.218432114 -0.143397704
  outer loop
  vertex -0.0666879267 0.0451694317 -0.0123968804
  vertex -0.0698252544 0.0312799662 -0.0124357417
  vertex -0.0715530589 0.0236676559 -0.012400846
  endloop
 endfacet

 facet normal -0.96424818 0.218170494 -0.150423199
  outer loop
  vertex -0.0715530589 0.0236676559 -0.012400846
  vertex -0.0698252544 0.0312799662 -0.0124357417
  vertex -0.0715469941 0.0236676559 -0.0124397064
  endloop
 endfacet

 facet normal 0.563212693 0.788835168 -0.246029481
  outer loop
  vertex -0.0450206734 0.0395223498 -0.00645275181
  vertex -0.0450449251 0.0395223498 -0.00650826702
  vertex -0.0480791852 0.0412175432 -0.00801908411
  endloop
 endfacet

 facet normal 0.625058532 0.731264591 -0.273045719
  outer loop
  vertex -0.0450206734 0.0395223498 -0.00645275181
  vertex -0.0411588848 0.0368563272 -0.00475239055
  vertex -0.0450449251 0.0395223498 -0.00650826702
  endloop
 endfacet

 facet normal 0.635020912 0.655446768 -0.408825159
  outer loop
  vertex -0.0411588848 0.0368563272 -0.00475239055
  vertex -0.0410770364 0.0367770307 -0.00475239055
  vertex -0.045069173 0.0395223498 -0.00655188737
  endloop
 endfacet

 facet normal 0.632407546 0.690263152 -0.351564527
  outer loop
  vertex -0.0411588848 0.0368563272 -0.00475239055
  vertex -0.045069173 0.0395223498 -0.00655188737
  vertex -0.0450449251 0.0395223498 -0.00650826702
  endloop
 endfacet

 facet normal 0.573825121 0.763861835 -0.295364082
  outer loop
  vertex -0.0480791852 0.0412175432 -0.00801908411
  vertex -0.0450449251 0.0395223498 -0.00650826702
  vertex -0.0480306894 0.0411811098 -0.00801908411
  endloop
 endfacet

 facet normal 0.320319116 0.4264009 -0.845918417
  outer loop
  vertex -0.0480791852 0.0412175432 -0.00801908411
  vertex -0.0480306894 0.0411811098 -0.00801908411
  vertex -0.0660392419 0.045278728 -0.0127728004
  endloop
 endfacet

 facet normal 0.323770255 0.472027093 -0.819977701
  outer loop
  vertex -0.0480791852 0.0412175432 -0.00801908411
  vertex -0.0660392419 0.045278728 -0.0127728004
  vertex -0.0660392419 0.0453173071 -0.0127505939
  endloop
 endfacet

 facet normal 0.30943957 0.474413395 -0.824123204
  outer loop
  vertex -0.0660392419 0.0453173071 -0.0127505939
  vertex -0.0660392419 0.045278728 -0.0127728004
  vertex -0.0660756156 0.0452872999 -0.0127815241
  endloop
 endfacet

 facet normal 0.272946 0.509996295 -0.815723181
  outer loop
  vertex -0.0660392419 0.0453173071 -0.0127505939
  vertex -0.0660756156 0.0452872999 -0.0127815241
  vertex -0.0660725832 0.0453237332 -0.0127577316
  endloop
 endfacet

 facet normal 0.249433056 0.514864206 -0.820181787
  outer loop
  vertex -0.0660725832 0.0453237332 -0.0127577316
  vertex -0.0660756156 0.0452872999 -0.0127815241
  vertex -0.066105932 0.0453323089 -0.0127624907
  endloop
 endfacet

 facet normal 0.257701874 0.568692386 -0.781139374
  outer loop
  vertex -0.0660725832 0.0453237332 -0.0127577316
  vertex -0.066105932 0.0453323089 -0.0127624907
  vertex -0.0660998672 0.0453665964 -0.0127355251
  endloop
 endfacet

 facet normal 0.254559159 0.625361681 -0.73764652
  outer loop
  vertex -0.0660998672 0.0453665964 -0.0127355251
  vertex -0.0660938025 0.045398742 -0.012706181
  vertex -0.0660665259 0.0453923158 -0.0127022164
  endloop
 endfacet

 facet normal 0.170467108 0.590288281 -0.78898716
  outer loop
  vertex -0.0660998672 0.0453665964 -0.0127355251
  vertex -0.066105932 0.0453323089 -0.0127624907
  vertex -0.0661332086 0.0453751683 -0.0127363186
  endloop
 endfacet

 facet normal 0.183110982 0.643737435 -0.743015885
  outer loop
  vertex -0.0660998672 0.0453665964 -0.0127355251
  vertex -0.0661332086 0.0453751683 -0.0127363186
  vertex -0.0660938025 0.045398742 -0.012706181
  endloop
 endfacet

 facet normal 0.261295319 0.69713521 -0.667628169
  outer loop
  vertex -0.0660665259 0.0453923158 -0.0127022164
  vertex -0.0660938025 0.045398742 -0.012706181
  vertex -0.0660907701 0.0454287454 -0.0126736648
  endloop
 endfacet

 facet normal 0.271890849 0.699175775 -0.66123265
  outer loop
  vertex -0.0660665259 0.0453923158 -0.0127022164
  vertex -0.0660907701 0.0454287454 -0.0126736648
  vertex -0.0660665259 0.0454223156 -0.0126704928
  endloop
 endfacet

 facet normal 0.206357211 0.709448695 -0.673868895
  outer loop
  vertex -0.0660907701 0.0454287454 -0.0126736648
  vertex -0.0660938025 0.045398742 -0.012706181
  vertex -0.0661180541 0.0454351753 -0.0126752518
  endloop
 endfacet

 facet normal 0.215981603 0.767709911 -0.603302121
  outer loop
  vertex -0.0660907701 0.0454287454 -0.0126736648
  vertex -0.0661180541 0.0454351753 -0.0126752518
  vertex -0.0661119893 0.045460891 -0.0126403561
  endloop
 endfacet

 facet normal 0.149557352 0.783365488 -0.603300333
  outer loop
  vertex -0.0661119893 0.045460891 -0.0126403561
  vertex -0.0661180541 0.0454351753 -0.0126752518
  vertex -0.0661453381 0.0454416052 -0.0126736648
  endloop
 endfacet

 facet normal 0.0953320712 0.817103326 -0.568554401
  outer loop
  vertex -0.0661119893 0.045460891 -0.0126403561
  vertex -0.0661453381 0.0454416052 -0.0126736648
  vertex -0.0661392733 0.0454651788 -0.0126387691
  endloop
 endfacet

 facet normal 0.0959053859 0.819458008 -0.565058172
  outer loop
  vertex -0.0661119893 0.045460891 -0.0126403561
  vertex -0.0661392733 0.0454651788 -0.0126387691
  vertex -0.0661483631 0.0454930402 -0.0125999087
  endloop
 endfacet

 facet normal 0.123504713 0.827969968 -0.54700315
  outer loop
  vertex -0.0661119893 0.045460891 -0.0126403561
  vertex -0.0661483631 0.0454930402 -0.0125999087
  vertex -0.0661301762 0.0454887562 -0.0126022883
  endloop
 endfacet

 facet normal 0.200955316 0.83376807 -0.514244914
  outer loop
  vertex -0.0661119893 0.045460891 -0.0126403561
  vertex -0.0661301762 0.0454887562 -0.0126022883
  vertex -0.0660877451 0.0454780385 -0.0126030808
  endloop
 endfacet

 facet normal 0.171249092 0.885989785 -0.430924505
  outer loop
  vertex -0.0661028996 0.0455016121 -0.012565013
  vertex -0.0661301762 0.0454887562 -0.0126022883
  vertex -0.0661392733 0.045510184 -0.0125618409
  endloop
 endfacet

 facet normal 0.176708832 0.898440599 -0.40196836
  outer loop
  vertex -0.0661028996 0.0455016121 -0.012565013
  vertex -0.0661392733 0.045510184 -0.0125618409
  vertex -0.0660998672 0.0455187559 -0.0125253592
  endloop
 endfacet

 facet normal 0.153674886 0.912015915 -0.380277574
  outer loop
  vertex -0.0660998672 0.0455187559 -0.0125253592
  vertex -0.0661392733 0.045510184 -0.0125618409
  vertex -0.0661301762 0.0455251858 -0.0125221871
  endloop
 endfacet

 facet normal 0.166956991 0.937559605 -0.305134952
  outer loop
  vertex -0.0660998672 0.0455187559 -0.0125253592
  vertex -0.0661301762 0.0455251858 -0.0125221871
  vertex -0.0660938025 0.0455316156 -0.0124825332
  endloop
 endfacet

 facet normal 0.151976272 0.887097776 -0.435845017
  outer loop
  vertex -0.0661301762 0.0454887562 -0.0126022883
  vertex -0.0661483631 0.0454930402 -0.0125999087
  vertex -0.0661392733 0.045510184 -0.0125618409
  endloop
 endfacet

 facet normal 0.148260027 0.945686758 -0.289301872
  outer loop
  vertex -0.0660938025 0.0455316156 -0.0124825332
  vertex -0.0661301762 0.0455251858 -0.0125221871
  vertex -0.0661180541 0.0455359034 -0.0124809472
  endloop
 endfacet

 facet normal 0.148844436 0.947125077 -0.284252375
  outer loop
  vertex -0.0660938025 0.0455316156 -0.0124825332
  vertex -0.0661180541 0.0455359034 -0.0124809472
  vertex -0.0661574602 0.0455466174 -0.0124658793
  endloop
 endfacet

 facet normal 0.13763465 0.946040094 -0.29336834
  outer loop
  vertex -0.0661574602 0.0455466174 -0.0124658793
  vertex -0.0661301762 0.0455251858 -0.0125221871
  vertex -0.0661574602 0.0455316156 -0.0125142569
  endloop
 endfacet

 facet normal 0.0977349505 0.950557232 -0.294769108
  outer loop
  vertex -0.0661574602 0.0455466174 -0.0124658793
  vertex -0.0661574602 0.0455316156 -0.0125142569
  vertex -0.0661817119 0.0455380455 -0.0125015676
  endloop
 endfacet

 facet normal 0.00256341952 0.971934795 -0.235236466
  outer loop
  vertex -0.0661574602 0.0455466174 -0.0124658793
  vertex -0.0661817119 0.0455380455 -0.0125015676
  vertex -0.0662059635 0.0455423295 -0.0124841193
  endloop
 endfacet

 facet normal 0.146751344 0.946030319 -0.288947582
  outer loop
  vertex -0.0661574602 0.0455466174 -0.0124658793
  vertex -0.0661180541 0.0455359034 -0.0124809472
  vertex -0.0661301762 0.0455251858 -0.0125221871
  endloop
 endfacet

 facet normal -0.0406277664 0.955770254 -0.291294515
  outer loop
  vertex -0.0662059635 0.0455423295 -0.0124841193
  vertex -0.0661817119 0.0455380455 -0.0125015676
  vertex -0.0662362725 0.0455316156 -0.0125150494
  endloop
 endfacet

 facet normal -0.172020406 0.910989702 -0.374842286
  outer loop
  vertex -0.0662635565 0.0455187559 -0.0125451861
  vertex -0.0662938654 0.0455016121 -0.0125729442
  vertex -0.0662968978 0.0455251858 -0.0125142569
  endloop
 endfacet

 facet normal -0.0509202592 0.9343943 -0.352582544
  outer loop
  vertex -0.0662635565 0.0455187559 -0.0125451861
  vertex -0.0662362725 0.0455316156 -0.0125150494
  vertex -0.0662059635 0.0455251858 -0.0125364624
  endloop
 endfacet

 facet normal -0.0450423062 0.922734678 -0.382795066
  outer loop
  vertex -0.0662635565 0.0455187559 -0.0125451861
  vertex -0.0662059635 0.0455251858 -0.0125364624
  vertex -0.0662302077 0.045510184 -0.0125697721
  endloop
 endfacet

 facet normal -0.097904332 0.890956879 -0.443407834
  outer loop
  vertex -0.0662635565 0.0455187559 -0.0125451861
  vertex -0.0662302077 0.045510184 -0.0125697721
  vertex -0.0662938654 0.0455016121 -0.0125729442
  endloop
 endfacet

 facet normal -0.228333652 0.899277806 -0.373045921
  outer loop
  vertex -0.0662968978 0.0455251858 -0.0125142569
  vertex -0.0662938654 0.0455016121 -0.0125729442
  vertex -0.0663423687 0.0455123261 -0.012517429
  endloop
 endfacet

 facet normal -0.247528553 0.936445117 -0.248596594
  outer loop
  vertex -0.0662968978 0.0455251858 -0.0125142569
  vertex -0.0663423687 0.0455123261 -0.012517429
  vertex -0.0663181171 0.0455294736 -0.0124769816
  endloop
 endfacet

 facet normal -0.0305395462 0.944601178 -0.326796472
  outer loop
  vertex -0.0662362725 0.0455316156 -0.0125150494
  vertex -0.0661817119 0.0455380455 -0.0125015676
  vertex -0.0662059635 0.0455251858 -0.0125364624
  endloop
 endfacet

 facet normal -0.341284215 0.866984487 -0.363129556
  outer loop
  vertex -0.0663423687 0.0455123261 -0.012517429
  vertex -0.0663575232 0.0454887562 -0.0125594623
  vertex -0.0663757101 0.0454908982 -0.0125372559
  endloop
 endfacet

 facet normal -0.342033803 0.867144048 -0.362041563
  outer loop
  vertex -0.0663423687 0.0455123261 -0.012517429
  vertex -0.0663757101 0.0454908982 -0.0125372559
  vertex -0.0663908646 0.0454951823 -0.0125126699
  endloop
 endfacet

 facet normal -0.344371855 0.901389539 -0.262497514
  outer loop
  vertex -0.0663423687 0.0455123261 -0.012517429
  vertex -0.0663908646 0.0454951823 -0.0125126699
  vertex -0.0663757101 0.0455187559 -0.0124516031
  endloop
 endfacet

 facet normal -0.261924803 0.878984332 -0.398474634
  outer loop
  vertex -0.0663423687 0.0455123261 -0.012517429
  vertex -0.0662938654 0.0455016121 -0.0125729442
  vertex -0.0663575232 0.0454887562 -0.0125594623
  endloop
 endfacet

 facet normal -0.344745159 0.901285529 -0.262364715
  outer loop
  vertex -0.0663757101 0.0455187559 -0.0124516031
  vertex -0.0663908646 0.0454951823 -0.0125126699
  vertex -0.0664120838 0.0455016121 -0.0124627063
  endloop
 endfacet

 facet normal 0.362464339 -0.0818689317 -0.928394914
  outer loop
  vertex -0.0440961458 0.0236676559 -0.00503393356
  vertex -0.0479579382 0.0395223498 -0.00793977547
  vertex -0.0405950733 0.0359755084 -0.00475239055
  endloop
 endfacet

 facet normal 0.362168163 -0.0819607899 -0.92850244
  outer loop
  vertex -0.0440961458 0.0236676559 -0.00503393356
  vertex -0.0517045408 0.0236676559 -0.00800163578
  vertex -0.0479579382 0.0395223498 -0.00793977547
  endloop
 endfacet

 facet normal 0.36297518 -0.0807196051 -0.92829597
  outer loop
  vertex -0.0405950733 0.0359755084 -0.00475239055
  vertex -0.0479579382 0.0395223498 -0.00793977547
  vertex -0.0457572639 0.0395223498 -0.0070792851
  endloop
 endfacet

 facet normal 0.382184654 -0.0491416529 -0.922778368
  outer loop
  vertex -0.0405950733 0.0359755084 -0.00475239055
  vertex -0.0457572639 0.0395223498 -0.0070792851
  vertex -0.0405890122 0.0360226557 -0.00475239055
  endloop
 endfacet

 facet normal -0.461183161 0.846246719 -0.266789496
  outer loop
  vertex -0.0664120838 0.0455016121 -0.0124627063
  vertex -0.0664363354 0.0454758964 -0.0125023602
  vertex -0.0664484575 0.0454780385 -0.0124746021
  endloop
 endfacet

 facet normal -0.483696342 0.850537419 -0.206455678
  outer loop
  vertex -0.0664120838 0.0455016121 -0.0124627063
  vertex -0.0664484575 0.0454780385 -0.0124746021
  vertex -0.0664575547 0.0454801805 -0.0124444654
  endloop
 endfacet

 facet normal -0.428873181 0.854831219 -0.292115599
  outer loop
  vertex -0.0664120838 0.0455016121 -0.0124627063
  vertex -0.0663908646 0.0454951823 -0.0125126699
  vertex -0.0664363354 0.0454758964 -0.0125023602
  endloop
 endfacet

 facet normal -0.528392851 0.820584118 -0.217813253
  outer loop
  vertex -0.0664575547 0.0454801805 -0.0124444654
  vertex -0.0664484575 0.0454780385 -0.0124746021
  vertex -0.066490896 0.0454566069 -0.0124523956
  endloop
 endfacet

 facet normal -0.568647265 0.777679563 -0.268057644
  outer loop
  vertex -0.066490896 0.0454566069 -0.0124523956
  vertex -0.0664817989 0.0454523191 -0.0124841193
  vertex -0.0665030181 0.0454223156 -0.0125261527
  endloop
 endfacet

 facet normal -0.583027065 0.769142091 -0.261724889
  outer loop
  vertex -0.066490896 0.0454566069 -0.0124523956
  vertex -0.0665030181 0.0454223156 -0.0125261527
  vertex -0.0665151477 0.0454244614 -0.012492843
  endloop
 endfacet

 facet normal -0.626284838 0.748167038 -0.219119638
  outer loop
  vertex -0.066490896 0.0454566069 -0.0124523956
  vertex -0.0665151477 0.0454244614 -0.012492843
  vertex -0.0665242374 0.0454266034 -0.0124595342
  endloop
 endfacet

 facet normal -0.541042805 0.798814416 -0.26299876
  outer loop
  vertex -0.066490896 0.0454566069 -0.0124523956
  vertex -0.0664484575 0.0454780385 -0.0124746021
  vertex -0.0664817989 0.0454523191 -0.0124841193
  endloop
 endfacet

 facet normal -0.652090311 0.72410357 -0.224616036
  outer loop
  vertex -0.0665242374 0.0454266034 -0.0124595342
  vertex -0.0665151477 0.0454244614 -0.012492843
  vertex -0.0665454566 0.0453944579 -0.0125015676
  endloop
 endfacet

 facet normal -0.634382069 0.721548855 -0.277356476
  outer loop
  vertex -0.0665454566 0.0453944579 -0.0125015676
  vertex -0.0665151477 0.0454244614 -0.012492843
  vertex -0.0665030181 0.0454223156 -0.0125261527
  endloop
 endfacet

 facet normal -0.651435375 0.6561777 -0.380871117
  outer loop
  vertex -0.0665454566 0.0453944579 -0.0125015676
  vertex -0.0665030181 0.0454223156 -0.0125261527
  vertex -0.0665303022 0.0453901701 -0.0125348764
  endloop
 endfacet

 facet normal -0.676690519 0.625480533 -0.388412237
  outer loop
  vertex -0.0665454566 0.0453944579 -0.0125015676
  vertex -0.0665303022 0.0453901701 -0.0125348764
  vertex -0.0665545538 0.0453580245 -0.0125443935
  endloop
 endfacet

 facet normal -0.732219934 0.587583661 -0.344382763
  outer loop
  vertex -0.0665454566 0.0453944579 -0.0125015676
  vertex -0.0665545538 0.0453580245 -0.0125443935
  vertex -0.0665969923 0.0453237332 -0.0125126699
  endloop
 endfacet

 facet normal -0.75677681 0.594185054 -0.272457331
  outer loop
  vertex -0.0665454566 0.0453944579 -0.0125015676
  vertex -0.0665969923 0.0453237332 -0.0125126699
  vertex -0.0665818304 0.0453623123 -0.0124706374
  endloop
 endfacet

 facet normal -0.741226852 0.638013005 -0.208619684
  outer loop
  vertex -0.0665454566 0.0453944579 -0.0125015676
  vertex -0.0665818304 0.0453623123 -0.0124706374
  vertex -0.0665909275 0.0453644544 -0.0124317762
  endloop
 endfacet

 facet normal -0.801271319 0.557088792 -0.218211934
  outer loop
  vertex -0.0665909275 0.0453644544 -0.0124317762
  vertex -0.0665818304 0.0453623123 -0.0124706374
  vertex -0.066606082 0.045325879 -0.0124746021
  endloop
 endfacet

 facet normal -0.804395437 0.554064989 -0.214382768
  outer loop
  vertex -0.0665909275 0.0453644544 -0.0124317762
  vertex -0.066606082 0.045325879 -0.0124746021
  vertex -0.0666151792 0.045328021 -0.0124349482
  endloop
 endfacet

 facet normal -0.836858034 0.50170511 -0.218999386
  outer loop
  vertex -0.0666363984 0.0452915877 -0.0124373278
  vertex -0.0666151792 0.045328021 -0.0124349482
  vertex -0.066606082 0.045325879 -0.0124746021
  endloop
 endfacet

 facet normal -0.836864412 0.501683474 -0.21902445
  outer loop
  vertex -0.0666363984 0.0452915877 -0.0124373278
  vertex -0.066606082 0.045325879 -0.0124746021
  vertex -0.0666273013 0.0452894457 -0.0124769816
  endloop
 endfacet

 facet normal -0.844460487 0.461260855 -0.272259116
  outer loop
  vertex -0.0666485205 0.0452487245 -0.0124801537
  vertex -0.0666273013 0.0452894457 -0.0124769816
  vertex -0.0666363984 0.0452465825 -0.0125213945
  endloop
 endfacet

 facet normal -0.915856779 0.283786982 -0.284026951
  outer loop
  vertex -0.0666485205 0.0452487245 -0.0124801537
  vertex -0.0666363984 0.0452465825 -0.0125213945
  vertex -0.0666485205 0.0452058651 -0.0125229796
  endloop
 endfacet

 facet normal -0.915864944 0.28377369 -0.284013659
  outer loop
  vertex -0.0666485205 0.0452487245 -0.0124801537
  vertex -0.0666485205 0.0452058651 -0.0125229796
  vertex -0.0666606426 0.0452080071 -0.0124817397
  endloop
 endfacet

 facet normal -0.917364001 0.278709173 -0.284191132
  outer loop
  vertex -0.0666606426 0.0452080071 -0.0124817397
  vertex -0.0666485205 0.0452058651 -0.0125229796
  vertex -0.0666727722 0.0451672859 -0.0124825332
  endloop
 endfacet

 facet normal -0.916067839 0.235643819 -0.324486971
  outer loop
  vertex -0.0666727722 0.0451672859 -0.0124825332
  vertex -0.0666485205 0.0452058651 -0.0125229796
  vertex -0.0666454881 0.0451608561 -0.0125642205
  endloop
 endfacet

 facet normal -0.922500372 0.208972514 -0.324535698
  outer loop
  vertex -0.0666727722 0.0451672859 -0.0124825332
  vertex -0.0666454881 0.0451608561 -0.0125642205
  vertex -0.067936793 0.0395244919 -0.0125229796
  endloop
 endfacet

 facet normal -0.928564489 0.210197493 -0.305916905
  outer loop
  vertex -0.0666727722 0.0451672859 -0.0124825332
  vertex -0.067936793 0.0395244919 -0.0125229796
  vertex -0.0698010027 0.0312799662 -0.0125293247
  endloop
 endfacet

 facet normal -0.934319854 0.211430013 -0.286956191
  outer loop
  vertex -0.0666727722 0.0451672859 -0.0124825332
  vertex -0.0698010027 0.0312799662 -0.0125293247
  vertex -0.0709468052 0.0262801014 -0.0124825332
  endloop
 endfacet

 facet normal -0.954325378 0.21595715 -0.206460148
  outer loop
  vertex -0.0666727722 0.0451672859 -0.0124825332
  vertex -0.0709468052 0.0262801014 -0.0124825332
  vertex -0.0666818619 0.0451672859 -0.0124405008
  endloop
 endfacet

 facet normal -0.955315292 0.216169864 -0.201601639
  outer loop
  vertex -0.0666818619 0.0451672859 -0.0124405008
  vertex -0.0709468052 0.0262801014 -0.0124825332
  vertex -0.0715469941 0.0236676559 -0.0124397064
  endloop
 endfacet

 facet normal -0.957620621 0.216691971 -0.189755976
  outer loop
  vertex -0.0666818619 0.0451672859 -0.0124405008
  vertex -0.0715469941 0.0236676559 -0.0124397064
  vertex -0.0698252544 0.0312799662 -0.0124357417
  endloop
 endfacet

 facet normal -0.834900022 0.501104414 -0.227676481
  outer loop
  vertex -0.0666273013 0.0452894457 -0.0124769816
  vertex -0.066606082 0.045325879 -0.0124746021
  vertex -0.0665969923 0.0453237332 -0.0125126699
  endloop
 endfacet

 facet normal -0.843882918 0.461889088 -0.27298367
  outer loop
  vertex -0.0666273013 0.0452894457 -0.0124769816
  vertex -0.0665969923 0.0453237332 -0.0125126699
  vertex -0.0666363984 0.0452465825 -0.0125213945
  endloop
 endfacet

 facet normal -0.944784939 0.21297285 -0.249046594
  outer loop
  vertex -0.0715469941 0.0236676559 -0.0124397064
  vertex -0.0709468052 0.0262801014 -0.0124825332
  vertex -0.0715348646 0.0236676559 -0.0124857062
  endloop
 endfacet

 facet normal 0.579031587 0.749071479 -0.321892083
  outer loop
  vertex -0.0450449251 0.0395223498 -0.00650826702
  vertex -0.045069173 0.0395223498 -0.00655188737
  vertex -0.0480306894 0.0411811098 -0.00801908411
  endloop
 endfacet

 facet normal 0.635087669 0.651250005 -0.415375888
  outer loop
  vertex -0.0410770364 0.0367770307 -0.00475239055
  vertex -0.0409891307 0.036691308 -0.00475239055
  vertex -0.045069173 0.0395223498 -0.00655188737
  endloop
 endfacet

 facet normal 0.590032101 0.704348028 -0.39465937
  outer loop
  vertex -0.045069173 0.0395223498 -0.00655188737
  vertex -0.0451116115 0.0395223498 -0.00661533326
  vertex -0.0480306894 0.0411811098 -0.00801908411
  endloop
 endfacet

 facet normal 0.635039568 0.645213485 -0.424763858
  outer loop
  vertex -0.045069173 0.0395223498 -0.00655188737
  vertex -0.0409891307 0.036691308 -0.00475239055
  vertex -0.0451116115 0.0395223498 -0.00661533326
  endloop
 endfacet

 facet normal 0.591747165 0.693344831 -0.411227793
  outer loop
  vertex -0.0480306894 0.0411811098 -0.00801908411
  vertex -0.0451116115 0.0395223498 -0.00661533326
  vertex -0.0451479852 0.0395223498 -0.00666767685
  endloop
 endfacet

 facet normal 0.594494939 0.665695846 -0.45102641
  outer loop
  vertex -0.0480306894 0.0411811098 -0.00801908411
  vertex -0.0451479852 0.0395223498 -0.00666767685
  vertex -0.0479730926 0.0411296785 -0.00801908411
  endloop
 endfacet

 facet normal 0.3129251 0.350403219 -0.882777214
  outer loop
  vertex -0.0480306894 0.0411811098 -0.00801908411
  vertex -0.0479730926 0.0411296785 -0.00801908411
  vertex -0.0660422742 0.0452401526 -0.0127926273
  endloop
 endfacet

 facet normal 0.319159597 0.413267553 -0.852846503
  outer loop
  vertex -0.0480306894 0.0411811098 -0.00801908411
  vertex -0.0660422742 0.0452401526 -0.0127926273
  vertex -0.0660392419 0.045278728 -0.0127728004
  endloop
 endfacet

 facet normal 0.303665608 0.41656369 -0.856890857
  outer loop
  vertex -0.0660392419 0.045278728 -0.0127728004
  vertex -0.0660422742 0.0452401526 -0.0127926273
  vertex -0.0660756156 0.0452872999 -0.0127815241
  endloop
 endfacet

 facet normal 0.251499474 0.396192729 -0.883051157
  outer loop
  vertex -0.0660756156 0.0452872999 -0.0127815241
  vertex -0.0660816804 0.0452487245 -0.0128005585
  vertex -0.0661180541 0.0452594422 -0.0128061092
  endloop
 endfacet

 facet normal 0.202100068 0.456709862 -0.866355419
  outer loop
  vertex -0.0660756156 0.0452872999 -0.0127815241
  vertex -0.0661180541 0.0452594422 -0.0128061092
  vertex -0.0661119893 0.0452958755 -0.0127854897
  endloop
 endfacet

 facet normal 0.208953559 0.496934831 -0.842255473
  outer loop
  vertex -0.0660756156 0.0452872999 -0.0127815241
  vertex -0.0661119893 0.0452958755 -0.0127854897
  vertex -0.066105932 0.0453323089 -0.0127624907
  endloop
 endfacet

 facet normal 0.262870729 0.393388689 -0.880990624
  outer loop
  vertex -0.0660756156 0.0452872999 -0.0127815241
  vertex -0.0660422742 0.0452401526 -0.0127926273
  vertex -0.0660816804 0.0452487245 -0.0128005585
  endloop
 endfacet

 facet normal 0.139120966 0.511968851 -0.847663403
  outer loop
  vertex -0.066105932 0.0453323089 -0.0127624907
  vertex -0.0661119893 0.0452958755 -0.0127854897
  vertex -0.0661483631 0.0453044474 -0.0127862822
  endloop
 endfacet

 facet normal 0.113649279 0.539395809 -0.834347725
  outer loop
  vertex -0.066105932 0.0453323089 -0.0127624907
  vertex -0.0661483631 0.0453044474 -0.0127862822
  vertex -0.0661756471 0.0453494489 -0.0127609037
  endloop
 endfacet

 facet normal 0.122413211 0.572827935 -0.810483336
  outer loop
  vertex -0.066105932 0.0453323089 -0.0127624907
  vertex -0.0661756471 0.0453494489 -0.0127609037
  vertex -0.0661332086 0.0453751683 -0.0127363186
  endloop
 endfacet

 facet normal 0.147537634 0.676140726 -0.721849382
  outer loop
  vertex -0.0660938025 0.045398742 -0.012706181
  vertex -0.0661332086 0.0453751683 -0.0127363186
  vertex -0.0661271513 0.0454051718 -0.0127069755
  endloop
 endfacet

 facet normal 0.15093419 0.696238756 -0.701762378
  outer loop
  vertex -0.0660938025 0.045398742 -0.012706181
  vertex -0.0661271513 0.0454051718 -0.0127069755
  vertex -0.0661180541 0.0454351753 -0.0126752518
  endloop
 endfacet

 facet normal 0.0967683643 0.59971416 -0.794341803
  outer loop
  vertex -0.0661332086 0.0453751683 -0.0127363186
  vertex -0.0661756471 0.0453494489 -0.0127609037
  vertex -0.0661665574 0.0453815982 -0.0127355251
  endloop
 endfacet

 facet normal 0.11325752 0.676947117 -0.727265716
  outer loop
  vertex -0.0661332086 0.0453751683 -0.0127363186
  vertex -0.0661665574 0.0453815982 -0.0127355251
  vertex -0.0661574602 0.0454116017 -0.012706181
  endloop
 endfacet

 facet normal 0.125474334 0.680590272 -0.721840084
  outer loop
  vertex -0.0661332086 0.0453751683 -0.0127363186
  vertex -0.0661574602 0.0454116017 -0.012706181
  vertex -0.0661271513 0.0454051718 -0.0127069755
  endloop
 endfacet

 facet normal 0.130436987 0.701380908 -0.700750351
  outer loop
  vertex -0.0661180541 0.0454351753 -0.0126752518
  vertex -0.0661271513 0.0454051718 -0.0127069755
  vertex -0.0661574602 0.0454116017 -0.012706181
  endloop
 endfacet

 facet normal 0.125670969 0.705308795 -0.697672069
  outer loop
  vertex -0.0661180541 0.0454351753 -0.0126752518
  vertex -0.0661574602 0.0454116017 -0.012706181
  vertex -0.0661453381 0.0454416052 -0.0126736648
  endloop
 endfacet

 facet normal 0.0308566671 0.728818417 -0.6840114
  outer loop
  vertex -0.0661453381 0.0454416052 -0.0126736648
  vertex -0.0661574602 0.0454116017 -0.012706181
  vertex -0.0662150532 0.0454244614 -0.0126950787
  endloop
 endfacet

 facet normal 0.0208323132 0.746254563 -0.665334582
  outer loop
  vertex -0.0661453381 0.0454416052 -0.0126736648
  vertex -0.0662150532 0.0454244614 -0.0126950787
  vertex -0.0661998987 0.0454523191 -0.0126633551
  endloop
 endfacet

 facet normal 0.0444356948 0.800871968 -0.597184777
  outer loop
  vertex -0.0661453381 0.0454416052 -0.0126736648
  vertex -0.0661998987 0.0454523191 -0.0126633551
  vertex -0.0661877766 0.0454758964 -0.0126308389
  endloop
 endfacet

 facet normal 0.0878953859 0.818281353 -0.568058193
  outer loop
  vertex -0.0661453381 0.0454416052 -0.0126736648
  vertex -0.0661877766 0.0454758964 -0.0126308389
  vertex -0.0661392733 0.0454651788 -0.0126387691
  endloop
 endfacet

 facet normal 0.0883302316 0.81920886 -0.566652179
  outer loop
  vertex -0.0661392733 0.0454651788 -0.0126387691
  vertex -0.0661877766 0.0454758964 -0.0126308389
  vertex -0.0661483631 0.0454930402 -0.0125999087
  endloop
 endfacet

 facet normal 0.116939589 0.894774675 -0.430933237
  outer loop
  vertex -0.0661483631 0.0454930402 -0.0125999087
  vertex -0.0661574602 0.0455144718 -0.0125578754
  vertex -0.0661392733 0.045510184 -0.0125618409
  endloop
 endfacet

 facet normal 0.060284026 0.838473082 -0.541598201
  outer loop
  vertex -0.0661483631 0.0454930402 -0.0125999087
  vertex -0.0661877766 0.0454758964 -0.0126308389
  vertex -0.0662059635 0.0454823263 -0.0126229078
  endloop
 endfacet

 facet normal 0.0363979712 0.867859364 -0.495474815
  outer loop
  vertex -0.0661483631 0.0454930402 -0.0125999087
  vertex -0.0662059635 0.0454823263 -0.0126229078
  vertex -0.0661908016 0.0455016121 -0.012588012
  endloop
 endfacet

 facet normal 0.056218978 0.894337595 -0.443846464
  outer loop
  vertex -0.0661483631 0.0454930402 -0.0125999087
  vertex -0.0661908016 0.0455016121 -0.012588012
  vertex -0.0661574602 0.0455144718 -0.0125578754
  endloop
 endfacet

 facet normal 0.133714586 0.916367948 -0.377346337
  outer loop
  vertex -0.0661392733 0.045510184 -0.0125618409
  vertex -0.0661574602 0.0455144718 -0.0125578754
  vertex -0.0661301762 0.0455251858 -0.0125221871
  endloop
 endfacet

 facet normal 0.112252884 0.924815714 -0.363476843
  outer loop
  vertex -0.0661301762 0.0455251858 -0.0125221871
  vertex -0.0661574602 0.0455144718 -0.0125578754
  vertex -0.0661574602 0.0455316156 -0.0125142569
  endloop
 endfacet

 facet normal 0.0552238934 0.929277658 -0.365230501
  outer loop
  vertex -0.0661574602 0.0455316156 -0.0125142569
  vertex -0.0661574602 0.0455144718 -0.0125578754
  vertex -0.0661817119 0.0455380455 -0.0125015676
  endloop
 endfacet

 facet normal 0.0413728878 0.927868366 -0.370605677
  outer loop
  vertex -0.0661817119 0.0455380455 -0.0125015676
  vertex -0.0661574602 0.0455144718 -0.0125578754
  vertex -0.0662059635 0.0455251858 -0.0125364624
  endloop
 endfacet

 facet normal -0.0947567746 0.877482891 -0.470154136
  outer loop
  vertex -0.0662938654 0.0455016121 -0.0125729442
  vertex -0.0662302077 0.045510184 -0.0125697721
  vertex -0.0662514269 0.0454908982 -0.0126014957
  endloop
 endfacet

 facet normal -0.125075206 0.853326321 -0.506152451
  outer loop
  vertex -0.0662938654 0.0455016121 -0.0125729442
  vertex -0.0662514269 0.0454908982 -0.0126014957
  vertex -0.0662756786 0.0454694666 -0.0126316324
  endloop
 endfacet

 facet normal -0.179595679 0.838282526 -0.514808536
  outer loop
  vertex -0.0662938654 0.0455016121 -0.0125729442
  vertex -0.0662756786 0.0454694666 -0.0126316324
  vertex -0.0663211495 0.0454801805 -0.0125983227
  endloop
 endfacet

 facet normal -0.266251892 0.858339548 -0.438592285
  outer loop
  vertex -0.0662938654 0.0455016121 -0.0125729442
  vertex -0.0663211495 0.0454801805 -0.0125983227
  vertex -0.0663575232 0.0454887562 -0.0125594623
  endloop
 endfacet

 facet normal -0.0113573065 0.914800882 -0.403745413
  outer loop
  vertex -0.0662059635 0.0455251858 -0.0125364624
  vertex -0.0662089884 0.0455058999 -0.0125800818
  vertex -0.0662302077 0.045510184 -0.0125697721
  endloop
 endfacet

 facet normal 0.022780247 0.91374439 -0.405650467
  outer loop
  vertex -0.0662059635 0.0455251858 -0.0125364624
  vertex -0.0661574602 0.0455144718 -0.0125578754
  vertex -0.0662089884 0.0455058999 -0.0125800818
  endloop
 endfacet

 facet normal -0.0554477125 0.876337945 -0.478495061
  outer loop
  vertex -0.0662302077 0.045510184 -0.0125697721
  vertex -0.0662089884 0.0455058999 -0.0125800818
  vertex -0.0662332401 0.0454866104 -0.012612598
  endloop
 endfacet

 facet normal -0.0842110962 0.875427127 -0.475957841
  outer loop
  vertex -0.0662302077 0.045510184 -0.0125697721
  vertex -0.0662332401 0.0454866104 -0.012612598
  vertex -0.0662514269 0.0454908982 -0.0126014957
  endloop
 endfacet

 facet normal -0.295163244 0.836913943 -0.460927069
  outer loop
  vertex -0.0663575232 0.0454887562 -0.0125594623
  vertex -0.0663211495 0.0454801805 -0.0125983227
  vertex -0.0663696453 0.045460891 -0.0126022883
  endloop
 endfacet

 facet normal -0.308410466 0.83490479 -0.455869436
  outer loop
  vertex -0.0663575232 0.0454887562 -0.0125594623
  vertex -0.0663696453 0.045460891 -0.0126022883
  vertex -0.0663908646 0.0454651788 -0.0125800818
  endloop
 endfacet

 facet normal -0.365067899 0.849484682 -0.380921543
  outer loop
  vertex -0.0663575232 0.0454887562 -0.0125594623
  vertex -0.0663908646 0.0454651788 -0.0125800818
  vertex -0.0663757101 0.0454908982 -0.0125372559
  endloop
 endfacet

 facet normal -0.372352809 0.84789747 -0.377390355
  outer loop
  vertex -0.0663757101 0.0454908982 -0.0125372559
  vertex -0.0663908646 0.0454651788 -0.0125800818
  vertex -0.066406019 0.0454694666 -0.0125554958
  endloop
 endfacet

 facet normal -0.372359872 0.847898841 -0.377380192
  outer loop
  vertex -0.0663757101 0.0454908982 -0.0125372559
  vertex -0.066406019 0.0454694666 -0.0125554958
  vertex -0.0663908646 0.0454951823 -0.0125126699
  endloop
 endfacet

 facet normal -0.43185696 0.832490921 -0.34707123
  outer loop
  vertex -0.0663908646 0.0454951823 -0.0125126699
  vertex -0.066406019 0.0454694666 -0.0125554958
  vertex -0.0664363354 0.0454758964 -0.0125023602
  endloop
 endfacet

 facet normal 0.356181562 -0.074274838 -0.931460142
  outer loop
  vertex -0.0479579382 0.0395223498 -0.00793977547
  vertex -0.0481155626 0.0395223498 -0.00800004974
  vertex -0.0478730649 0.0409239382 -0.00801908411
  endloop
 endfacet

 facet normal 0.363150299 -0.0745431334 -0.928743958
  outer loop
  vertex -0.0479579382 0.0395223498 -0.00793977547
  vertex -0.0478730649 0.0409239382 -0.00801908411
  vertex -0.0457572639 0.0395223498 -0.0070792851
  endloop
 endfacet

 facet normal 0.356009096 -0.080495581 -0.931009173
  outer loop
  vertex -0.0479579382 0.0395223498 -0.00793977547
  vertex -0.0517045408 0.0236676559 -0.00800163578
  vertex -0.0481155626 0.0395223498 -0.00800004974
  endloop
 endfacet

 facet normal 0.244286269 -0.0552578121 -0.968127489
  outer loop
  vertex -0.0517045408 0.0236676559 -0.00800163578
  vertex -0.0532383472 0.0236676559 -0.00838865899
  vertex -0.0479245931 0.0406839103 -0.00801908411
  endloop
 endfacet

 facet normal 0.256703079 -0.0580125861 -0.964747667
  outer loop
  vertex -0.0517045408 0.0236676559 -0.00800163578
  vertex -0.0479245931 0.0406839103 -0.00801908411
  vertex -0.0481155626 0.0395223498 -0.00800004974
  endloop
 endfacet

 facet normal 0.385793626 -0.0430163853 -0.921581745
  outer loop
  vertex -0.0405890122 0.0360226557 -0.00475239055
  vertex -0.0457572639 0.0395223498 -0.0070792851
  vertex -0.045681484 0.0395223498 -0.00704756146
  endloop
 endfacet

 facet normal 0.412500232 0.00281543355 -0.910953164
  outer loop
  vertex -0.0405890122 0.0360226557 -0.00475239055
  vertex -0.045681484 0.0395223498 -0.00704756146
  vertex -0.0456026681 0.0395223498 -0.00701187318
  endloop
 endfacet

 facet normal 0.434965253 0.0424272828 -0.899447203
  outer loop
  vertex -0.0405890122 0.0360226557 -0.00475239055
  vertex -0.0456026681 0.0395223498 -0.00701187318
  vertex -0.0405950733 0.0360848084 -0.00475239055
  endloop
 endfacet

 facet normal 0.372580737 -0.0585678443 -0.926149786
  outer loop
  vertex -0.0457572639 0.0395223498 -0.0070792851
  vertex -0.0478730649 0.0409239382 -0.00801908411
  vertex -0.0478700325 0.0409432277 -0.00801908411
  endloop
 endfacet

 facet normal 0.385902017 -0.03590969 -0.921840608
  outer loop
  vertex -0.0457572639 0.0395223498 -0.0070792851
  vertex -0.0478700325 0.0409432277 -0.00801908411
  vertex -0.045681484 0.0395223498 -0.00704756146
  endloop
 endfacet

 facet normal -0.47329551 0.800866544 -0.36688447
  outer loop
  vertex -0.0664363354 0.0454758964 -0.0125023602
  vertex -0.066406019 0.0454694666 -0.0125554958
  vertex -0.0664545223 0.0454458892 -0.0125443935
  endloop
 endfacet

 facet normal -0.478143662 0.799414873 -0.363750577
  outer loop
  vertex -0.0664363354 0.0454758964 -0.0125023602
  vertex -0.0664545223 0.0454458892 -0.0125443935
  vertex -0.0664696768 0.045450177 -0.0125150494
  endloop
 endfacet

 facet normal -0.514165998 0.80824846 -0.286998093
  outer loop
  vertex -0.0664363354 0.0454758964 -0.0125023602
  vertex -0.0664696768 0.045450177 -0.0125150494
  vertex -0.0664484575 0.0454780385 -0.0124746021
  endloop
 endfacet

 facet normal -0.539662063 0.798460722 -0.266880691
  outer loop
  vertex -0.0664484575 0.0454780385 -0.0124746021
  vertex -0.0664696768 0.045450177 -0.0125150494
  vertex -0.0664817989 0.0454523191 -0.0124841193
  endloop
 endfacet

 facet normal -0.561238885 0.780939698 -0.274124563
  outer loop
  vertex -0.0664817989 0.0454523191 -0.0124841193
  vertex -0.0664696768 0.045450177 -0.0125150494
  vertex -0.0665030181 0.0454223156 -0.0125261527
  endloop
 endfacet

 facet normal -0.515910447 0.768378139 -0.378723413
  outer loop
  vertex -0.0665030181 0.0454223156 -0.0125261527
  vertex -0.0664696768 0.045450177 -0.0125150494
  vertex -0.0664545223 0.0454458892 -0.0125443935
  endloop
 endfacet

 facet normal -0.516920567 0.762617767 -0.388853848
  outer loop
  vertex -0.0665030181 0.0454223156 -0.0125261527
  vertex -0.0664545223 0.0454458892 -0.0125443935
  vertex -0.0664393678 0.0454416052 -0.0125729442
  endloop
 endfacet

 facet normal -0.522889435 0.752000093 -0.401350975
  outer loop
  vertex -0.0665030181 0.0454223156 -0.0125261527
  vertex -0.0664393678 0.0454416052 -0.0125729442
  vertex -0.0664848313 0.0454180315 -0.0125578754
  endloop
 endfacet

 facet normal -0.600737751 0.670734525 -0.435005069
  outer loop
  vertex -0.0665030181 0.0454223156 -0.0125261527
  vertex -0.0664848313 0.0454180315 -0.0125578754
  vertex -0.0664939284 0.0453815982 -0.0126014957
  endloop
 endfacet

 facet normal -0.600675344 0.670779467 -0.435021877
  outer loop
  vertex -0.0665030181 0.0454223156 -0.0125261527
  vertex -0.0664939284 0.0453815982 -0.0126014957
  vertex -0.0665121153 0.045385886 -0.0125697721
  endloop
 endfacet

 facet normal -0.636611462 0.652003229 -0.411846757
  outer loop
  vertex -0.0665030181 0.0454223156 -0.0125261527
  vertex -0.0665121153 0.045385886 -0.0125697721
  vertex -0.0665303022 0.0453901701 -0.0125348764
  endloop
 endfacet

 facet normal -0.651202083 0.633920074 -0.417230546
  outer loop
  vertex -0.0665303022 0.0453901701 -0.0125348764
  vertex -0.0665121153 0.045385886 -0.0125697721
  vertex -0.0665393993 0.0453515947 -0.0125792893
  endloop
 endfacet

 facet normal -0.66817677 0.624013484 -0.405150563
  outer loop
  vertex -0.0665303022 0.0453901701 -0.0125348764
  vertex -0.0665393993 0.0453515947 -0.0125792893
  vertex -0.0665545538 0.0453580245 -0.0125443935
  endloop
 endfacet

 facet normal -0.731559873 0.542801023 -0.412537664
  outer loop
  vertex -0.0665545538 0.0453580245 -0.0125443935
  vertex -0.0665606111 0.0453173071 -0.0125872195
  vertex -0.0666030496 0.0452830158 -0.0125570828
  endloop
 endfacet

 facet normal -0.737964094 0.544576347 -0.398554444
  outer loop
  vertex -0.0665545538 0.0453580245 -0.0125443935
  vertex -0.0666030496 0.0452830158 -0.0125570828
  vertex -0.0665969923 0.0453237332 -0.0125126699
  endloop
 endfacet

 facet normal -0.726949334 0.546095312 -0.416322559
  outer loop
  vertex -0.0665545538 0.0453580245 -0.0125443935
  vertex -0.0665393993 0.0453515947 -0.0125792893
  vertex -0.0665606111 0.0453173071 -0.0125872195
  endloop
 endfacet

 facet normal -0.832639515 0.460129589 -0.308208019
  outer loop
  vertex -0.0665969923 0.0453237332 -0.0125126699
  vertex -0.0666030496 0.0452830158 -0.0125570828
  vertex -0.0666363984 0.0452465825 -0.0125213945
  endloop
 endfacet

 facet normal -0.800233543 0.556868911 -0.222538278
  outer loop
  vertex -0.0665969923 0.0453237332 -0.0125126699
  vertex -0.066606082 0.045325879 -0.0124746021
  vertex -0.0665818304 0.0453623123 -0.0124706374
  endloop
 endfacet

 facet normal -0.835542679 0.349115342 -0.424248517
  outer loop
  vertex -0.0666363984 0.0452465825 -0.0125213945
  vertex -0.0666030496 0.0452830158 -0.0125570828
  vertex -0.0666000172 0.0452401526 -0.0125983227
  endloop
 endfacet

 facet normal -0.84125495 0.333357096 -0.425632685
  outer loop
  vertex -0.0666363984 0.0452465825 -0.0125213945
  vertex -0.0666000172 0.0452401526 -0.0125983227
  vertex -0.066633366 0.0452015772 -0.0125626344
  endloop
 endfacet

 facet normal -0.886729479 0.27843231 -0.36903435
  outer loop
  vertex -0.0666363984 0.0452465825 -0.0125213945
  vertex -0.066633366 0.0452015772 -0.0125626344
  vertex -0.0666454881 0.0451608561 -0.0125642205
  endloop
 endfacet

 facet normal -0.886738181 0.278425395 -0.369018674
  outer loop
  vertex -0.0666363984 0.0452465825 -0.0125213945
  vertex -0.0666454881 0.0451608561 -0.0125642205
  vertex -0.0666485205 0.0452058651 -0.0125229796
  endloop
 endfacet

 facet normal -0.846787572 0.191668496 -0.496199548
  outer loop
  vertex -0.0666454881 0.0451608561 -0.0125642205
  vertex -0.0678822324 0.0395244919 -0.0126308389
  vertex -0.069764629 0.0312799662 -0.0126030808
  endloop
 endfacet

 facet normal -0.860877216 0.194761381 -0.470062196
  outer loop
  vertex -0.0666454881 0.0451608561 -0.0125642205
  vertex -0.069764629 0.0312799662 -0.0126030808
  vertex -0.0697858483 0.0312799662 -0.0125642205
  endloop
 endfacet

 facet normal -0.898086309 0.203179419 -0.390075892
  outer loop
  vertex -0.0666454881 0.0451608561 -0.0125642205
  vertex -0.0697858483 0.0312799662 -0.0125642205
  vertex -0.0698010027 0.0312799662 -0.0125293247
  endloop
 endfacet

 facet normal -0.917557001 0.207733989 -0.339021742
  outer loop
  vertex -0.0666454881 0.0451608561 -0.0125642205
  vertex -0.0698010027 0.0312799662 -0.0125293247
  vertex -0.067936793 0.0395244919 -0.0125229796
  endloop
 endfacet

 facet normal -0.83314836 0.266969502 -0.484346151
  outer loop
  vertex -0.0666454881 0.0451608561 -0.0125642205
  vertex -0.066633366 0.0452015772 -0.0125626344
  vertex -0.0666121468 0.0451972932 -0.0126014957
  endloop
 endfacet

 facet normal -0.829016805 0.243830979 -0.503266871
  outer loop
  vertex -0.0666454881 0.0451608561 -0.0125642205
  vertex -0.0666121468 0.0451972932 -0.0126014957
  vertex -0.0666242689 0.04515443 -0.0126022883
  endloop
 endfacet

 facet normal -0.843327641 0.190981671 -0.502319336
  outer loop
  vertex -0.0666454881 0.0451608561 -0.0125642205
  vertex -0.0666242689 0.04515443 -0.0126022883
  vertex -0.0678822324 0.0395244919 -0.0126308389
  endloop
 endfacet

 facet normal -0.89812243 0.202989504 -0.390091509
  outer loop
  vertex -0.0698010027 0.0312799662 -0.0125293247
  vertex -0.0697858483 0.0312799662 -0.0125642205
  vertex -0.0715166777 0.0236676559 -0.012540428
  endloop
 endfacet

 facet normal -0.923126519 0.208527192 -0.323038787
  outer loop
  vertex -0.0698010027 0.0312799662 -0.0125293247
  vertex -0.0715166777 0.0236676559 -0.012540428
  vertex -0.0709468052 0.0262801014 -0.0124825332
  endloop
 endfacet

 facet normal -0.927948952 0.209255189 -0.308420122
  outer loop
  vertex -0.0709468052 0.0262801014 -0.0124825332
  vertex -0.0715166777 0.0236676559 -0.012540428
  vertex -0.0715348646 0.0236676559 -0.0124857062
  endloop
 endfacet

 facet normal 0.632280707 0.585910797 -0.50688237
  outer loop
  vertex -0.0409891307 0.036691308 -0.00475239055
  vertex -0.0409315415 0.0366291553 -0.00475239055
  vertex -0.0451479852 0.0395223498 -0.00666767685
  endloop
 endfacet

 facet normal 0.634913087 0.634196758 -0.441225469
  outer loop
  vertex -0.0409891307 0.036691308 -0.00475239055
  vertex -0.0451479852 0.0395223498 -0.00666767685
  vertex -0.0451116115 0.0395223498 -0.00661533326
  endloop
 endfacet

 facet normal 0.594136119 0.553813457 -0.583346367
  outer loop
  vertex -0.0451479852 0.0395223498 -0.00666767685
  vertex -0.0452328622 0.0395223498 -0.00675412174
  vertex -0.0479730926 0.0411296785 -0.00801908411
  endloop
 endfacet

 facet normal 0.629855335 0.565356374 -0.532592237
  outer loop
  vertex -0.0451479852 0.0395223498 -0.00666767685
  vertex -0.0409315415 0.0366291553 -0.00475239055
  vertex -0.04083151 0.0365177132 -0.00475239055
  endloop
 endfacet

 facet normal 0.617648184 0.500751078 -0.606431365
  outer loop
  vertex -0.0451479852 0.0395223498 -0.00666767685
  vertex -0.04083151 0.0365177132 -0.00475239055
  vertex -0.0452328622 0.0395223498 -0.00675412174
  endloop
 endfacet

 facet normal 0.586839139 0.498022288 -0.638430595
  outer loop
  vertex -0.0479730926 0.0411296785 -0.00801908411
  vertex -0.0452328622 0.0395223498 -0.00675412174
  vertex -0.0479094386 0.0410546698 -0.00801908411
  endloop
 endfacet

 facet normal 0.300961494 0.255411625 -0.918796539
  outer loop
  vertex -0.0479730926 0.0411296785 -0.00801908411
  vertex -0.0479094386 0.0410546698 -0.00801908411
  vertex -0.066048339 0.0451994352 -0.0128084887
  endloop
 endfacet

 facet normal 0.307535678 0.305273205 -0.901238084
  outer loop
  vertex -0.0479730926 0.0411296785 -0.00801908411
  vertex -0.066048339 0.0451994352 -0.0128084887
  vertex -0.0660422742 0.0452401526 -0.0127926273
  endloop
 endfacet

 facet normal 0.26876086 0.314606756 -0.910379171
  outer loop
  vertex -0.0660422742 0.0452401526 -0.0127926273
  vertex -0.066048339 0.0451994352 -0.0128084887
  vertex -0.0660877451 0.0452101491 -0.0128164198
  endloop
 endfacet

 facet normal 0.25513944 0.33312887 -0.907705426
  outer loop
  vertex -0.0660422742 0.0452401526 -0.0127926273
  vertex -0.0660877451 0.0452101491 -0.0128164198
  vertex -0.0660816804 0.0452487245 -0.0128005585
  endloop
 endfacet

 facet normal 0.238314211 0.337055206 -0.910823941
  outer loop
  vertex -0.0660816804 0.0452487245 -0.0128005585
  vertex -0.0660877451 0.0452101491 -0.0128164198
  vertex -0.0661180541 0.0452594422 -0.0128061092
  endloop
 endfacet

 facet normal 0.179469362 0.305922955 -0.934987664
  outer loop
  vertex -0.0661180541 0.0452594422 -0.0128061092
  vertex -0.0660877451 0.0452101491 -0.0128164198
  vertex -0.0661271513 0.0452187248 -0.012821178
  endloop
 endfacet

 facet normal 0.117591254 0.321447581 -0.939597726
  outer loop
  vertex -0.0661180541 0.0452594422 -0.0128061092
  vertex -0.0661271513 0.0452187248 -0.012821178
  vertex -0.0661695823 0.0452272929 -0.0128235575
  endloop
 endfacet

 facet normal 0.0643355995 0.394378841 -0.916693151
  outer loop
  vertex -0.0661180541 0.0452594422 -0.0128061092
  vertex -0.0661695823 0.0452272929 -0.0128235575
  vertex -0.0661574602 0.045265872 -0.0128061092
  endloop
 endfacet

 facet normal 0.072174266 0.44242996 -0.893894076
  outer loop
  vertex -0.0661180541 0.0452594422 -0.0128061092
  vertex -0.0661574602 0.045265872 -0.0128061092
  vertex -0.0661483631 0.0453044474 -0.0127862822
  endloop
 endfacet

 facet normal 0.130201861 0.47186923 -0.872001648
  outer loop
  vertex -0.0661180541 0.0452594422 -0.0128061092
  vertex -0.0661483631 0.0453044474 -0.0127862822
  vertex -0.0661119893 0.0452958755 -0.0127854897
  endloop
 endfacet

 facet normal 0.0718776584 0.442495525 -0.893885553
  outer loop
  vertex -0.0661483631 0.0453044474 -0.0127862822
  vertex -0.0661574602 0.045265872 -0.0128061092
  vertex -0.0661938339 0.045276586 -0.0128037306
  endloop
 endfacet

 facet normal 0.0492968969 0.471093237 -0.88070482
  outer loop
  vertex -0.0661483631 0.0453044474 -0.0127862822
  vertex -0.0661938339 0.045276586 -0.0128037306
  vertex -0.0661877766 0.0453130193 -0.0127839027
  endloop
 endfacet

 facet normal 0.0612047464 0.518170297 -0.853084743
  outer loop
  vertex -0.0661483631 0.0453044474 -0.0127862822
  vertex -0.0661877766 0.0453130193 -0.0127839027
  vertex -0.0661756471 0.0453494489 -0.0127609037
  endloop
 endfacet

 facet normal 0.0141284494 0.530396283 -0.84763217
  outer loop
  vertex -0.0661756471 0.0453494489 -0.0127609037
  vertex -0.0661877766 0.0453130193 -0.0127839027
  vertex -0.0662241504 0.0453215912 -0.0127791446
  endloop
 endfacet

 facet normal -0.0101982215 0.560121059 -0.8283481
  outer loop
  vertex -0.0661756471 0.0453494489 -0.0127609037
  vertex -0.0662241504 0.0453215912 -0.0127791446
  vertex -0.0662089884 0.0453558825 -0.0127561456
  endloop
 endfacet

 facet normal 0.00698329415 0.617989838 -0.786155164
  outer loop
  vertex -0.0661756471 0.0453494489 -0.0127609037
  vertex -0.0662089884 0.0453558825 -0.0127561456
  vertex -0.0661968663 0.045388028 -0.012730767
  endloop
 endfacet

 facet normal 0.00777170714 0.61825484 -0.785939336
  outer loop
  vertex -0.0661756471 0.0453494489 -0.0127609037
  vertex -0.0661968663 0.045388028 -0.012730767
  vertex -0.0661665574 0.0453815982 -0.0127355251
  endloop
 endfacet

 facet normal 0.034136571 0.693488836 -0.719658256
  outer loop
  vertex -0.0661665574 0.0453815982 -0.0127355251
  vertex -0.0661968663 0.045388028 -0.012730767
  vertex -0.0661574602 0.0454116017 -0.012706181
  endloop
 endfacet

 facet normal 0.0269879848 0.699581981 -0.714042544
  outer loop
  vertex -0.0661574602 0.0454116017 -0.012706181
  vertex -0.0661968663 0.045388028 -0.012730767
  vertex -0.0662302077 0.0453965999 -0.0127236294
  endloop
 endfacet

 facet normal 0.0226204768 0.709490776 -0.704351664
  outer loop
  vertex -0.0661574602 0.0454116017 -0.012706181
  vertex -0.0662302077 0.0453965999 -0.0127236294
  vertex -0.0662150532 0.0454244614 -0.0126950787
  endloop
 endfacet

 facet normal -0.0590079837 0.729932249 -0.680967808
  outer loop
  vertex -0.0662150532 0.0454244614 -0.0126950787
  vertex -0.0662302077 0.0453965999 -0.0127236294
  vertex -0.0662453696 0.0454308875 -0.0126855616
  endloop
 endfacet

 facet normal -0.0491791628 0.748004198 -0.661869526
  outer loop
  vertex -0.0662150532 0.0454244614 -0.0126950787
  vertex -0.0662453696 0.0454308875 -0.0126855616
  vertex -0.0662271753 0.0454587527 -0.012655424
  endloop
 endfacet

 facet normal -0.0129814632 0.754377127 -0.656312883
  outer loop
  vertex -0.0662150532 0.0454244614 -0.0126950787
  vertex -0.0662271753 0.0454587527 -0.012655424
  vertex -0.0661998987 0.0454523191 -0.0126633551
  endloop
 endfacet

 facet normal 0.016867077 0.804240406 -0.594064713
  outer loop
  vertex -0.0661998987 0.0454523191 -0.0126633551
  vertex -0.0662271753 0.0454587527 -0.012655424
  vertex -0.0662059635 0.0454823263 -0.0126229078
  endloop
 endfacet

 facet normal 0.0259071346 0.804731131 -0.593073845
  outer loop
  vertex -0.0661998987 0.0454523191 -0.0126633551
  vertex -0.0662059635 0.0454823263 -0.0126229078
  vertex -0.0661877766 0.0454758964 -0.0126308389
  endloop
 endfacet

 facet normal 0.0303549059 0.90676868 -0.420534581
  outer loop
  vertex -0.0661574602 0.0455144718 -0.0125578754
  vertex -0.0661908016 0.0455016121 -0.012588012
  vertex -0.0662089884 0.0455058999 -0.0125800818
  endloop
 endfacet

 facet normal -0.0779025108 0.830627561 -0.551351964
  outer loop
  vertex -0.0662059635 0.0454823263 -0.0126229078
  vertex -0.0662271753 0.0454587527 -0.012655424
  vertex -0.0662332401 0.0454866104 -0.012612598
  endloop
 endfacet

 facet normal -0.0457496718 0.873761058 -0.484198987
  outer loop
  vertex -0.0662059635 0.0454823263 -0.0126229078
  vertex -0.0662332401 0.0454866104 -0.012612598
  vertex -0.0662089884 0.0455058999 -0.0125800818
  endloop
 endfacet

 facet normal -0.00390521809 0.875926256 -0.482429206
  outer loop
  vertex -0.0662059635 0.0454823263 -0.0126229078
  vertex -0.0662089884 0.0455058999 -0.0125800818
  vertex -0.0661908016 0.0455016121 -0.012588012
  endloop
 endfacet

 facet normal -0.113145135 0.850465775 -0.513718009
  outer loop
  vertex -0.0662514269 0.0454908982 -0.0126014957
  vertex -0.0662332401 0.0454866104 -0.012612598
  vertex -0.0662756786 0.0454694666 -0.0126316324
  endloop
 endfacet

 facet normal -0.143678188 0.770149887 -0.62147063
  outer loop
  vertex -0.0662756786 0.0454694666 -0.0126316324
  vertex -0.0662696138 0.0454373173 -0.0126728723
  vertex -0.0662968978 0.0454437509 -0.012658596
  endloop
 endfacet

 facet normal -0.208710521 0.784487247 -0.583968878
  outer loop
  vertex -0.0662756786 0.0454694666 -0.0126316324
  vertex -0.0662968978 0.0454437509 -0.012658596
  vertex -0.066348426 0.0454566069 -0.0126229078
  endloop
 endfacet

 facet normal -0.208901137 0.811245918 -0.546113908
  outer loop
  vertex -0.0662756786 0.0454694666 -0.0126316324
  vertex -0.066348426 0.0454566069 -0.0126229078
  vertex -0.0663211495 0.0454801805 -0.0125983227
  endloop
 endfacet

 facet normal -0.0874966085 0.829329967 -0.551866055
  outer loop
  vertex -0.0662756786 0.0454694666 -0.0126316324
  vertex -0.0662332401 0.0454866104 -0.012612598
  vertex -0.0662271753 0.0454587527 -0.012655424
  endloop
 endfacet

 facet normal -0.13431859 0.771867216 -0.621433437
  outer loop
  vertex -0.0662756786 0.0454694666 -0.0126316324
  vertex -0.0662271753 0.0454587527 -0.012655424
  vertex -0.0662696138 0.0454373173 -0.0126728723
  endloop
 endfacet

 facet normal -0.291894138 0.831210732 -0.473166645
  outer loop
  vertex -0.0663211495 0.0454801805 -0.0125983227
  vertex -0.066348426 0.0454566069 -0.0126229078
  vertex -0.0663696453 0.045460891 -0.0126022883
  endloop
 endfacet

 facet normal -0.36650452 0.760977209 -0.535339415
  outer loop
  vertex -0.0663696453 0.045460891 -0.0126022883
  vertex -0.066348426 0.0454566069 -0.0126229078
  vertex -0.0663726777 0.0454287454 -0.0126459068
  endloop
 endfacet

 facet normal -0.372012705 0.759392142 -0.533788562
  outer loop
  vertex -0.0663696453 0.045460891 -0.0126022883
  vertex -0.0663726777 0.0454287454 -0.0126459068
  vertex -0.0663969293 0.0454330333 -0.0126229078
  endloop
 endfacet

 facet normal -0.387638897 0.762745261 -0.517644525
  outer loop
  vertex -0.0663696453 0.045460891 -0.0126022883
  vertex -0.0663969293 0.0454330333 -0.0126229078
  vertex -0.0663908646 0.0454651788 -0.0125800818
  endloop
 endfacet

 facet normal -0.415595382 0.754700661 -0.507648885
  outer loop
  vertex -0.0663908646 0.0454651788 -0.0125800818
  vertex -0.0663969293 0.0454330333 -0.0126229078
  vertex -0.0664484575 0.0454094596 -0.0126157701
  endloop
 endfacet

 facet normal -0.439946949 0.760556638 -0.477493823
  outer loop
  vertex -0.0663908646 0.0454651788 -0.0125800818
  vertex -0.0664484575 0.0454094596 -0.0126157701
  vertex -0.0664393678 0.0454416052 -0.0125729442
  endloop
 endfacet

 facet normal -0.446525514 0.793431699 -0.413619608
  outer loop
  vertex -0.0663908646 0.0454651788 -0.0125800818
  vertex -0.0664393678 0.0454416052 -0.0125729442
  vertex -0.066406019 0.0454694666 -0.0125554958
  endloop
 endfacet

 facet normal -0.473310888 0.798890412 -0.37114808
  outer loop
  vertex -0.066406019 0.0454694666 -0.0125554958
  vertex -0.0664393678 0.0454416052 -0.0125729442
  vertex -0.0664545223 0.0454458892 -0.0125443935
  endloop
 endfacet

 facet normal 0.309194684 -0.0663792044 -0.948679328
  outer loop
  vertex -0.0481155626 0.0395223498 -0.00800004974
  vertex -0.0479245931 0.0406839103 -0.00801908411
  vertex -0.0478730649 0.0409239382 -0.00801908411
  endloop
 endfacet

 facet normal 0.24440138 -0.0524690971 -0.968253553
  outer loop
  vertex -0.0478730649 0.0409239382 -0.00801908411
  vertex -0.0479245931 0.0406839103 -0.00801908411
  vertex -0.0660816804 0.0450322703 -0.0128378328
  endloop
 endfacet

 facet normal 0.247430012 -0.0388947688 -0.968124807
  outer loop
  vertex -0.0478730649 0.0409239382 -0.00801908411
  vertex -0.0660816804 0.0450322703 -0.0128378328
  vertex -0.0478700325 0.0409432277 -0.00801908411
  endloop
 endfacet

 facet normal 0.243819848 -0.0551094264 -0.968253553
  outer loop
  vertex -0.0532383472 0.0236676559 -0.00838865899
  vertex -0.0684187636 0.0236676559 -0.0122112995
  vertex -0.0479245931 0.0406839103 -0.00801908411
  endloop
 endfacet

 facet normal 0.243805215 -0.055090636 -0.968258321
  outer loop
  vertex -0.0479245931 0.0406839103 -0.00801908411
  vertex -0.0684187636 0.0236676559 -0.0122112995
  vertex -0.0622592941 0.0395244919 -0.0115625616
  endloop
 endfacet

 facet normal 0.243799254 -0.0549961142 -0.968265176
  outer loop
  vertex -0.0479245931 0.0406839103 -0.00801908411
  vertex -0.0622592941 0.0395244919 -0.0115625616
  vertex -0.0660816804 0.0450322703 -0.0128378328
  endloop
 endfacet

 facet normal 0.476372331 0.121577933 -0.870797515
  outer loop
  vertex -0.0405950733 0.0360848084 -0.00475239055
  vertex -0.0456026681 0.0395223498 -0.00701187318
  vertex -0.0455693267 0.0395223498 -0.0069936323
  endloop
 endfacet

 facet normal 0.47822541 0.125262991 -0.869258165
  outer loop
  vertex -0.0405950733 0.0360848084 -0.00475239055
  vertex -0.0455693267 0.0395223498 -0.0069936323
  vertex -0.0406102277 0.0361426733 -0.00475239055
  endloop
 endfacet

 facet normal 0.412469655 0.0125023751 -0.910885513
  outer loop
  vertex -0.045681484 0.0395223498 -0.00704756146
  vertex -0.0478700325 0.0409432277 -0.00801908411
  vertex -0.0456026681 0.0395223498 -0.00701187318
  endloop
 endfacet

 facet normal 0.451466918 0.0912300348 -0.887611806
  outer loop
  vertex -0.0456026681 0.0395223498 -0.00701187318
  vertex -0.0478700325 0.0409432277 -0.00801908411
  vertex -0.0478791259 0.0409882329 -0.00801908411
  endloop
 endfacet

 facet normal 0.475131512 0.141091794 -0.86852932
  outer loop
  vertex -0.0456026681 0.0395223498 -0.00701187318
  vertex -0.0478791259 0.0409882329 -0.00801908411
  vertex -0.0455693267 0.0395223498 -0.0069936323
  endloop
 endfacet

 facet normal 0.248408228 -0.0344415195 -0.96804297
  outer loop
  vertex -0.0478700325 0.0409432277 -0.00801908411
  vertex -0.0660816804 0.0450322703 -0.0128378328
  vertex -0.0660695583 0.0450751334 -0.0128362468
  endloop
 endfacet

 facet normal 0.266928673 0.0539395288 -0.962205708
  outer loop
  vertex -0.0478700325 0.0409432277 -0.00801908411
  vertex -0.0660695583 0.0450751334 -0.0128362468
  vertex -0.0478791259 0.0409882329 -0.00801908411
  endloop
 endfacet

 facet normal -0.523896396 0.730896652 -0.437404484
  outer loop
  vertex -0.0664393678 0.0454416052 -0.0125729442
  vertex -0.0664484575 0.0454094596 -0.0126157701
  vertex -0.0664848313 0.0454180315 -0.0125578754
  endloop
 endfacet

 facet normal -0.564630866 0.687551856 -0.456579149
  outer loop
  vertex -0.0664848313 0.0454180315 -0.0125578754
  vertex -0.0664484575 0.0454094596 -0.0126157701
  vertex -0.0664939284 0.0453815982 -0.0126014957
  endloop
 endfacet

 facet normal -0.636091352 0.629820108 -0.445774019
  outer loop
  vertex -0.0665121153 0.045385886 -0.0125697721
  vertex -0.0665181801 0.0453494489 -0.012612598
  vertex -0.0665393993 0.0453515947 -0.0125792893
  endloop
 endfacet

 facet normal -0.632501125 0.631847858 -0.448007345
  outer loop
  vertex -0.0665121153 0.045385886 -0.0125697721
  vertex -0.0664939284 0.0453815982 -0.0126014957
  vertex -0.0665181801 0.0453494489 -0.012612598
  endloop
 endfacet

 facet normal -0.688163459 0.54951787 -0.47377333
  outer loop
  vertex -0.0665393993 0.0453515947 -0.0125792893
  vertex -0.0665181801 0.0453494489 -0.012612598
  vertex -0.0665424243 0.0453108773 -0.0126221152
  endloop
 endfacet

 facet normal -0.700754404 0.541121423 -0.464898825
  outer loop
  vertex -0.0665393993 0.0453515947 -0.0125792893
  vertex -0.0665424243 0.0453108773 -0.0126221152
  vertex -0.0665606111 0.0453173071 -0.0125872195
  endloop
 endfacet

 facet normal -0.732083738 0.491168022 -0.472024769
  outer loop
  vertex -0.0665606111 0.0453173071 -0.0125872195
  vertex -0.0665424243 0.0453108773 -0.0126221152
  vertex -0.0666030496 0.0452830158 -0.0125570828
  endloop
 endfacet

 facet normal -0.732540488 0.489306182 -0.473248303
  outer loop
  vertex -0.0666030496 0.0452830158 -0.0125570828
  vertex -0.0665424243 0.0453108773 -0.0126221152
  vertex -0.0665818304 0.045278728 -0.0125943571
  endloop
 endfacet

 facet normal -0.770213842 0.413086593 -0.485932231
  outer loop
  vertex -0.0666030496 0.0452830158 -0.0125570828
  vertex -0.0665818304 0.045278728 -0.0125943571
  vertex -0.0666000172 0.0452401526 -0.0125983227
  endloop
 endfacet

 facet normal -0.831915498 0.271163523 -0.484135389
  outer loop
  vertex -0.0666000172 0.0452401526 -0.0125983227
  vertex -0.0666121468 0.0451972932 -0.0126014957
  vertex -0.066633366 0.0452015772 -0.0125626344
  endloop
 endfacet

 facet normal -0.755699098 0.408881396 -0.511600494
  outer loop
  vertex -0.0666000172 0.0452401526 -0.0125983227
  vertex -0.0665818304 0.045278728 -0.0125943571
  vertex -0.0665788054 0.0452337228 -0.0126348045
  endloop
 endfacet

 facet normal -0.807296872 0.2808339 -0.519041538
  outer loop
  vertex -0.0666000172 0.0452401526 -0.0125983227
  vertex -0.0665788054 0.0452337228 -0.0126348045
  vertex -0.0665909275 0.0451930054 -0.0126379766
  endloop
 endfacet

 facet normal -0.818461597 0.269098461 -0.50764823
  outer loop
  vertex -0.0666000172 0.0452401526 -0.0125983227
  vertex -0.0665909275 0.0451930054 -0.0126379766
  vertex -0.0666121468 0.0451972932 -0.0126014957
  endloop
 endfacet

 facet normal -0.838800132 0.190010041 -0.510206342
  outer loop
  vertex -0.0678822324 0.0395244919 -0.0126308389
  vertex -0.0666242689 0.04515443 -0.0126022883
  vertex -0.0666030496 0.0451501422 -0.0126387691
  endloop
 endfacet

 facet normal -0.784556627 0.177557692 -0.594091058
  outer loop
  vertex -0.0678822324 0.0395244919 -0.0126308389
  vertex -0.0666030496 0.0451501422 -0.0126387691
  vertex -0.0697312877 0.0312799662 -0.0126530454
  endloop
 endfacet

 facet normal -0.807765305 0.182672337 -0.56048733
  outer loop
  vertex -0.0678822324 0.0395244919 -0.0126308389
  vertex -0.0697312877 0.0312799662 -0.0126530454
  vertex -0.0708922446 0.0262801014 -0.0126094259
  endloop
 endfacet

 facet normal -0.841071486 0.190329283 -0.50633347
  outer loop
  vertex -0.0678822324 0.0395244919 -0.0126308389
  vertex -0.0708922446 0.0262801014 -0.0126094259
  vertex -0.069764629 0.0312799662 -0.0126030808
  endloop
 endfacet

 facet normal -0.860879123 0.194750473 -0.47006321
  outer loop
  vertex -0.069764629 0.0312799662 -0.0126030808
  vertex -0.0708922446 0.0262801014 -0.0126094259
  vertex -0.0697858483 0.0312799662 -0.0125642205
  endloop
 endfacet

 facet normal -0.864805162 0.195550531 -0.462463081
  outer loop
  vertex -0.0697858483 0.0312799662 -0.0125642205
  vertex -0.0708922446 0.0262801014 -0.0126094259
  vertex -0.0714863688 0.0236676559 -0.0126030808
  endloop
 endfacet

 facet normal -0.882133424 0.199239373 -0.426783651
  outer loop
  vertex -0.0697858483 0.0312799662 -0.0125642205
  vertex -0.0714863688 0.0236676559 -0.0126030808
  vertex -0.0715166777 0.0236676559 -0.012540428
  endloop
 endfacet

 facet normal -0.825830698 0.24301444 -0.508869112
  outer loop
  vertex -0.0666121468 0.0451972932 -0.0126014957
  vertex -0.0665909275 0.0451930054 -0.0126379766
  vertex -0.0666030496 0.0451501422 -0.0126387691
  endloop
 endfacet

 facet normal -0.825816572 0.243029609 -0.508884847
  outer loop
  vertex -0.0666121468 0.0451972932 -0.0126014957
  vertex -0.0666030496 0.0451501422 -0.0126387691
  vertex -0.0666242689 0.04515443 -0.0126022883
  endloop
 endfacet

 facet normal 0.584416151 0.481837451 -0.652909219
  outer loop
  vertex -0.0452328622 0.0395223498 -0.00675412174
  vertex -0.0452904515 0.0395223498 -0.00680567231
  vertex -0.0479094386 0.0410546698 -0.00801908411
  endloop
 endfacet

 facet normal 0.612617493 0.478084952 -0.629392385
  outer loop
  vertex -0.0452328622 0.0395223498 -0.00675412174
  vertex -0.04083151 0.0365177132 -0.00475239055
  vertex -0.0407830067 0.0364555642 -0.00475239055
  endloop
 endfacet

 facet normal 0.600940585 0.433742374 -0.671370268
  outer loop
  vertex -0.0452328622 0.0395223498 -0.00675412174
  vertex -0.0407830067 0.0364555642 -0.00475239055
  vertex -0.0452904515 0.0395223498 -0.00680567231
  endloop
 endfacet

 facet normal 0.575339913 0.434717178 -0.692823887
  outer loop
  vertex -0.0479094386 0.0410546698 -0.00801908411
  vertex -0.0452904515 0.0395223498 -0.00680567231
  vertex -0.0453601703 0.0395223498 -0.00686356705
  endloop
 endfacet

 facet normal 0.5271734 0.269261837 -0.805969179
  outer loop
  vertex -0.0479094386 0.0410546698 -0.00801908411
  vertex -0.0453601703 0.0395223498 -0.00686356705
  vertex -0.0454692952 0.0395223498 -0.00693494407
  endloop
 endfacet

 facet normal 0.522609115 0.257101983 -0.812882781
  outer loop
  vertex -0.0479094386 0.0410546698 -0.00801908411
  vertex -0.0454692952 0.0395223498 -0.00693494407
  vertex -0.047885187 0.0410053767 -0.00801908411
  endloop
 endfacet

 facet normal 0.282657176 0.139055625 -0.949088216
  outer loop
  vertex -0.0479094386 0.0410546698 -0.00801908411
  vertex -0.047885187 0.0410053767 -0.00801908411
  vertex -0.0660634935 0.0451158546 -0.0128306951
  endloop
 endfacet

 facet normal 0.284497291 0.149889499 -0.946886659
  outer loop
  vertex -0.0479094386 0.0410546698 -0.00801908411
  vertex -0.0660634935 0.0451158546 -0.0128306951
  vertex -0.0660543963 0.0451587178 -0.012821178
  endloop
 endfacet

 facet normal 0.299167484 0.243004739 -0.922739148
  outer loop
  vertex -0.0479094386 0.0410546698 -0.00801908411
  vertex -0.0660543963 0.0451587178 -0.012821178
  vertex -0.066048339 0.0451994352 -0.0128084887
  endloop
 endfacet

 facet normal 0.278045684 0.247805938 -0.928053319
  outer loop
  vertex -0.066048339 0.0451994352 -0.0128084887
  vertex -0.0660543963 0.0451587178 -0.012821178
  vertex -0.0660938025 0.0451672859 -0.0128306951
  endloop
 endfacet

 facet normal 0.260348707 0.271751195 -0.926482439
  outer loop
  vertex -0.066048339 0.0451994352 -0.0128084887
  vertex -0.0660938025 0.0451672859 -0.0128306951
  vertex -0.0660877451 0.0452101491 -0.0128164198
  endloop
 endfacet

 facet normal 0.176413104 0.288488269 -0.941091418
  outer loop
  vertex -0.0660877451 0.0452101491 -0.0128164198
  vertex -0.0660938025 0.0451672859 -0.0128306951
  vertex -0.0661271513 0.0452187248 -0.012821178
  endloop
 endfacet

 facet normal 0.111805044 0.289753735 -0.95054853
  outer loop
  vertex -0.0661271513 0.0452187248 -0.012821178
  vertex -0.066136241 0.0451780036 -0.0128346598
  vertex -0.0661695823 0.0452272929 -0.0128235575
  endloop
 endfacet

 facet normal 0.158759415 0.27819559 -0.947313428
  outer loop
  vertex -0.0661271513 0.0452187248 -0.012821178
  vertex -0.0660938025 0.0451672859 -0.0128306951
  vertex -0.066136241 0.0451780036 -0.0128346598
  endloop
 endfacet

 facet normal 0.0998385921 0.282452166 -0.95407176
  outer loop
  vertex -0.0661695823 0.0452272929 -0.0128235575
  vertex -0.066136241 0.0451780036 -0.0128346598
  vertex -0.0661756471 0.0451865755 -0.0128362468
  endloop
 endfacet

 facet normal 0.00741942832 0.296501905 -0.95500356
  outer loop
  vertex -0.0661695823 0.0452272929 -0.0128235575
  vertex -0.0661756471 0.0451865755 -0.0128362468
  vertex -0.0662059635 0.0452358685 -0.012821178
  endloop
 endfacet

 facet normal 0.0306598898 0.385945886 -0.922011912
  outer loop
  vertex -0.0661695823 0.0452272929 -0.0128235575
  vertex -0.0662059635 0.0452358685 -0.012821178
  vertex -0.0661938339 0.045276586 -0.0128037306
  endloop
 endfacet

 facet normal 0.0568735451 0.396527976 -0.916259229
  outer loop
  vertex -0.0661695823 0.0452272929 -0.0128235575
  vertex -0.0661938339 0.045276586 -0.0128037306
  vertex -0.0661574602 0.045265872 -0.0128061092
  endloop
 endfacet

 facet normal -0.00360698416 0.394762605 -0.918776035
  outer loop
  vertex -0.0661938339 0.045276586 -0.0128037306
  vertex -0.0662059635 0.0452358685 -0.012821178
  vertex -0.0662453696 0.0452465825 -0.0128164198
  endloop
 endfacet

 facet normal -0.0180189069 0.415546656 -0.90939343
  outer loop
  vertex -0.0661938339 0.045276586 -0.0128037306
  vertex -0.0662453696 0.0452465825 -0.0128164198
  vertex -0.0662362725 0.0452851616 -0.0127989715
  endloop
 endfacet

 facet normal -0.00185461901 0.47825259 -0.87822032
  outer loop
  vertex -0.0661938339 0.045276586 -0.0128037306
  vertex -0.0662362725 0.0452851616 -0.0127989715
  vertex -0.0661877766 0.0453130193 -0.0127839027
  endloop
 endfacet

 facet normal -0.00207340322 0.478546619 -0.878059745
  outer loop
  vertex -0.0661877766 0.0453130193 -0.0127839027
  vertex -0.0662362725 0.0452851616 -0.0127989715
  vertex -0.0662241504 0.0453215912 -0.0127791446
  endloop
 endfacet

 facet normal -0.107161164 0.502540767 -0.857886493
  outer loop
  vertex -0.0662241504 0.0453215912 -0.0127791446
  vertex -0.0662362725 0.0452851616 -0.0127989715
  vertex -0.0662574917 0.045328021 -0.0127712134
  endloop
 endfacet

 facet normal -0.094510518 0.540878713 -0.835773885
  outer loop
  vertex -0.0662241504 0.0453215912 -0.0127791446
  vertex -0.0662574917 0.045328021 -0.0127712134
  vertex -0.0662453696 0.0453644544 -0.0127490079
  endloop
 endfacet

 facet normal -0.0284936503 0.565474927 -0.824273229
  outer loop
  vertex -0.0662241504 0.0453215912 -0.0127791446
  vertex -0.0662453696 0.0453644544 -0.0127490079
  vertex -0.0662089884 0.0453558825 -0.0127561456
  endloop
 endfacet

 facet normal -0.00733920885 0.621315956 -0.783525884
  outer loop
  vertex -0.0662089884 0.0453558825 -0.0127561456
  vertex -0.0662453696 0.0453644544 -0.0127490079
  vertex -0.0661968663 0.045388028 -0.012730767
  endloop
 endfacet

 facet normal -0.00777137885 0.621864796 -0.783086181
  outer loop
  vertex -0.0661968663 0.045388028 -0.012730767
  vertex -0.0662453696 0.0453644544 -0.0127490079
  vertex -0.0662302077 0.0453965999 -0.0127236294
  endloop
 endfacet

 facet normal -0.117971882 0.648972631 -0.751609743
  outer loop
  vertex -0.0662302077 0.0453965999 -0.0127236294
  vertex -0.0662453696 0.0453644544 -0.0127490079
  vertex -0.0662605241 0.0454030298 -0.0127133187
  endloop
 endfacet

 facet normal -0.0789995044 0.724856377 -0.684355438
  outer loop
  vertex -0.0662302077 0.0453965999 -0.0127236294
  vertex -0.0662605241 0.0454030298 -0.0127133187
  vertex -0.0662453696 0.0454308875 -0.0126855616
  endloop
 endfacet

 facet normal -0.149134517 0.737463892 -0.658715367
  outer loop
  vertex -0.0662453696 0.0454308875 -0.0126855616
  vertex -0.0662605241 0.0454030298 -0.0127133187
  vertex -0.0662696138 0.0454373173 -0.0126728723
  endloop
 endfacet

 facet normal -0.127163753 0.765389562 -0.630879045
  outer loop
  vertex -0.0662453696 0.0454308875 -0.0126855616
  vertex -0.0662696138 0.0454373173 -0.0126728723
  vertex -0.0662271753 0.0454587527 -0.012655424
  endloop
 endfacet

 facet normal -0.154146537 0.736304104 -0.658859015
  outer loop
  vertex -0.0662696138 0.0454373173 -0.0126728723
  vertex -0.0662605241 0.0454030298 -0.0127133187
  vertex -0.0662908331 0.0454094596 -0.0126990434
  endloop
 endfacet

 facet normal -0.166876599 0.739592612 -0.652039111
  outer loop
  vertex -0.0662696138 0.0454373173 -0.0126728723
  vertex -0.0662908331 0.0454094596 -0.0126990434
  vertex -0.0662968978 0.0454437509 -0.012658596
  endloop
 endfacet

 facet normal -0.167298287 0.739506185 -0.652029037
  outer loop
  vertex -0.0662968978 0.0454437509 -0.012658596
  vertex -0.0662908331 0.0454094596 -0.0126990434
  vertex -0.0663211495 0.0454158857 -0.0126839746
  endloop
 endfacet

 facet normal -0.230244488 0.757178605 -0.611283898
  outer loop
  vertex -0.0662968978 0.0454437509 -0.012658596
  vertex -0.0663211495 0.0454158857 -0.0126839746
  vertex -0.066348426 0.0454223156 -0.0126657346
  endloop
 endfacet

 facet normal -0.231619582 0.759393692 -0.608007848
  outer loop
  vertex -0.0662968978 0.0454437509 -0.012658596
  vertex -0.066348426 0.0454223156 -0.0126657346
  vertex -0.066348426 0.0454566069 -0.0126229078
  endloop
 endfacet

 facet normal -0.290883243 0.746866405 -0.597977877
  outer loop
  vertex -0.066348426 0.0454566069 -0.0126229078
  vertex -0.066348426 0.0454223156 -0.0126657346
  vertex -0.0663726777 0.0454287454 -0.0126459068
  endloop
 endfacet

 facet normal -0.323966146 0.709159374 -0.626209974
  outer loop
  vertex -0.0663726777 0.0454287454 -0.0126459068
  vertex -0.066348426 0.0454223156 -0.0126657346
  vertex -0.0663696453 0.0453923158 -0.0126887336
  endloop
 endfacet

 facet normal -0.402107567 0.683144033 -0.609609485
  outer loop
  vertex -0.0663726777 0.0454287454 -0.0126459068
  vertex -0.0663696453 0.0453923158 -0.0126887336
  vertex -0.066421181 0.0454030298 -0.0126427356
  endloop
 endfacet

 facet normal -0.410234511 0.701832175 -0.582356691
  outer loop
  vertex -0.0663726777 0.0454287454 -0.0126459068
  vertex -0.066421181 0.0454030298 -0.0126427356
  vertex -0.0664484575 0.0454094596 -0.0126157701
  endloop
 endfacet

 facet normal -0.407016635 0.719132841 -0.563192248
  outer loop
  vertex -0.0663726777 0.0454287454 -0.0126459068
  vertex -0.0664484575 0.0454094596 -0.0126157701
  vertex -0.0663969293 0.0454330333 -0.0126229078
  endloop
 endfacet

 facet normal -0.437430024 0.668160796 -0.601844013
  outer loop
  vertex -0.0664484575 0.0454094596 -0.0126157701
  vertex -0.066421181 0.0454030298 -0.0126427356
  vertex -0.0664484575 0.0453708842 -0.012658596
  endloop
 endfacet

 facet normal -0.494585812 0.645778418 -0.581683159
  outer loop
  vertex -0.0664484575 0.0454094596 -0.0126157701
  vertex -0.0664484575 0.0453708842 -0.012658596
  vertex -0.0664727092 0.0453773141 -0.0126308389
  endloop
 endfacet

 facet normal -0.560972869 0.658413053 -0.50179857
  outer loop
  vertex -0.0664484575 0.0454094596 -0.0126157701
  vertex -0.0664727092 0.0453773141 -0.0126308389
  vertex -0.0664939284 0.0453815982 -0.0126014957
  endloop
 endfacet

 facet normal 0.210054263 -0.0232446194 -0.977413476
  outer loop
  vertex -0.0660816804 0.0450322703 -0.0128378328
  vertex -0.0661210865 0.0450429879 -0.0128465565
  vertex -0.0660695583 0.0450751334 -0.0128362468
  endloop
 endfacet

 facet normal 0.243720695 -0.0550544374 -0.968281627
  outer loop
  vertex -0.0660816804 0.0450322703 -0.0128378328
  vertex -0.0622592941 0.0395244919 -0.0115625616
  vertex -0.0691886917 0.0312778242 -0.0128378328
  endloop
 endfacet

 facet normal 0.203953966 -0.0460714772 -0.977895856
  outer loop
  vertex -0.0660816804 0.0450322703 -0.0128378328
  vertex -0.0691886917 0.0312778242 -0.0128378328
  vertex -0.0661210865 0.0450429879 -0.0128465565
  endloop
 endfacet

 facet normal 0.243210524 -0.0551213436 -0.968406081
  outer loop
  vertex -0.0684187636 0.0236676559 -0.0122112995
  vertex -0.0709134638 0.0236676559 -0.0128378328
  vertex -0.0691886917 0.0312778242 -0.0128378328
  endloop
 endfacet

 facet normal 0.243725687 -0.0550588481 -0.968280077
  outer loop
  vertex -0.0684187636 0.0236676559 -0.0122112995
  vertex -0.0691886917 0.0312778242 -0.0128378328
  vertex -0.0622592941 0.0395244919 -0.0115625616
  endloop
 endfacet

 facet normal 0.487935901 0.145171791 -0.86072278
  outer loop
  vertex -0.0406102277 0.0361426733 -0.00475239055
  vertex -0.0455693267 0.0395223498 -0.0069936323
  vertex -0.0454965755 0.0395223498 -0.00695239194
  endloop
 endfacet

 facet normal 0.519303143 0.211884305 -0.827906549
  outer loop
  vertex -0.0406102277 0.0361426733 -0.00475239055
  vertex -0.0454965755 0.0395223498 -0.00695239194
  vertex -0.0406556986 0.0362541117 -0.00475239055
  endloop
 endfacet

 facet normal 0.486303777 0.166171014 -0.857843757
  outer loop
  vertex -0.0455693267 0.0395223498 -0.0069936323
  vertex -0.0478791259 0.0409882329 -0.00801908411
  vertex -0.0454965755 0.0395223498 -0.00695239194
  endloop
 endfacet

 facet normal 0.489154518 0.172964737 -0.854874969
  outer loop
  vertex -0.0478791259 0.0409882329 -0.00801908411
  vertex -0.047885187 0.0410053767 -0.00801908411
  vertex -0.0454965755 0.0395223498 -0.00695239194
  endloop
 endfacet

 facet normal 0.273763597 0.0897941217 -0.957596242
  outer loop
  vertex -0.0478791259 0.0409882329 -0.00801908411
  vertex -0.0660695583 0.0450751334 -0.0128362468
  vertex -0.0660634935 0.0451158546 -0.0128306951
  endloop
 endfacet

 facet normal 0.275166482 0.0972986966 -0.956460416
  outer loop
  vertex -0.0478791259 0.0409882329 -0.00801908411
  vertex -0.0660634935 0.0451158546 -0.0128306951
  vertex -0.047885187 0.0410053767 -0.00801908411
  endloop
 endfacet

 facet normal 0.186736792 0.0156947058 -0.982284665
  outer loop
  vertex -0.0660695583 0.0450751334 -0.0128362468
  vertex -0.0661210865 0.0450429879 -0.0128465565
  vertex -0.0661119893 0.0450837053 -0.012844177
  endloop
 endfacet

 facet normal 0.196334809 0.0669475943 -0.978248775
  outer loop
  vertex -0.0660695583 0.0450751334 -0.0128362468
  vertex -0.0661119893 0.0450837053 -0.012844177
  vertex -0.0661028996 0.0451265685 -0.0128394188
  endloop
 endfacet

 facet normal 0.239952624 0.0959774703 -0.966028452
  outer loop
  vertex -0.0660695583 0.0450751334 -0.0128362468
  vertex -0.0661028996 0.0451265685 -0.0128394188
  vertex -0.0660634935 0.0451158546 -0.0128306951
  endloop
 endfacet

 facet normal -0.588420033 0.622202277 -0.516358614
  outer loop
  vertex -0.0664939284 0.0453815982 -0.0126014957
  vertex -0.0664727092 0.0453773141 -0.0126308389
  vertex -0.0665181801 0.0453494489 -0.012612598
  endloop
 endfacet

 facet normal -0.587393522 0.611549139 -0.530072331
  outer loop
  vertex -0.0665181801 0.0453494489 -0.012612598
  vertex -0.0664727092 0.0453773141 -0.0126308389
  vertex -0.0664969608 0.0453430228 -0.0126435282
  endloop
 endfacet

 facet normal -0.639083743 0.537505984 -0.550144792
  outer loop
  vertex -0.0665181801 0.0453494489 -0.012612598
  vertex -0.0664969608 0.0453430228 -0.0126435282
  vertex -0.0665424243 0.0453108773 -0.0126221152
  endloop
 endfacet

 facet normal -0.629180253 0.485800236 -0.606737435
  outer loop
  vertex -0.0665424243 0.0453108773 -0.0126221152
  vertex -0.0664969608 0.0453430228 -0.0126435282
  vertex -0.0665151477 0.0453065895 -0.0126538379
  endloop
 endfacet

 facet normal -0.643574119 0.45557493 -0.6150316
  outer loop
  vertex -0.0665424243 0.0453108773 -0.0126221152
  vertex -0.0665151477 0.0453065895 -0.0126538379
  vertex -0.066490896 0.0453001633 -0.0126839746
  endloop
 endfacet

 facet normal -0.653047919 0.435642302 -0.619470954
  outer loop
  vertex -0.0665424243 0.0453108773 -0.0126221152
  vertex -0.066490896 0.0453001633 -0.0126839746
  vertex -0.0665545538 0.0452272929 -0.0126681132
  endloop
 endfacet

 facet normal -0.69198674 0.422513902 -0.585351586
  outer loop
  vertex -0.0665424243 0.0453108773 -0.0126221152
  vertex -0.0665545538 0.0452272929 -0.0126681132
  vertex -0.0665788054 0.0452337228 -0.0126348045
  endloop
 endfacet

 facet normal -0.727556109 0.430822015 -0.533905029
  outer loop
  vertex -0.0665424243 0.0453108773 -0.0126221152
  vertex -0.0665788054 0.0452337228 -0.0126348045
  vertex -0.0665818304 0.045278728 -0.0125943571
  endloop
 endfacet

 facet normal -0.752591491 0.270865738 -0.600198209
  outer loop
  vertex -0.0665788054 0.0452337228 -0.0126348045
  vertex -0.0665545538 0.0452272929 -0.0126681132
  vertex -0.0665909275 0.0451930054 -0.0126379766
  endloop
 endfacet

 facet normal -0.743124008 0.239013404 -0.625011444
  outer loop
  vertex -0.0665909275 0.0451930054 -0.0126379766
  vertex -0.0665545538 0.0452272929 -0.0126681132
  vertex -0.0665636435 0.0451865755 -0.0126728723
  endloop
 endfacet

 facet normal -0.74760139 0.223054379 -0.625570953
  outer loop
  vertex -0.0665909275 0.0451930054 -0.0126379766
  vertex -0.0665636435 0.0451865755 -0.0126728723
  vertex -0.0665757731 0.0451437123 -0.0126736648
  endloop
 endfacet

 facet normal -0.747609794 0.223046467 -0.625563622
  outer loop
  vertex -0.0665909275 0.0451930054 -0.0126379766
  vertex -0.0665757731 0.0451437123 -0.0126736648
  vertex -0.0666030496 0.0451501422 -0.0126387691
  endloop
 endfacet

 facet normal -0.76041913 0.172146857 -0.626201391
  outer loop
  vertex -0.0666030496 0.0451501422 -0.0126387691
  vertex -0.0665757731 0.0451437123 -0.0126736648
  vertex -0.0697312877 0.0312799662 -0.0126530454
  endloop
 endfacet

 facet normal -0.739393651 0.167203605 -0.652181089
  outer loop
  vertex -0.0697312877 0.0312799662 -0.0126530454
  vertex -0.0697130933 0.0312799662 -0.0126736648
  vertex -0.0708437487 0.0262801014 -0.0126736648
  endloop
 endfacet

 facet normal -0.769502997 0.173747689 -0.614554346
  outer loop
  vertex -0.0697312877 0.0312799662 -0.0126530454
  vertex -0.0708437487 0.0262801014 -0.0126736648
  vertex -0.0714621171 0.0236676559 -0.0126379766
  endloop
 endfacet

 facet normal -0.799874067 0.180736884 -0.572307289
  outer loop
  vertex -0.0697312877 0.0312799662 -0.0126530454
  vertex -0.0714621171 0.0236676559 -0.0126379766
  vertex -0.0708922446 0.0262801014 -0.0126094259
  endloop
 endfacet

 facet normal -0.73937881 0.167319268 -0.652168155
  outer loop
  vertex -0.0697312877 0.0312799662 -0.0126530454
  vertex -0.0665757731 0.0451437123 -0.0126736648
  vertex -0.0697130933 0.0312799662 -0.0126736648
  endloop
 endfacet

 facet normal -0.807428598 0.182262391 -0.561105609
  outer loop
  vertex -0.0708922446 0.0262801014 -0.0126094259
  vertex -0.0714621171 0.0236676559 -0.0126379766
  vertex -0.0714863688 0.0236676559 -0.0126030808
  endloop
 endfacet

 facet normal 0.589208007 0.393537879 -0.705664098
  outer loop
  vertex -0.0452904515 0.0395223498 -0.00680567231
  vertex -0.0407830067 0.0364555642 -0.00475239055
  vertex -0.0407314785 0.0363784134 -0.00475239055
  endloop
 endfacet

 facet normal 0.588184118 0.390337586 -0.708290935
  outer loop
  vertex -0.0452904515 0.0395223498 -0.00680567231
  vertex -0.0407314785 0.0363784134 -0.00475239055
  vertex -0.0453601703 0.0395223498 -0.00686356705
  endloop
 endfacet

 facet normal 0.585675359 0.382336974 -0.714704752
  outer loop
  vertex -0.0453601703 0.0395223498 -0.00686356705
  vertex -0.0407314785 0.0363784134 -0.00475239055
  vertex -0.040695101 0.0363226943 -0.00475239055
  endloop
 endfacet

 facet normal 0.565887213 0.325140834 -0.757664323
  outer loop
  vertex -0.0453601703 0.0395223498 -0.00686356705
  vertex -0.040695101 0.0363226943 -0.00475239055
  vertex -0.0406556986 0.0362541117 -0.00475239055
  endloop
 endfacet

 facet normal 0.5313766 0.24010995 -0.812395334
  outer loop
  vertex -0.0453601703 0.0395223498 -0.00686356705
  vertex -0.0406556986 0.0362541117 -0.00475239055
  vertex -0.0454692952 0.0395223498 -0.00693494407
  endloop
 endfacet

 facet normal 0.521196783 0.253258646 -0.814993203
  outer loop
  vertex -0.0454692952 0.0395223498 -0.00693494407
  vertex -0.0454965755 0.0395223498 -0.00695239194
  vertex -0.047885187 0.0410053767 -0.00801908411
  endloop
 endfacet

 facet normal 0.524948061 0.224989638 -0.820858896
  outer loop
  vertex -0.0454692952 0.0395223498 -0.00693494407
  vertex -0.0406556986 0.0362541117 -0.00475239055
  vertex -0.0454965755 0.0395223498 -0.00695239194
  endloop
 endfacet

 facet normal 0.252083302 0.148562789 -0.956233859
  outer loop
  vertex -0.0660634935 0.0451158546 -0.0128306951
  vertex -0.0661028996 0.0451265685 -0.0128394188
  vertex -0.0660938025 0.0451672859 -0.0128306951
  endloop
 endfacet

 facet normal 0.263732612 0.155428201 -0.9519912
  outer loop
  vertex -0.0660634935 0.0451158546 -0.0128306951
  vertex -0.0660938025 0.0451672859 -0.0128306951
  vertex -0.0660543963 0.0451587178 -0.012821178
  endloop
 endfacet

 facet normal 0.155213177 0.173679277 -0.972493887
  outer loop
  vertex -0.0660938025 0.0451672859 -0.0128306951
  vertex -0.0661028996 0.0451265685 -0.0128394188
  vertex -0.0661423057 0.0451351404 -0.012844177
  endloop
 endfacet

 facet normal 0.140099749 0.195689186 -0.970606983
  outer loop
  vertex -0.0660938025 0.0451672859 -0.0128306951
  vertex -0.0661423057 0.0451351404 -0.012844177
  vertex -0.066136241 0.0451780036 -0.0128346598
  endloop
 endfacet

 facet normal 0.083777748 0.204682633 -0.975236595
  outer loop
  vertex -0.066136241 0.0451780036 -0.0128346598
  vertex -0.0661423057 0.0451351404 -0.012844177
  vertex -0.0661756471 0.0451865755 -0.0128362468
  endloop
 endfacet

 facet normal 0.0820222124 0.203602448 -0.975611806
  outer loop
  vertex -0.0661756471 0.0451865755 -0.0128362468
  vertex -0.0661423057 0.0451351404 -0.012844177
  vertex -0.0661877766 0.0451458544 -0.0128457639
  endloop
 endfacet

 facet normal 0.00969226193 0.22484532 -0.97434628
  outer loop
  vertex -0.0661756471 0.0451865755 -0.0128362468
  vertex -0.0661877766 0.0451458544 -0.0128457639
  vertex -0.0662271753 0.04515443 -0.012844177
  endloop
 endfacet

 facet normal -0.00455523701 0.246404603 -0.969156444
  outer loop
  vertex -0.0661756471 0.0451865755 -0.0128362468
  vertex -0.0662271753 0.04515443 -0.012844177
  vertex -0.0662180856 0.0451951474 -0.0128338672
  endloop
 endfacet

 facet normal 0.00621042866 0.295825183 -0.955221891
  outer loop
  vertex -0.0661756471 0.0451865755 -0.0128362468
  vertex -0.0662180856 0.0451951474 -0.0128338672
  vertex -0.0662059635 0.0452358685 -0.012821178
  endloop
 endfacet

 facet normal -0.03170738 0.305961519 -0.951515675
  outer loop
  vertex -0.0662059635 0.0452358685 -0.012821178
  vertex -0.0662180856 0.0451951474 -0.0128338672
  vertex -0.0662574917 0.0452058651 -0.0128291082
  endloop
 endfacet

 facet normal -0.031706851 0.305960715 -0.951516032
  outer loop
  vertex -0.0662059635 0.0452358685 -0.012821178
  vertex -0.0662574917 0.0452058651 -0.0128291082
  vertex -0.0662453696 0.0452465825 -0.0128164198
  endloop
 endfacet

 facet normal -0.168510661 0.338650316 -0.92569983
  outer loop
  vertex -0.0662453696 0.0452465825 -0.0128164198
  vertex -0.0662574917 0.0452058651 -0.0128291082
  vertex -0.0662968978 0.0452144369 -0.0128187984
  endloop
 endfacet

 facet normal -0.181174144 0.358224422 -0.91588825
  outer loop
  vertex -0.0662453696 0.0452465825 -0.0128164198
  vertex -0.0662968978 0.0452144369 -0.0128187984
  vertex -0.0662847757 0.0452530123 -0.0128061092
  endloop
 endfacet

 facet normal -0.161237389 0.433477163 -0.886622846
  outer loop
  vertex -0.0662453696 0.0452465825 -0.0128164198
  vertex -0.0662847757 0.0452530123 -0.0128061092
  vertex -0.0662726462 0.0452915877 -0.0127894543
  endloop
 endfacet

 facet normal -0.154557213 0.437156677 -0.88600564
  outer loop
  vertex -0.0662453696 0.0452465825 -0.0128164198
  vertex -0.0662726462 0.0452915877 -0.0127894543
  vertex -0.0662362725 0.0452851616 -0.0127989715
  endloop
 endfacet

 facet normal -0.139169127 0.488116592 -0.861611366
  outer loop
  vertex -0.0662362725 0.0452851616 -0.0127989715
  vertex -0.0662726462 0.0452915877 -0.0127894543
  vertex -0.0662938654 0.045338735 -0.0127593176
  endloop
 endfacet

 facet normal -0.137370452 0.489628702 -0.861041963
  outer loop
  vertex -0.0662362725 0.0452851616 -0.0127989715
  vertex -0.0662938654 0.045338735 -0.0127593176
  vertex -0.0662574917 0.045328021 -0.0127712134
  endloop
 endfacet

 facet normal -0.111706279 0.544048071 -0.831584871
  outer loop
  vertex -0.0662574917 0.045328021 -0.0127712134
  vertex -0.0662938654 0.045338735 -0.0127593176
  vertex -0.0662453696 0.0453644544 -0.0127490079
  endloop
 endfacet

 facet normal -0.156458557 0.607323647 -0.778895855
  outer loop
  vertex -0.0662453696 0.0453644544 -0.0127490079
  vertex -0.0662938654 0.045338735 -0.0127593176
  vertex -0.0662756786 0.0453708842 -0.0127379047
  endloop
 endfacet

 facet normal -0.139790311 0.642266512 -0.753626287
  outer loop
  vertex -0.0662453696 0.0453644544 -0.0127490079
  vertex -0.0662756786 0.0453708842 -0.0127379047
  vertex -0.0662605241 0.0454030298 -0.0127133187
  endloop
 endfacet

 facet normal -0.189077646 0.651223838 -0.73495388
  outer loop
  vertex -0.0662605241 0.0454030298 -0.0127133187
  vertex -0.0662756786 0.0453708842 -0.0127379047
  vertex -0.0663090199 0.0453773141 -0.0127236294
  endloop
 endfacet

 facet normal -0.198755071 0.663863838 -0.720958591
  outer loop
  vertex -0.0662605241 0.0454030298 -0.0127133187
  vertex -0.0663090199 0.0453773141 -0.0127236294
  vertex -0.0662908331 0.0454094596 -0.0126990434
  endloop
 endfacet

 facet normal -0.213491112 0.666847348 -0.713958144
  outer loop
  vertex -0.0662908331 0.0454094596 -0.0126990434
  vertex -0.0663090199 0.0453773141 -0.0127236294
  vertex -0.0663211495 0.0454158857 -0.0126839746
  endloop
 endfacet

 facet normal -0.248474449 0.65525198 -0.713375986
  outer loop
  vertex -0.0663211495 0.0454158857 -0.0126839746
  vertex -0.0663090199 0.0453773141 -0.0127236294
  vertex -0.0663696453 0.0453923158 -0.0126887336
  endloop
 endfacet

 facet normal -0.27555275 0.699964046 -0.658878684
  outer loop
  vertex -0.0663211495 0.0454158857 -0.0126839746
  vertex -0.0663696453 0.0453923158 -0.0126887336
  vertex -0.066348426 0.0454223156 -0.0126657346
  endloop
 endfacet

 facet normal -0.268612623 0.623124003 -0.734550118
  outer loop
  vertex -0.0663696453 0.0453923158 -0.0126887336
  vertex -0.0663090199 0.0453773141 -0.0127236294
  vertex -0.0663272068 0.0453451648 -0.0127442488
  endloop
 endfacet

 facet normal -0.272314131 0.620651722 -0.735279918
  outer loop
  vertex -0.0663696453 0.0453923158 -0.0126887336
  vertex -0.0663272068 0.0453451648 -0.0127442488
  vertex -0.0663575232 0.0453515947 -0.0127275949
  endloop
 endfacet

 facet normal -0.336112559 0.59594655 -0.729298353
  outer loop
  vertex -0.0663696453 0.0453923158 -0.0126887336
  vertex -0.0663575232 0.0453515947 -0.0127275949
  vertex -0.0663908646 0.0453580245 -0.0127069755
  endloop
 endfacet

 facet normal -0.39312467 0.609496593 -0.688452661
  outer loop
  vertex -0.0663696453 0.0453923158 -0.0126887336
  vertex -0.0663908646 0.0453580245 -0.0127069755
  vertex -0.066421181 0.0453644544 -0.0126839746
  endloop
 endfacet

 facet normal -0.416361868 0.663974226 -0.621112764
  outer loop
  vertex -0.0663696453 0.0453923158 -0.0126887336
  vertex -0.066421181 0.0453644544 -0.0126839746
  vertex -0.066421181 0.0454030298 -0.0126427356
  endloop
 endfacet

 facet normal -0.420426309 0.662606955 -0.619833767
  outer loop
  vertex -0.066421181 0.0454030298 -0.0126427356
  vertex -0.066421181 0.0453644544 -0.0126839746
  vertex -0.0664484575 0.0453708842 -0.012658596
  endloop
 endfacet

 facet normal -0.459711671 0.607223392 -0.648031652
  outer loop
  vertex -0.0664484575 0.0453708842 -0.012658596
  vertex -0.066421181 0.0453644544 -0.0126839746
  vertex -0.0664423928 0.0453323089 -0.0126990434
  endloop
 endfacet

 facet normal -0.475833893 0.599758565 -0.643328667
  outer loop
  vertex -0.0664484575 0.0453708842 -0.012658596
  vertex -0.0664423928 0.0453323089 -0.0126990434
  vertex -0.0664696768 0.045338735 -0.0126728723
  endloop
 endfacet

 facet normal -0.521716237 0.609457016 -0.596970975
  outer loop
  vertex -0.0664484575 0.0453708842 -0.012658596
  vertex -0.0664696768 0.045338735 -0.0126728723
  vertex -0.0664727092 0.0453773141 -0.0126308389
  endloop
 endfacet

 facet normal -0.540144801 0.600259066 -0.589858234
  outer loop
  vertex -0.0664727092 0.0453773141 -0.0126308389
  vertex -0.0664696768 0.045338735 -0.0126728723
  vertex -0.0664969608 0.0453430228 -0.0126435282
  endloop
 endfacet

 facet normal 0.134922057 0.0263795387 -0.990505099
  outer loop
  vertex -0.0661210865 0.0450429879 -0.0128465565
  vertex -0.066163525 0.0450515598 -0.012852109
  vertex -0.0661544278 0.045094423 -0.0128497286
  endloop
 endfacet

 facet normal 0.136457413 0.027389532 -0.990267336
  outer loop
  vertex -0.0661210865 0.0450429879 -0.0128465565
  vertex -0.0661544278 0.045094423 -0.0128497286
  vertex -0.0661119893 0.0450837053 -0.012844177
  endloop
 endfacet

 facet normal 0.203747004 -0.0460253768 -0.977941155
  outer loop
  vertex -0.0661210865 0.0450429879 -0.0128465565
  vertex -0.0691886917 0.0312778242 -0.0128378328
  vertex -0.0703557208 0.0262801014 -0.0128457639
  endloop
 endfacet

 facet normal 0.196006611 -0.0442784987 -0.979602337
  outer loop
  vertex -0.0661210865 0.0450429879 -0.0128465565
  vertex -0.0703557208 0.0262801014 -0.0128457639
  vertex -0.0709498376 0.0236676559 -0.0128465565
  endloop
 endfacet

 facet normal 0.124107398 -0.0280362442 -0.991872728
  outer loop
  vertex -0.0661210865 0.0450429879 -0.0128465565
  vertex -0.0709498376 0.0236676559 -0.0128465565
  vertex -0.066163525 0.0450515598 -0.012852109
  endloop
 endfacet

 facet normal 0.232884631 -0.0527810715 -0.971071124
  outer loop
  vertex -0.0691886917 0.0312778242 -0.0128378328
  vertex -0.0709134638 0.0236676559 -0.0128378328
  vertex -0.0709498376 0.0236676559 -0.0128465565
  endloop
 endfacet

 facet normal 0.205935061 -0.0465370826 -0.977458477
  outer loop
  vertex -0.0691886917 0.0312778242 -0.0128378328
  vertex -0.0709498376 0.0236676559 -0.0128465565
  vertex -0.0703557208 0.0262801014 -0.0128457639
  endloop
 endfacet

 facet normal 0.148631617 0.0779094622 -0.985818923
  outer loop
  vertex -0.0661119893 0.0450837053 -0.012844177
  vertex -0.0661544278 0.045094423 -0.0128497286
  vertex -0.0661028996 0.0451265685 -0.0128394188
  endloop
 endfacet

 facet normal 0.139267743 0.0929402038 -0.985883772
  outer loop
  vertex -0.0661028996 0.0451265685 -0.0128394188
  vertex -0.0661544278 0.045094423 -0.0128497286
  vertex -0.0661423057 0.0451351404 -0.012844177
  endloop
 endfacet

 facet normal -0.593357682 0.506473422 -0.625628829
  outer loop
  vertex -0.0664969608 0.0453430228 -0.0126435282
  vertex -0.0664696768 0.045338735 -0.0126728723
  vertex -0.066490896 0.0453001633 -0.0126839746
  endloop
 endfacet

 facet normal -0.627608061 0.485535383 -0.608574986
  outer loop
  vertex -0.0664969608 0.0453430228 -0.0126435282
  vertex -0.066490896 0.0453001633 -0.0126839746
  vertex -0.0665151477 0.0453065895 -0.0126538379
  endloop
 endfacet

 facet normal -0.538974881 0.493053526 -0.68293798
  outer loop
  vertex -0.066490896 0.0453001633 -0.0126839746
  vertex -0.0664696768 0.045338735 -0.0126728723
  vertex -0.0664423928 0.0453323089 -0.0126990434
  endloop
 endfacet

 facet normal -0.529895782 0.467947811 -0.707273185
  outer loop
  vertex -0.066490896 0.0453001633 -0.0126839746
  vertex -0.0664423928 0.0453323089 -0.0126990434
  vertex -0.066478774 0.0452551544 -0.0127228359
  endloop
 endfacet

 facet normal -0.621890068 0.409057736 -0.66777581
  outer loop
  vertex -0.066490896 0.0453001633 -0.0126839746
  vertex -0.066478774 0.0452551544 -0.0127228359
  vertex -0.0665060505 0.0452615842 -0.0126934918
  endloop
 endfacet

 facet normal -0.633493543 0.41065681 -0.655779719
  outer loop
  vertex -0.066490896 0.0453001633 -0.0126839746
  vertex -0.0665060505 0.0452615842 -0.0126934918
  vertex -0.0665545538 0.0452272929 -0.0126681132
  endloop
 endfacet

 facet normal -0.62891233 0.393060774 -0.670799971
  outer loop
  vertex -0.0665545538 0.0452272929 -0.0126681132
  vertex -0.0665060505 0.0452615842 -0.0126934918
  vertex -0.066478774 0.0452551544 -0.0127228359
  endloop
 endfacet

 facet normal -0.629380107 0.330175936 -0.703466117
  outer loop
  vertex -0.0665545538 0.0452272929 -0.0126681132
  vertex -0.066478774 0.0452551544 -0.0127228359
  vertex -0.0664939284 0.0452144369 -0.0127283875
  endloop
 endfacet

 facet normal -0.643675566 0.288309187 -0.708914399
  outer loop
  vertex -0.0665545538 0.0452272929 -0.0126681132
  vertex -0.0664939284 0.0452144369 -0.0127283875
  vertex -0.0665060505 0.0451737195 -0.0127339391
  endloop
 endfacet

 facet normal -0.643656254 0.288335323 -0.708921373
  outer loop
  vertex -0.0665545538 0.0452272929 -0.0126681132
  vertex -0.0665060505 0.0451737195 -0.0127339391
  vertex -0.0665363669 0.0451801457 -0.0127038015
  endloop
 endfacet

 facet normal -0.70335722 0.236185968 -0.670451283
  outer loop
  vertex -0.0665545538 0.0452272929 -0.0126681132
  vertex -0.0665363669 0.0451801457 -0.0127038015
  vertex -0.066548489 0.0451372862 -0.012706181
  endloop
 endfacet

 facet normal -0.704675436 0.235598683 -0.669272602
  outer loop
  vertex -0.0665545538 0.0452272929 -0.0126681132
  vertex -0.066548489 0.0451372862 -0.012706181
  vertex -0.0665636435 0.0451865755 -0.0126728723
  endloop
 endfacet

 facet normal -0.726150751 0.217479557 -0.652232885
  outer loop
  vertex -0.0665636435 0.0451865755 -0.0126728723
  vertex -0.066548489 0.0451372862 -0.012706181
  vertex -0.0665757731 0.0451437123 -0.0126736648
  endloop
 endfacet

 facet normal -0.738777876 0.16718328 -0.652883708
  outer loop
  vertex -0.0665757731 0.0451437123 -0.0126736648
  vertex -0.066548489 0.0451372862 -0.012706181
  vertex -0.0697130933 0.0312799662 -0.0126736648
  endloop
 endfacet

 facet normal -0.736822486 0.166731268 -0.655204892
  outer loop
  vertex -0.0697130933 0.0312799662 -0.0126736648
  vertex -0.066548489 0.0451372862 -0.012706181
  vertex -0.0678185746 0.0395244919 -0.012706181
  endloop
 endfacet

 facet normal -0.72356379 0.163623884 -0.670583844
  outer loop
  vertex -0.0697130933 0.0312799662 -0.0126736648
  vertex -0.0678185746 0.0395244919 -0.012706181
  vertex -0.0708437487 0.0262801014 -0.0126736648
  endloop
 endfacet

 facet normal -0.713624954 0.160843343 -0.681812942
  outer loop
  vertex -0.0708437487 0.0262801014 -0.0126736648
  vertex -0.070837684 0.0262801014 -0.0126800099
  vertex -0.0714196786 0.0236676559 -0.0126871476
  endloop
 endfacet

 facet normal -0.737070501 0.165874436 -0.655143201
  outer loop
  vertex -0.0708437487 0.0262801014 -0.0126736648
  vertex -0.0714196786 0.0236676559 -0.0126871476
  vertex -0.071449995 0.0236676559 -0.0126530454
  endloop
 endfacet

 facet normal -0.767333865 0.173195168 -0.617415786
  outer loop
  vertex -0.0708437487 0.0262801014 -0.0126736648
  vertex -0.071449995 0.0236676559 -0.0126530454
  vertex -0.0714621171 0.0236676559 -0.0126379766
  endloop
 endfacet

 facet normal -0.713569522 0.161313623 -0.681759953
  outer loop
  vertex -0.0708437487 0.0262801014 -0.0126736648
  vertex -0.0678185746 0.0395244919 -0.012706181
  vertex -0.070837684 0.0262801014 -0.0126800099
  endloop
 endfacet

 facet normal 0.083771877 0.110078476 -0.990386367
  outer loop
  vertex -0.0661423057 0.0451351404 -0.012844177
  vertex -0.0661544278 0.045094423 -0.0128497286
  vertex -0.0661938339 0.0451029949 -0.012852109
  endloop
 endfacet

 facet normal 0.0667411685 0.136874259 -0.988337517
  outer loop
  vertex -0.0661423057 0.0451351404 -0.012844177
  vertex -0.0661938339 0.0451029949 -0.012852109
  vertex -0.0661877766 0.0451458544 -0.0128457639
  endloop
 endfacet

 facet normal -0.0077252835 0.147509471 -0.98903048
  outer loop
  vertex -0.0661877766 0.0451458544 -0.0128457639
  vertex -0.0661938339 0.0451029949 -0.012852109
  vertex -0.0662271753 0.04515443 -0.012844177
  endloop
 endfacet

 facet normal -0.039123334 0.127469599 -0.991070628
  outer loop
  vertex -0.0662271753 0.04515443 -0.012844177
  vertex -0.0661938339 0.0451029949 -0.012852109
  vertex -0.0662393048 0.0451137088 -0.012848936
  endloop
 endfacet

 facet normal -0.0995472521 0.144688517 -0.984457016
  outer loop
  vertex -0.0662271753 0.04515443 -0.012844177
  vertex -0.0662393048 0.0451137088 -0.012848936
  vertex -0.0662817433 0.0451222844 -0.0128433844
  endloop
 endfacet

 facet normal -0.11266958 0.16708447 -0.979483724
  outer loop
  vertex -0.0662271753 0.04515443 -0.012844177
  vertex -0.0662817433 0.0451222844 -0.0128433844
  vertex -0.0662696138 0.0451630019 -0.0128378328
  endloop
 endfacet

 facet normal -0.0993515551 0.225388795 -0.969190001
  outer loop
  vertex -0.0662271753 0.04515443 -0.012844177
  vertex -0.0662696138 0.0451630019 -0.0128378328
  vertex -0.0662574917 0.0452058651 -0.0128291082
  endloop
 endfacet

 facet normal -0.0472627692 0.255082905 -0.96576333
  outer loop
  vertex -0.0662271753 0.04515443 -0.012844177
  vertex -0.0662574917 0.0452058651 -0.0128291082
  vertex -0.0662180856 0.0451951474 -0.0128338672
  endloop
 endfacet

 facet normal -0.165304899 0.241411358 -0.956239939
  outer loop
  vertex -0.0662574917 0.0452058651 -0.0128291082
  vertex -0.0662696138 0.0451630019 -0.0128378328
  vertex -0.0663090199 0.0451737195 -0.0128283156
  endloop
 endfacet

 facet normal -0.186645672 0.275951564 -0.942875504
  outer loop
  vertex -0.0662574917 0.0452058651 -0.0128291082
  vertex -0.0663090199 0.0451737195 -0.0128283156
  vertex -0.0662968978 0.0452144369 -0.0128187984
  endloop
 endfacet

 facet normal -0.221574351 0.284012735 -0.932867408
  outer loop
  vertex -0.0662968978 0.0452144369 -0.0128187984
  vertex -0.0663090199 0.0451737195 -0.0128283156
  vertex -0.0663393363 0.0452230088 -0.0128061092
  endloop
 endfacet

 facet normal -0.199895531 0.359616011 -0.911437452
  outer loop
  vertex -0.0662968978 0.0452144369 -0.0128187984
  vertex -0.0663393363 0.0452230088 -0.0128061092
  vertex -0.0663241819 0.0452615842 -0.0127942134
  endloop
 endfacet

 facet normal -0.196496397 0.361565948 -0.911405087
  outer loop
  vertex -0.0662968978 0.0452144369 -0.0128187984
  vertex -0.0663241819 0.0452615842 -0.0127942134
  vertex -0.0662847757 0.0452530123 -0.0128061092
  endloop
 endfacet

 facet normal -0.174425527 0.428518236 -0.886537015
  outer loop
  vertex -0.0662847757 0.0452530123 -0.0128061092
  vertex -0.0663241819 0.0452615842 -0.0127942134
  vertex -0.0663059875 0.0453001633 -0.0127791446
  endloop
 endfacet

 facet normal -0.162513718 0.433725297 -0.886268377
  outer loop
  vertex -0.0662847757 0.0452530123 -0.0128061092
  vertex -0.0663059875 0.0453001633 -0.0127791446
  vertex -0.0662726462 0.0452915877 -0.0127894543
  endloop
 endfacet

 facet normal -0.141152889 0.487309545 -0.861745536
  outer loop
  vertex -0.0662726462 0.0452915877 -0.0127894543
  vertex -0.0663059875 0.0453001633 -0.0127791446
  vertex -0.0662938654 0.045338735 -0.0127593176
  endloop
 endfacet

 facet normal -0.227286607 0.500748575 -0.835219562
  outer loop
  vertex -0.0662938654 0.045338735 -0.0127593176
  vertex -0.0663059875 0.0453001633 -0.0127791446
  vertex -0.0663453937 0.0453087315 -0.0127632832
  endloop
 endfacet

 facet normal -0.255800962 0.544873357 -0.798547983
  outer loop
  vertex -0.0662938654 0.045338735 -0.0127593176
  vertex -0.0663453937 0.0453087315 -0.0127632832
  vertex -0.0663272068 0.0453451648 -0.0127442488
  endloop
 endfacet

 facet normal -0.224230617 0.612865925 -0.757704437
  outer loop
  vertex -0.0662938654 0.045338735 -0.0127593176
  vertex -0.0663272068 0.0453451648 -0.0127442488
  vertex -0.0663090199 0.0453773141 -0.0127236294
  endloop
 endfacet

 facet normal -0.204627857 0.6201877 -0.757294357
  outer loop
  vertex -0.0662938654 0.045338735 -0.0127593176
  vertex -0.0663090199 0.0453773141 -0.0127236294
  vertex -0.0662756786 0.0453708842 -0.0127379047
  endloop
 endfacet

 facet normal -0.300111115 0.55508852 -0.775764167
  outer loop
  vertex -0.0663272068 0.0453451648 -0.0127442488
  vertex -0.0663453937 0.0453087315 -0.0127632832
  vertex -0.0663787425 0.0453173071 -0.0127442488
  endloop
 endfacet

 facet normal -0.303679049 0.561687827 -0.769601107
  outer loop
  vertex -0.0663272068 0.0453451648 -0.0127442488
  vertex -0.0663787425 0.0453173071 -0.0127442488
  vertex -0.0663575232 0.0453515947 -0.0127275949
  endloop
 endfacet

 facet normal -0.347372234 0.574790597 -0.74091047
  outer loop
  vertex -0.0663575232 0.0453515947 -0.0127275949
  vertex -0.0663787425 0.0453173071 -0.0127442488
  vertex -0.0663908646 0.0453580245 -0.0127069755
  endloop
 endfacet

 facet normal -0.392478794 0.561842144 -0.728212774
  outer loop
  vertex -0.0663908646 0.0453580245 -0.0127069755
  vertex -0.0664090514 0.0453237332 -0.0127236294
  vertex -0.0664423928 0.0453323089 -0.0126990434
  endloop
 endfacet

 facet normal -0.403185487 0.592899919 -0.69707334
  outer loop
  vertex -0.0663908646 0.0453580245 -0.0127069755
  vertex -0.0664423928 0.0453323089 -0.0126990434
  vertex -0.066421181 0.0453644544 -0.0126839746
  endloop
 endfacet

 facet normal -0.381680191 0.559689403 -0.735573232
  outer loop
  vertex -0.0663908646 0.0453580245 -0.0127069755
  vertex -0.0663787425 0.0453173071 -0.0127442488
  vertex -0.0664090514 0.0453237332 -0.0127236294
  endloop
 endfacet

 facet normal -0.43447423 0.485587686 -0.758575559
  outer loop
  vertex -0.0664423928 0.0453323089 -0.0126990434
  vertex -0.0664090514 0.0453237332 -0.0127236294
  vertex -0.0664272383 0.0452851616 -0.0127379047
  endloop
 endfacet

 facet normal -0.477521986 0.46232757 -0.747145295
  outer loop
  vertex -0.0664423928 0.0453323089 -0.0126990434
  vertex -0.0664272383 0.0452851616 -0.0127379047
  vertex -0.0664484575 0.0452465825 -0.0127482144
  endloop
 endfacet

 facet normal -0.490150332 0.459510565 -0.740677238
  outer loop
  vertex -0.0664423928 0.0453323089 -0.0126990434
  vertex -0.0664484575 0.0452465825 -0.0127482144
  vertex -0.066478774 0.0452551544 -0.0127228359
  endloop
 endfacet

 facet normal 0.0634438917 0.0373900309 -0.99728477
  outer loop
  vertex -0.066163525 0.0450515598 -0.012852109
  vertex -0.0662059635 0.0450601317 -0.0128544867
  vertex -0.0661938339 0.0451029949 -0.012852109
  endloop
 endfacet

 facet normal 0.0690640062 0.0407021865 -0.996781588
  outer loop
  vertex -0.066163525 0.0450515598 -0.012852109
  vertex -0.0661938339 0.0451029949 -0.012852109
  vertex -0.0661544278 0.045094423 -0.0128497286
  endloop
 endfacet

 facet normal 0.121167094 -0.0273782238 -0.992254496
  outer loop
  vertex -0.066163525 0.0450515598 -0.012852109
  vertex -0.0709498376 0.0236676559 -0.0128465565
  vertex -0.0709953085 0.0236676559 -0.012852109
  endloop
 endfacet

 facet normal 0.0535168014 -0.0120923501 -0.998493791
  outer loop
  vertex -0.066163525 0.0450515598 -0.012852109
  vertex -0.0709953085 0.0236676559 -0.012852109
  vertex -0.0662059635 0.0450601317 -0.0128544867
  endloop
 endfacet

 facet normal -0.556434453 0.312101096 -0.770047784
  outer loop
  vertex -0.066478774 0.0452551544 -0.0127228359
  vertex -0.0664484575 0.0452465825 -0.0127482144
  vertex -0.0664939284 0.0452144369 -0.0127283875
  endloop
 endfacet

 facet normal -0.541256905 0.275608838 -0.794405878
  outer loop
  vertex -0.0664939284 0.0452144369 -0.0127283875
  vertex -0.0664484575 0.0452465825 -0.0127482144
  vertex -0.0664575547 0.0452058651 -0.0127561456
  endloop
 endfacet

 facet normal -0.543061376 0.270095885 -0.795067728
  outer loop
  vertex -0.0664939284 0.0452144369 -0.0127283875
  vertex -0.0664575547 0.0452058651 -0.0127561456
  vertex -0.0665060505 0.0451737195 -0.0127339391
  endloop
 endfacet

 facet normal -0.662026107 0.226928279 -0.714300394
  outer loop
  vertex -0.0665363669 0.0451801457 -0.0127038015
  vertex -0.0665060505 0.0451737195 -0.0127339391
  vertex -0.066548489 0.0451372862 -0.012706181
  endloop
 endfacet

 facet normal -0.634771466 0.164118856 -0.755069673
  outer loop
  vertex -0.066548489 0.0451372862 -0.012706181
  vertex -0.0665060505 0.0451737195 -0.0127339391
  vertex -0.0664848313 0.0451244265 -0.0127624907
  endloop
 endfacet

 facet normal -0.639037311 0.144665137 -0.755448997
  outer loop
  vertex -0.066548489 0.0451372862 -0.012706181
  vertex -0.0664848313 0.0451244265 -0.0127624907
  vertex -0.0707770586 0.0262801014 -0.0127402842
  endloop
 endfacet

 facet normal -0.655608356 0.1483538 -0.740384221
  outer loop
  vertex -0.066548489 0.0451372862 -0.012706181
  vertex -0.0707770586 0.0262801014 -0.0127402842
  vertex -0.0678185746 0.0395244919 -0.012706181
  endloop
 endfacet

 facet normal -0.658600032 0.149014875 -0.737591028
  outer loop
  vertex -0.0678185746 0.0395244919 -0.012706181
  vertex -0.0707770586 0.0262801014 -0.0127402842
  vertex -0.0696706623 0.0312799662 -0.0127180777
  endloop
 endfacet

 facet normal -0.709206462 0.160309643 -0.686532676
  outer loop
  vertex -0.0678185746 0.0395244919 -0.012706181
  vertex -0.0696706623 0.0312799662 -0.0127180777
  vertex -0.070837684 0.0262801014 -0.0126800099
  endloop
 endfacet

 facet normal -0.705106795 0.159075558 -0.69102788
  outer loop
  vertex -0.070837684 0.0262801014 -0.0126800099
  vertex -0.070807375 0.0262801014 -0.0127109401
  vertex -0.0713742152 0.0236676559 -0.0127339391
  endloop
 endfacet

 facet normal -0.707974374 0.159601301 -0.687967896
  outer loop
  vertex -0.070837684 0.0262801014 -0.0126800099
  vertex -0.0713742152 0.0236676559 -0.0127339391
  vertex -0.0714196786 0.0236676559 -0.0126871476
  endloop
 endfacet

 facet normal -0.705079496 0.159312338 -0.691001117
  outer loop
  vertex -0.070837684 0.0262801014 -0.0126800099
  vertex -0.0696706623 0.0312799662 -0.0127180777
  vertex -0.070807375 0.0262801014 -0.0127109401
  endloop
 endfacet

 facet normal -0.0453324281 0.0681241453 -0.996646404
  outer loop
  vertex -0.0661938339 0.0451029949 -0.012852109
  vertex -0.0662059635 0.0450601317 -0.0128544867
  vertex -0.0662453696 0.0450687036 -0.012852109
  endloop
 endfacet

 facet normal -0.0513137802 0.0771127343 -0.995701134
  outer loop
  vertex -0.0661938339 0.0451029949 -0.012852109
  vertex -0.0662453696 0.0450687036 -0.012852109
  vertex -0.0662393048 0.0451137088 -0.012848936
  endloop
 endfacet

 facet normal -0.112348393 0.0849356875 -0.990032196
  outer loop
  vertex -0.0662393048 0.0451137088 -0.012848936
  vertex -0.0662453696 0.0450687036 -0.012852109
  vertex -0.0662817433 0.0451222844 -0.0128433844
  endloop
 endfacet

 facet normal -0.119198859 0.0802185982 -0.9896245
  outer loop
  vertex -0.0662817433 0.0451222844 -0.0128433844
  vertex -0.0662453696 0.0450687036 -0.012852109
  vertex -0.0662908331 0.0450794213 -0.0128457639
  endloop
 endfacet

 facet normal -0.199225888 0.0963951498 -0.97520107
  outer loop
  vertex -0.0662817433 0.0451222844 -0.0128433844
  vertex -0.0662908331 0.0450794213 -0.0128457639
  vertex -0.0663332716 0.0450879931 -0.0128362468
  endloop
 endfacet

 facet normal -0.209900424 0.113282256 -0.97113806
  outer loop
  vertex -0.0662817433 0.0451222844 -0.0128433844
  vertex -0.0663332716 0.0450879931 -0.0128362468
  vertex -0.0663211495 0.0451308563 -0.0128338672
  endloop
 endfacet

 facet normal -0.19382447 0.179740131 -0.964430213
  outer loop
  vertex -0.0662817433 0.0451222844 -0.0128433844
  vertex -0.0663211495 0.0451308563 -0.0128338672
  vertex -0.0663090199 0.0451737195 -0.0128283156
  endloop
 endfacet

 facet normal -0.182595834 0.185990512 -0.965435863
  outer loop
  vertex -0.0662817433 0.0451222844 -0.0128433844
  vertex -0.0663090199 0.0451737195 -0.0128283156
  vertex -0.0662696138 0.0451630019 -0.0128378328
  endloop
 endfacet

 facet normal -0.252444357 0.194185719 -0.947925985
  outer loop
  vertex -0.0663090199 0.0451737195 -0.0128283156
  vertex -0.0663211495 0.0451308563 -0.0128338672
  vertex -0.0663605556 0.0451415703 -0.012821178
  endloop
 endfacet

 facet normal -0.259102404 0.205803543 -0.943668842
  outer loop
  vertex -0.0663090199 0.0451737195 -0.0128283156
  vertex -0.0663605556 0.0451415703 -0.012821178
  vertex -0.066348426 0.0451822914 -0.0128156263
  endloop
 endfacet

 facet normal -0.240956828 0.271594167 -0.931759834
  outer loop
  vertex -0.0663090199 0.0451737195 -0.0128283156
  vertex -0.066348426 0.0451822914 -0.0128156263
  vertex -0.0663393363 0.0452230088 -0.0128061092
  endloop
 endfacet

 facet normal -0.301107347 0.280285686 -0.911468208
  outer loop
  vertex -0.0663393363 0.0452230088 -0.0128061092
  vertex -0.066348426 0.0451822914 -0.0128156263
  vertex -0.0663908646 0.0451908596 -0.0127989715
  endloop
 endfacet

 facet normal -0.327927709 0.329032362 -0.885551333
  outer loop
  vertex -0.0663393363 0.0452230088 -0.0128061092
  vertex -0.0663908646 0.0451908596 -0.0127989715
  vertex -0.0663757101 0.0452315807 -0.0127894543
  endloop
 endfacet

 facet normal -0.310768604 0.376746058 -0.872631311
  outer loop
  vertex -0.0663393363 0.0452230088 -0.0128061092
  vertex -0.0663757101 0.0452315807 -0.0127894543
  vertex -0.0663575232 0.0452722982 -0.012778352
  endloop
 endfacet

 facet normal -0.292681634 0.384928405 -0.875310063
  outer loop
  vertex -0.0663393363 0.0452230088 -0.0128061092
  vertex -0.0663575232 0.0452722982 -0.012778352
  vertex -0.0663241819 0.0452615842 -0.0127942134
  endloop
 endfacet

 facet normal -0.265255988 0.442576885 -0.856600881
  outer loop
  vertex -0.0663241819 0.0452615842 -0.0127942134
  vertex -0.0663575232 0.0452722982 -0.012778352
  vertex -0.0663453937 0.0453087315 -0.0127632832
  endloop
 endfacet

 facet normal -0.246982232 0.451373577 -0.857474089
  outer loop
  vertex -0.0663241819 0.0452615842 -0.0127942134
  vertex -0.0663453937 0.0453087315 -0.0127632832
  vertex -0.0663059875 0.0453001633 -0.0127791446
  endloop
 endfacet

 facet normal -0.340297669 0.453873038 -0.823527038
  outer loop
  vertex -0.0663453937 0.0453087315 -0.0127632832
  vertex -0.0663575232 0.0452722982 -0.012778352
  vertex -0.0663969293 0.045278728 -0.0127585251
  endloop
 endfacet

 facet normal -0.345828801 0.4647035 -0.815140009
  outer loop
  vertex -0.0663453937 0.0453087315 -0.0127632832
  vertex -0.0663969293 0.045278728 -0.0127585251
  vertex -0.0663787425 0.0453173071 -0.0127442488
  endloop
 endfacet

 facet normal -0.420348465 0.482543945 -0.768413007
  outer loop
  vertex -0.0663787425 0.0453173071 -0.0127442488
  vertex -0.0663969293 0.045278728 -0.0127585251
  vertex -0.0664272383 0.0452851616 -0.0127379047
  endloop
 endfacet

 facet normal -0.420360655 0.482566476 -0.768392205
  outer loop
  vertex -0.0663787425 0.0453173071 -0.0127442488
  vertex -0.0664272383 0.0452851616 -0.0127379047
  vertex -0.0664090514 0.0453237332 -0.0127236294
  endloop
 endfacet

 facet normal -0.435807884 0.448285908 -0.780455828
  outer loop
  vertex -0.0664272383 0.0452851616 -0.0127379047
  vertex -0.0663969293 0.045278728 -0.0127585251
  vertex -0.0664484575 0.0452465825 -0.0127482144
  endloop
 endfacet

 facet normal -0.405193329 0.38332665 -0.829987407
  outer loop
  vertex -0.0664484575 0.0452465825 -0.0127482144
  vertex -0.0663969293 0.045278728 -0.0127585251
  vertex -0.0664090514 0.0452401526 -0.0127704209
  endloop
 endfacet

 facet normal -0.419951051 0.3368451 -0.842719734
  outer loop
  vertex -0.0664484575 0.0452465825 -0.0127482144
  vertex -0.0664090514 0.0452401526 -0.0127704209
  vertex -0.0664242059 0.0451994352 -0.0127791446
  endloop
 endfacet

 facet normal -0.498604625 0.28140682 -0.819880247
  outer loop
  vertex -0.0664484575 0.0452465825 -0.0127482144
  vertex -0.0664242059 0.0451994352 -0.0127791446
  vertex -0.0664393678 0.0451587178 -0.0127839027
  endloop
 endfacet

 facet normal -0.522331119 0.273940653 -0.807543695
  outer loop
  vertex -0.0664484575 0.0452465825 -0.0127482144
  vertex -0.0664393678 0.0451587178 -0.0127839027
  vertex -0.0664575547 0.0452058651 -0.0127561456
  endloop
 endfacet

 facet normal 0.053111732 -0.0120016672 -0.9985165
  outer loop
  vertex -0.0662059635 0.0450601317 -0.0128544867
  vertex -0.0709953085 0.0236676559 -0.012852109
  vertex -0.0704496875 0.0262801014 -0.0128544867
  endloop
 endfacet

 facet normal 0 0 -1
  outer loop
  vertex -0.0662059635 0.0450601317 -0.0128544867
  vertex -0.0704496875 0.0262801014 -0.0128544867
  vertex -0.0710468367 0.0236676559 -0.0128544867
  endloop
 endfacet

 facet normal -0.0531108491 0.0120183928 -0.998516321
  outer loop
  vertex -0.0662059635 0.0450601317 -0.0128544867
  vertex -0.0710468367 0.0236676559 -0.0128544867
  vertex -0.0675033256 0.0395244919 -0.012852109
  endloop
 endfacet

 facet normal -0.0574148148 0.0130272061 -0.998265445
  outer loop
  vertex -0.0662059635 0.0450601317 -0.0128544867
  vertex -0.0675033256 0.0395244919 -0.012852109
  vertex -0.0662453696 0.0450687036 -0.012852109
  endloop
 endfacet

 facet normal 0.0522319451 -0.0118179619 -0.998565137
  outer loop
  vertex -0.0709953085 0.0236676559 -0.012852109
  vertex -0.0710256174 0.0236676559 -0.0128536941
  vertex -0.0704496875 0.0262801014 -0.0128544867
  endloop
 endfacet

 facet normal -0.539207339 0.263017535 -0.800048292
  outer loop
  vertex -0.0664575547 0.0452058651 -0.0127561456
  vertex -0.0664393678 0.0451587178 -0.0127839027
  vertex -0.0664727092 0.0451651439 -0.0127593176
  endloop
 endfacet

 facet normal -0.540462613 0.26340872 -0.799072027
  outer loop
  vertex -0.0664575547 0.0452058651 -0.0127561456
  vertex -0.0664727092 0.0451651439 -0.0127593176
  vertex -0.0665060505 0.0451737195 -0.0127339391
  endloop
 endfacet

 facet normal -0.552223802 0.226955682 -0.802209496
  outer loop
  vertex -0.0665060505 0.0451737195 -0.0127339391
  vertex -0.0664727092 0.0451651439 -0.0127593176
  vertex -0.0664848313 0.0451244265 -0.0127624907
  endloop
 endfacet

 facet normal -0.549432218 0.226288244 -0.80431211
  outer loop
  vertex -0.0664848313 0.0451244265 -0.0127624907
  vertex -0.0664727092 0.0451651439 -0.0127593176
  vertex -0.0664393678 0.0451587178 -0.0127839027
  endloop
 endfacet

 facet normal -0.505666912 0.138795674 -0.851490974
  outer loop
  vertex -0.0664848313 0.0451244265 -0.0127624907
  vertex -0.0664393678 0.0451587178 -0.0127839027
  vertex -0.0664484575 0.0451158546 -0.0127854897
  endloop
 endfacet

 facet normal -0.511200249 0.115706459 -0.851637363
  outer loop
  vertex -0.0664848313 0.0451244265 -0.0127624907
  vertex -0.0664484575 0.0451158546 -0.0127854897
  vertex -0.0695827529 0.0312799662 -0.0127839027
  endloop
 endfacet

 facet normal -0.537134051 0.121483363 -0.834702909
  outer loop
  vertex -0.0664848313 0.0451244265 -0.0127624907
  vertex -0.0695827529 0.0312799662 -0.0127839027
  vertex -0.0707406849 0.0262801014 -0.0127664553
  endloop
 endfacet

 facet normal -0.579006374 0.130933627 -0.804741025
  outer loop
  vertex -0.0664848313 0.0451244265 -0.0127624907
  vertex -0.0707406849 0.0262801014 -0.0127664553
  vertex -0.0707770586 0.0262801014 -0.0127402842
  endloop
 endfacet

 facet normal -0.579028726 0.130644262 -0.8047719
  outer loop
  vertex -0.0707770586 0.0262801014 -0.0127402842
  vertex -0.0707406849 0.0262801014 -0.0127664553
  vertex -0.0713378415 0.0236676559 -0.0127609037
  endloop
 endfacet

 facet normal -0.590236545 0.132982463 -0.796201348
  outer loop
  vertex -0.0707770586 0.0262801014 -0.0127402842
  vertex -0.0713378415 0.0236676559 -0.0127609037
  vertex -0.0713742152 0.0236676559 -0.0127339391
  endloop
 endfacet

 facet normal -0.677554548 0.153128266 -0.719355047
  outer loop
  vertex -0.0707770586 0.0262801014 -0.0127402842
  vertex -0.0713742152 0.0236676559 -0.0127339391
  vertex -0.0696706623 0.0312799662 -0.0127180777
  endloop
 endfacet

 facet normal -0.693602085 0.156685695 -0.703111589
  outer loop
  vertex -0.0696706623 0.0312799662 -0.0127180777
  vertex -0.0713742152 0.0236676559 -0.0127339391
  vertex -0.070807375 0.0262801014 -0.0127109401
  endloop
 endfacet

 facet normal -0.131262705 0.0297830179 -0.990900159
  outer loop
  vertex -0.0662453696 0.0450687036 -0.012852109
  vertex -0.0675033256 0.0395244919 -0.012852109
  vertex -0.0662908331 0.0450794213 -0.0128457639
  endloop
 endfacet

 facet normal -0.14208971 0.032144472 -0.989331722
  outer loop
  vertex -0.0662908331 0.0450794213 -0.0128457639
  vertex -0.0675033256 0.0395244919 -0.012852109
  vertex -0.0711347461 0.0236676559 -0.0128457639
  endloop
 endfacet

 facet normal -0.209456667 0.0473846719 -0.976669192
  outer loop
  vertex -0.0662908331 0.0450794213 -0.0128457639
  vertex -0.0711347461 0.0236676559 -0.0128457639
  vertex -0.0663332716 0.0450879931 -0.0128362468
  endloop
 endfacet

 facet normal -0.31900692 0.102552406 -0.942187726
  outer loop
  vertex -0.0663332716 0.0450879931 -0.0128362468
  vertex -0.0663696453 0.0450987071 -0.0128227649
  vertex -0.0663605556 0.0451415703 -0.012821178
  endloop
 endfacet

 facet normal -0.27176705 0.129807159 -0.953568399
  outer loop
  vertex -0.0663332716 0.0450879931 -0.0128362468
  vertex -0.0663605556 0.0451415703 -0.012821178
  vertex -0.0663211495 0.0451308563 -0.0128338672
  endloop
 endfacet

 facet normal -0.220370144 0.0498298593 -0.974142671
  outer loop
  vertex -0.0663332716 0.0450879931 -0.0128362468
  vertex -0.0711347461 0.0236676559 -0.0128457639
  vertex -0.0705860928 0.0262801014 -0.0128362468
  endloop
 endfacet

 facet normal -0.29973048 0.0677747279 -0.951613545
  outer loop
  vertex -0.0663332716 0.0450879931 -0.0128362468
  vertex -0.0705860928 0.0262801014 -0.0128362468
  vertex -0.0712196156 0.0236676559 -0.0128227649
  endloop
 endfacet

 facet normal -0.303352326 0.0686016977 -0.950405777
  outer loop
  vertex -0.0663332716 0.0450879931 -0.0128362468
  vertex -0.0712196156 0.0236676559 -0.0128227649
  vertex -0.0676336735 0.0395244919 -0.0128227649
  endloop
 endfacet

 facet normal -0.32728675 0.0742164254 -0.942006052
  outer loop
  vertex -0.0663332716 0.0450879931 -0.0128362468
  vertex -0.0676336735 0.0395244919 -0.0128227649
  vertex -0.0663696453 0.0450987071 -0.0128227649
  endloop
 endfacet

 facet normal -0.366111457 0.111865968 -0.923822761
  outer loop
  vertex -0.0663605556 0.0451415703 -0.012821178
  vertex -0.0663696453 0.0450987071 -0.0128227649
  vertex -0.0664090514 0.0451072827 -0.0128061092
  endloop
 endfacet

 facet normal -0.381940186 0.13869442 -0.913720727
  outer loop
  vertex -0.0663605556 0.0451415703 -0.012821178
  vertex -0.0664090514 0.0451072827 -0.0128061092
  vertex -0.0663999617 0.0451480001 -0.0128037306
  endloop
 endfacet

 facet normal -0.373487294 0.180267021 -0.90995115
  outer loop
  vertex -0.0663605556 0.0451415703 -0.012821178
  vertex -0.0663999617 0.0451480001 -0.0128037306
  vertex -0.0663908646 0.0451908596 -0.0127989715
  endloop
 endfacet

 facet normal -0.317488074 0.220278233 -0.922322512
  outer loop
  vertex -0.0663605556 0.0451415703 -0.012821178
  vertex -0.0663908646 0.0451908596 -0.0127989715
  vertex -0.066348426 0.0451822914 -0.0128156263
  endloop
 endfacet

 facet normal -0.40117991 0.184724405 -0.897179842
  outer loop
  vertex -0.0663908646 0.0451908596 -0.0127989715
  vertex -0.0663999617 0.0451480001 -0.0128037306
  vertex -0.0664393678 0.0451587178 -0.0127839027
  endloop
 endfacet

 facet normal -0.441713423 0.264597714 -0.857249916
  outer loop
  vertex -0.0663908646 0.0451908596 -0.0127989715
  vertex -0.0664393678 0.0451587178 -0.0127839027
  vertex -0.0664242059 0.0451994352 -0.0127791446
  endloop
 endfacet

 facet normal -0.416097879 0.335900515 -0.845004976
  outer loop
  vertex -0.0663908646 0.0451908596 -0.0127989715
  vertex -0.0664242059 0.0451994352 -0.0127791446
  vertex -0.0664090514 0.0452401526 -0.0127704209
  endloop
 endfacet

 facet normal -0.396343648 0.346258461 -0.850303888
  outer loop
  vertex -0.0663908646 0.0451908596 -0.0127989715
  vertex -0.0664090514 0.0452401526 -0.0127704209
  vertex -0.0663757101 0.0452315807 -0.0127894543
  endloop
 endfacet

 facet normal -0.382917017 0.380027294 -0.841993988
  outer loop
  vertex -0.0663757101 0.0452315807 -0.0127894543
  vertex -0.0664090514 0.0452401526 -0.0127704209
  vertex -0.0663969293 0.045278728 -0.0127585251
  endloop
 endfacet

 facet normal -0.361601949 0.39214927 -0.845850468
  outer loop
  vertex -0.0663757101 0.0452315807 -0.0127894543
  vertex -0.0663969293 0.045278728 -0.0127585251
  vertex -0.0663575232 0.0452722982 -0.012778352
  endloop
 endfacet

 facet normal -0.413024843 0.144784868 -0.899137259
  outer loop
  vertex -0.0664393678 0.0451587178 -0.0127839027
  vertex -0.0663999617 0.0451480001 -0.0128037306
  vertex -0.0664090514 0.0451072827 -0.0128061092
  endloop
 endfacet

 facet normal -0.438300848 0.125927836 -0.889963269
  outer loop
  vertex -0.0664393678 0.0451587178 -0.0127839027
  vertex -0.0664090514 0.0451072827 -0.0128061092
  vertex -0.0664484575 0.0451158546 -0.0127854897
  endloop
 endfacet

 facet normal 0.0373342149 -0.0085338559 -0.999266386
  outer loop
  vertex -0.0704496875 0.0262801014 -0.0128544867
  vertex -0.0710256174 0.0236676559 -0.0128536941
  vertex -0.0710468367 0.0236676559 -0.0128544867
  endloop
 endfacet

 facet normal -0.0602395162 0.0135598443 -0.998091877
  outer loop
  vertex -0.0710468367 0.0236676559 -0.0128544867
  vertex -0.0710862428 0.0236676559 -0.012852109
  vertex -0.0704981834 0.0262801014 -0.012852109
  endloop
 endfacet

 facet normal -0.0564232618 0.0127585866 -0.998325467
  outer loop
  vertex -0.0710468367 0.0236676559 -0.0128544867
  vertex -0.0704981834 0.0262801014 -0.012852109
  vertex -0.0675033256 0.0395244919 -0.012852109
  endloop
 endfacet

 facet normal -0.137089714 0.0309991129 -0.990073562
  outer loop
  vertex -0.0675033256 0.0395244919 -0.012852109
  vertex -0.0704981834 0.0262801014 -0.012852109
  vertex -0.0711347461 0.0236676559 -0.0128457639
  endloop
 endfacet

 facet normal -0.444029212 0.100534633 -0.890354395
  outer loop
  vertex -0.0664484575 0.0451158546 -0.0127854897
  vertex -0.0664090514 0.0451072827 -0.0128061092
  vertex -0.0676730797 0.0395244919 -0.0128061092
  endloop
 endfacet

 facet normal -0.449189126 0.101654723 -0.887634754
  outer loop
  vertex -0.0664484575 0.0451158546 -0.0127854897
  vertex -0.0676730797 0.0395244919 -0.0128061092
  vertex -0.0695827529 0.0312799662 -0.0127839027
  endloop
 endfacet

 facet normal -0.44715327 0.101128325 -0.888722122
  outer loop
  vertex -0.0695827529 0.0312799662 -0.0127839027
  vertex -0.0695433468 0.0312799662 -0.0128037306
  vertex -0.0707103685 0.0262801014 -0.0127854897
  endloop
 endfacet

 facet normal -0.527976871 0.119341239 -0.840831876
  outer loop
  vertex -0.0695827529 0.0312799662 -0.0127839027
  vertex -0.0707103685 0.0262801014 -0.0127854897
  vertex -0.0707406849 0.0262801014 -0.0127664553
  endloop
 endfacet

 facet normal -0.447150916 0.101179697 -0.888717413
  outer loop
  vertex -0.0695827529 0.0312799662 -0.0127839027
  vertex -0.0676730797 0.0395244919 -0.0128061092
  vertex -0.0695433468 0.0312799662 -0.0128037306
  endloop
 endfacet

 facet normal -0.528004587 0.118904471 -0.840876222
  outer loop
  vertex -0.0707406849 0.0262801014 -0.0127664553
  vertex -0.0707103685 0.0262801014 -0.0127854897
  vertex -0.0713378415 0.0236676559 -0.0127609037
  endloop
 endfacet

 facet normal -0.509871721 0.114438877 -0.852604568
  outer loop
  vertex -0.0713378415 0.0236676559 -0.0127609037
  vertex -0.0707103685 0.0262801014 -0.0127854897
  vertex -0.0712954029 0.0236676559 -0.0127862822
  endloop
 endfacet

 facet normal -0.129666299 0.0291877296 -0.991128087
  outer loop
  vertex -0.0711347461 0.0236676559 -0.0128457639
  vertex -0.0704981834 0.0262801014 -0.012852109
  vertex -0.0710862428 0.0236676559 -0.012852109
  endloop
 endfacet

 facet normal -0.26110059 0.0583452657 -0.963546693
  outer loop
  vertex -0.0711347461 0.0236676559 -0.0128457639
  vertex -0.0712196156 0.0236676559 -0.0128227649
  vertex -0.0705860928 0.0262801014 -0.0128362468
  endloop
 endfacet

 facet normal -0.372274667 0.0844179913 -0.924275517
  outer loop
  vertex -0.0663696453 0.0450987071 -0.0128227649
  vertex -0.0676336735 0.0395244919 -0.0128227649
  vertex -0.0664090514 0.0451072827 -0.0128061092
  endloop
 endfacet

 facet normal -0.414486647 0.0933006257 -0.905260086
  outer loop
  vertex -0.0712196156 0.0236676559 -0.0128227649
  vertex -0.0712559968 0.0236676559 -0.0128061092
  vertex -0.0706679374 0.0262801014 -0.0128061092
  endloop
 endfacet

 facet normal -0.392772526 0.0887793899 -0.915340364
  outer loop
  vertex -0.0712196156 0.0236676559 -0.0128227649
  vertex -0.0706679374 0.0262801014 -0.0128061092
  vertex -0.0695433468 0.0312799662 -0.0128037306
  endloop
 endfacet

 facet normal -0.386500418 0.0874052346 -0.918138206
  outer loop
  vertex -0.0712196156 0.0236676559 -0.0128227649
  vertex -0.0695433468 0.0312799662 -0.0128037306
  vertex -0.0676336735 0.0395244919 -0.0128227649
  endloop
 endfacet

 facet normal -0.387803078 0.0877083167 -0.917559803
  outer loop
  vertex -0.0676336735 0.0395244919 -0.0128227649
  vertex -0.0695433468 0.0312799662 -0.0128037306
  vertex -0.0676730797 0.0395244919 -0.0128061092
  endloop
 endfacet

 facet normal -0.387799799 0.0878034681 -0.917552114
  outer loop
  vertex -0.0676336735 0.0395244919 -0.0128227649
  vertex -0.0676730797 0.0395244919 -0.0128061092
  vertex -0.0664090514 0.0451072827 -0.0128061092
  endloop
 endfacet

 facet normal -0.434922338 0.098250255 -0.895091951
  outer loop
  vertex -0.0695433468 0.0312799662 -0.0128037306
  vertex -0.0706679374 0.0262801014 -0.0128061092
  vertex -0.0707103685 0.0262801014 -0.0127854897
  endloop
 endfacet

 facet normal -0.434937209 0.0979040265 -0.895122647
  outer loop
  vertex -0.0707103685 0.0262801014 -0.0127854897
  vertex -0.0706679374 0.0262801014 -0.0128061092
  vertex -0.0712559968 0.0236676559 -0.0128061092
  endloop
 endfacet

 facet normal -0.447194695 0.10041403 -0.888782382
  outer loop
  vertex -0.0707103685 0.0262801014 -0.0127854897
  vertex -0.0712559968 0.0236676559 -0.0128061092
  vertex -0.0712954029 0.0236676559 -0.0127862822
  endloop
 endfacet

endsolid AssimpScene
