solid AssimpScene
 facet normal -0.00821376871 -0.917012811 -0.398773283
  outer loop
  vertex 0.00780869275 -0.0273763705 -0.022674378
  vertex 0.00716496585 -0.0273706056 -0.022674378
  vertex 0.00716496585 -0.0271053724 -0.023284303
  endloop
 endfacet

 facet normal -0.00389220472 -0.91536653 -0.402602851
  outer loop
  vertex 0.00780869275 -0.0273763705 -0.022674378
  vertex 0.00716496585 -0.0271053724 -0.023284303
  vertex 0.00780869275 -0.0271053724 -0.0232905261
  endloop
 endfacet

 facet normal -0.00153906504 -0.915372372 -0.402605474
  outer loop
  vertex 0.00780869275 -0.0273763705 -0.022674378
  vertex 0.00780869275 -0.0271053724 -0.0232905261
  vertex 0.0112380236 -0.0271111391 -0.0232905261
  endloop
 endfacet

 facet normal 0 -0.918512821 -0.395391226
  outer loop
  vertex 0.00780869275 -0.0273763705 -0.022674378
  vertex 0.0112380236 -0.0271111391 -0.0232905261
  vertex 0.014089549 -0.0271111391 -0.0232905261
  endloop
 endfacet

 facet normal 0 -0.918512821 -0.395391226
  outer loop
  vertex 0.00780869275 -0.0273763705 -0.022674378
  vertex 0.014089549 -0.0271111391 -0.0232905261
  vertex 0.014089549 -0.0273763705 -0.022674378
  endloop
 endfacet

 facet normal 0 -1 0
  outer loop
  vertex 0.00780869275 -0.0273763705 -0.022674378
  vertex 0.014089549 -0.0273763705 -0.022674378
  vertex 0.0182272363 -0.0273763705 -0.0226681549
  endloop
 endfacet

 facet normal 0 -1 0
  outer loop
  vertex 0.00780869275 -0.0273763705 -0.022674378
  vertex 0.0182272363 -0.0273763705 -0.0226681549
  vertex 0.0191281959 -0.0273763705 -0.0184982736
  endloop
 endfacet

 facet normal 0 -1 0
  outer loop
  vertex 0.00780869275 -0.0273763705 -0.022674378
  vertex 0.0191281959 -0.0273763705 -0.0184982736
  vertex 0.0191281959 -0.0273763705 -0.00614422141
  endloop
 endfacet

 facet normal 0 -1 0
  outer loop
  vertex 0.00780869275 -0.0273763705 -0.022674378
  vertex 0.0191281959 -0.0273763705 -0.00614422141
  vertex 0.0191256106 -0.0273763705 0.0181966852
  endloop
 endfacet

 facet normal 0 -1 0
  outer loop
  vertex 0.00780869275 -0.0273763705 -0.022674378
  vertex 0.0191256106 -0.0273763705 0.0181966852
  vertex 0.0155527992 -0.0273763705 0.0181966852
  endloop
 endfacet

 facet normal 0 -1 0
  outer loop
  vertex 0.00780869275 -0.0273763705 -0.022674378
  vertex 0.0155527992 -0.0273763705 0.0181966852
  vertex 0.00780998496 -0.0273763705 0.00794624444
  endloop
 endfacet

 facet normal 0 -1 0
  outer loop
  vertex 0.00780869275 -0.0273763705 -0.022674378
  vertex 0.00780998496 -0.0273763705 0.00794624444
  vertex 0.00780869275 -0.0273763705 0.00289882091
  endloop
 endfacet

 facet normal -0.00895673316 -0.999959886 0
  outer loop
  vertex 0.00780869275 -0.0273763705 -0.022674378
  vertex 0.00780869275 -0.0273763705 0.00289882091
  vertex 0.00716496585 -0.0273706056 -0.006156669
  endloop
 endfacet

 facet normal -0.00895673316 -0.999959886 0
  outer loop
  vertex 0.00780869275 -0.0273763705 -0.022674378
  vertex 0.00716496585 -0.0273706056 -0.006156669
  vertex 0.00716496585 -0.0273706056 -0.022674378
  endloop
 endfacet

 facet normal -1 0 0
  outer loop
  vertex 0.00716496585 -0.0273706056 -0.022674378
  vertex 0.00716496585 -0.0273706056 -0.006156669
  vertex 0.00716496585 -0.01304226 -0.006156669
  endloop
 endfacet

 facet normal -1 0 0
  outer loop
  vertex 0.00716496585 -0.0273706056 -0.022674378
  vertex 0.00716496585 -0.01304226 -0.006156669
  vertex 0.00716496585 -0.0109953545 -0.00618156325
  endloop
 endfacet

 facet normal -1 0 0
  outer loop
  vertex 0.00716496585 -0.0273706056 -0.022674378
  vertex 0.00716496585 -0.0109953545 -0.00618156325
  vertex 0.00716496585 -0.0109953545 -0.0235892627
  endloop
 endfacet

 facet normal -1 0 0
  outer loop
  vertex 0.00716496585 -0.0273706056 -0.022674378
  vertex 0.00716496585 -0.0109953545 -0.0235892627
  vertex 0.00716496585 -0.0265345443 -0.0235892627
  endloop
 endfacet

 facet normal -1 0 0
  outer loop
  vertex 0.00716496585 -0.0273706056 -0.022674378
  vertex 0.00716496585 -0.0265345443 -0.0235892627
  vertex 0.00716496585 -0.0271053724 -0.023284303
  endloop
 endfacet

 facet normal -0.00852670893 -0.471194863 -0.881987929
  outer loop
  vertex 0.00716496585 -0.0271053724 -0.023284303
  vertex 0.00716496585 -0.0265345443 -0.0235892627
  vertex 0.00780869275 -0.0271053724 -0.0232905261
  endloop
 endfacet

 facet normal -0.000780772301 -0.464371175 -0.885640323
  outer loop
  vertex 0.00780869275 -0.0271053724 -0.0232905261
  vertex 0.00716496585 -0.0265345443 -0.0235892627
  vertex 0.0112380236 -0.0271111391 -0.0232905261
  endloop
 endfacet

 facet normal -0.000198906273 -0.461136043 -0.887329459
  outer loop
  vertex 0.0112380236 -0.0271111391 -0.0232905261
  vertex 0.00716496585 -0.0265345443 -0.0235892627
  vertex 0.00921377353 -0.0266671609 -0.0235208031
  endloop
 endfacet

 facet normal 0 -0.460421532 -0.887700438
  outer loop
  vertex 0.0112380236 -0.0271111391 -0.0232905261
  vertex 0.00921377353 -0.0266671609 -0.0235208031
  vertex 0.00921506714 -0.0266671609 -0.0235208031
  endloop
 endfacet

 facet normal 0 -0.460421532 -0.887700438
  outer loop
  vertex 0.0112380236 -0.0271111391 -0.0232905261
  vertex 0.00921506714 -0.0266671609 -0.0235208031
  vertex 0.014089549 -0.0271111391 -0.0232905261
  endloop
 endfacet

 facet normal 0.000594688463 -0.918512702 -0.395391166
  outer loop
  vertex 0.014089549 -0.0273763705 -0.022674378
  vertex 0.014089549 -0.0271111391 -0.0232905261
  vertex 0.0182272363 -0.0273763705 -0.0226681549
  endloop
 endfacet

 facet normal -0.00898910966 -0.999959588 2.30177761e-06
  outer loop
  vertex 0.00780869275 -0.0273763705 0.00289882091
  vertex 0.00780998496 -0.0273763705 0.00794624444
  vertex 0.00716496585 -0.0273706056 -0.006156669
  endloop
 endfacet

 facet normal -0.0125791673 -0.999920964 0.000166514423
  outer loop
  vertex 0.00716496585 -0.0273706056 -0.006156669
  vertex 0.00780998496 -0.0273763705 0.00794624444
  vertex 0.00738600548 -0.0273706056 0.0105415294
  endloop
 endfacet

 facet normal -0.999912441 0 0.0132361604
  outer loop
  vertex 0.00716496585 -0.0273706056 -0.006156669
  vertex 0.00738600548 -0.0273706056 0.0105415294
  vertex 0.00738600548 -0.00267511187 0.0105415294
  endloop
 endfacet

 facet normal -0.999912441 0 0.0132361604
  outer loop
  vertex 0.00716496585 -0.0273706056 -0.006156669
  vertex 0.00738600548 -0.00267511187 0.0105415294
  vertex 0.00716496585 -0.01304226 -0.006156669
  endloop
 endfacet

 facet normal -0.123994961 0 -0.992282867
  outer loop
  vertex 0.00716496585 -0.0265345443 -0.0235892627
  vertex 0.00716496585 -0.0109953545 -0.0235892627
  vertex 0.0152335213 0.0119415307 -0.0245975032
  endloop
 endfacet

 facet normal -0.123994961 0 -0.992282867
  outer loop
  vertex 0.00716496585 -0.0265345443 -0.0235892627
  vertex 0.0152335213 0.0119415307 -0.0245975032
  vertex 0.0152335213 0.0113130435 -0.0245975032
  endloop
 endfacet

 facet normal -0.117213205 -0.00146768917 -0.99310565
  outer loop
  vertex 0.00716496585 -0.0265345443 -0.0235892627
  vertex 0.0152335213 0.0113130435 -0.0245975032
  vertex 0.0154080251 -0.00262321811 -0.0245975032
  endloop
 endfacet

 facet normal -0.0647180006 -0.0197586529 -0.997707963
  outer loop
  vertex 0.00716496585 -0.0265345443 -0.0235892627
  vertex 0.0154080251 -0.00262321811 -0.0245975032
  vertex 0.0154080251 -0.00325170509 -0.024585057
  endloop
 endfacet

 facet normal 0 -0.0427303948 -0.999086738
  outer loop
  vertex 0.00716496585 -0.0265345443 -0.0235892627
  vertex 0.0154080251 -0.00325170509 -0.024585057
  vertex 0.014089549 -0.0265345443 -0.0235892627
  endloop
 endfacet

 facet normal 0 -0.458711386 -0.888585329
  outer loop
  vertex 0.00716496585 -0.0265345443 -0.0235892627
  vertex 0.014089549 -0.0265345443 -0.0235892627
  vertex 0.00921506714 -0.0266671609 -0.0235208031
  endloop
 endfacet

 facet normal 0 -0.458711386 -0.888585329
  outer loop
  vertex 0.00716496585 -0.0265345443 -0.0235892627
  vertex 0.00921506714 -0.0266671609 -0.0235208031
  vertex 0.00921377353 -0.0266671609 -0.0235208031
  endloop
 endfacet

 facet normal 0.00119977409 -0.917042673 -0.398787469
  outer loop
  vertex 0.014089549 -0.0271111391 -0.0232905261
  vertex 0.0182272363 -0.0271111391 -0.0232780781
  vertex 0.0182272363 -0.0273763705 -0.0226681549
  endloop
 endfacet

 facet normal 4.54055407e-05 -0.460028708 -0.887904108
  outer loop
  vertex 0.014089549 -0.0271111391 -0.0232905261
  vertex 0.00921506714 -0.0266671609 -0.0235208031
  vertex 0.014089549 -0.0265345443 -0.0235892627
  endloop
 endfacet

 facet normal 0.000694397255 -0.460028529 -0.887903869
  outer loop
  vertex 0.014089549 -0.0271111391 -0.0232905261
  vertex 0.014089549 -0.0265345443 -0.0235892627
  vertex 0.0182272363 -0.0265403111 -0.0235830396
  endloop
 endfacet

 facet normal 0.0026535925 -0.471212566 -0.882015646
  outer loop
  vertex 0.014089549 -0.0271111391 -0.0232905261
  vertex 0.0182272363 -0.0265403111 -0.0235830396
  vertex 0.0182272363 -0.0271111391 -0.0232780781
  endloop
 endfacet

 facet normal 0.00640918827 -0.999978483 -0.0013847904
  outer loop
  vertex 0.0182272363 -0.0273763705 -0.0226681549
  vertex 0.0191281959 -0.0273706056 -0.0226619318
  vertex 0.0191281959 -0.0273763705 -0.0184982736
  endloop
 endfacet

 facet normal 0.00586875668 -0.917027473 -0.398780912
  outer loop
  vertex 0.0182272363 -0.0273763705 -0.0226681549
  vertex 0.0182272363 -0.0271111391 -0.0232780781
  vertex 0.0191281959 -0.0271053724 -0.0232780781
  endloop
 endfacet

 facet normal 0.00860907789 -0.91847837 -0.395377606
  outer loop
  vertex 0.0182272363 -0.0273763705 -0.0226681549
  vertex 0.0191281959 -0.0271053724 -0.0232780781
  vertex 0.0191281959 -0.0273706056 -0.0226619318
  endloop
 endfacet

 facet normal -0.00241820957 -0.99999553 0.00182662869
  outer loop
  vertex 0.00780998496 -0.0273763705 0.00794624444
  vertex 0.0155527992 -0.0273763705 0.0181966852
  vertex 0.00738600548 -0.0273706056 0.0105415294
  endloop
 endfacet

 facet normal -0.043608889 -0.997999728 0.0457718186
  outer loop
  vertex 0.00738600548 -0.0273706056 0.0105415294
  vertex 0.0155527992 -0.0273763705 0.0181966852
  vertex 0.0155527992 -0.0273475405 0.0188252795
  endloop
 endfacet

 facet normal -0.433065951 -0.792639375 0.429158419
  outer loop
  vertex 0.00738600548 -0.0273706056 0.0105415294
  vertex 0.0155527992 -0.0273475405 0.0188252795
  vertex 0.0155527992 -0.027088074 0.0193045046
  endloop
 endfacet

 facet normal -0.591746211 -0.570161939 0.569870114
  outer loop
  vertex 0.00738600548 -0.0273706056 0.0105415294
  vertex 0.0155527992 -0.027088074 0.0193045046
  vertex 0.0160944071 -0.0163288433 0.0306316465
  endloop
 endfacet

 facet normal -0.593533456 -0.568461418 0.569710135
  outer loop
  vertex 0.00738600548 -0.0273706056 0.0105415294
  vertex 0.0160944071 -0.0163288433 0.0306316465
  vertex 0.0156898163 -0.0148585299 0.0316772275
  endloop
 endfacet

 facet normal -0.668294787 -0.494801104 0.555476427
  outer loop
  vertex 0.00738600548 -0.0273706056 0.0105415294
  vertex 0.0156898163 -0.0148585299 0.0316772275
  vertex 0.0157247167 -0.0142069794 0.0322995968
  endloop
 endfacet

 facet normal -0.739238381 -0.412102908 0.532632947
  outer loop
  vertex 0.00738600548 -0.0273706056 0.0105415294
  vertex 0.0157247167 -0.0142069794 0.0322995968
  vertex 0.0156368185 -0.0141377877 0.0322311372
  endloop
 endfacet

 facet normal -0.763784051 -0.379533678 0.522099674
  outer loop
  vertex 0.00738600548 -0.0273706056 0.0105415294
  vertex 0.0156368185 -0.0141377877 0.0322311372
  vertex 0.0156368185 -0.0124426037 0.0334634297
  endloop
 endfacet

 facet normal -0.790616214 -0.342441916 0.507601857
  outer loop
  vertex 0.00738600548 -0.0273706056 0.0105415294
  vertex 0.0156368185 -0.0124426037 0.0334634297
  vertex 0.0156368185 -0.0123042203 0.0335567854
  endloop
 endfacet

 facet normal -0.866312742 -0.214603111 0.45105201
  outer loop
  vertex 0.00738600548 -0.0273706056 0.0105415294
  vertex 0.0156368185 -0.0123042203 0.0335567854
  vertex 0.0156368185 -0.0114277992 0.0339737721
  endloop
 endfacet

 facet normal -0.873681009 -0.19980298 0.443576783
  outer loop
  vertex 0.00738600548 -0.0273706056 0.0105415294
  vertex 0.0156368185 -0.0114277992 0.0339737721
  vertex 0.0157079138 -0.00766264368 0.0358097665
  endloop
 endfacet

 facet normal -0.880281687 -0.187231585 0.4359456
  outer loop
  vertex 0.00738600548 -0.0273706056 0.0105415294
  vertex 0.0157079138 -0.00766264368 0.0358097665
  vertex 0.0157518648 -0.00640567066 0.0364383608
  endloop
 endfacet

 facet normal -0.897880554 -0.15204899 0.413148582
  outer loop
  vertex 0.00738600548 -0.0273706056 0.0105415294
  vertex 0.0157518648 -0.00640567066 0.0364383608
  vertex 0.0157208387 -0.00451444462 0.0370669551
  endloop
 endfacet

 facet normal -0.920349479 -0.102422744 0.377447307
  outer loop
  vertex 0.00738600548 -0.0273706056 0.0105415294
  vertex 0.0157208387 -0.00451444462 0.0370669551
  vertex 0.0156988651 -0.00200049742 0.0376955494
  endloop
 endfacet

 facet normal -0.940968454 -0.0500004068 0.33478117
  outer loop
  vertex 0.00738600548 -0.0273706056 0.0105415294
  vertex 0.0156988651 -0.00200049742 0.0376955494
  vertex 0.0157221332 0.00177042326 0.0383241437
  endloop
 endfacet

 facet normal -0.945132852 -0.038878195 0.324364632
  outer loop
  vertex 0.00738600548 -0.0273706056 0.0105415294
  vertex 0.0157221332 0.00177042326 0.0383241437
  vertex 0.0156962797 0.00239891 0.0383241437
  endloop
 endfacet

 facet normal -0.95256567 -0.0176316407 0.303821921
  outer loop
  vertex 0.00738600548 -0.0273706056 0.0105415294
  vertex 0.0156962797 0.00239891 0.0383241437
  vertex 0.0156846475 0.00302739674 0.0383241437
  endloop
 endfacet

 facet normal -0.957573414 -0.00197063969 0.288182437
  outer loop
  vertex 0.00738600548 -0.0273706056 0.0105415294
  vertex 0.0156846475 0.00302739674 0.0383241437
  vertex 0.0156833529 0.00365588348 0.0383241437
  endloop
 endfacet

 facet normal -0.958180904 0 0.286163151
  outer loop
  vertex 0.00738600548 -0.0273706056 0.0105415294
  vertex 0.0156833529 0.00365588348 0.0383241437
  vertex 0.0156833529 0.00552981207 0.0383241437
  endloop
 endfacet

 facet normal -0.958180904 0 0.286163151
  outer loop
  vertex 0.00738600548 -0.0273706056 0.0105415294
  vertex 0.0156833529 0.00552981207 0.0383241437
  vertex 0.00738600548 -0.00267511187 0.0105415294
  endloop
 endfacet

 facet normal -0.999913692 0.000159769697 0.0131369829
  outer loop
  vertex 0.00716496585 -0.01304226 -0.006156669
  vertex 0.00738600548 -0.00267511187 0.0105415294
  vertex 0.00716496585 -0.0109953545 -0.00618156325
  endloop
 endfacet

 facet normal -0.981520712 0.176085308 -0.0749082789
  outer loop
  vertex 0.00716496585 -0.0109953545 -0.0235892627
  vertex 0.0147203496 0.0315111093 -0.0226681549
  vertex 0.0147203496 0.0312516429 -0.0232780781
  endloop
 endfacet

 facet normal -0.934237182 0.169389293 -0.313860238
  outer loop
  vertex 0.00716496585 -0.0109953545 -0.0235892627
  vertex 0.0147203496 0.0312516429 -0.0232780781
  vertex 0.0147203496 0.0306865796 -0.0235830396
  endloop
 endfacet

 facet normal -0.25281015 0.0459693633 -0.966423333
  outer loop
  vertex 0.00716496585 -0.0109953545 -0.0235892627
  vertex 0.0147203496 0.0306865796 -0.0235830396
  vertex 0.0152335213 0.0124431662 -0.024585057
  endloop
 endfacet

 facet normal -0.191804856 0.0243438222 -0.981131196
  outer loop
  vertex 0.00716496585 -0.0109953545 -0.0235892627
  vertex 0.0152335213 0.0124431662 -0.024585057
  vertex 0.0152335213 0.0119415307 -0.0245975032
  endloop
 endfacet

 facet normal -0.999647319 0.0265570879 0
  outer loop
  vertex 0.00716496585 -0.0109953545 -0.0235892627
  vertex 0.00716496585 -0.0109953545 -0.00618156325
  vertex 0.00738600548 -0.00267511187 0.0105415294
  endloop
 endfacet

 facet normal -0.983777165 0.175652966 -0.0364486612
  outer loop
  vertex 0.00716496585 -0.0109953545 -0.0235892627
  vertex 0.00738600548 -0.00267511187 0.0105415294
  vertex 0.0147203496 0.0315111093 -0.0226681549
  endloop
 endfacet

 facet normal 0 0 -1
  outer loop
  vertex 0.0152335213 0.0113130435 -0.0245975032
  vertex 0.0152335213 0.0119415307 -0.0245975032
  vertex 0.0166140422 0.0105577065 -0.0245975032
  endloop
 endfacet

 facet normal 0 0 -1
  outer loop
  vertex 0.0152335213 0.0113130435 -0.0245975032
  vertex 0.0166140422 0.0105577065 -0.0245975032
  vertex 0.0178665947 0.00804952439 -0.0245975032
  endloop
 endfacet

 facet normal 0 0 -1
  outer loop
  vertex 0.0152335213 0.0113130435 -0.0245975032
  vertex 0.0178665947 0.00804952439 -0.0245975032
  vertex 0.0184961017 0.00615829881 -0.0245975032
  endloop
 endfacet

 facet normal 0 0 -1
  outer loop
  vertex 0.0152335213 0.0113130435 -0.0245975032
  vertex 0.0184961017 0.00615829881 -0.0245975032
  vertex 0.0184961017 0.00301586487 -0.0245975032
  endloop
 endfacet

 facet normal 0 0 -1
  outer loop
  vertex 0.0152335213 0.0113130435 -0.0245975032
  vertex 0.0184961017 0.00301586487 -0.0245975032
  vertex 0.0178691801 0.000513449719 -0.0245975032
  endloop
 endfacet

 facet normal 0 0 -1
  outer loop
  vertex 0.0152335213 0.0113130435 -0.0245975032
  vertex 0.0178691801 0.000513449719 -0.0245975032
  vertex 0.0166140422 -0.0019947316 -0.0245975032
  endloop
 endfacet

 facet normal 0 0 -1
  outer loop
  vertex 0.0152335213 0.0113130435 -0.0245975032
  vertex 0.0166140422 -0.0019947316 -0.0245975032
  vertex 0.0159845352 -0.00262321811 -0.0245975032
  endloop
 endfacet

 facet normal 0 0 -1
  outer loop
  vertex 0.0152335213 0.0113130435 -0.0245975032
  vertex 0.0159845352 -0.00262321811 -0.0245975032
  vertex 0.0154080251 -0.00262321811 -0.0245975032
  endloop
 endfacet

 facet normal 0 -0.0198001675 -0.99980396
  outer loop
  vertex 0.0154080251 -0.00262321811 -0.0245975032
  vertex 0.0159845352 -0.00262321811 -0.0245975032
  vertex 0.0154080251 -0.00325170509 -0.024585057
  endloop
 endfacet

 facet normal 0.0215053596 -0.0395108089 -0.998987675
  outer loop
  vertex 0.0154080251 -0.00325170509 -0.024585057
  vertex 0.0159845352 -0.00262321811 -0.0245975032
  vertex 0.0197564103 -0.0265345443 -0.0235705934
  endloop
 endfacet

 facet normal 0.0197930075 -0.0398315936 -0.999010324
  outer loop
  vertex 0.0154080251 -0.00325170509 -0.024585057
  vertex 0.0197564103 -0.0265345443 -0.0235705934
  vertex 0.0191281959 -0.0265345443 -0.0235830396
  endloop
 endfacet

 facet normal 0.00123397948 -0.0428001098 -0.999082923
  outer loop
  vertex 0.0154080251 -0.00325170509 -0.024585057
  vertex 0.0191281959 -0.0265345443 -0.0235830396
  vertex 0.014089549 -0.0265345443 -0.0235892627
  endloop
 endfacet

 facet normal 0.00121273287 -0.189496607 -0.981880724
  outer loop
  vertex 0.014089549 -0.0265345443 -0.0235892627
  vertex 0.0191281959 -0.0265345443 -0.0235830396
  vertex 0.0182272363 -0.0265403111 -0.0235830396
  endloop
 endfacet

 facet normal 0.00301564485 -0.471212119 -0.882014871
  outer loop
  vertex 0.0182272363 -0.0271111391 -0.0232780781
  vertex 0.0182272363 -0.0265403111 -0.0235830396
  vertex 0.0191281959 -0.0265345443 -0.0235830396
  endloop
 endfacet

 facet normal 0.00301564485 -0.471212119 -0.882014871
  outer loop
  vertex 0.0182272363 -0.0271111391 -0.0232780781
  vertex 0.0191281959 -0.0265345443 -0.0235830396
  vertex 0.0191281959 -0.0271053724 -0.0232780781
  endloop
 endfacet

 facet normal 0.0458429828 -0.99894774 -0.00138336304
  outer loop
  vertex 0.0191281959 -0.0273706056 -0.0226619318
  vertex 0.0197564103 -0.0273417756 -0.0226619318
  vertex 0.0191281959 -0.0273763705 -0.0184982736
  endloop
 endfacet

 facet normal 0.0207730737 -0.918314159 -0.395306915
  outer loop
  vertex 0.0191281959 -0.0273706056 -0.0226619318
  vertex 0.0191281959 -0.0271053724 -0.0232780781
  vertex 0.0197564103 -0.0270938408 -0.023271855
  endloop
 endfacet

 facet normal 0.0424746275 -0.925549209 -0.376237512
  outer loop
  vertex 0.0191281959 -0.0273706056 -0.0226619318
  vertex 0.0197564103 -0.0270938408 -0.023271855
  vertex 0.0197564103 -0.0273417756 -0.0226619318
  endloop
 endfacet

 facet normal 0.054986205 -0.998487115 0
  outer loop
  vertex 0.0191281959 -0.0273763705 -0.0184982736
  vertex 0.0197564103 -0.0273417756 -0.0226619318
  vertex 0.0197564103 -0.0273417756 0.0105415294
  endloop
 endfacet

 facet normal 0.054986205 -0.998487115 0
  outer loop
  vertex 0.0191281959 -0.0273763705 -0.0184982736
  vertex 0.0197564103 -0.0273417756 0.0105415294
  vertex 0.0191281959 -0.0273763705 -0.00614422141
  endloop
 endfacet

 facet normal 0.0173847713 -0.471143067 -0.881885469
  outer loop
  vertex 0.0191281959 -0.0271053724 -0.0232780781
  vertex 0.0191281959 -0.0265345443 -0.0235830396
  vertex 0.0197564103 -0.0270938408 -0.023271855
  endloop
 endfacet

 facet normal 0 -0.998949945 0.0458154008
  outer loop
  vertex 0.0155527992 -0.0273763705 0.0181966852
  vertex 0.0191256106 -0.0273763705 0.0181966852
  vertex 0.0191256106 -0.0273475405 0.0188252795
  endloop
 endfacet

 facet normal 0 -0.998949945 0.0458154008
  outer loop
  vertex 0.0155527992 -0.0273763705 0.0181966852
  vertex 0.0191256106 -0.0273475405 0.0188252795
  vertex 0.0155527992 -0.0273475405 0.0188252795
  endloop
 endfacet

 facet normal -0.967635274 0.123403795 0.22012201
  outer loop
  vertex 0.00738600548 -0.00267511187 0.0105415294
  vertex 0.0156368185 0.0199907739 0.0341044739
  vertex 0.0156368185 0.0207345784 0.0336874835
  endloop
 endfacet

 facet normal -0.968013465 0.127563596 0.216049612
  outer loop
  vertex 0.00738600548 -0.00267511187 0.0105415294
  vertex 0.0156368185 0.0207345784 0.0336874835
  vertex 0.0156368185 0.0220838077 0.0328908488
  endloop
 endfacet

 facet normal -0.969950378 0.151082724 0.190709829
  outer loop
  vertex 0.00738600548 -0.00267511187 0.0105415294
  vertex 0.0156368185 0.0220838077 0.0328908488
  vertex 0.0156368185 0.022712294 0.0323929526
  endloop
 endfacet

 facet normal -0.970616639 0.163418412 0.176629543
  outer loop
  vertex 0.00738600548 -0.00267511187 0.0105415294
  vertex 0.0156368185 0.022712294 0.0323929526
  vertex 0.0156368185 0.0227930173 0.032318268
  endloop
 endfacet

 facet normal -0.9708094 0.168856785 0.170342371
  outer loop
  vertex 0.00738600548 -0.00267511187 0.0105415294
  vertex 0.0156368185 0.0227930173 0.032318268
  vertex 0.0156368185 0.0233580787 0.031758137
  endloop
 endfacet

 facet normal -0.970930696 0.172369674 0.166079119
  outer loop
  vertex 0.00738600548 -0.00267511187 0.0105415294
  vertex 0.0156368185 0.0233580787 0.031758137
  vertex 0.0156368185 0.0239577368 0.031135764
  endloop
 endfacet

 facet normal -0.971085429 0.176751062 0.160475045
  outer loop
  vertex 0.00738600548 -0.00267511187 0.0105415294
  vertex 0.0156368185 0.0239577368 0.031135764
  vertex 0.0156368185 0.0242402665 0.0308245793
  endloop
 endfacet

 facet normal -0.971285284 0.185118929 0.149452314
  outer loop
  vertex 0.00738600548 -0.00267511187 0.0105415294
  vertex 0.0156368185 0.0242402665 0.0308245793
  vertex 0.0156794749 0.0275441464 0.0270094499
  endloop
 endfacet

 facet normal -0.972168624 0.204942971 0.113519274
  outer loop
  vertex 0.00738600548 -0.00267511187 0.0105415294
  vertex 0.0156794749 0.0275441464 0.0270094499
  vertex 0.0155527992 0.0314765126 0.0188252795
  endloop
 endfacet

 facet normal -0.973825037 0.224923596 0.0327776596
  outer loop
  vertex 0.00738600548 -0.00267511187 0.0105415294
  vertex 0.0155527992 0.0314765126 0.0188252795
  vertex 0.0147203496 0.0315111093 -0.00614422141
  endloop
 endfacet

 facet normal -0.977751374 0.209767684 0
  outer loop
  vertex 0.00738600548 -0.00267511187 0.0105415294
  vertex 0.0147203496 0.0315111093 -0.00614422141
  vertex 0.0147203496 0.0315111093 -0.0226681549
  endloop
 endfacet

 facet normal -0.959066868 0.0118365567 0.282932073
  outer loop
  vertex 0.00738600548 -0.00267511187 0.0105415294
  vertex 0.0156833529 0.00552981207 0.0383241437
  vertex 0.015691109 0.00615829881 0.0383241437
  endloop
 endfacet

 facet normal -0.960341811 0.0316013508 0.277029037
  outer loop
  vertex 0.00738600548 -0.00267511187 0.0105415294
  vertex 0.015691109 0.00615829881 0.0383241437
  vertex 0.0157117918 0.00678678509 0.0383241437
  endloop
 endfacet

 facet normal -0.960767329 0.0391834341 0.274574339
  outer loop
  vertex 0.00738600548 -0.00267511187 0.0105415294
  vertex 0.0157117918 0.00678678509 0.0383241437
  vertex 0.0156859383 0.0105577065 0.0376955494
  endloop
 endfacet

 facet normal -0.96292299 0.0685507953 0.260921836
  outer loop
  vertex 0.00738600548 -0.00267511187 0.0105415294
  vertex 0.0156859383 0.0105577065 0.0376955494
  vertex 0.0156949889 0.0130774193 0.0370669551
  endloop
 endfacet

 facet normal -0.964441895 0.0906969905 0.248245746
  outer loop
  vertex 0.00738600548 -0.00267511187 0.0105415294
  vertex 0.0156949889 0.0130774193 0.0370669551
  vertex 0.0157104991 0.014962879 0.0364383608
  endloop
 endfacet

 facet normal -0.964995742 0.0986573249 0.243002102
  outer loop
  vertex 0.00738600548 -0.00267511187 0.0105415294
  vertex 0.0157104991 0.014962879 0.0364383608
  vertex 0.0156368185 0.0199907739 0.0341044739
  endloop
 endfacet

 facet normal 0 -0.879379272 0.476121992
  outer loop
  vertex 0.0155527992 -0.0273475405 0.0188252795
  vertex 0.0191256106 -0.0273475405 0.0188252795
  vertex 0.0191256106 -0.027088074 0.0193045046
  endloop
 endfacet

 facet normal 0 -0.879379272 0.476121992
  outer loop
  vertex 0.0155527992 -0.0273475405 0.0188252795
  vertex 0.0191256106 -0.027088074 0.0193045046
  vertex 0.0155527992 -0.027088074 0.0193045046
  endloop
 endfacet

 facet normal 0 -0.733784378 0.679382503
  outer loop
  vertex 0.0155527992 -0.027088074 0.0193045046
  vertex 0.0191256106 -0.027088074 0.0193045046
  vertex 0.0194384251 -0.0179778989 0.0291441791
  endloop
 endfacet

 facet normal -0.00149697752 -0.733488679 0.679700017
  outer loop
  vertex 0.0155527992 -0.027088074 0.0193045046
  vertex 0.0194384251 -0.0179778989 0.0291441791
  vertex 0.0166127495 -0.0179778989 0.029137956
  endloop
 endfacet

 facet normal -0.23050186 -0.701304317 0.674567401
  outer loop
  vertex 0.0155527992 -0.027088074 0.0193045046
  vertex 0.0166127495 -0.0179778989 0.029137956
  vertex 0.0160944071 -0.0175800491 0.029374456
  endloop
 endfacet

 facet normal -0.558139443 -0.588117719 0.585318685
  outer loop
  vertex 0.0155527992 -0.027088074 0.0193045046
  vertex 0.0160944071 -0.0175800491 0.029374456
  vertex 0.0160944071 -0.0163288433 0.0306316465
  endloop
 endfacet

 facet normal -0.232446 -0.666906714 0.707957923
  outer loop
  vertex 0.0160944071 -0.0163288433 0.0306316465
  vertex 0.0166127495 -0.0160866715 0.0310299639
  vertex 0.0160944071 -0.0156945903 0.0312291216
  endloop
 endfacet

 facet normal -0.521223783 -0.585179985 0.621200562
  outer loop
  vertex 0.0160944071 -0.0163288433 0.0306316465
  vertex 0.0160944071 -0.0156945903 0.0312291216
  vertex 0.0156898163 -0.0148585299 0.0316772275
  endloop
 endfacet

 facet normal -0.224739298 -0.690659881 0.687372804
  outer loop
  vertex 0.0160944071 -0.0163288433 0.0306316465
  vertex 0.0160944071 -0.0175800491 0.029374456
  vertex 0.0166127495 -0.0167266913 0.0304013696
  endloop
 endfacet

 facet normal -0.215672195 -0.684219599 0.696655631
  outer loop
  vertex 0.0160944071 -0.0163288433 0.0306316465
  vertex 0.0166127495 -0.0167266913 0.0304013696
  vertex 0.0166127495 -0.0160866715 0.0310299639
  endloop
 endfacet

 facet normal -0.499060124 -0.584435761 0.639823377
  outer loop
  vertex 0.0156898163 -0.0148585299 0.0316772275
  vertex 0.0160944071 -0.0156945903 0.0312291216
  vertex 0.0157247167 -0.0142069794 0.0322995968
  endloop
 endfacet

 facet normal -0.396047801 -0.552712679 0.733249545
  outer loop
  vertex 0.0157247167 -0.0142069794 0.0322995968
  vertex 0.0161448196 -0.0143511267 0.0324178487
  vertex 0.0162508152 -0.0136592146 0.0329966545
  endloop
 endfacet

 facet normal -0.430772007 -0.52256912 0.735769689
  outer loop
  vertex 0.0157247167 -0.0142069794 0.0322995968
  vertex 0.0162508152 -0.0136592146 0.0329966545
  vertex 0.0158320051 -0.0134804705 0.0328784026
  endloop
 endfacet

 facet normal -0.448459238 -0.515495896 0.730170012
  outer loop
  vertex 0.0157247167 -0.0142069794 0.0322995968
  vertex 0.0158320051 -0.0134804705 0.0328784026
  vertex 0.0156885255 -0.0123330504 0.0336003527
  endloop
 endfacet

 facet normal -0.676925302 -0.428491682 0.598470628
  outer loop
  vertex 0.0157247167 -0.0142069794 0.0322995968
  vertex 0.0156885255 -0.0123330504 0.0336003527
  vertex 0.0156368185 -0.0124426037 0.0334634297
  endloop
 endfacet

 facet normal -0.737748802 -0.396940321 0.546044946
  outer loop
  vertex 0.0157247167 -0.0142069794 0.0322995968
  vertex 0.0156368185 -0.0124426037 0.0334634297
  vertex 0.0156368185 -0.0141377877 0.0322311372
  endloop
 endfacet

 facet normal -0.400654286 -0.598671556 0.693591058
  outer loop
  vertex 0.0157247167 -0.0142069794 0.0322995968
  vertex 0.0160944071 -0.0156945903 0.0312291216
  vertex 0.0161448196 -0.0143511267 0.0324178487
  endloop
 endfacet

 facet normal -0.710719287 -0.39342612 0.583175778
  outer loop
  vertex 0.0156368185 -0.0124426037 0.0334634297
  vertex 0.0156885255 -0.0123330504 0.0336003527
  vertex 0.0156368185 -0.0123042203 0.0335567854
  endloop
 endfacet

 facet normal -0.708578706 -0.322154701 0.627799809
  outer loop
  vertex 0.0156368185 -0.0123042203 0.0335567854
  vertex 0.0156885255 -0.0123330504 0.0336003527
  vertex 0.0157622043 -0.0114277992 0.0341480374
  endloop
 endfacet

 facet normal -0.758957326 -0.286039293 0.584948957
  outer loop
  vertex 0.0156368185 -0.0123042203 0.0335567854
  vertex 0.0157622043 -0.0114277992 0.0341480374
  vertex 0.0160065088 -0.00891961809 0.0356915183
  endloop
 endfacet

 facet normal -0.788229167 -0.264388978 0.555691719
  outer loop
  vertex 0.0156368185 -0.0123042203 0.0335567854
  vertex 0.0160065088 -0.00891961809 0.0356915183
  vertex 0.0156368185 -0.0114277992 0.0339737721
  endloop
 endfacet

 facet normal -0.804184318 -0.250588238 0.538974226
  outer loop
  vertex 0.0156368185 -0.0114277992 0.0339737721
  vertex 0.0160065088 -0.00891961809 0.0356915183
  vertex 0.0160194356 -0.00766264368 0.0362952165
  endloop
 endfacet

 facet normal -0.816971004 -0.24021928 0.524264336
  outer loop
  vertex 0.0156368185 -0.0114277992 0.0339737721
  vertex 0.0160194356 -0.00766264368 0.0362952165
  vertex 0.0157079138 -0.00766264368 0.0358097665
  endloop
 endfacet

 facet normal -0.818252921 -0.233978659 0.525086999
  outer loop
  vertex 0.0157079138 -0.00766264368 0.0358097665
  vertex 0.0160194356 -0.00766264368 0.0362952165
  vertex 0.0157518648 -0.00640567066 0.0364383608
  endloop
 endfacet

 facet normal -0.784425259 -0.232463211 0.575011253
  outer loop
  vertex 0.0157518648 -0.00640567066 0.0364383608
  vertex 0.0160194356 -0.00766264368 0.0362952165
  vertex 0.0160620939 -0.00640567066 0.0368615724
  endloop
 endfacet

 facet normal -0.788408995 -0.210728467 0.577931523
  outer loop
  vertex 0.0157518648 -0.00640567066 0.0364383608
  vertex 0.0160620939 -0.00640567066 0.0368615724
  vertex 0.0160310678 -0.00451444462 0.0375088379
  endloop
 endfacet

 facet normal -0.801858604 -0.200265005 0.562953532
  outer loop
  vertex 0.0157518648 -0.00640567066 0.0364383608
  vertex 0.0160310678 -0.00451444462 0.0375088379
  vertex 0.0157208387 -0.00451444462 0.0370669551
  endloop
 endfacet

 facet normal -0.808849216 -0.152632341 0.567861259
  outer loop
  vertex 0.0157208387 -0.00451444462 0.0370669551
  vertex 0.0160310678 -0.00451444462 0.0375088379
  vertex 0.0158074461 -0.00263474975 0.0376955494
  endloop
 endfacet

 facet normal -0.83004564 -0.142100468 0.539288104
  outer loop
  vertex 0.0157208387 -0.00451444462 0.0370669551
  vertex 0.0158074461 -0.00263474975 0.0376955494
  vertex 0.0156988651 -0.00200049742 0.0376955494
  endloop
 endfacet

 facet normal -0.81770575 -0.139987916 0.558355272
  outer loop
  vertex 0.0156988651 -0.00200049742 0.0376955494
  vertex 0.0158074461 -0.00263474975 0.0376955494
  vertex 0.0160090961 -0.00200049742 0.0381498784
  endloop
 endfacet

 facet normal -0.822125494 -0.0947087035 0.561373293
  outer loop
  vertex 0.0156988651 -0.00200049742 0.0376955494
  vertex 0.0160090961 -0.00200049742 0.0381498784
  vertex 0.0157660823 0.0011419364 0.0383241437
  endloop
 endfacet

 facet normal -0.907855451 -0.0634850562 0.414449334
  outer loop
  vertex 0.0156988651 -0.00200049742 0.0376955494
  vertex 0.0157660823 0.0011419364 0.0383241437
  vertex 0.0157221332 0.00177042326 0.0383241437
  endloop
 endfacet

 facet normal -0.80030179 -0.0559639782 0.596979976
  outer loop
  vertex 0.0157221332 0.00177042326 0.0383241437
  vertex 0.0157660823 0.0011419364 0.0383241437
  vertex 0.0160078015 0.00239891 0.0387660265
  endloop
 endfacet

 facet normal -0.812398791 -0.0397543907 0.581745565
  outer loop
  vertex 0.0157221332 0.00177042326 0.0383241437
  vertex 0.0160078015 0.00239891 0.0387660265
  vertex 0.0159948766 0.00302739674 0.0387909226
  endloop
 endfacet

 facet normal -0.820656955 -0.0337578617 0.570423126
  outer loop
  vertex 0.0157221332 0.00177042326 0.0383241437
  vertex 0.0159948766 0.00302739674 0.0387909226
  vertex 0.0156962797 0.00239891 0.0383241437
  endloop
 endfacet

 facet normal -0.83273828 -0.0154136792 0.553452253
  outer loop
  vertex 0.0156962797 0.00239891 0.0383241437
  vertex 0.0159948766 0.00302739674 0.0387909226
  vertex 0.0156846475 0.00302739674 0.0383241437
  endloop
 endfacet

 facet normal -0.832815647 -0.00719470344 0.553503692
  outer loop
  vertex 0.0156846475 0.00302739674 0.0383241437
  vertex 0.0159948766 0.00302739674 0.0387909226
  vertex 0.0159935821 0.00365588348 0.0387971476
  endloop
 endfacet

 facet normal -0.836191297 -0.00172084128 0.548435152
  outer loop
  vertex 0.0156846475 0.00302739674 0.0383241437
  vertex 0.0159935821 0.00365588348 0.0387971476
  vertex 0.0156833529 0.00365588348 0.0383241437
  endloop
 endfacet

 facet normal -0.836192548 0 0.548436046
  outer loop
  vertex 0.0156833529 0.00365588348 0.0383241437
  vertex 0.0159935821 0.00365588348 0.0387971476
  vertex 0.0159935821 0.00552981207 0.0387971476
  endloop
 endfacet

 facet normal -0.836192548 0 0.548436046
  outer loop
  vertex 0.0156833529 0.00365588348 0.0383241437
  vertex 0.0159935821 0.00552981207 0.0387971476
  vertex 0.0156833529 0.00552981207 0.0383241437
  endloop
 endfacet

 facet normal 0 0.920195341 -0.391459376
  outer loop
  vertex 0.0147203496 0.0315111093 -0.0226681549
  vertex 0.0191269014 0.0315111093 -0.0226681549
  vertex 0.0191269014 0.0312516429 -0.0232780781
  endloop
 endfacet

 facet normal 0 0.920195341 -0.391459376
  outer loop
  vertex 0.0147203496 0.0315111093 -0.0226681549
  vertex 0.0191269014 0.0312516429 -0.0232780781
  vertex 0.0147203496 0.0312516429 -0.0232780781
  endloop
 endfacet

 facet normal -0.0207748543 0.999784291 0
  outer loop
  vertex 0.0147203496 0.0315111093 -0.0226681549
  vertex 0.0147203496 0.0315111093 -0.00614422141
  vertex 0.0155527992 0.0315284058 0.0181966852
  endloop
 endfacet

 facet normal 0 0.99999994 -0.000423291902
  outer loop
  vertex 0.0147203496 0.0315111093 -0.0226681549
  vertex 0.0155527992 0.0315284058 0.0181966852
  vertex 0.0191256106 0.0315284058 0.0181966852
  endloop
 endfacet

 facet normal 0 0.99999994 -0.000423291902
  outer loop
  vertex 0.0147203496 0.0315111093 -0.0226681549
  vertex 0.0191256106 0.0315284058 0.0181966852
  vertex 0.0191269014 0.0315111093 -0.0226681549
  endloop
 endfacet

 facet normal 0 0.474942237 -0.880017042
  outer loop
  vertex 0.0147203496 0.0312516429 -0.0232780781
  vertex 0.0191269014 0.0312516429 -0.0232780781
  vertex 0.0191269014 0.0306865796 -0.0235830396
  endloop
 endfacet

 facet normal 0 0.474942237 -0.880017042
  outer loop
  vertex 0.0147203496 0.0312516429 -0.0232780781
  vertex 0.0191269014 0.0306865796 -0.0235830396
  vertex 0.0147203496 0.0306865796 -0.0235830396
  endloop
 endfacet

 facet normal -0.124303132 0.0509305261 -0.990936279
  outer loop
  vertex 0.0147203496 0.0306865796 -0.0235830396
  vertex 0.0152335213 0.0125642503 -0.024578834
  vertex 0.0152335213 0.0124431662 -0.024585057
  endloop
 endfacet

 facet normal 0 0.0548657104 -0.998493791
  outer loop
  vertex 0.0147203496 0.0306865796 -0.0235830396
  vertex 0.0191269014 0.0306865796 -0.0235830396
  vertex 0.0152335213 0.0125642503 -0.024578834
  endloop
 endfacet

 facet normal 0.0165097602 0.0513216257 -0.998545766
  outer loop
  vertex 0.0152335213 0.0124431662 -0.024585057
  vertex 0.0152335213 0.0125642503 -0.024578834
  vertex 0.0191269014 0.0306865796 -0.0235830396
  endloop
 endfacet

 facet normal 0.0197426938 0.0506303906 -0.998522282
  outer loop
  vertex 0.0152335213 0.0124431662 -0.024585057
  vertex 0.0191269014 0.0306865796 -0.0235830396
  vertex 0.0197564103 0.0306865796 -0.0235705934
  endloop
 endfacet

 facet normal 0.0449651591 0.0443484262 -0.998003662
  outer loop
  vertex 0.0152335213 0.0124431662 -0.024585057
  vertex 0.0197564103 0.0306865796 -0.0235705934
  vertex 0.0159858279 0.0118204448 -0.024578834
  endloop
 endfacet

 facet normal 0.0348316468 0.0320974477 -0.998877645
  outer loop
  vertex 0.0152335213 0.0124431662 -0.024585057
  vertex 0.0159858279 0.0118204448 -0.024578834
  vertex 0.0166140422 0.0105577065 -0.0245975032
  endloop
 endfacet

 facet normal 0.0248560216 0.0247967001 -0.99938345
  outer loop
  vertex 0.0152335213 0.0124431662 -0.024585057
  vertex 0.0166140422 0.0105577065 -0.0245975032
  vertex 0.0152335213 0.0119415307 -0.0245975032
  endloop
 endfacet

 facet normal 0.0369922519 -0.0370524079 -0.998628497
  outer loop
  vertex 0.0159845352 -0.00262321811 -0.0245975032
  vertex 0.0166140422 -0.0019947316 -0.0245975032
  vertex 0.0197564103 -0.0265345443 -0.0235705934
  endloop
 endfacet

 facet normal 0.536695302 -0.220717415 -0.814396799
  outer loop
  vertex 0.0197564103 -0.0265345443 -0.0235705934
  vertex 0.0202191677 -0.0265345443 -0.02326563
  vertex 0.0201687552 -0.0270015858 -0.0231722761
  endloop
 endfacet

 facet normal 0.303408831 -0.448928416 -0.840479851
  outer loop
  vertex 0.0197564103 -0.0265345443 -0.0235705934
  vertex 0.0201687552 -0.0270015858 -0.0231722761
  vertex 0.0197564103 -0.0270938408 -0.023271855
  endloop
 endfacet

 facet normal 0.0174732432 -0.4710657 -0.881925046
  outer loop
  vertex 0.0197564103 -0.0265345443 -0.0235705934
  vertex 0.0197564103 -0.0270938408 -0.023271855
  vertex 0.0191281959 -0.0265345443 -0.0235830396
  endloop
 endfacet

 facet normal 0.0664013922 -0.0332283974 -0.997239649
  outer loop
  vertex 0.0197564103 -0.0265345443 -0.0235705934
  vertex 0.0166140422 -0.0019947316 -0.0245975032
  vertex 0.0178691801 0.000513449719 -0.0245975032
  endloop
 endfacet

 facet normal 0.10961321 -0.0300721135 -0.993519306
  outer loop
  vertex 0.0197564103 -0.0265345443 -0.0235705934
  vertex 0.0178691801 0.000513449719 -0.0245975032
  vertex 0.0184961017 0.00238737813 -0.024585057
  endloop
 endfacet

 facet normal 0.330682814 -0.0186862536 -0.943556964
  outer loop
  vertex 0.0197564103 -0.0265345443 -0.0235705934
  vertex 0.0184961017 0.00238737813 -0.024585057
  vertex 0.0184961017 0.00301586487 -0.0245975032
  endloop
 endfacet

 facet normal 0.335866898 -0.0184016507 -0.941729665
  outer loop
  vertex 0.0197564103 -0.0265345443 -0.0235705934
  vertex 0.0184961017 0.00301586487 -0.0245975032
  vertex 0.019019613 0.00301586487 -0.0244107936
  endloop
 endfacet

 facet normal 0.41704607 -0.0154399835 -0.90875423
  outer loop
  vertex 0.0197564103 -0.0265345443 -0.0235705934
  vertex 0.019019613 0.00301586487 -0.0244107936
  vertex 0.0190428812 0.00364435161 -0.0244107936
  endloop
 endfacet

 facet normal 0.550237179 -0.0102360286 -0.834945679
  outer loop
  vertex 0.0197564103 -0.0265345443 -0.0235705934
  vertex 0.0190428812 0.00364435161 -0.0244107936
  vertex 0.0202191677 -0.0265345443 -0.02326563
  endloop
 endfacet

 facet normal 0.497267485 -0.867596388 -0.00120146491
  outer loop
  vertex 0.0197564103 -0.0273417756 -0.0226619318
  vertex 0.0202191677 -0.0270765424 -0.0226619318
  vertex 0.0202191677 -0.0270823091 -0.0184982736
  endloop
 endfacet

 facet normal 0.489065111 -0.872247338 0
  outer loop
  vertex 0.0197564103 -0.0273417756 -0.0226619318
  vertex 0.0202191677 -0.0270823091 -0.0184982736
  vertex 0.0202191677 -0.0270823091 0.0181966852
  endloop
 endfacet

 facet normal 0.489065111 -0.872247338 0
  outer loop
  vertex 0.0197564103 -0.0273417756 -0.0226619318
  vertex 0.0202191677 -0.0270823091 0.0181966852
  vertex 0.0197564103 -0.0273417756 0.0105415294
  endloop
 endfacet

 facet normal 0.28576681 -0.887754202 -0.360873818
  outer loop
  vertex 0.0197564103 -0.0273417756 -0.0226619318
  vertex 0.0197564103 -0.0270938408 -0.023271855
  vertex 0.0201687552 -0.0270015858 -0.0231722761
  endloop
 endfacet

 facet normal 0.489694595 -0.854383707 -0.173860624
  outer loop
  vertex 0.0197564103 -0.0273417756 -0.0226619318
  vertex 0.0201687552 -0.0270015858 -0.0231722761
  vertex 0.0202191677 -0.0270765424 -0.0226619318
  endloop
 endfacet

 facet normal 0.0548320226 -0.998495698 5.82296161e-06
  outer loop
  vertex 0.0191281959 -0.0273763705 -0.00614422141
  vertex 0.0197564103 -0.0273417756 0.0105415294
  vertex 0.0191256106 -0.0273763705 0.0181966852
  endloop
 endfacet

 facet normal 0.0548737347 -0.998493314 9.27132442e-06
  outer loop
  vertex 0.0191256106 -0.0273763705 0.0181966852
  vertex 0.0197564103 -0.0273417756 0.0105415294
  vertex 0.0197551176 -0.0273417756 0.0181966852
  endloop
 endfacet

 facet normal 0.054864537 -0.998325825 0.0183147099
  outer loop
  vertex 0.0191256106 -0.0273763705 0.0181966852
  vertex 0.0197551176 -0.0273417756 0.0181966852
  vertex 0.0197551176 -0.027330244 0.0188252795
  endloop
 endfacet

 facet normal 0.0274390839 -0.998573899 0.045798149
  outer loop
  vertex 0.0191256106 -0.0273763705 0.0181966852
  vertex 0.0197551176 -0.027330244 0.0188252795
  vertex 0.0191256106 -0.0273475405 0.0188252795
  endloop
 endfacet

 facet normal -0.863238215 0.202076375 0.462585211
  outer loop
  vertex 0.0156368185 0.0199907739 0.0341044739
  vertex 0.0157104991 0.014962879 0.0364383608
  vertex 0.0156807676 0.0187395643 0.0347330645
  endloop
 endfacet

 facet normal -0.815739036 0.23653172 0.527847171
  outer loop
  vertex 0.0156368185 0.0199907739 0.0341044739
  vertex 0.0156807676 0.0187395643 0.0347330645
  vertex 0.0159948766 0.0162256192 0.036345005
  endloop
 endfacet

 facet normal -0.795624018 0.252122581 0.550832629
  outer loop
  vertex 0.0156368185 0.0199907739 0.0341044739
  vertex 0.0159948766 0.0162256192 0.036345005
  vertex 0.0157014523 0.0199907739 0.0341978259
  endloop
 endfacet

 facet normal -0.783269525 0.304010063 0.542279184
  outer loop
  vertex 0.0156368185 0.0199907739 0.0341044739
  vertex 0.0157014523 0.0199907739 0.0341978259
  vertex 0.0156368185 0.0207345784 0.0336874835
  endloop
 endfacet

 facet normal -0.688085258 0.368930399 0.624843299
  outer loop
  vertex 0.0156368185 0.0207345784 0.0336874835
  vertex 0.0157014523 0.0199907739 0.0341978259
  vertex 0.0156368185 0.0220838077 0.0328908488
  endloop
 endfacet

 facet normal -0.672051191 0.459828228 0.580435395
  outer loop
  vertex 0.0156368185 0.0220838077 0.0328908488
  vertex 0.0157221332 0.0221299343 0.0329530872
  vertex 0.0156368185 0.022712294 0.0323929526
  endloop
 endfacet

 facet normal -0.670271277 0.378066778 0.638593793
  outer loop
  vertex 0.0156368185 0.0220838077 0.0328908488
  vertex 0.0157014523 0.0199907739 0.0341978259
  vertex 0.0157221332 0.0221299343 0.0329530872
  endloop
 endfacet

 facet normal -0.686697245 0.493683934 0.533594489
  outer loop
  vertex 0.0156368185 0.022712294 0.0323929526
  vertex 0.0156768896 0.0228218473 0.0323431641
  vertex 0.0156368185 0.0227930173 0.032318268
  endloop
 endfacet

 facet normal -0.608630657 0.501914859 0.61453259
  outer loop
  vertex 0.0156368185 0.022712294 0.0323929526
  vertex 0.0157221332 0.0221299343 0.0329530872
  vertex 0.0156768896 0.0228218473 0.0323431641
  endloop
 endfacet

 facet normal -0.687884212 0.510979891 0.515475452
  outer loop
  vertex 0.0156368185 0.0227930173 0.032318268
  vertex 0.0156768896 0.0228218473 0.0323431641
  vertex 0.0156368185 0.0233580787 0.031758137
  endloop
 endfacet

 facet normal -0.690951049 0.511212051 0.511125207
  outer loop
  vertex 0.0156368185 0.0233580787 0.031758137
  vertex 0.0160801895 0.0256125592 0.0301026311
  vertex 0.0160801895 0.0262410454 0.0294740368
  endloop
 endfacet

 facet normal -0.697058141 0.508054912 0.505954742
  outer loop
  vertex 0.0156368185 0.0233580787 0.031758137
  vertex 0.0160801895 0.0262410454 0.0294740368
  vertex 0.0157622043 0.0244536046 0.0308308043
  endloop
 endfacet

 facet normal -0.746197641 0.477800369 0.463568628
  outer loop
  vertex 0.0156368185 0.0233580787 0.031758137
  vertex 0.0157622043 0.0244536046 0.0308308043
  vertex 0.0156730134 0.0240788199 0.0310735274
  endloop
 endfacet

 facet normal -0.772375822 0.457398832 0.440706223
  outer loop
  vertex 0.0156368185 0.0233580787 0.031758137
  vertex 0.0156730134 0.0240788199 0.0310735274
  vertex 0.0156368185 0.0239577368 0.031135764
  endloop
 endfacet

 facet normal -0.682068944 0.515223622 0.518966913
  outer loop
  vertex 0.0156368185 0.0233580787 0.031758137
  vertex 0.0156768896 0.0228218473 0.0323431641
  vertex 0.0160801895 0.0256125592 0.0301026311
  endloop
 endfacet

 facet normal -0.786289215 0.451712251 0.421551287
  outer loop
  vertex 0.0156368185 0.0239577368 0.031135764
  vertex 0.0156730134 0.0240788199 0.0310735274
  vertex 0.0157738365 0.0262871739 0.028895231
  endloop
 endfacet

 facet normal -0.847285211 0.393240452 0.3570292
  outer loop
  vertex 0.0156368185 0.0239577368 0.031135764
  vertex 0.0157738365 0.0262871739 0.028895231
  vertex 0.0156368185 0.0242402665 0.0308245793
  endloop
 endfacet

 facet normal -0.92885232 0.285114765 0.236522555
  outer loop
  vertex 0.0156368185 0.0242402665 0.0308245793
  vertex 0.0157738365 0.0262871739 0.028895231
  vertex 0.0156794749 0.0275441464 0.0270094499
  endloop
 endfacet

 facet normal -0.838859975 0.463040978 0.286194265
  outer loop
  vertex 0.0156794749 0.0275441464 0.0270094499
  vertex 0.015928952 0.0275845081 0.0276753865
  vertex 0.0160944071 0.0279996544 0.027488675
  endloop
 endfacet

 facet normal -0.836501718 0.475527704 0.272283614
  outer loop
  vertex 0.0156794749 0.0275441464 0.0270094499
  vertex 0.0160944071 0.0279996544 0.027488675
  vertex 0.016033655 0.028195696 0.0269596595
  endloop
 endfacet

 facet normal -0.844450593 0.4775756 0.242538124
  outer loop
  vertex 0.0156794749 0.0275441464 0.0270094499
  vertex 0.016033655 0.028195696 0.0269596595
  vertex 0.0155527992 0.0314765126 0.0188252795
  endloop
 endfacet

 facet normal -0.870369434 0.388511568 0.302515596
  outer loop
  vertex 0.0156794749 0.0275441464 0.0270094499
  vertex 0.0157738365 0.0262871739 0.028895231
  vertex 0.015928952 0.0275845081 0.0276753865
  endloop
 endfacet

 facet normal -0.598724961 0.729910731 0.329785943
  outer loop
  vertex 0.0155527992 0.0314765126 0.0188252795
  vertex 0.016033655 0.028195696 0.0269596595
  vertex 0.0162689127 0.0284955259 0.0267231595
  endloop
 endfacet

 facet normal -0.0544582605 0.932546377 0.356919497
  outer loop
  vertex 0.0155527992 0.0314765126 0.0188252795
  vertex 0.0162689127 0.0284955259 0.0267231595
  vertex 0.0166127495 0.0283917394 0.0270467922
  endloop
 endfacet

 facet normal -0.0249718539 0.934910178 0.35400492
  outer loop
  vertex 0.0155527992 0.0314765126 0.0188252795
  vertex 0.0166127495 0.0283917394 0.0270467922
  vertex 0.0159845352 0.0314880461 0.0188252795
  endloop
 endfacet

 facet normal -0.026610449 0.996256769 0.0822453946
  outer loop
  vertex 0.0155527992 0.0314765126 0.0188252795
  vertex 0.0159845352 0.0314880461 0.0188252795
  vertex 0.0155527992 0.0315284058 0.0181966852
  endloop
 endfacet

 facet normal -0.924559355 0.379746109 0.0313497111
  outer loop
  vertex 0.0155527992 0.0314765126 0.0188252795
  vertex 0.0155527992 0.0315284058 0.0181966852
  vertex 0.0147203496 0.0315111093 -0.00614422141
  endloop
 endfacet

 facet normal -0.836147964 0.0103195244 0.54840678
  outer loop
  vertex 0.0156833529 0.00552981207 0.0383241437
  vertex 0.0159935821 0.00552981207 0.0387971476
  vertex 0.015691109 0.00615829881 0.0383241437
  endloop
 endfacet

 facet normal -0.825392246 0.0271606557 0.563905954
  outer loop
  vertex 0.015691109 0.00615829881 0.0383241437
  vertex 0.0159935821 0.00552981207 0.0387971476
  vertex 0.0157117918 0.00678678509 0.0383241437
  endloop
 endfacet

 facet normal -0.926312506 0.055761274 0.372607112
  outer loop
  vertex 0.0157117918 0.00678678509 0.0383241437
  vertex 0.0157492775 0.00740950648 0.0383241437
  vertex 0.0156859383 0.0105577065 0.0376955494
  endloop
 endfacet

 facet normal -0.817827225 0.0328527018 0.574525297
  outer loop
  vertex 0.0157117918 0.00678678509 0.0383241437
  vertex 0.0159935821 0.00552981207 0.0387971476
  vertex 0.01600134 0.00615829881 0.0387722515
  endloop
 endfacet

 facet normal -0.809820175 0.0440270081 0.58502388
  outer loop
  vertex 0.0157117918 0.00678678509 0.0383241437
  vertex 0.01600134 0.00615829881 0.0387722515
  vertex 0.016022021 0.00678678509 0.0387535803
  endloop
 endfacet

 facet normal -0.809642911 0.0487381071 0.58489579
  outer loop
  vertex 0.0157117918 0.00678678509 0.0383241437
  vertex 0.016022021 0.00678678509 0.0387535803
  vertex 0.0157492775 0.00740950648 0.0383241437
  endloop
 endfacet

 facet normal -0.871266365 0.0791863725 0.484380633
  outer loop
  vertex 0.0156859383 0.0105577065 0.0376955494
  vertex 0.0157492775 0.00740950648 0.0383241437
  vertex 0.0158074461 0.00804952439 0.0383241437
  endloop
 endfacet

 facet normal -0.84791553 0.0898609608 0.522459924
  outer loop
  vertex 0.0156859383 0.0105577065 0.0376955494
  vertex 0.0158074461 0.00804952439 0.0383241437
  vertex 0.0157531556 0.0111919586 0.0376955494
  endloop
 endfacet

 facet normal -0.920701861 0.0975747705 0.37787208
  outer loop
  vertex 0.0156859383 0.0105577065 0.0376955494
  vertex 0.0157531556 0.0111919586 0.0376955494
  vertex 0.0156949889 0.0130774193 0.0370669551
  endloop
 endfacet

 facet normal -0.826067686 0.155144677 0.541795433
  outer loop
  vertex 0.0156949889 0.0130774193 0.0370669551
  vertex 0.0157531556 0.0111919586 0.0376955494
  vertex 0.016005218 0.0130774193 0.0375399552
  endloop
 endfacet

 facet normal -0.82161963 0.185881063 0.538878083
  outer loop
  vertex 0.0156949889 0.0130774193 0.0370669551
  vertex 0.016005218 0.0130774193 0.0375399552
  vertex 0.0158371758 0.0137059065 0.0370669551
  endloop
 endfacet

 facet normal -0.822329879 0.186041757 0.537738025
  outer loop
  vertex 0.0156949889 0.0130774193 0.0370669551
  vertex 0.0158371758 0.0137059065 0.0370669551
  vertex 0.0157104991 0.014962879 0.0364383608
  endloop
 endfacet

 facet normal -0.819846809 0.187866151 0.540885866
  outer loop
  vertex 0.0157104991 0.014962879 0.0364383608
  vertex 0.0158371758 0.0137059065 0.0370669551
  vertex 0.016005218 0.0130774193 0.0375399552
  endloop
 endfacet

 facet normal -0.812554538 0.194106668 0.549615979
  outer loop
  vertex 0.0157104991 0.014962879 0.0364383608
  vertex 0.016005218 0.0130774193 0.0375399552
  vertex 0.016022021 0.014962879 0.0368989147
  endloop
 endfacet

 facet normal -0.807590663 0.222259283 0.54625833
  outer loop
  vertex 0.0157104991 0.014962879 0.0364383608
  vertex 0.016022021 0.014962879 0.0368989147
  vertex 0.0159948766 0.0162256192 0.036345005
  endloop
 endfacet

 facet normal -0.828155756 0.224475071 0.513584495
  outer loop
  vertex 0.0157104991 0.014962879 0.0364383608
  vertex 0.0159948766 0.0162256192 0.036345005
  vertex 0.0158332996 0.0168541055 0.0358097665
  endloop
 endfacet

 facet normal -0.831854582 0.222941265 0.508247137
  outer loop
  vertex 0.0157104991 0.014962879 0.0364383608
  vertex 0.0158332996 0.0168541055 0.0358097665
  vertex 0.0156807676 0.0187395643 0.0347330645
  endloop
 endfacet

 facet normal 0.024330277 -0.885436952 0.464122236
  outer loop
  vertex 0.0191256106 -0.0273475405 0.0188252795
  vertex 0.0197551176 -0.027330244 0.0188252795
  vertex 0.0197551176 -0.0270823091 0.0192982815
  endloop
 endfacet

 facet normal 0.0127605041 -0.879307687 0.476083249
  outer loop
  vertex 0.0191256106 -0.0273475405 0.0188252795
  vertex 0.0197551176 -0.0270823091 0.0192982815
  vertex 0.0191256106 -0.027088074 0.0193045046
  endloop
 endfacet

 facet normal 0.0134358695 -0.733931005 0.679091215
  outer loop
  vertex 0.0191256106 -0.027088074 0.0193045046
  vertex 0.0197551176 -0.0270823091 0.0192982815
  vertex 0.0194384251 -0.0179778989 0.0291441791
  endloop
 endfacet

 facet normal 0.0267595574 -0.706999302 0.706707895
  outer loop
  vertex 0.0194384251 -0.0179778989 0.0291441791
  vertex 0.0197551176 -0.0179721341 0.029137956
  vertex 0.0197551176 -0.0160809066 0.0310299639
  endloop
 endfacet

 facet normal 0.00820714142 -0.705673397 0.708489776
  outer loop
  vertex 0.0194384251 -0.0179778989 0.0291441791
  vertex 0.0197551176 -0.0160809066 0.0310299639
  vertex 0.0194384251 -0.0165594798 0.0305569619
  endloop
 endfacet

 facet normal 0.00590055529 -0.705684841 0.708501279
  outer loop
  vertex 0.0194384251 -0.0179778989 0.0291441791
  vertex 0.0194384251 -0.0165594798 0.0305569619
  vertex 0.0191256106 -0.0173494127 0.0297727734
  endloop
 endfacet

 facet normal 0.00267610466 -0.706498146 0.707709789
  outer loop
  vertex 0.0194384251 -0.0179778989 0.0291441791
  vertex 0.0191256106 -0.0173494127 0.0297727734
  vertex 0.0172900837 -0.0167266913 0.0304013696
  endloop
 endfacet

 facet normal 0 -0.708790898 0.705418646
  outer loop
  vertex 0.0194384251 -0.0179778989 0.0291441791
  vertex 0.0172900837 -0.0167266913 0.0304013696
  vertex 0.0166127495 -0.0167266913 0.0304013696
  endloop
 endfacet

 facet normal -0.000552144716 -0.709411085 0.704794824
  outer loop
  vertex 0.0194384251 -0.0179778989 0.0291441791
  vertex 0.0166127495 -0.0167266913 0.0304013696
  vertex 0.0166127495 -0.0176665392 0.0294553656
  endloop
 endfacet

 facet normal -0.00154228311 -0.713875473 0.700270951
  outer loop
  vertex 0.0194384251 -0.0179778989 0.0291441791
  vertex 0.0166127495 -0.0176665392 0.0294553656
  vertex 0.0166127495 -0.0179778989 0.029137956
  endloop
 endfacet

 facet normal 0.0267007314 -0.733522654 0.679140329
  outer loop
  vertex 0.0194384251 -0.0179778989 0.0291441791
  vertex 0.0197551176 -0.0270823091 0.0192982815
  vertex 0.0197551176 -0.0179721341 0.029137956
  endloop
 endfacet

 facet normal -0.222687706 -0.695950806 0.682687819
  outer loop
  vertex 0.0166127495 -0.0179778989 0.029137956
  vertex 0.0166127495 -0.0176665392 0.0294553656
  vertex 0.0160944071 -0.0175800491 0.029374456
  endloop
 endfacet

 facet normal -0.222651541 -0.691603601 0.687103212
  outer loop
  vertex 0.0160944071 -0.0175800491 0.029374456
  vertex 0.0166127495 -0.0176665392 0.0294553656
  vertex 0.0166127495 -0.0167266913 0.0304013696
  endloop
 endfacet

 facet normal 0 -0.645662189 0.763623238
  outer loop
  vertex 0.0166127495 -0.0160866715 0.0310299639
  vertex 0.0172900837 -0.0160866715 0.0310299639
  vertex 0.0172900837 -0.0157407168 0.0313224755
  endloop
 endfacet

 facet normal -0.00072708627 -0.644831538 0.764324427
  outer loop
  vertex 0.0166127495 -0.0160866715 0.0310299639
  vertex 0.0172900837 -0.0157407168 0.0313224755
  vertex 0.0166127495 -0.0150834005 0.0318763852
  endloop
 endfacet

 facet normal -0.123716652 -0.639877796 0.758452773
  outer loop
  vertex 0.0166127495 -0.0160866715 0.0310299639
  vertex 0.0166127495 -0.0150834005 0.0318763852
  vertex 0.0161448196 -0.0143511267 0.0324178487
  endloop
 endfacet

 facet normal -0.204277307 -0.64437741 0.73691833
  outer loop
  vertex 0.0166127495 -0.0160866715 0.0310299639
  vertex 0.0161448196 -0.0143511267 0.0324178487
  vertex 0.0160944071 -0.0156945903 0.0312291216
  endloop
 endfacet

 facet normal 0 -0.700710237 0.713446021
  outer loop
  vertex 0.0166127495 -0.0160866715 0.0310299639
  vertex 0.0166127495 -0.0167266913 0.0304013696
  vertex 0.0172900837 -0.0167266913 0.0304013696
  endloop
 endfacet

 facet normal 0 -0.700710237 0.713446021
  outer loop
  vertex 0.0166127495 -0.0160866715 0.0310299639
  vertex 0.0172900837 -0.0167266913 0.0304013696
  vertex 0.0172900837 -0.0160866715 0.0310299639
  endloop
 endfacet

 facet normal -0.107988253 -0.634761095 0.765125453
  outer loop
  vertex 0.0161448196 -0.0143511267 0.0324178487
  vertex 0.0166127495 -0.0150834005 0.0318763852
  vertex 0.0166127495 -0.0143857226 0.032455191
  endloop
 endfacet

 facet normal -0.107933514 -0.628101707 0.77060926
  outer loop
  vertex 0.0161448196 -0.0143511267 0.0324178487
  vertex 0.0166127495 -0.0143857226 0.032455191
  vertex 0.0162508152 -0.0136592146 0.0329966545
  endloop
 endfacet

 facet normal -0.0581996068 -0.61504817 0.786338806
  outer loop
  vertex 0.0162508152 -0.0136592146 0.0329966545
  vertex 0.0166127495 -0.0143857226 0.032455191
  vertex 0.0166127495 -0.0139878727 0.0327663757
  endloop
 endfacet

 facet normal -0.0328135304 -0.597501516 0.801196098
  outer loop
  vertex 0.0162508152 -0.0136592146 0.0329966545
  vertex 0.0166127495 -0.0139878727 0.0327663757
  vertex 0.0166127495 -0.0136707472 0.0330028757
  endloop
 endfacet

 facet normal -0.0323582552 -0.574044347 0.818184614
  outer loop
  vertex 0.0162508152 -0.0136592146 0.0329966545
  vertex 0.0166127495 -0.0136707472 0.0330028757
  vertex 0.0166127495 -0.0133247906 0.0332456008
  endloop
 endfacet

 facet normal -0.0360004231 -0.571377575 0.819897413
  outer loop
  vertex 0.0162508152 -0.0136592146 0.0329966545
  vertex 0.0166127495 -0.0133247906 0.0332456008
  vertex 0.0166127495 -0.0121370088 0.0340733528
  endloop
 endfacet

 facet normal -0.0872786567 -0.561352551 0.822961688
  outer loop
  vertex 0.0162508152 -0.0136592146 0.0329966545
  vertex 0.0166127495 -0.0121370088 0.0340733528
  vertex 0.0162068661 -0.0117910523 0.0342662893
  endloop
 endfacet

 facet normal -0.402668506 -0.520971358 0.752626717
  outer loop
  vertex 0.0162508152 -0.0136592146 0.0329966545
  vertex 0.0162068661 -0.0117910523 0.0342662893
  vertex 0.0161073338 -0.0125233261 0.0337061547
  endloop
 endfacet

 facet normal -0.423108459 -0.517857194 0.743507385
  outer loop
  vertex 0.0162508152 -0.0136592146 0.0329966545
  vertex 0.0161073338 -0.0125233261 0.0337061547
  vertex 0.0156885255 -0.0123330504 0.0336003527
  endloop
 endfacet

 facet normal -0.430017769 -0.518706262 0.738937497
  outer loop
  vertex 0.0162508152 -0.0136592146 0.0329966545
  vertex 0.0156885255 -0.0123330504 0.0336003527
  vertex 0.0158320051 -0.0134804705 0.0328784026
  endloop
 endfacet

 facet normal -0.422136009 -0.513878465 0.746813297
  outer loop
  vertex 0.0156885255 -0.0123330504 0.0336003527
  vertex 0.0161073338 -0.0125233261 0.0337061547
  vertex 0.0162068661 -0.0117910523 0.0342662893
  endloop
 endfacet

 facet normal -0.499369979 -0.439674705 0.746535897
  outer loop
  vertex 0.0156885255 -0.0123330504 0.0336003527
  vertex 0.0162068661 -0.0117910523 0.0342662893
  vertex 0.0161422342 -0.0105975037 0.034926001
  endloop
 endfacet

 facet normal -0.577264726 -0.394975126 0.71467483
  outer loop
  vertex 0.0156885255 -0.0123330504 0.0336003527
  vertex 0.0161422342 -0.0105975037 0.034926001
  vertex 0.0161150899 -0.00938665774 0.0355732664
  endloop
 endfacet

 facet normal -0.67033428 -0.343423247 0.657808781
  outer loop
  vertex 0.0156885255 -0.0123330504 0.0336003527
  vertex 0.0161150899 -0.00938665774 0.0355732664
  vertex 0.0157622043 -0.0114277992 0.0341480374
  endloop
 endfacet

 facet normal -0.699440956 -0.323912799 0.637073696
  outer loop
  vertex 0.0157622043 -0.0114277992 0.0341480374
  vertex 0.0161150899 -0.00938665774 0.0355732664
  vertex 0.0160065088 -0.00891961809 0.0356915183
  endloop
 endfacet

 facet normal -0.650008678 -0.32503733 0.686905742
  outer loop
  vertex 0.0160065088 -0.00891961809 0.0356915183
  vertex 0.0161150899 -0.00938665774 0.0355732664
  vertex 0.0161318928 -0.00811815262 0.0361894108
  endloop
 endfacet

 facet normal -0.657501876 -0.320691824 0.681797683
  outer loop
  vertex 0.0160065088 -0.00891961809 0.0356915183
  vertex 0.0161318928 -0.00811815262 0.0361894108
  vertex 0.0160194356 -0.00766264368 0.0362952165
  endloop
 endfacet

 facet normal -0.587317407 -0.315830588 0.745190799
  outer loop
  vertex 0.0160194356 -0.00766264368 0.0362952165
  vertex 0.0161874779 -0.00681505213 0.0367868878
  vertex 0.0160620939 -0.00640567066 0.0368615724
  endloop
 endfacet

 facet normal -0.58379221 -0.317679018 0.747172534
  outer loop
  vertex 0.0160194356 -0.00766264368 0.0362952165
  vertex 0.0161318928 -0.00811815262 0.0361894108
  vertex 0.0161874779 -0.00681505213 0.0367868878
  endloop
 endfacet

 facet normal -0.589287698 -0.270248055 0.761384249
  outer loop
  vertex 0.0160620939 -0.00640567066 0.0368615724
  vertex 0.0161461141 -0.00497571891 0.0374341533
  vertex 0.0160310678 -0.00451444462 0.0375088379
  endloop
 endfacet

 facet normal -0.489202797 -0.299284399 0.819212794
  outer loop
  vertex 0.0160620939 -0.00640567066 0.0368615724
  vertex 0.0161874779 -0.00681505213 0.0367868878
  vertex 0.0161461141 -0.00497571891 0.0374341533
  endloop
 endfacet

 facet normal -0.412865967 -0.245002449 0.877220333
  outer loop
  vertex 0.0160310678 -0.00451444462 0.0375088379
  vertex 0.0161461141 -0.00497571891 0.0374341533
  vertex 0.016118966 -0.00263474975 0.0380751975
  endloop
 endfacet

 facet normal -0.628041267 -0.197427914 0.752719343
  outer loop
  vertex 0.0160310678 -0.00451444462 0.0375088379
  vertex 0.016118966 -0.00263474975 0.0380751975
  vertex 0.0160090961 -0.00200049742 0.0381498784
  endloop
 endfacet

 facet normal -0.806541622 -0.152681589 0.571120858
  outer loop
  vertex 0.0160310678 -0.00451444462 0.0375088379
  vertex 0.0160090961 -0.00200049742 0.0381498784
  vertex 0.0158074461 -0.00263474975 0.0376955494
  endloop
 endfacet

 facet normal -0.377608985 -0.172535926 0.909748793
  outer loop
  vertex 0.0160090961 -0.00200049742 0.0381498784
  vertex 0.016118966 -0.00263474975 0.0380751975
  vertex 0.0162417665 0.000115600276 0.0386477746
  endloop
 endfacet

 facet normal -0.433637559 -0.160928875 0.886600494
  outer loop
  vertex 0.0160090961 -0.00200049742 0.0381498784
  vertex 0.0162417665 0.000115600276 0.0386477746
  vertex 0.0161577463 0.000513449719 0.0386788957
  endloop
 endfacet

 facet normal -0.619835079 -0.126328692 0.774497032
  outer loop
  vertex 0.0160090961 -0.00200049742 0.0381498784
  vertex 0.0161577463 0.000513449719 0.0386788957
  vertex 0.0160763115 0.0011419364 0.038716238
  endloop
 endfacet

 facet normal -0.780698895 -0.0946287736 0.617701292
  outer loop
  vertex 0.0160090961 -0.00200049742 0.0381498784
  vertex 0.0160763115 0.0011419364 0.038716238
  vertex 0.0157660823 0.0011419364 0.0383241437
  endloop
 endfacet

 facet normal -0.781854868 -0.0775708854 0.618615985
  outer loop
  vertex 0.0157660823 0.0011419364 0.0383241437
  vertex 0.0160763115 0.0011419364 0.038716238
  vertex 0.016033655 0.00177042326 0.0387411341
  endloop
 endfacet

 facet normal -0.799349725 -0.0565748326 0.598196745
  outer loop
  vertex 0.0157660823 0.0011419364 0.0383241437
  vertex 0.016033655 0.00177042326 0.0387411341
  vertex 0.0160078015 0.00239891 0.0387660265
  endloop
 endfacet

 facet normal -0.239204049 -0.048250448 0.969769716
  outer loop
  vertex 0.0160078015 0.00239891 0.0387660265
  vertex 0.016033655 0.00177042326 0.0387411341
  vertex 0.0166127495 0.00302739674 0.0389465131
  endloop
 endfacet

 facet normal -0.243961722 -0.0433963463 0.968813419
  outer loop
  vertex 0.0160078015 0.00239891 0.0387660265
  vertex 0.0166127495 0.00302739674 0.0389465131
  vertex 0.0159948766 0.00302739674 0.0387909226
  endloop
 endfacet

 facet normal -0.244146749 -0.0192009881 0.969548166
  outer loop
  vertex 0.0159948766 0.00302739674 0.0387909226
  vertex 0.0166127495 0.00302739674 0.0389465131
  vertex 0.0166127495 0.00365588348 0.0389589593
  endloop
 endfacet

 facet normal -0.252835125 -0.0101001058 0.967456698
  outer loop
  vertex 0.0159948766 0.00302739674 0.0387909226
  vertex 0.0166127495 0.00365588348 0.0389589593
  vertex 0.0159935821 0.00365588348 0.0387971476
  endloop
 endfacet

 facet normal -0.252848029 0 0.967506051
  outer loop
  vertex 0.0159935821 0.00365588348 0.0387971476
  vertex 0.0166127495 0.00365588348 0.0389589593
  vertex 0.0166127495 0.00490132533 0.0389589593
  endloop
 endfacet

 facet normal -0.252848029 0 0.967506051
  outer loop
  vertex 0.0159935821 0.00365588348 0.0387971476
  vertex 0.0166127495 0.00490132533 0.0389589593
  vertex 0.0159935821 0.00552981207 0.0387971476
  endloop
 endfacet

 facet normal 0.0511748269 0.931189954 -0.360924423
  outer loop
  vertex 0.0191269014 0.0315111093 -0.0226681549
  vertex 0.0197564103 0.0314765126 -0.0226681549
  vertex 0.0197564103 0.0312401094 -0.0232780781
  endloop
 endfacet

 facet normal 0.0168544762 0.920064688 -0.391403764
  outer loop
  vertex 0.0191269014 0.0315111093 -0.0226681549
  vertex 0.0197564103 0.0312401094 -0.0232780781
  vertex 0.0191269014 0.0312516429 -0.0232780781
  endloop
 endfacet

 facet normal 0.0544546656 0.998516202 -0.000420942757
  outer loop
  vertex 0.0191269014 0.0315111093 -0.0226681549
  vertex 0.0191256106 0.0315284058 0.0181966852
  vertex 0.0197551176 0.0314938091 0.0175680909
  endloop
 endfacet

 facet normal 0.0548735783 0.998493314 -0.000427493185
  outer loop
  vertex 0.0191269014 0.0315111093 -0.0226681549
  vertex 0.0197551176 0.0314938091 0.0175680909
  vertex 0.0197564103 0.0314765126 -0.0226681549
  endloop
 endfacet

 facet normal -0.018261971 0.996898293 0.0765526146
  outer loop
  vertex 0.0155527992 0.0315284058 0.0181966852
  vertex 0.0159845352 0.0314880461 0.0188252795
  vertex 0.0166140422 0.0314995758 0.0188252795
  endloop
 endfacet

 facet normal 0 0.998949945 0.0458154008
  outer loop
  vertex 0.0155527992 0.0315284058 0.0181966852
  vertex 0.0166140422 0.0314995758 0.0188252795
  vertex 0.0191256106 0.0314995758 0.0188252795
  endloop
 endfacet

 facet normal 0 0.998949945 0.0458154008
  outer loop
  vertex 0.0155527992 0.0315284058 0.0181966852
  vertex 0.0191256106 0.0314995758 0.0188252795
  vertex 0.0191256106 0.0315284058 0.0181966852
  endloop
 endfacet

 facet normal 0.00870003738 0.474924177 -0.879983664
  outer loop
  vertex 0.0191269014 0.0312516429 -0.0232780781
  vertex 0.0197564103 0.0312401094 -0.0232780781
  vertex 0.0191269014 0.0306865796 -0.0235830396
  endloop
 endfacet

 facet normal 0.0174784195 0.467155069 -0.884002626
  outer loop
  vertex 0.0191269014 0.0306865796 -0.0235830396
  vertex 0.0197564103 0.0312401094 -0.0232780781
  vertex 0.0197564103 0.0306865796 -0.0235705934
  endloop
 endfacet

 facet normal 0.314566672 0.44350788 -0.839254797
  outer loop
  vertex 0.0197564103 0.0306865796 -0.0235705934
  vertex 0.0197564103 0.0312401094 -0.0232780781
  vertex 0.0201687552 0.0311478563 -0.0231722761
  endloop
 endfacet

 facet normal 0.536366642 0.223339543 -0.813898265
  outer loop
  vertex 0.0197564103 0.0306865796 -0.0235705934
  vertex 0.0201687552 0.0311478563 -0.0231722761
  vertex 0.0202191677 0.0306865796 -0.02326563
  endloop
 endfacet

 facet normal 0.550225735 0.0120929554 -0.834928393
  outer loop
  vertex 0.0197564103 0.0306865796 -0.0235705934
  vertex 0.0202191677 0.0306865796 -0.02326563
  vertex 0.0190480519 0.00490709115 -0.0244107936
  endloop
 endfacet

 facet normal 0.473065794 0.0157110058 -0.880887032
  outer loop
  vertex 0.0197564103 0.0306865796 -0.0235705934
  vertex 0.0190480519 0.00490709115 -0.0244107936
  vertex 0.019027371 0.00552981207 -0.0244107936
  endloop
 endfacet

 facet normal 0.429976314 0.0176871493 -0.902666926
  outer loop
  vertex 0.0197564103 0.0306865796 -0.0235705934
  vertex 0.019027371 0.00552981207 -0.0244107936
  vertex 0.0190015174 0.00615829881 -0.0244107936
  endloop
 endfacet

 facet normal 0.346449405 0.0214620624 -0.937823057
  outer loop
  vertex 0.0197564103 0.0306865796 -0.0235705934
  vertex 0.0190015174 0.00615829881 -0.0244107936
  vertex 0.0184961017 0.00615829881 -0.0245975032
  endloop
 endfacet

 facet normal 0.113579348 0.0357326493 -0.992886186
  outer loop
  vertex 0.0197564103 0.0306865796 -0.0235705934
  vertex 0.0184961017 0.00615829881 -0.0245975032
  vertex 0.0178665947 0.0086780116 -0.024578834
  endloop
 endfacet

 facet normal 0.0777578726 0.0389608406 -0.996210694
  outer loop
  vertex 0.0197564103 0.0306865796 -0.0235705934
  vertex 0.0178665947 0.0086780116 -0.024578834
  vertex 0.0172396731 0.00992921926 -0.024578834
  endloop
 endfacet

 facet normal 0.0698708892 0.0399435982 -0.996756017
  outer loop
  vertex 0.0197564103 0.0306865796 -0.0235705934
  vertex 0.0172396731 0.00992921926 -0.024578834
  vertex 0.0166140422 0.0105577065 -0.0245975032
  endloop
 endfacet

 facet normal 0.0552982353 0.0422603637 -0.997575223
  outer loop
  vertex 0.0197564103 0.0306865796 -0.0235705934
  vertex 0.0166140422 0.0105577065 -0.0245975032
  vertex 0.0159858279 0.0118204448 -0.024578834
  endloop
 endfacet

 facet normal 0.0599497184 0.0300380066 -0.997749329
  outer loop
  vertex 0.0166140422 0.0105577065 -0.0245975032
  vertex 0.0172396731 0.00992921926 -0.024578834
  vertex 0.0178665947 0.0086780116 -0.024578834
  endloop
 endfacet

 facet normal 0.0593540668 0.0296406224 -0.997796774
  outer loop
  vertex 0.0166140422 0.0105577065 -0.0245975032
  vertex 0.0178665947 0.0086780116 -0.024578834
  vertex 0.0178665947 0.00804952439 -0.0245975032
  endloop
 endfacet

 facet normal 0.969922483 0 -0.243414044
  outer loop
  vertex 0.0202191677 -0.0265345443 -0.02326563
  vertex 0.0202191677 0.0306865796 -0.02326563
  vertex 0.0203691125 0.0306865796 -0.0226681549
  endloop
 endfacet

 facet normal 0.969922483 0 -0.243414044
  outer loop
  vertex 0.0202191677 -0.0265345443 -0.02326563
  vertex 0.0203691125 0.0306865796 -0.0226681549
  vertex 0.0203691125 0.0264024921 -0.0226681549
  endloop
 endfacet

 facet normal 0.970512331 -2.83380577e-05 -0.241051301
  outer loop
  vertex 0.0202191677 -0.0265345443 -0.02326563
  vertex 0.0203691125 0.0264024921 -0.0226681549
  vertex 0.0203691125 -0.0265345443 -0.0226619318
  endloop
 endfacet

 facet normal 0.959357262 -0.151181966 -0.238280654
  outer loop
  vertex 0.0202191677 -0.0265345443 -0.02326563
  vertex 0.0203691125 -0.0265345443 -0.0226619318
  vertex 0.0201687552 -0.0270015858 -0.0231722761
  endloop
 endfacet

 facet normal 0.591626048 -0.00753117073 -0.806177318
  outer loop
  vertex 0.0202191677 -0.0265345443 -0.02326563
  vertex 0.0190428812 0.00364435161 -0.0244107936
  vertex 0.0193647444 0.00427860441 -0.0241805147
  endloop
 endfacet

 facet normal 0.651411593 -0.00446403446 -0.758711398
  outer loop
  vertex 0.0202191677 -0.0265345443 -0.02326563
  vertex 0.0193647444 0.00427860441 -0.0241805147
  vertex 0.0197344366 0.00427860441 -0.023863107
  endloop
 endfacet

 facet normal 0.662394464 -0.00410574628 -0.749144018
  outer loop
  vertex 0.0202191677 -0.0265345443 -0.02326563
  vertex 0.0197344366 0.00427860441 -0.023863107
  vertex 0.0200472493 0.00364435161 -0.0235830396
  endloop
 endfacet

 facet normal 0.732586563 -0.00298567815 -0.680667341
  outer loop
  vertex 0.0202191677 -0.0265345443 -0.02326563
  vertex 0.0200472493 0.00364435161 -0.0235830396
  vertex 0.0200498346 0.00427860441 -0.0235830396
  endloop
 endfacet

 facet normal 0.882296443 0 -0.470694244
  outer loop
  vertex 0.0202191677 -0.0265345443 -0.02326563
  vertex 0.0200498346 0.00427860441 -0.0235830396
  vertex 0.0200498346 0.00490709115 -0.0235830396
  endloop
 endfacet

 facet normal 0.882296443 0 -0.470694244
  outer loop
  vertex 0.0202191677 -0.0265345443 -0.02326563
  vertex 0.0200498346 0.00490709115 -0.0235830396
  vertex 0.0202191677 0.0306865796 -0.02326563
  endloop
 endfacet

 facet normal 0.955213189 -0.264259845 -0.133170471
  outer loop
  vertex 0.0201687552 -0.0270015858 -0.0231722761
  vertex 0.0203691125 -0.0265345443 -0.0226619318
  vertex 0.0202191677 -0.0270765424 -0.0226619318
  endloop
 endfacet

 facet normal 0.078788504 -0.0197386201 -0.996695936
  outer loop
  vertex 0.0178691801 0.000513449719 -0.0245975032
  vertex 0.0184961017 0.00301586487 -0.0245975032
  vertex 0.0184961017 0.00238737813 -0.024585057
  endloop
 endfacet

 facet normal 0.319095135 0 -0.947722673
  outer loop
  vertex 0.0184961017 0.00301586487 -0.0245975032
  vertex 0.0184961017 0.00615829881 -0.0245975032
  vertex 0.0190506373 0.00427860441 -0.0244107936
  endloop
 endfacet

 facet normal 0.327264398 -0.00400132779 -0.944924355
  outer loop
  vertex 0.0184961017 0.00301586487 -0.0245975032
  vertex 0.0190506373 0.00427860441 -0.0244107936
  vertex 0.0190428812 0.00364435161 -0.0244107936
  endloop
 endfacet

 facet normal 0.335897863 -0.0124356933 -0.94181633
  outer loop
  vertex 0.0184961017 0.00301586487 -0.0245975032
  vertex 0.0190428812 0.00364435161 -0.0244107936
  vertex 0.019019613 0.00301586487 -0.0244107936
  endloop
 endfacet

 facet normal 0.591236591 -0.00722880661 -0.806465805
  outer loop
  vertex 0.0190428812 0.00364435161 -0.0244107936
  vertex 0.0190506373 0.00427860441 -0.0244107936
  vertex 0.0193647444 0.00427860441 -0.0241805147
  endloop
 endfacet

 facet normal 0.963797569 -0.266634762 -0.00036924117
  outer loop
  vertex 0.0202191677 -0.0270765424 -0.0226619318
  vertex 0.0203691125 -0.0265345443 -0.0226619318
  vertex 0.0203691125 -0.0265403111 -0.0184982736
  endloop
 endfacet

 facet normal 0.963797569 -0.266634762 -0.00036924117
  outer loop
  vertex 0.0202191677 -0.0270765424 -0.0226619318
  vertex 0.0203691125 -0.0265403111 -0.0184982736
  vertex 0.0202191677 -0.0270823091 -0.0184982736
  endloop
 endfacet

 facet normal 0.963797688 -0.266634762 0
  outer loop
  vertex 0.0202191677 -0.0270823091 -0.0184982736
  vertex 0.0203691125 -0.0265403111 -0.0184982736
  vertex 0.0203691125 -0.0265403111 -0.00614422141
  endloop
 endfacet

 facet normal 0.963797688 -0.266634762 0
  outer loop
  vertex 0.0202191677 -0.0270823091 -0.0184982736
  vertex 0.0203691125 -0.0265403111 -0.00614422141
  vertex 0.0202191677 -0.0270823091 0.0181966852
  endloop
 endfacet

 facet normal 0.488026947 -0.872828603 8.24557719e-05
  outer loop
  vertex 0.0197564103 -0.0273417756 0.0105415294
  vertex 0.0202191677 -0.0270823091 0.0181966852
  vertex 0.0197551176 -0.0273417756 0.0181966852
  endloop
 endfacet

 facet normal 0.488026708 -0.872828186 0.0010027074
  outer loop
  vertex 0.0197551176 -0.0273417756 0.0181966852
  vertex 0.0202191677 -0.0270823091 0.0181966852
  vertex 0.0202178769 -0.0270823091 0.0188252795
  endloop
 endfacet

 facet normal 0.472200245 -0.881343067 0.016168613
  outer loop
  vertex 0.0197551176 -0.0273417756 0.0181966852
  vertex 0.0202178769 -0.0270823091 0.0188252795
  vertex 0.0197551176 -0.027330244 0.0188252795
  endloop
 endfacet

 facet normal 0.460617751 -0.859724879 0.220690891
  outer loop
  vertex 0.0197551176 -0.027330244 0.0188252795
  vertex 0.0202178769 -0.0270823091 0.0188252795
  vertex 0.0201687552 -0.0270015858 0.0192422681
  endloop
 endfacet

 facet normal 0.229427502 -0.862073839 0.451875895
  outer loop
  vertex 0.0197551176 -0.027330244 0.0188252795
  vertex 0.0201687552 -0.0270015858 0.0192422681
  vertex 0.0197551176 -0.0270823091 0.0192982815
  endloop
 endfacet

 facet normal -0.824379981 0.228930384 0.517676055
  outer loop
  vertex 0.0156807676 0.0187395643 0.0347330645
  vertex 0.0158332996 0.0168541055 0.0358097665
  vertex 0.0159948766 0.0162256192 0.036345005
  endloop
 endfacet

 facet normal -0.636933088 0.31878075 0.701922417
  outer loop
  vertex 0.0159948766 0.0162256192 0.036345005
  vertex 0.0161448196 0.0168541055 0.0361956358
  vertex 0.0161086265 0.0181110781 0.0355919376
  endloop
 endfacet

 facet normal -0.744970918 0.285714298 0.602814794
  outer loop
  vertex 0.0159948766 0.0162256192 0.036345005
  vertex 0.0161086265 0.0181110781 0.0355919376
  vertex 0.0157014523 0.0199907739 0.0341978259
  endloop
 endfacet

 facet normal -0.692409337 0.277299672 0.66608882
  outer loop
  vertex 0.0159948766 0.0162256192 0.036345005
  vertex 0.016022021 0.014962879 0.0368989147
  vertex 0.01613448 0.0154529829 0.0368117839
  endloop
 endfacet

 facet normal -0.623848557 0.31846261 0.713718832
  outer loop
  vertex 0.0159948766 0.0162256192 0.036345005
  vertex 0.01613448 0.0154529829 0.0368117839
  vertex 0.0161448196 0.0168541055 0.0361956358
  endloop
 endfacet

 facet normal -0.612154365 0.381210029 0.692781329
  outer loop
  vertex 0.0157014523 0.0199907739 0.0341978259
  vertex 0.0161086265 0.0181110781 0.0355919376
  vertex 0.0161008704 0.019229671 0.0349695683
  endloop
 endfacet

 facet normal -0.595138967 0.396463424 0.699018121
  outer loop
  vertex 0.0157014523 0.0199907739 0.0341978259
  vertex 0.0161008704 0.019229671 0.0349695683
  vertex 0.0158992205 0.0206826851 0.0339737721
  endloop
 endfacet

 facet normal -0.626832902 0.396382302 0.670791805
  outer loop
  vertex 0.0157014523 0.0199907739 0.0341978259
  vertex 0.0158992205 0.0206826851 0.0339737721
  vertex 0.0157221332 0.0221299343 0.0329530872
  endloop
 endfacet

 facet normal -0.561767876 0.429800153 0.706886709
  outer loop
  vertex 0.0157221332 0.0221299343 0.0329530872
  vertex 0.0158992205 0.0206826851 0.0339737721
  vertex 0.0161280166 0.0204289854 0.0343098529
  endloop
 endfacet

 facet normal -0.372449338 0.522770882 0.766806483
  outer loop
  vertex 0.0157221332 0.0221299343 0.0329530872
  vertex 0.0161280166 0.0204289854 0.0343098529
  vertex 0.0161409434 0.0222913809 0.033046443
  endloop
 endfacet

 facet normal -0.382729113 0.574451327 0.723549724
  outer loop
  vertex 0.0157221332 0.0221299343 0.0329530872
  vertex 0.0161409434 0.0222913809 0.033046443
  vertex 0.0160969943 0.0229832921 0.0324738622
  endloop
 endfacet

 facet normal -0.416531891 0.577345967 0.702262759
  outer loop
  vertex 0.0157221332 0.0221299343 0.0329530872
  vertex 0.0160969943 0.0229832921 0.0324738622
  vertex 0.0162365958 0.0247419029 0.0311108716
  endloop
 endfacet

 facet normal -0.457770348 0.570877671 0.681575418
  outer loop
  vertex 0.0157221332 0.0221299343 0.0329530872
  vertex 0.0162365958 0.0247419029 0.0311108716
  vertex 0.0156768896 0.0228218473 0.0323431641
  endloop
 endfacet

 facet normal -0.609260917 0.546417117 0.57465601
  outer loop
  vertex 0.0156768896 0.0228218473 0.0323431641
  vertex 0.0162365958 0.0247419029 0.0311108716
  vertex 0.0160905309 0.0249783061 0.0307312254
  endloop
 endfacet

 facet normal -0.642863035 0.533884525 0.549267232
  outer loop
  vertex 0.0156768896 0.0228218473 0.0323431641
  vertex 0.0160905309 0.0249783061 0.0307312254
  vertex 0.0160801895 0.0256125592 0.0301026311
  endloop
 endfacet

 facet normal -0.622066557 0.553483546 0.553795218
  outer loop
  vertex 0.0160801895 0.0256125592 0.0301026311
  vertex 0.0162185002 0.0260046404 0.029866131
  vertex 0.0162185002 0.0266273618 0.0292437598
  endloop
 endfacet

 facet normal -0.623747468 0.552739978 0.552646041
  outer loop
  vertex 0.0160801895 0.0256125592 0.0301026311
  vertex 0.0162185002 0.0266273618 0.0292437598
  vertex 0.0160801895 0.0262410454 0.0294740368
  endloop
 endfacet

 facet normal -0.626411915 0.543532372 0.558731318
  outer loop
  vertex 0.0160801895 0.0256125592 0.0301026311
  vertex 0.0160905309 0.0249783061 0.0307312254
  vertex 0.016219791 0.0253703892 0.0304947253
  endloop
 endfacet

 facet normal -0.613747358 0.555125356 0.561382294
  outer loop
  vertex 0.0160801895 0.0256125592 0.0301026311
  vertex 0.016219791 0.0253703892 0.0304947253
  vertex 0.0162185002 0.0260046404 0.029866131
  endloop
 endfacet

 facet normal -0.681683779 0.538986087 0.494773954
  outer loop
  vertex 0.0160801895 0.0262410454 0.0294740368
  vertex 0.0162185002 0.0266273618 0.0292437598
  vertex 0.0160840675 0.0267772786 0.028895231
  endloop
 endfacet

 facet normal -0.75880444 0.48031503 0.43990165
  outer loop
  vertex 0.0160801895 0.0262410454 0.0294740368
  vertex 0.0160840675 0.0267772786 0.028895231
  vertex 0.0157738365 0.0262871739 0.028895231
  endloop
 endfacet

 facet normal -0.763542891 0.471090227 0.441674531
  outer loop
  vertex 0.0160801895 0.0262410454 0.0294740368
  vertex 0.0157738365 0.0262871739 0.028895231
  vertex 0.0157622043 0.0244536046 0.0308308043
  endloop
 endfacet

 facet normal -0.769427896 0.466008931 0.436825633
  outer loop
  vertex 0.0157622043 0.0244536046 0.0308308043
  vertex 0.0157738365 0.0262871739 0.028895231
  vertex 0.0156730134 0.0240788199 0.0310735274
  endloop
 endfacet

 facet normal -0.767227888 0.485647023 0.418937176
  outer loop
  vertex 0.0157738365 0.0262871739 0.028895231
  vertex 0.0160840675 0.0267772786 0.028895231
  vertex 0.015928952 0.0275845081 0.0276753865
  endloop
 endfacet

 facet normal -0.760124385 0.493205547 0.423035741
  outer loop
  vertex 0.015928952 0.0275845081 0.0276753865
  vertex 0.0160840675 0.0267772786 0.028895231
  vertex 0.0160944071 0.0279996544 0.027488675
  endloop
 endfacet

 facet normal -0.205947369 0.839308143 0.503137648
  outer loop
  vertex 0.0160944071 0.0279996544 0.027488675
  vertex 0.0166127495 0.028074611 0.0275758076
  vertex 0.0166127495 0.0283917394 0.0270467922
  endloop
 endfacet

 facet normal -0.213279605 0.841459274 0.496445417
  outer loop
  vertex 0.0160944071 0.0279996544 0.027488675
  vertex 0.0166127495 0.0283917394 0.0270467922
  vertex 0.0162689127 0.0284955259 0.0267231595
  endloop
 endfacet

 facet normal -0.591523051 0.731547832 0.339025587
  outer loop
  vertex 0.0160944071 0.0279996544 0.027488675
  vertex 0.0162689127 0.0284955259 0.0267231595
  vertex 0.016033655 0.028195696 0.0269596595
  endloop
 endfacet

 facet normal -0.645996213 0.578511 0.49800998
  outer loop
  vertex 0.0160944071 0.0279996544 0.027488675
  vertex 0.0160840675 0.0267772786 0.028895231
  vertex 0.0162185002 0.0266273618 0.0292437598
  endloop
 endfacet

 facet normal -0.212970361 0.762341619 0.611129165
  outer loop
  vertex 0.0160944071 0.0279996544 0.027488675
  vertex 0.0162185002 0.0266273618 0.0292437598
  vertex 0.0166127495 0.028074611 0.0275758076
  endloop
 endfacet

 facet normal -0.0171328876 0.935262918 0.353538781
  outer loop
  vertex 0.0166127495 0.0283917394 0.0270467922
  vertex 0.0166140422 0.0314995758 0.0188252795
  vertex 0.0159845352 0.0314880461 0.0188252795
  endloop
 endfacet

 facet normal 0 0.857694566 0.514159679
  outer loop
  vertex 0.0166127495 0.0283917394 0.0270467922
  vertex 0.0166127495 0.028074611 0.0275758076
  vertex 0.0183849353 0.028074611 0.0275758076
  endloop
 endfacet

 facet normal 0 0.857694566 0.514159679
  outer loop
  vertex 0.0166127495 0.0283917394 0.0270467922
  vertex 0.0183849353 0.028074611 0.0275758076
  vertex 0.0172900837 0.0283917394 0.0270467922
  endloop
 endfacet

 facet normal 0 0.935399413 0.353593051
  outer loop
  vertex 0.0166127495 0.0283917394 0.0270467922
  vertex 0.0172900837 0.0283917394 0.0270467922
  vertex 0.0191256106 0.0314995758 0.0188252795
  endloop
 endfacet

 facet normal 0 0.935399413 0.353593051
  outer loop
  vertex 0.0166127495 0.0283917394 0.0270467922
  vertex 0.0191256106 0.0314995758 0.0188252795
  vertex 0.0166140422 0.0314995758 0.0188252795
  endloop
 endfacet

 facet normal -0.243700743 0.00960301515 0.969802976
  outer loop
  vertex 0.0159935821 0.00552981207 0.0387971476
  vertex 0.0166127495 0.00490132533 0.0389589593
  vertex 0.0166127495 0.00552981207 0.038952738
  endloop
 endfacet

 facet normal -0.243525654 0.0390988402 0.969106138
  outer loop
  vertex 0.0159935821 0.00552981207 0.0387971476
  vertex 0.0166127495 0.00552981207 0.038952738
  vertex 0.016022021 0.00678678509 0.0387535803
  endloop
 endfacet

 facet normal -0.433681667 0.0410103016 0.900132418
  outer loop
  vertex 0.0159935821 0.00552981207 0.0387971476
  vertex 0.016022021 0.00678678509 0.0387535803
  vertex 0.01600134 0.00615829881 0.0387722515
  endloop
 endfacet

 facet normal -0.791455746 0.0719326586 0.606979012
  outer loop
  vertex 0.0157492775 0.00740950648 0.0383241437
  vertex 0.016022021 0.00678678509 0.0387535803
  vertex 0.0158074461 0.00804952439 0.0383241437
  endloop
 endfacet

 facet normal -0.205842301 0.0580375306 0.976862729
  outer loop
  vertex 0.016022021 0.00678678509 0.0387535803
  vertex 0.0166127495 0.00552981207 0.038952738
  vertex 0.0166127495 0.00615829881 0.0389153957
  endloop
 endfacet

 facet normal -0.204995215 0.0588667803 0.976991117
  outer loop
  vertex 0.016022021 0.00678678509 0.0387535803
  vertex 0.0166127495 0.00615829881 0.0389153957
  vertex 0.0161176752 0.00804952439 0.0386975668
  endloop
 endfacet

 facet normal -0.338872582 0.0672973841 0.938422322
  outer loop
  vertex 0.016022021 0.00678678509 0.0387535803
  vertex 0.0161176752 0.00804952439 0.0386975668
  vertex 0.0160595085 0.00740950648 0.0387224592
  endloop
 endfacet

 facet normal -0.781056523 0.0779824927 0.619572163
  outer loop
  vertex 0.016022021 0.00678678509 0.0387535803
  vertex 0.0160595085 0.00740950648 0.0387224592
  vertex 0.0158074461 0.00804952439 0.0383241437
  endloop
 endfacet

 facet normal -0.829924762 0.0956051871 0.549622238
  outer loop
  vertex 0.0158074461 0.00804952439 0.0383241437
  vertex 0.0159974601 0.0105577065 0.0381747745
  vertex 0.0157531556 0.0111919586 0.0376955494
  endloop
 endfacet

 facet normal -0.765758157 0.0943384171 0.636171997
  outer loop
  vertex 0.0158074461 0.00804952439 0.0383241437
  vertex 0.0160595085 0.00740950648 0.0387224592
  vertex 0.0161176752 0.00804952439 0.0386975668
  endloop
 endfacet

 facet normal -0.765644491 0.0958841443 0.636077642
  outer loop
  vertex 0.0158074461 0.00804952439 0.0383241437
  vertex 0.0161176752 0.00804952439 0.0386975668
  vertex 0.0159974601 0.0105577065 0.0381747745
  endloop
 endfacet

 facet normal -0.789388061 0.146399409 0.596182704
  outer loop
  vertex 0.0157531556 0.0111919586 0.0376955494
  vertex 0.0159974601 0.0105577065 0.0381747745
  vertex 0.0160633847 0.0111919586 0.0381063148
  endloop
 endfacet

 facet normal -0.788399816 0.154535502 0.595436394
  outer loop
  vertex 0.0157531556 0.0111919586 0.0376955494
  vertex 0.0160633847 0.0111919586 0.0381063148
  vertex 0.016005218 0.0130774193 0.0375399552
  endloop
 endfacet

 facet normal -0.619460106 0.25764066 0.741546035
  outer loop
  vertex 0.016005218 0.0130774193 0.0375399552
  vertex 0.0161474068 0.0137059065 0.0374403782
  vertex 0.016022021 0.014962879 0.0368989147
  endloop
 endfacet

 facet normal -0.469105214 0.240759328 0.849691331
  outer loop
  vertex 0.016005218 0.0130774193 0.0375399552
  vertex 0.0160633847 0.0111919586 0.0381063148
  vertex 0.0161474068 0.0137059065 0.0374403782
  endloop
 endfacet

 facet normal -0.586636066 0.270329088 0.763400495
  outer loop
  vertex 0.016022021 0.014962879 0.0368989147
  vertex 0.0161474068 0.0137059065 0.0374403782
  vertex 0.01613448 0.0154529829 0.0368117839
  endloop
 endfacet

 facet normal 0.22895202 -0.714293361 0.661336541
  outer loop
  vertex 0.0197551176 -0.0270823091 0.0192982815
  vertex 0.0201687552 -0.0270015858 0.0192422681
  vertex 0.0197551176 -0.0179721341 0.029137956
  endloop
 endfacet

 facet normal 0.295907289 -0.699426651 0.650570095
  outer loop
  vertex 0.0197551176 -0.0179721341 0.029137956
  vertex 0.0201687552 -0.0270015858 0.0192422681
  vertex 0.0201674644 -0.0181681737 0.0287396405
  endloop
 endfacet

 facet normal 0.306739539 -0.688998938 0.656651616
  outer loop
  vertex 0.0197551176 -0.0179721341 0.029137956
  vertex 0.0201674644 -0.0181681737 0.0287396405
  vertex 0.0201687552 -0.0175685175 0.0293682329
  endloop
 endfacet

 facet normal 0.284305871 -0.67806685 0.677787304
  outer loop
  vertex 0.0197551176 -0.0179721341 0.029137956
  vertex 0.0201687552 -0.0175685175 0.0293682329
  vertex 0.0197551176 -0.0160809066 0.0310299639
  endloop
 endfacet

 facet normal 0.0016390176 -0.700709283 0.713445067
  outer loop
  vertex 0.0197551176 -0.0160809066 0.0310299639
  vertex 0.0172900837 -0.0160866715 0.0310299639
  vertex 0.0172900837 -0.0167266913 0.0304013696
  endloop
 endfacet

 facet normal 0.0033711032 -0.704078615 0.710114181
  outer loop
  vertex 0.0197551176 -0.0160809066 0.0310299639
  vertex 0.0172900837 -0.0167266913 0.0304013696
  vertex 0.0194384251 -0.0165594798 0.0305569619
  endloop
 endfacet

 facet normal 0.284873247 -0.677866638 0.677749336
  outer loop
  vertex 0.0197551176 -0.0160809066 0.0310299639
  vertex 0.0201687552 -0.0175685175 0.0293682329
  vertex 0.0201687552 -0.0169400312 0.0299968272
  endloop
 endfacet

 facet normal 0.297804892 -0.671991467 0.67804116
  outer loop
  vertex 0.0197551176 -0.0160809066 0.0310299639
  vertex 0.0201687552 -0.0169400312 0.0299968272
  vertex 0.0201687552 -0.0163057782 0.0306254216
  endloop
 endfacet

 facet normal 0.321608514 -0.648912311 0.689551115
  outer loop
  vertex 0.0197551176 -0.0160809066 0.0310299639
  vertex 0.0201687552 -0.0163057782 0.0306254216
  vertex 0.0201674644 -0.015671527 0.0312228967
  endloop
 endfacet

 facet normal 0.3015154 -0.637738705 0.70878619
  outer loop
  vertex 0.0197551176 -0.0160809066 0.0310299639
  vertex 0.0201674644 -0.015671527 0.0312228967
  vertex 0.020153245 -0.0150142098 0.0318203755
  endloop
 endfacet

 facet normal 0.27089262 -0.63632071 0.722297132
  outer loop
  vertex 0.0197551176 -0.0160809066 0.0310299639
  vertex 0.020153245 -0.0150142098 0.0318203755
  vertex 0.0201312695 -0.0143453609 0.0324178487
  endloop
 endfacet

 facet normal 0.124351412 -0.635995924 0.761607468
  outer loop
  vertex 0.0197551176 -0.0160809066 0.0310299639
  vertex 0.0201312695 -0.0143453609 0.0324178487
  vertex 0.0197551176 -0.0143741909 0.032455191
  endloop
 endfacet

 facet normal 0.00340955961 -0.64096725 0.767560661
  outer loop
  vertex 0.0197551176 -0.0160809066 0.0310299639
  vertex 0.0197551176 -0.0143741909 0.032455191
  vertex 0.0191256106 -0.0157637801 0.0312975831
  endloop
 endfacet

 facet normal 0.00306214765 -0.641372442 0.767223597
  outer loop
  vertex 0.0197551176 -0.0160809066 0.0310299639
  vertex 0.0191256106 -0.0157637801 0.0312975831
  vertex 0.0166127495 -0.0150834005 0.0318763852
  endloop
 endfacet

 facet normal 0.00211579981 -0.643116415 0.765765548
  outer loop
  vertex 0.0197551176 -0.0160809066 0.0310299639
  vertex 0.0166127495 -0.0150834005 0.0318763852
  vertex 0.0172900837 -0.0157407168 0.0313224755
  endloop
 endfacet

 facet normal 0.00151025574 -0.645661414 0.763622344
  outer loop
  vertex 0.0197551176 -0.0160809066 0.0310299639
  vertex 0.0172900837 -0.0157407168 0.0313224755
  vertex 0.0172900837 -0.0160866715 0.0310299639
  endloop
 endfacet

 facet normal 0.0035425541 -0.705223024 0.708976686
  outer loop
  vertex 0.0194384251 -0.0165594798 0.0305569619
  vertex 0.0172900837 -0.0167266913 0.0304013696
  vertex 0.0191256106 -0.0173494127 0.0297727734
  endloop
 endfacet

 facet normal 0.00299502234 -0.640212774 0.768191814
  outer loop
  vertex 0.0166127495 -0.0150834005 0.0318763852
  vertex 0.0197551176 -0.0143741909 0.032455191
  vertex 0.0172900837 -0.0143857226 0.032455191
  endloop
 endfacet

 facet normal 0 -0.638494968 0.769626081
  outer loop
  vertex 0.0166127495 -0.0150834005 0.0318763852
  vertex 0.0172900837 -0.0143857226 0.032455191
  vertex 0.0166127495 -0.0143857226 0.032455191
  endloop
 endfacet

 facet normal 0.00326711778 -0.64092958 0.767592788
  outer loop
  vertex 0.0166127495 -0.0150834005 0.0318763852
  vertex 0.0191256106 -0.0157637801 0.0312975831
  vertex 0.0197551176 -0.0143741909 0.032455191
  endloop
 endfacet

 facet normal 0 -0.616092384 0.787673891
  outer loop
  vertex 0.0166127495 -0.0143857226 0.032455191
  vertex 0.0172900837 -0.0143857226 0.032455191
  vertex 0.0191256106 -0.0139878727 0.0327663757
  endloop
 endfacet

 facet normal 0 -0.616092384 0.787673891
  outer loop
  vertex 0.0166127495 -0.0143857226 0.032455191
  vertex 0.0191256106 -0.0139878727 0.0327663757
  vertex 0.0166127495 -0.0139878727 0.0327663757
  endloop
 endfacet

 facet normal 0 -0.597823501 0.801627815
  outer loop
  vertex 0.0166127495 -0.0139878727 0.0327663757
  vertex 0.0191256106 -0.0139878727 0.0327663757
  vertex 0.0172900837 -0.0136707472 0.0330028757
  endloop
 endfacet

 facet normal 0 -0.597823501 0.801627815
  outer loop
  vertex 0.0166127495 -0.0139878727 0.0327663757
  vertex 0.0172900837 -0.0136707472 0.0330028757
  vertex 0.0166127495 -0.0136707472 0.0330028757
  endloop
 endfacet

 facet normal 0 -0.574345112 0.818613291
  outer loop
  vertex 0.0166127495 -0.0136707472 0.0330028757
  vertex 0.0172900837 -0.0136707472 0.0330028757
  vertex 0.0172900837 -0.0133247906 0.0332456008
  endloop
 endfacet

 facet normal 0 -0.574345112 0.818613291
  outer loop
  vertex 0.0166127495 -0.0136707472 0.0330028757
  vertex 0.0172900837 -0.0133247906 0.0332456008
  vertex 0.0166127495 -0.0133247906 0.0332456008
  endloop
 endfacet

 facet normal 0 -0.571748137 0.820429206
  outer loop
  vertex 0.0166127495 -0.0133247906 0.0332456008
  vertex 0.0172900837 -0.0133247906 0.0332456008
  vertex 0.0172900837 -0.0121370088 0.0340733528
  endloop
 endfacet

 facet normal 0 -0.571748137 0.820429206
  outer loop
  vertex 0.0166127495 -0.0133247906 0.0332456008
  vertex 0.0172900837 -0.0121370088 0.0340733528
  vertex 0.0166127495 -0.0121370088 0.0340733528
  endloop
 endfacet

 facet normal 0 -0.555040538 0.831823289
  outer loop
  vertex 0.0166127495 -0.0121370088 0.0340733528
  vertex 0.0172900837 -0.0121370088 0.0340733528
  vertex 0.0172900837 -0.0118198823 0.0342849605
  endloop
 endfacet

 facet normal 0 -0.555040538 0.831823289
  outer loop
  vertex 0.0166127495 -0.0121370088 0.0340733528
  vertex 0.0172900837 -0.0118198823 0.0342849605
  vertex 0.0166127495 -0.0118198823 0.0342849605
  endloop
 endfacet

 facet normal -0.0774528906 -0.553373218 0.829324484
  outer loop
  vertex 0.0166127495 -0.0121370088 0.0340733528
  vertex 0.0166127495 -0.0118198823 0.0342849605
  vertex 0.0162068661 -0.0117910523 0.0342662893
  endloop
 endfacet

 facet normal -0.0751471221 -0.498815 0.863444567
  outer loop
  vertex 0.0162068661 -0.0117910523 0.0342662893
  vertex 0.0166127495 -0.0118198823 0.0342849605
  vertex 0.0166127495 -0.0101823565 0.0352309644
  endloop
 endfacet

 facet normal -0.125062793 -0.486846685 0.864488065
  outer loop
  vertex 0.0162068661 -0.0117910523 0.0342662893
  vertex 0.0166127495 -0.0101823565 0.0352309644
  vertex 0.0166127495 -0.00978450757 0.0354550183
  endloop
 endfacet

 facet normal -0.133779928 -0.484943837 0.864252508
  outer loop
  vertex 0.0162068661 -0.0117910523 0.0342662893
  vertex 0.0166127495 -0.00978450757 0.0354550183
  vertex 0.0161422342 -0.0105975037 0.034926001
  endloop
 endfacet

 facet normal -0.167666137 -0.46767512 0.867852628
  outer loop
  vertex 0.0161422342 -0.0105975037 0.034926001
  vertex 0.0166127495 -0.00978450757 0.0354550183
  vertex 0.0161150899 -0.00938665774 0.0355732664
  endloop
 endfacet

 facet normal -0.149982661 -0.449364424 0.880668402
  outer loop
  vertex 0.0161150899 -0.00938665774 0.0355732664
  vertex 0.0166127495 -0.00978450757 0.0354550183
  vertex 0.0166127495 -0.00946738105 0.0356168337
  endloop
 endfacet

 facet normal -0.148203835 -0.434130758 0.888575315
  outer loop
  vertex 0.0161150899 -0.00938665774 0.0355732664
  vertex 0.0166127495 -0.00946738105 0.0356168337
  vertex 0.0166127495 -0.00891961809 0.0358844511
  endloop
 endfacet

 facet normal -0.152672932 -0.430152953 0.889752388
  outer loop
  vertex 0.0161150899 -0.00938665774 0.0355732664
  vertex 0.0166127495 -0.00891961809 0.0358844511
  vertex 0.0161318928 -0.00811815262 0.0361894108
  endloop
 endfacet

 facet normal -0.127281338 -0.418528885 0.899240255
  outer loop
  vertex 0.0161318928 -0.00811815262 0.0361894108
  vertex 0.0166127495 -0.00891961809 0.0358844511
  vertex 0.0166127495 -0.00766264368 0.0364694782
  endloop
 endfacet

 facet normal -0.139270842 -0.407805532 0.902384758
  outer loop
  vertex 0.0161318928 -0.00811815262 0.0361894108
  vertex 0.0166127495 -0.00766264368 0.0364694782
  vertex 0.0161874779 -0.00681505213 0.0367868878
  endloop
 endfacet

 facet normal -0.104233161 -0.39423129 0.913081169
  outer loop
  vertex 0.0161874779 -0.00681505213 0.0367868878
  vertex 0.0166127495 -0.00766264368 0.0364694782
  vertex 0.0166127495 -0.00717253983 0.0366810858
  endloop
 endfacet

 facet normal -0.0753313452 -0.364329308 0.928218365
  outer loop
  vertex 0.0161874779 -0.00681505213 0.0367868878
  vertex 0.0166127495 -0.00717253983 0.0366810858
  vertex 0.0166127495 -0.00685541332 0.0368055589
  endloop
 endfacet

 facet normal -0.0733964294 -0.339545667 0.93772161
  outer loop
  vertex 0.0161874779 -0.00681505213 0.0367868878
  vertex 0.0166127495 -0.00685541332 0.0368055589
  vertex 0.0166127495 -0.00505067641 0.0374590494
  endloop
 endfacet

 facet normal -0.103384785 -0.33223781 0.937512517
  outer loop
  vertex 0.0161874779 -0.00681505213 0.0367868878
  vertex 0.0166127495 -0.00505067641 0.0374590494
  vertex 0.0161461141 -0.00497571891 0.0374341533
  endloop
 endfacet

 facet normal -0.0998824835 -0.307521433 0.946284413
  outer loop
  vertex 0.0161461141 -0.00497571891 0.0374341533
  vertex 0.0166127495 -0.00505067641 0.0374590494
  vertex 0.0166127495 -0.00451444462 0.037633311
  endloop
 endfacet

 facet normal -0.129277587 -0.279938787 0.95127368
  outer loop
  vertex 0.0161461141 -0.00497571891 0.0374341533
  vertex 0.0166127495 -0.00451444462 0.037633311
  vertex 0.0162391812 -0.00300953561 0.0380254053
  endloop
 endfacet

 facet normal -0.402157873 -0.246149182 0.881861448
  outer loop
  vertex 0.0161461141 -0.00497571891 0.0374341533
  vertex 0.0162391812 -0.00300953561 0.0380254053
  vertex 0.016118966 -0.00263474975 0.0380751975
  endloop
 endfacet

 facet normal -0.198193893 -0.191282272 0.961317003
  outer loop
  vertex 0.016118966 -0.00263474975 0.0380751975
  vertex 0.0162391812 -0.00300953561 0.0380254053
  vertex 0.0162417665 0.000115600276 0.0386477746
  endloop
 endfacet

 facet normal -0.157074198 -0.192764983 0.968591452
  outer loop
  vertex 0.0162417665 0.000115600276 0.0386477746
  vertex 0.0162391812 -0.00300953561 0.0380254053
  vertex 0.0166127495 -0.00200049742 0.0382868014
  endloop
 endfacet

 facet normal -0.0979899615 -0.184016153 0.978026569
  outer loop
  vertex 0.0162417665 0.000115600276 0.0386477746
  vertex 0.0166127495 -0.00200049742 0.0382868014
  vertex 0.0166127495 -0.00137201068 0.0384050496
  endloop
 endfacet

 facet normal -0.0515171662 -0.173322469 0.983516812
  outer loop
  vertex 0.0162417665 0.000115600276 0.0386477746
  vertex 0.0166127495 -0.00137201068 0.0384050496
  vertex 0.0166127495 -0.00024188761 0.0386042111
  endloop
 endfacet

 facet normal -0.0330014974 -0.154584512 0.987428308
  outer loop
  vertex 0.0162417665 0.000115600276 0.0386477746
  vertex 0.0166127495 -0.00024188761 0.0386042111
  vertex 0.0166127495 0.000513449719 0.0387224592
  endloop
 endfacet

 facet normal -0.0836969838 -0.107913606 0.990630865
  outer loop
  vertex 0.0162417665 0.000115600276 0.0386477746
  vertex 0.0166127495 0.000513449719 0.0387224592
  vertex 0.0166127495 0.0011419364 0.0387909226
  endloop
 endfacet

 facet normal -0.105826691 -0.0997386724 0.989369988
  outer loop
  vertex 0.0162417665 0.000115600276 0.0386477746
  vertex 0.0166127495 0.0011419364 0.0387909226
  vertex 0.0161577463 0.000513449719 0.0386788957
  endloop
 endfacet

 facet normal -0.13064906 -0.0815364048 0.98807019
  outer loop
  vertex 0.0161577463 0.000513449719 0.0386788957
  vertex 0.0166127495 0.0011419364 0.0387909226
  vertex 0.0166127495 0.00302739674 0.0389465131
  endloop
 endfacet

 facet normal -0.149304405 -0.0779094771 0.985717237
  outer loop
  vertex 0.0161577463 0.000513449719 0.0386788957
  vertex 0.0166127495 0.00302739674 0.0389465131
  vertex 0.0160763115 0.0011419364 0.038716238
  endloop
 endfacet

 facet normal -0.227672815 -0.0539667234 0.972241044
  outer loop
  vertex 0.0160763115 0.0011419364 0.038716238
  vertex 0.0166127495 0.00302739674 0.0389465131
  vertex 0.016033655 0.00177042326 0.0387411341
  endloop
 endfacet

 facet normal -0.00140103721 -0.0717691034 0.997420251
  outer loop
  vertex 0.0166127495 0.00302739674 0.0389465131
  vertex 0.0183849353 0.00238737813 0.0389029495
  vertex 0.0183849353 0.00290631223 0.0389402881
  endloop
 endfacet

 facet normal -0.00017532862 -0.0538876429 0.998547018
  outer loop
  vertex 0.0166127495 0.00302739674 0.0389465131
  vertex 0.0183849353 0.00290631223 0.0389402881
  vertex 0.0183849353 0.00302163069 0.0389465131
  endloop
 endfacet

 facet normal -0.000128711516 -0.0395597741 0.999217212
  outer loop
  vertex 0.0166127495 0.00302739674 0.0389465131
  vertex 0.0183849353 0.00302163069 0.0389465131
  vertex 0.0184986871 0.00365011743 0.0389714092
  endloop
 endfacet

 facet normal -0.00505948579 -0.0246453471 0.999683499
  outer loop
  vertex 0.0166127495 0.00302739674 0.0389465131
  vertex 0.0184986871 0.00365011743 0.0389714092
  vertex 0.0172409639 0.00365588348 0.038965188
  endloop
 endfacet

 facet normal -0.00990984682 -0.0197992045 0.999754965
  outer loop
  vertex 0.0166127495 0.00302739674 0.0389465131
  vertex 0.0172409639 0.00365588348 0.038965188
  vertex 0.0166127495 0.00365588348 0.0389589593
  endloop
 endfacet

 facet normal -0.00520282798 -0.082240209 0.996598959
  outer loop
  vertex 0.0166127495 0.00302739674 0.0389465131
  vertex 0.0166127495 0.0011419364 0.0387909226
  vertex 0.0183849353 0.00238737813 0.0389029495
  endloop
 endfacet

 facet normal -0.00991178863 0 0.999950886
  outer loop
  vertex 0.0166127495 0.00365588348 0.0389589593
  vertex 0.0172409639 0.00365588348 0.038965188
  vertex 0.0166127495 0.00490132533 0.0389589593
  endloop
 endfacet

 facet normal 0.482256949 0.860104978 -0.166276291
  outer loop
  vertex 0.0197564103 0.0314765126 -0.0226681549
  vertex 0.0202191677 0.0312170461 -0.0226681549
  vertex 0.0201687552 0.0311478563 -0.0231722761
  endloop
 endfacet

 facet normal 0.288523912 0.892758787 -0.346028715
  outer loop
  vertex 0.0197564103 0.0314765126 -0.0226681549
  vertex 0.0201687552 0.0311478563 -0.0231722761
  vertex 0.0197564103 0.0312401094 -0.0232780781
  endloop
 endfacet

 facet normal 0.487284273 0.873243332 -0.000359747733
  outer loop
  vertex 0.0197564103 0.0314765126 -0.0226681549
  vertex 0.0197551176 0.0314938091 0.0175680909
  vertex 0.0202191677 0.0312343445 0.0163109023
  endloop
 endfacet

 facet normal 0.489065081 0.872247338 -0.000387077627
  outer loop
  vertex 0.0197564103 0.0314765126 -0.0226681549
  vertex 0.0202191677 0.0312343445 0.0163109023
  vertex 0.0202191677 0.0312170461 -0.0226681549
  endloop
 endfacet

 facet normal 0.0274390839 0.998573899 0.045798149
  outer loop
  vertex 0.0191256106 0.0315284058 0.0181966852
  vertex 0.0191256106 0.0314995758 0.0188252795
  vertex 0.0197551176 0.0314822793 0.0188252795
  endloop
 endfacet

 facet normal 0.054864537 0.998325825 0.0183147099
  outer loop
  vertex 0.0191256106 0.0315284058 0.0181966852
  vertex 0.0197551176 0.0314822793 0.0188252795
  vertex 0.0197551176 0.0314938091 0.0181966852
  endloop
 endfacet

 facet normal 0.0548737347 0.998493314 0
  outer loop
  vertex 0.0191256106 0.0315284058 0.0181966852
  vertex 0.0197551176 0.0314938091 0.0181966852
  vertex 0.0197551176 0.0314938091 0.0175680909
  endloop
 endfacet

 facet normal 0.488026947 0.872828603 0
  outer loop
  vertex 0.0197551176 0.0314938091 0.0175680909
  vertex 0.0197551176 0.0314938091 0.0181966852
  vertex 0.0202191677 0.0312343445 0.0181966852
  endloop
 endfacet

 facet normal 0.488026947 0.872828603 0
  outer loop
  vertex 0.0197551176 0.0314938091 0.0175680909
  vertex 0.0202191677 0.0312343445 0.0181966852
  vertex 0.0202191677 0.0312343445 0.0163109023
  endloop
 endfacet

 facet normal 0.953825355 0.269612283 -0.132387787
  outer loop
  vertex 0.0201687552 0.0311478563 -0.0231722761
  vertex 0.0202191677 0.0312170461 -0.0226681549
  vertex 0.0203691125 0.0306865796 -0.0226681549
  endloop
 endfacet

 facet normal 0.958438694 0.15342699 -0.240532055
  outer loop
  vertex 0.0201687552 0.0311478563 -0.0231722761
  vertex 0.0203691125 0.0306865796 -0.0226681549
  vertex 0.0202191677 0.0306865796 -0.02326563
  endloop
 endfacet

 facet normal 0.658450961 0.00494137779 -0.752607465
  outer loop
  vertex 0.0202191677 0.0306865796 -0.02326563
  vertex 0.0200498346 0.00490709115 -0.0235830396
  vertex 0.0197344366 0.00427860441 -0.023863107
  endloop
 endfacet

 facet normal 0.651409328 0.00520867156 -0.758708715
  outer loop
  vertex 0.0202191677 0.0306865796 -0.02326563
  vertex 0.0197344366 0.00427860441 -0.023863107
  vertex 0.0193647444 0.00427860441 -0.0241805147
  endloop
 endfacet

 facet normal 0.598886371 0.0083659254 -0.80079031
  outer loop
  vertex 0.0202191677 0.0306865796 -0.02326563
  vertex 0.0193647444 0.00427860441 -0.0241805147
  vertex 0.0190480519 0.00490709115 -0.0244107936
  endloop
 endfacet

 facet normal 0.5912503 0.00243176566 -0.806484461
  outer loop
  vertex 0.0190480519 0.00490709115 -0.0244107936
  vertex 0.0193647444 0.00427860441 -0.0241805147
  vertex 0.0190506373 0.00427860441 -0.0244107936
  endloop
 endfacet

 facet normal 0.323138237 0.0013290419 -0.946350813
  outer loop
  vertex 0.0190480519 0.00490709115 -0.0244107936
  vertex 0.0190506373 0.00427860441 -0.0244107936
  vertex 0.0184961017 0.00615829881 -0.0245975032
  endloop
 endfacet

 facet normal 0.343526423 0.0114088682 -0.939073741
  outer loop
  vertex 0.0190480519 0.00490709115 -0.0244107936
  vertex 0.0184961017 0.00615829881 -0.0245975032
  vertex 0.019027371 0.00552981207 -0.0244107936
  endloop
 endfacet

 facet normal 0.346494049 0.0142530901 -0.937943876
  outer loop
  vertex 0.019027371 0.00552981207 -0.0244107936
  vertex 0.0184961017 0.00615829881 -0.0245975032
  vertex 0.0190015174 0.00615829881 -0.0244107936
  endloop
 endfacet

 facet normal 0.0888537169 0.0295755304 -0.995605588
  outer loop
  vertex 0.0184961017 0.00615829881 -0.0245975032
  vertex 0.0178665947 0.00804952439 -0.0245975032
  vertex 0.0178665947 0.0086780116 -0.024578834
  endloop
 endfacet

 facet normal 1 0 0
  outer loop
  vertex 0.0203691125 0.0264024921 -0.0226681549
  vertex 0.0203691125 0.0306865796 -0.0226681549
  vertex 0.0203691125 0.0306865796 -0.00614422141
  endloop
 endfacet

 facet normal 1 0 0
  outer loop
  vertex 0.0203691125 0.0264024921 -0.0226681549
  vertex 0.0203691125 0.0306865796 -0.00614422141
  vertex 0.0203691125 -0.00265781349 0.0105415294
  endloop
 endfacet

 facet normal 1 0 0
  outer loop
  vertex 0.0203691125 0.0264024921 -0.0226681549
  vertex 0.0203691125 -0.00265781349 0.0105415294
  vertex 0.0203691125 -0.018248897 0.0105415294
  endloop
 endfacet

 facet normal 1 0 0
  outer loop
  vertex 0.0203691125 0.0264024921 -0.0226681549
  vertex 0.0203691125 -0.018248897 0.0105415294
  vertex 0.0203691125 -0.0265403111 -0.00614422141
  endloop
 endfacet

 facet normal 1 0 0
  outer loop
  vertex 0.0203691125 0.0264024921 -0.0226681549
  vertex 0.0203691125 -0.0265403111 -0.00614422141
  vertex 0.0203691125 -0.0265403111 -0.0184982736
  endloop
 endfacet

 facet normal 1 0 0
  outer loop
  vertex 0.0203691125 0.0264024921 -0.0226681549
  vertex 0.0203691125 -0.0265403111 -0.0184982736
  vertex 0.0203691125 -0.0265345443 -0.0226619318
  endloop
 endfacet

 facet normal 0.663980126 -0.0027060709 -0.747745395
  outer loop
  vertex 0.0197344366 0.00427860441 -0.023863107
  vertex 0.0200498346 0.00427860441 -0.0235830396
  vertex 0.0200472493 0.00364435161 -0.0235830396
  endloop
 endfacet

 facet normal 0.66398257 0 -0.747748077
  outer loop
  vertex 0.0197344366 0.00427860441 -0.023863107
  vertex 0.0200498346 0.00490709115 -0.0235830396
  vertex 0.0200498346 0.00427860441 -0.0235830396
  endloop
 endfacet

 facet normal 0.965093076 -0.26190716 0.000113248578
  outer loop
  vertex 0.0202191677 -0.0270823091 0.0181966852
  vertex 0.0203691125 -0.0265403111 -0.00614422141
  vertex 0.0203678217 -0.0265345443 0.0181966852
  endloop
 endfacet

 facet normal 0.965091169 -0.261906683 0.00198576949
  outer loop
  vertex 0.0202191677 -0.0270823091 0.0181966852
  vertex 0.0203678217 -0.0265345443 0.0181966852
  vertex 0.0203665271 -0.0265345443 0.0188252795
  endloop
 endfacet

 facet normal 0.965092063 -0.261903584 0.00198289333
  outer loop
  vertex 0.0202191677 -0.0270823091 0.0181966852
  vertex 0.0203665271 -0.0265345443 0.0188252795
  vertex 0.0202178769 -0.0270823091 0.0188252795
  endloop
 endfacet

 facet normal 0.952312231 -0.258435428 0.162211165
  outer loop
  vertex 0.0202178769 -0.0270823091 0.0188252795
  vertex 0.0203665271 -0.0265345443 0.0188252795
  vertex 0.0201687552 -0.0270015858 0.0192422681
  endloop
 endfacet

 facet normal 0.953549743 -0.22175476 0.203881785
  outer loop
  vertex 0.0201687552 -0.0270015858 0.0192422681
  vertex 0.0203665271 -0.0265345443 0.0188252795
  vertex 0.0202463157 -0.0177587941 0.0289325751
  endloop
 endfacet

 facet normal 0.905519843 -0.310630441 0.289037436
  outer loop
  vertex 0.0201687552 -0.0270015858 0.0192422681
  vertex 0.0202463157 -0.0177587941 0.0289325751
  vertex 0.0201674644 -0.0181681737 0.0287396405
  endloop
 endfacet

 facet normal -0.411545575 0.369421095 0.833161712
  outer loop
  vertex 0.0161448196 0.0168541055 0.0361956358
  vertex 0.01613448 0.0154529829 0.0368117839
  vertex 0.0162908882 0.017171232 0.0361271761
  endloop
 endfacet

 facet normal -0.43896541 0.378142089 0.81505698
  outer loop
  vertex 0.0161448196 0.0168541055 0.0361956358
  vertex 0.0162908882 0.017171232 0.0361271761
  vertex 0.0162495226 0.0184512697 0.0355110317
  endloop
 endfacet

 facet normal -0.444637477 0.377351224 0.812344491
  outer loop
  vertex 0.0161448196 0.0168541055 0.0361956358
  vertex 0.0162495226 0.0184512697 0.0355110317
  vertex 0.0161086265 0.0181110781 0.0355919376
  endloop
 endfacet

 facet normal -0.552312493 0.402385205 0.730093896
  outer loop
  vertex 0.0161086265 0.0181110781 0.0355919376
  vertex 0.0162495226 0.0184512697 0.0355110317
  vertex 0.0161008704 0.019229671 0.0349695683
  endloop
 endfacet

 facet normal -0.160098433 0.37790364 0.911897659
  outer loop
  vertex 0.01613448 0.0154529829 0.0368117839
  vertex 0.0166127495 0.0158508327 0.0367308781
  vertex 0.0162908882 0.017171232 0.0361271761
  endloop
 endfacet

 facet normal -0.379598707 0.310722649 0.871410549
  outer loop
  vertex 0.01613448 0.0154529829 0.0368117839
  vertex 0.0161474068 0.0137059065 0.0374403782
  vertex 0.0162831303 0.0140287979 0.0373843648
  endloop
 endfacet

 facet normal -0.140454128 0.356670648 0.92361176
  outer loop
  vertex 0.01613448 0.0154529829 0.0368117839
  vertex 0.0162831303 0.0140287979 0.0373843648
  vertex 0.0166127495 0.0158508327 0.0367308781
  endloop
 endfacet

 facet normal -0.588700414 0.399789184 0.702567101
  outer loop
  vertex 0.0161008704 0.019229671 0.0349695683
  vertex 0.0161280166 0.0204289854 0.0343098529
  vertex 0.0158992205 0.0206826851 0.0339737721
  endloop
 endfacet

 facet normal -0.510106325 0.423382133 0.748691559
  outer loop
  vertex 0.0161008704 0.019229671 0.0349695683
  vertex 0.0162495226 0.0184512697 0.0355110317
  vertex 0.0161280166 0.0204289854 0.0343098529
  endloop
 endfacet

 facet normal -0.126163602 0.509288907 0.851297557
  outer loop
  vertex 0.0161280166 0.0204289854 0.0343098529
  vertex 0.0162495226 0.0184512697 0.0355110317
  vertex 0.0166127495 0.0204866435 0.0343471989
  endloop
 endfacet

 facet normal -0.12745443 0.527494311 0.839943588
  outer loop
  vertex 0.0161280166 0.0204289854 0.0343098529
  vertex 0.0166127495 0.0204866435 0.0343471989
  vertex 0.0166127495 0.0208037701 0.0341480374
  endloop
 endfacet

 facet normal -0.13228333 0.532146811 0.83625406
  outer loop
  vertex 0.0161280166 0.0204289854 0.0343098529
  vertex 0.0166127495 0.0208037701 0.0341480374
  vertex 0.0162908882 0.0215648729 0.0336127989
  endloop
 endfacet

 facet normal -0.364881992 0.524419904 0.769314647
  outer loop
  vertex 0.0161280166 0.0204289854 0.0343098529
  vertex 0.0162908882 0.0215648729 0.0336127989
  vertex 0.0161409434 0.0222913809 0.033046443
  endloop
 endfacet

 facet normal -0.131179556 0.592522264 0.794801414
  outer loop
  vertex 0.0161409434 0.0222913809 0.033046443
  vertex 0.0162908882 0.0215648729 0.0336127989
  vertex 0.0166127495 0.0226546358 0.0328535065
  endloop
 endfacet

 facet normal -0.158475503 0.615770936 0.771823645
  outer loop
  vertex 0.0161409434 0.0222913809 0.033046443
  vertex 0.0166127495 0.0226546358 0.0328535065
  vertex 0.0166127495 0.0230524838 0.0325361006
  endloop
 endfacet

 facet normal -0.158551335 0.615794659 0.771789074
  outer loop
  vertex 0.0161409434 0.0222913809 0.033046443
  vertex 0.0166127495 0.0230524838 0.0325361006
  vertex 0.0162365958 0.0247419029 0.0311108716
  endloop
 endfacet

 facet normal -0.275212348 0.602488041 0.749177158
  outer loop
  vertex 0.0161409434 0.0222913809 0.033046443
  vertex 0.0162365958 0.0247419029 0.0311108716
  vertex 0.0160969943 0.0229832921 0.0324738622
  endloop
 endfacet

 facet normal -0.0350409411 0.653163075 0.756406069
  outer loop
  vertex 0.0162365958 0.0247419029 0.0311108716
  vertex 0.0166127495 0.0244017113 0.0314220563
  vertex 0.0166127495 0.0247476697 0.0311233178
  endloop
 endfacet

 facet normal -0.0344550535 0.692736864 0.720366955
  outer loop
  vertex 0.0162365958 0.0247419029 0.0311108716
  vertex 0.0166127495 0.0247476697 0.0311233178
  vertex 0.0166127495 0.0250647943 0.0308183562
  endloop
 endfacet

 facet normal -0.035712041 0.693489432 0.719581306
  outer loop
  vertex 0.0162365958 0.0247419029 0.0311108716
  vertex 0.0166127495 0.0250647943 0.0308183562
  vertex 0.0166127495 0.0253876876 0.0305071715
  endloop
 endfacet

 facet normal -0.0533486418 0.698337257 0.713778019
  outer loop
  vertex 0.0162365958 0.0247419029 0.0311108716
  vertex 0.0166127495 0.0253876876 0.0305071715
  vertex 0.016219791 0.0253703892 0.0304947253
  endloop
 endfacet

 facet normal -0.608320773 0.547279418 0.574831307
  outer loop
  vertex 0.0162365958 0.0247419029 0.0311108716
  vertex 0.016219791 0.0253703892 0.0304947253
  vertex 0.0160905309 0.0249783061 0.0307312254
  endloop
 endfacet

 facet normal -0.135162503 0.621141851 0.771954656
  outer loop
  vertex 0.0162365958 0.0247419029 0.0311108716
  vertex 0.0166127495 0.0230524838 0.0325361006
  vertex 0.0166127495 0.0233696103 0.0322809294
  endloop
 endfacet

 facet normal -0.0573078655 0.638600349 0.767401695
  outer loop
  vertex 0.0162365958 0.0247419029 0.0311108716
  vertex 0.0166127495 0.0233696103 0.0322809294
  vertex 0.0166127495 0.0244017113 0.0314220563
  endloop
 endfacet

 facet normal -0.0534067005 0.702872634 0.709308028
  outer loop
  vertex 0.0162185002 0.0260046404 0.029866131
  vertex 0.016219791 0.0253703892 0.0304947253
  vertex 0.0166127495 0.0253876876 0.0305071715
  endloop
 endfacet

 facet normal -0.0437946916 0.706229448 0.70662725
  outer loop
  vertex 0.0162185002 0.0260046404 0.029866131
  vertex 0.0166127495 0.0253876876 0.0305071715
  vertex 0.0162185002 0.0266273618 0.0292437598
  endloop
 endfacet

 facet normal -0.0709192306 0.758602738 0.647682369
  outer loop
  vertex 0.0162185002 0.0266273618 0.0292437598
  vertex 0.0166127495 0.0269617867 0.028895231
  vertex 0.0166127495 0.0272327848 0.0285778232
  endloop
 endfacet

 facet normal -0.086115852 0.762024522 0.641796529
  outer loop
  vertex 0.0162185002 0.0266273618 0.0292437598
  vertex 0.0166127495 0.0272327848 0.0285778232
  vertex 0.0166127495 0.0278093796 0.0278932154
  endloop
 endfacet

 facet normal -0.103529006 0.763235033 0.637772799
  outer loop
  vertex 0.0162185002 0.0266273618 0.0292437598
  vertex 0.0166127495 0.0278093796 0.0278932154
  vertex 0.0166127495 0.028074611 0.0275758076
  endloop
 endfacet

 facet normal -0.0421504341 0.706538916 0.706417799
  outer loop
  vertex 0.0162185002 0.0266273618 0.0292437598
  vertex 0.0166127495 0.0253876876 0.0305071715
  vertex 0.0166127495 0.0266446602 0.0292499829
  endloop
 endfacet

 facet normal -0.043190442 0.744840443 0.665843308
  outer loop
  vertex 0.0162185002 0.0266273618 0.0292437598
  vertex 0.0166127495 0.0266446602 0.0292499829
  vertex 0.0166127495 0.0269617867 0.028895231
  endloop
 endfacet

 facet normal 0 0.767358482 0.641218364
  outer loop
  vertex 0.0166127495 0.028074611 0.0275758076
  vertex 0.0166127495 0.0278093796 0.0278932154
  vertex 0.0172900837 0.0278093796 0.0278932154
  endloop
 endfacet

 facet normal 0 0.767358482 0.641218364
  outer loop
  vertex 0.0166127495 0.028074611 0.0275758076
  vertex 0.0172900837 0.0278093796 0.0278932154
  vertex 0.0183849353 0.028074611 0.0275758076
  endloop
 endfacet

 facet normal 0.002307588 0.85979116 0.51064074
  outer loop
  vertex 0.0172900837 0.0283917394 0.0270467922
  vertex 0.0183849353 0.028074611 0.0275758076
  vertex 0.0194384251 0.0283859726 0.0270467922
  endloop
 endfacet

 facet normal 0.00250381278 0.932902992 0.360119194
  outer loop
  vertex 0.0172900837 0.0283917394 0.0270467922
  vertex 0.0194384251 0.0283859726 0.0270467922
  vertex 0.0194384251 0.0284436326 0.026897423
  endloop
 endfacet

 facet normal 0.00202081422 0.935248137 0.353987068
  outer loop
  vertex 0.0172900837 0.0283917394 0.0270467922
  vertex 0.0194384251 0.0284436326 0.026897423
  vertex 0.0191256106 0.0314995758 0.0188252795
  endloop
 endfacet

 facet normal -0.00990085863 5.51348285e-06 0.999951005
  outer loop
  vertex 0.0166127495 0.00490132533 0.0389589593
  vertex 0.0172409639 0.00365588348 0.038965188
  vertex 0.0191269014 0.00427860441 0.0389838554
  endloop
 endfacet

 facet normal -0.00934597757 0.00224588276 0.999953747
  outer loop
  vertex 0.0166127495 0.00490132533 0.0389589593
  vertex 0.0191269014 0.00427860441 0.0389838554
  vertex 0.0172900837 0.00494745281 0.038965188
  endloop
 endfacet

 facet normal -0.00986402389 0.00985976215 0.999902725
  outer loop
  vertex 0.0166127495 0.00490132533 0.0389589593
  vertex 0.0172900837 0.00494745281 0.038965188
  vertex 0.0172409639 0.00552981207 0.0389589593
  endloop
 endfacet

 facet normal -0.00990533642 0.00990105607 0.99990195
  outer loop
  vertex 0.0166127495 0.00490132533 0.0389589593
  vertex 0.0172409639 0.00552981207 0.0389589593
  vertex 0.0166127495 0.00552981207 0.038952738
  endloop
 endfacet

 facet normal -0.00988838635 0.0593046844 0.998190999
  outer loop
  vertex 0.0166127495 0.00552981207 0.038952738
  vertex 0.0172409639 0.00552981207 0.0389589593
  vertex 0.0166127495 0.00615829881 0.0389153957
  endloop
 endfacet

 facet normal -0.00350404857 0.0656616539 0.997835815
  outer loop
  vertex 0.0166127495 0.00615829881 0.0389153957
  vertex 0.0172409639 0.00552981207 0.0389589593
  vertex 0.0183849353 0.00615829881 0.0389216207
  endloop
 endfacet

 facet normal -0.00349884294 0.0852498859 0.996353507
  outer loop
  vertex 0.0166127495 0.00615829881 0.0389153957
  vertex 0.0183849353 0.00615829881 0.0389216207
  vertex 0.0166127495 0.00804952439 0.0387535803
  endloop
 endfacet

 facet normal -0.112019986 0.084713839 0.990088403
  outer loop
  vertex 0.0166127495 0.00615829881 0.0389153957
  vertex 0.0166127495 0.00804952439 0.0387535803
  vertex 0.0161176752 0.00804952439 0.0386975668
  endloop
 endfacet

 facet normal -0.475259274 0.154752299 0.866129577
  outer loop
  vertex 0.0161176752 0.00804952439 0.0386975668
  vertex 0.0162016954 0.0085165659 0.0386602245
  vertex 0.0160633847 0.0111919586 0.0381063148
  endloop
 endfacet

 facet normal -0.545952737 0.14579846 0.825032353
  outer loop
  vertex 0.0161176752 0.00804952439 0.0386975668
  vertex 0.0160633847 0.0111919586 0.0381063148
  vertex 0.0159974601 0.0105577065 0.0381747745
  endloop
 endfacet

 facet normal -0.111869775 0.0991842672 0.988760769
  outer loop
  vertex 0.0161176752 0.00804952439 0.0386975668
  vertex 0.0166127495 0.00804952439 0.0387535803
  vertex 0.0162016954 0.0085165659 0.0386602245
  endloop
 endfacet

 facet normal -0.46619451 0.241063178 0.851205766
  outer loop
  vertex 0.0160633847 0.0111919586 0.0381063148
  vertex 0.0161823053 0.0116417017 0.0380440764
  vertex 0.0161474068 0.0137059065 0.0374403782
  endloop
 endfacet

 facet normal -0.20845443 0.187939808 0.959804893
  outer loop
  vertex 0.0160633847 0.0111919586 0.0381063148
  vertex 0.0162016954 0.0085165659 0.0386602245
  vertex 0.0161823053 0.0116417017 0.0380440764
  endloop
 endfacet

 facet normal -0.253013104 0.267626822 0.929709792
  outer loop
  vertex 0.0161474068 0.0137059065 0.0374403782
  vertex 0.0161823053 0.0116417017 0.0380440764
  vertex 0.0162831303 0.0140287979 0.0373843648
  endloop
 endfacet

 facet normal 0.901599407 -0.313917518 0.297614306
  outer loop
  vertex 0.0201674644 -0.0181681737 0.0287396405
  vertex 0.0202463157 -0.0177587941 0.0289325751
  vertex 0.0201687552 -0.0175685175 0.0293682329
  endloop
 endfacet

 facet normal 0.912911355 -0.288636297 0.288586378
  outer loop
  vertex 0.0201687552 -0.0175685175 0.0293682329
  vertex 0.0202463157 -0.0177587941 0.0289325751
  vertex 0.0201687552 -0.0169400312 0.0299968272
  endloop
 endfacet

 facet normal 0.916432142 -0.282121122 0.283830643
  outer loop
  vertex 0.0201687552 -0.0169400312 0.0299968272
  vertex 0.0202463157 -0.0177587941 0.0289325751
  vertex 0.0202476066 -0.0164960548 0.0301835388
  endloop
 endfacet

 facet normal 0.915899456 -0.282563388 0.285107225
  outer loop
  vertex 0.0201687552 -0.0169400312 0.0299968272
  vertex 0.0202476066 -0.0164960548 0.0301835388
  vertex 0.0201687552 -0.0163057782 0.0306254216
  endloop
 endfacet

 facet normal 0.907040119 -0.287725061 0.307396561
  outer loop
  vertex 0.0201687552 -0.0163057782 0.0306254216
  vertex 0.0202463157 -0.0158618018 0.0308121331
  vertex 0.0201674644 -0.015671527 0.0312228967
  endloop
 endfacet

 facet normal 0.917103946 -0.279677212 0.284079373
  outer loop
  vertex 0.0201687552 -0.0163057782 0.0306254216
  vertex 0.0202476066 -0.0164960548 0.0301835388
  vertex 0.0202463157 -0.0158618018 0.0308121331
  endloop
 endfacet

 facet normal 0.899177551 -0.28351754 0.333312929
  outer loop
  vertex 0.0201674644 -0.015671527 0.0312228967
  vertex 0.0202372652 -0.0152160171 0.0314220563
  vertex 0.020153245 -0.0150142098 0.0318203755
  endloop
 endfacet

 facet normal 0.913952768 -0.271806598 0.301349729
  outer loop
  vertex 0.0201674644 -0.015671527 0.0312228967
  vertex 0.0202463157 -0.0158618018 0.0308121331
  vertex 0.0202372652 -0.0152160171 0.0314220563
  endloop
 endfacet

 facet normal 0.904251575 -0.272457361 0.328779638
  outer loop
  vertex 0.020153245 -0.0150142098 0.0318203755
  vertex 0.0202372652 -0.0152160171 0.0314220563
  vertex 0.0202152915 -0.0145529341 0.0320319794
  endloop
 endfacet

 facet normal 0.896155596 -0.278879911 0.345153958
  outer loop
  vertex 0.020153245 -0.0150142098 0.0318203755
  vertex 0.0202152915 -0.0145529341 0.0320319794
  vertex 0.0201312695 -0.0143453609 0.0324178487
  endloop
 endfacet

 facet normal 0.906273365 -0.257000983 0.335587621
  outer loop
  vertex 0.0201312695 -0.0143453609 0.0324178487
  vertex 0.0202152915 -0.0145529341 0.0320319794
  vertex 0.0201765131 -0.0139013836 0.0326356776
  endloop
 endfacet

 facet normal 0.885721445 -0.2740812 0.374669194
  outer loop
  vertex 0.0201312695 -0.0143453609 0.0324178487
  vertex 0.0201765131 -0.0139013836 0.0326356776
  vertex 0.0201545376 -0.0125175603 0.0336999334
  endloop
 endfacet

 facet normal 0.756840348 -0.381760061 0.530520558
  outer loop
  vertex 0.0201312695 -0.0143453609 0.0324178487
  vertex 0.0201545376 -0.0125175603 0.0336999334
  vertex 0.0200847369 -0.0136419171 0.0329904296
  endloop
 endfacet

 facet normal 0.124418437 -0.621409297 0.773544192
  outer loop
  vertex 0.0201312695 -0.0143453609 0.0324178487
  vertex 0.0200847369 -0.0136419171 0.0329904296
  vertex 0.0197551176 -0.0143741909 0.032455191
  endloop
 endfacet

 facet normal 0.0819135755 -0.611886799 0.786692262
  outer loop
  vertex 0.0197551176 -0.0143741909 0.032455191
  vertex 0.0200847369 -0.0136419171 0.0329904296
  vertex 0.0197551176 -0.013982106 0.0327601545
  endloop
 endfacet

 facet normal 0.0134256687 -0.613894701 0.789273739
  outer loop
  vertex 0.0197551176 -0.0143741909 0.032455191
  vertex 0.0197551176 -0.013982106 0.0327601545
  vertex 0.0191256106 -0.0139878727 0.0327663757
  endloop
 endfacet

 facet normal 0.00292112492 -0.62441653 0.781086147
  outer loop
  vertex 0.0197551176 -0.0143741909 0.032455191
  vertex 0.0191256106 -0.0139878727 0.0327663757
  vertex 0.0172900837 -0.0143857226 0.032455191
  endloop
 endfacet

 facet normal 0.0133993952 -0.597769856 0.801555812
  outer loop
  vertex 0.0191256106 -0.0139878727 0.0327663757
  vertex 0.0197551176 -0.013982106 0.0327601545
  vertex 0.0197551176 -0.0136649814 0.0329966545
  endloop
 endfacet

 facet normal 0.00341592426 -0.585039675 0.810997605
  outer loop
  vertex 0.0191256106 -0.0139878727 0.0327663757
  vertex 0.0197551176 -0.0136649814 0.0329966545
  vertex 0.0172900837 -0.0136707472 0.0330028757
  endloop
 endfacet

 facet normal 0.00277547142 -0.574342906 0.818610191
  outer loop
  vertex 0.0172900837 -0.0136707472 0.0330028757
  vertex 0.0191256106 -0.0133247906 0.0332393795
  vertex 0.0172900837 -0.0133247906 0.0332456008
  endloop
 endfacet

 facet normal 0.00341139711 -0.576619864 0.817005515
  outer loop
  vertex 0.0172900837 -0.0136707472 0.0330028757
  vertex 0.0197551176 -0.0136649814 0.0329966545
  vertex 0.0191256106 -0.0133247906 0.0332393795
  endloop
 endfacet

 facet normal 0.0027816277 -0.571745992 0.820425987
  outer loop
  vertex 0.0172900837 -0.0133247906 0.0332456008
  vertex 0.0191256106 -0.0133247906 0.0332393795
  vertex 0.0172900837 -0.0121370088 0.0340733528
  endloop
 endfacet

 facet normal 0.00340824807 -0.571094513 0.820877314
  outer loop
  vertex 0.0172900837 -0.0121370088 0.0340733528
  vertex 0.0191256106 -0.0133247906 0.0332393795
  vertex 0.0197551176 -0.012131243 0.0340671316
  endloop
 endfacet

 facet normal 0.00339831132 -0.555037379 0.831818521
  outer loop
  vertex 0.0172900837 -0.0121370088 0.0340733528
  vertex 0.0197551176 -0.012131243 0.0340671316
  vertex 0.0197551176 -0.0118141165 0.0342787355
  endloop
 endfacet

 facet normal 0.00339831132 -0.555037379 0.831818521
  outer loop
  vertex 0.0172900837 -0.0121370088 0.0340733528
  vertex 0.0197551176 -0.0118141165 0.0342787355
  vertex 0.0172900837 -0.0118198823 0.0342849605
  endloop
 endfacet

 facet normal 0 -0.504733682 0.86327517
  outer loop
  vertex 0.0166127495 -0.0118198823 0.0342849605
  vertex 0.0172900837 -0.0118198823 0.0342849605
  vertex 0.0172900837 -0.011404735 0.0345276855
  endloop
 endfacet

 facet normal -0.00369881699 -0.500225961 0.865887046
  outer loop
  vertex 0.0166127495 -0.0118198823 0.0342849605
  vertex 0.0172900837 -0.011404735 0.0345276855
  vertex 0.0166127495 -0.0101823565 0.0352309644
  endloop
 endfacet

 facet normal 0 -0.498690337 0.866780281
  outer loop
  vertex 0.0166127495 -0.0101823565 0.0352309644
  vertex 0.0172900837 -0.011404735 0.0345276855
  vertex 0.0191256106 -0.0101823565 0.0352309644
  endloop
 endfacet

 facet normal 0 -0.490699261 0.871329069
  outer loop
  vertex 0.0166127495 -0.0101823565 0.0352309644
  vertex 0.0191256106 -0.0101823565 0.0352309644
  vertex 0.0172900837 -0.00978450757 0.0354550183
  endloop
 endfacet

 facet normal 0 -0.490699261 0.871329069
  outer loop
  vertex 0.0166127495 -0.0101823565 0.0352309644
  vertex 0.0172900837 -0.00978450757 0.0354550183
  vertex 0.0166127495 -0.00978450757 0.0354550183
  endloop
 endfacet

 facet normal 0 -0.456549972 0.88969779
  outer loop
  vertex 0.0166127495 -0.00978450757 0.0354550183
  vertex 0.0172900837 -0.00978450757 0.0354550183
  vertex 0.0172900837 -0.00943278521 0.0356355049
  endloop
 endfacet

 facet normal -0.00134040171 -0.454505146 0.890743136
  outer loop
  vertex 0.0166127495 -0.00978450757 0.0354550183
  vertex 0.0172900837 -0.00943278521 0.0356355049
  vertex 0.0166127495 -0.00946738105 0.0356168337
  endloop
 endfacet

 facet normal -0.00234719808 -0.438977242 0.898495138
  outer loop
  vertex 0.0166127495 -0.00946738105 0.0356168337
  vertex 0.0172900837 -0.00943278521 0.0356355049
  vertex 0.0166127495 -0.00891961809 0.0358844511
  endloop
 endfacet

 facet normal 0 -0.421960801 0.906614065
  outer loop
  vertex 0.0166127495 -0.00891961809 0.0358844511
  vertex 0.0172900837 -0.00891961809 0.0358844511
  vertex 0.0172900837 -0.00766264368 0.0364694782
  endloop
 endfacet

 facet normal 0 -0.421960801 0.906614065
  outer loop
  vertex 0.0166127495 -0.00891961809 0.0358844511
  vertex 0.0172900837 -0.00766264368 0.0364694782
  vertex 0.0166127495 -0.00766264368 0.0364694782
  endloop
 endfacet

 facet normal 0 -0.436472297 0.899717748
  outer loop
  vertex 0.0166127495 -0.00891961809 0.0358844511
  vertex 0.0172900837 -0.00943278521 0.0356355049
  vertex 0.0172900837 -0.00891961809 0.0358844511
  endloop
 endfacet

 facet normal 0 -0.396390408 0.918081999
  outer loop
  vertex 0.0166127495 -0.00766264368 0.0364694782
  vertex 0.0172900837 -0.00766264368 0.0364694782
  vertex 0.0191256106 -0.00717253983 0.0366810858
  endloop
 endfacet

 facet normal 0 -0.396390408 0.918081999
  outer loop
  vertex 0.0166127495 -0.00766264368 0.0364694782
  vertex 0.0191256106 -0.00717253983 0.0366810858
  vertex 0.0166127495 -0.00717253983 0.0366810858
  endloop
 endfacet

 facet normal 0 -0.378892779 0.92544055
  outer loop
  vertex 0.0166127495 -0.00717253983 0.0366810858
  vertex 0.0191256106 -0.00717253983 0.0366810858
  vertex 0.0194397159 -0.00700532738 0.0367495455
  endloop
 endfacet

 facet normal 0 -0.378892779 0.92544055
  outer loop
  vertex 0.0166127495 -0.00717253983 0.0366810858
  vertex 0.0194397159 -0.00700532738 0.0367495455
  vertex 0.0183849353 -0.00700532738 0.0367495455
  endloop
 endfacet

 facet normal -0.00148564717 -0.365367055 0.930862367
  outer loop
  vertex 0.0166127495 -0.00717253983 0.0366810858
  vertex 0.0183849353 -0.00700532738 0.0367495455
  vertex 0.0166127495 -0.00685541332 0.0368055589
  endloop
 endfacet

 facet normal -0.001178434 -0.362197995 0.932100475
  outer loop
  vertex 0.0166127495 -0.00685541332 0.0368055589
  vertex 0.0183849353 -0.00700532738 0.0367495455
  vertex 0.0183849353 -0.00686117914 0.0368055589
  endloop
 endfacet

 facet normal -0.00112745108 -0.346528143 0.938038945
  outer loop
  vertex 0.0166127495 -0.00685541332 0.0368055589
  vertex 0.0183849353 -0.00686117914 0.0368055589
  vertex 0.0183849353 -0.00578294974 0.0372038782
  endloop
 endfacet

 facet normal -0.00529587641 -0.340459198 0.940244496
  outer loop
  vertex 0.0166127495 -0.00685541332 0.0368055589
  vertex 0.0183849353 -0.00578294974 0.0372038782
  vertex 0.0166127495 -0.00505067641 0.0374590494
  endloop
 endfacet

 facet normal -0.00440573134 -0.338546991 0.940939188
  outer loop
  vertex 0.0166127495 -0.00505067641 0.0374590494
  vertex 0.0183849353 -0.00578294974 0.0372038782
  vertex 0.0183849353 -0.00505644223 0.0374652706
  endloop
 endfacet

 facet normal -0.00434524706 -0.30906409 0.951031327
  outer loop
  vertex 0.0166127495 -0.00505067641 0.0374590494
  vertex 0.0183849353 -0.00505644223 0.0374652706
  vertex 0.0166127495 -0.00451444462 0.037633311
  endloop
 endfacet

 facet normal -0.000972922775 -0.299032986 0.954242229
  outer loop
  vertex 0.0166127495 -0.00451444462 0.037633311
  vertex 0.0183849353 -0.00505644223 0.0374652706
  vertex 0.0183849353 -0.00452021044 0.037633311
  endloop
 endfacet

 facet normal -0.000869331183 -0.267193586 0.963642538
  outer loop
  vertex 0.0166127495 -0.00451444462 0.037633311
  vertex 0.0183849353 -0.00452021044 0.037633311
  vertex 0.0183849353 -0.00389172346 0.0378075764
  endloop
 endfacet

 facet normal -0.00172396842 -0.264935464 0.964264631
  outer loop
  vertex 0.0166127495 -0.00451444462 0.037633311
  vertex 0.0183849353 -0.00389172346 0.0378075764
  vertex 0.0166127495 -0.00388019159 0.0378075764
  endloop
 endfacet

 facet normal -0.055118002 -0.264533132 0.962800324
  outer loop
  vertex 0.0166127495 -0.00451444462 0.037633311
  vertex 0.0166127495 -0.00388019159 0.0378075764
  vertex 0.0162391812 -0.00300953561 0.0380254053
  endloop
 endfacet

 facet normal -0.0524328463 -0.263490051 0.963236094
  outer loop
  vertex 0.0162391812 -0.00300953561 0.0380254053
  vertex 0.0166127495 -0.00388019159 0.0378075764
  vertex 0.0166127495 -0.00303836563 0.0380378552
  endloop
 endfacet

 facet normal -0.0517337099 -0.2532278 0.966022432
  outer loop
  vertex 0.0162391812 -0.00300953561 0.0380254053
  vertex 0.0166127495 -0.00303836563 0.0380378552
  vertex 0.0166127495 -0.00263474975 0.0381436571
  endloop
 endfacet

 facet normal -0.0875668973 -0.219308108 0.971718073
  outer loop
  vertex 0.0162391812 -0.00300953561 0.0380254053
  vertex 0.0166127495 -0.00263474975 0.0381436571
  vertex 0.0166127495 -0.00200049742 0.0382868014
  endloop
 endfacet

 facet normal -0.00412013708 -0.211017966 0.977473497
  outer loop
  vertex 0.0166127495 -0.00200049742 0.0382868014
  vertex 0.0183849353 -0.0021215817 0.0382681303
  vertex 0.0183849353 -0.00200626324 0.0382930264
  endloop
 endfacet

 facet normal -0.00405370304 -0.184904486 0.982748151
  outer loop
  vertex 0.0166127495 -0.00200049742 0.0382868014
  vertex 0.0183849353 -0.00200626324 0.0382930264
  vertex 0.0183849353 -0.00137777661 0.0384112746
  endloop
 endfacet

 facet normal -0.00405370304 -0.184904486 0.982748151
  outer loop
  vertex 0.0166127495 -0.00200049742 0.0382868014
  vertex 0.0183849353 -0.00137777661 0.0384112746
  vertex 0.0166127495 -0.00137201068 0.0384050496
  endloop
 endfacet

 facet normal -0.00476544397 -0.22015129 0.975454211
  outer loop
  vertex 0.0166127495 -0.00200049742 0.0382868014
  vertex 0.0166127495 -0.00263474975 0.0381436571
  vertex 0.0183849353 -0.0021215817 0.0382681303
  endloop
 endfacet

 facet normal -0.00402403204 -0.17355153 0.984816551
  outer loop
  vertex 0.0166127495 -0.00137201068 0.0384050496
  vertex 0.0183849353 -0.00137777661 0.0384112746
  vertex 0.0166127495 -0.00024188761 0.0386042111
  endloop
 endfacet

 facet normal -0.00243950798 -0.171151608 0.985241771
  outer loop
  vertex 0.0166127495 -0.00024188761 0.0386042111
  vertex 0.0183849353 -0.00137777661 0.0384112746
  vertex 0.0191269014 -0.00024188761 0.038610436
  endloop
 endfacet

 facet normal -0.00244624703 -0.154668301 0.987963438
  outer loop
  vertex 0.0166127495 -0.00024188761 0.0386042111
  vertex 0.0191269014 -0.00024188761 0.038610436
  vertex 0.0166127495 0.000513449719 0.0387224592
  endloop
 endfacet

 facet normal 0 -0.108293585 0.994118929
  outer loop
  vertex 0.0166127495 0.000513449719 0.0387224592
  vertex 0.0191269014 0.000513449719 0.0387224592
  vertex 0.0191269014 0.0011419364 0.0387909226
  endloop
 endfacet

 facet normal 0 -0.108293585 0.994118929
  outer loop
  vertex 0.0166127495 0.000513449719 0.0387224592
  vertex 0.0191269014 0.0011419364 0.0387909226
  vertex 0.0166127495 0.0011419364 0.0387909226
  endloop
 endfacet

 facet normal -0.00214738655 -0.15369615 0.988115907
  outer loop
  vertex 0.0166127495 0.000513449719 0.0387224592
  vertex 0.0191269014 -0.00024188761 0.038610436
  vertex 0.0194397159 -8.6207343e-05 0.0386353284
  endloop
 endfacet

 facet normal 0 -0.14378956 0.989608288
  outer loop
  vertex 0.0166127495 0.000513449719 0.0387224592
  vertex 0.0194397159 -8.6207343e-05 0.0386353284
  vertex 0.0191269014 0.000513449719 0.0387224592
  endloop
 endfacet

 facet normal 0 -0.0895877331 0.995978951
  outer loop
  vertex 0.0166127495 0.0011419364 0.0387909226
  vertex 0.0191269014 0.0011419364 0.0387909226
  vertex 0.0191269014 0.00238737813 0.0389029495
  endloop
 endfacet

 facet normal 0 -0.0895877331 0.995978951
  outer loop
  vertex 0.0166127495 0.0011419364 0.0387909226
  vertex 0.0191269014 0.00238737813 0.0389029495
  vertex 0.0183849353 0.00238737813 0.0389029495
  endloop
 endfacet

 facet normal 0 -0.0717691779 0.997421265
  outer loop
  vertex 0.0183849353 0.00238737813 0.0389029495
  vertex 0.0191269014 0.00238737813 0.0389029495
  vertex 0.0183849353 0.00290631223 0.0389402881
  endloop
 endfacet

 facet normal 0.00228213496 -0.0685224459 0.997646987
  outer loop
  vertex 0.0183849353 0.00290631223 0.0389402881
  vertex 0.0191269014 0.00238737813 0.0389029495
  vertex 0.0191269014 0.00302163069 0.0389465131
  endloop
 endfacet

 facet normal 0 -0.0538876466 0.998547137
  outer loop
  vertex 0.0183849353 0.00290631223 0.0389402881
  vertex 0.0191269014 0.00302163069 0.0389465131
  vertex 0.0183849353 0.00302163069 0.0389465131
  endloop
 endfacet

 facet normal 0 -0.0395830311 0.999216378
  outer loop
  vertex 0.0183849353 0.00302163069 0.0389465131
  vertex 0.0191269014 0.00302163069 0.0389465131
  vertex 0.0191269014 0.00365011743 0.0389714092
  endloop
 endfacet

 facet normal 0 -0.0395830311 0.999216378
  outer loop
  vertex 0.0183849353 0.00302163069 0.0389465131
  vertex 0.0191269014 0.00365011743 0.0389714092
  vertex 0.0184986871 0.00365011743 0.0389714092
  endloop
 endfacet

 facet normal 0 -0.0198001694 0.99980396
  outer loop
  vertex 0.0184986871 0.00365011743 0.0389714092
  vertex 0.0191269014 0.00365011743 0.0389714092
  vertex 0.0191269014 0.00427860441 0.0389838554
  endloop
 endfacet

 facet normal -0.00501526101 -0.0147885438 0.999878109
  outer loop
  vertex 0.0184986871 0.00365011743 0.0389714092
  vertex 0.0191269014 0.00427860441 0.0389838554
  vertex 0.0172409639 0.00365588348 0.038965188
  endloop
 endfacet

 facet normal 0.962295473 0.272006512 -0.000120708472
  outer loop
  vertex 0.0202191677 0.0312170461 -0.0226681549
  vertex 0.0202191677 0.0312343445 0.0163109023
  vertex 0.0203691125 0.0306865796 -0.0226681549
  endloop
 endfacet

 facet normal 0.964385867 0.264499426 0
  outer loop
  vertex 0.0202191677 0.0312343445 0.0163109023
  vertex 0.0202191677 0.0312343445 0.0181966852
  vertex 0.0203678217 0.0306923464 0.0181966852
  endloop
 endfacet

 facet normal 0.964385867 0.264499426 0
  outer loop
  vertex 0.0202191677 0.0312343445 0.0163109023
  vertex 0.0203678217 0.0306923464 0.0181966852
  vertex 0.0203678217 0.0306923464 0.0105415294
  endloop
 endfacet

 facet normal 0.964362979 0.264582932 -8.43334965e-06
  outer loop
  vertex 0.0202191677 0.0312343445 0.0163109023
  vertex 0.0203678217 0.0306923464 0.0105415294
  vertex 0.0203691125 0.0306865796 -0.0226681549
  endloop
 endfacet

 facet normal 0.0206890684 0.935289264 0.353279144
  outer loop
  vertex 0.0191256106 0.0314995758 0.0188252795
  vertex 0.0194384251 0.0284436326 0.026897423
  vertex 0.0197551176 0.0283802077 0.0270467922
  endloop
 endfacet

 facet normal 0.0217203051 0.935294807 0.353202313
  outer loop
  vertex 0.0191256106 0.0314995758 0.0188252795
  vertex 0.0197551176 0.0283802077 0.0270467922
  vertex 0.0199683998 0.0284551643 0.0268351864
  endloop
 endfacet

 facet normal 0.0257016551 0.935344815 0.352802366
  outer loop
  vertex 0.0191256106 0.0314995758 0.0188252795
  vertex 0.0199683998 0.0284551643 0.0268351864
  vertex 0.0197551176 0.0314822793 0.0188252795
  endloop
 endfacet

 facet normal 0.472200245 0.881343067 0.016168613
  outer loop
  vertex 0.0197551176 0.0314822793 0.0188252795
  vertex 0.0202178769 0.0312343445 0.0188252795
  vertex 0.0197551176 0.0314938091 0.0181966852
  endloop
 endfacet

 facet normal 0.0823788792 0.932971656 0.350396365
  outer loop
  vertex 0.0197551176 0.0314822793 0.0188252795
  vertex 0.0199683998 0.0284551643 0.0268351864
  vertex 0.0200795662 0.0284897592 0.0267169364
  endloop
 endfacet

 facet normal 0.363939822 0.875771761 0.317130387
  outer loop
  vertex 0.0197551176 0.0314822793 0.0188252795
  vertex 0.0200795662 0.0284897592 0.0267169364
  vertex 0.0201687552 0.0311593879 0.0192422681
  endloop
 endfacet

 facet normal 0.461798251 0.861928165 0.209338129
  outer loop
  vertex 0.0197551176 0.0314822793 0.0188252795
  vertex 0.0201687552 0.0311593879 0.0192422681
  vertex 0.0202178769 0.0312343445 0.0188252795
  endloop
 endfacet

 facet normal 0.488026708 0.872828186 0.0010027074
  outer loop
  vertex 0.0197551176 0.0314938091 0.0181966852
  vertex 0.0202178769 0.0312343445 0.0188252795
  vertex 0.0202191677 0.0312343445 0.0181966852
  endloop
 endfacet

 facet normal 0.975819945 0.218576044 0
  outer loop
  vertex 0.0203691125 0.0306865796 -0.0226681549
  vertex 0.0203678217 0.0306923464 0.0105415294
  vertex 0.0203678217 0.0306923464 0.0181966852
  endloop
 endfacet

 facet normal 0.975819945 0.218576044 0
  outer loop
  vertex 0.0203691125 0.0306865796 -0.0226681549
  vertex 0.0203678217 0.0306923464 0.0181966852
  vertex 0.0203691125 0.0306865796 -0.00614422141
  endloop
 endfacet

 facet normal 1 -0.000106828942 5.30849902e-05
  outer loop
  vertex 0.0203691125 -0.0265403111 -0.00614422141
  vertex 0.0203691125 -0.018248897 0.0105415294
  vertex 0.0203678217 -0.0265345443 0.0181966852
  endloop
 endfacet

 facet normal 1 -8.01955903e-05 8.19119086e-05
  outer loop
  vertex 0.0203678217 -0.0265345443 0.0181966852
  vertex 0.0203691125 -0.018248897 0.0105415294
  vertex 0.0203678217 -0.0104706539 0.0339239873
  endloop
 endfacet

 facet normal 0.999999225 -0.000848909141 0.000867077266
  outer loop
  vertex 0.0203678217 -0.0265345443 0.0181966852
  vertex 0.0203678217 -0.0104706539 0.0339239873
  vertex 0.0203665271 -0.0152044846 0.0307810139
  endloop
 endfacet

 facet normal 0.999999046 -0.000970727939 0.000976754352
  outer loop
  vertex 0.0203678217 -0.0265345443 0.0181966852
  vertex 0.0203665271 -0.0152044846 0.0307810139
  vertex 0.0203665271 -0.0170957111 0.0289014559
  endloop
 endfacet

 facet normal 0.999998748 -0.00111579883 0.00110466941
  outer loop
  vertex 0.0203678217 -0.0265345443 0.0181966852
  vertex 0.0203665271 -0.0170957111 0.0289014559
  vertex 0.0203665271 -0.0177241992 0.0282666367
  endloop
 endfacet

 facet normal 0.99999541 -0.00220495625 0.00205758819
  outer loop
  vertex 0.0203678217 -0.0265345443 0.0181966852
  vertex 0.0203665271 -0.0177241992 0.0282666367
  vertex 0.0203665271 -0.0265345443 0.0188252795
  endloop
 endfacet

 facet normal 0.969997168 -0.177746162 0.165866524
  outer loop
  vertex 0.0203665271 -0.0265345443 0.0188252795
  vertex 0.0203665271 -0.0177241992 0.0282666367
  vertex 0.0202463157 -0.0177587941 0.0289325751
  endloop
 endfacet

 facet normal 0.971546412 -0.168315023 0.166636139
  outer loop
  vertex 0.0202463157 -0.0177587941 0.0289325751
  vertex 0.0203665271 -0.0177241992 0.0282666367
  vertex 0.0203665271 -0.0170957111 0.0289014559
  endloop
 endfacet

 facet normal 0.971211553 -0.168155745 0.168735906
  outer loop
  vertex 0.0202463157 -0.0177587941 0.0289325751
  vertex 0.0203665271 -0.0170957111 0.0289014559
  vertex 0.0202476066 -0.0164960548 0.0301835388
  endloop
 endfacet

 facet normal 0 0.421000332 0.907060504
  outer loop
  vertex 0.0162908882 0.017171232 0.0361271761
  vertex 0.0172900837 0.017171232 0.0361271761
  vertex 0.0191256106 0.017747825 0.0358595587
  endloop
 endfacet

 facet normal -0.000227266719 0.421919405 0.906633317
  outer loop
  vertex 0.0162908882 0.017171232 0.0361271761
  vertex 0.0191256106 0.017747825 0.0358595587
  vertex 0.0183849353 0.0180015266 0.0357413068
  endloop
 endfacet

 facet normal -0.00225243042 0.426113188 0.904667079
  outer loop
  vertex 0.0162908882 0.017171232 0.0361271761
  vertex 0.0183849353 0.0180015266 0.0357413068
  vertex 0.0166127495 0.0181110781 0.0356852934
  endloop
 endfacet

 facet normal -0.0200176574 0.431003422 0.90212822
  outer loop
  vertex 0.0162908882 0.017171232 0.0361271761
  vertex 0.0166127495 0.0181110781 0.0356852934
  vertex 0.0166127495 0.0184628014 0.035517253
  endloop
 endfacet

 facet normal -0.0291774031 0.432768703 0.901032686
  outer loop
  vertex 0.0162908882 0.017171232 0.0361271761
  vertex 0.0166127495 0.0184628014 0.035517253
  vertex 0.0162495226 0.0184512697 0.0355110317
  endloop
 endfacet

 facet normal -0.0331046805 0.40889734 0.911979795
  outer loop
  vertex 0.0162908882 0.017171232 0.0361271761
  vertex 0.0166127495 0.0158508327 0.0367308781
  vertex 0.0166127495 0.0162256192 0.0365628377
  endloop
 endfacet

 facet normal 0 0.41844362 0.908242822
  outer loop
  vertex 0.0162908882 0.017171232 0.0361271761
  vertex 0.0166127495 0.0162256192 0.0365628377
  vertex 0.0172900837 0.0162256192 0.0365628377
  endloop
 endfacet

 facet normal 0 0.41844362 0.908242822
  outer loop
  vertex 0.0162908882 0.017171232 0.0361271761
  vertex 0.0172900837 0.0162256192 0.0365628377
  vertex 0.0172900837 0.017171232 0.0361271761
  endloop
 endfacet

 facet normal -0.0305802189 0.494407058 0.868692398
  outer loop
  vertex 0.0162495226 0.0184512697 0.0355110317
  vertex 0.0166127495 0.0184628014 0.035517253
  vertex 0.0166127495 0.018779926 0.0353367664
  endloop
 endfacet

 facet normal -0.0387752466 0.501216173 0.864452958
  outer loop
  vertex 0.0162495226 0.0184512697 0.0355110317
  vertex 0.0166127495 0.018779926 0.0353367664
  vertex 0.0166127495 0.0204866435 0.0343471989
  endloop
 endfacet

 facet normal -0.0203506462 0.340791643 0.939918637
  outer loop
  vertex 0.0166127495 0.0158508327 0.0367308781
  vertex 0.0162831303 0.0140287979 0.0373843648
  vertex 0.0166127495 0.014357456 0.0372723378
  endloop
 endfacet

 facet normal 0 0.340862244 0.940113246
  outer loop
  vertex 0.0166127495 0.0158508327 0.0367308781
  vertex 0.0166127495 0.014357456 0.0372723378
  vertex 0.0172900837 0.014357456 0.0372723378
  endloop
 endfacet

 facet normal 0 0.340862244 0.940113246
  outer loop
  vertex 0.0166127495 0.0158508327 0.0367308781
  vertex 0.0172900837 0.014357456 0.0372723378
  vertex 0.0172900837 0.0158508327 0.0367308781
  endloop
 endfacet

 facet normal 0 0.396406889 0.918075025
  outer loop
  vertex 0.0166127495 0.0158508327 0.0367308781
  vertex 0.0172900837 0.0158508327 0.0367308781
  vertex 0.0172900837 0.0158796627 0.0367184281
  endloop
 endfacet

 facet normal -0.000644026266 0.409121454 0.912479758
  outer loop
  vertex 0.0166127495 0.0158508327 0.0367308781
  vertex 0.0172900837 0.0158796627 0.0367184281
  vertex 0.0166127495 0.0162256192 0.0365628377
  endloop
 endfacet

 facet normal -0.124614641 0.26919046 0.954991043
  outer loop
  vertex 0.0162831303 0.0140287979 0.0373843648
  vertex 0.0161823053 0.0116417017 0.0380440764
  vertex 0.0166127495 0.0130774193 0.0376955494
  endloop
 endfacet

 facet normal -0.0553922653 0.293013781 0.954502404
  outer loop
  vertex 0.0162831303 0.0140287979 0.0373843648
  vertex 0.0166127495 0.0130774193 0.0376955494
  vertex 0.0166127495 0.0137059065 0.0375026166
  endloop
 endfacet

 facet normal -0.0118147759 0.333206177 0.942779958
  outer loop
  vertex 0.0162831303 0.0140287979 0.0373843648
  vertex 0.0166127495 0.0137059065 0.0375026166
  vertex 0.0166127495 0.014357456 0.0372723378
  endloop
 endfacet

 facet normal 0 0.502228498 0.864735007
  outer loop
  vertex 0.0166127495 0.0204866435 0.0343471989
  vertex 0.0172900837 0.0193507541 0.0350069106
  vertex 0.0172900837 0.0204866435 0.0343471989
  endloop
 endfacet

 facet normal 0 0.531831682 0.846850097
  outer loop
  vertex 0.0166127495 0.0204866435 0.0343471989
  vertex 0.0172900837 0.0204866435 0.0343471989
  vertex 0.0172900837 0.0208037701 0.0341480374
  endloop
 endfacet

 facet normal 0 0.531831682 0.846850097
  outer loop
  vertex 0.0166127495 0.0204866435 0.0343471989
  vertex 0.0172900837 0.0208037701 0.0341480374
  vertex 0.0166127495 0.0208037701 0.0341480374
  endloop
 endfacet

 facet normal -0.00142409513 0.501592875 0.865102649
  outer loop
  vertex 0.0166127495 0.0204866435 0.0343471989
  vertex 0.0166127495 0.018779926 0.0353367664
  vertex 0.0172900837 0.0193507541 0.0350069106
  endloop
 endfacet

 facet normal -0.0220144726 0.568854988 0.822143197
  outer loop
  vertex 0.0166127495 0.0208037701 0.0341480374
  vertex 0.0166127495 0.0212535132 0.0338368528
  vertex 0.0162908882 0.0215648729 0.0336127989
  endloop
 endfacet

 facet normal 0 0.568992853 0.822342515
  outer loop
  vertex 0.0166127495 0.0208037701 0.0341480374
  vertex 0.0172900837 0.0208037701 0.0341480374
  vertex 0.0191256106 0.0212535132 0.0338368528
  endloop
 endfacet

 facet normal 0 0.568992853 0.822342515
  outer loop
  vertex 0.0166127495 0.0208037701 0.0341480374
  vertex 0.0191256106 0.0212535132 0.0338368528
  vertex 0.0166127495 0.0212535132 0.0338368528
  endloop
 endfacet

 facet normal -0.0181298926 0.571578264 0.82034725
  outer loop
  vertex 0.0162908882 0.0215648729 0.0336127989
  vertex 0.0166127495 0.0212535132 0.0338368528
  vertex 0.0166127495 0.0223432742 0.0330775604
  endloop
 endfacet

 facet normal -0.0626533255 0.582939625 0.810096264
  outer loop
  vertex 0.0162908882 0.0215648729 0.0336127989
  vertex 0.0166127495 0.0223432742 0.0330775604
  vertex 0.0166127495 0.0226546358 0.0328535065
  endloop
 endfacet

 facet normal 0 0.623306394 0.781977773
  outer loop
  vertex 0.0166127495 0.0226546358 0.0328535065
  vertex 0.0191256106 0.0226546358 0.0328535065
  vertex 0.0172900837 0.0234042071 0.0322560333
  endloop
 endfacet

 facet normal -0.000625670829 0.623651922 0.781701982
  outer loop
  vertex 0.0166127495 0.0226546358 0.0328535065
  vertex 0.0172900837 0.0234042071 0.0322560333
  vertex 0.0166127495 0.0230524838 0.0325361006
  endloop
 endfacet

 facet normal 0 0.584087133 0.811690986
  outer loop
  vertex 0.0166127495 0.0226546358 0.0328535065
  vertex 0.0166127495 0.0223432742 0.0330775604
  vertex 0.0191256106 0.0223432742 0.0330775604
  endloop
 endfacet

 facet normal 0 0.584087133 0.811690986
  outer loop
  vertex 0.0166127495 0.0226546358 0.0328535065
  vertex 0.0191256106 0.0223432742 0.0330775604
  vertex 0.0191256106 0.0226546358 0.0328535065
  endloop
 endfacet

 facet normal -0.00338369771 0.626891017 0.779099643
  outer loop
  vertex 0.0166127495 0.0230524838 0.0325361006
  vertex 0.0172900837 0.0234042071 0.0322560333
  vertex 0.0166127495 0.0233696103 0.0322809294
  endloop
 endfacet

 facet normal 0 0.646276176 0.763103664
  outer loop
  vertex 0.0166127495 0.0244017113 0.0314220563
  vertex 0.0191256106 0.0244017113 0.0314220563
  vertex 0.0172900837 0.0247764979 0.0311046466
  endloop
 endfacet

 facet normal -0.00695340149 0.653548658 0.756852567
  outer loop
  vertex 0.0166127495 0.0244017113 0.0314220563
  vertex 0.0172900837 0.0247764979 0.0311046466
  vertex 0.0166127495 0.0247476697 0.0311233178
  endloop
 endfacet

 facet normal -0.0044189333 0.639645398 0.768657565
  outer loop
  vertex 0.0166127495 0.0244017113 0.0314220563
  vertex 0.0166127495 0.0233696103 0.0322809294
  vertex 0.0172900837 0.0234042071 0.0322560333
  endloop
 endfacet

 facet normal 0 0.641419411 0.767190456
  outer loop
  vertex 0.0166127495 0.0244017113 0.0314220563
  vertex 0.0172900837 0.0234042071 0.0322560333
  vertex 0.0191256106 0.0244017113 0.0314220563
  endloop
 endfacet

 facet normal -0.00963243656 0.693116307 0.720761478
  outer loop
  vertex 0.0166127495 0.0247476697 0.0311233178
  vertex 0.0172900837 0.0247764979 0.0311046466
  vertex 0.0166127495 0.0250647943 0.0308183562
  endloop
 endfacet

 facet normal -0.00898012519 0.693904102 0.720011473
  outer loop
  vertex 0.0166127495 0.0250647943 0.0308183562
  vertex 0.0172900837 0.0247764979 0.0311046466
  vertex 0.0166127495 0.0253876876 0.0305071715
  endloop
 endfacet

 facet normal -0.00660351058 0.695271909 0.718716502
  outer loop
  vertex 0.0166127495 0.0253876876 0.0305071715
  vertex 0.0172900837 0.0247764979 0.0311046466
  vertex 0.0172900837 0.0253876876 0.0305133946
  endloop
 endfacet

 facet normal -0.00649614725 0.707152545 0.70703125
  outer loop
  vertex 0.0166127495 0.0253876876 0.0305071715
  vertex 0.0172900837 0.0253876876 0.0305133946
  vertex 0.0172900837 0.0266446602 0.029256206
  endloop
 endfacet

 facet normal -0.00649614725 0.707152545 0.70703125
  outer loop
  vertex 0.0166127495 0.0253876876 0.0305071715
  vertex 0.0172900837 0.0266446602 0.029256206
  vertex 0.0166127495 0.0266446602 0.0292499829
  endloop
 endfacet

 facet normal -0.0070136874 0.74551785 0.666448832
  outer loop
  vertex 0.0166127495 0.0269617867 0.028895231
  vertex 0.0166127495 0.0266446602 0.0292499829
  vertex 0.0172900837 0.0266677234 0.0292313118
  endloop
 endfacet

 facet normal -0.00611582166 0.746429205 0.665436745
  outer loop
  vertex 0.0166127495 0.0269617867 0.028895231
  vertex 0.0172900837 0.0266677234 0.0292313118
  vertex 0.0172900837 0.0269617867 0.0289014559
  endloop
 endfacet

 facet normal -0.00596756674 0.760504127 0.649305761
  outer loop
  vertex 0.0166127495 0.0269617867 0.028895231
  vertex 0.0172900837 0.0269617867 0.0289014559
  vertex 0.0166127495 0.0272327848 0.0285778232
  endloop
 endfacet

 facet normal -0.0017769062 0.764865696 0.644187272
  outer loop
  vertex 0.0166127495 0.0272327848 0.0285778232
  vertex 0.0172900837 0.0269617867 0.0289014559
  vertex 0.0172900837 0.0272500832 0.028559152
  endloop
 endfacet

 facet normal -0.00177684636 0.764864683 0.644188643
  outer loop
  vertex 0.0166127495 0.0272327848 0.0285778232
  vertex 0.0172900837 0.0272500832 0.028559152
  vertex 0.0166127495 0.0278093796 0.0278932154
  endloop
 endfacet

 facet normal 0 0.765756607 0.643130481
  outer loop
  vertex 0.0166127495 0.0278093796 0.0278932154
  vertex 0.0172900837 0.0272500832 0.028559152
  vertex 0.0172900837 0.0278093796 0.0278932154
  endloop
 endfacet

 facet normal -0.00624407735 0.733559787 0.679596305
  outer loop
  vertex 0.0166127495 0.0266446602 0.0292499829
  vertex 0.0172900837 0.0266446602 0.029256206
  vertex 0.0172900837 0.0266677234 0.0292313118
  endloop
 endfacet

 facet normal 0.000852200144 0.765909851 0.642947435
  outer loop
  vertex 0.0183849353 0.028074611 0.0275758076
  vertex 0.0172900837 0.0278093796 0.0278932154
  vertex 0.0183849353 0.0269617867 0.0289014559
  endloop
 endfacet

 facet normal 0.0012597054 0.765909553 0.642947137
  outer loop
  vertex 0.0183849353 0.028074611 0.0275758076
  vertex 0.0183849353 0.0269617867 0.0289014559
  vertex 0.0191256106 0.0272270199 0.0285840482
  endloop
 endfacet

 facet normal 0.00419772184 0.766964555 0.64167577
  outer loop
  vertex 0.0183849353 0.028074611 0.0275758076
  vertex 0.0191256106 0.0272270199 0.0285840482
  vertex 0.0194384251 0.0280688461 0.0275758076
  endloop
 endfacet

 facet normal 0.00469425041 0.857685089 0.514153957
  outer loop
  vertex 0.0183849353 0.028074611 0.0275758076
  vertex 0.0194384251 0.0280688461 0.0275758076
  vertex 0.0194384251 0.0283859726 0.0270467922
  endloop
 endfacet

 facet normal 0.0156138642 0.85758996 0.514096975
  outer loop
  vertex 0.0194384251 0.0283859726 0.0270467922
  vertex 0.0194384251 0.0280688461 0.0275758076
  vertex 0.0197551176 0.0280630793 0.0275758076
  endloop
 endfacet

 facet normal 0.0156138642 0.85758996 0.514096975
  outer loop
  vertex 0.0194384251 0.0283859726 0.0270467922
  vertex 0.0197551176 0.0280630793 0.0275758076
  vertex 0.0197551176 0.0283802077 0.0270467922
  endloop
 endfacet

 facet normal 0.0169826653 0.932771325 0.360068351
  outer loop
  vertex 0.0194384251 0.0283859726 0.0270467922
  vertex 0.0197551176 0.0283802077 0.0270467922
  vertex 0.0194384251 0.0284436326 0.026897423
  endloop
 endfacet

 facet normal -0.00652473373 0.00999300089 0.999928832
  outer loop
  vertex 0.0191269014 0.00427860441 0.0389838554
  vertex 0.0191269014 0.00490132533 0.0389776342
  vertex 0.0172900837 0.00494745281 0.038965188
  endloop
 endfacet

 facet normal 0.0197043251 -0.0197963268 0.999609888
  outer loop
  vertex 0.0191269014 0.00427860441 0.0389838554
  vertex 0.0191269014 0.00365011743 0.0389714092
  vertex 0.0194397159 0.00396147789 0.0389714092
  endloop
 endfacet

 facet normal 0.0198867731 -0.0196163543 0.999609828
  outer loop
  vertex 0.0191269014 0.00427860441 0.0389838554
  vertex 0.0194397159 0.00396147789 0.0389714092
  vertex 0.0194397159 0.00427860441 0.0389776342
  endloop
 endfacet

 facet normal 0.0198904015 0.00445529539 0.999792278
  outer loop
  vertex 0.0191269014 0.00427860441 0.0389838554
  vertex 0.0194397159 0.00427860441 0.0389776342
  vertex 0.0194384251 0.00428437022 0.0389776342
  endloop
 endfacet

 facet normal 0.0197871812 0.00999125745 0.99975431
  outer loop
  vertex 0.0191269014 0.00427860441 0.0389838554
  vertex 0.0194384251 0.00428437022 0.0389776342
  vertex 0.0191269014 0.00490132533 0.0389776342
  endloop
 endfacet

 facet normal -0.00652098237 0.0101419929 0.999927282
  outer loop
  vertex 0.0172900837 0.00494745281 0.038965188
  vertex 0.0191269014 0.00490132533 0.0389776342
  vertex 0.0172409639 0.00552981207 0.0389589593
  endloop
 endfacet

 facet normal 0 0.0593075864 0.998239756
  outer loop
  vertex 0.0172409639 0.00552981207 0.0389589593
  vertex 0.0191269014 0.00552981207 0.0389589593
  vertex 0.0191269014 0.00615829881 0.0389216207
  endloop
 endfacet

 facet normal 0 0.0593075864 0.998239756
  outer loop
  vertex 0.0172409639 0.00552981207 0.0389589593
  vertex 0.0191269014 0.00615829881 0.0389216207
  vertex 0.0183849353 0.00615829881 0.0389216207
  endloop
 endfacet

 facet normal 0 0.0296989437 0.999558985
  outer loop
  vertex 0.0172409639 0.00552981207 0.0389589593
  vertex 0.0191269014 0.00490132533 0.0389776342
  vertex 0.0191269014 0.00552981207 0.0389589593
  endloop
 endfacet

 facet normal 0 0.0885038376 0.996075928
  outer loop
  vertex 0.0183849353 0.00615829881 0.0389216207
  vertex 0.0191269014 0.00615829881 0.0389216207
  vertex 0.0172900837 0.00804952439 0.0387535803
  endloop
 endfacet

 facet normal 0 0.0885038376 0.996075928
  outer loop
  vertex 0.0183849353 0.00615829881 0.0389216207
  vertex 0.0172900837 0.00804952439 0.0387535803
  vertex 0.0166127495 0.00804952439 0.0387535803
  endloop
 endfacet

 facet normal 0 0.129727691 0.991549671
  outer loop
  vertex 0.0166127495 0.00804952439 0.0387535803
  vertex 0.0172900837 0.00804952439 0.0387535803
  vertex 0.0172900837 0.00862035248 0.0386788957
  endloop
 endfacet

 facet normal -0.00581000932 0.136500508 0.990623057
  outer loop
  vertex 0.0166127495 0.00804952439 0.0387535803
  vertex 0.0172900837 0.00862035248 0.0386788957
  vertex 0.0166127495 0.00859152246 0.0386788957
  endloop
 endfacet

 facet normal -0.0697249919 0.136170596 0.988228738
  outer loop
  vertex 0.0166127495 0.00804952439 0.0387535803
  vertex 0.0166127495 0.00859152246 0.0386788957
  vertex 0.0162016954 0.0085165659 0.0386602245
  endloop
 endfacet

 facet normal -0.0745926723 0.164008841 0.983634591
  outer loop
  vertex 0.0162016954 0.0085165659 0.0386602245
  vertex 0.0166127495 0.00859152246 0.0386788957
  vertex 0.0166127495 0.00930073205 0.0385606438
  endloop
 endfacet

 facet normal -0.095832184 0.174674734 0.979951501
  outer loop
  vertex 0.0162016954 0.0085165659 0.0386602245
  vertex 0.0166127495 0.00930073205 0.0385606438
  vertex 0.0166127495 0.0105577065 0.0383365899
  endloop
 endfacet

 facet normal -0.179524213 0.189219341 0.965384424
  outer loop
  vertex 0.0162016954 0.0085165659 0.0386602245
  vertex 0.0166127495 0.0105577065 0.0383365899
  vertex 0.0161823053 0.0116417017 0.0380440764
  endloop
 endfacet

 facet normal -0.131692141 0.209180266 0.968968987
  outer loop
  vertex 0.0161823053 0.0116417017 0.0380440764
  vertex 0.0166127495 0.0105577065 0.0383365899
  vertex 0.0166127495 0.0111919586 0.0381996706
  endloop
 endfacet

 facet normal -0.0796397477 0.256978929 0.963129997
  outer loop
  vertex 0.0161823053 0.0116417017 0.0380440764
  vertex 0.0166127495 0.0111919586 0.0381996706
  vertex 0.0166127495 0.0117051266 0.0380627476
  endloop
 endfacet

 facet normal -0.0797323883 0.257663786 0.962939382
  outer loop
  vertex 0.0161823053 0.0116417017 0.0380440764
  vertex 0.0166127495 0.0117051266 0.0380627476
  vertex 0.0166127495 0.0130774193 0.0376955494
  endloop
 endfacet

 facet normal 0.971417844 -0.167330056 0.168368861
  outer loop
  vertex 0.0202476066 -0.0164960548 0.0301835388
  vertex 0.0203665271 -0.0170957111 0.0289014559
  vertex 0.0203665271 -0.0152044846 0.0307810139
  endloop
 endfacet

 facet normal 0.970304132 -0.169272885 0.172790423
  outer loop
  vertex 0.0202476066 -0.0164960548 0.0301835388
  vertex 0.0203665271 -0.0152044846 0.0307810139
  vertex 0.0202463157 -0.0158618018 0.0308121331
  endloop
 endfacet

 facet normal 0.96827358 -0.168338433 0.184685051
  outer loop
  vertex 0.0202463157 -0.0158618018 0.0308121331
  vertex 0.0203665271 -0.0152044846 0.0307810139
  vertex 0.0203548949 -0.0145817641 0.0314096101
  endloop
 endfacet

 facet normal 0.964164555 -0.174900755 0.199490994
  outer loop
  vertex 0.0202463157 -0.0158618018 0.0308121331
  vertex 0.0203548949 -0.0145817641 0.0314096101
  vertex 0.0202372652 -0.0152160171 0.0314220563
  endloop
 endfacet

 facet normal 0.963419616 -0.174689025 0.203240082
  outer loop
  vertex 0.0202372652 -0.0152160171 0.0314220563
  vertex 0.0203548949 -0.0145817641 0.0314096101
  vertex 0.0203393828 -0.0139359795 0.0320382006
  endloop
 endfacet

 facet normal 0.950878084 -0.192539781 0.242403358
  outer loop
  vertex 0.0202372652 -0.0152160171 0.0314220563
  vertex 0.0203393828 -0.0139359795 0.0320382006
  vertex 0.0203044824 -0.0133247906 0.0326605737
  endloop
 endfacet

 facet normal 0.949442983 -0.19491227 0.246104062
  outer loop
  vertex 0.0202372652 -0.0152160171 0.0314220563
  vertex 0.0203044824 -0.0133247906 0.0326605737
  vertex 0.0202152915 -0.0145529341 0.0320319794
  endloop
 endfacet

 facet normal 0.929651856 -0.219116211 0.296201736
  outer loop
  vertex 0.0202152915 -0.0145529341 0.0320319794
  vertex 0.0203044824 -0.0133247906 0.0326605737
  vertex 0.0201765131 -0.0139013836 0.0326356776
  endloop
 endfacet

 facet normal 0.928327203 -0.219003901 0.300409734
  outer loop
  vertex 0.0201765131 -0.0139013836 0.0326356776
  vertex 0.0203044824 -0.0133247906 0.0326605737
  vertex 0.0202385578 -0.012707836 0.0333140604
  endloop
 endfacet

 facet normal 0.922936678 -0.225362107 0.312089384
  outer loop
  vertex 0.0201765131 -0.0139013836 0.0326356776
  vertex 0.0202385578 -0.012707836 0.0333140604
  vertex 0.0201545376 -0.0125175603 0.0336999334
  endloop
 endfacet

 facet normal 0.925799966 -0.217781842 0.308974922
  outer loop
  vertex 0.0201545376 -0.0125175603 0.0336999334
  vertex 0.0202385578 -0.012707836 0.0333140604
  vertex 0.0201984867 -0.0120216897 0.0339177623
  endloop
 endfacet

 facet normal 0.880330741 -0.25401026 0.400620282
  outer loop
  vertex 0.0201545376 -0.0125175603 0.0336999334
  vertex 0.0201984867 -0.0120216897 0.0339177623
  vertex 0.0201687552 -0.0114277992 0.0343596451
  endloop
 endfacet

 facet normal 0.849984646 -0.280889809 0.44567591
  outer loop
  vertex 0.0201545376 -0.0125175603 0.0336999334
  vertex 0.0201687552 -0.0114277992 0.0343596451
  vertex 0.0201028325 -0.0117852865 0.0342600644
  endloop
 endfacet

 facet normal 0.638259828 -0.438773453 0.632536471
  outer loop
  vertex 0.0201545376 -0.0125175603 0.0336999334
  vertex 0.0201028325 -0.0117852865 0.0342600644
  vertex 0.0200847369 -0.0136419171 0.0329904296
  endloop
 endfacet

 facet normal 0.0568728745 -0.596855819 0.800330341
  outer loop
  vertex 0.0200847369 -0.0136419171 0.0329904296
  vertex 0.0197551176 -0.0136649814 0.0329966545
  vertex 0.0197551176 -0.013982106 0.0327601545
  endloop
 endfacet

 facet normal 0.103996299 -0.562104106 0.820502162
  outer loop
  vertex 0.0200847369 -0.0136419171 0.0329904296
  vertex 0.0201028325 -0.0117852865 0.0342600644
  vertex 0.0197551176 -0.012131243 0.0340671316
  endloop
 endfacet

 facet normal 0.0554434918 -0.571455121 0.818758249
  outer loop
  vertex 0.0200847369 -0.0136419171 0.0329904296
  vertex 0.0197551176 -0.012131243 0.0340671316
  vertex 0.0197551176 -0.0136649814 0.0329966545
  endloop
 endfacet

 facet normal 0.00688878354 -0.572321832 0.820000172
  outer loop
  vertex 0.0197551176 -0.0136649814 0.0329966545
  vertex 0.0197551176 -0.012131243 0.0340671316
  vertex 0.0191256106 -0.0133247906 0.0332393795
  endloop
 endfacet

 facet normal 0.0903161988 -0.552772164 0.828423738
  outer loop
  vertex 0.0197551176 -0.012131243 0.0340671316
  vertex 0.0201028325 -0.0117852865 0.0342600644
  vertex 0.0197551176 -0.0118141165 0.0342787355
  endloop
 endfacet

 facet normal 0.00336004468 -0.50473088 0.863270283
  outer loop
  vertex 0.0172900837 -0.0118198823 0.0342849605
  vertex 0.0197551176 -0.0118141165 0.0342787355
  vertex 0.0172900837 -0.011404735 0.0345276855
  endloop
 endfacet

 facet normal 0.00376532157 -0.502928734 0.864319742
  outer loop
  vertex 0.0172900837 -0.011404735 0.0345276855
  vertex 0.0197551176 -0.0118141165 0.0342787355
  vertex 0.0191256106 -0.0101823565 0.0352309644
  endloop
 endfacet

 facet normal 0.00797709078 -0.485047281 0.874451578
  outer loop
  vertex 0.0191256106 -0.0101823565 0.0352309644
  vertex 0.0194384251 -0.00978450757 0.0354487933
  vertex 0.0191256106 -0.00976721011 0.0354612395
  endloop
 endfacet

 facet normal 0.00160626951 -0.485062063 0.874478281
  outer loop
  vertex 0.0191256106 -0.0101823565 0.0352309644
  vertex 0.0191256106 -0.00976721011 0.0354612395
  vertex 0.0172900837 -0.00978450757 0.0354550183
  endloop
 endfacet

 facet normal 0.00540215801 -0.502453446 0.864587426
  outer loop
  vertex 0.0191256106 -0.0101823565 0.0352309644
  vertex 0.0197551176 -0.0118141165 0.0342787355
  vertex 0.0194384251 -0.0108108437 0.0348637663
  endloop
 endfacet

 facet normal 0.01034474 -0.500596166 0.865619123
  outer loop
  vertex 0.0191256106 -0.0101823565 0.0352309644
  vertex 0.0194384251 -0.0108108437 0.0348637663
  vertex 0.0197564103 -0.0104706539 0.0350566991
  endloop
 endfacet

 facet normal 0.0166837685 -0.490238041 0.871428907
  outer loop
  vertex 0.0191256106 -0.0101823565 0.0352309644
  vertex 0.0197564103 -0.0104706539 0.0350566991
  vertex 0.0194384251 -0.00978450757 0.0354487933
  endloop
 endfacet

 facet normal 0.00128597335 -0.456549615 0.889697075
  outer loop
  vertex 0.0172900837 -0.00978450757 0.0354550183
  vertex 0.0191256106 -0.00976721011 0.0354612395
  vertex 0.0172900837 -0.00943278521 0.0356355049
  endloop
 endfacet

 facet normal 0.00269350782 -0.450442016 0.892801702
  outer loop
  vertex 0.0172900837 -0.00943278521 0.0356355049
  vertex 0.0191256106 -0.00976721011 0.0354612395
  vertex 0.0197564103 -0.00946738105 0.0356106088
  endloop
 endfacet

 facet normal 0.00295926025 -0.43647036 0.899713755
  outer loop
  vertex 0.0172900837 -0.00943278521 0.0356355049
  vertex 0.0197564103 -0.00946738105 0.0356106088
  vertex 0.0172900837 -0.00891961809 0.0358844511
  endloop
 endfacet

 facet normal 0.00305192056 -0.436134428 0.899876356
  outer loop
  vertex 0.0172900837 -0.00891961809 0.0358844511
  vertex 0.0197564103 -0.00946738105 0.0356106088
  vertex 0.0191256106 -0.00891961809 0.0358782262
  endloop
 endfacet

 facet normal 0.00306891743 -0.425638765 0.904888034
  outer loop
  vertex 0.0172900837 -0.00891961809 0.0358844511
  vertex 0.0191256106 -0.00891961809 0.0358782262
  vertex 0.0197564103 -0.0081873443 0.0362205319
  endloop
 endfacet

 facet normal 0.00174168637 -0.421960175 0.906612754
  outer loop
  vertex 0.0172900837 -0.00891961809 0.0358844511
  vertex 0.0197564103 -0.0081873443 0.0362205319
  vertex 0.0172900837 -0.00766264368 0.0364694782
  endloop
 endfacet

 facet normal 0.00374828698 -0.414216369 0.910170734
  outer loop
  vertex 0.0172900837 -0.00766264368 0.0364694782
  vertex 0.0197564103 -0.0081873443 0.0362205319
  vertex 0.0194384251 -0.00765687786 0.0364632569
  endloop
 endfacet

 facet normal 0.00373994722 -0.408160865 0.912902355
  outer loop
  vertex 0.0172900837 -0.00766264368 0.0364694782
  vertex 0.0194384251 -0.00765687786 0.0364632569
  vertex 0.0191256106 -0.00717253983 0.0366810858
  endloop
 endfacet

 facet normal 0.0146248229 -0.402258277 0.915409446
  outer loop
  vertex 0.0191256106 -0.00717253983 0.0366810858
  vertex 0.0194384251 -0.00765687786 0.0364632569
  vertex 0.0194397159 -0.00700532738 0.0367495455
  endloop
 endfacet

 facet normal 0 -0.362198234 0.93210113
  outer loop
  vertex 0.0183849353 -0.00700532738 0.0367495455
  vertex 0.0194397159 -0.00700532738 0.0367495455
  vertex 0.0194397159 -0.00686117914 0.0368055589
  endloop
 endfacet

 facet normal 0 -0.362198234 0.93210113
  outer loop
  vertex 0.0183849353 -0.00700532738 0.0367495455
  vertex 0.0194397159 -0.00686117914 0.0368055589
  vertex 0.0183849353 -0.00686117914 0.0368055589
  endloop
 endfacet

 facet normal 0 -0.346528381 0.938039601
  outer loop
  vertex 0.0183849353 -0.00686117914 0.0368055589
  vertex 0.0194397159 -0.00686117914 0.0368055589
  vertex 0.0191269014 -0.00578294974 0.0372038782
  endloop
 endfacet

 facet normal 0 -0.346528381 0.938039601
  outer loop
  vertex 0.0183849353 -0.00686117914 0.0368055589
  vertex 0.0191269014 -0.00578294974 0.0372038782
  vertex 0.0183849353 -0.00578294974 0.0372038782
  endloop
 endfacet

 facet normal 0 -0.341603369 0.939844251
  outer loop
  vertex 0.0183849353 -0.00578294974 0.0372038782
  vertex 0.0191269014 -0.00578294974 0.0372038782
  vertex 0.0194397159 -0.00521788839 0.0374092571
  endloop
 endfacet

 facet normal -0.0018505709 -0.338549674 0.940946698
  outer loop
  vertex 0.0183849353 -0.00578294974 0.0372038782
  vertex 0.0194397159 -0.00521788839 0.0374092571
  vertex 0.0183849353 -0.00505644223 0.0374652706
  endloop
 endfacet

 facet normal 0 -0.327780277 0.944754064
  outer loop
  vertex 0.0183849353 -0.00505644223 0.0374652706
  vertex 0.0194397159 -0.00521788839 0.0374092571
  vertex 0.0194397159 -0.00505644223 0.0374652706
  endloop
 endfacet

 facet normal 0 -0.299033165 0.954242706
  outer loop
  vertex 0.0183849353 -0.00505644223 0.0374652706
  vertex 0.0194397159 -0.00505644223 0.0374652706
  vertex 0.0194397159 -0.00452021044 0.037633311
  endloop
 endfacet

 facet normal 0 -0.299033165 0.954242706
  outer loop
  vertex 0.0183849353 -0.00505644223 0.0374652706
  vertex 0.0194397159 -0.00452021044 0.037633311
  vertex 0.0183849353 -0.00452021044 0.037633311
  endloop
 endfacet

 facet normal 0 -0.267193645 0.963642836
  outer loop
  vertex 0.0183849353 -0.00452021044 0.037633311
  vertex 0.0194397159 -0.00452021044 0.037633311
  vertex 0.0191269014 -0.00389172346 0.0378075764
  endloop
 endfacet

 facet normal 0 -0.267193645 0.963642836
  outer loop
  vertex 0.0183849353 -0.00452021044 0.037633311
  vertex 0.0191269014 -0.00389172346 0.0378075764
  vertex 0.0183849353 -0.00389172346 0.0378075764
  endloop
 endfacet

 facet normal 0 -0.260531008 0.965465486
  outer loop
  vertex 0.0183849353 -0.00389172346 0.0378075764
  vertex 0.0191269014 -0.00389172346 0.0378075764
  vertex 0.0194397159 -0.00303836563 0.0380378552
  endloop
 endfacet

 facet normal 0 -0.260531008 0.965465486
  outer loop
  vertex 0.0183849353 -0.00389172346 0.0378075764
  vertex 0.0194397159 -0.00303836563 0.0380378552
  vertex 0.0166127495 -0.00303836563 0.0380378552
  endloop
 endfacet

 facet normal -0.00171692239 -0.263852596 0.964561462
  outer loop
  vertex 0.0183849353 -0.00389172346 0.0378075764
  vertex 0.0166127495 -0.00303836563 0.0380378552
  vertex 0.0166127495 -0.00388019159 0.0378075764
  endloop
 endfacet

 facet normal 0 -0.253567398 0.96731776
  outer loop
  vertex 0.0166127495 -0.00303836563 0.0380378552
  vertex 0.0194397159 -0.00303836563 0.0380378552
  vertex 0.0194397159 -0.00263474975 0.0381436571
  endloop
 endfacet

 facet normal 0 -0.253567398 0.96731776
  outer loop
  vertex 0.0166127495 -0.00303836563 0.0380378552
  vertex 0.0194397159 -0.00263474975 0.0381436571
  vertex 0.0166127495 -0.00263474975 0.0381436571
  endloop
 endfacet

 facet normal 0 -0.235726699 0.971819341
  outer loop
  vertex 0.0166127495 -0.00263474975 0.0381436571
  vertex 0.0194397159 -0.00263474975 0.0381436571
  vertex 0.0183849353 -0.0021215817 0.0382681303
  endloop
 endfacet

 facet normal 0 -0.211019754 0.977481782
  outer loop
  vertex 0.0183849353 -0.0021215817 0.0382681303
  vertex 0.0191269014 -0.00200626324 0.0382930264
  vertex 0.0183849353 -0.00200626324 0.0382930264
  endloop
 endfacet

 facet normal 0.0030587418 -0.229783535 0.973236978
  outer loop
  vertex 0.0183849353 -0.0021215817 0.0382681303
  vertex 0.0194397159 -0.00263474975 0.0381436571
  vertex 0.0191269014 -0.00200626324 0.0382930264
  endloop
 endfacet

 facet normal 0 -0.184906021 0.982756138
  outer loop
  vertex 0.0183849353 -0.00200626324 0.0382930264
  vertex 0.0191269014 -0.00200626324 0.0382930264
  vertex 0.0191269014 -0.00137777661 0.0384112746
  endloop
 endfacet

 facet normal 0 -0.184906021 0.982756138
  outer loop
  vertex 0.0183849353 -0.00200626324 0.0382930264
  vertex 0.0191269014 -0.00137777661 0.0384112746
  vertex 0.0183849353 -0.00137777661 0.0384112746
  endloop
 endfacet

 facet normal 0 -0.172698319 0.984974802
  outer loop
  vertex 0.0183849353 -0.00137777661 0.0384112746
  vertex 0.0191269014 -0.00137777661 0.0384112746
  vertex 0.0191269014 -0.00024188761 0.038610436
  endloop
 endfacet

 facet normal 0.00755930273 -0.172693387 0.984946668
  outer loop
  vertex 0.0191269014 -0.00024188761 0.038610436
  vertex 0.0191269014 -0.00137777661 0.0384112746
  vertex 0.0194397159 -8.6207343e-05 0.0386353284
  endloop
 endfacet

 facet normal 0.00982633326 -0.109218597 0.993969142
  outer loop
  vertex 0.0191269014 0.000513449719 0.0387224592
  vertex 0.0197564103 0.000513449719 0.038716238
  vertex 0.0194397159 0.000824810122 0.0387535803
  endloop
 endfacet

 facet normal 0.00889036059 -0.108289301 0.994079709
  outer loop
  vertex 0.0191269014 0.000513449719 0.0387224592
  vertex 0.0194397159 0.000824810122 0.0387535803
  vertex 0.0191269014 0.0011419364 0.0387909226
  endloop
 endfacet

 facet normal 0.00978981238 -0.138779521 0.990274906
  outer loop
  vertex 0.0191269014 0.000513449719 0.0387224592
  vertex 0.0194397159 -8.6207343e-05 0.0386353284
  vertex 0.0197564103 0.000513449719 0.038716238
  endloop
 endfacet

 facet normal 0.0272743329 -0.177266762 0.983784854
  outer loop
  vertex 0.0194397159 -8.6207343e-05 0.0386353284
  vertex 0.0191269014 -0.00137777661 0.0384112746
  vertex 0.0197564103 -0.00200626324 0.0382805765
  endloop
 endfacet

 facet normal 0.034931574 -0.176000997 0.983770013
  outer loop
  vertex 0.0194397159 -8.6207343e-05 0.0386353284
  vertex 0.0197564103 -0.00200626324 0.0382805765
  vertex 0.0197564103 8.10047641e-05 0.0386539996
  endloop
 endfacet

 facet normal 0.0168591607 -0.142430216 0.989661217
  outer loop
  vertex 0.0194397159 -8.6207343e-05 0.0386353284
  vertex 0.0197564103 8.10047641e-05 0.0386539996
  vertex 0.0197564103 0.000513449719 0.038716238
  endloop
 endfacet

 facet normal 0.0196792856 -0.0977573022 0.99501574
  outer loop
  vertex 0.0191269014 0.0011419364 0.0387909226
  vertex 0.0194397159 0.000824810122 0.0387535803
  vertex 0.0197564103 0.0011419364 0.0387784727
  endloop
 endfacet

 facet normal 0.0196945127 -0.0895703584 0.995785713
  outer loop
  vertex 0.0191269014 0.0011419364 0.0387909226
  vertex 0.0197564103 0.0011419364 0.0387784727
  vertex 0.0191269014 0.00238737813 0.0389029495
  endloop
 endfacet

 facet normal 0.0197216012 -0.068509303 0.997455537
  outer loop
  vertex 0.0191269014 0.00238737813 0.0389029495
  vertex 0.0197564103 0.00302163069 0.0389340669
  vertex 0.0191269014 0.00302163069 0.0389465131
  endloop
 endfacet

 facet normal 0.0213211384 -0.0887521654 0.995825529
  outer loop
  vertex 0.0191269014 0.00238737813 0.0389029495
  vertex 0.0197564103 0.0011419364 0.0387784727
  vertex 0.0197564103 0.00239891 0.0388904996
  endloop
 endfacet

 facet normal 0.0210035034 -0.0697760209 0.997341573
  outer loop
  vertex 0.0191269014 0.00238737813 0.0389029495
  vertex 0.0197564103 0.00239891 0.0388904996
  vertex 0.0197564103 0.00302163069 0.0389340669
  endloop
 endfacet

 facet normal 0.0197525639 -0.0395693518 0.99902153
  outer loop
  vertex 0.0191269014 0.00302163069 0.0389465131
  vertex 0.0197564103 0.00302163069 0.0389340669
  vertex 0.0197564103 0.00365011743 0.0389589593
  endloop
 endfacet

 facet normal 0.0197585057 -0.0395753011 0.999021232
  outer loop
  vertex 0.0191269014 0.00302163069 0.0389465131
  vertex 0.0197564103 0.00365011743 0.0389589593
  vertex 0.0191269014 0.00365011743 0.0389714092
  endloop
 endfacet

 facet normal 0.019770097 -0.0198624041 0.999607265
  outer loop
  vertex 0.0191269014 0.00365011743 0.0389714092
  vertex 0.0197564103 0.00365011743 0.0389589593
  vertex 0.0194397159 0.00396147789 0.0389714092
  endloop
 endfacet

 facet normal 0.964384794 0.26449582 0.00198144047
  outer loop
  vertex 0.0202191677 0.0312343445 0.0181966852
  vertex 0.0202178769 0.0312343445 0.0188252795
  vertex 0.0203665271 0.0306923464 0.0188252795
  endloop
 endfacet

 facet normal 0.964384019 0.264498949 0.00198431453
  outer loop
  vertex 0.0202191677 0.0312343445 0.0181966852
  vertex 0.0203665271 0.0306923464 0.0188252795
  vertex 0.0203678217 0.0306923464 0.0181966852
  endloop
 endfacet

 facet normal 0.204282969 0.839607418 0.503316998
  outer loop
  vertex 0.0197551176 0.0283802077 0.0270467922
  vertex 0.0197551176 0.0280630793 0.0275758076
  vertex 0.0199683998 0.0284551643 0.0268351864
  endloop
 endfacet

 facet normal 0.256122231 0.821868777 0.508854747
  outer loop
  vertex 0.0199683998 0.0284551643 0.0268351864
  vertex 0.0197551176 0.0280630793 0.0275758076
  vertex 0.0201687552 0.0279881228 0.027488675
  endloop
 endfacet

 facet normal 0.277593374 0.819832265 0.500816345
  outer loop
  vertex 0.0199683998 0.0284551643 0.0268351864
  vertex 0.0201687552 0.0279881228 0.027488675
  vertex 0.0200795662 0.0284897592 0.0267169364
  endloop
 endfacet

 facet normal 0.843109369 0.503146887 0.189762503
  outer loop
  vertex 0.0202178769 0.0312343445 0.0188252795
  vertex 0.0201687552 0.0311593879 0.0192422681
  vertex 0.0200795662 0.0284897592 0.0267169364
  endloop
 endfacet

 facet normal 0.860392094 0.476486266 0.180793256
  outer loop
  vertex 0.0202178769 0.0312343445 0.0188252795
  vertex 0.0200795662 0.0284897592 0.0267169364
  vertex 0.0201946087 0.0281899292 0.0269596595
  endloop
 endfacet

 facet normal 0.95943296 0.263137698 0.101227663
  outer loop
  vertex 0.0202178769 0.0312343445 0.0188252795
  vertex 0.0201946087 0.0281899292 0.0269596595
  vertex 0.0203665271 0.0306923464 0.0188252795
  endloop
 endfacet

 facet normal 0.829087973 0.507706165 0.23419553
  outer loop
  vertex 0.0200795662 0.0284897592 0.0267169364
  vertex 0.0201687552 0.0279881228 0.027488675
  vertex 0.0201946087 0.0281899292 0.0269596595
  endloop
 endfacet

 facet normal 1 6.97658106e-05 5.30431571e-05
  outer loop
  vertex 0.0203691125 0.0306865796 -0.00614422141
  vertex 0.0203678217 0.0306923464 0.0181966852
  vertex 0.0203678217 0.0187395643 0.0339177623
  endloop
 endfacet

 facet normal 1 4.53554894e-05 4.57636706e-05
  outer loop
  vertex 0.0203691125 0.0306865796 -0.00614422141
  vertex 0.0203678217 0.0187395643 0.0339177623
  vertex 0.0203678217 0.0181053132 0.0345463566
  endloop
 endfacet

 facet normal 1 1.8815208e-05 3.75575873e-05
  outer loop
  vertex 0.0203691125 0.0306865796 -0.00614422141
  vertex 0.0203678217 0.0181053132 0.0345463566
  vertex 0.0203678217 0.014328626 0.0364383608
  endloop
 endfacet

 facet normal 1 1.87890291e-05 3.75475283e-05
  outer loop
  vertex 0.0203691125 0.0306865796 -0.00614422141
  vertex 0.0203678217 0.014328626 0.0364383608
  vertex 0.0203691125 -0.00265781349 0.0105415294
  endloop
 endfacet

 facet normal 1 0 4.75627821e-05
  outer loop
  vertex 0.0203691125 -0.018248897 0.0105415294
  vertex 0.0203691125 -0.00265781349 0.0105415294
  vertex 0.0203678217 0.00992921926 0.0376955494
  endloop
 endfacet

 facet normal 1 0 4.75627821e-05
  outer loop
  vertex 0.0203691125 -0.018248897 0.0105415294
  vertex 0.0203678217 0.00992921926 0.0376955494
  vertex 0.0203678217 -0.000743523939 0.0376955494
  endloop
 endfacet

 facet normal 1 -1.41781702e-05 5.6703022e-05
  outer loop
  vertex 0.0203691125 -0.018248897 0.0105415294
  vertex 0.0203678217 -0.000743523939 0.0376955494
  vertex 0.0203678217 -0.0032574709 0.0370669551
  endloop
 endfacet

 facet normal 1 -2.00857248e-05 6.00418061e-05
  outer loop
  vertex 0.0203691125 -0.018248897 0.0105415294
  vertex 0.0203678217 -0.0032574709 0.0370669551
  vertex 0.0203678217 -0.00703415694 0.0358035453
  endloop
 endfacet

 facet normal 1 -3.29597206e-05 6.5757049e-05
  outer loop
  vertex 0.0203691125 -0.018248897 0.0105415294
  vertex 0.0203678217 -0.00703415694 0.0358035453
  vertex 0.0203678217 -0.00954233762 0.0345463566
  endloop
 endfacet

 facet normal 1 -4.7660109e-05 7.10888853e-05
  outer loop
  vertex 0.0203691125 -0.018248897 0.0105415294
  vertex 0.0203678217 -0.00954233762 0.0345463566
  vertex 0.0203678217 -0.0104706539 0.0339239873
  endloop
 endfacet

 facet normal 0.999992013 -0.00239655166 0.00319808419
  outer loop
  vertex 0.0203678217 -0.0104706539 0.0339239873
  vertex 0.0203665271 -0.0126963034 0.0326605737
  vertex 0.0203665271 -0.0152044846 0.0307810139
  endloop
 endfacet

 facet normal 0.999976814 -0.00379098835 0.00565456366
  outer loop
  vertex 0.0203678217 -0.0104706539 0.0339239873
  vertex 0.0203678217 -0.00954233762 0.0345463566
  vertex 0.0203665271 -0.0126963034 0.0326605737
  endloop
 endfacet

 facet normal 0.996465862 -0.0503722727 0.0672194064
  outer loop
  vertex 0.0203665271 -0.0152044846 0.0307810139
  vertex 0.0203665271 -0.0126963034 0.0326605737
  vertex 0.0203561857 -0.0120620523 0.033289168
  endloop
 endfacet

 facet normal 0.995868385 -0.0546232574 0.0725429505
  outer loop
  vertex 0.0203665271 -0.0152044846 0.0307810139
  vertex 0.0203561857 -0.0120620523 0.033289168
  vertex 0.0203548949 -0.0145817641 0.0314096101
  endloop
 endfacet

 facet normal 0.000975516276 0.418443382 0.908242345
  outer loop
  vertex 0.0172900837 0.017171232 0.0361271761
  vertex 0.0172900837 0.0162256192 0.0365628377
  vertex 0.0191256106 0.017747825 0.0358595587
  endloop
 endfacet

 facet normal 0.000998592237 0.418420494 0.908252895
  outer loop
  vertex 0.0191256106 0.017747825 0.0358595587
  vertex 0.0172900837 0.0162256192 0.0365628377
  vertex 0.0194384251 0.0165312123 0.0364196897
  endloop
 endfacet

 facet normal 0.00767652877 0.419824421 0.907572925
  outer loop
  vertex 0.0191256106 0.017747825 0.0358595587
  vertex 0.0194384251 0.0165312123 0.0364196897
  vertex 0.0200705174 0.0171654653 0.0361209512
  endloop
 endfacet

 facet normal 0.0131254606 0.427108973 0.904104948
  outer loop
  vertex 0.0191256106 0.017747825 0.0358595587
  vertex 0.0200705174 0.0171654653 0.0361209512
  vertex 0.0194384251 0.0184628014 0.035517253
  endloop
 endfacet

 facet normal 0.00340400776 0.430609226 0.902532041
  outer loop
  vertex 0.0191256106 0.017747825 0.0358595587
  vertex 0.0194384251 0.0184628014 0.035517253
  vertex 0.0183849353 0.0180015266 0.0357413068
  endloop
 endfacet

 facet normal -0.00187025254 0.431089044 0.902307451
  outer loop
  vertex 0.0183849353 0.0180015266 0.0357413068
  vertex 0.0166127495 0.0184628014 0.035517253
  vertex 0.0166127495 0.0181110781 0.0356852934
  endloop
 endfacet

 facet normal 0 0.436912656 0.899503946
  outer loop
  vertex 0.0183849353 0.0180015266 0.0357413068
  vertex 0.0194384251 0.0184628014 0.035517253
  vertex 0.0166127495 0.0184628014 0.035517253
  endloop
 endfacet

 facet normal 0 0.474973917 0.879999876
  outer loop
  vertex 0.0166127495 0.0184628014 0.035517253
  vertex 0.0194384251 0.0184628014 0.035517253
  vertex 0.0172900837 0.0184858646 0.0355048068
  endloop
 endfacet

 facet normal -0.000869932992 0.494638264 0.869098604
  outer loop
  vertex 0.0166127495 0.0184628014 0.035517253
  vertex 0.0172900837 0.0184858646 0.0355048068
  vertex 0.0166127495 0.018779926 0.0353367664
  endloop
 endfacet

 facet normal 0 0.410170615 0.912008762
  outer loop
  vertex 0.0166127495 0.0162256192 0.0365628377
  vertex 0.0172900837 0.0158796627 0.0367184281
  vertex 0.0172900837 0.0162256192 0.0365628377
  endloop
 endfacet

 facet normal 0 0.496149659 0.868237019
  outer loop
  vertex 0.0166127495 0.018779926 0.0353367664
  vertex 0.0172900837 0.0184858646 0.0355048068
  vertex 0.0172900837 0.018779926 0.0353367664
  endloop
 endfacet

 facet normal 0 0.50032711 0.865836501
  outer loop
  vertex 0.0166127495 0.018779926 0.0353367664
  vertex 0.0172900837 0.018779926 0.0353367664
  vertex 0.0172900837 0.0193507541 0.0350069106
  endloop
 endfacet

 facet normal -0.005517866 0.333224386 0.942831457
  outer loop
  vertex 0.0166127495 0.014357456 0.0372723378
  vertex 0.0166127495 0.0137059065 0.0375026166
  vertex 0.0172900837 0.0137347355 0.0374963917
  endloop
 endfacet

 facet normal 0 0.338548839 0.940948844
  outer loop
  vertex 0.0166127495 0.014357456 0.0372723378
  vertex 0.0172900837 0.0137347355 0.0374963917
  vertex 0.0172900837 0.014357456 0.0372723378
  endloop
 endfacet

 facet normal 0.00559996394 0.396378845 0.918069959
  outer loop
  vertex 0.0172900837 0.0158508327 0.0367308781
  vertex 0.0191269014 0.015839301 0.0367246531
  vertex 0.0191269014 0.0162140876 0.0365628377
  endloop
 endfacet

 facet normal 0.00559479883 0.39640063 0.918060541
  outer loop
  vertex 0.0172900837 0.0158508327 0.0367308781
  vertex 0.0191269014 0.0162140876 0.0365628377
  vertex 0.0172900837 0.0158796627 0.0367184281
  endloop
 endfacet

 facet normal 0.00227154698 0.34086138 0.940110862
  outer loop
  vertex 0.0172900837 0.0158508327 0.0367308781
  vertex 0.0172900837 0.014357456 0.0372723378
  vertex 0.0197564103 0.0137059065 0.0375026166
  endloop
 endfacet

 facet normal 0.00280169351 0.341400087 0.939913929
  outer loop
  vertex 0.0172900837 0.0158508327 0.0367308781
  vertex 0.0197564103 0.0137059065 0.0375026166
  vertex 0.0197564103 0.0155221755 0.0368429013
  endloop
 endfacet

 facet normal 0.00541597931 0.358797908 0.933399618
  outer loop
  vertex 0.0172900837 0.0158508327 0.0367308781
  vertex 0.0197564103 0.0155221755 0.0368429013
  vertex 0.0191269014 0.015839301 0.0367246531
  endloop
 endfacet

 facet normal 0.00280599645 0.409120023 0.912476301
  outer loop
  vertex 0.0172900837 0.0158796627 0.0367184281
  vertex 0.0191269014 0.0162140876 0.0365628377
  vertex 0.0194384251 0.0165312123 0.0364196897
  endloop
 endfacet

 facet normal 0.00242235558 0.410169423 0.91200614
  outer loop
  vertex 0.0172900837 0.0158796627 0.0367184281
  vertex 0.0194384251 0.0165312123 0.0364196897
  vertex 0.0172900837 0.0162256192 0.0365628377
  endloop
 endfacet

 facet normal -0.00370476628 0.293462276 0.955963492
  outer loop
  vertex 0.0166127495 0.0130774193 0.0376955494
  vertex 0.0172900837 0.0137347355 0.0374963917
  vertex 0.0166127495 0.0137059065 0.0375026166
  endloop
 endfacet

 facet normal 0 0.258486748 0.966014922
  outer loop
  vertex 0.0166127495 0.0130774193 0.0376955494
  vertex 0.0166127495 0.0117051266 0.0380627476
  vertex 0.0172900837 0.0130774193 0.0376955494
  endloop
 endfacet

 facet normal 0 0.289969623 0.957035899
  outer loop
  vertex 0.0166127495 0.0130774193 0.0376955494
  vertex 0.0172900837 0.0130774193 0.0376955494
  vertex 0.0172900837 0.0137347355 0.0374963917
  endloop
 endfacet

 facet normal 0.00034358105 0.502228498 0.864734888
  outer loop
  vertex 0.0172900837 0.0193507541 0.0350069106
  vertex 0.0194384251 0.0202387068 0.0344903432
  vertex 0.0172900837 0.0204866435 0.0343471989
  endloop
 endfacet

 facet normal 0.00111381733 0.500326812 0.865835905
  outer loop
  vertex 0.0172900837 0.0193507541 0.0350069106
  vertex 0.0172900837 0.018779926 0.0353367664
  vertex 0.0194384251 0.0184628014 0.035517253
  endloop
 endfacet

 facet normal 0.00125385949 0.500581026 0.865688801
  outer loop
  vertex 0.0172900837 0.0193507541 0.0350069106
  vertex 0.0194384251 0.0184628014 0.035517253
  vertex 0.0194384251 0.0202387068 0.0344903432
  endloop
 endfacet

 facet normal 0.00288287806 0.526721358 0.850033164
  outer loop
  vertex 0.0172900837 0.0204866435 0.0343471989
  vertex 0.0191256106 0.0204866435 0.0343409739
  vertex 0.0191256106 0.0207980033 0.0341480374
  endloop
 endfacet

 facet normal 0.00167063461 0.531830966 0.846848965
  outer loop
  vertex 0.0172900837 0.0204866435 0.0343471989
  vertex 0.0191256106 0.0207980033 0.0341480374
  vertex 0.0172900837 0.0208037701 0.0341480374
  endloop
 endfacet

 facet normal 0.00289951707 0.518719912 0.854939342
  outer loop
  vertex 0.0172900837 0.0204866435 0.0343471989
  vertex 0.0194384251 0.0202387068 0.0344903432
  vertex 0.0191256106 0.0204866435 0.0343409739
  endloop
 endfacet

 facet normal 0 0.570092559 0.821580529
  outer loop
  vertex 0.0166127495 0.0212535132 0.0338368528
  vertex 0.0191256106 0.0212535132 0.0338368528
  vertex 0.0194384251 0.0214149579 0.0337248258
  endloop
 endfacet

 facet normal -0.000133798443 0.571672201 0.820482135
  outer loop
  vertex 0.0166127495 0.0212535132 0.0338368528
  vertex 0.0194384251 0.0214149579 0.0337248258
  vertex 0.0166127495 0.0223432742 0.0330775604
  endloop
 endfacet

 facet normal 0.0017719738 0.564091384 0.825710475
  outer loop
  vertex 0.0172900837 0.0208037701 0.0341480374
  vertex 0.0191256106 0.0207980033 0.0341480374
  vertex 0.0191256106 0.0212535132 0.0338368528
  endloop
 endfacet

 facet normal 0 0.571946323 0.820291042
  outer loop
  vertex 0.0166127495 0.0223432742 0.0330775604
  vertex 0.0194384251 0.0214149579 0.0337248258
  vertex 0.0191256106 0.0223432742 0.0330775604
  endloop
 endfacet

 facet normal 0.00768352207 0.629189849 0.777213752
  outer loop
  vertex 0.0191256106 0.0226546358 0.0328535065
  vertex 0.0197551176 0.0226546358 0.0328472853
  vertex 0.0191256106 0.023046717 0.0325361006
  endloop
 endfacet

 facet normal 0.00395342847 0.629203439 0.77723062
  outer loop
  vertex 0.0191256106 0.0226546358 0.0328535065
  vertex 0.0191256106 0.023046717 0.0325361006
  vertex 0.0172900837 0.0234042071 0.0322560333
  endloop
 endfacet

 facet normal 0.00534982514 0.584078789 0.811679363
  outer loop
  vertex 0.0191256106 0.0226546358 0.0328535065
  vertex 0.0191256106 0.0223432742 0.0330775604
  vertex 0.0197551176 0.0223375075 0.0330775604
  endloop
 endfacet

 facet normal 0.00799922831 0.587549806 0.80914849
  outer loop
  vertex 0.0191256106 0.0226546358 0.0328535065
  vertex 0.0197551176 0.0223375075 0.0330775604
  vertex 0.0197551176 0.0226546358 0.0328472853
  endloop
 endfacet

 facet normal 0.00582918432 0.635073423 0.772429824
  outer loop
  vertex 0.0172900837 0.0234042071 0.0322560333
  vertex 0.0191256106 0.023046717 0.0325361006
  vertex 0.0191256106 0.0244017113 0.0314220563
  endloop
 endfacet

 facet normal 0.00187502848 0.651606679 0.758554697
  outer loop
  vertex 0.0191256106 0.0244017113 0.0314220563
  vertex 0.0197551176 0.0247476697 0.0311233178
  vertex 0.0172900837 0.0247764979 0.0311046466
  endloop
 endfacet

 facet normal 0.0133360736 0.635027707 0.772374213
  outer loop
  vertex 0.0191256106 0.0244017113 0.0314220563
  vertex 0.0191256106 0.023046717 0.0325361006
  vertex 0.0194384251 0.0233580787 0.0322747044
  endloop
 endfacet

 facet normal 0.0136648845 0.635083854 0.772322297
  outer loop
  vertex 0.0191256106 0.0244017113 0.0314220563
  vertex 0.0194384251 0.0233580787 0.0322747044
  vertex 0.0197551176 0.0230409522 0.0325298756
  endloop
 endfacet

 facet normal 0.0166980308 0.635895014 0.771595001
  outer loop
  vertex 0.0191256106 0.0244017113 0.0314220563
  vertex 0.0197551176 0.0230409522 0.0325298756
  vertex 0.0197551176 0.0247476697 0.0311233178
  endloop
 endfacet

 facet normal 0.00261044013 0.69122386 0.722635984
  outer loop
  vertex 0.0172900837 0.0247764979 0.0311046466
  vertex 0.0197551176 0.0247476697 0.0311233178
  vertex 0.0191256106 0.0253876876 0.0305133946
  endloop
 endfacet

 facet normal 0 0.695287049 0.718732178
  outer loop
  vertex 0.0172900837 0.0247764979 0.0311046466
  vertex 0.0191256106 0.0253876876 0.0305133946
  vertex 0.0172900837 0.0253876876 0.0305133946
  endloop
 endfacet

 facet normal 0 0.707167387 0.707046211
  outer loop
  vertex 0.0172900837 0.0253876876 0.0305133946
  vertex 0.0191256106 0.0253876876 0.0305133946
  vertex 0.0172900837 0.0266446602 0.029256206
  endloop
 endfacet

 facet normal 0 0.746443152 0.665449262
  outer loop
  vertex 0.0172900837 0.0266677234 0.0292313118
  vertex 0.0183849353 0.0269617867 0.0289014559
  vertex 0.0172900837 0.0269617867 0.0289014559
  endloop
 endfacet

 facet normal 0.00171575916 0.73357296 0.679608583
  outer loop
  vertex 0.0172900837 0.0266677234 0.0292313118
  vertex 0.0172900837 0.0266446602 0.029256206
  vertex 0.0197551176 0.0266446602 0.0292499829
  endloop
 endfacet

 facet normal 0.00188783742 0.743321121 0.66893208
  outer loop
  vertex 0.0172900837 0.0266677234 0.0292313118
  vertex 0.0197551176 0.0266446602 0.0292499829
  vertex 0.0183849353 0.0269617867 0.0289014559
  endloop
 endfacet

 facet normal 0 0.764866948 0.644188344
  outer loop
  vertex 0.0172900837 0.0269617867 0.0289014559
  vertex 0.0183849353 0.0269617867 0.0289014559
  vertex 0.0172900837 0.0272500832 0.028559152
  endloop
 endfacet

 facet normal 0.000565038819 0.765756547 0.643130481
  outer loop
  vertex 0.0172900837 0.0278093796 0.0278932154
  vertex 0.0172900837 0.0272500832 0.028559152
  vertex 0.0183849353 0.0269617867 0.0289014559
  endloop
 endfacet

 facet normal 0.00176792347 0.713875294 0.700270712
  outer loop
  vertex 0.0172900837 0.0266446602 0.029256206
  vertex 0.0197551176 0.0263333004 0.0295673925
  vertex 0.0197551176 0.0266446602 0.0292499829
  endloop
 endfacet

 facet normal 8.0084159e-05 0.707225919 0.706987739
  outer loop
  vertex 0.0172900837 0.0266446602 0.029256206
  vertex 0.0191256106 0.0253876876 0.0305133946
  vertex 0.0197551176 0.0263333004 0.0295673925
  endloop
 endfacet

 facet normal 0.00615960499 0.751560569 0.659635425
  outer loop
  vertex 0.0183849353 0.0269617867 0.0289014559
  vertex 0.0197551176 0.0266446602 0.0292499829
  vertex 0.0197551176 0.0269560218 0.028895231
  endloop
 endfacet

 facet normal 0.00615060097 0.76023531 0.649618745
  outer loop
  vertex 0.0183849353 0.0269617867 0.0289014559
  vertex 0.0197551176 0.0269560218 0.028895231
  vertex 0.0191256106 0.0272270199 0.0285840482
  endloop
 endfacet

 facet normal 0.0069707199 0.761043489 0.648663402
  outer loop
  vertex 0.0191256106 0.0272270199 0.0285840482
  vertex 0.0197551176 0.0269560218 0.028895231
  vertex 0.0197551176 0.0272212531 0.0285840482
  endloop
 endfacet

 facet normal 0.00702088792 0.766520798 0.642181098
  outer loop
  vertex 0.0191256106 0.0272270199 0.0285840482
  vertex 0.0197551176 0.0272212531 0.0285840482
  vertex 0.0194384251 0.0280688461 0.0275758076
  endloop
 endfacet

 facet normal 0.0139743071 0.767537475 0.640851736
  outer loop
  vertex 0.0194384251 0.0280688461 0.0275758076
  vertex 0.0197551176 0.0272212531 0.0285840482
  vertex 0.0197551176 0.0280630793 0.0275758076
  endloop
 endfacet

 facet normal 0.0198588576 0.0100274505 0.999752462
  outer loop
  vertex 0.0191269014 0.00490132533 0.0389776342
  vertex 0.0194384251 0.00428437022 0.0389776342
  vertex 0.0197564103 0.00489555951 0.038965188
  endloop
 endfacet

 facet normal 0.0198888164 0.0133842174 0.999712586
  outer loop
  vertex 0.0191269014 0.00490132533 0.0389776342
  vertex 0.0197564103 0.00489555951 0.038965188
  vertex 0.0194397159 0.00490132533 0.0389714092
  endloop
 endfacet

 facet normal 0.0198818259 0.0296930708 0.999361277
  outer loop
  vertex 0.0191269014 0.00490132533 0.0389776342
  vertex 0.0194397159 0.00490132533 0.0389714092
  vertex 0.0194397159 0.00552981207 0.038952738
  endloop
 endfacet

 facet normal 0.0198818259 0.0296930708 0.999361277
  outer loop
  vertex 0.0191269014 0.00490132533 0.0389776342
  vertex 0.0194397159 0.00552981207 0.038952738
  vertex 0.0191269014 0.00552981207 0.0389589593
  endloop
 endfacet

 facet normal 0.0200120565 -0.0196163058 0.999607384
  outer loop
  vertex 0.0194397159 0.00396147789 0.0389714092
  vertex 0.0197564103 0.00365011743 0.0389589593
  vertex 0.0194397159 0.00427860441 0.0389776342
  endloop
 endfacet

 facet normal 0.0394476876 -0.00980980322 0.999173522
  outer loop
  vertex 0.0194397159 0.00427860441 0.0389776342
  vertex 0.0197564103 0.00365011743 0.0389589593
  vertex 0.0197564103 0.00428437022 0.038965188
  endloop
 endfacet

 facet normal 0.0392712466 0 0.999228597
  outer loop
  vertex 0.0194397159 0.00427860441 0.0389776342
  vertex 0.0197564103 0.00428437022 0.038965188
  vertex 0.0197564103 0.00489555951 0.038965188
  endloop
 endfacet

 facet normal 0.027351154 0.00612644479 0.999607205
  outer loop
  vertex 0.0194397159 0.00427860441 0.0389776342
  vertex 0.0197564103 0.00489555951 0.038965188
  vertex 0.0194384251 0.00428437022 0.0389776342
  endloop
 endfacet

 facet normal 0.0198556017 0.0592959002 0.998043001
  outer loop
  vertex 0.0191269014 0.00552981207 0.0389589593
  vertex 0.0194397159 0.00552981207 0.038952738
  vertex 0.0194397159 0.00615829881 0.0389153957
  endloop
 endfacet

 facet normal 0.0198556017 0.0592959002 0.998043001
  outer loop
  vertex 0.0191269014 0.00552981207 0.0389589593
  vertex 0.0194397159 0.00615829881 0.0389153957
  vertex 0.0191269014 0.00615829881 0.0389216207
  endloop
 endfacet

 facet normal 0.019827541 0.0795629546 0.996632576
  outer loop
  vertex 0.0191269014 0.00615829881 0.0389216207
  vertex 0.0194397159 0.00615829881 0.0389153957
  vertex 0.0197564103 0.00678101927 0.0388593823
  endloop
 endfacet

 facet normal 0.0106594525 0.088767305 0.995995402
  outer loop
  vertex 0.0191269014 0.00615829881 0.0389216207
  vertex 0.0197564103 0.00678101927 0.0388593823
  vertex 0.0197564103 0.00803799275 0.0387473553
  endloop
 endfacet

 facet normal 0.00984526426 0.0890385136 0.995979548
  outer loop
  vertex 0.0191269014 0.00615829881 0.0389216207
  vertex 0.0197564103 0.00803799275 0.0387473553
  vertex 0.0194397159 0.00800339691 0.0387535803
  endloop
 endfacet

 facet normal 0.0019392292 0.0903721973 0.995906234
  outer loop
  vertex 0.0191269014 0.00615829881 0.0389216207
  vertex 0.0194397159 0.00800339691 0.0387535803
  vertex 0.0172900837 0.00804952439 0.0387535803
  endloop
 endfacet

 facet normal 0.00269851601 0.125756562 0.992057502
  outer loop
  vertex 0.0172900837 0.00804952439 0.0387535803
  vertex 0.0194397159 0.00800339691 0.0387535803
  vertex 0.0197564103 0.00858575664 0.0386788957
  endloop
 endfacet

 facet normal 0.00231197267 0.127503484 0.991835475
  outer loop
  vertex 0.0172900837 0.00804952439 0.0387535803
  vertex 0.0197564103 0.00858575664 0.0386788957
  vertex 0.0194384251 0.00859152246 0.0386788957
  endloop
 endfacet

 facet normal 0.0017409022 0.129727468 0.991548181
  outer loop
  vertex 0.0172900837 0.00804952439 0.0387535803
  vertex 0.0194384251 0.00859152246 0.0386788957
  vertex 0.0172900837 0.00862035248 0.0386788957
  endloop
 endfacet

 facet normal -0.00700020604 0.164463028 0.986358404
  outer loop
  vertex 0.0172900837 0.00862035248 0.0386788957
  vertex 0.0166127495 0.00930073205 0.0385606438
  vertex 0.0166127495 0.00859152246 0.0386788957
  endloop
 endfacet

 facet normal 0.00232810923 0.173484594 0.984833837
  outer loop
  vertex 0.0172900837 0.00862035248 0.0386788957
  vertex 0.0194384251 0.00859152246 0.0386788957
  vertex 0.0166127495 0.00930073205 0.0385606438
  endloop
 endfacet

 facet normal 0 0.175482392 0.984482646
  outer loop
  vertex 0.0166127495 0.00930073205 0.0385606438
  vertex 0.0172900837 0.0105577065 0.0383365899
  vertex 0.0166127495 0.0105577065 0.0383365899
  endloop
 endfacet

 facet normal 0.00250596786 0.174172923 0.984711885
  outer loop
  vertex 0.0166127495 0.00930073205 0.0385606438
  vertex 0.0194384251 0.00859152246 0.0386788957
  vertex 0.0172900837 0.0105577065 0.0383365899
  endloop
 endfacet

 facet normal 0 0.211018085 0.9774822
  outer loop
  vertex 0.0166127495 0.0105577065 0.0383365899
  vertex 0.0172900837 0.0105577065 0.0383365899
  vertex 0.0172900837 0.0111919586 0.0381996706
  endloop
 endfacet

 facet normal 0 0.211018085 0.9774822
  outer loop
  vertex 0.0166127495 0.0105577065 0.0383365899
  vertex 0.0172900837 0.0111919586 0.0381996706
  vertex 0.0166127495 0.0111919586 0.0381996706
  endloop
 endfacet

 facet normal 0 0.257797778 0.966198921
  outer loop
  vertex 0.0166127495 0.0111919586 0.0381996706
  vertex 0.0172900837 0.0111919586 0.0381996706
  vertex 0.0166127495 0.0117051266 0.0380627476
  endloop
 endfacet

 facet normal 7.5291493e-05 0.258452028 0.966024101
  outer loop
  vertex 0.0166127495 0.0117051266 0.0380627476
  vertex 0.0172900837 0.0117281908 0.0380565226
  vertex 0.0172900837 0.0130774193 0.0376955494
  endloop
 endfacet

 facet normal 9.49080786e-05 0.257914722 0.966167688
  outer loop
  vertex 0.0166127495 0.0117051266 0.0380627476
  vertex 0.0172900837 0.0111919586 0.0381996706
  vertex 0.0172900837 0.0117281908 0.0380565226
  endloop
 endfacet

 facet normal 0.991026998 -0.0802449211 0.106894359
  outer loop
  vertex 0.0203548949 -0.0145817641 0.0314096101
  vertex 0.0203561857 -0.0120620523 0.033289168
  vertex 0.0203393828 -0.0139359795 0.0320382006
  endloop
 endfacet

 facet normal 0.974214792 -0.131246835 0.183520347
  outer loop
  vertex 0.0203393828 -0.0139359795 0.0320382006
  vertex 0.0203561857 -0.0120620523 0.033289168
  vertex 0.0203044824 -0.0133247906 0.0326605737
  endloop
 endfacet

 facet normal 0.970678747 -0.137795046 0.196965441
  outer loop
  vertex 0.0203044824 -0.0133247906 0.0326605737
  vertex 0.0203561857 -0.0120620523 0.033289168
  vertex 0.0203174092 -0.0114277992 0.0339239873
  endloop
 endfacet

 facet normal 0.943520725 -0.188083857 0.272751033
  outer loop
  vertex 0.0203044824 -0.0133247906 0.0326605737
  vertex 0.0203174092 -0.0114277992 0.0339239873
  vertex 0.0202385578 -0.012707836 0.0333140604
  endloop
 endfacet

 facet normal 0.940776706 -0.191315696 0.279888391
  outer loop
  vertex 0.0202385578 -0.012707836 0.0333140604
  vertex 0.0203174092 -0.0114277992 0.0339239873
  vertex 0.0201984867 -0.0120216897 0.0339177623
  endloop
 endfacet

 facet normal 0.929814756 -0.18949388 0.315494239
  outer loop
  vertex 0.0201984867 -0.0120216897 0.0339177623
  vertex 0.0203174092 -0.0114277992 0.0339239873
  vertex 0.0202256311 -0.0108108437 0.0345650278
  endloop
 endfacet

 facet normal 0.927398562 -0.19230704 0.320858181
  outer loop
  vertex 0.0201984867 -0.0120216897 0.0339177623
  vertex 0.0202256311 -0.0108108437 0.0345650278
  vertex 0.0201687552 -0.0114277992 0.0343596451
  endloop
 endfacet

 facet normal 0.924242616 -0.194564193 0.32851252
  outer loop
  vertex 0.0201687552 -0.0114277992 0.0343596451
  vertex 0.0202256311 -0.0108108437 0.0345650278
  vertex 0.0201920234 -0.0101823565 0.0350318067
  endloop
 endfacet

 facet normal 0.889229715 -0.230022177 0.395424455
  outer loop
  vertex 0.0201687552 -0.0114277992 0.0343596451
  vertex 0.0201920234 -0.0101823565 0.0350318067
  vertex 0.0201506596 -0.0104706539 0.0349571183
  endloop
 endfacet

 facet normal 0.866864443 -0.252096057 0.430108994
  outer loop
  vertex 0.0201687552 -0.0114277992 0.0343596451
  vertex 0.0201506596 -0.0104706539 0.0349571183
  vertex 0.020132564 -0.0105859721 0.034926001
  endloop
 endfacet

 facet normal 0.829929054 -0.28640157 0.478739947
  outer loop
  vertex 0.0201687552 -0.0114277992 0.0343596451
  vertex 0.020132564 -0.0105859721 0.034926001
  vertex 0.0201028325 -0.0117852865 0.0342600644
  endloop
 endfacet

 facet normal 0.151717111 -0.482701242 0.862543583
  outer loop
  vertex 0.0201028325 -0.0117852865 0.0342600644
  vertex 0.020132564 -0.0105859721 0.034926001
  vertex 0.0197564103 -0.0104706539 0.0350566991
  endloop
 endfacet

 facet normal 0.0876822025 -0.499251425 0.862009227
  outer loop
  vertex 0.0201028325 -0.0117852865 0.0342600644
  vertex 0.0197564103 -0.0104706539 0.0350566991
  vertex 0.0197551176 -0.0118141165 0.0342787355
  endloop
 endfacet

 facet normal 0.0110596744 -0.501095533 0.865321338
  outer loop
  vertex 0.0197551176 -0.0118141165 0.0342787355
  vertex 0.0197564103 -0.0104706539 0.0350566991
  vertex 0.0194384251 -0.0108108437 0.0348637663
  endloop
 endfacet

 facet normal 0.02591566 -0.486899436 0.873073518
  outer loop
  vertex 0.0194384251 -0.00978450757 0.0354487933
  vertex 0.0197564103 -0.0104706539 0.0350566991
  vertex 0.0197564103 -0.00977874175 0.0354425684
  endloop
 endfacet

 facet normal 0.025826117 -0.474783629 0.879723549
  outer loop
  vertex 0.0194384251 -0.00978450757 0.0354487933
  vertex 0.0197564103 -0.00977874175 0.0354425684
  vertex 0.0197564103 -0.00946738105 0.0356106088
  endloop
 endfacet

 facet normal 0.00972800981 -0.462210357 0.886717021
  outer loop
  vertex 0.0194384251 -0.00978450757 0.0354487933
  vertex 0.0197564103 -0.00946738105 0.0356106088
  vertex 0.0191256106 -0.00976721011 0.0354612395
  endloop
 endfacet

 facet normal 0.152341425 -0.481377959 0.863172889
  outer loop
  vertex 0.0197564103 -0.0104706539 0.0350566991
  vertex 0.020132564 -0.0105859721 0.034926001
  vertex 0.0197564103 -0.00977874175 0.0354425684
  endloop
 endfacet

 facet normal 0.1782877 -0.467332691 0.865917802
  outer loop
  vertex 0.0197564103 -0.00946738105 0.0356106088
  vertex 0.0197564103 -0.00977874175 0.0354425684
  vertex 0.0201493669 -0.00938665774 0.0355732664
  endloop
 endfacet

 facet normal 0.171877906 -0.425744146 0.888369262
  outer loop
  vertex 0.0197564103 -0.00946738105 0.0356106088
  vertex 0.0201493669 -0.00938665774 0.0355732664
  vertex 0.0201390274 -0.00811815262 0.0361831896
  endloop
 endfacet

 facet normal 0.163661018 -0.4243536 0.890583515
  outer loop
  vertex 0.0197564103 -0.00946738105 0.0356106088
  vertex 0.0201390274 -0.00811815262 0.0361831896
  vertex 0.0197564103 -0.0081873443 0.0362205319
  endloop
 endfacet

 facet normal 0.00946663506 -0.430134296 0.902715325
  outer loop
  vertex 0.0197564103 -0.00946738105 0.0356106088
  vertex 0.0197564103 -0.0081873443 0.0362205319
  vertex 0.0191256106 -0.00891961809 0.0358782262
  endloop
 endfacet

 facet normal 0.0997766033 -0.400142819 0.911005139
  outer loop
  vertex 0.0197564103 -0.0081873443 0.0362205319
  vertex 0.0201118812 -0.00680928584 0.0367868878
  vertex 0.0197564103 -0.00685541332 0.0368055589
  endloop
 endfacet

 facet normal 0.0284178611 -0.401987195 0.915204227
  outer loop
  vertex 0.0197564103 -0.0081873443 0.0362205319
  vertex 0.0197564103 -0.00685541332 0.0368055589
  vertex 0.0194397159 -0.00700532738 0.0367495455
  endloop
 endfacet

 facet normal 0.0276446249 -0.402169198 0.91514796
  outer loop
  vertex 0.0197564103 -0.0081873443 0.0362205319
  vertex 0.0194397159 -0.00700532738 0.0367495455
  vertex 0.0194384251 -0.00765687786 0.0364632569
  endloop
 endfacet

 facet normal 0.161825567 -0.410543203 0.897366643
  outer loop
  vertex 0.0197564103 -0.0081873443 0.0362205319
  vertex 0.0201390274 -0.00811815262 0.0361831896
  vertex 0.0201118812 -0.00680928584 0.0367868878
  endloop
 endfacet

 facet normal 0.00659424439 -0.362190366 0.932080865
  outer loop
  vertex 0.0194397159 -0.00700532738 0.0367495455
  vertex 0.0197564103 -0.00685541332 0.0368055589
  vertex 0.0194397159 -0.00686117914 0.0368055589
  endloop
 endfacet

 facet normal 0.00627977215 -0.344917893 0.938611925
  outer loop
  vertex 0.0194397159 -0.00686117914 0.0368055589
  vertex 0.0197564103 -0.00685541332 0.0368055589
  vertex 0.0191269014 -0.00578294974 0.0372038782
  endloop
 endfacet

 facet normal 0.00653083064 -0.344787687 0.938657999
  outer loop
  vertex 0.0191269014 -0.00578294974 0.0372038782
  vertex 0.0197564103 -0.00685541332 0.0368055589
  vertex 0.0194397159 -0.00521788839 0.0374092571
  endloop
 endfacet

 facet normal 0.0375305377 -0.339265645 0.939941645
  outer loop
  vertex 0.0194397159 -0.00521788839 0.0374092571
  vertex 0.0197564103 -0.00685541332 0.0368055589
  vertex 0.0197564103 -0.00504491013 0.0374590494
  endloop
 endfacet

 facet normal 0.0304864906 -0.327627927 0.944314897
  outer loop
  vertex 0.0194397159 -0.00521788839 0.0374092571
  vertex 0.0197564103 -0.00504491013 0.0374590494
  vertex 0.0194397159 -0.00505644223 0.0374652706
  endloop
 endfacet

 facet normal 0.029716542 -0.301855177 0.952890575
  outer loop
  vertex 0.0194397159 -0.00505644223 0.0374652706
  vertex 0.0197564103 -0.00504491013 0.0374590494
  vertex 0.0197564103 -0.00451444462 0.0376270898
  endloop
 endfacet

 facet normal 0.024188906 -0.298945665 0.953963518
  outer loop
  vertex 0.0194397159 -0.00505644223 0.0374652706
  vertex 0.0197564103 -0.00451444462 0.0376270898
  vertex 0.0194397159 -0.00452021044 0.037633311
  endloop
 endfacet

 facet normal 0.0237452686 -0.263287127 0.964425266
  outer loop
  vertex 0.0194397159 -0.00452021044 0.037633311
  vertex 0.0197564103 -0.00451444462 0.0376270898
  vertex 0.0194397159 -0.00303836563 0.0380378552
  endloop
 endfacet

 facet normal 0.00828662328 -0.263352364 0.964664161
  outer loop
  vertex 0.0194397159 -0.00452021044 0.037633311
  vertex 0.0194397159 -0.00303836563 0.0380378552
  vertex 0.0191269014 -0.00389172346 0.0378075764
  endloop
 endfacet

 facet normal 0.0190051179 -0.253521562 0.967142999
  outer loop
  vertex 0.0194397159 -0.00303836563 0.0380378552
  vertex 0.0197564103 -0.00263474975 0.0381374322
  vertex 0.0194397159 -0.00263474975 0.0381436571
  endloop
 endfacet

 facet normal 0.0285114404 -0.262303263 0.964564264
  outer loop
  vertex 0.0194397159 -0.00303836563 0.0380378552
  vertex 0.0197564103 -0.00451444462 0.0376270898
  vertex 0.0197564103 -0.00302683376 0.0380316302
  endloop
 endfacet

 facet normal 0.0284530669 -0.260424584 0.965074897
  outer loop
  vertex 0.0194397159 -0.00303836563 0.0380378552
  vertex 0.0197564103 -0.00302683376 0.0380316302
  vertex 0.0197564103 -0.00263474975 0.0381374322
  endloop
 endfacet

 facet normal 0.0191560667 -0.222148821 0.974824607
  outer loop
  vertex 0.0194397159 -0.00263474975 0.0381436571
  vertex 0.0197564103 -0.00263474975 0.0381374322
  vertex 0.0191269014 -0.00200626324 0.0382930264
  endloop
 endfacet

 facet normal 0.0192775168 -0.222033069 0.974848509
  outer loop
  vertex 0.0191269014 -0.00200626324 0.0382930264
  vertex 0.0197564103 -0.00263474975 0.0381374322
  vertex 0.0197564103 -0.00200626324 0.0382805765
  endloop
 endfacet

 facet normal 0.019430222 -0.184871107 0.982570648
  outer loop
  vertex 0.0191269014 -0.00200626324 0.0382930264
  vertex 0.0197564103 -0.00200626324 0.0382805765
  vertex 0.0191269014 -0.00137777661 0.0384112746
  endloop
 endfacet

 facet normal 0.0332292095 -0.142371804 0.989255309
  outer loop
  vertex 0.0197564103 0.000513449719 0.038716238
  vertex 0.0197564103 8.10047641e-05 0.0386539996
  vertex 0.0200899076 0.000115600276 0.0386477746
  endloop
 endfacet

 facet normal 0.0863960311 -0.098175779 0.991411686
  outer loop
  vertex 0.0197564103 0.000513449719 0.038716238
  vertex 0.0200899076 0.000115600276 0.0386477746
  vertex 0.0197564103 0.0011419364 0.0387784727
  endloop
 endfacet

 facet normal 0.0204538237 -0.0985236391 0.994924486
  outer loop
  vertex 0.0197564103 0.000513449719 0.038716238
  vertex 0.0197564103 0.0011419364 0.0387784727
  vertex 0.0194397159 0.000824810122 0.0387535803
  endloop
 endfacet

 facet normal 0.102883443 -0.220895931 0.969855726
  outer loop
  vertex 0.0197564103 -0.00200626324 0.0382805765
  vertex 0.0197564103 -0.00263474975 0.0381374322
  vertex 0.0200911984 -0.00299800374 0.038019184
  endloop
 endfacet

 facet normal 0.176524341 -0.194715619 0.964844584
  outer loop
  vertex 0.0197564103 -0.00200626324 0.0382805765
  vertex 0.0200911984 -0.00299800374 0.038019184
  vertex 0.0200899076 0.000115600276 0.0386477746
  endloop
 endfacet

 facet normal 0.0366131887 -0.175990433 0.983710766
  outer loop
  vertex 0.0197564103 -0.00200626324 0.0382805765
  vertex 0.0200899076 0.000115600276 0.0386477746
  vertex 0.0197564103 8.10047641e-05 0.0386539996
  endloop
 endfacet

 facet normal 0.116357781 -0.0881693587 0.989286244
  outer loop
  vertex 0.0197564103 0.0011419364 0.0387784727
  vertex 0.0200899076 0.000115600276 0.0386477746
  vertex 0.0197564103 0.00239891 0.0388904996
  endloop
 endfacet

 facet normal 0.212363452 -0.0681995302 0.974807978
  outer loop
  vertex 0.0197564103 0.00302163069 0.0389340669
  vertex 0.0197564103 0.00239891 0.0388904996
  vertex 0.0201222226 0.000513449719 0.0386788957
  endloop
 endfacet

 facet normal 0.248169631 -0.0621545166 0.966720581
  outer loop
  vertex 0.0197564103 0.00302163069 0.0389340669
  vertex 0.0201222226 0.000513449719 0.0386788957
  vertex 0.0201584157 0.0011419364 0.038710013
  endloop
 endfacet

 facet normal 0.265137255 -0.0580182672 0.962463558
  outer loop
  vertex 0.0197564103 0.00302163069 0.0389340669
  vertex 0.0201584157 0.0011419364 0.038710013
  vertex 0.0201829765 0.00177042326 0.0387411341
  endloop
 endfacet

 facet normal 0.317300022 -0.0379376188 0.947566032
  outer loop
  vertex 0.0197564103 0.00302163069 0.0389340669
  vertex 0.0201829765 0.00177042326 0.0387411341
  vertex 0.0202023648 0.00239891 0.0387598015
  endloop
 endfacet

 facet normal 0.317815006 -0.0375251137 0.947409868
  outer loop
  vertex 0.0197564103 0.00302163069 0.0389340669
  vertex 0.0202023648 0.00239891 0.0387598015
  vertex 0.0197564103 0.00365011743 0.0389589593
  endloop
 endfacet

 facet normal 0.122157179 -0.0872565731 0.988667846
  outer loop
  vertex 0.0197564103 0.00239891 0.0388904996
  vertex 0.0200899076 0.000115600276 0.0386477746
  vertex 0.0201222226 0.000513449719 0.0386788957
  endloop
 endfacet

 facet normal 0.325449318 -0.0344098993 0.944933295
  outer loop
  vertex 0.0197564103 0.00365011743 0.0389589593
  vertex 0.0202023648 0.00239891 0.0387598015
  vertex 0.0202139989 0.00302163069 0.0387784727
  endloop
 endfacet

 facet normal 0.342083901 -0.0207212996 0.939440906
  outer loop
  vertex 0.0197564103 0.00365011743 0.0389589593
  vertex 0.0202139989 0.00302163069 0.0387784727
  vertex 0.0202178769 0.00365011743 0.0387909226
  endloop
 endfacet

 facet normal 0.34214282 -0.00921938848 0.939602733
  outer loop
  vertex 0.0197564103 0.00365011743 0.0389589593
  vertex 0.0202178769 0.00365011743 0.0387909226
  vertex 0.0202178769 0.00428437022 0.0387971476
  endloop
 endfacet

 facet normal 0.342149585 -0.00922491774 0.939600229
  outer loop
  vertex 0.0197564103 0.00365011743 0.0389589593
  vertex 0.0202178769 0.00428437022 0.0387971476
  vertex 0.0197564103 0.00428437022 0.038965188
  endloop
 endfacet

 facet normal 0.999983668 0.00533913821 0.00205756421
  outer loop
  vertex 0.0203678217 0.0306923464 0.0181966852
  vertex 0.0203665271 0.0306923464 0.0188252795
  vertex 0.0203665271 0.0275383815 0.0270094499
  endloop
 endfacet

 facet normal 0.99999994 0.000364705833 0.000277286948
  outer loop
  vertex 0.0203678217 0.0306923464 0.0181966852
  vertex 0.0203665271 0.0275383815 0.0270094499
  vertex 0.0203678217 0.0187395643 0.0339177623
  endloop
 endfacet

 facet normal 0.0960649177 0.764062345 0.637950182
  outer loop
  vertex 0.0197551176 0.0280630793 0.0275758076
  vertex 0.0197551176 0.0272212531 0.0285840482
  vertex 0.0200976618 0.0266273618 0.0292437598
  endloop
 endfacet

 facet normal 0.263142288 0.757248044 0.597772241
  outer loop
  vertex 0.0197551176 0.0280630793 0.0275758076
  vertex 0.0200976618 0.0266273618 0.0292437598
  vertex 0.0201687552 0.0279881228 0.027488675
  endloop
 endfacet

 facet normal 0.868171334 0.374548584 0.325563967
  outer loop
  vertex 0.0201687552 0.0279881228 0.027488675
  vertex 0.0200976618 0.0266273618 0.0292437598
  vertex 0.0201661717 0.0267715119 0.028895231
  endloop
 endfacet

 facet normal 0.920790076 0.294173658 0.256139815
  outer loop
  vertex 0.0201687552 0.0279881228 0.027488675
  vertex 0.0201661717 0.0267715119 0.028895231
  vertex 0.0202476066 0.0275787432 0.0276753865
  endloop
 endfacet

 facet normal 0.954548717 0.25456214 0.15503189
  outer loop
  vertex 0.0201687552 0.0279881228 0.027488675
  vertex 0.0202476066 0.0275787432 0.0276753865
  vertex 0.0203665271 0.0275383815 0.0270094499
  endloop
 endfacet

 facet normal 0.953595519 0.26284036 0.14686957
  outer loop
  vertex 0.0201687552 0.0279881228 0.027488675
  vertex 0.0203665271 0.0275383815 0.0270094499
  vertex 0.0201946087 0.0281899292 0.0269596595
  endloop
 endfacet

 facet normal 0.960079908 0.26101464 0.100588202
  outer loop
  vertex 0.0203665271 0.0306923464 0.0188252795
  vertex 0.0201946087 0.0281899292 0.0269596595
  vertex 0.0203665271 0.0275383815 0.0270094499
  endloop
 endfacet

 facet normal 0.999999642 0.000679176534 0.000677814707
  outer loop
  vertex 0.0203678217 0.0187395643 0.0339177623
  vertex 0.0203665271 0.0275383815 0.0270094499
  vertex 0.0203665271 0.0244017113 0.0301524214
  endloop
 endfacet

 facet normal 0.999999523 0.00068791071 0.000690948858
  outer loop
  vertex 0.0203678217 0.0187395643 0.0339177623
  vertex 0.0203665271 0.0244017113 0.0301524214
  vertex 0.0203665271 0.023138972 0.0314096101
  endloop
 endfacet

 facet normal 0.999999464 0.000692142523 0.000698371616
  outer loop
  vertex 0.0203678217 0.0187395643 0.0339177623
  vertex 0.0203665271 0.023138972 0.0314096101
  vertex 0.0203678217 0.0181053132 0.0345463566
  endloop
 endfacet

 facet normal 0.999989748 0.00202505128 0.00404226361
  outer loop
  vertex 0.0203678217 0.0181053132 0.0345463566
  vertex 0.0203665271 0.0174768269 0.0351811722
  vertex 0.0203678217 0.014328626 0.0364383608
  endloop
 endfacet

 facet normal 0.999996781 0.00154306134 0.00206387485
  outer loop
  vertex 0.0203678217 0.0181053132 0.0345463566
  vertex 0.0203665271 0.023138972 0.0314096101
  vertex 0.0203665271 0.0206250269 0.033289168
  endloop
 endfacet

 facet normal 0.999982774 0.00302319671 0.0050304411
  outer loop
  vertex 0.0203678217 0.0181053132 0.0345463566
  vertex 0.0203665271 0.0206250269 0.033289168
  vertex 0.0203665271 0.0174768269 0.0351811722
  endloop
 endfacet

 facet normal 0.997418761 0.0227730777 0.0680986941
  outer loop
  vertex 0.0203678217 0.014328626 0.0364383608
  vertex 0.0203536022 0.0130716534 0.0370669551
  vertex 0.0203678217 0.012448932 0.0370669551
  endloop
 endfacet

 facet normal 1 1.36775761e-05 4.09002751e-05
  outer loop
  vertex 0.0203678217 0.014328626 0.0364383608
  vertex 0.0203678217 0.012448932 0.0370669551
  vertex 0.0203691125 -0.00265781349 0.0105415294
  endloop
 endfacet

 facet normal 0.998650014 0.0196170956 0.0480969511
  outer loop
  vertex 0.0203678217 0.014328626 0.0364383608
  vertex 0.0203665271 0.0174768269 0.0351811722
  vertex 0.0203613583 0.0162140876 0.0358035453
  endloop
 endfacet

 facet normal 0.995392263 0.0336437672 0.0897905231
  outer loop
  vertex 0.0203678217 0.014328626 0.0364383608
  vertex 0.0203613583 0.0162140876 0.0358035453
  vertex 0.0203536022 0.0130716534 0.0370669551
  endloop
 endfacet

 facet normal 1 1.06356056e-05 4.26327315e-05
  outer loop
  vertex 0.0203691125 -0.00265781349 0.0105415294
  vertex 0.0203678217 0.012448932 0.0370669551
  vertex 0.0203678217 0.00992921926 0.0376955494
  endloop
 endfacet

 facet normal 0.999963999 -0.00205787737 0.00823010784
  outer loop
  vertex 0.0203678217 -0.000743523939 0.0376955494
  vertex 0.0203665271 -0.00137201068 0.0376955494
  vertex 0.0203678217 -0.0032574709 0.0370669551
  endloop
 endfacet

 facet normal 0.999997854 0 0.00205759052
  outer loop
  vertex 0.0203678217 -0.000743523939 0.0376955494
  vertex 0.0203678217 0.00992921926 0.0376955494
  vertex 0.0203665271 0.00489555951 0.0383241437
  endloop
 endfacet

 facet normal 0.999997854 0 0.00205759052
  outer loop
  vertex 0.0203678217 -0.000743523939 0.0376955494
  vertex 0.0203665271 0.00489555951 0.0383241437
  vertex 0.0203665271 0.00365011743 0.0383241437
  endloop
 endfacet

 facet normal 0.999862671 -0.00205766899 0.0164396223
  outer loop
  vertex 0.0203678217 -0.000743523939 0.0376955494
  vertex 0.0203665271 0.00365011743 0.0383241437
  vertex 0.0203665271 -0.00137201068 0.0376955494
  endloop
 endfacet

 facet normal 0.999977887 -0.00209637219 0.00632650498
  outer loop
  vertex 0.0203678217 -0.0032574709 0.0370669551
  vertex 0.0203665271 -0.00387442554 0.0370669551
  vertex 0.0203665271 -0.0057714181 0.0364383608
  endloop
 endfacet

 facet normal 0.999979436 -0.00203710399 0.00608946942
  outer loop
  vertex 0.0203678217 -0.0032574709 0.0370669551
  vertex 0.0203665271 -0.0057714181 0.0364383608
  vertex 0.0203678217 -0.00703415694 0.0358035453
  endloop
 endfacet

 facet normal 0.999963105 -0.00209634122 0.00834547728
  outer loop
  vertex 0.0203678217 -0.0032574709 0.0370669551
  vertex 0.0203665271 -0.00137201068 0.0376955494
  vertex 0.0203665271 -0.00387442554 0.0370669551
  endloop
 endfacet

 facet normal 0.998557508 -0.0240592156 0.0479998961
  outer loop
  vertex 0.0203678217 -0.00703415694 0.0358035453
  vertex 0.0203523096 -0.00891961809 0.0351811722
  vertex 0.0203678217 -0.00954233762 0.0345463566
  endloop
 endfacet

 facet normal 0.998233259 -0.025869159 0.0534911603
  outer loop
  vertex 0.0203678217 -0.00703415694 0.0358035453
  vertex 0.0203665271 -0.0057714181 0.0364383608
  vertex 0.0203523096 -0.00891961809 0.0351811722
  endloop
 endfacet

 facet normal 0.998486876 -0.0250392035 0.0489594787
  outer loop
  vertex 0.0203678217 -0.00954233762 0.0345463566
  vertex 0.0203523096 -0.00891961809 0.0351811722
  vertex 0.0203665271 -0.0108108437 0.0339239873
  endloop
 endfacet

 facet normal 0.999976575 -0.00380728161 0.00568181416
  outer loop
  vertex 0.0203678217 -0.00954233762 0.0345463566
  vertex 0.0203665271 -0.0108108437 0.0339239873
  vertex 0.0203665271 -0.0126963034 0.0326605737
  endloop
 endfacet

 facet normal 0.998135924 -0.0339734703 0.0507004708
  outer loop
  vertex 0.0203665271 -0.0126963034 0.0326605737
  vertex 0.0203665271 -0.0108108437 0.0339239873
  vertex 0.0203561857 -0.0120620523 0.033289168
  endloop
 endfacet

 facet normal 0.993290544 -0.0587494485 0.0996120721
  outer loop
  vertex 0.0203561857 -0.0120620523 0.033289168
  vertex 0.0203665271 -0.0108108437 0.0339239873
  vertex 0.0203523096 -0.00891961809 0.0351811722
  endloop
 endfacet

 facet normal 0.992628515 -0.06161296 0.104366712
  outer loop
  vertex 0.0203561857 -0.0120620523 0.033289168
  vertex 0.0203523096 -0.00891961809 0.0351811722
  vertex 0.0203406774 -0.0101823565 0.0345463566
  endloop
 endfacet

 facet normal 0.982934952 -0.0965950564 0.15655084
  outer loop
  vertex 0.0203561857 -0.0120620523 0.033289168
  vertex 0.0203406774 -0.0101823565 0.0345463566
  vertex 0.0203174092 -0.0114277992 0.0339239873
  endloop
 endfacet

 facet normal 0.0133149512 0.400481284 0.916208267
  outer loop
  vertex 0.0194384251 0.0165312123 0.0364196897
  vertex 0.0191269014 0.0162140876 0.0365628377
  vertex 0.0194384251 0.0158335343 0.0367246531
  endloop
 endfacet

 facet normal 0.0179297924 0.400452346 0.916142166
  outer loop
  vertex 0.0194384251 0.0165312123 0.0364196897
  vertex 0.0194384251 0.0158335343 0.0367246531
  vertex 0.0197564103 0.0158335343 0.0367184281
  endloop
 endfacet

 facet normal 0.0269610267 0.403836995 0.914433599
  outer loop
  vertex 0.0194384251 0.0165312123 0.0364196897
  vertex 0.0197564103 0.0158335343 0.0367184281
  vertex 0.0200705174 0.0171654653 0.0361209512
  endloop
 endfacet

 facet normal 0.0320400819 0.433155894 0.900749385
  outer loop
  vertex 0.0200705174 0.0171654653 0.0361209512
  vertex 0.0200873204 0.018445503 0.0355048068
  vertex 0.0197564103 0.0184570346 0.0355110317
  endloop
 endfacet

 facet normal 0.0254762247 0.431935191 0.90154475
  outer loop
  vertex 0.0200705174 0.0171654653 0.0361209512
  vertex 0.0197564103 0.0184570346 0.0355110317
  vertex 0.0194384251 0.0184628014 0.035517253
  endloop
 endfacet

 facet normal 0.159675047 0.372441709 0.914216161
  outer loop
  vertex 0.0200705174 0.0171654653 0.0361209512
  vertex 0.0197564103 0.0158335343 0.0367184281
  vertex 0.020136442 0.0154414512 0.0368117839
  endloop
 endfacet

 facet normal 0.648395956 0.304407686 0.69779557
  outer loop
  vertex 0.0200705174 0.0171654653 0.0361209512
  vertex 0.020136442 0.0154414512 0.0368117839
  vertex 0.0201390274 0.0168483388 0.0361956358
  endloop
 endfacet

 facet normal 0.696978986 0.303568363 0.649666488
  outer loop
  vertex 0.0200705174 0.0171654653 0.0361209512
  vertex 0.0201390274 0.0168483388 0.0361956358
  vertex 0.0200873204 0.018445503 0.0355048068
  endloop
 endfacet

 facet normal 0.0258817151 0.482238114 0.875657797
  outer loop
  vertex 0.0194384251 0.0184628014 0.035517253
  vertex 0.0197564103 0.0184570346 0.0355110317
  vertex 0.0197564103 0.0187395643 0.0353554375
  endloop
 endfacet

 facet normal 0.00484353164 0.500575483 0.865679264
  outer loop
  vertex 0.0194384251 0.0184628014 0.035517253
  vertex 0.0197564103 0.0187395643 0.0353554375
  vertex 0.0194384251 0.0202387068 0.0344903432
  endloop
 endfacet

 facet normal 0.00029549317 0.496149719 0.868237019
  outer loop
  vertex 0.0194384251 0.0184628014 0.035517253
  vertex 0.0172900837 0.018779926 0.0353367664
  vertex 0.0172900837 0.0184858646 0.0355048068
  endloop
 endfacet

 facet normal 0.00158237561 0.338548392 0.940947711
  outer loop
  vertex 0.0172900837 0.0137347355 0.0374963917
  vertex 0.0197564103 0.0137059065 0.0375026166
  vertex 0.0172900837 0.014357456 0.0372723378
  endloop
 endfacet

 facet normal 0.000973916322 0.289969504 0.957035422
  outer loop
  vertex 0.0172900837 0.0137347355 0.0374963917
  vertex 0.0172900837 0.0130774193 0.0376955494
  vertex 0.0197564103 0.0137059065 0.0375026166
  endloop
 endfacet

 facet normal 0.00668152794 0.360991478 0.932545185
  outer loop
  vertex 0.0191269014 0.015839301 0.0367246531
  vertex 0.0197564103 0.0155221755 0.0368429013
  vertex 0.0194384251 0.0158335343 0.0367246531
  endloop
 endfacet

 facet normal 0.0073364242 0.396374404 0.918059587
  outer loop
  vertex 0.0191269014 0.015839301 0.0367246531
  vertex 0.0194384251 0.0158335343 0.0367246531
  vertex 0.0191269014 0.0162140876 0.0365628377
  endloop
 endfacet

 facet normal 0.00353379338 0.280763566 0.959770441
  outer loop
  vertex 0.0197564103 0.0137059065 0.0375026166
  vertex 0.0172900837 0.0130774193 0.0376955494
  vertex 0.0194384251 0.0130716534 0.0376893245
  endloop
 endfacet

 facet normal 0.0188203231 0.273651302 0.961644828
  outer loop
  vertex 0.0197564103 0.0137059065 0.0375026166
  vertex 0.0194384251 0.0130716534 0.0376893245
  vertex 0.0197564103 0.0130716534 0.0376831032
  endloop
 endfacet

 facet normal 0.0847528651 0.272715002 0.958354592
  outer loop
  vertex 0.0197564103 0.0137059065 0.0375026166
  vertex 0.0197564103 0.0130716534 0.0376831032
  vertex 0.0200731028 0.014023032 0.0373843648
  endloop
 endfacet

 facet normal 0.00908797141 0.341387361 0.939878821
  outer loop
  vertex 0.0197564103 0.0137059065 0.0375026166
  vertex 0.0200731028 0.014023032 0.0373843648
  vertex 0.0197564103 0.0155221755 0.0368429013
  endloop
 endfacet

 facet normal 0.153057903 0.366835594 0.917608261
  outer loop
  vertex 0.0197564103 0.0155221755 0.0368429013
  vertex 0.020136442 0.0154414512 0.0368117839
  vertex 0.0197564103 0.0158335343 0.0367184281
  endloop
 endfacet

 facet normal 0.0181696061 0.371148169 0.928395867
  outer loop
  vertex 0.0197564103 0.0155221755 0.0368429013
  vertex 0.0197564103 0.0158335343 0.0367184281
  vertex 0.0194384251 0.0158335343 0.0367246531
  endloop
 endfacet

 facet normal 0.152568951 0.364079416 0.918786645
  outer loop
  vertex 0.0197564103 0.0155221755 0.0368429013
  vertex 0.0200731028 0.014023032 0.0373843648
  vertex 0.020136442 0.0154414512 0.0368117839
  endloop
 endfacet

 facet normal 0.000669919595 0.258451998 0.966023862
  outer loop
  vertex 0.0172900837 0.0130774193 0.0376955494
  vertex 0.0172900837 0.0117281908 0.0380565226
  vertex 0.0194384251 0.0116993608 0.0380627476
  endloop
 endfacet

 facet normal 0.0034998355 0.262566298 0.964907706
  outer loop
  vertex 0.0172900837 0.0130774193 0.0376955494
  vertex 0.0194384251 0.0116993608 0.0380627476
  vertex 0.0194384251 0.0130716534 0.0376893245
  endloop
 endfacet

 facet normal 0.0156443454 0.528305054 0.848910511
  outer loop
  vertex 0.0194384251 0.0202387068 0.0344903432
  vertex 0.0197551176 0.020469347 0.0343409739
  vertex 0.0191256106 0.0207980033 0.0341480374
  endloop
 endfacet

 facet normal 0.0115833785 0.526688218 0.849979639
  outer loop
  vertex 0.0194384251 0.0202387068 0.0344903432
  vertex 0.0191256106 0.0207980033 0.0341480374
  vertex 0.0191256106 0.0204866435 0.0343409739
  endloop
 endfacet

 facet normal 0.0383764915 0.505536914 0.861951113
  outer loop
  vertex 0.0194384251 0.0202387068 0.0344903432
  vertex 0.0197564103 0.0187395643 0.0353554375
  vertex 0.0197551176 0.020469347 0.0343409739
  endloop
 endfacet

 facet normal 0.0165042654 0.55850333 0.829338074
  outer loop
  vertex 0.0191256106 0.0207980033 0.0341480374
  vertex 0.0194384251 0.0207980033 0.0341418125
  vertex 0.0200705174 0.0215648729 0.0336127989
  endloop
 endfacet

 facet normal 0.0136808511 0.560891986 0.827775955
  outer loop
  vertex 0.0191256106 0.0207980033 0.0341480374
  vertex 0.0200705174 0.0215648729 0.0336127989
  vertex 0.0194384251 0.0214149579 0.0337248258
  endloop
 endfacet

 facet normal 0.0045763012 0.564086318 0.825703144
  outer loop
  vertex 0.0191256106 0.0207980033 0.0341480374
  vertex 0.0194384251 0.0214149579 0.0337248258
  vertex 0.0191256106 0.0212535132 0.0338368528
  endloop
 endfacet

 facet normal 0.0168720577 0.530016243 0.847819567
  outer loop
  vertex 0.0191256106 0.0207980033 0.0341480374
  vertex 0.0197551176 0.020469347 0.0343409739
  vertex 0.0194384251 0.0207980033 0.0341418125
  endloop
 endfacet

 facet normal 0.00967034511 0.572090745 0.820133388
  outer loop
  vertex 0.0194384251 0.0214149579 0.0337248258
  vertex 0.0200705174 0.0215648729 0.0336127989
  vertex 0.0197551176 0.0223375075 0.0330775604
  endloop
 endfacet

 facet normal 0.00524952216 0.573128045 0.819449008
  outer loop
  vertex 0.0194384251 0.0214149579 0.0337248258
  vertex 0.0197551176 0.0223375075 0.0330775604
  vertex 0.0191256106 0.0223432742 0.0330775604
  endloop
 endfacet

 facet normal 0.0134518836 0.634774029 0.772580683
  outer loop
  vertex 0.0197551176 0.0226546358 0.0328472853
  vertex 0.0197551176 0.0230409522 0.0325298756
  vertex 0.0191256106 0.023046717 0.0325361006
  endloop
 endfacet

 facet normal 0.066039674 0.586285949 0.807407975
  outer loop
  vertex 0.0197551176 0.0226546358 0.0328472853
  vertex 0.0197551176 0.0223375075 0.0330775604
  vertex 0.0200705174 0.0215648729 0.0336127989
  endloop
 endfacet

 facet normal 0.190215155 0.600586593 0.776604116
  outer loop
  vertex 0.0197551176 0.0226546358 0.0328472853
  vertex 0.0200705174 0.0215648729 0.0336127989
  vertex 0.020132564 0.0222856142 0.0330402181
  endloop
 endfacet

 facet normal 0.201894805 0.607964277 0.767865837
  outer loop
  vertex 0.0197551176 0.0226546358 0.0328472853
  vertex 0.020132564 0.0222856142 0.0330402181
  vertex 0.0200911984 0.0247361381 0.0311108716
  endloop
 endfacet

 facet normal 0.0601067804 0.633683801 0.771253586
  outer loop
  vertex 0.0197551176 0.0226546358 0.0328472853
  vertex 0.0200911984 0.0247361381 0.0311108716
  vertex 0.0197551176 0.0230409522 0.0325298756
  endloop
 endfacet

 facet normal 0.0134520745 0.63495779 0.772429705
  outer loop
  vertex 0.0191256106 0.023046717 0.0325361006
  vertex 0.0197551176 0.0230409522 0.0325298756
  vertex 0.0194384251 0.0233580787 0.0322747044
  endloop
 endfacet

 facet normal 0.0504131541 0.692662179 0.719498158
  outer loop
  vertex 0.0197551176 0.0247476697 0.0311233178
  vertex 0.0200911984 0.0247361381 0.0311108716
  vertex 0.0197551176 0.0253876876 0.0305071715
  endloop
 endfacet

 facet normal 0.0071218228 0.693526447 0.720395982
  outer loop
  vertex 0.0197551176 0.0247476697 0.0311233178
  vertex 0.0197551176 0.0253876876 0.0305071715
  vertex 0.0191256106 0.0253876876 0.0305133946
  endloop
 endfacet

 facet normal 0.0503378287 0.635177374 0.770724237
  outer loop
  vertex 0.0197551176 0.0247476697 0.0311233178
  vertex 0.0197551176 0.0230409522 0.0325298756
  vertex 0.0200911984 0.0247361381 0.0311108716
  endloop
 endfacet

 facet normal 0.00701186899 0.704898298 0.709273756
  outer loop
  vertex 0.0191256106 0.0253876876 0.0305133946
  vertex 0.0197551176 0.0253876876 0.0305071715
  vertex 0.0197551176 0.0263333004 0.0295673925
  endloop
 endfacet

 facet normal 0.0487136059 0.713028848 0.69944042
  outer loop
  vertex 0.0197551176 0.0266446602 0.0292499829
  vertex 0.0197551176 0.0263333004 0.0295673925
  vertex 0.0200976618 0.0266273618 0.0292437598
  endloop
 endfacet

 facet normal 0.0498749986 0.750639439 0.658826947
  outer loop
  vertex 0.0197551176 0.0266446602 0.0292499829
  vertex 0.0200976618 0.0266273618 0.0292437598
  vertex 0.0197551176 0.0269560218 0.028895231
  endloop
 endfacet

 facet normal 0.0612538829 0.703591943 0.707959294
  outer loop
  vertex 0.0197551176 0.0263333004 0.0295673925
  vertex 0.0197551176 0.0253876876 0.0305071715
  vertex 0.0200976618 0.0253703892 0.0304947253
  endloop
 endfacet

 facet normal 0.0639635623 0.703966379 0.707347155
  outer loop
  vertex 0.0197551176 0.0263333004 0.0295673925
  vertex 0.0200976618 0.0253703892 0.0304947253
  vertex 0.0200976618 0.0266273618 0.0292437598
  endloop
 endfacet

 facet normal 0.0700276718 0.759193599 0.64708674
  outer loop
  vertex 0.0197551176 0.0269560218 0.028895231
  vertex 0.0200976618 0.0266273618 0.0292437598
  vertex 0.0197551176 0.0272212531 0.0285840482
  endloop
 endfacet

 facet normal 0.342164129 0 0.939640224
  outer loop
  vertex 0.0197564103 0.00489555951 0.038965188
  vertex 0.0197564103 0.00428437022 0.038965188
  vertex 0.0202178769 0.00428437022 0.0387971476
  endloop
 endfacet

 facet normal 0.348532885 0.00545736915 0.937280655
  outer loop
  vertex 0.0197564103 0.00489555951 0.038965188
  vertex 0.0202178769 0.00428437022 0.0387971476
  vertex 0.0202152915 0.00551827997 0.0387909226
  endloop
 endfacet

 facet normal 0.320977867 0.0283876881 0.946661174
  outer loop
  vertex 0.0197564103 0.00489555951 0.038965188
  vertex 0.0202152915 0.00551827997 0.0387909226
  vertex 0.0197564103 0.00551827997 0.0389465131
  endloop
 endfacet

 facet normal 0.0207289588 0.0299672559 0.999335945
  outer loop
  vertex 0.0197564103 0.00489555951 0.038965188
  vertex 0.0197564103 0.00551827997 0.0389465131
  vertex 0.0194397159 0.00552981207 0.038952738
  endloop
 endfacet

 facet normal 0.0201787241 0.0296928938 0.999355435
  outer loop
  vertex 0.0197564103 0.00489555951 0.038965188
  vertex 0.0194397159 0.00552981207 0.038952738
  vertex 0.0194397159 0.00490132533 0.0389714092
  endloop
 endfacet

 facet normal 0.0217706524 0.0592935048 0.998003185
  outer loop
  vertex 0.0194397159 0.00552981207 0.038952738
  vertex 0.0197564103 0.00551827997 0.0389465131
  vertex 0.0197564103 0.00614676671 0.0389091745
  endloop
 endfacet

 facet normal 0.0217706077 0.0592935309 0.998003185
  outer loop
  vertex 0.0194397159 0.00552981207 0.038952738
  vertex 0.0197564103 0.00614676671 0.0389091745
  vertex 0.0194397159 0.00615829881 0.0389153957
  endloop
 endfacet

 facet normal 0.0224346016 0.0782415345 0.996681929
  outer loop
  vertex 0.0194397159 0.00615829881 0.0389153957
  vertex 0.0197564103 0.00614676671 0.0389091745
  vertex 0.0197564103 0.00678101927 0.0388593823
  endloop
 endfacet

 facet normal 0.177854285 0.0770135075 0.98103869
  outer loop
  vertex 0.0197564103 0.00678101927 0.0388593823
  vertex 0.0197564103 0.00614676671 0.0389091745
  vertex 0.0201390274 0.00803799275 0.0386913419
  endloop
 endfacet

 facet normal 0.172351003 0.0788009688 0.981878638
  outer loop
  vertex 0.0197564103 0.00678101927 0.0388593823
  vertex 0.0201390274 0.00803799275 0.0386913419
  vertex 0.0201054178 0.00849926751 0.0386602245
  endloop
 endfacet

 facet normal 0.130228877 0.088016361 0.98756963
  outer loop
  vertex 0.0197564103 0.00678101927 0.0388593823
  vertex 0.0201054178 0.00849926751 0.0386602245
  vertex 0.0197564103 0.00803799275 0.0387473553
  endloop
 endfacet

 facet normal 0.0835319683 0.123582616 0.988812327
  outer loop
  vertex 0.0197564103 0.00803799275 0.0387473553
  vertex 0.0201054178 0.00849926751 0.0386602245
  vertex 0.0197564103 0.00858575664 0.0386788957
  endloop
 endfacet

 facet normal 0.00595153961 0.124013826 0.992262602
  outer loop
  vertex 0.0197564103 0.00803799275 0.0387473553
  vertex 0.0197564103 0.00858575664 0.0386788957
  vertex 0.0194397159 0.00800339691 0.0387535803
  endloop
 endfacet

 facet normal 0.0962082967 0.176736087 0.979544997
  outer loop
  vertex 0.0197564103 0.00858575664 0.0386788957
  vertex 0.0201054178 0.00849926751 0.0386602245
  vertex 0.0197564103 0.0105519406 0.0383241437
  endloop
 endfacet

 facet normal 0.0192564186 0.177526802 0.983927608
  outer loop
  vertex 0.0197564103 0.00858575664 0.0386788957
  vertex 0.0197564103 0.0105519406 0.0383241437
  vertex 0.0194384251 0.0105519406 0.0383303687
  endloop
 endfacet

 facet normal 0.0033218849 0.175060481 0.984552085
  outer loop
  vertex 0.0197564103 0.00858575664 0.0386788957
  vertex 0.0194384251 0.0105519406 0.0383303687
  vertex 0.0172900837 0.0105577065 0.0383365899
  endloop
 endfacet

 facet normal 0.00317098713 0.174877465 0.984585166
  outer loop
  vertex 0.0197564103 0.00858575664 0.0386788957
  vertex 0.0172900837 0.0105577065 0.0383365899
  vertex 0.0194384251 0.00859152246 0.0386788957
  endloop
 endfacet

 facet normal 0.00338216126 0.203418702 0.979086041
  outer loop
  vertex 0.0172900837 0.0105577065 0.0383365899
  vertex 0.0194384251 0.0105519406 0.0383303687
  vertex 0.0191269014 0.0111861927 0.0381996706
  endloop
 endfacet

 facet normal 0.000662402424 0.211018026 0.977481961
  outer loop
  vertex 0.0172900837 0.0105577065 0.0383365899
  vertex 0.0191269014 0.0111861927 0.0381996706
  vertex 0.0172900837 0.0111919586 0.0381996706
  endloop
 endfacet

 facet normal 0.000807810226 0.257339805 0.966320634
  outer loop
  vertex 0.0172900837 0.0111919586 0.0381996706
  vertex 0.0191269014 0.0111861927 0.0381996706
  vertex 0.0194384251 0.0116993608 0.0380627476
  endloop
 endfacet

 facet normal 0.000662292645 0.257914603 0.96616745
  outer loop
  vertex 0.0172900837 0.0111919586 0.0381996706
  vertex 0.0194384251 0.0116993608 0.0380627476
  vertex 0.0172900837 0.0117281908 0.0380565226
  endloop
 endfacet

 facet normal 0.944202065 -0.161177114 0.287235767
  outer loop
  vertex 0.0203174092 -0.0114277992 0.0339239873
  vertex 0.0203406774 -0.0101823565 0.0345463566
  vertex 0.0202876776 -0.0104706539 0.0345588028
  endloop
 endfacet

 facet normal 0.942982793 -0.163130611 0.290124059
  outer loop
  vertex 0.0203174092 -0.0114277992 0.0339239873
  vertex 0.0202876776 -0.0104706539 0.0345588028
  vertex 0.0201920234 -0.0101823565 0.0350318067
  endloop
 endfacet

 facet normal 0.937517405 -0.173753425 0.301447958
  outer loop
  vertex 0.0203174092 -0.0114277992 0.0339239873
  vertex 0.0201920234 -0.0101823565 0.0350318067
  vertex 0.0202256311 -0.0108108437 0.0345650278
  endloop
 endfacet

 facet normal 0.943254828 -0.157185823 0.292511523
  outer loop
  vertex 0.0201920234 -0.0101823565 0.0350318067
  vertex 0.0202359725 -0.00957116857 0.0352185145
  vertex 0.0202036574 -0.00891961809 0.0356728472
  endloop
 endfacet

 facet normal 0.924630761 -0.179144025 0.33610341
  outer loop
  vertex 0.0201920234 -0.0101823565 0.0350318067
  vertex 0.0202036574 -0.00891961809 0.0356728472
  vertex 0.0201493669 -0.00938665774 0.0355732664
  endloop
 endfacet

 facet normal 0.880881071 -0.233107448 0.411957949
  outer loop
  vertex 0.0201920234 -0.0101823565 0.0350318067
  vertex 0.0201493669 -0.00938665774 0.0355732664
  vertex 0.0201506596 -0.0104706539 0.0349571183
  endloop
 endfacet

 facet normal 0.943699539 -0.16100961 0.288976252
  outer loop
  vertex 0.0201920234 -0.0101823565 0.0350318067
  vertex 0.0202876776 -0.0104706539 0.0345588028
  vertex 0.0203406774 -0.0101823565 0.0345463566
  endloop
 endfacet

 facet normal 0.944429457 -0.156258568 0.289199769
  outer loop
  vertex 0.0201920234 -0.0101823565 0.0350318067
  vertex 0.0203406774 -0.0101823565 0.0345463566
  vertex 0.0202359725 -0.00957116857 0.0352185145
  endloop
 endfacet

 facet normal 0.854237258 -0.256132424 0.452410161
  outer loop
  vertex 0.0201506596 -0.0104706539 0.0349571183
  vertex 0.0201493669 -0.00938665774 0.0355732664
  vertex 0.020132564 -0.0105859721 0.034926001
  endloop
 endfacet

 facet normal 0.180519551 -0.469096988 0.864500284
  outer loop
  vertex 0.020132564 -0.0105859721 0.034926001
  vertex 0.0201493669 -0.00938665774 0.0355732664
  vertex 0.0197564103 -0.00977874175 0.0354425684
  endloop
 endfacet

 facet normal 0.891009271 -0.19135128 0.411688209
  outer loop
  vertex 0.0201493669 -0.00938665774 0.0355732664
  vertex 0.0202036574 -0.00891961809 0.0356728472
  vertex 0.0201959033 -0.00765687786 0.0362765454
  endloop
 endfacet

 facet normal 0.887079716 -0.194139898 0.418807119
  outer loop
  vertex 0.0201493669 -0.00938665774 0.0355732664
  vertex 0.0201959033 -0.00765687786 0.0362765454
  vertex 0.0201390274 -0.00811815262 0.0361831896
  endloop
 endfacet

 facet normal 0.861528575 -0.200619802 0.466390699
  outer loop
  vertex 0.0201390274 -0.00811815262 0.0361831896
  vertex 0.0201959033 -0.00765687786 0.0362765454
  vertex 0.0201739278 -0.00640567066 0.0368553512
  endloop
 endfacet

 facet normal 0.838274002 -0.213936567 0.50152564
  outer loop
  vertex 0.0201390274 -0.00811815262 0.0361831896
  vertex 0.0201739278 -0.00640567066 0.0368553512
  vertex 0.0201118812 -0.00680928584 0.0367868878
  endloop
 endfacet

 facet normal 0.763412118 -0.220346808 0.607164919
  outer loop
  vertex 0.0201118812 -0.00680928584 0.0367868878
  vertex 0.0201739278 -0.00640567066 0.0368553512
  vertex 0.0201312695 -0.00497571891 0.037427932
  endloop
 endfacet

 facet normal 0.138145372 -0.328163654 0.934464872
  outer loop
  vertex 0.0201118812 -0.00680928584 0.0367868878
  vertex 0.0201312695 -0.00497571891 0.037427932
  vertex 0.0197564103 -0.00504491013 0.0374590494
  endloop
 endfacet

 facet normal 0.0930571482 -0.33803162 0.936522841
  outer loop
  vertex 0.0201118812 -0.00680928584 0.0367868878
  vertex 0.0197564103 -0.00504491013 0.0374590494
  vertex 0.0197564103 -0.00685541332 0.0368055589
  endloop
 endfacet

 facet normal 0.13366811 -0.299278557 0.944756687
  outer loop
  vertex 0.0197564103 -0.00504491013 0.0374590494
  vertex 0.0201312695 -0.00497571891 0.037427932
  vertex 0.0197564103 -0.00451444462 0.0376270898
  endloop
 endfacet

 facet normal 0.158682704 -0.279849291 0.946839154
  outer loop
  vertex 0.0197564103 -0.00451444462 0.0376270898
  vertex 0.0201312695 -0.00497571891 0.037427932
  vertex 0.0200911984 -0.00299800374 0.038019184
  endloop
 endfacet

 facet normal 0.0583721101 -0.261962473 0.963311136
  outer loop
  vertex 0.0197564103 -0.00451444462 0.0376270898
  vertex 0.0200911984 -0.00299800374 0.038019184
  vertex 0.0197564103 -0.00302683376 0.0380316302
  endloop
 endfacet

 facet normal 0.0582298897 -0.260088027 0.96382755
  outer loop
  vertex 0.0197564103 -0.00263474975 0.0381374322
  vertex 0.0197564103 -0.00302683376 0.0380316302
  vertex 0.0200911984 -0.00299800374 0.038019184
  endloop
 endfacet

 facet normal 0.398336947 -0.181357041 0.899131417
  outer loop
  vertex 0.0200899076 0.000115600276 0.0386477746
  vertex 0.0200911984 -0.00299800374 0.038019184
  vertex 0.0201441962 -0.00263474975 0.0380689725
  endloop
 endfacet

 facet normal 0.625118256 -0.148904502 0.76619494
  outer loop
  vertex 0.0200899076 0.000115600276 0.0386477746
  vertex 0.0201441962 -0.00263474975 0.0380689725
  vertex 0.0202023648 -0.00200626324 0.0381436571
  endloop
 endfacet

 facet normal 0.760064065 -0.111808002 0.64015764
  outer loop
  vertex 0.0200899076 0.000115600276 0.0386477746
  vertex 0.0202023648 -0.00200626324 0.0381436571
  vertex 0.0201222226 0.000513449719 0.0386788957
  endloop
 endfacet

 facet normal 0.669642687 -0.200240463 0.715180039
  outer loop
  vertex 0.0200911984 -0.00299800374 0.038019184
  vertex 0.0201312695 -0.00497571891 0.037427932
  vertex 0.0201894399 -0.00451444462 0.0375026166
  endloop
 endfacet

 facet normal 0.681394756 -0.196067795 0.705165744
  outer loop
  vertex 0.0200911984 -0.00299800374 0.038019184
  vertex 0.0201894399 -0.00451444462 0.0375026166
  vertex 0.0201441962 -0.00263474975 0.0380689725
  endloop
 endfacet

 facet normal 0.87427032 -0.0741015896 0.479750395
  outer loop
  vertex 0.0201222226 0.000513449719 0.0386788957
  vertex 0.0202023648 -0.00200626324 0.0381436571
  vertex 0.0201584157 0.0011419364 0.038710013
  endloop
 endfacet

 facet normal 0.924904108 -0.0547723398 0.376234472
  outer loop
  vertex 0.0201584157 0.0011419364 0.038710013
  vertex 0.0202023648 -0.00200626324 0.0381436571
  vertex 0.0201829765 0.00177042326 0.0387411341
  endloop
 endfacet

 facet normal 0.933361113 -0.0514073633 0.355238646
  outer loop
  vertex 0.0201829765 0.00177042326 0.0387411341
  vertex 0.0202023648 -0.00200626324 0.0381436571
  vertex 0.0203070678 0.0011419364 0.0383241437
  endloop
 endfacet

 facet normal 0.940104783 -0.0390632041 0.338640332
  outer loop
  vertex 0.0201829765 0.00177042326 0.0387411341
  vertex 0.0203070678 0.0011419364 0.0383241437
  vertex 0.0202023648 0.00239891 0.0387598015
  endloop
 endfacet

 facet normal 0.942311168 -0.0368228965 0.332706809
  outer loop
  vertex 0.0202023648 0.00239891 0.0387598015
  vertex 0.0203070678 0.0011419364 0.0383241437
  vertex 0.0203316268 0.00177042326 0.0383241437
  endloop
 endfacet

 facet normal 0.946914554 -0.0272930302 0.320324719
  outer loop
  vertex 0.0202023648 0.00239891 0.0387598015
  vertex 0.0203316268 0.00177042326 0.0383241437
  vertex 0.0202139989 0.00302163069 0.0387784727
  endloop
 endfacet

 facet normal 0.946936309 -0.027268365 0.320262492
  outer loop
  vertex 0.0202139989 0.00302163069 0.0387784727
  vertex 0.0203316268 0.00177042326 0.0383241437
  vertex 0.0203497242 0.00239891 0.0383241437
  endloop
 endfacet

 facet normal 0.95023632 -0.0197221693 0.310905159
  outer loop
  vertex 0.0202139989 0.00302163069 0.0387784727
  vertex 0.0203497242 0.00239891 0.0383241437
  vertex 0.0203626491 0.00302163069 0.0383241437
  endloop
 endfacet

 facet normal 0.95035255 -0.0120242946 0.310943216
  outer loop
  vertex 0.0202139989 0.00302163069 0.0387784727
  vertex 0.0203626491 0.00302163069 0.0383241437
  vertex 0.0202178769 0.00365011743 0.0387909226
  endloop
 endfacet

 facet normal 0.952832758 -0.00587980915 0.303439289
  outer loop
  vertex 0.0202178769 0.00365011743 0.0387909226
  vertex 0.0203626491 0.00302163069 0.0383241437
  vertex 0.0203665271 0.00365011743 0.0383241437
  endloop
 endfacet

 facet normal 0.952844858 -0.00297738658 0.303443134
  outer loop
  vertex 0.0202178769 0.00365011743 0.0387909226
  vertex 0.0203665271 0.00365011743 0.0383241437
  vertex 0.0202178769 0.00428437022 0.0387971476
  endloop
 endfacet

 facet normal 0.96656096 0.200012892 0.160483152
  outer loop
  vertex 0.0203665271 0.0275383815 0.0270094499
  vertex 0.0202476066 0.0275787432 0.0276753865
  vertex 0.0203135293 0.0262814071 0.028895231
  endloop
 endfacet

 facet normal 0.992900968 0.0841902271 0.0840214118
  outer loop
  vertex 0.0203665271 0.0275383815 0.0270094499
  vertex 0.0203135293 0.0262814071 0.028895231
  vertex 0.0203665271 0.0244017113 0.0301524214
  endloop
 endfacet

 facet normal 0.886788607 0.338745803 0.314415634
  outer loop
  vertex 0.0200976618 0.0266273618 0.0292437598
  vertex 0.0201635864 0.0262410454 0.0294740368
  vertex 0.0201661717 0.0267715119 0.028895231
  endloop
 endfacet

 facet normal 0.856285572 0.364346564 0.366096318
  outer loop
  vertex 0.0200976618 0.0266273618 0.0292437598
  vertex 0.0200976618 0.0253703892 0.0304947253
  vertex 0.0201635864 0.0262410454 0.0294740368
  endloop
 endfacet

 facet normal 0.924969077 0.278108776 0.259013236
  outer loop
  vertex 0.0201661717 0.0267715119 0.028895231
  vertex 0.0201635864 0.0262410454 0.0294740368
  vertex 0.0203135293 0.0262814071 0.028895231
  endloop
 endfacet

 facet normal 0.928072155 0.279041737 0.246612415
  outer loop
  vertex 0.0201661717 0.0267715119 0.028895231
  vertex 0.0203135293 0.0262814071 0.028895231
  vertex 0.0202476066 0.0275787432 0.0276753865
  endloop
 endfacet

 facet normal 0.992835939 0.084496364 0.0844818652
  outer loop
  vertex 0.0203665271 0.0244017113 0.0301524214
  vertex 0.0203135293 0.0262814071 0.028895231
  vertex 0.0203135293 0.0250244327 0.0301524214
  endloop
 endfacet

 facet normal 0.992803335 0.0844935924 0.0848667473
  outer loop
  vertex 0.0203665271 0.0244017113 0.0301524214
  vertex 0.0203135293 0.0250244327 0.0301524214
  vertex 0.0203665271 0.023138972 0.0314096101
  endloop
 endfacet

 facet normal 0.991546929 0.0901147649 0.0933500305
  outer loop
  vertex 0.0203665271 0.023138972 0.0314096101
  vertex 0.0203135293 0.0250244327 0.0301524214
  vertex 0.0203639418 0.0225162525 0.0320382006
  endloop
 endfacet

 facet normal 0.99980402 0.0118530551 0.0158536918
  outer loop
  vertex 0.0203665271 0.023138972 0.0314096101
  vertex 0.0203639418 0.0225162525 0.0320382006
  vertex 0.0203665271 0.0206250269 0.033289168
  endloop
 endfacet

 facet normal 0.998820305 0.025013661 0.0416214168
  outer loop
  vertex 0.0203665271 0.0174768269 0.0351811722
  vertex 0.0203665271 0.0206250269 0.033289168
  vertex 0.0203613583 0.0187395643 0.0345463566
  endloop
 endfacet

 facet normal 0.977231264 0.0984825343 0.187936991
  outer loop
  vertex 0.0203665271 0.0174768269 0.0351811722
  vertex 0.0203613583 0.0187395643 0.0345463566
  vertex 0.0203031898 0.0181053132 0.0351811722
  endloop
 endfacet

 facet normal 0.973386705 0.0980950966 0.207112521
  outer loop
  vertex 0.0203665271 0.0174768269 0.0351811722
  vertex 0.0203031898 0.0181053132 0.0351811722
  vertex 0.0203613583 0.0162140876 0.0358035453
  endloop
 endfacet

 facet normal 0.992523611 0.0682759807 0.10116978
  outer loop
  vertex 0.0203665271 0.0206250269 0.033289168
  vertex 0.0203639418 0.0225162525 0.0320382006
  vertex 0.0203458462 0.0199850071 0.0339239873
  endloop
 endfacet

 facet normal 0.994236231 0.0575764887 0.0904384404
  outer loop
  vertex 0.0203665271 0.0206250269 0.033289168
  vertex 0.0203458462 0.0199850071 0.0339239873
  vertex 0.0203613583 0.0187395643 0.0345463566
  endloop
 endfacet

 facet normal 0.948254228 0.0844854936 0.306065589
  outer loop
  vertex 0.0203536022 0.0130716534 0.0370669551
  vertex 0.0202049501 0.0130716534 0.037527509
  vertex 0.0203187 0.0111861927 0.0376955494
  endloop
 endfacet

 facet normal 0.967944145 0.0631296858 0.243102357
  outer loop
  vertex 0.0203536022 0.0130716534 0.0370669551
  vertex 0.0203187 0.0111861927 0.0376955494
  vertex 0.0203600656 0.0105519406 0.0376955494
  endloop
 endfacet

 facet normal 0.996458292 0.0227511488 0.0809521526
  outer loop
  vertex 0.0203536022 0.0130716534 0.0370669551
  vertex 0.0203600656 0.0105519406 0.0376955494
  vertex 0.0203678217 0.012448932 0.0370669551
  endloop
 endfacet

 facet normal 0.992406785 0.0437663309 0.114949659
  outer loop
  vertex 0.0203536022 0.0130716534 0.0370669551
  vertex 0.0203613583 0.0162140876 0.0358035453
  vertex 0.0203432608 0.0149571132 0.0364383608
  endloop
 endfacet

 facet normal 0.946192503 0.107007168 0.305400193
  outer loop
  vertex 0.0203536022 0.0130716534 0.0370669551
  vertex 0.0203432608 0.0149571132 0.0364383608
  vertex 0.0202049501 0.0130716534 0.037527509
  endloop
 endfacet

 facet normal 0.998679161 0.0124365557 0.0498518236
  outer loop
  vertex 0.0203678217 0.012448932 0.0370669551
  vertex 0.0203600656 0.0105519406 0.0376955494
  vertex 0.0203678217 0.00992921926 0.0376955494
  endloop
 endfacet

 facet normal 0.962639809 0.110901706 0.247032985
  outer loop
  vertex 0.0203613583 0.0162140876 0.0358035453
  vertex 0.0203031898 0.0181053132 0.0351811722
  vertex 0.0203432608 0.0149571132 0.0364383608
  endloop
 endfacet

 facet normal 0.995586038 0.0123980362 0.0930304751
  outer loop
  vertex 0.0203678217 0.00992921926 0.0376955494
  vertex 0.0203600656 0.0105519406 0.0376955494
  vertex 0.0203561857 0.00614676671 0.0383241437
  endloop
 endfacet

 facet normal 0.99564898 0.0122880396 0.0923697576
  outer loop
  vertex 0.0203678217 0.00992921926 0.0376955494
  vertex 0.0203561857 0.00614676671 0.0383241437
  vertex 0.0203639418 0.00551827997 0.0383241437
  endloop
 endfacet

 facet normal 0.999369085 0.00414838549 0.0352756828
  outer loop
  vertex 0.0203678217 0.00992921926 0.0376955494
  vertex 0.0203639418 0.00551827997 0.0383241437
  vertex 0.0203665271 0.00489555951 0.0383241437
  endloop
 endfacet

 facet normal 0.994999349 -0.0243338421 0.0968723595
  outer loop
  vertex 0.0203665271 -0.00137201068 0.0376955494
  vertex 0.0203510169 -0.00200626324 0.0376955494
  vertex 0.0203665271 -0.00387442554 0.0370669551
  endloop
 endfacet

 facet normal 0.998767972 -0.00616326882 0.0492410734
  outer loop
  vertex 0.0203665271 -0.00137201068 0.0376955494
  vertex 0.0203665271 0.00365011743 0.0383241437
  vertex 0.0203626491 0.00302163069 0.0383241437
  endloop
 endfacet

 facet normal 0.988547742 -0.0205173232 0.149507314
  outer loop
  vertex 0.0203665271 -0.00137201068 0.0376955494
  vertex 0.0203626491 0.00302163069 0.0383241437
  vertex 0.0203497242 0.00239891 0.0383241437
  endloop
 endfacet

 facet normal 0.985004067 -0.0240893941 0.170841306
  outer loop
  vertex 0.0203665271 -0.00137201068 0.0376955494
  vertex 0.0203497242 0.00239891 0.0383241437
  vertex 0.0203510169 -0.00200626324 0.0376955494
  endloop
 endfacet

 facet normal 0.95399797 0 0.299813122
  outer loop
  vertex 0.0203665271 0.00365011743 0.0383241437
  vertex 0.0203665271 0.00489555951 0.0383241437
  vertex 0.0202178769 0.00428437022 0.0387971476
  endloop
 endfacet

 facet normal 0.990169644 -0.0439960025 0.132772654
  outer loop
  vertex 0.0203665271 -0.00387442554 0.0370669551
  vertex 0.0203380901 -0.00451444462 0.0370669551
  vertex 0.0203665271 -0.0057714181 0.0364383608
  endloop
 endfacet

 facet normal 0.9869892 -0.0438546911 0.154690072
  outer loop
  vertex 0.0203665271 -0.00387442554 0.0370669551
  vertex 0.0203510169 -0.00200626324 0.0376955494
  vertex 0.0203380901 -0.00451444462 0.0370669551
  endloop
 endfacet

 facet normal 0.981248558 -0.0679935142 0.180355906
  outer loop
  vertex 0.0203665271 -0.0057714181 0.0364383608
  vertex 0.0203380901 -0.00451444462 0.0370669551
  vertex 0.020322578 -0.00640567066 0.0364383608
  endloop
 endfacet

 facet normal 0.983370483 -0.0681405514 0.168343157
  outer loop
  vertex 0.0203665271 -0.0057714181 0.0364383608
  vertex 0.020322578 -0.00640567066 0.0364383608
  vertex 0.0203445535 -0.00765687786 0.0358035453
  endloop
 endfacet

 facet normal 0.992345154 -0.0496388339 0.113080844
  outer loop
  vertex 0.0203665271 -0.0057714181 0.0364383608
  vertex 0.0203445535 -0.00765687786 0.0358035453
  vertex 0.0203523096 -0.00891961809 0.0351811722
  endloop
 endfacet

 facet normal 0.948379755 -0.135497659 0.286733568
  outer loop
  vertex 0.0203523096 -0.00891961809 0.0351811722
  vertex 0.0203445535 -0.00765687786 0.0358035453
  vertex 0.0202036574 -0.00891961809 0.0356728472
  endloop
 endfacet

 facet normal 0.946010768 -0.152504772 0.286017358
  outer loop
  vertex 0.0203523096 -0.00891961809 0.0351811722
  vertex 0.0202036574 -0.00891961809 0.0356728472
  vertex 0.0203406774 -0.0101823565 0.0345463566
  endloop
 endfacet

 facet normal 0.945978105 -0.152572438 0.286089242
  outer loop
  vertex 0.0203406774 -0.0101823565 0.0345463566
  vertex 0.0202036574 -0.00891961809 0.0356728472
  vertex 0.0202359725 -0.00957116857 0.0352185145
  endloop
 endfacet

 facet normal 0.0332712308 0.482132614 0.875466287
  outer loop
  vertex 0.0200873204 0.018445503 0.0355048068
  vertex 0.0197564103 0.0187395643 0.0353554375
  vertex 0.0197564103 0.0184570346 0.0355110317
  endloop
 endfacet

 facet normal 0.758758664 0.279126793 0.588535011
  outer loop
  vertex 0.0200873204 0.018445503 0.0355048068
  vertex 0.0201390274 0.0168483388 0.0361956358
  vertex 0.0201545376 0.0181053132 0.0355794914
  endloop
 endfacet

 facet normal 0.821299255 0.272332728 0.501300812
  outer loop
  vertex 0.0200873204 0.018445503 0.0355048068
  vertex 0.0201545376 0.0181053132 0.0355794914
  vertex 0.0201597083 0.0192239042 0.0349633433
  endloop
 endfacet

 facet normal 0.756700397 0.324441433 0.567575812
  outer loop
  vertex 0.0200873204 0.018445503 0.0355048068
  vertex 0.0201597083 0.0192239042 0.0349633433
  vertex 0.0201403201 0.0204232186 0.0343036316
  endloop
 endfacet

 facet normal 0.143348575 0.510939956 0.847579896
  outer loop
  vertex 0.0200873204 0.018445503 0.0355048068
  vertex 0.0201403201 0.0204232186 0.0343036316
  vertex 0.0197551176 0.020469347 0.0343409739
  endloop
 endfacet

 facet normal 0.0601193234 0.505006671 0.861019135
  outer loop
  vertex 0.0200873204 0.018445503 0.0355048068
  vertex 0.0197551176 0.020469347 0.0343409739
  vertex 0.0197564103 0.0187395643 0.0353554375
  endloop
 endfacet

 facet normal 0.865270615 0.199770838 0.459780782
  outer loop
  vertex 0.020136442 0.0154414512 0.0368117839
  vertex 0.0202127062 0.0162140876 0.0363325588
  vertex 0.0201390274 0.0168483388 0.0361956358
  endloop
 endfacet

 facet normal 0.707443118 0.237172216 0.665787935
  outer loop
  vertex 0.020136442 0.0154414512 0.0368117839
  vertex 0.0200731028 0.014023032 0.0373843648
  vertex 0.020132564 0.0137059065 0.0374341533
  endloop
 endfacet

 facet normal 0.844163895 0.179285571 0.505216897
  outer loop
  vertex 0.020136442 0.0154414512 0.0368117839
  vertex 0.020132564 0.0137059065 0.0374341533
  vertex 0.0201946087 0.0149571132 0.0368864685
  endloop
 endfacet

 facet normal 0.891767204 0.171657056 0.418670744
  outer loop
  vertex 0.020136442 0.0154414512 0.0368117839
  vertex 0.0201946087 0.0149571132 0.0368864685
  vertex 0.0202127062 0.0162140876 0.0363325588
  endloop
 endfacet

 facet normal 0.888515651 0.193073481 0.416248292
  outer loop
  vertex 0.0201390274 0.0168483388 0.0361956358
  vertex 0.0202127062 0.0162140876 0.0363325588
  vertex 0.0201545376 0.0181053132 0.0355794914
  endloop
 endfacet

 facet normal 0.0188809279 0.262521058 0.964741468
  outer loop
  vertex 0.0194384251 0.0130716534 0.0376893245
  vertex 0.0194384251 0.0116993608 0.0380627476
  vertex 0.0197564103 0.0116993608 0.0380565226
  endloop
 endfacet

 facet normal 0.0188809279 0.262521058 0.964741468
  outer loop
  vertex 0.0194384251 0.0130716534 0.0376893245
  vertex 0.0197564103 0.0116993608 0.0380565226
  vertex 0.0197564103 0.0130716534 0.0376831032
  endloop
 endfacet

 facet normal 0.0881641135 0.26154542 0.96115613
  outer loop
  vertex 0.0197564103 0.0130716534 0.0376831032
  vertex 0.0197564103 0.0116993608 0.0380565226
  vertex 0.0201144665 0.0116244042 0.0380440764
  endloop
 endfacet

 facet normal 0.106645659 0.265386969 0.958225787
  outer loop
  vertex 0.0197564103 0.0130716534 0.0376831032
  vertex 0.0201144665 0.0116244042 0.0380440764
  vertex 0.0200731028 0.014023032 0.0373843648
  endloop
 endfacet

 facet normal 0.554552734 0.229554623 0.799859941
  outer loop
  vertex 0.0200731028 0.014023032 0.0373843648
  vertex 0.0201144665 0.0116244042 0.0380440764
  vertex 0.020132564 0.0137059065 0.0374341533
  endloop
 endfacet

 facet normal 0.00956550986 0.252361 0.967585921
  outer loop
  vertex 0.0194384251 0.0116993608 0.0380627476
  vertex 0.0191269014 0.0111861927 0.0381996706
  vertex 0.0197564103 0.0111861927 0.0381934457
  endloop
 endfacet

 facet normal 0.0189060736 0.257751703 0.966026247
  outer loop
  vertex 0.0194384251 0.0116993608 0.0380627476
  vertex 0.0197564103 0.0111861927 0.0381934457
  vertex 0.0197564103 0.0116993608 0.0380565226
  endloop
 endfacet

 facet normal 0.143814892 0.518748879 0.842743635
  outer loop
  vertex 0.0197551176 0.020469347 0.0343409739
  vertex 0.0201403201 0.0204232186 0.0343036316
  vertex 0.0200705174 0.0215648729 0.0336127989
  endloop
 endfacet

 facet normal 0.0835485682 0.53482312 0.840823352
  outer loop
  vertex 0.0197551176 0.020469347 0.0343409739
  vertex 0.0200705174 0.0215648729 0.0336127989
  vertex 0.0197551176 0.0207922384 0.0341355912
  endloop
 endfacet

 facet normal 0.0263432786 0.536513329 0.843480587
  outer loop
  vertex 0.0197551176 0.020469347 0.0343409739
  vertex 0.0197551176 0.0207922384 0.0341355912
  vertex 0.0194384251 0.0207980033 0.0341418125
  endloop
 endfacet

 facet normal 0.0264316928 0.552782297 0.832906485
  outer loop
  vertex 0.0194384251 0.0207980033 0.0341418125
  vertex 0.0197551176 0.0207922384 0.0341355912
  vertex 0.0200705174 0.0215648729 0.0336127989
  endloop
 endfacet

 facet normal 0.727880597 0.387023091 0.566041589
  outer loop
  vertex 0.0200705174 0.0215648729 0.0336127989
  vertex 0.0201403201 0.0204232186 0.0343036316
  vertex 0.020132564 0.0222856142 0.0330402181
  endloop
 endfacet

 facet normal 0.886964202 0.267017782 0.376823723
  outer loop
  vertex 0.020132564 0.0222856142 0.0330402181
  vertex 0.0202243403 0.022498956 0.0326730199
  vertex 0.020164879 0.0229775272 0.0324738622
  endloop
 endfacet

 facet normal 0.358622015 0.581183374 0.730490386
  outer loop
  vertex 0.020132564 0.0222856142 0.0330402181
  vertex 0.020164879 0.0229775272 0.0324738622
  vertex 0.0200911984 0.0247361381 0.0311108716
  endloop
 endfacet

 facet normal 0.892391443 0.255874962 0.371706218
  outer loop
  vertex 0.020132564 0.0222856142 0.0330402181
  vertex 0.0201403201 0.0204232186 0.0343036316
  vertex 0.0202243403 0.022498956 0.0326730199
  endloop
 endfacet

 facet normal 0.877957284 0.324109137 0.352341145
  outer loop
  vertex 0.0200911984 0.0247361381 0.0311108716
  vertex 0.0201597083 0.0244017113 0.0312477909
  vertex 0.0201584157 0.0249667745 0.0307312254
  endloop
 endfacet

 facet normal 0.867215514 0.34238255 0.361540437
  outer loop
  vertex 0.0200911984 0.0247361381 0.0311108716
  vertex 0.0201584157 0.0249667745 0.0307312254
  vertex 0.0200976618 0.0253703892 0.0304947253
  endloop
 endfacet

 facet normal 0.0611295514 0.695171237 0.716240287
  outer loop
  vertex 0.0200911984 0.0247361381 0.0311108716
  vertex 0.0200976618 0.0253703892 0.0304947253
  vertex 0.0197551176 0.0253876876 0.0305071715
  endloop
 endfacet

 facet normal 0.861083925 0.333527744 0.383788586
  outer loop
  vertex 0.0200911984 0.0247361381 0.0311108716
  vertex 0.020164879 0.0229775272 0.0324738622
  vertex 0.0201597083 0.0244017113 0.0312477909
  endloop
 endfacet

 facet normal 0.874190748 0.336640209 0.349948496
  outer loop
  vertex 0.0200976618 0.0253703892 0.0304947253
  vertex 0.0201584157 0.0249667745 0.0307312254
  vertex 0.0201635864 0.0256067924 0.0301026311
  endloop
 endfacet

 facet normal 0.861954212 0.356883198 0.360096127
  outer loop
  vertex 0.0200976618 0.0253703892 0.0304947253
  vertex 0.0201635864 0.0256067924 0.0301026311
  vertex 0.0201635864 0.0262410454 0.0294740368
  endloop
 endfacet

 facet normal 0.952844679 0.00308974041 0.303443074
  outer loop
  vertex 0.0202178769 0.00428437022 0.0387971476
  vertex 0.0203665271 0.00489555951 0.0383241437
  vertex 0.0202178769 0.00489555951 0.0387909226
  endloop
 endfacet

 facet normal 0.926000595 0.00384383276 0.377502441
  outer loop
  vertex 0.0202178769 0.00428437022 0.0387971476
  vertex 0.0202178769 0.00489555951 0.0387909226
  vertex 0.0202152915 0.00551827997 0.0387909226
  endloop
 endfacet

 facet normal 0.952841699 0.00395525061 0.30344215
  outer loop
  vertex 0.0202152915 0.00551827997 0.0387909226
  vertex 0.0202178769 0.00489555951 0.0387909226
  vertex 0.0203665271 0.00489555951 0.0383241437
  endloop
 endfacet

 facet normal 0.952841699 0.00395525061 0.30344215
  outer loop
  vertex 0.0202152915 0.00551827997 0.0387909226
  vertex 0.0203665271 0.00489555951 0.0383241437
  vertex 0.0203639418 0.00551827997 0.0383241437
  endloop
 endfacet

 facet normal 0.952783287 0.0117590018 0.303423524
  outer loop
  vertex 0.0202152915 0.00551827997 0.0387909226
  vertex 0.0203639418 0.00551827997 0.0383241437
  vertex 0.0203561857 0.00614676671 0.0383241437
  endloop
 endfacet

 facet normal 0.946636915 0.0263562053 0.321222484
  outer loop
  vertex 0.0202152915 0.00551827997 0.0387909226
  vertex 0.0203561857 0.00614676671 0.0383241437
  vertex 0.0202062428 0.00614676671 0.0387660265
  endloop
 endfacet

 facet normal 0.643434167 0.0395493731 0.764479101
  outer loop
  vertex 0.0202152915 0.00551827997 0.0387909226
  vertex 0.0202062428 0.00614676671 0.0387660265
  vertex 0.0201894399 0.00678101927 0.0387473553
  endloop
 endfacet

 facet normal 0.320860207 0.0392187461 0.946314216
  outer loop
  vertex 0.0202152915 0.00551827997 0.0387909226
  vertex 0.0201894399 0.00678101927 0.0387473553
  vertex 0.0197564103 0.00551827997 0.0389465131
  endloop
 endfacet

 facet normal 0.297957271 0.0481844172 0.953362346
  outer loop
  vertex 0.0197564103 0.00551827997 0.0389465131
  vertex 0.0201894399 0.00678101927 0.0387473553
  vertex 0.0201674644 0.00740950648 0.0387224592
  endloop
 endfacet

 facet normal 0.261782885 0.0572393164 0.963427961
  outer loop
  vertex 0.0197564103 0.00551827997 0.0389465131
  vertex 0.0201674644 0.00740950648 0.0387224592
  vertex 0.0197564103 0.00614676671 0.0389091745
  endloop
 endfacet

 facet normal 0.255947053 0.0593518429 0.964867175
  outer loop
  vertex 0.0197564103 0.00614676671 0.0389091745
  vertex 0.0201674644 0.00740950648 0.0387224592
  vertex 0.0201390274 0.00803799275 0.0386913419
  endloop
 endfacet

 facet normal 0.906721711 0.0616827831 0.417194098
  outer loop
  vertex 0.0201390274 0.00803799275 0.0386913419
  vertex 0.0201674644 0.00740950648 0.0387224592
  vertex 0.0202114135 0.0105519406 0.0381623283
  endloop
 endfacet

 facet normal 0.811055541 0.0980028734 0.576701343
  outer loop
  vertex 0.0201390274 0.00803799275 0.0386913419
  vertex 0.0202114135 0.0105519406 0.0381623283
  vertex 0.0201054178 0.00849926751 0.0386602245
  endloop
 endfacet

 facet normal 0.767068326 0.113550894 0.631436765
  outer loop
  vertex 0.0201054178 0.00849926751 0.0386602245
  vertex 0.0202114135 0.0105519406 0.0381623283
  vertex 0.0201687552 0.0111861927 0.0381000899
  endloop
 endfacet

 facet normal 0.472904652 0.16911912 0.864731193
  outer loop
  vertex 0.0201054178 0.00849926751 0.0386602245
  vertex 0.0201687552 0.0111861927 0.0381000899
  vertex 0.0201144665 0.0116244042 0.0380440764
  endloop
 endfacet

 facet normal 0.18637377 0.189525545 0.964025438
  outer loop
  vertex 0.0201054178 0.00849926751 0.0386602245
  vertex 0.0201144665 0.0116244042 0.0380440764
  vertex 0.0197564103 0.0105519406 0.0383241437
  endloop
 endfacet

 facet normal 0.159503102 0.199242696 0.966882169
  outer loop
  vertex 0.0197564103 0.0105519406 0.0383241437
  vertex 0.0201144665 0.0116244042 0.0380440764
  vertex 0.0197564103 0.0111861927 0.0381934457
  endloop
 endfacet

 facet normal 0.0191647075 0.201789543 0.979241371
  outer loop
  vertex 0.0197564103 0.0105519406 0.0383241437
  vertex 0.0197564103 0.0111861927 0.0381934457
  vertex 0.0194384251 0.0105519406 0.0383303687
  endloop
 endfacet

 facet normal 0.00967267156 0.20637235 0.978425741
  outer loop
  vertex 0.0194384251 0.0105519406 0.0383303687
  vertex 0.0197564103 0.0111861927 0.0381934457
  vertex 0.0191269014 0.0111861927 0.0381996706
  endloop
 endfacet

 facet normal 0.945108354 -0.136197269 0.297019422
  outer loop
  vertex 0.0202036574 -0.00891961809 0.0356728472
  vertex 0.0203445535 -0.00765687786 0.0358035453
  vertex 0.0201959033 -0.00765687786 0.0362765454
  endloop
 endfacet

 facet normal 0.932994604 -0.137473196 0.332599133
  outer loop
  vertex 0.0201959033 -0.00765687786 0.0362765454
  vertex 0.020322578 -0.00640567066 0.0364383608
  vertex 0.0201739278 -0.00640567066 0.0368553512
  endloop
 endfacet

 facet normal 0.945376575 -0.13413626 0.297103703
  outer loop
  vertex 0.0201959033 -0.00765687786 0.0362765454
  vertex 0.0203445535 -0.00765687786 0.0358035453
  vertex 0.020322578 -0.00640567066 0.0364383608
  endloop
 endfacet

 facet normal 0.934932351 -0.121735379 0.333289862
  outer loop
  vertex 0.0201739278 -0.00640567066 0.0368553512
  vertex 0.020322578 -0.00640567066 0.0364383608
  vertex 0.0201894399 -0.00451444462 0.0375026166
  endloop
 endfacet

 facet normal 0.821645856 -0.190590411 0.537190259
  outer loop
  vertex 0.0201739278 -0.00640567066 0.0368553512
  vertex 0.0201894399 -0.00451444462 0.0375026166
  vertex 0.0201312695 -0.00497571891 0.037427932
  endloop
 endfacet

 facet normal 0.834238231 -0.140570804 0.533185244
  outer loop
  vertex 0.0201441962 -0.00263474975 0.0380689725
  vertex 0.0201894399 -0.00451444462 0.0375026166
  vertex 0.0202023648 -0.00200626324 0.0381436571
  endloop
 endfacet

 facet normal 0.942829013 -0.0870791003 0.321700007
  outer loop
  vertex 0.0202023648 -0.00200626324 0.0381436571
  vertex 0.0201894399 -0.00451444462 0.0375026166
  vertex 0.0203380901 -0.00451444462 0.0370669551
  endloop
 endfacet

 facet normal 0.945823669 -0.0835077018 0.313757896
  outer loop
  vertex 0.0202023648 -0.00200626324 0.0381436571
  vertex 0.0203380901 -0.00451444462 0.0370669551
  vertex 0.0203510169 -0.00200626324 0.0376955494
  endloop
 endfacet

 facet normal 0.947972834 -0.0495560616 0.314470857
  outer loop
  vertex 0.0202023648 -0.00200626324 0.0381436571
  vertex 0.0203510169 -0.00200626324 0.0376955494
  vertex 0.0203070678 0.0011419364 0.0383241437
  endloop
 endfacet

 facet normal 0.940217018 -0.114339799 0.320808738
  outer loop
  vertex 0.0201894399 -0.00451444462 0.0375026166
  vertex 0.020322578 -0.00640567066 0.0364383608
  vertex 0.0203380901 -0.00451444462 0.0370669551
  endloop
 endfacet

 facet normal 0.965796113 -0.0377406254 0.256541669
  outer loop
  vertex 0.0203070678 0.0011419364 0.0383241437
  vertex 0.0203510169 -0.00200626324 0.0376955494
  vertex 0.0203316268 0.00177042326 0.0383241437
  endloop
 endfacet

 facet normal 0.979457021 -0.0282048415 0.199670807
  outer loop
  vertex 0.0203316268 0.00177042326 0.0383241437
  vertex 0.0203510169 -0.00200626324 0.0376955494
  vertex 0.0203497242 0.00239891 0.0383241437
  endloop
 endfacet

 facet normal 0.930432439 0.259151012 0.259106547
  outer loop
  vertex 0.0203135293 0.0262814071 0.028895231
  vertex 0.0201635864 0.0262410454 0.0294740368
  vertex 0.0203135293 0.0250244327 0.0301524214
  endloop
 endfacet

 facet normal 0.928379953 0.261603683 0.263958842
  outer loop
  vertex 0.0201635864 0.0262410454 0.0294740368
  vertex 0.0201635864 0.0256067924 0.0301026311
  vertex 0.0203135293 0.0250244327 0.0301524214
  endloop
 endfacet

 facet normal 0.927552879 0.261635303 0.266819537
  outer loop
  vertex 0.0203135293 0.0250244327 0.0301524214
  vertex 0.0201635864 0.0256067924 0.0301026311
  vertex 0.0203083605 0.0244017113 0.0307810139
  endloop
 endfacet

 facet normal 0.98880738 0.101847433 0.10902828
  outer loop
  vertex 0.0203135293 0.0250244327 0.0301524214
  vertex 0.0203083605 0.0244017113 0.0307810139
  vertex 0.0203639418 0.0225162525 0.0320382006
  endloop
 endfacet

 facet normal 0.989023209 0.0836643949 0.121791705
  outer loop
  vertex 0.0203639418 0.0225162525 0.0320382006
  vertex 0.0203406774 0.0218762346 0.032666795
  vertex 0.0203458462 0.0199850071 0.0339239873
  endloop
 endfacet

 facet normal 0.965823948 0.16290243 0.201611266
  outer loop
  vertex 0.0203639418 0.0225162525 0.0320382006
  vertex 0.0203083605 0.0244017113 0.0307810139
  vertex 0.0203406774 0.0218762346 0.032666795
  endloop
 endfacet

 facet normal 0.972788513 0.113151722 0.202186048
  outer loop
  vertex 0.0203613583 0.0187395643 0.0345463566
  vertex 0.0203458462 0.0199850071 0.0339239873
  vertex 0.0203031898 0.0181053132 0.0351811722
  endloop
 endfacet

 facet normal 0.947681129 0.162329644 0.274862945
  outer loop
  vertex 0.0203031898 0.0181053132 0.0351811722
  vertex 0.0203458462 0.0199850071 0.0339239873
  vertex 0.0202308018 0.0206250269 0.0339426547
  endloop
 endfacet

 facet normal 0.939233482 0.172783658 0.296624959
  outer loop
  vertex 0.0203031898 0.0181053132 0.0351811722
  vertex 0.0202308018 0.0206250269 0.0339426547
  vertex 0.0201971941 0.0199850071 0.0344218798
  endloop
 endfacet

 facet normal 0.934065521 0.177775964 0.309705317
  outer loop
  vertex 0.0203031898 0.0181053132 0.0351811722
  vertex 0.0201971941 0.0199850071 0.0344218798
  vertex 0.0201907307 0.0187395643 0.0351562798
  endloop
 endfacet

 facet normal 0.922088981 0.177003413 0.344124645
  outer loop
  vertex 0.0203031898 0.0181053132 0.0351811722
  vertex 0.0201907307 0.0187395643 0.0351562798
  vertex 0.0201545376 0.0181053132 0.0355794914
  endloop
 endfacet

 facet normal 0.923928201 0.165717021 0.344811082
  outer loop
  vertex 0.0203031898 0.0181053132 0.0351811722
  vertex 0.0201545376 0.0181053132 0.0355794914
  vertex 0.0202127062 0.0162140876 0.0363325588
  endloop
 endfacet

 facet normal 0.945838332 0.134599254 0.295419931
  outer loop
  vertex 0.0203031898 0.0181053132 0.0351811722
  vertex 0.0202127062 0.0162140876 0.0363325588
  vertex 0.0202876776 0.0168483388 0.0358035453
  endloop
 endfacet

 facet normal 0.961259961 0.112690166 0.251555532
  outer loop
  vertex 0.0203031898 0.0181053132 0.0351811722
  vertex 0.0202876776 0.0168483388 0.0358035453
  vertex 0.0203432608 0.0149571132 0.0364383608
  endloop
 endfacet

 facet normal 0.963102818 0.150811613 0.222909853
  outer loop
  vertex 0.0203458462 0.0199850071 0.0339239873
  vertex 0.0203406774 0.0218762346 0.032666795
  vertex 0.020294141 0.0212535132 0.033289168
  endloop
 endfacet

 facet normal 0.954117656 0.164200366 0.250395268
  outer loop
  vertex 0.0203458462 0.0199850071 0.0339239873
  vertex 0.020294141 0.0212535132 0.033289168
  vertex 0.0202308018 0.0206250269 0.0339426547
  endloop
 endfacet

 facet normal 0.943213403 0.11155571 0.312895983
  outer loop
  vertex 0.0202049501 0.0130716534 0.037527509
  vertex 0.0203432608 0.0149571132 0.0364383608
  vertex 0.0201946087 0.0149571132 0.0368864685
  endloop
 endfacet

 facet normal 0.858636737 0.169214457 0.483848661
  outer loop
  vertex 0.0202049501 0.0130716534 0.037527509
  vertex 0.0201946087 0.0149571132 0.0368864685
  vertex 0.020132564 0.0137059065 0.0374341533
  endloop
 endfacet

 facet normal 0.752483249 0.179166853 0.633773029
  outer loop
  vertex 0.0202049501 0.0130716534 0.037527509
  vertex 0.020132564 0.0137059065 0.0374341533
  vertex 0.0201144665 0.0116244042 0.0380440764
  endloop
 endfacet

 facet normal 0.763843656 0.174070269 0.621483982
  outer loop
  vertex 0.0202049501 0.0130716534 0.037527509
  vertex 0.0201144665 0.0116244042 0.0380440764
  vertex 0.0201687552 0.0111861927 0.0381000899
  endloop
 endfacet

 facet normal 0.91721195 0.0995421112 0.385763705
  outer loop
  vertex 0.0202049501 0.0130716534 0.037527509
  vertex 0.0201687552 0.0111861927 0.0381000899
  vertex 0.0202114135 0.0105519406 0.0381623283
  endloop
 endfacet

 facet normal 0.938925505 0.0863334015 0.333114654
  outer loop
  vertex 0.0202049501 0.0130716534 0.037527509
  vertex 0.0202114135 0.0105519406 0.0381623283
  vertex 0.0203187 0.0111861927 0.0376955494
  endloop
 endfacet

 facet normal 0.951013446 0.0620254502 0.302863717
  outer loop
  vertex 0.0203187 0.0111861927 0.0376955494
  vertex 0.0202114135 0.0105519406 0.0381623283
  vertex 0.0203600656 0.0105519406 0.0376955494
  endloop
 endfacet

 facet normal 0.951732159 0.0483812355 0.303092659
  outer loop
  vertex 0.0203600656 0.0105519406 0.0376955494
  vertex 0.0202114135 0.0105519406 0.0381623283
  vertex 0.0202876776 0.00803799275 0.0383241437
  endloop
 endfacet

 facet normal 0.957939565 0.0433478132 0.28367728
  outer loop
  vertex 0.0203600656 0.0105519406 0.0376955494
  vertex 0.0202876776 0.00803799275 0.0383241437
  vertex 0.0203161165 0.00740950648 0.0383241437
  endloop
 endfacet

 facet normal 0.97078371 0.0339398608 0.237543672
  outer loop
  vertex 0.0203600656 0.0105519406 0.0376955494
  vertex 0.0203161165 0.00740950648 0.0383241437
  vertex 0.0203380901 0.00678101927 0.0383241437
  endloop
 endfacet

 facet normal 0.979028583 0.0279333275 0.201798961
  outer loop
  vertex 0.0203600656 0.0105519406 0.0376955494
  vertex 0.0203380901 0.00678101927 0.0383241437
  vertex 0.0203561857 0.00614676671 0.0383241437
  endloop
 endfacet

 facet normal 0.941798449 0.124118179 0.312426567
  outer loop
  vertex 0.0203432608 0.0149571132 0.0364383608
  vertex 0.0202127062 0.0162140876 0.0363325588
  vertex 0.0201946087 0.0149571132 0.0368864685
  endloop
 endfacet

 facet normal 0.951612175 0.122559868 0.281803787
  outer loop
  vertex 0.0203432608 0.0149571132 0.0364383608
  vertex 0.0202876776 0.0168483388 0.0358035453
  vertex 0.0202127062 0.0162140876 0.0363325588
  endloop
 endfacet

 facet normal 0.946620524 0.0270086732 0.321216911
  outer loop
  vertex 0.0203561857 0.00614676671 0.0383241437
  vertex 0.0203380901 0.00678101927 0.0383241437
  vertex 0.0202062428 0.00614676671 0.0387660265
  endloop
 endfacet

 facet normal 0.890121579 0.21671091 0.400899112
  outer loop
  vertex 0.0201545376 0.0181053132 0.0355794914
  vertex 0.0201907307 0.0187395643 0.0351562798
  vertex 0.0201597083 0.0192239042 0.0349633433
  endloop
 endfacet

 facet normal 0.922792315 0.192142397 0.333969682
  outer loop
  vertex 0.0201597083 0.0192239042 0.0349633433
  vertex 0.0201907307 0.0187395643 0.0351562798
  vertex 0.0201971941 0.0199850071 0.0344218798
  endloop
 endfacet

 facet normal 0.904760122 0.216416448 0.366842002
  outer loop
  vertex 0.0201597083 0.0192239042 0.0349633433
  vertex 0.0201971941 0.0199850071 0.0344218798
  vertex 0.0201403201 0.0204232186 0.0343036316
  endloop
 endfacet

 facet normal 0.913273036 0.212336585 0.347628444
  outer loop
  vertex 0.0201403201 0.0204232186 0.0343036316
  vertex 0.0201971941 0.0199850071 0.0344218798
  vertex 0.0202308018 0.0206250269 0.0339426547
  endloop
 endfacet

 facet normal 0.896899104 0.2501688 0.364674658
  outer loop
  vertex 0.0201403201 0.0204232186 0.0343036316
  vertex 0.0202308018 0.0206250269 0.0339426547
  vertex 0.0202243403 0.022498956 0.0326730199
  endloop
 endfacet

 facet normal 0.0872211829 0.256815284 0.962516725
  outer loop
  vertex 0.0197564103 0.0116993608 0.0380565226
  vertex 0.0197564103 0.0111861927 0.0381934457
  vertex 0.0201144665 0.0116244042 0.0380440764
  endloop
 endfacet

 facet normal 0.958264709 0.176776156 0.224675402
  outer loop
  vertex 0.0202243403 0.022498956 0.0326730199
  vertex 0.0203406774 0.0218762346 0.032666795
  vertex 0.0202450212 0.0231620353 0.0320630968
  endloop
 endfacet

 facet normal 0.928846955 0.234691903 0.286641181
  outer loop
  vertex 0.0202243403 0.022498956 0.0326730199
  vertex 0.0202450212 0.0231620353 0.0320630968
  vertex 0.020164879 0.0229775272 0.0324738622
  endloop
 endfacet

 facet normal 0.944010198 0.187277481 0.271609843
  outer loop
  vertex 0.0202243403 0.022498956 0.0326730199
  vertex 0.0202308018 0.0206250269 0.0339426547
  vertex 0.020294141 0.0212535132 0.033289168
  endloop
 endfacet

 facet normal 0.952996731 0.175569564 0.246926069
  outer loop
  vertex 0.0202243403 0.022498956 0.0326730199
  vertex 0.020294141 0.0212535132 0.033289168
  vertex 0.0203406774 0.0218762346 0.032666795
  endloop
 endfacet

 facet normal 0.92011404 0.257437527 0.295154333
  outer loop
  vertex 0.020164879 0.0229775272 0.0324738622
  vertex 0.0202450212 0.0231620353 0.0320630968
  vertex 0.0201597083 0.0244017113 0.0312477909
  endloop
 endfacet

 facet normal 0.917657018 0.269258648 0.29224208
  outer loop
  vertex 0.0201597083 0.0244017113 0.0312477909
  vertex 0.0203083605 0.0244017113 0.0307810139
  vertex 0.0201584157 0.0249667745 0.0307312254
  endloop
 endfacet

 facet normal 0.921022594 0.256289601 0.29331392
  outer loop
  vertex 0.0201597083 0.0244017113 0.0312477909
  vertex 0.0202450212 0.0231620353 0.0320630968
  vertex 0.0203083605 0.0244017113 0.0307810139
  endloop
 endfacet

 facet normal 0.920970857 0.269206822 0.281674266
  outer loop
  vertex 0.0201584157 0.0249667745 0.0307312254
  vertex 0.0203083605 0.0244017113 0.0307810139
  vertex 0.0201635864 0.0256067924 0.0301026311
  endloop
 endfacet

 facet normal 0.943767846 0.0329953507 0.32895866
  outer loop
  vertex 0.0202062428 0.00614676671 0.0387660265
  vertex 0.0203380901 0.00678101927 0.0383241437
  vertex 0.0203161165 0.00740950648 0.0383241437
  endloop
 endfacet

 facet normal 0.942062557 0.0347782634 0.333629549
  outer loop
  vertex 0.0202062428 0.00614676671 0.0387660265
  vertex 0.0203161165 0.00740950648 0.0383241437
  vertex 0.0201894399 0.00678101927 0.0387473553
  endloop
 endfacet

 facet normal 0.938073158 0.0424488299 0.343826592
  outer loop
  vertex 0.0201894399 0.00678101927 0.0387473553
  vertex 0.0203161165 0.00740950648 0.0383241437
  vertex 0.0202876776 0.00803799275 0.0383241437
  endloop
 endfacet

 facet normal 0.933523297 0.0467211716 0.355459571
  outer loop
  vertex 0.0201894399 0.00678101927 0.0387473553
  vertex 0.0202876776 0.00803799275 0.0383241437
  vertex 0.0201674644 0.00740950648 0.0387224592
  endloop
 endfacet

 facet normal 0.930668712 0.0515477359 0.362213731
  outer loop
  vertex 0.0201674644 0.00740950648 0.0387224592
  vertex 0.0202876776 0.00803799275 0.0383241437
  vertex 0.0202114135 0.0105519406 0.0381623283
  endloop
 endfacet

 facet normal 0.961660624 0.171875507 0.21369952
  outer loop
  vertex 0.0203083605 0.0244017113 0.0307810139
  vertex 0.0202450212 0.0231620353 0.0320630968
  vertex 0.0203406774 0.0218762346 0.032666795
  endloop
 endfacet

endsolid AssimpScene
